camera,seq,status,capture_s,enqueue_s,finish_s,latency_ms
0,0,completed,88632.0348391,88632.0374243,88632.0406662,5.827100001624785
1,0,completed,88632.0349185,88632.0373635,88632.0429109,7.992400001967326
3,0,completed,88632.0348541,88632.0378237,88632.045105,10.250899998936802
2,0,completed,88632.0348394,88632.0379673,88632.0471389,12.299499998334795
2,1,completed,88632.0697413,88632.0728323,88632.0752299,5.488599999807775
0,1,completed,88632.069796,88632.0729554,88632.0774186,7.622600009199232
1,1,completed,88632.0698136,88632.0730386,88632.0798229,10.009300007368438
3,1,completed,88632.0697747,88632.0730644,88632.0818739,12.099200001102872
2,2,completed,88632.0977122,88632.1004069,88632.1027266,5.014399997889996
3,2,completed,88632.0976795,88632.1005103,88632.1050394,7.35990000248421
0,2,completed,88632.0976808,88632.1009159,88632.1073508,9.669999999459833
1,2,completed,88632.0977202,88632.1010876,88632.1094821,11.761899993871339
1,3,completed,88632.1320801,88632.1351892,88632.1373959,5.3158000082476065
2,3,completed,88632.1320992,88632.1351891,88632.1396851,7.5859000062337145
3,3,completed,88632.1320993,88632.1352073,88632.1418063,9.707000004709698
0,3,completed,88632.1320596,88632.1353411,88632.1439533,11.893699993379414
1,4,completed,88632.1752666,88632.1784565,88632.180878,5.611400003544986
3,4,completed,88632.175288,88632.1784561,88632.1832943,8.006300005945377
2,4,completed,88632.1753281,88632.1785127,88632.1854177,10.089600007631816
0,4,completed,88632.1752674,88632.1788043,88632.1873888,12.121399995521642
3,5,completed,88632.201891,88632.2049115,88632.2070593,5.168299991055392
0,5,completed,88632.2018962,88632.2049523,88632.2092434,7.347199993091635
1,5,completed,88632.2019613,88632.2050129,88632.2113967,9.435400002985261
2,5,completed,88632.2019169,88632.2051817,88632.2134113,11.49440000881441
3,6,completed,88632.2323822,88632.2348953,88632.2371974,4.8151999944821
2,6,completed,88632.2323683,88632.234952,88632.2402362,7.867899999837391
1,6,completed,88632.2323408,88632.2349559,88632.243362,11.021199999959208
0,6,completed,88632.2323531,88632.2350387,88632.2456232,13.270099996589124
3,7,completed,88632.2644408,88632.2673348,88632.2695725,5.131699988851324
0,7,completed,88632.2644626,88632.2673709,88632.2717114,7.24880000052508
1,7,completed,88632.2644861,88632.2676432,88632.2738537,9.367599996039644
2,7,completed,88632.2644421,88632.2677966,88632.2759283,11.486200004583225
1,8,completed,88632.3011209,88632.3035259,88632.305582,4.46110000484623
3,8,completed,88632.3012441,88632.303834,88632.3074667,6.222600000910461
2,8,completed,88632.3010564,88632.3039294,88632.3096921,8.635699996375479
0,8,completed,88632.3010806,88632.3040323,88632.3115785,10.4979000025196
0,9,completed,88632.3332242,88632.3358553,88632.3379173,4.693099996075034
2,9,completed,88632.333203,88632.3360692,88632.3399556,6.752599991159514
1,9,completed,88632.3332469,88632.3363094,88632.3420427,8.795799993094988
3,9,completed,88632.3332186,88632.3363468,88632.3441419,10.923299996647984
3,10,completed,88632.3683857,88632.3713327,88632.3735817,5.195999998250045
0,10,completed,88632.3681869,88632.3714256,88632.3759165,7.729599994490854
2,10,completed,88632.3680457,88632.3715681,88632.3780385,9.99279999814462
1,10,completed,88632.3683958,88632.3715599,88632.3803431,11.947299994062632
0,11,completed,88632.4022715,88632.4054517,88632.4082699,5.998399996315129
3,11,completed,88632.402279,88632.4054603,88632.4107456,8.466600003885105
2,11,completed,88632.4022981,88632.4058523,88632.4127205,10.422399995150045
1,11,completed,88632.4022715,88632.4058453,88632.4145543,12.282800002139993
3,12,completed,88632.4304248,88632.4327961,88632.4350689,4.644100001314655
2,12,completed,88632.4303752,88632.4328532,88632.4371991,6.823899995652027
1,12,completed,88632.4303808,88632.4329458,88632.4396615,9.28070000372827
0,12,completed,88632.4304117,88632.433023,88632.4418654,11.453700004494749
0,13,completed,88632.4715086,88632.4755185,88632.4779393,6.430699999327771
3,13,completed,88632.4714887,88632.4757372,88632.4807016,9.212899996782653
1,13,completed,88632.4714807,88632.4759221,88632.4827944,11.313700000755489
2,13,completed,88632.4715359,88632.4760321,88632.4847553,13.219400003436022
3,14,completed,88632.4977472,88632.5020132,88632.5045942,6.8469999969238415
1,14,completed,88632.4978048,88632.5020713,88632.5070143,9.209499999997206
2,14,completed,88632.4977471,88632.5022883,88632.5092127,11.465599993243814
0,14,completed,88632.497792,88632.5022825,88632.5116259,13.833900011377409
0,15,completed,88632.5374482,88632.5460206,88632.5489455,11.49730000179261
1,15,completed,88632.537493,88632.5462546,88632.5511108,13.617800010251813
3,15,completed,88632.5374632,88632.5465132,88632.5535626,16.099400003440678
2,15,completed,88632.5375327,88632.5466256,88632.5558591,18.326400007936172
2,16,completed,88632.5625445,88632.5652485,88632.5675652,5.020700002205558
0,16,completed,88632.5794368,88632.5825806,88632.585283,5.846199986990541
3,16,completed,88632.5794254,88632.5828974,88632.5878786,8.453199989162385
1,16,completed,88632.579451,88632.5830206,88632.5904052,10.954199999105185
3,17,completed,88632.6007115,88632.605828,88632.6089705,8.259000009275042
2,17,completed,88632.6007126,88632.6061536,88632.611328,10.615399995003827
0,17,completed,88632.6007873,88632.6062026,88632.613444,12.65669999702368
1,17,completed,88632.6007682,88632.6063863,88632.615918,15.149799990467727
1,18,completed,88632.6390074,88632.6462454,88632.6487599,9.752500001923181
3,18,completed,88632.6390054,88632.6462454,88632.6509655,11.960100004216656
0,18,completed,88632.6389741,88632.6472506,88632.6532212,14.247099999920465
2,18,completed,88632.6389473,88632.6472482,88632.6560965,17.149199993582442
3,19,completed,88632.678167,88632.6853742,88632.6880185,9.851499999058433
2,19,completed,88632.6783093,88632.6855143,88632.6900894,11.780100001487881
1,19,completed,88632.6781213,88632.6859224,88632.6922258,14.104499990935437
0,19,completed,88632.6781211,88632.6860753,88632.6947277,16.606599994702265
1,20,completed,88632.7094056,88632.7149197,88632.7175978,8.192199995392002
3,20,completed,88632.7093677,88632.7150478,88632.7198745,10.50680001208093
0,20,completed,88632.7093643,88632.7151121,88632.7219675,12.60319999710191
2,20,completed,88632.7093918,88632.7152642,88632.724027,14.63520000106655
3,21,completed,88632.7406226,88632.7442239,88632.7464318,5.809199996292591
1,21,completed,88632.7405672,88632.7444662,88632.7486182,8.050999997067265
0,21,completed,88632.7405921,88632.7445391,88632.7506288,10.036699997726828
2,21,completed,88632.7405669,88632.7446066,88632.752712,12.145100001362152
3,22,completed,88632.7724712,88632.7763373,88632.7785436,6.072399992262945
2,22,completed,88632.7724322,88632.7764818,88632.7806022,8.170000000973232
1,22,completed,88632.7724315,88632.7764762,88632.7828825,10.451000009197742
0,22,completed,88632.7724477,88632.7765131,88632.7850493,12.601599999470636
1,23,completed,88632.8041356,88632.8082196,88632.8105275,6.391899994923733
3,23,completed,88632.8040303,88632.808644,88632.8124734,8.443099999567494
2,23,completed,88632.8040305,88632.8087086,88632.8145047,10.47419999667909
0,23,completed,88632.8041244,88632.8088309,88632.8165269,12.40249999682419
1,24,completed,88632.8350838,88632.8378635,88632.8398148,4.730999993626028
3,24,completed,88632.8351273,88632.8379093,88632.841773,6.645699992077425
2,24,completed,88632.8350842,88632.8379658,88632.8436186,8.534399996278808
0,24,completed,88632.8351236,88632.8379762,88632.845366,10.24239999242127
2,25,completed,88632.8666046,88632.8697538,88632.8721362,5.531600007088855
3,25,completed,88632.8666751,88632.8698114,88632.8742016,7.52650000504218
0,25,completed,88632.8666095,88632.8698253,88632.8762561,9.646600010455586
1,25,completed,88632.866635,88632.8698713,88632.8782773,11.642299999948591
0,26,completed,88632.897407,88632.9004363,88632.9027545,5.347500002244487
1,26,completed,88632.8973912,88632.9006466,88632.9047353,7.344100013142452
2,26,completed,88632.8974397,88632.9009107,88632.9066923,9.252600008039735
3,26,completed,88632.8973919,88632.9012673,88632.9085837,11.191800003871322
2,27,completed,88632.9439781,88632.9468481,88632.9487954,4.817300010472536
3,27,completed,88632.9440257,88632.9468733,88632.9507751,6.7494000104488805
0,27,completed,88632.9440754,88632.9469203,88632.9527693,8.693900002981536
1,27,completed,88632.9440423,88632.9469201,88632.9547763,10.733999995863996
3,28,completed,88632.975228,88632.9783183,88632.9806167,5.3887000103713945
2,28,completed,88632.9751871,88632.9788113,88632.9827194,7.532299990998581
1,28,completed,88632.9751484,88632.9788274,88632.9846438,9.495399994193576
0,28,completed,88632.9751455,88632.9792546,88632.9867127,11.567200010176748
0,29,completed,88633.0063783,88633.0096899,88633.0118712,5.492900003446266
2,29,completed,88633.0063442,88633.0097658,88633.0138961,7.551900009275414
1,29,completed,88633.0063445,88633.0097849,88633.0159941,9.649600004195236
3,29,completed,88633.0064015,88633.0102238,88633.0178853,11.483800000860356
0,30,completed,88633.0375434,88633.0406611,88633.0428082,5.2647999982582405
3,30,completed,88633.0375504,88633.0409856,88633.0448198,7.269399997312576
1,30,completed,88633.0376022,88633.0412397,88633.0467046,9.102399999392219
2,30,completed,88633.0376269,88633.0412373,88633.0485691,10.942200009594671
3,31,completed,88633.06861,88633.0717272,88633.0737315,5.121499998494983
1,31,completed,88633.0685994,88633.0717649,88633.0757421,7.142700007534586
0,31,completed,88633.0685991,88633.0725215,88633.0777571,9.158000000752509
2,31,completed,88633.068646,88633.0724924,88633.0796248,10.978799997246824
3,32,completed,88633.0997525,88633.1009899,88633.1016556,1.903099997434765
1,32,completed,88633.0998044,88633.100993,88633.1022812,2.476800000295043
0,32,completed,88633.0997678,88633.1011212,88633.1029282,3.160399995977059
2,32,completed,88633.09971,88633.1011336,88633.1034212,3.7111999990884215
1,33,completed,88633.1321034,88633.1333373,88633.1340093,1.9059000042034313
0,33,completed,88633.1320655,88633.1334372,88633.1346759,2.6103999989572912
2,33,completed,88633.1320437,88633.1334045,88633.1351773,3.133600010187365
3,33,completed,88633.1321342,88633.1335026,88633.1356822,3.547999993315898
3,34,completed,88633.1786963,88633.1801969,88633.1808666,2.1702999947592616
2,34,completed,88633.1787096,88633.1801932,88633.1815213,2.8116999892517924
0,34,completed,88633.1787415,88633.1802698,88633.1823225,3.58099999721162
1,34,completed,88633.1787734,88633.180315,88633.1828753,4.101900005480275
0,35,completed,88633.209096,88633.210316,88633.2111662,2.070199989248067
1,35,completed,88633.2091244,88633.210381,88633.2116749,2.5504999939585105
3,35,completed,88633.2091383,88633.2104184,88633.2121536,3.0153000116115436
2,35,completed,88633.2096448,88633.2106191,88633.2126358,2.9910000012023374
3,36,completed,88633.2410289,88633.2429341,88633.2440715,3.042600001208484
0,36,completed,88633.241027,88633.2429623,88633.2449619,3.9348999998765066
2,36,completed,88633.2410728,88633.2432582,88633.2456942,4.621400003088638
1,36,completed,88633.241122,88633.2432341,88633.246245,5.1229999953648075
1,37,completed,88633.2726432,88633.274362,88633.2753965,2.7532999956747517
2,37,completed,88633.2726045,88633.2744721,88633.2762151,3.6106000043218955
3,37,completed,88633.2725804,88633.274499,88633.2769379,4.357500001788139
0,37,completed,88633.2725805,88633.2745964,88633.2778191,5.238600002485327
3,38,completed,88633.3032894,88633.3052919,88633.3063374,3.0479999986710027
0,38,completed,88633.3032886,88633.3054299,88633.3072326,3.94399999640882
2,38,completed,88633.3033334,88633.3054712,88633.3078868,4.553399994620122
1,38,completed,88633.3033242,88633.3054291,88633.3086439,5.3197000088403
1,39,completed,88633.3359329,88633.3379908,88633.3389513,3.0184000061126426
3,39,completed,88633.3358823,88633.3380384,88633.3397544,3.8721000018995255
2,39,completed,88633.3358393,88633.3379717,88633.3404901,4.650800008676015
0,39,completed,88633.3358422,88633.3380052,88633.3413562,5.514000004041009
0,40,completed,88633.3760826,88633.3777618,88633.3785679,2.4852999922586605
3,40,completed,88633.3760833,88633.377713,88633.3791487,3.0654000001959503
1,40,completed,88633.3761235,88633.3777952,88633.3797114,3.587900006095879
2,40,completed,88633.37614,88633.3777774,88633.3802827,4.142700010561384
3,41,completed,88633.3992427,88633.40089,88633.4016241,2.381400001468137
0,41,completed,88633.3992399,88633.4009869,88633.4023394,3.0994999979157
2,41,completed,88633.3993407,88633.4010416,88633.4028486,3.5079000081168488
1,41,completed,88633.3992967,88633.4010541,88633.4033538,4.057099999045022
0,42,completed,88633.4461027,88633.4472207,88633.4481812,2.078499994240701
1,42,completed,88633.4460888,88633.4472595,88633.4487718,2.6829999987967312
3,42,completed,88633.4460967,88633.4478699,88633.4492963,3.1995999888749793
2,42,completed,88633.4460914,88633.4479992,88633.4498004,3.7090000114403665
2,43,completed,88633.4775195,88633.4789043,88633.4798286,2.309100003913045
3,43,completed,88633.4774842,88633.4788847,88633.4803824,2.8981999930692837
0,43,completed,88633.4774847,88633.479381,88633.4809985,3.513800009386614
1,43,completed,88633.4775955,88633.4794245,88633.4816343,4.038800005218945
3,44,completed,88633.5082626,88633.5097196,88633.5108305,2.5679000100353733
0,44,completed,88633.5083248,88633.5098048,88633.5116384,3.313599998364225
2,44,completed,88633.5082635,88633.50982,88633.5124159,4.152399997110479
1,44,completed,88633.5082995,88633.5098709,88633.5131915,4.891999997198582
2,45,completed,88633.5391707,88633.5402802,88633.541516,2.3453000030713156
3,45,completed,88633.5392409,88633.5405244,88633.5422359,2.9949999880045652
0,45,completed,88633.5392651,88633.5405685,88633.5428998,3.634699998656288
1,45,completed,88633.5391866,88633.5407355,88633.5435233,4.336700003477745
0,46,completed,88633.5709978,88633.5728146,88633.5736252,2.6274000119883567
1,46,completed,88633.571035,88633.572808,88633.5745004,3.4654000046430156
2,46,completed,88633.571074,88633.5728398,88633.5752831,4.209099992294796
3,46,completed,88633.5709974,88633.5728,88633.576011,5.013599991798401
0,47,completed,88633.602032,88633.6035558,88633.604422,2.390000008745119
1,47,completed,88633.6020109,88633.6035832,88633.6051996,3.188700007740408
3,47,completed,88633.6020719,88633.603596,88633.6058455,3.7736000085715204
2,47,completed,88633.6021185,88633.6036314,88633.6064708,4.3523000058485195
3,48,completed,88633.6341547,88633.6355706,88633.6364591,2.3043999972287565
2,48,completed,88633.6341706,88633.6356171,88633.6371675,2.9969000024721026
0,48,completed,88633.6342311,88633.6356235,88633.6378408,3.6096999974688515
1,48,completed,88633.6341734,88633.6356558,88633.638511,4.337599995778874
2,49,completed,88633.665182,88633.6666992,88633.6676373,2.455299996654503
1,49,completed,88633.6651538,88633.6666798,88633.668386,3.2322000042768195
3,49,completed,88633.6651544,88633.6668343,88633.6691148,3.9603999903192744
0,49,completed,88633.6652134,88633.6668638,88633.6699853,4.771899999468587
3,50,completed,88633.6971787,88633.6983417,88633.6990808,1.902100004372187
1,50,completed,88633.6970641,88633.6983528,88633.6998039,2.739800009294413
2,50,completed,88633.6971178,88633.6983176,88633.7004942,3.3764000108931214
0,50,completed,88633.6971509,88633.698466,88633.7011261,3.9752000011503696
2,51,completed,88633.7433348,88633.7446069,88633.7454445,2.1096999989822507
3,51,completed,88633.743346,88633.7446459,88633.7461203,2.774299995508045
0,51,completed,88633.7433639,88633.7446535,88633.7466789,3.3150000090245157
1,51,completed,88633.7434118,88633.7446831,88633.7472931,3.8812999991932884
0,52,completed,88633.7660606,88633.7672103,88633.768087,2.026400004979223
2,52,completed,88633.7660391,88633.7673484,88633.7687538,2.7147000073455274
3,52,completed,88633.7660882,88633.7674039,88633.7694121,3.3238999894820154
1,52,completed,88633.7661417,88633.7674352,88633.7702808,4.139099997701123
2,53,completed,88633.796994,88633.798699,88633.7995629,2.5689000030979514
0,53,completed,88633.7970762,88633.7986767,88633.8003588,3.282599995145574
3,53,completed,88633.7969554,88633.7986631,88633.8010467,4.091299997526221
1,53,completed,88633.7970291,88633.7987298,88633.8018227,4.793600004632026
1,54,completed,88633.8462621,88633.8479629,88633.8486958,2.4336999922525138
2,54,completed,88633.846244,88633.8479112,88633.8494055,3.1615000043530017
3,54,completed,88633.8463375,88633.847959,88633.850168,3.8305000052787364
0,54,completed,88633.8462438,88633.8479615,88633.8509094,4.665600004955195
1,55,completed,88633.877045,88633.8784785,88633.8793082,2.2632000036537647
3,55,completed,88633.876981,88633.8785881,88633.8800185,3.0375000060303137
0,55,completed,88633.8769895,88633.878629,88633.8806809,3.691399993840605
2,55,completed,88633.876982,88633.8786154,88633.8813524,4.370399998151697
3,56,completed,88633.9091206,88633.9108192,88633.9116834,2.5628000003052875
0,56,completed,88633.9091678,88633.9108669,88633.9125488,3.381000002264045
2,56,completed,88633.9091214,88633.9108501,88633.9134143,4.292900004656985
1,56,completed,88633.9092408,88633.9109229,88633.9142257,4.984900006093085
2,57,completed,88633.9405684,88633.9420911,88633.9430932,2.524800001992844
1,57,completed,88633.9405936,88633.9421736,88633.9439026,3.309000006993301
3,57,completed,88633.9406735,88633.9422131,88633.9446767,4.003200010629371
0,57,completed,88633.9405891,88633.9422911,88633.9454339,4.84479998704046
1,58,completed,88633.9746226,88633.9762517,88633.9771924,2.56979999539908
2,58,completed,88633.9746231,88633.9762161,88633.9781011,3.4779999987222254
3,58,completed,88633.974638,88633.9762151,88633.979053,4.415000003064051
0,58,completed,88633.9746586,88633.9763323,88633.9801457,5.48710000293795
0,59,completed,88634.0054529,88634.0070924,88634.008394,2.941099999588914
1,59,completed,88634.0054598,88634.0073165,88634.0095841,4.124300001421943
3,59,completed,88634.0054642,88634.0073322,88634.0105781,5.113899998832494
2,59,completed,88634.0054908,88634.007363,88634.011575,6.084199994802475
0,60,completed,88634.0364768,88634.038003,88634.0390993,2.6225000037811697
1,60,completed,88634.0364978,88634.0379621,88634.0406035,4.105700005311519
2,60,completed,88634.0364577,88634.0380943,88634.0416307,5.17299999773968
3,60,completed,88634.0365255,88634.0381359,88634.0424682,5.94269999419339
3,61,completed,88634.067009,88634.0683931,88634.0693741,2.365099993767217
0,61,completed,88634.066971,88634.0685379,88634.0703396,3.368600009707734
1,61,completed,88634.0670242,88634.068593,88634.0711886,4.164400001172908
2,61,completed,88634.0670811,88634.0686393,88634.0720267,4.9455999978818
3,62,completed,88634.1001292,88634.1015782,88634.1024422,2.3130000045057386
1,62,completed,88634.1001791,88634.1016535,88634.1031965,3.017399998498149
2,62,completed,88634.100128,88634.1017124,88634.1039804,3.8523999974131584
0,62,completed,88634.1002115,88634.1017893,88634.1047709,4.5593999966513366
3,63,completed,88634.1413913,88634.142944,88634.1437728,2.3815000022295862
2,63,completed,88634.1413867,88634.1429158,88634.1445157,3.129000004264526
1,63,completed,88634.1413566,88634.1429143,88634.1452278,3.8712000095983967
0,63,completed,88634.1413549,88634.1431077,88634.1460958,4.7408999962499365
0,64,completed,88634.1728571,88634.1743743,88634.175219,2.3618999985046685
3,64,completed,88634.1728269,88634.1743417,88634.1760484,3.2214999955613166
1,64,completed,88634.1729014,88634.1744368,88634.1768942,3.992800004198216
2,64,completed,88634.1728478,88634.1744265,88634.1777757,4.927899994072504
3,65,completed,88634.2125496,88634.2137146,88634.2146121,2.0625000033760443
0,65,completed,88634.2125731,88634.2137673,88634.2153975,2.824399998644367
1,65,completed,88634.2126356,88634.2137978,88634.2161834,3.5478000063449144
2,65,completed,88634.212608,88634.2139291,88634.216843,4.235000000335276
3,66,completed,88634.2445564,88634.2459691,88634.2469423,2.3859000066295266
0,66,completed,88634.2445332,88634.2460061,88634.2476662,3.132999991066754
2,66,completed,88634.2445955,88634.2460343,88634.2483005,3.7049999955343083
1,66,completed,88634.2446094,88634.2460475,88634.2489462,4.336799989687279
1,67,completed,88634.2760571,88634.2774786,88634.2784206,2.363500010687858
3,67,completed,88634.2761113,88634.2775675,88634.279305,3.1937000021571293
0,67,completed,88634.2761326,88634.2776029,88634.2800492,3.916599991498515
2,67,completed,88634.276021,88634.2775882,88634.2807636,4.742600009194575
1,68,completed,88634.2998975,88634.3010976,88634.301971,2.07349999982398
0,68,completed,88634.2999456,88634.3011973,88634.3027108,2.7651999989757314
2,68,completed,88634.2998963,88634.3012356,88634.3032689,3.372599996509962
3,68,completed,88634.2999075,88634.3012429,88634.303899,3.9915000088512897
0,69,completed,88634.3319741,88634.3333495,88634.3342225,2.2483999928226694
3,69,completed,88634.3320563,88634.3334388,88634.3348907,2.8344000020297244
2,69,completed,88634.3320315,88634.3334322,88634.3355946,3.563099991879426
1,69,completed,88634.3320085,88634.3334427,88634.3362804,4.271900004823692
2,70,completed,88634.3723371,88634.3733656,88634.3742519,1.9147999992128462
0,70,completed,88634.3723683,88634.3734741,88634.3749208,2.552499994635582
3,70,completed,88634.3723988,88634.3736885,88634.3755505,3.151700002490543
1,70,completed,88634.3724119,88634.3736869,88634.376177,3.7651000020559877
1,71,completed,88634.4064775,88634.4074919,88634.4083699,1.8924000032711774
0,71,completed,88634.4065156,88634.4075831,88634.409034,2.518399996915832
2,71,completed,88634.4065748,88634.4077779,88634.4096432,3.0683999939356
3,71,completed,88634.4065654,88634.4077748,88634.4102361,3.6706999962916598
2,72,completed,88634.4376077,88634.4388377,88634.4396061,1.9983999955002218
0,72,completed,88634.4376541,88634.438904,88634.4402204,2.566300012404099
1,72,completed,88634.437734,88634.4389476,88634.4408079,3.0738999921595678
3,72,completed,88634.4377126,88634.4389465,88634.4414623,3.7497000012081116
1,73,completed,88634.469033,88634.4702936,88634.4710972,2.064200001768768
3,73,completed,88634.469033,88634.4703081,88634.4717467,2.713699999731034
2,73,completed,88634.4694051,88634.4704955,88634.47231,2.9049000004306436
0,73,completed,88634.4694397,88634.4704995,88634.4728625,3.422800000407733
3,74,completed,88634.5011978,88634.5024224,88634.503208,2.0101999980397522
2,74,completed,88634.5012334,88634.5024636,88634.5039201,2.6866999978665262
0,74,completed,88634.5011882,88634.5025836,88634.504583,3.394800005480647
1,74,completed,88634.5011453,88634.502546,88634.5052212,4.075899996678345
0,75,completed,88634.5324768,88634.534011,88634.5349766,2.4998000008054078
2,75,completed,88634.5325992,88634.5341479,88634.5356746,3.075400003581308
1,75,completed,88634.5325505,88634.5343003,88634.5362445,3.694000013638288
3,75,completed,88634.5325344,88634.5343111,88634.5368469,4.312499993829988
1,76,completed,88634.5642229,88634.565417,88634.5662219,1.9990000000689179
0,76,completed,88634.5641359,88634.5654811,88634.5668731,2.7372000040486455
3,76,completed,88634.5642701,88634.565515,88634.5673278,3.0576999997720122
2,76,completed,88634.5643118,88634.5656358,88634.5679239,3.6121000011917204
2,77,completed,88634.5991296,88634.6008149,88634.6015949,2.4653000000398606
3,77,completed,88634.5995044,88634.6008586,88634.6021439,2.63950000226032
1,77,completed,88634.5991127,88634.6008112,88634.6028169,3.704200003994629
0,77,completed,88634.5995584,88634.6008711,88634.6034389,3.8804999931016937
2,78,completed,88634.6310552,88634.632668,88634.633515,2.4597999872639775
1,78,completed,88634.6312156,88634.6327203,88634.6342327,3.017099996213801
0,78,completed,88634.6310979,88634.6328475,88634.6350381,3.940199996577576
3,78,completed,88634.6311182,88634.632848,88634.6355312,4.4129999878350645
2,79,completed,88634.677826,88634.6793627,88634.6804209,2.594899997347966
1,79,completed,88634.6778985,88634.6794435,88634.6812712,3.372699997271411
3,79,completed,88634.6777997,88634.6794612,88634.6818095,4.009800002677366
0,79,completed,88634.6778492,88634.6795395,88634.6824883,4.6390999923460186
3,80,completed,88634.7037029,88634.704865,88634.7056205,1.9175999914295971
2,80,completed,88634.7037392,88634.7049486,88634.7061744,2.4351999891223386
0,80,completed,88634.7036907,88634.7050415,88634.7068846,3.193900003680028
1,80,completed,88634.703782,88634.7051213,88634.7075951,3.8131000037537888
1,81,completed,88634.7349103,88634.7361846,88634.7371474,2.2370999940903857
3,81,completed,88634.7349727,88634.7363265,88634.7377358,2.7630999975372106
2,81,completed,88634.7349366,88634.7363041,88634.7382171,3.2805000082589686
0,81,completed,88634.7349306,88634.7364731,88634.7388804,3.949799996917136
1,82,completed,88634.7695796,88634.7712795,88634.7720338,2.4542000028304756
3,82,completed,88634.7695299,88634.7712374,88634.7725805,3.050599989364855
2,82,completed,88634.7694986,88634.7712414,88634.7730615,3.5629000049084425
0,82,completed,88634.7695452,88634.771304,88634.7736851,4.139899989240803
1,83,completed,88634.8009488,88634.802207,88634.8031816,2.23280000500381
2,83,completed,88634.80097,88634.8025874,88634.8036636,2.693600006750785
0,83,completed,88634.8011764,88634.8026804,88634.804277,3.100600006291643
3,83,completed,88634.8013868,88634.802715,88634.8047136,3.326799997012131
1,84,completed,88634.8329411,88634.8337662,88634.8346514,1.7102999991038814
2,84,completed,88634.8329266,88634.8340584,88634.8351272,2.2006000071996823
3,84,completed,88634.8330164,88634.8340909,88634.8355932,2.576799990492873
0,84,completed,88634.833004,88634.8342041,88634.8362137,3.209699993021786
3,85,completed,88634.8644614,88634.8659662,88634.8666776,2.216200009570457
1,85,completed,88634.8645256,88634.8660083,88634.8674188,2.8931999986525625
0,85,completed,88634.8644336,88634.8660836,88634.8680672,3.6336000048322603
2,85,completed,88634.8644273,88634.8661403,88634.8685965,4.169200008618645
3,86,completed,88634.9032277,88634.9042339,88634.9050161,1.7884000117192045
0,86,completed,88634.9032223,88634.9043423,88634.9057148,2.492500003427267
1,86,completed,88634.9036555,88634.9046235,88634.9063354,2.679899989743717
2,86,completed,88634.9036021,88634.9047003,88634.9067924,3.190299990819767
2,87,completed,88634.9352535,88634.936378,88634.9374613,2.2077999892644584
1,87,completed,88634.9356129,88634.9369899,88634.9381483,2.5354000099468976
0,87,completed,88634.9356586,88634.9370424,88634.9387865,3.1278999958885834
3,87,completed,88634.9356948,88634.937044,88634.9392584,3.5635999956866726
3,88,completed,88634.9661555,88634.9676653,88634.9685065,2.350999988266267
0,88,completed,88634.9662329,88634.9678984,88634.9692198,2.986899999086745
1,88,completed,88634.9665849,88634.967943,88634.9698422,3.25729999167379
2,88,completed,88634.9665872,88634.9680485,88634.9702867,3.6994999973103404
1,89,completed,88634.9978065,88634.9992082,88634.9999567,2.1502000017790124
2,89,completed,88634.9978653,88634.9992542,88635.0005033,2.638000005390495
0,89,completed,88634.997801,88634.9992604,88635.0011406,3.3395999926142395
3,89,completed,88635.0133017,88635.0138267,88635.0148549,1.5531999961240217
2,90,completed,88635.0455368,88635.0469067,88635.0475152,1.978400003281422
0,90,completed,88635.0455676,88635.0469084,88635.048196,2.628400005050935
1,90,completed,88635.0455769,88635.0469096,88635.0487654,3.1885000062175095
3,90,completed,88635.0456941,88635.0469615,88635.049695,4.000899993116036
0,91,completed,88635.0765275,88635.0784202,88635.0792916,2.764100005151704
3,91,completed,88635.0764652,88635.078493,88635.0798318,3.3665999944787472
1,91,completed,88635.0766326,88635.0785881,88635.0804898,3.857200004858896
2,91,completed,88635.0765585,88635.0784816,88635.0809514,4.392899994854815
3,92,completed,88635.0970882,88635.0984251,88635.0990134,1.925200005644001
2,92,completed,88635.0970614,88635.0983718,88635.0995103,2.4489000061294064
1,92,completed,88635.0971148,88635.0984728,88635.1001054,2.99059999815654
0,92,completed,88635.0971627,88635.0985075,88635.1007205,3.557800009730272
2,93,completed,88635.1335281,88635.1353598,88635.1360673,2.5391999952262267
0,93,completed,88635.1336638,88635.135478,88635.1367661,3.102299990132451
3,93,completed,88635.1335433,88635.135512,88635.1372312,3.6878999962937087
1,93,completed,88635.1335274,88635.1355051,88635.1378326,4.305199996451847
3,94,completed,88635.1719038,88635.1724175,88635.1740501,2.1463000011863187
1,94,completed,88635.1724936,88635.173816,88635.1750169,2.523300005123019
2,94,completed,88635.1725073,88635.1738392,88635.1755677,3.060400005779229
0,94,completed,88635.1726136,88635.1739486,88635.1762037,3.5900999937439337
0,95,completed,88635.2033838,88635.2047008,88635.2056035,2.219699992565438
1,95,completed,88635.2034751,88635.2048867,88635.2063252,2.8500999906100333
3,95,completed,88635.2034458,88635.204883,88635.2068026,3.3568000071682036
2,95,completed,88635.203508,88635.2049227,88635.2072682,3.7601999938488007
2,96,completed,88635.2373496,88635.2384095,88635.2394,2.050400013104081
0,96,completed,88635.2373607,88635.2385686,88635.2399241,2.5633999903220683
3,96,completed,88635.2374308,88635.2386978,88635.2404516,3.020799995283596
1,96,completed,88635.2373706,88635.2387882,88635.2412674,3.8967999862506986
2,97,completed,88635.2790243,88635.2802047,88635.2811285,2.104200000758283
3,97,completed,88635.2789125,88635.280254,88635.28168,2.767500001937151
0,97,completed,88635.2789764,88635.2802324,88635.2821657,3.189299997757189
1,97,completed,88635.2789426,88635.2804369,88635.2827781,3.8354999996954575
3,98,completed,88635.310959,88635.3122675,88635.3129621,2.0031000021845102
0,98,completed,88635.3109801,88635.312397,88635.3135006,2.520499998354353
1,98,completed,88635.3110643,88635.3124047,88635.314118,3.053699998417869
2,98,completed,88635.311023,88635.312384,88635.3147951,3.7720999971497804
3,99,completed,88635.341719,88635.3435373,88635.344434,2.71499999507796
1,99,completed,88635.3418017,88635.3435706,88635.3453205,3.518800003803335
2,99,completed,88635.3417692,88635.3435356,88635.3460587,4.289500007871538
0,99,completed,88635.3419419,88635.3436434,88635.3468747,4.932800002279691
0,100,completed,88635.3737384,88635.3753304,88635.3761566,2.4182000051951036
1,100,completed,88635.373765,88635.3753141,88635.3772979,3.532900009304285
3,100,completed,88635.3737446,88635.3752643,88635.3778577,4.113100003451109
2,100,completed,88635.3738229,88635.3756941,88635.3785793,4.756399997859262
2,101,completed,88635.4080348,88635.4091962,88635.4100312,1.9963999948231503
3,101,completed,88635.4079996,88635.4092368,88635.4106646,2.665000007255003
1,101,completed,88635.4079997,88635.4092368,88635.4113336,3.333900007419288
0,101,completed,88635.4080855,88635.4094649,88635.411819,3.733499994268641
2,102,completed,88635.4337819,88635.4350547,88635.435824,2.042099993559532
0,102,completed,88635.4337411,88635.4350414,88635.4363566,2.6154999941354617
1,102,completed,88635.4337578,88635.4350429,88635.4369737,3.2158999965758994
3,102,completed,88635.4338189,88635.4351048,88635.4375737,3.754799996386282
2,103,completed,88635.4658047,88635.4670002,88635.467903,2.0982999994885176
3,103,completed,88635.4658401,88635.4670721,88635.4686028,2.7626999944914132
1,103,completed,88635.4659143,88635.4672014,88635.469207,3.292699999292381
0,103,completed,88635.4659394,88635.4673485,88635.4696873,3.747900002053939
0,104,completed,88635.4977021,88635.499486,88635.5002401,2.53800000064075
1,104,completed,88635.4977489,88635.4995997,88635.5007649,3.0160000023897737
3,104,completed,88635.4977297,88635.4995955,88635.5013535,3.6238000029698014
2,104,completed,88635.4978433,88635.499569,88635.5018014,3.958099987357855
1,105,completed,88635.5453713,88635.5468703,88635.5478604,2.489099992089905
0,105,completed,88635.545836,88635.5475004,88635.5483342,2.4981999886222184
3,105,completed,88635.5457431,88635.5475922,88635.548922,3.1789000058779493
2,105,completed,88635.5457789,88635.5475956,88635.5498832,4.104299994651228
3,106,completed,88635.5766556,88635.5779255,88635.5787706,2.11499999568332
0,106,completed,88635.5767306,88635.5779915,88635.5793651,2.6344999932916835
2,106,completed,88635.5766186,88635.5779621,88635.5799364,3.3178000012412667
1,106,completed,88635.5766785,88635.578076,88635.5805085,3.8300000014714897
0,107,completed,88635.6092182,88635.6104692,88635.6111826,1.9643999985419214
3,107,completed,88635.6093291,88635.6106607,88635.611834,2.5048999959835783
2,107,completed,88635.6093948,88635.6107314,88635.6123598,2.964999992400408
1,107,completed,88635.6094503,88635.610788,88635.612814,3.3636999869486317
1,108,completed,88635.6425862,88635.6443144,88635.6449356,2.3493999906349927
2,108,completed,88635.6425388,88635.6443361,88635.6454794,2.9405999957816675
0,108,completed,88635.6426875,88635.6443966,88635.6460343,3.346800003782846
3,108,completed,88635.6426572,88635.6444247,88635.6467391,4.081899998709559
3,109,completed,88635.6732726,88635.6744972,88635.6754887,2.2160999942570925
1,109,completed,88635.6734297,88635.6748069,88635.6760396,2.60990000970196
0,109,completed,88635.673331,88635.6748622,88635.6765182,3.187199996318668
2,109,completed,88635.6733407,88635.6748572,88635.6770334,3.6927000037394464
3,110,completed,88635.7046384,88635.7065451,88635.7073032,2.664800005732104
1,110,completed,88635.7046095,88635.7065337,88635.7078197,3.210199996829033
2,110,completed,88635.7045804,88635.7065963,88635.7083539,3.773500007810071
0,110,completed,88635.7046553,88635.7066872,88635.708879,4.223700001602992
0,111,completed,88635.7363193,88635.7377544,88635.7383262,2.0068999874638394
3,111,completed,88635.7363124,88635.7377519,88635.7389872,2.6748000091174617
2,111,completed,88635.7363586,88635.7378041,88635.739441,3.0823999986751005
1,111,completed,88635.7363921,88635.7378532,88635.7398921,3.499999991618097
1,112,completed,88635.7726906,88635.7738332,88635.7750406,2.3499999952036887
0,112,completed,88635.7728752,88635.7745614,88635.7755408,2.6655999972717836
3,112,completed,88635.773166,88635.7746346,88635.7761759,3.00989999959711
2,112,completed,88635.7732035,88635.7746786,88635.7767344,3.5309000086272135
2,113,completed,88635.8038098,88635.8057275,88635.8066595,2.849700002116151
0,113,completed,88635.8041589,88635.8058619,88635.8072703,3.11140000121668
3,113,completed,88635.8038209,88635.8059451,88635.8081252,4.3043000041507185
1,113,completed,88635.8041449,88635.8059765,88635.8086715,4.526599994278513
3,114,completed,88635.8353875,88635.8369991,88635.8379243,2.536799991503358
0,114,completed,88635.8359116,88635.837272,88635.8384388,2.5271999911637977
1,114,completed,88635.8359539,88635.8372996,88635.8389187,2.9648000054294243
2,114,completed,88635.8359107,88635.8372716,88635.8395183,3.6075999960303307
1,115,completed,88635.8669149,88635.8687843,88635.8694274,2.512499995646067
0,115,completed,88635.8673071,88635.8688767,88635.869954,2.64690000039991
2,115,completed,88635.8672819,88635.8688719,88635.8705639,3.281999990576878
3,115,completed,88635.8672165,88635.868906,88635.8711691,3.952600003685802
0,116,completed,88635.8973535,88635.8985485,88635.8992839,1.930400001583621
2,116,completed,88635.8974202,88635.8985804,88635.8999575,2.53730000986252
3,116,completed,88635.8973538,88635.8987635,88635.9005717,3.217899997252971
1,116,completed,88635.8974846,88635.8987882,88635.9010314,3.546799998730421
2,117,completed,88635.9402822,88635.9412625,88635.942338,2.0557999960146844
3,117,completed,88635.9403298,88635.9416598,88635.9430205,2.6906999992206693
1,117,completed,88635.9405779,88635.9417603,88635.9435669,2.989000000525266
0,117,completed,88635.9406104,88635.9417326,88635.9440404,3.4300000115763396
0,118,completed,88635.9716838,88635.9729316,88635.973562,1.8781999970087782
2,118,completed,88635.9717251,88635.9729667,88635.9743297,2.6045999984489754
1,118,completed,88635.9716385,88635.9729711,88635.9748449,3.2063999969977885
3,118,completed,88635.9716375,88635.9730457,88635.9755152,3.8777000008849427
2,119,completed,88636.0030367,88636.0041793,88636.0050476,2.0109000033698976
3,119,completed,88636.0030985,88636.0043081,88636.0056758,2.5772999943001196
0,119,completed,88636.003144,88636.0044753,88636.0061388,2.994800001033582
1,119,completed,88636.0031338,88636.0044917,88636.0065467,3.412899997783825
0,120,completed,88636.0390878,88636.0407298,88636.0413505,2.262699999846518
3,120,completed,88636.0390879,88636.040734,88636.042027,2.9390999989118427
1,120,completed,88636.0392291,88636.0407723,88636.0425031,3.2740000024205074
2,120,completed,88636.0391965,88636.0407672,88636.0431004,3.903899996657856
2,121,completed,88636.0711288,88636.0724917,88636.0734094,2.2806000051787123
3,121,completed,88636.071184,88636.0726089,88636.0740954,2.911400006269105
0,121,completed,88636.0713644,88636.0727494,88636.0745839,3.219499994884245
1,121,completed,88636.0713942,88636.0728029,88636.0750692,3.674999999930151
1,122,completed,88636.1023225,88636.1032067,88636.104137,1.8145000067306682
2,122,completed,88636.1023511,88636.1033926,88636.104816,2.4649000115459785
3,122,completed,88636.1027372,88636.1038016,88636.1054315,2.694299997529015
0,122,completed,88636.1026797,88636.1038326,88636.1059046,3.224900006898679
1,123,completed,88636.1339175,88636.1345699,88636.1356563,1.738799997838214
2,123,completed,88636.1341101,88636.1351115,88636.1363153,2.205199998570606
0,123,completed,88636.1344224,88636.1353225,88636.1367988,2.3763999924995005
3,123,completed,88636.1344672,88636.1355061,88636.1374011,2.933900002972223
2,124,completed,88636.1662159,88636.1676197,88636.168443,2.2271000052569434
1,124,completed,88636.16625,88636.1676679,88636.1691015,2.851500001270324
0,124,completed,88636.1661643,88636.1676889,88636.1696328,3.4684999991441146
3,124,completed,88636.1661422,88636.1676519,88636.1702852,4.142999998293817
3,125,completed,88636.2118379,88636.2134392,88636.2142718,2.4338999937754124
1,125,completed,88636.2122109,88636.2135862,88636.2148737,2.6627999905031174
0,125,completed,88636.2117428,88636.2135683,88636.2153538,3.6109999928157777
2,125,completed,88636.2121842,88636.2137012,88636.2159295,3.7452999968081713
1,126,completed,88636.2435245,88636.2447381,88636.2457528,2.22829999984242
2,126,completed,88636.2437206,88636.2452602,88636.2464737,2.753099994151853
0,126,completed,88636.2438747,88636.2455333,88636.2469382,3.063500000280328
3,126,completed,88636.2438613,88636.2455181,88636.247528,3.666700009489432
0,127,completed,88636.2744497,88636.2759495,88636.2767378,2.2881000040797517
2,127,completed,88636.2747909,88636.2761636,88636.2774304,2.63950000226032
3,127,completed,88636.2747632,88636.2763407,88636.2780572,3.2940000091912225
1,127,completed,88636.2748495,88636.276378,88636.278467,3.617499998654239
3,128,completed,88636.3051222,88636.3064502,88636.3075108,2.3885999980848283
1,128,completed,88636.3051308,88636.3065221,88636.3080889,2.9580999980680645
2,128,completed,88636.3051763,88636.3066188,88636.3086948,3.518500001518987
0,128,completed,88636.3051645,88636.3066573,88636.3092108,4.046300004119985
2,129,completed,88636.3365117,88636.3378758,88636.3386139,2.1022000000812113
0,129,completed,88636.3365608,88636.3379617,88636.3392047,2.643899992108345
1,129,completed,88636.3365897,88636.3380515,88636.3397333,3.1435999990208074
3,129,completed,88636.3366473,88636.3380462,88636.3403699,3.7225999985821545
2,130,completed,88636.3728935,88636.3740613,88636.3749019,2.0083999988855794
0,130,completed,88636.3729175,88636.374261,88636.3756005,2.6829999987967312
1,130,completed,88636.3730384,88636.3744401,88636.3760654,3.0270000133896247
3,130,completed,88636.3729413,88636.3745392,88636.3766737,3.7324000004446134
1,131,completed,88636.4040505,88636.4052261,88636.4058953,1.8448000046191737
3,131,completed,88636.4040236,88636.40525,88636.4065274,2.503800002159551
0,131,completed,88636.404129,88636.4054319,88636.4072182,3.0891999922459945
2,131,completed,88636.4041144,88636.4054389,88636.4077008,3.586400009226054
1,132,completed,88636.4352527,88636.4364378,88636.4371169,1.8641999922692776
3,132,completed,88636.435274,88636.4365677,88636.4377762,2.5021999899763614
0,132,completed,88636.4352387,88636.4366325,88636.4385227,3.284000005805865
2,132,completed,88636.4352005,88636.4366891,88636.4391295,3.9289999986067414
3,133,completed,88636.466775,88636.4682614,88636.4690119,2.2369000071194023
1,133,completed,88636.4666883,88636.4683109,88636.4695053,2.817000000504777
0,133,completed,88636.4667234,88636.4685696,88636.4701691,3.4457000001566485
2,133,completed,88636.4667497,88636.4686513,88636.4706465,3.896800000802614
1,134,completed,88636.497751,88636.4990778,88636.5000007,2.249700002721511
3,134,completed,88636.4981231,88636.499547,88636.5005229,2.3997999960556626
2,134,completed,88636.4981547,88636.4996369,88636.5010106,2.855899991118349
0,134,completed,88636.4981505,88636.4997614,88636.5016315,3.480999992461875
0,135,completed,88636.5450793,88636.5468789,88636.5476482,2.568899988546036
1,135,completed,88636.5453749,88636.5469244,88636.5481436,2.7686999965226278
3,135,completed,88636.5453724,88636.5469271,88636.548613,3.240600010030903
2,135,completed,88636.5449636,88636.5468765,88636.5490749,4.111300004296936
2,136,completed,88636.5764426,88636.5779222,88636.5787786,2.3360000050161034
0,136,completed,88636.5765372,88636.5782361,88636.5794328,2.8956000023754314
3,136,completed,88636.5768211,88636.5783472,88636.5798908,3.0697000038344413
1,136,completed,88636.576849,88636.5783897,88636.5803422,3.493199998047203
3,137,completed,88636.6044798,88636.6058258,88636.606452,1.972200014279224
0,137,completed,88636.6044966,88636.6058559,88636.6070811,2.584499990916811
2,137,completed,88636.6045857,88636.6059245,88636.6075389,2.9532000044127926
1,137,completed,88636.6045336,88636.6059306,88636.6079899,3.456300008110702
1,138,completed,88636.6394883,88636.6410089,88636.6416904,2.202100004069507
0,138,completed,88636.639519,88636.6410354,88636.6425122,2.9931999888503924
3,138,completed,88636.6395779,88636.6410732,88636.642986,3.4081000048900023
2,138,completed,88636.6395642,88636.6410825,88636.6435437,3.9795000047888607
1,139,completed,88636.6730598,88636.6744648,88636.6750948,2.03499999770429
3,139,completed,88636.6730448,88636.674478,88636.6757753,2.7304999966872856
0,139,completed,88636.6730245,88636.6745855,88636.6763776,3.3530999935464934
2,139,completed,88636.6730247,88636.6745803,88636.6768562,3.8315000128932297
0,140,completed,88636.7036282,88636.7052716,88636.7061083,2.4800999963190407
1,140,completed,88636.7036139,88636.7052604,88636.706634,3.020100004505366
3,140,completed,88636.7037178,88636.7053429,88636.7070643,3.346500001498498
2,140,completed,88636.7036806,88636.7053263,88636.7077197,4.0391000075032935
3,141,completed,88636.7352121,88636.7367913,88636.737429,2.216900000348687
0,141,completed,88636.735275,88636.7367675,88636.7381152,2.8402000025380403
1,141,completed,88636.7353608,88636.7368366,88636.7386377,3.2768999953987077
2,141,completed,88636.7353095,88636.7368535,88636.7391078,3.7982999929226935
3,142,completed,88636.7665353,88636.7684113,88636.7692335,2.6981999981217086
0,142,completed,88636.7665881,88636.768476,88636.7700061,3.4180000075139105
2,142,completed,88636.7666224,88636.7685146,88636.7705323,3.9098999986890703
1,142,completed,88636.7666678,88636.768561,88636.7710862,4.418399999849498
0,143,completed,88636.8002069,88636.8014833,88636.8023952,2.18829998630099
3,143,completed,88636.8002701,88636.8016853,88636.8030609,2.7908000047318637
1,143,completed,88636.8003131,88636.8016763,88636.8035817,3.268600004957989
2,143,completed,88636.8002174,88636.8016859,88636.804049,3.831599999102764
1,144,completed,88636.8360711,88636.8376465,88636.8382559,2.184800003306009
2,144,completed,88636.8361167,88636.8376693,88636.8387647,2.6480000087758526
3,144,completed,88636.8360883,88636.8376843,88636.8392403,3.152000004774891
0,144,completed,88636.8361695,88636.837695,88636.8399065,3.736999991815537
0,145,completed,88636.8669532,88636.8684461,88636.8693086,2.3553999926662073
2,145,completed,88636.8669526,88636.8686834,88636.8698098,2.8572000010171905
3,145,completed,88636.8670076,88636.8686355,88636.8702797,3.272100002504885
1,145,completed,88636.8669467,88636.8686743,88636.8707346,3.787900001043454
1,146,completed,88636.8986013,88636.9003312,88636.9010244,2.4230999988503754
2,146,completed,88636.8984838,88636.9002437,88636.9015129,3.0291000002762303
0,146,completed,88636.8985495,88636.9003174,88636.902248,3.6985000042477623
3,146,completed,88636.8985741,88636.9003158,88636.9028076,4.233499988913536
3,147,completed,88636.9297929,88636.9312964,88636.9323373,2.5443999911658466
2,147,completed,88636.9302197,88636.9316377,88636.9329075,2.6877999916905537
0,147,completed,88636.9303075,88636.9317127,88636.9336214,3.313900000648573
1,147,completed,88636.9303817,88636.9317803,88636.9341297,3.748000002815388
1,148,completed,88636.9771029,88636.9787272,88636.9794127,2.3098000092431903
0,148,completed,88636.9771741,88636.9788341,88636.9800945,2.920400002039969
2,148,completed,88636.9771201,88636.9788887,88636.9805432,3.423100002692081
3,148,completed,88636.9770834,88636.9788699,88636.9810063,3.922900010365993
2,149,completed,88637.0083425,88637.0097222,88637.0103262,1.9836999999824911
1,149,completed,88637.0083,88637.0097233,88637.0108426,2.5425999920116737
3,149,completed,88637.0083874,88637.0097611,88637.0113141,2.9267000063555315
0,149,completed,88637.0084585,88637.0098178,88637.0119151,3.456599995843135
2,150,completed,88637.0401573,88637.0412823,88637.0420925,1.9352000090293586
3,150,completed,88637.0402271,88637.0413824,88637.042586,2.3588999902131036
1,150,completed,88637.0402497,88637.0414805,88637.043061,2.8113000007579103
0,150,completed,88637.0401255,88637.0417983,88637.0436771,3.5515999916242436
0,151,completed,88637.0714172,88637.073003,88637.0737468,2.3295999999390915
2,151,completed,88637.0714171,88637.0730246,88637.074232,2.814899999066256
1,151,completed,88637.0714983,88637.0730697,88637.0747056,3.2072999892989174
3,151,completed,88637.0714891,88637.0730838,88637.0752401,3.751000011106953
0,152,completed,88637.0982635,88637.0994423,88637.1002614,1.9979000062448904
3,152,completed,88637.0982364,88637.0994561,88637.1008098,2.573400008259341
1,152,completed,88637.0983032,88637.0994943,88637.1012671,2.9639000131282955
2,152,completed,88637.0989669,88637.0997466,88637.1017191,2.752200001850724
1,153,completed,88637.1400822,88637.1413514,88637.1421757,2.093500006594695
3,153,completed,88637.1401583,88637.1415978,88637.1427291,2.5708000030135736
0,153,completed,88637.1402335,88637.1415853,88637.1433983,3.1648000003769994
2,153,completed,88637.1401369,88637.1415934,88637.1438697,3.7328000034904107
0,154,completed,88637.1717325,88637.1729358,88637.1738691,2.136600000085309
1,154,completed,88637.1718834,88637.1732341,88637.1743723,2.488899990567006
3,154,completed,88637.1719639,88637.1732949,88637.1748504,2.886500005843118
2,154,completed,88637.1719433,88637.1733079,88637.1753179,3.3745999971870333
3,155,completed,88637.2036648,88637.2052568,88637.205954,2.289199997903779
0,155,completed,88637.2036775,88637.2052714,88637.2067378,3.0603000050177798
2,155,completed,88637.2036809,88637.2052335,88637.2072838,3.6029000038979575
1,155,completed,88637.2041502,88637.2054153,88637.2077628,3.612599990447052
1,156,completed,88637.2350421,88637.2367874,88637.2375083,2.4661999923409894
0,156,completed,88637.2351009,88637.2368686,88637.238172,3.071099999942817
3,156,completed,88637.2354145,88637.2370126,88637.2386241,3.209600006812252
2,156,completed,88637.2357524,88637.2370658,88637.2390819,3.329500003019348
0,157,completed,88637.2766791,88637.2779002,88637.2787151,2.035999990766868
1,157,completed,88637.2767676,88637.2779982,88637.2792515,2.4839000107022002
2,157,completed,88637.2769881,88637.2782676,88637.2797421,2.754000001004897
3,157,completed,88637.2769453,88637.2782911,88637.2801994,3.254100010963157
0,158,completed,88637.3080987,88637.309586,88637.3102861,2.187399993999861
1,158,completed,88637.3081342,88637.3098073,88637.3108571,2.722900011576712
3,158,completed,88637.308269,88637.3097866,88637.3113423,3.073300002142787
2,158,completed,88637.3080802,88637.3097905,88637.3117817,3.701499997987412
3,159,completed,88637.3394368,88637.34078,88637.34152,2.0832000009249896
1,159,completed,88637.339365,88637.3409137,88637.3420703,2.7052999939769506
2,159,completed,88637.3393659,88637.3408973,88637.3425738,3.2078999938676134
0,159,completed,88637.3394645,88637.3408731,88637.343078,3.613500011852011
2,160,completed,88637.3711794,88637.372272,88637.3730295,1.8501000013202429
0,160,completed,88637.3712122,88637.3724978,88637.3737443,2.5320999993709847
1,160,completed,88637.371233,88637.3725395,88637.3744681,3.23509999725502
3,160,completed,88637.3712311,88637.3725468,88637.3749829,3.7518000026466325
2,161,completed,88637.3994977,88637.4007679,88637.4014003,1.9026000081794336
1,161,completed,88637.3995382,88637.4008457,88637.402132,2.5938000035239384
0,161,completed,88637.3994527,88637.4008612,88637.4027658,3.3130999945569783
3,161,completed,88637.399463,88637.4008634,88637.4032568,3.793800002313219
2,162,completed,88637.4316941,88637.4329445,88637.4336069,1.9127999985357746
0,162,completed,88637.431661,88637.4329122,88637.4341291,2.468100006808527
3,162,completed,88637.4316221,88637.4330771,88637.434627,3.0048999906284735
1,162,completed,88637.4316388,88637.4331224,88637.4352449,3.606099999160506
2,163,completed,88637.4780304,88637.4793767,88637.4801653,2.1349000016925856
1,163,completed,88637.4779784,88637.4796458,88637.4808673,2.8888999950140715
0,163,completed,88637.4781187,88637.479662,88637.4814088,3.2900999940466136
3,163,completed,88637.4781162,88637.4797374,88637.481938,3.821799997240305
2,164,completed,88637.5095084,88637.5105744,88637.5111632,1.654799998505041
0,164,completed,88637.5094434,88637.5105704,88637.5116607,2.2172999888425693
1,164,completed,88637.5093888,88637.5105826,88637.5123038,2.9150000045774505
3,164,completed,88637.5094184,88637.5107291,88637.5127821,3.363700001500547
0,165,completed,88637.5442406,88637.5454854,88637.5461315,1.8909000064013526
2,165,completed,88637.5442695,88637.5455206,88637.5466456,2.3761000047670677
3,165,completed,88637.544306,88637.5456801,88637.5470992,2.7932000084547326
1,165,completed,88637.5442628,88637.5456732,88637.5476959,3.4330999915255234
2,166,completed,88637.5704286,88637.5722232,88637.5729725,2.543900001910515
0,166,completed,88637.5705007,88637.5723006,88637.5740637,3.5629999911179766
3,166,completed,88637.5704526,88637.5724233,88637.5745522,4.099600002518855
1,166,completed,88637.5705288,88637.5724293,88637.5751641,4.635299992514774
2,167,completed,88637.6022261,88637.6034625,88637.6040942,1.8680999928619713
3,167,completed,88637.6021851,88637.603453,88637.6045881,2.403000005870126
1,167,completed,88637.6021256,88637.6034464,88637.6052205,3.0949000065447763
0,167,completed,88637.6023007,88637.6036395,88637.6056551,3.3543999888934195
3,168,completed,88637.6347212,88637.6363452,88637.6369553,2.234100000350736
1,168,completed,88637.6346291,88637.6363896,88637.6376635,3.0344000115292147
0,168,completed,88637.6346246,88637.6364069,88637.6381578,3.533199997036718
2,168,completed,88637.6346481,88637.6365197,88637.638614,3.9659000030951574
3,169,completed,88637.6664082,88637.6681041,88637.6688282,2.419999989797361
1,169,completed,88637.6664945,88637.6681897,88637.6695632,3.068700010771863
2,169,completed,88637.6664459,88637.6682822,88637.6701725,3.7265999999362975
0,169,completed,88637.6664138,88637.6682819,88637.6706792,4.265399998985231
1,170,completed,88637.7125821,88637.7137411,88637.7145759,1.993800004129298
3,170,completed,88637.7126526,88637.7138328,88637.7151025,2.4498999991919845
2,170,completed,88637.7125418,88637.7138911,88637.7155664,3.0245999951148406
0,170,completed,88637.7126178,88637.7139461,88637.716008,3.390199999557808
2,171,completed,88637.738599,88637.7402492,88637.7409319,2.332899995963089
1,171,completed,88637.7387534,88637.7403359,88637.7417271,2.973700000438839
0,171,completed,88637.7387109,88637.7404186,88637.7422592,3.548299995600246
3,171,completed,88637.7388727,88637.7404461,88637.742728,3.8552999903913587
0,172,completed,88637.7700059,88637.771597,88637.7725191,2.5132000009762123
2,172,completed,88637.7703324,88637.7719718,88637.7731273,2.794899992295541
3,172,completed,88637.7704073,88637.7720394,88637.7736373,3.229999987524934
1,172,completed,88637.7703655,88637.7720298,88637.7741547,3.789200010942295
0,173,completed,88637.8017239,88637.803063,88637.8037728,2.048900001682341
3,173,completed,88637.8017349,88637.8030638,88637.8042608,2.5258999958168715
2,173,completed,88637.8018111,88637.803235,88637.8047229,2.911799994762987
1,173,completed,88637.8018558,88637.8032257,88637.8051839,3.328099992359057
3,174,completed,88637.8328587,88637.8352211,88637.8358686,3.00989999959711
2,174,completed,88637.8327793,88637.8353233,88637.8363437,3.564399987226352
1,174,completed,88637.8328313,88637.8353394,88637.8368112,3.979900007834658
0,174,completed,88637.8331978,88637.8353658,88637.8372712,4.073399992194027
3,175,completed,88637.8639367,88637.8644339,88637.865456,1.5192999999271706
1,175,completed,88637.864304,88637.8652743,88637.8659478,1.6438000020571053
2,175,completed,88637.8642824,88637.8652866,88637.8664525,2.170100007788278
0,175,completed,88637.8792162,88637.8797183,88637.8803798,1.1635999981081113
3,176,completed,88637.9111001,88637.9127132,88637.913394,2.2939000045880675
0,176,completed,88637.9110687,88637.9126839,88637.9139514,2.8826999914599583
1,176,completed,88637.9112974,88637.9129203,88637.914435,3.137599996989593
2,176,completed,88637.9113151,88637.9129049,88637.914935,3.6198999878251925
2,177,completed,88637.9427446,88637.9440587,88637.9447326,1.987999989069067
0,177,completed,88637.9428576,88637.9442391,88637.9452089,2.351299990550615
3,177,completed,88637.9427836,88637.9442768,88637.9456895,2.905900008045137
1,177,completed,88637.9427921,88637.9442734,88637.9461691,3.377000000909902
1,178,completed,88637.9743347,88637.9756979,88637.9767628,2.4280999932670966
3,178,completed,88637.9743638,88637.9759983,88637.9773455,2.98169998859521
2,178,completed,88637.9751231,88637.9764501,88637.9778798,2.756700007012114
0,178,completed,88637.9750758,88637.9765017,88637.9784296,3.3537999988766387
0,179,completed,88638.0062094,88638.0076876,88638.0083883,2.1789000020362437
1,179,completed,88638.0061871,88638.0077204,88638.0088849,2.6977999950759113
2,179,completed,88638.0062829,88638.0077846,88638.0093711,3.0881999991834164
3,179,completed,88638.0062752,88638.0077668,88638.0098019,3.526700005750172
3,180,completed,88638.0372487,88638.0388757,88638.0395301,2.2813999967183918
0,180,completed,88638.0371998,88638.0389341,88638.0400929,2.893099997891113
2,180,completed,88638.0373241,88638.0388997,88638.0405986,3.274499991675839
1,180,completed,88638.0371758,88638.0389314,88638.0410904,3.9146000053733587
0,181,completed,88638.0684471,88638.0693151,88638.0705433,2.096199998049997
2,181,completed,88638.0687985,88638.0700344,88638.0711061,2.30760000704322
1,181,completed,88638.068774,88638.0701688,88638.0716356,2.861600005417131
3,181,completed,88638.0688319,88638.0702328,88638.0721618,3.32989999151323
2,182,completed,88638.0990799,88638.100562,88638.1012438,2.163900004234165
1,182,completed,88638.0990772,88638.1005378,88638.1018096,2.732400011154823
0,182,completed,88638.0991712,88638.10068,88638.1023364,3.1652000034227967
3,182,completed,88638.0991405,88638.1006757,88638.1028965,3.756000005523674
2,183,completed,88638.1355127,88638.1370549,88638.1377617,2.2489999973913655
3,183,completed,88638.1356135,88638.1371121,88638.1383292,2.7157000004081056
1,183,completed,88638.1355386,88638.1371056,88638.1388714,3.3327999990433455
0,183,completed,88638.1355725,88638.1369872,88638.1395256,3.9530999929411337
1,184,completed,88638.1672506,88638.1690474,88638.1697388,2.488199999788776
0,184,completed,88638.1672211,88638.1690237,88638.1703314,3.1103000073926523
3,184,completed,88638.1674549,88638.1691911,88638.1708806,3.4256999933859333
2,184,completed,88638.1673424,88638.1692352,88638.1713916,4.049199997098185
3,185,completed,88638.2089176,88638.210285,88638.2110423,2.1246999967843294
0,185,completed,88638.208949,88638.2105026,88638.2116176,2.6685999910114333
1,185,completed,88638.2090201,88638.2105006,88638.2121418,3.1217000068863854
2,185,completed,88638.2089048,88638.2104451,88638.2126686,3.7637999921571463
0,186,completed,88638.239614,88638.2410534,88638.2418192,2.205199998570606
3,186,completed,88638.2397329,88638.2412124,88638.2424764,2.743500008364208
1,186,completed,88638.2396709,88638.2412376,88638.2429932,3.322299991850741
2,186,completed,88638.2396929,88638.2412306,88638.2435691,3.876200004015118
0,187,completed,88638.2704433,88638.2721263,88638.272816,2.3726999934297055
3,187,completed,88638.2704916,88638.2722421,88638.2733894,2.8978000045754015
1,187,completed,88638.2705597,88638.2722331,88638.2739535,3.3937999978661537
2,187,completed,88638.2704722,88638.272238,88638.2745287,4.056499994476326
0,188,completed,88638.2978951,88638.2992269,88638.2999619,2.0668000070145354
1,188,completed,88638.2979001,88638.2992347,88638.3005312,2.6310999965062365
3,188,completed,88638.298152,88638.2994346,88638.3010411,2.88909999653697
2,188,completed,88638.2981383,88638.299429,88638.3016413,3.5029999999096617
1,189,completed,88638.3296411,88638.3312802,88638.3320603,2.4191999982576817
0,189,completed,88638.3296826,88638.3313995,88638.3328868,3.2041999947978184
3,189,completed,88638.329702,88638.3314275,88638.3334601,3.75809999241028
2,189,completed,88638.3296536,88638.3314372,88638.3340187,4.365100001450628
0,190,completed,88638.3759883,88638.3773658,88638.3783076,2.319299994269386
1,190,completed,88638.3760417,88638.3775201,88638.3789425,2.900799998315051
2,190,completed,88638.3759776,88638.3775067,88638.3795043,3.526700005750172
3,190,completed,88638.3760559,88638.3776272,88638.3801115,4.055600002175197
0,191,completed,88638.4057159,88638.4075491,88638.4088266,3.1107000104384497
1,191,completed,88638.4056994,88638.4076972,88638.4096888,3.989400007412769
2,191,completed,88638.4056999,88638.407698,88638.4105048,4.80490000336431
3,191,completed,88638.4057542,88638.4076975,88638.4111545,5.400300011388026
1,192,completed,88638.4366016,88638.4380734,88638.4388466,2.2449999960372224
3,192,completed,88638.4367793,88638.4381632,88638.4395584,2.7791000029537827
0,192,completed,88638.4365962,88638.4381822,88638.4401535,3.5573000059230253
2,192,completed,88638.4366229,88638.4381735,88638.44079,4.167099992628209
2,193,completed,88638.4668078,88638.4686445,88638.4693548,2.5470000109635293
1,193,completed,88638.4667888,88638.468583,88638.4699639,3.175100006046705
0,193,completed,88638.4667178,88638.4686658,88638.4705546,3.836800009594299
3,193,completed,88638.4667179,88638.4686877,88638.471144,4.426100000273436
2,194,completed,88638.4976686,88638.4992368,88638.499946,2.2773999953642488
1,194,completed,88638.49761,88638.4992143,88638.5005338,2.923799998825416
0,194,completed,88638.4977409,88638.4994412,88638.5010836,3.3427000016672537
3,194,completed,88638.497736,88638.499475,88638.5016118,3.8758000009693205
1,195,completed,88638.5373999,88638.5387698,88638.5395554,2.1554999984800816
2,195,completed,88638.5374915,88638.5389069,88638.540069,2.5774999958230183
0,195,completed,88638.5374379,88638.5389736,88638.5405944,3.1564999953843653
3,195,completed,88638.5375247,88638.5390124,88638.5411318,3.607099992223084
2,196,completed,88638.5700269,88638.571703,88638.5724871,2.46020000486169
3,196,completed,88638.5701355,88638.5718151,88638.5730663,2.9307999939192086
1,196,completed,88638.570067,88638.5718917,88638.5737045,3.637500005424954
0,196,completed,88638.5700493,88638.5719216,88638.5742091,4.159799995250069
3,197,completed,88638.6100007,88638.6112748,88638.6121568,2.1560999884968624
2,197,completed,88638.6099781,88638.6112953,88638.6127603,2.782200012006797
0,197,completed,88638.6104012,88638.6116095,88638.6132195,2.818299995851703
1,197,completed,88638.6104172,88638.6116485,88638.6136899,3.272699992521666
1,198,completed,88638.6415461,88638.6429682,88638.6436601,2.1140000026207417
2,198,completed,88638.6418495,88638.6430861,88638.6441557,2.3062000109348446
0,198,completed,88638.6419381,88638.6431623,88638.6446275,2.689400003873743
3,198,completed,88638.6417492,88638.643203,88638.6450768,3.3276000031037256
2,199,completed,88638.671884,88638.6734564,88638.6748182,2.934200005256571
0,199,completed,88638.672023,88638.6737759,88638.6754035,3.3804999984567985
1,199,completed,88638.6723453,88638.6744592,88638.6759473,3.6019999970449135
3,199,completed,88638.6723682,88638.6747108,88638.6764304,4.062199994223192
2,200,completed,88638.7028796,88638.7040858,88638.7048638,1.9842000037897378
3,200,completed,88638.7028018,88638.7042191,88638.7054258,2.6240000006509945
0,200,completed,88638.7028275,88638.7040343,88638.706006,3.1784999882802367
1,200,completed,88638.7028097,88638.704099,88638.7065505,3.740800006198697
2,201,completed,88638.7320668,88638.7331077,88638.7338502,1.783400002750568
0,201,completed,88638.7320317,88638.7331931,88638.7343857,2.3539999965578318
3,201,completed,88638.7319929,88638.7333714,88638.7348373,2.844400005415082
1,201,completed,88638.7324599,88638.7334863,88638.7352386,2.7786999999079853
1,202,completed,88638.7630666,88638.7638949,88638.7652056,2.138999989256263
2,202,completed,88638.763466,88638.7646839,88638.765807,2.3409999994328246
0,202,completed,88638.7635251,88638.7647708,88638.7663329,2.807800003211014
3,202,completed,88638.763564,88638.7649173,88638.7668071,3.243099999963306
3,203,completed,88638.7990446,88638.8004394,88638.8010339,1.9892999989679083
1,203,completed,88638.7991271,88638.800481,88638.8015244,2.3972999915713444
2,203,completed,88638.7990765,88638.8004447,88638.8019694,2.8928999963682145
0,203,completed,88638.7991602,88638.8005069,88638.8024166,3.256399999372661
2,204,completed,88638.8378437,88638.8394855,88638.8401839,2.34019999334123
3,204,completed,88638.8379306,88638.8395457,88638.840682,2.7513999957591295
1,204,completed,88638.8378809,88638.8397227,88638.8412851,3.4042000042973086
0,204,completed,88638.8379516,88638.8398024,88638.8417609,3.8093000039225444
0,205,completed,88638.8733846,88638.8746444,88638.8755234,2.1388000022852793
3,205,completed,88638.8738452,88638.8749972,88638.8760516,2.206400007707998
1,205,completed,88638.8738155,88638.8750015,88638.8766784,2.862900000764057
2,205,completed,88638.8737449,88638.8751057,88638.8770951,3.350200000568293
3,206,completed,88638.905128,88638.9066163,88638.9073555,2.2275000083027408
0,206,completed,88638.9050333,88638.9068476,88638.9078744,2.841099994839169
1,206,completed,88638.9054281,88638.9068214,88638.9085278,3.0996999994385988
2,206,completed,88638.9050159,88638.9068322,88638.9091127,4.096799995750189
1,207,completed,88638.9368129,88638.9378924,88638.9387771,1.9641999970190227
3,207,completed,88638.9368422,88638.9380426,88638.9393353,2.493100007995963
2,207,completed,88638.9367868,88638.938179,88638.9398565,3.0697000038344413
0,207,completed,88638.9367867,88638.9382005,88638.940358,3.571300010662526
3,208,completed,88638.9773346,88638.9786086,88638.9793792,2.04459999804385
0,208,completed,88638.9773616,88638.9788014,88638.9798912,2.5295999948866665
1,208,completed,88638.9774058,88638.978816,88638.9805039,3.0981000018073246
2,208,completed,88638.9773214,88638.9789526,88638.9810281,3.7066999939270318
3,209,completed,88639.0122039,88639.0137458,88639.0145926,2.3886999988462776
0,209,completed,88639.0121622,88639.0138703,88639.0151777,3.015499998582527
1,209,completed,88639.012257,88639.0138227,88639.015871,3.6140000011073425
2,209,completed,88639.0121546,88639.0138698,88639.0164142,4.259599998476915
2,210,completed,88639.043865,88639.0452543,88639.0458328,1.9677999953273684
3,210,completed,88639.0438867,88639.0452685,88639.0463904,2.5037000013981014
1,210,completed,88639.0438476,88639.0452319,88639.0469784,3.130800003418699
0,210,completed,88639.0438495,88639.0452321,88639.0474382,3.5886999976355582
2,211,completed,88639.074367,88639.0756581,88639.076337,1.9700000120792538
3,211,completed,88639.0743492,88639.0757545,88639.0768415,2.4923000019043684
1,211,completed,88639.0744218,88639.0758131,88639.077471,3.0491999932564795
0,211,completed,88639.0744057,88639.0759159,88639.0779345,3.5288000071886927
2,212,completed,88639.1077244,88639.1089998,88639.1096756,1.9511999998940155
1,212,completed,88639.107601,88639.1089889,88639.1104566,2.8556000033859164
3,212,completed,88639.1076759,88639.1090631,88639.1110232,3.3473000075900927
0,212,completed,88639.1077246,88639.10912,88639.111546,3.8213999941945076
1,213,completed,88639.138368,88639.1400898,88639.1409646,2.5965999957406893
2,213,completed,88639.1384529,88639.1401858,88639.1415572,3.1042999908095226
3,213,completed,88639.1383594,88639.1402362,88639.1420601,3.700699991895817
0,213,completed,88639.1384045,88639.1402724,88639.1425178,4.113300004974008
3,214,completed,88639.1698374,88639.1716444,88639.1723803,2.542900008847937
0,214,completed,88639.1698717,88639.171723,88639.1729475,3.075800006627105
1,214,completed,88639.1700941,88639.1718511,88639.1735726,3.478500002529472
2,214,completed,88639.1701813,88639.1718802,88639.1740302,3.848899999866262
2,215,completed,88639.2017272,88639.2029381,88639.2037204,1.993199999560602
3,215,completed,88639.2017032,88639.2030313,88639.2043256,2.6224000030197203
1,215,completed,88639.2017762,88639.2031084,88639.2049845,3.2082999969134107
0,215,completed,88639.2018348,88639.203101,88639.2054991,3.664300005766563
1,216,completed,88639.2328487,88639.2342233,88639.2350883,2.239599998574704
2,216,completed,88639.2329505,88639.2343651,88639.235608,2.6575000083539635
0,216,completed,88639.233022,88639.2344043,88639.236084,3.0620000034105033
3,216,completed,88639.2329624,88639.2344689,88639.2366406,3.678199995192699
0,217,completed,88639.279279,88639.2805079,88639.2811579,1.8789000023389235
3,217,completed,88639.2793044,88639.2805341,88639.2816554,2.351000002818182
2,217,completed,88639.27926,88639.2805556,88639.2821191,2.8591000009328127
1,217,completed,88639.2793382,88639.2807537,88639.2827733,3.43510000675451
3,218,completed,88639.3102121,88639.3115069,88639.3121505,1.938400004291907
0,218,completed,88639.310158,88639.3114578,88639.312663,2.505000011296943
2,218,completed,88639.3101323,88639.311565,88639.3131237,2.991400004248135
1,218,completed,88639.3102316,88639.3116802,88639.3135982,3.3665999944787472
3,219,completed,88639.3364182,88639.3376217,88639.338365,1.9468000100459903
0,219,completed,88639.336445,88639.3376871,88639.3389982,2.5531999999657273
2,219,completed,88639.3364107,88639.3377677,88639.3395746,3.1639000080758706
1,219,completed,88639.3364855,88639.3378371,88639.3401176,3.6321000079624355
3,220,completed,88639.3692234,88639.3710706,88639.3717037,2.4802999978419393
2,220,completed,88639.3692538,88639.3711125,88639.3722394,2.985600003739819
1,220,completed,88639.3693075,88639.3711632,88639.3729456,3.638099995441735
0,220,completed,88639.3694439,88639.3712144,88639.3734387,3.9948000048752874
1,221,completed,88639.4037157,88639.4049508,88639.4057064,1.9906999950762838
0,221,completed,88639.4037586,88639.4050316,88639.4062099,2.45129999530036
2,221,completed,88639.4036761,88639.4050607,88639.4066903,3.014200003235601
3,221,completed,88639.4036761,88639.4050514,88639.4071783,3.502199993818067
2,222,completed,88639.4349654,88639.4363704,88639.4371465,2.181100004236214
3,222,completed,88639.4350119,88639.4363827,88639.4376811,2.6691999955801293
0,222,completed,88639.4352628,88639.4365412,88639.4381466,2.883799999835901
1,222,completed,88639.4352952,88639.4365896,88639.4387417,3.446499991696328
2,223,completed,88639.4666234,88639.4682224,88639.4688116,2.188200000091456
1,223,completed,88639.4665594,88639.4682218,88639.4695367,2.977299998747185
0,223,completed,88639.4665161,88639.4681818,88639.4700016,3.485499997623265
3,223,completed,88639.4665347,88639.4681958,88639.4704598,3.9250999980140477
0,224,completed,88639.4975579,88639.4989022,88639.4995247,1.9668000022647902
1,224,completed,88639.4975575,88639.4989038,88639.5000406,2.4831000046106055
3,224,completed,88639.4976198,88639.4989901,88639.5006344,3.0146000062813982
2,224,completed,88639.4976581,88639.4989991,88639.5012001,3.5420000058365986
1,225,completed,88639.5451312,88639.5465697,88639.5472593,2.1281000081216916
3,225,completed,88639.5451662,88639.5466381,88639.5478638,2.697600008104928
2,225,completed,88639.5451318,88639.5466345,88639.5484461,3.3143000036943704
0,225,completed,88639.5452197,88639.5466607,88639.5490243,3.804599997238256
2,226,completed,88639.5747675,88639.5761729,88639.5767937,2.0262000034563243
0,226,completed,88639.5748105,88639.5762167,88639.5773579,2.5473999994574115
3,226,completed,88639.5748308,88639.576253,88639.5778908,3.0600000027334318
1,226,completed,88639.574881,88639.5762921,88639.578377,3.496000004815869
3,227,completed,88639.6062779,88639.6075216,88639.6081506,1.8726999987848103
1,227,completed,88639.6062949,88639.6075713,88639.609236,2.941099999588914
0,227,completed,88639.6062274,88639.6076299,88639.6096964,3.4690000029513612
2,227,completed,88639.6062274,88639.6076211,88639.6101669,3.9395000057993457
3,228,completed,88639.6327662,88639.6340287,88639.6346788,1.912599997012876
0,228,completed,88639.6327289,88639.6341565,88639.6351678,2.438900002744049
2,228,completed,88639.632853,88639.6341498,88639.6356338,2.780800001346506
1,228,completed,88639.6327963,88639.6342088,88639.6360733,3.2770000107120723
0,229,completed,88639.6639751,88639.6649983,88639.666044,2.068899993901141
2,229,completed,88639.6642121,88639.6656523,88639.6665838,2.3717000003671274
3,229,completed,88639.6642605,88639.6657053,88639.6670687,2.8082000062568113
1,229,completed,88639.6642306,88639.6657385,88639.6674966,3.2659999997122213
3,230,completed,88639.7032339,88639.7041342,88639.7052107,1.9768000056501478
0,230,completed,88639.7036437,88639.704808,88639.7057943,2.1505999902728945
1,230,completed,88639.7035428,88639.7048221,88639.7062753,2.7325000119162723
2,230,completed,88639.703567,88639.7048332,88639.7067439,3.1768999906489626
3,231,completed,88639.7348441,88639.7366436,88639.7374168,2.5726999883772805
1,231,completed,88639.735256,88639.7367797,88639.7379389,2.682899998035282
2,231,completed,88639.7349705,88639.7368312,88639.7384056,3.43510000675451
0,231,completed,88639.735317,88639.7369224,88639.7388745,3.557500007445924
0,232,completed,88639.7767412,88639.7780742,88639.7788795,2.1382999984780326
2,232,completed,88639.7767407,88639.7780955,88639.7795074,2.7666999958455563
3,232,completed,88639.7767626,88639.778229,88639.780098,3.335400004289113
1,232,completed,88639.7769296,88639.7783164,88639.7807057,3.7760999985039234
3,233,completed,88639.8079672,88639.8095752,88639.8102053,2.238100001704879
1,233,completed,88639.8079876,88639.8096454,88639.8106977,2.7101000014226884
2,233,completed,88639.8079499,88639.8096983,88639.8111684,3.218500001821667
0,233,completed,88639.8080167,88639.8097399,88639.8116196,3.6029000038979575
0,234,completed,88639.8401158,88639.8409143,88639.841712,1.5961999888531864
2,234,completed,88639.8401229,88639.8409179,88639.842277,2.154100002371706
1,234,completed,88639.8406451,88639.8415771,88639.842735,2.0898999937344342
3,234,completed,88639.840652,88639.841576,88639.8432275,2.5754999951459467
0,235,completed,88639.871882,88639.873172,88639.8739748,2.0927999867126346
2,235,completed,88639.8719972,88639.8733236,88639.8745104,2.5132000009762123
1,235,completed,88639.8718971,88639.8734059,88639.8750677,3.1706000008853152
3,235,completed,88639.8719697,88639.8734694,88639.8755302,3.5605000011855736
2,236,completed,88639.9037423,88639.9051588,88639.9059859,2.243599999928847
0,236,completed,88639.9038418,88639.9053092,88639.906527,2.6852000009967014
1,236,completed,88639.9037632,88639.9054878,88639.9070173,3.2540999964112416
3,236,completed,88639.9037659,88639.9054775,88639.907494,3.7280999968061224
2,237,completed,88639.9354917,88639.936924,88639.9376177,2.1259999921312556
0,237,completed,88639.9355294,88639.9371418,88639.9381149,2.5854999985313043
3,237,completed,88639.9359217,88639.9372046,88639.9385776,2.655899996170774
1,237,completed,88639.9358608,88639.9373251,88639.9390452,3.184399989550002
1,238,completed,88639.9667287,88639.9682431,88639.9690054,2.2766999900341034
2,238,completed,88639.966774,88639.9683111,88639.9696546,2.8806000045733526
0,238,completed,88639.966684,88639.9683134,88639.9702172,3.533199997036718
3,238,completed,88639.966684,88639.9683869,88639.9707776,4.0936000004876405
3,239,completed,88639.9982748,88639.9999611,88640.0005713,2.29649999528192
1,239,completed,88639.9983576,88640.0000222,88640.0010574,2.699800010304898
0,239,completed,88639.9983232,88640.0000098,88640.0015372,3.2140000112121925
2,239,completed,88639.9983088,88640.0000086,88640.001985,3.6761999945156276
2,240,completed,88640.0457767,88640.0472704,88640.0479319,2.1551999961957335
3,240,completed,88640.0461108,88640.0473643,88640.0484161,2.3053000040818006
1,240,completed,88640.0460314,88640.0474368,88640.0488806,2.8492000128608197
0,240,completed,88640.0457766,88640.0474573,88640.0493065,3.52990000101272
1,241,completed,88640.0773624,88640.0790101,88640.0796646,2.3021999950287864
3,241,completed,88640.077463,88640.0790174,88640.0801665,2.703500009374693
2,241,completed,88640.0773984,88640.0791247,88640.0805921,3.1937000021571293
0,241,completed,88640.0772717,88640.0791591,88640.0810738,3.802099992753938
1,242,completed,88640.1082158,88640.1101414,88640.1107599,2.5440999888814986
2,242,completed,88640.1081234,88640.1101968,88640.1116882,3.5648000048240647
3,242,completed,88640.1082606,88640.1101936,88640.1120909,3.8303000037558377
0,242,completed,88640.1081092,88640.1102018,88640.1125736,4.464400000870228
2,243,completed,88640.1392067,88640.1412257,88640.1418436,2.6368999970145524
3,243,completed,88640.1392177,88640.141232,88640.1423615,3.143800000543706
0,243,completed,88640.1396259,88640.1413142,88640.1428313,3.2054000039352104
1,243,completed,88640.1396588,88640.1413381,88640.1432373,3.578499992727302
0,244,completed,88640.1709435,88640.1726793,88640.1733852,2.441700009512715
1,244,completed,88640.1709328,88640.1726572,88640.1739379,3.0051000067032874
3,244,completed,88640.1714031,88640.172847,88640.1744221,3.0189999961294234
2,244,completed,88640.1713653,88640.1728477,88640.1748864,3.5210999922128394
2,245,completed,88640.2028766,88640.2044377,88640.2050835,2.2068999969633296
1,245,completed,88640.2028936,88640.2044489,88640.2055747,2.681099998881109
3,245,completed,88640.203027,88640.204603,88640.206041,3.014000001712702
0,245,completed,88640.2029954,88640.2046347,88640.2064966,3.501200000755489
0,246,completed,88640.2341969,88640.2369165,88640.2376355,3.4386000043014064
3,246,completed,88640.2344083,88640.2369993,88640.2382731,3.8647999899694696
1,246,completed,88640.2342233,88640.2370446,88640.2388582,4.634900004020892
2,246,completed,88640.2344937,88640.2370867,88640.2394307,4.937000005156733
1,247,completed,88640.270116,88640.2719135,88640.2727014,2.585399997769855
2,247,completed,88640.2701508,88640.2719608,88640.2732884,3.137599996989593
3,247,completed,88640.2701815,88640.2720921,88640.2738873,3.705800001625903
0,247,completed,88640.2702065,88640.2721221,88640.2743594,4.152900000917725
0,248,completed,88640.310167,88640.311139,88640.3120352,1.8681999936234206
1,248,completed,88640.3102132,88640.3112545,88640.3125394,2.3261999886017293
3,248,completed,88640.3105698,88640.3117054,88640.3130807,2.510899998014793
2,248,completed,88640.3105508,88640.3117025,88640.3135317,2.9808999970555305
0,249,completed,88640.3416687,88640.3434866,88640.3441343,2.4656000023242086
2,249,completed,88640.3416901,88640.3435253,88640.344654,2.9638999985763803
3,249,completed,88640.3417318,88640.3436061,88640.3451364,3.404600007343106
1,249,completed,88640.3417673,88640.3436065,88640.3456001,3.832800008240156
1,250,completed,88640.3742544,88640.3759787,88640.376642,2.38760000502225
3,250,completed,88640.3743155,88640.3760106,88640.3771371,2.821600006427616
0,250,completed,88640.3742707,88640.3759803,88640.3775936,3.3228999964194372
2,250,completed,88640.3742537,88640.3759683,88640.3780131,3.759399987757206
2,251,completed,88640.4058444,88640.4084412,88640.4095553,3.7108999968040735
1,251,completed,88640.4058245,88640.4084168,88640.4108212,4.9966999940807
3,251,completed,88640.4059242,88640.4086261,88640.4116991,5.774900011601858
0,251,completed,88640.4059917,88640.4087132,88640.4123407,6.349000002956018
1,252,completed,88640.4372602,88640.4387033,88640.4394505,2.1903000015299767
3,252,completed,88640.4372442,88640.4387177,88640.4400764,2.8321999998297542
2,252,completed,88640.4371839,88640.4388004,88640.4406558,3.471900010481477
0,252,completed,88640.4371839,88640.4388508,88640.4412699,4.086000000825152
3,253,completed,88640.4690238,88640.4702359,88640.4709344,1.9105999963358045
0,253,completed,88640.469059,88640.4702792,88640.4714975,2.4384999996982515
2,253,completed,88640.469101,88640.4704167,88640.4719673,2.8663000121014193
1,253,completed,88640.4690999,88640.4704662,88640.4724233,3.323400000226684
2,254,completed,88640.5004874,88640.5021538,88640.5027212,2.233799998066388
3,254,completed,88640.5004418,88640.5022353,88640.5032171,2.7753000031225383
0,254,completed,88640.5005159,88640.5022041,88640.5036584,3.14250000519678
1,254,completed,88640.5004306,88640.5022346,88640.5041325,3.7019000010332093
0,255,completed,88640.5315018,88640.5324914,88640.5333054,1.8035999964922667
2,255,completed,88640.5315941,88640.532646,88640.5338,2.2059000039007515
1,255,completed,88640.5317087,88640.5328341,88640.5342693,2.5605999981053174
3,255,completed,88640.531681,88640.5328162,88640.5347236,3.042600001208484
2,256,completed,88640.5800557,88640.5815345,88640.5823133,2.2575999901164323
0,256,completed,88640.5800789,88640.5815275,88640.5828397,2.760799994575791
1,256,completed,88640.5801475,88640.5815486,88640.583253,3.1054999999469146
3,256,completed,88640.5800533,88640.5815431,88640.5836879,3.6345999978948385
0,257,completed,88640.6109741,88640.6121089,88640.6132626,2.288500007125549
2,257,completed,88640.6109716,88640.6120469,88640.6138968,2.9251999949337915
3,257,completed,88640.6113527,88640.6127215,88640.6143759,3.023199999006465
1,257,completed,88640.6114136,88640.6127218,88640.6148053,3.391700010979548
1,258,completed,88640.6417375,88640.6430789,88640.6437648,2.027299997280352
3,258,completed,88640.6417712,88640.6430995,88640.6443373,2.566099996329285
2,258,completed,88640.6417041,88640.6431649,88640.6449731,3.269000008003786
0,258,completed,88640.6419142,88640.6432918,88640.6453847,3.470499999821186
3,259,completed,88640.6723677,88640.6738903,88640.6745399,2.172200009226799
1,259,completed,88640.6723769,88640.6739432,88640.67507,2.693100002943538
0,259,completed,88640.6722547,88640.6739961,88640.6755415,3.286799998022616
2,259,completed,88640.672246,88640.6739543,88640.6761808,3.9347999991150573
1,260,completed,88640.7048356,88640.7066616,88640.7073616,2.525999996578321
2,260,completed,88640.7049351,88640.7067444,88640.7079323,2.9972000047564507
3,260,completed,88640.7048719,88640.7067038,88640.7084095,3.537600001436658
0,260,completed,88640.704945,88640.7067541,88640.7088687,3.9237000019056723
0,261,completed,88640.7354309,88640.736858,88640.7375417,2.1108000073581934
2,261,completed,88640.7354774,88640.7369233,88640.7380503,2.5729000044520944
1,261,completed,88640.7355333,88640.7369905,88640.7385282,2.994900001795031
3,261,completed,88640.735533,88640.7370193,88640.7390021,3.4691000037128106
2,262,completed,88640.7668078,88640.7681787,88640.7689744,2.1665999956894666
3,262,completed,88640.7667992,88640.7683334,88640.7694999,2.7006999880541116
1,262,completed,88640.7668604,88640.7684452,88640.7699805,3.120099994703196
0,262,completed,88640.766895,88640.7684418,88640.7705051,3.610100000514649
0,263,completed,88640.8101488,88640.8110672,88640.8117575,1.6087000112747774
2,263,completed,88640.8100903,88640.8112399,88640.8122353,2.1450000058393925
3,263,completed,88640.8100904,88640.8112919,88640.8126866,2.596199992694892
1,263,completed,88640.8105939,88640.8114164,88640.8131277,2.5338000123156235
3,264,completed,88640.8414635,88640.8432643,88640.8440133,2.5498000031802803
1,264,completed,88640.8417892,88640.8434683,88640.8445039,2.7147000073455274
2,264,completed,88640.8418934,88640.8435572,88640.8449707,3.07730000349693
0,264,completed,88640.8418393,88640.843549,88640.8454662,3.6268999974709004
2,265,completed,88640.8725873,88640.8744752,88640.8751602,2.5729000044520944
1,265,completed,88640.872622,88640.8745302,88640.8756728,3.050800005439669
0,265,completed,88640.8730485,88640.8746919,88640.8761377,3.0892000067979097
3,265,completed,88640.8730024,88640.8747047,88640.8765944,3.592000008211471
3,266,completed,88640.9047635,88640.9069465,88640.9076248,2.861300003132783
1,266,completed,88640.9048341,88640.9071186,88640.9081843,3.350200000568293
2,266,completed,88640.9047637,88640.9072088,88640.9087086,3.944900003261864
0,266,completed,88640.9047758,88640.9072087,88640.9092466,4.47080000594724
2,267,completed,88640.9366514,88640.9380241,88640.938722,2.0706000068457797
1,267,completed,88640.9367744,88640.9381949,88640.9391984,2.423999991151504
0,267,completed,88640.9368522,88640.9381762,88640.9396866,2.8344000020297244
3,267,completed,88640.9367123,88640.9381725,88640.940158,3.4457000001566485
2,268,completed,88640.9675144,88640.968766,88640.969589,2.0745999936480075
1,268,completed,88640.9675162,88640.9688414,88640.970133,2.616799989482388
0,268,completed,88640.9677844,88640.9690625,88640.9705991,2.8146999975433573
3,268,completed,88640.9678617,88640.969136,88640.9710631,3.2014000025810674
2,269,completed,88640.9999622,88641.001186,88641.0018621,1.8999000021722168
1,269,completed,88640.9999229,88641.0013048,88641.0024034,2.480499999364838
0,269,completed,88640.9999186,88641.001307,88641.0029176,2.9989999893587083
3,269,completed,88640.999911,88641.0014185,88641.003416,3.505000000586733
3,270,completed,88641.0317858,88641.0337023,88641.0343819,2.5960999919334427
0,270,completed,88641.0319212,88641.033689,88641.0349394,3.0181999900378287
1,270,completed,88641.0318006,88641.0337088,88641.0354686,3.668000004836358
2,270,completed,88641.0317778,88641.0336367,88641.0360178,4.239999994751997
1,271,completed,88641.0782997,88641.0803016,88641.0809514,2.6516999932937324
3,271,completed,88641.0782504,88641.0802932,88641.0815039,3.253500006394461
2,271,completed,88641.0784107,88641.0803618,88641.0819813,3.5705999907804653
0,271,completed,88641.0783712,88641.0803505,88641.0823948,4.023600005893968
0,272,completed,88641.1050353,88641.1067673,88641.1073788,2.3435000039171427
1,272,completed,88641.1050522,88641.1067915,88641.1078776,2.8254000062588602
2,272,completed,88641.1051119,88641.1068618,88641.1083868,3.274899994721636
3,272,completed,88641.1051572,88641.106861,88641.1088859,3.7287000013748184
3,273,completed,88641.13646,88641.1380558,88641.138792,2.3320000036619604
2,273,completed,88641.1364609,88641.1382316,88641.1392789,2.817999993567355
0,273,completed,88641.1365567,88641.1382685,88641.139755,3.198299993528053
1,273,completed,88641.1365959,88641.1382397,88641.1402126,3.6167000071145594
3,274,completed,88641.1677938,88641.1692726,88641.1698606,2.06679999246262
0,274,completed,88641.167755,88641.1692651,88641.1703584,2.6034000038634986
1,274,completed,88641.1678473,88641.1692668,88641.1708205,2.9731999966315925
2,274,completed,88641.1678697,88641.1693213,88641.1712688,3.399099994567223
3,275,completed,88641.1992557,88641.2008699,88641.2026687,3.412999998545274
2,275,completed,88641.1996292,88641.2019563,88641.2036146,3.985400006058626
1,275,completed,88641.1996964,88641.2020096,88641.2042113,4.514900007052347
0,275,completed,88641.1997473,88641.2020958,88641.2047238,4.976500000339001
2,276,completed,88641.2313713,88641.2328118,88641.233446,2.074699994409457
0,276,completed,88641.2313444,88641.2328878,88641.2339664,2.621999999973923
3,276,completed,88641.2313282,88641.2328569,88641.2345005,3.1722999992780387
1,276,completed,88641.2313281,88641.2329107,88641.2349637,3.635600005509332
3,277,completed,88641.2777717,88641.2792428,88641.2800174,2.245700001367368
1,277,completed,88641.2778797,88641.2794189,88641.280568,2.6882999954978004
2,277,completed,88641.2777506,88641.2794535,88641.2810468,3.2961999968392774
0,277,completed,88641.2778128,88641.2794915,88641.2815011,3.688299999339506
3,278,completed,88641.3094801,88641.3108736,88641.3114458,1.9657000084407628
1,278,completed,88641.3094509,88641.3108586,88641.3120404,2.5894999998854473
0,278,completed,88641.3094057,88641.3108143,88641.3124972,3.091499995207414
2,278,completed,88641.3094056,88641.3108147,88641.3129616,3.555999996024184
3,279,completed,88641.3342986,88641.3353729,88641.3364971,2.198499991209246
1,279,completed,88641.3342554,88641.3354959,88641.3369978,2.7423999999882653
0,279,completed,88641.3347396,88641.3361879,88641.3374903,2.750699990428984
2,279,completed,88641.3346403,88641.336184,88641.3379612,3.3208999957423657
0,280,completed,88641.36563,88641.3669091,88641.3675799,1.9499000045470893
2,280,completed,88641.3656445,88641.3669094,88641.3680899,2.44540000858251
3,280,completed,88641.3657404,88641.3670431,88641.3685867,2.846300005330704
1,280,completed,88641.3657081,88641.3670947,88641.3690614,3.353299995069392
1,281,completed,88641.397595,88641.3996459,88641.4002966,2.7015999949071556
2,281,completed,88641.3977683,88641.3997565,88641.4008426,3.074299995205365
0,281,completed,88641.3979611,88641.399785,88641.4013415,3.380399997695349
3,281,completed,88641.397747,88641.3998024,88641.4017667,4.019700005301274
3,282,completed,88641.4468851,88641.4487939,88641.4494012,2.516100008506328
1,282,completed,88641.4468837,88641.4487979,88641.4499091,3.0254000012064353
2,282,completed,88641.4469212,88641.448822,88641.4503723,3.451099997619167
0,282,completed,88641.4470216,88641.4488496,88641.4508303,3.8086999993538484
2,283,completed,88641.4630815,88641.4647307,88641.4653987,2.3172000073827803
3,283,completed,88641.4632342,88641.464839,88641.4660326,2.7984000043943524
1,283,completed,88641.4631546,88641.4649016,88641.4665885,3.433899997617118
0,283,completed,88641.4631153,88641.464891,88641.4670997,3.9844000129960477
1,284,completed,88641.5109501,88641.5131797,88641.5139746,3.0245000089053065
3,284,completed,88641.5111362,88641.5134002,88641.5145119,3.3756999910110608
0,284,completed,88641.5109511,88641.5134202,88641.5149663,4.015200000139885
2,284,completed,88641.5110167,88641.5134277,88641.5154715,4.454800000530668
1,285,completed,88641.5437587,88641.5449356,88641.5456874,1.9286999886389822
0,285,completed,88641.5437635,88641.5450462,88641.5461736,2.410100001725368
2,285,completed,88641.5441318,88641.5451984,88641.5466714,2.5396000128239393
3,285,completed,88641.5441112,88641.5451999,88641.5471322,3.020999996806495
1,286,completed,88641.5747189,88641.5767306,88641.5776025,2.8835999983130023
0,286,completed,88641.5751349,88641.5770819,88641.5780892,2.95429999823682
2,286,completed,88641.57502,88641.577152,88641.5786097,3.5896999906981364
3,286,completed,88641.5750531,88641.5771578,88641.5791064,4.0532999992137775
1,287,completed,88641.6065144,88641.6081663,88641.6087191,2.2046999947633594
2,287,completed,88641.606451,88641.6081362,88641.6092115,2.7605000068433583
0,287,completed,88641.6064417,88641.608132,88641.6096768,3.23509999725502
3,287,completed,88641.6065533,88641.6082056,88641.6100892,3.5359000030439347
2,288,completed,88641.6381928,88641.6406746,88641.6414798,3.2869999995455146
0,288,completed,88641.6381966,88641.640709,88641.6420824,3.885799989802763
1,288,completed,88641.6383742,88641.6407917,88641.6426238,4.2495999950915575
3,288,completed,88641.63835,88641.6407899,88641.6431993,4.849300006753765
1,289,completed,88641.6689362,88641.6702666,88641.6711,2.1638000034727156
3,289,completed,88641.6689594,88641.6704039,88641.6716221,2.662699989741668
2,289,completed,88641.6693658,88641.670641,88641.672098,2.732199995080009
0,289,completed,88641.6694094,88641.6706377,88641.6725511,3.1416999991051853
3,290,completed,88641.7007981,88641.7037211,88641.7044994,3.7012999964645132
2,290,completed,88641.7009227,88641.7037749,88641.7050944,4.171699998551048
0,290,completed,88641.7008188,88641.7038655,88641.7055581,4.739299998618662
1,290,completed,88641.7008004,88641.7038929,88641.7060697,5.26930000341963
1,291,completed,88641.7326857,88641.7348615,88641.7355051,2.8194000042276457
3,291,completed,88641.7328374,88641.7349366,88641.7359911,3.153699988615699
0,291,completed,88641.7327421,88641.7349821,88641.7364516,3.709500000695698
2,291,completed,88641.732766,88641.7349957,88641.7369017,4.135700000915676
1,292,completed,88641.7647496,88641.7665672,88641.7673068,2.5572000013198704
2,292,completed,88641.7647954,88641.7665758,88641.7680765,3.2810999982757494
3,292,completed,88641.764724,88641.7666583,88641.7685514,3.8274000107776374
0,292,completed,88641.7647236,88641.7666598,88641.7691089,4.385299995192327
0,293,completed,88641.8111958,88641.8131255,88641.8137118,2.5160000077448785
3,293,completed,88641.8112641,88641.813166,88641.8141946,2.9304999916348606
1,293,completed,88641.8111955,88641.813172,88641.8146578,3.4622999955900013
2,293,completed,88641.8112381,88641.8131644,88641.8152491,4.010999997262843
2,294,completed,88641.8424351,88641.8437089,88641.8444857,2.0506000000750646
3,294,completed,88641.8424685,88641.8437975,88641.8449882,2.5196999922627583
0,294,completed,88641.8425016,88641.8438932,88641.8454241,2.92250000347849
1,294,completed,88641.8425606,88641.8439507,88641.8458521,3.2915000047069043
0,295,completed,88641.8781557,88641.88033,88641.8809697,2.813999992213212
3,295,completed,88641.8782341,88641.8804129,88641.8814712,3.2370999979320914
2,295,completed,88641.8782629,88641.8804333,88641.8819232,3.660299989860505
1,295,completed,88641.8783469,88641.8804604,88641.8823197,3.972799997427501
2,296,completed,88641.9102286,88641.9116918,88641.9123241,2.0955000072717667
0,296,completed,88641.9102285,88641.9116976,88641.9129008,2.6723000046331435
3,296,completed,88641.9102288,88641.9116975,88641.9134068,3.1779999990249053
1,296,completed,88641.9103001,88641.9117317,88641.9138547,3.5545999999158084
2,297,completed,88641.9416001,88641.94358,88641.9442139,2.6137999957427382
3,297,completed,88641.9416011,88641.9436089,88641.9447308,3.129699995042756
0,297,completed,88641.9416503,88641.9437269,88641.9451829,3.532600007019937
1,297,completed,88641.9416527,88641.943729,88641.9456471,3.99440000182949
0,298,completed,88641.9734253,88641.9749799,88641.9758341,2.408799991826527
1,298,completed,88641.9736389,88641.9753113,88641.9763676,2.7286999975331128
2,298,completed,88641.9737873,88641.9753614,88641.9768266,3.0393000051844865
3,298,completed,88641.9738268,88641.9753859,88641.9773198,3.4930000110762194
0,299,completed,88642.0059874,88642.0085734,88642.0095863,3.5989000025438145
2,299,completed,88642.0059177,88642.0085127,88642.0103901,4.472400003578514
3,299,completed,88642.0059173,88642.0085085,88642.0108223,4.904999994323589
1,299,completed,88642.0061019,88642.0086239,88642.0112341,5.132200007210486
0,300,completed,88642.0371389,88642.0394066,88642.0400239,2.884999994421378
1,300,completed,88642.0372091,88642.0394512,88642.0405235,3.3144000044558197
3,300,completed,88642.0371084,88642.0394991,88642.0409936,3.885199999785982
2,300,completed,88642.0371084,88642.0395003,88642.0414687,4.36029999400489
2,301,completed,88642.0685007,88642.0699905,88642.0708095,2.308800001628697
3,301,completed,88642.0684759,88642.0700382,88642.0713346,2.8586999978870153
0,301,completed,88642.0690074,88642.0701777,88642.0718215,2.8140999929746613
1,301,completed,88642.0685545,88642.0702469,88642.0723003,3.745800000615418
1,302,completed,88642.1002906,88642.102153,88642.1027025,2.411899986327626
2,302,completed,88642.1002455,88642.1021125,88642.1032061,2.9606000025523826
3,302,completed,88642.1002262,88642.1021394,88642.1036757,3.449499999987893
0,302,completed,88642.1002182,88642.1021312,88642.1041186,3.9003999991109595
3,303,completed,88642.1315316,88642.1336996,88642.1343566,2.825000003213063
2,303,completed,88642.1315335,88642.1338148,88642.1348466,3.3131000091088936
0,303,completed,88642.1320226,88642.1338991,88642.1353088,3.286200008005835
1,303,completed,88642.1320853,88642.133924,88642.1357716,3.6862999986624345
3,304,completed,88642.163608,88642.1651877,88642.1661676,2.559599990490824
2,304,completed,88642.1641426,88642.1656395,88642.1666988,2.556200008257292
1,304,completed,88642.1640915,88642.1656405,88642.1671989,3.107399999862537
0,304,completed,88642.1638395,88642.1656871,88642.167667,3.8274999969871715
0,305,completed,88642.2112067,88642.2124515,88642.2131196,1.912899999297224
1,305,completed,88642.2112008,88642.2125615,88642.2136457,2.4449000047752634
3,305,completed,88642.2112199,88642.2125922,88642.214161,2.941099999588914
2,305,completed,88642.211304,88642.2125502,88642.2146502,3.34619999921415
0,306,completed,88642.2436041,88642.245232,88642.245887,2.2828999935882166
1,306,completed,88642.2436277,88642.2452693,88642.246429,2.801300011924468
3,306,completed,88642.2436877,88642.245347,88642.2469093,3.221599996322766
2,306,completed,88642.2436975,88642.2453428,88642.2474311,3.73359999503009
1,307,completed,88642.2747157,88642.2763518,88642.2769281,2.2123999951872975
3,307,completed,88642.2746993,88642.2763228,88642.2774121,2.71279999287799
2,307,completed,88642.2747357,88642.2763951,88642.277872,3.1363000016426668
0,307,completed,88642.2748228,88642.2764541,88642.278321,3.498200007015839
2,308,completed,88642.302175,88642.3042839,88642.3048705,2.6954999921144918
3,308,completed,88642.3022578,88642.3042892,88642.3053738,3.116000007139519
0,308,completed,88642.3021908,88642.3043356,88642.305835,3.644200012786314
1,308,completed,88642.3023191,88642.3043366,88642.3062847,3.9656000008108094
3,309,completed,88642.3334292,88642.3345412,88642.3351995,1.7702999903121963
0,309,completed,88642.3334747,88642.3346306,88642.3356881,2.213400002801791
2,309,completed,88642.3334427,88642.3346997,88642.3361687,2.726000006077811
1,309,completed,88642.3335121,88642.3347402,88642.3366431,3.1310000049415976
0,310,completed,88642.3647473,88642.3663829,88642.3673432,2.595900004962459
2,310,completed,88642.3648563,88642.3667011,88642.3679071,3.0507999908877537
1,310,completed,88642.3649285,88642.3667269,88642.3683961,3.4676000068429857
3,310,completed,88642.3651675,88642.366796,88642.3688772,3.7097000022185966
0,311,completed,88642.4073037,88642.4094636,88642.4100721,2.7683999942382798
1,311,completed,88642.4073684,88642.4095072,88642.4106023,3.233900002669543
3,311,completed,88642.4072843,88642.4094985,88642.4110644,3.7800999998580664
2,311,completed,88642.4074611,88642.4094981,88642.4115199,4.058799997437745
1,312,completed,88642.4384661,88642.4396801,88642.4404083,1.9422000041231513
0,312,completed,88642.4384896,88642.4397339,88642.4409705,2.4809000024106354
3,312,completed,88642.4384526,88642.4398145,88642.4416555,3.202899999450892
2,312,completed,88642.4385536,88642.4398782,88642.4421687,3.61509999493137
2,313,completed,88642.469853,88642.470822,88642.4716889,1.8358999950578436
3,313,completed,88642.4698608,88642.4708664,88642.4722147,2.3538999957963824
0,313,completed,88642.4702445,88642.4713906,88642.4726894,2.4449000047752634
1,313,completed,88642.4702692,88642.4714004,88642.4731515,2.882300002966076
3,314,completed,88642.5017574,88642.5037552,88642.5043694,2.6120000111404806
2,314,completed,88642.5018012,88642.5038294,88642.5048676,3.0664000078104436
0,314,completed,88642.5018386,88642.5038342,88642.5053138,3.475199991953559
1,314,completed,88642.5019475,88642.5038599,88642.5057401,3.792599993175827
0,315,completed,88642.5329305,88642.5349549,88642.5357187,2.788199999486096
3,315,completed,88642.5332365,88642.5351264,88642.5363168,3.0802999972365797
1,315,completed,88642.5332346,88642.5351185,88642.5368167,3.5820999910356477
2,315,completed,88642.5330647,88642.5351595,88642.5372823,4.217600013362244
1,316,completed,88642.564908,88642.5663002,88642.5671276,2.219600006355904
0,316,completed,88642.5650018,88642.566359,88642.5677283,2.7264999953331426
2,316,completed,88642.5649374,88642.5663368,88642.5682328,3.2953999907476828
3,316,completed,88642.5644122,88642.5666679,88642.5687279,4.3157000036444515
3,317,completed,88642.6118625,88642.6132649,88642.6141362,2.273700010846369
2,317,completed,88642.6120829,88642.6136339,88642.6146295,2.546600007917732
0,317,completed,88642.6120548,88642.6136782,88642.6150696,3.0147999932523817
1,317,completed,88642.612135,88642.6136683,88642.615482,3.3469999907538295
3,318,completed,88642.6431204,88642.6447423,88642.6455537,2.4333000037586316
1,318,completed,88642.6431572,88642.6448299,88642.6461204,2.963199993246235
0,318,completed,88642.6432149,88642.6448683,88642.6466078,3.3928999910131097
2,318,completed,88642.6432361,88642.6449203,88642.6471184,3.8822999922558665
2,319,completed,88642.6742763,88642.6753217,88642.6762449,1.968600001418963
0,319,completed,88642.6743803,88642.675506,88642.6768302,2.4498999991919845
3,319,completed,88642.6746798,88642.675798,88642.6773729,2.693100002943538
1,319,completed,88642.6747249,88642.6758492,88642.6778527,3.127799995127134
1,320,completed,88642.707775,88642.7097459,88642.7104598,2.684799997950904
2,320,completed,88642.7077053,88642.7096776,88642.7111034,3.3981000015046448
0,320,completed,88642.7077371,88642.7097651,88642.7118729,4.135800001677126
3,320,completed,88642.7078915,88642.709795,88642.7123841,4.492599997320212
3,321,completed,88642.7367897,88642.7377337,88642.7386938,1.9041000050492585
2,321,completed,88642.7368002,88642.7378809,88642.7393275,2.5273000064771622
1,321,completed,88642.7369289,88642.7380819,88642.7398289,2.8999999922234565
0,321,completed,88642.7373419,88642.7382352,88642.7403195,2.9775999864796177
0,322,completed,88642.7684554,88642.7701488,88642.7707957,2.340299994102679
2,322,completed,88642.7684624,88642.7701749,88642.7713047,2.842300003976561
1,322,completed,88642.7684445,88642.7701671,88642.7717814,3.336900001158938
3,322,completed,88642.7684838,88642.7701467,88642.7722276,3.7437999999383464
1,323,completed,88642.7996275,88642.8009801,88642.8015207,1.8931999948108569
0,323,completed,88642.7995739,88642.8009329,88642.8020096,2.4356999929295853
2,323,completed,88642.7996148,88642.8009679,88642.8024728,2.858000007108785
3,323,completed,88642.799574,88642.8009372,88642.8029234,3.3493999944766983
1,324,completed,88642.8304333,88642.8326507,88642.8332876,2.85430000803899
0,324,completed,88642.8303178,88642.8326339,88642.8339111,3.593299989006482
3,324,completed,88642.830339,88642.8326544,88642.8344574,4.118400000152178
2,324,completed,88642.8310008,88642.8327247,88642.8350089,4.008100004284643
0,325,completed,88642.8647652,88642.8662514,88642.8670856,2.3203999880934134
2,325,completed,88642.8652608,88642.8665314,88642.8676962,2.4354000051971525
1,325,completed,88642.8651852,88642.8665465,88642.8682907,3.1054999999469146
3,325,completed,88642.8652751,88642.8666199,88642.8688959,3.6207999946782365
2,326,completed,88642.9129323,88642.9142444,88642.9150355,2.1032000076957047
3,326,completed,88642.9129243,88642.9143385,88642.915655,2.7306999982101843
1,326,completed,88642.9129207,88642.9143989,88642.9162091,3.2884000102058053
0,326,completed,88642.9131816,88642.9144288,88642.9167466,3.5650000063469633
3,327,completed,88642.9320479,88642.9333783,88642.9339893,1.9413999980315566
1,327,completed,88642.9320589,88642.9333782,88642.9344632,2.4043000012170523
0,327,completed,88642.9321712,88642.933443,88642.9349267,2.755500012426637
2,327,completed,88642.9322829,88642.9334825,88642.9355094,3.226500004529953
2,328,completed,88642.9682371,88642.9701344,88642.9711336,2.8965000092284754
0,328,completed,88642.9683218,88642.9701921,88642.9716541,3.3322999952360988
1,328,completed,88642.9687904,88642.9704566,88642.9721373,3.3469000045442954
3,328,completed,88642.9685022,88642.9704848,88642.9726075,4.105300002265722
3,329,completed,88642.9998614,88643.0012671,88643.0018909,2.029499999480322
1,329,completed,88642.9999156,88643.0013472,88643.0024239,2.5083000073209405
2,329,completed,88642.9998613,88643.0012835,88643.00302,3.1586999975843355
0,329,completed,88642.9999037,88643.0013411,88643.003523,3.619300012360327
1,330,completed,88643.0445741,88643.0456655,88643.0463774,1.8032999942079186
2,330,completed,88643.0445809,88643.0456515,88643.0468956,2.314700002898462
3,330,completed,88643.0449723,88643.0459919,88643.0473275,2.3551999911433086
0,330,completed,88643.0449795,88643.0460103,88643.0477734,2.7938999992329627
0,331,completed,88643.0764707,88643.0781072,88643.078693,2.2222999978112057
2,331,completed,88643.0763904,88643.0780728,88643.0792497,2.859299987903796
3,331,completed,88643.0764208,88643.0780941,88643.079706,3.2852000003913417
1,331,completed,88643.0763663,88643.0780608,88643.0801684,3.802100007305853
1,332,completed,88643.1077207,88643.1091016,88643.109806,2.085299987811595
0,332,completed,88643.1077131,88643.1090774,88643.1103576,2.644499996677041
3,332,completed,88643.1077786,88643.1091656,88643.1108356,3.057000008993782
2,332,completed,88643.1077588,88643.1091527,88643.1113289,3.570100001525134
2,333,completed,88643.1426772,88643.1439802,88643.14473,2.052800002275035
1,333,completed,88643.1427693,88643.1441132,88643.1459183,3.148999996483326
0,333,completed,88643.1426761,88643.1441057,88643.146438,3.761899992241524
3,333,completed,88643.1427037,88643.1441791,88643.1469156,4.211899999063462
1,334,completed,88643.1770866,88643.1788946,88643.1795821,2.4954999971669167
3,334,completed,88643.1771404,88643.179018,88643.1800839,2.943500003311783
0,334,completed,88643.177468,88643.1790427,88643.1805482,3.0802000110270455
2,334,completed,88643.1775211,88643.1790877,88643.1810054,3.4842999884858727
3,335,completed,88643.2091172,88643.210665,88643.2112381,2.1209000115050003
1,335,completed,88643.2091681,88643.2106582,88643.2117375,2.569399992353283
2,335,completed,88643.209108,88643.2107331,88643.2122095,3.1014999985927716
0,335,completed,88643.2091076,88643.210732,88643.2126601,3.5524999984772876
0,336,completed,88643.2416772,88643.2429929,88643.2436571,1.9799000001512468
1,336,completed,88643.2417613,88643.2430195,88643.2441991,2.437799994368106
3,336,completed,88643.2416693,88643.2429807,88643.2447111,3.0417999951168895
2,336,completed,88643.2416773,88643.2429958,88643.2451889,3.5115999926347286
0,337,completed,88643.2729534,88643.2746073,88643.2752389,2.285499998833984
1,337,completed,88643.272924,88643.2745755,88643.275817,2.892999997129664
3,337,completed,88643.272999,88643.27465,88643.2765113,3.512300012516789
2,337,completed,88643.2729706,88643.2746408,88643.2771138,4.143199999816716
3,338,completed,88643.3078544,88643.3091442,88643.3098355,1.9810999947367236
1,338,completed,88643.3079516,88643.3093476,88643.3103311,2.3795000015525147
0,338,completed,88643.3078935,88643.3093071,88643.3107999,2.9064000118523836
2,338,completed,88643.3078431,88643.3092957,88643.3112516,3.4084999933838844
2,339,completed,88643.3304601,88643.3308612,88643.3317246,1.2644999951589853
1,339,completed,88643.3468524,88643.3478532,88643.3485089,1.6564999968977645
0,339,completed,88643.3468218,88643.3478287,88643.3490357,2.2138999920571223
3,339,completed,88643.3468322,88643.3478883,88643.3495216,2.689400003873743
1,340,completed,88643.3784721,88643.3800638,88643.3807903,2.3182000004453585
0,340,completed,88643.3784382,88643.3802314,88643.3813698,2.9316000000108033
3,340,completed,88643.378435,88643.3802238,88643.381916,3.480999992461875
2,340,completed,88643.37849,88643.3803072,88643.3823759,3.885899990564212
3,341,completed,88643.4097027,88643.4109971,88643.4117114,2.0087000011699274
1,341,completed,88643.4097002,88643.4110497,88643.4122492,2.5489999970886856
0,341,completed,88643.4097247,88643.4111989,88643.412744,3.0192999984137714
2,341,completed,88643.4097117,88643.4113008,88643.4132728,3.5610999912023544
2,342,completed,88643.4308498,88643.4312705,88643.4318977,1.047899990226142
0,342,completed,88643.4465368,88643.4478106,88643.4485441,2.007300005061552
3,342,completed,88643.4465698,88643.4479806,88643.4491601,2.590300005977042
1,342,completed,88643.4465695,88643.4479775,88643.4496582,3.088700002990663
1,343,completed,88643.4769668,88643.478572,88643.4792641,2.2973000013735145
2,343,completed,88643.4769903,88643.4786415,88643.4798091,2.8187999996589497
0,343,completed,88643.4769562,88643.4786801,88643.480294,3.3377999934600666
3,343,completed,88643.4770324,88643.4786708,88643.4807621,3.7297000089893118
0,344,completed,88643.5077197,88643.5091254,88643.5098185,2.098799988743849
2,344,completed,88643.5077793,88643.5091286,88643.5103756,2.5963000080082566
1,344,completed,88643.5077196,88643.509231,88643.5108761,3.1564999953843653
3,344,completed,88643.5078098,88643.5092947,88643.51135,3.5402000066824257
2,345,completed,88643.5402941,88643.5415603,88643.5423813,2.0871999877272174
1,345,completed,88643.5403082,88643.5415888,88643.5429733,2.665100008016452
3,345,completed,88643.540349,88643.5418433,88643.5435252,3.1761999998707324
0,345,completed,88643.5403636,88643.5418692,88643.5440657,3.702100002556108
1,346,completed,88643.5709621,88643.5724102,88643.5730359,2.073800002108328
2,346,completed,88643.5709893,88643.5724384,88643.573562,2.5727000029291958
3,346,completed,88643.5709132,88643.5725138,88643.5741372,3.224000000045635
0,346,completed,88643.5709132,88643.5725083,88643.5746577,3.7444999907165766
3,347,completed,88643.6085037,88643.6099947,88643.6106348,2.1311000018613413
0,347,completed,88643.6085256,88643.6099785,88643.6111809,2.6553000061539933
2,347,completed,88643.6085812,88643.6101048,88643.6116953,3.1141000072238967
1,347,completed,88643.608546,88643.6101121,88643.6122199,3.673899991554208
0,348,completed,88643.6399319,88643.6412615,88643.6420418,2.1099000005051494
2,348,completed,88643.6398835,88643.6413465,88643.6425554,2.671900001587346
1,348,completed,88643.6399654,88643.6413362,88643.6431693,3.2039000070653856
3,348,completed,88643.6398836,88643.6413454,88643.6437143,3.83069999224972
2,349,completed,88643.6695961,88643.6713462,88643.6719873,2.391200003330596
0,349,completed,88643.6695792,88643.6713214,88643.6725412,2.961999998660758
3,349,completed,88643.6695854,88643.6713215,88643.6730876,3.502199993818067
1,349,completed,88643.6696357,88643.6713939,88643.6735876,3.951899998355657
1,350,completed,88643.704968,88643.7061909,88643.7070182,2.0501999970292673
2,350,completed,88643.7049913,88643.7063482,88643.7076069,2.6156000094488263
0,350,completed,88643.7050092,88643.7065096,88643.7081178,3.1085999944480136
3,350,completed,88643.7050563,88643.7064876,88643.7086472,3.5908999998355284
0,351,completed,88643.7366384,88643.7381339,88643.7390376,2.3991999914869666
3,351,completed,88643.7367372,88643.7382226,88643.7397043,2.9670999938389286
1,351,completed,88643.7366794,88643.7382337,88643.7402382,3.55880000279285
2,351,completed,88643.7366382,88643.7382712,88643.7407601,4.1218999976990744
1,352,completed,88643.7674006,88643.7691034,88643.7699012,2.5005999923450872
2,352,completed,88643.7674876,88643.7691701,88643.7705212,3.03360000543762
3,352,completed,88643.7674097,88643.7692507,88643.7711085,3.6988000065321103
0,352,completed,88643.7674254,88643.7692806,88643.771679,4.2535999964457005
0,353,completed,88643.8033118,88643.8046466,88643.8053283,2.016500002355315
1,353,completed,88643.8033848,88643.8047237,88643.8059107,2.5258999958168715
2,353,completed,88643.8033224,88643.8047835,88643.806463,3.140600005281158
3,353,completed,88643.803311,88643.804791,88643.8069511,3.6401000106707215
2,354,completed,88643.8342649,88643.8357252,88643.8364791,2.2142000088933855
3,354,completed,88643.8342811,88643.8358155,88643.8369721,2.6910000015050173
1,354,completed,88643.8343551,88643.8360222,88643.8374263,3.071200000704266
0,354,completed,88643.8343659,88643.8360219,88643.8379617,3.5958000080427155
0,355,completed,88643.865535,88643.867147,88643.8679593,2.4242999934358522
3,355,completed,88643.8655249,88643.8671481,88643.868638,3.1130999996094033
2,355,completed,88643.8656121,88643.8672431,88643.8691683,3.556200012098998
1,355,completed,88643.865619,88643.8673368,88643.8697735,4.154499998548999
2,356,completed,88643.8972906,88643.8986365,88643.8992933,2.002699999138713
0,356,completed,88643.8974042,88643.8987553,88643.8997939,2.3896999919088557
3,356,completed,88643.8973354,88643.8987396,88643.9002596,2.9242000018712133
1,356,completed,88643.8973567,88643.8987721,88643.9007237,3.3669999975245446
0,357,completed,88643.9449688,88643.946616,88643.947231,2.2621999960392714
1,357,completed,88643.944944,88643.9466349,88643.9477482,2.804199990350753
2,357,completed,88643.9449601,88643.94662,88643.9482069,3.246799999033101
3,357,completed,88643.9449989,88643.9466906,88643.9486578,3.6589000083040446
2,358,completed,88643.9765892,88643.9781617,88643.9792622,2.6729999954113737
3,358,completed,88643.9765888,88643.9783756,88643.9800813,3.4925000072689727
1,358,completed,88643.9769088,88643.9784758,88643.9808021,3.8933000032557175
0,358,completed,88643.9769565,88643.9785525,88643.9815274,4.570899996906519
0,359,completed,88644.0079056,88644.009555,88644.0102169,2.311300006113015
2,359,completed,88644.0078925,88644.0095267,88644.0107548,2.862299996195361
3,359,completed,88644.0079263,88644.0095987,88644.011252,3.3257000031881034
1,359,completed,88644.0079965,88644.0096379,88644.0117257,3.72919999063015
0,360,completed,88644.0397497,88644.0412801,88644.041913,2.163299999665469
1,360,completed,88644.0396438,88644.0411924,88644.0424495,2.805700001772493
2,360,completed,88644.039653,88644.0412291,88644.0429039,3.2509000011486933
3,360,completed,88644.039698,88644.0413299,88644.0433634,3.6653999995905906
1,361,completed,88644.0713143,88644.0728981,88644.0735401,2.225799995358102
2,361,completed,88644.0713645,88644.0729655,88644.0741648,2.8002999897580594
0,361,completed,88644.0712641,88644.0729562,88644.0746495,3.3854000066639856
3,361,completed,88644.0714112,88644.0731069,88644.0751379,3.726700000697747
2,362,completed,88644.1025538,88644.1039789,88644.104959,2.4052000080700964
3,362,completed,88644.102523,88644.1041204,88644.1055744,3.051400010008365
0,362,completed,88644.1025603,88644.1041924,88644.1061344,3.574100002879277
1,362,completed,88644.1026316,88644.1041897,88644.1066626,4.030999989481643
1,363,completed,88644.1339606,88644.1354973,88644.1362127,2.2521000064443797
3,363,completed,88644.1339507,88644.1354515,88644.1367903,2.8396000125212595
0,363,completed,88644.1340006,88644.135552,88644.1373142,3.313599998364225
2,363,completed,88644.1340095,88644.1355762,88644.1380143,4.00479999370873
1,364,completed,88644.1710916,88644.1727624,88644.1736647,2.573100005974993
0,364,completed,88644.1710676,88644.1728813,88644.1743605,3.29290000081528
2,364,completed,88644.1710373,88644.1729422,88644.1750686,4.031300006317906
3,364,completed,88644.1710375,88644.172963,88644.175658,4.620499996235594
3,365,completed,88644.206359,88644.2078257,88644.208603,2.2440000029746443
2,365,completed,88644.2063111,88644.207863,88644.2091936,2.882500004488975
0,365,completed,88644.2063106,88644.2079154,88644.2098481,3.537500000675209
1,365,completed,88644.206371,88644.2079683,88644.2104559,4.084900007001124
0,366,completed,88644.2459661,88644.2478016,88644.2483748,2.4086999910650775
3,366,completed,88644.245946,88644.2477406,88644.2489161,2.9701000021304935
2,366,completed,88644.2459457,88644.2477453,88644.2494014,3.455700003542006
1,366,completed,88644.2460732,88644.2478385,88644.2499021,3.828899993095547
0,367,completed,88644.277211,88644.279013,88644.2797063,2.4953000101959333
2,367,completed,88644.2771909,88644.2789613,88644.280315,3.124099996057339
3,367,completed,88644.2771481,88644.2791288,88644.2808772,3.7291000044206157
1,367,completed,88644.2771481,88644.2791435,88644.2814843,4.336199999670498
1,368,completed,88644.3006662,88644.3020692,88644.3027651,2.0989000040572137
3,368,completed,88644.3006494,88644.302181,88644.3032998,2.6503999979468063
2,368,completed,88644.3007274,88644.3021583,88644.303777,3.049599996302277
0,368,completed,88644.3006496,88644.3021932,88644.3042378,3.5881999938283116
0,369,completed,88644.3433574,88644.3449926,88644.3457944,2.4370000028284267
3,369,completed,88644.3433193,88644.3451526,88644.346387,3.06770000315737
1,369,completed,88644.3433681,88644.3452021,88644.3468929,3.5247999912826344
2,369,completed,88644.3434623,88644.3452128,88644.3473805,3.918199989129789
0,370,completed,88644.3747883,88644.3762131,88644.3769038,2.1154999994905666
2,370,completed,88644.3748537,88644.3761814,88644.3777291,2.8753999940818176
3,370,completed,88644.3747613,88644.3762769,88644.3783343,3.572999994503334
1,370,completed,88644.3747615,88644.3763839,88644.3788898,4.128300002776086
0,371,completed,88644.4065961,88644.408129,88644.4088093,2.213200001278892
3,371,completed,88644.4065677,88644.4081857,88644.409333,2.7652999997371808
2,371,completed,88644.4066607,88644.4082293,88644.4100454,3.38470000133384
1,371,completed,88644.4066112,88644.4082512,88644.4105642,3.9530000067315996
1,372,completed,88644.4383821,88644.439786,88644.4404798,2.097700009471737
3,372,completed,88644.4383184,88644.4397565,88644.4410831,2.7646999951684847
2,372,completed,88644.4383464,88644.4398732,88644.441855,3.508599998895079
0,372,completed,88644.4384252,88644.4399053,88644.442398,3.972799997427501
1,373,completed,88644.4703138,88644.4720607,88644.4727751,2.4612999986857176
2,373,completed,88644.470372,88644.4721444,88644.4735481,3.176099999109283
0,373,completed,88644.4703342,88644.4721958,88644.4741092,3.775000004679896
3,373,completed,88644.4704379,88644.4722367,88644.4746388,4.200900002615526
1,374,completed,88644.5017038,88644.5027184,88644.5036677,1.96390000928659
3,374,completed,88644.5016686,88644.5027512,88644.5043615,2.6929000014206395
2,374,completed,88644.5021058,88644.5032209,88644.5051604,3.0546000052709132
0,374,completed,88644.5021306,88644.5032881,88644.5058076,3.6770000006072223
3,375,completed,88644.532823,88644.5339863,88644.5348108,1.9878000020980835
1,375,completed,88644.5328135,88644.5340953,88644.5354284,2.614900004118681
0,375,completed,88644.5329147,88644.5342489,88644.5359479,3.0332000023918226
2,375,completed,88644.5328334,88644.5343079,88644.5365982,3.7647999997716397
3,376,completed,88644.5793769,88644.580824,88644.5816696,2.2926999954506755
1,376,completed,88644.5794035,88644.5809921,88644.5821626,2.7590999961830676
2,376,completed,88644.579376,88644.5810391,88644.5826896,3.3136000129161403
0,376,completed,88644.5793872,88644.5811837,88644.5831878,3.800599995884113
1,377,completed,88644.6106058,88644.6119294,88644.6126639,2.058099998976104
0,377,completed,88644.6105508,88644.6120232,88644.613252,2.7011999918613583
3,377,completed,88644.610626,88644.6120353,88644.6138464,3.220400001737289
2,377,completed,88644.6105602,88644.6120264,88644.6143722,3.811999995377846
0,378,completed,88644.630951,88644.6316498,88644.632277,1.3259999977890402
1,378,completed,88644.6309631,88644.6316637,88644.6328575,1.8943999893963337
2,378,completed,88644.640585,88644.6411923,88644.6418145,1.2295000051381066
3,378,completed,88644.6406283,88644.6412973,88644.6423277,1.699400003417395
3,379,completed,88644.6723659,88644.6738019,88644.674508,2.142099998309277
1,379,completed,88644.6724633,88644.6739452,88644.6750508,2.587499999208376
2,379,completed,88644.6724012,88644.6739664,88644.6755695,3.1682999979238957
0,379,completed,88644.6724943,88644.6740237,88644.6760946,3.60029999865219
0,380,completed,88644.7068411,88644.7084817,88644.7092009,2.359800011618063
2,380,completed,88644.706787,88644.7084557,88644.7097995,3.012499990290962
1,380,completed,88644.7068115,88644.7084588,88644.7104112,3.599699994083494
3,380,completed,88644.7067532,88644.7084404,88644.7109909,4.237700006342493
3,381,completed,88644.7379009,88644.7390712,88644.7399324,2.0315000001573935
1,381,completed,88644.7380423,88644.7393208,88644.7405288,2.4865000013960525
0,381,completed,88644.7380051,88644.7394247,88644.7410325,3.0274000018835068
2,381,completed,88644.737922,88644.7394181,88644.741506,3.584000005503185
2,382,completed,88644.7686281,88644.7699332,88644.7707559,2.1277999912854284
1,382,completed,88644.768667,88644.7700217,88644.7713656,2.698600001167506
3,382,completed,88644.7685986,88644.7700865,88644.7719148,3.3162000036099926
0,382,completed,88644.7686893,88644.7701337,88644.772486,3.7966999952914193
1,383,completed,88644.8041977,88644.8054082,88644.8062958,2.098099997965619
0,383,completed,88644.8041977,88644.8054964,88644.8069604,2.7627000090433285
3,383,completed,88644.8046001,88644.805794,88644.8075235,2.9233999957796186
2,383,completed,88644.8046472,88644.8058768,88644.8080886,3.4413999965181574
2,384,completed,88644.8359801,88644.8365111,88644.8377422,1.7621000006329268
0,384,completed,88644.8361464,88644.836912,88644.8382487,2.1023000008426607
3,384,completed,88644.8363302,88644.8375111,88644.8387535,2.423299985821359
1,384,completed,88644.8364358,88644.8376088,88644.8392115,2.7757000061683357
1,385,completed,88644.8677779,88644.8696181,88644.8703598,2.5819000002229586
2,385,completed,88644.8677745,88644.8695897,88644.8708982,3.1236999930115417
3,385,completed,88644.868492,88644.869877,88644.8714116,2.9196000105002895
0,385,completed,88644.8684589,88644.8698933,88644.8719208,3.461899992544204
3,386,completed,88644.8986936,88644.9001243,88644.9007782,2.084599997033365
0,386,completed,88644.8986816,88644.9001114,88644.9013561,2.6745000068331137
2,386,completed,88644.8987059,88644.9001456,88644.9019482,3.242299993871711
1,386,completed,88644.8987289,88644.9001724,88644.9025191,3.790199989452958
3,387,completed,88644.9299706,88644.9304298,88644.9310422,1.0715999960666522
1,387,completed,88644.9444427,88644.9450784,88644.9458655,1.422800007276237
2,387,completed,88644.9448197,88644.9454552,88644.9463501,1.5303999971365556
0,387,completed,88644.9448704,88644.9455865,88644.9467994,1.9290000054752454
0,388,completed,88644.976088,88644.9770286,88644.9781332,2.045200002612546
1,388,completed,88644.9761188,88644.9772714,88644.9786563,2.5374999968335032
2,388,completed,88644.9766509,88644.9776991,88644.9791373,2.486400000634603
3,388,completed,88644.9766485,88644.9777873,88644.9796457,2.9972000047564507
0,389,completed,88645.0075383,88645.0095989,88645.0104618,2.923500011092983
1,389,completed,88645.0075382,88645.0096871,88645.0110294,3.4911999973701313
2,389,completed,88645.0080478,88645.009854,88645.011493,3.4451999963494018
3,389,completed,88645.0080694,88645.009879,88645.0119619,3.8924999971641228
2,390,completed,88645.039365,88645.0411194,88645.041979,2.613999997265637
1,390,completed,88645.0397222,88645.0415189,88645.0424295,2.707299994654022
3,390,completed,88645.039528,88645.0416145,88645.0428865,3.358500005560927
0,390,completed,88645.0398003,88645.0416786,88645.043332,3.531700000166893
0,391,completed,88645.0710942,88645.0729817,88645.0735603,2.4661000061314553
2,391,completed,88645.0710653,88645.0730085,88645.0740977,3.032399996300228
3,391,completed,88645.0711106,88645.0730062,88645.0746371,3.526500004227273
1,391,completed,88645.0710255,88645.0729986,88645.0751162,4.090699992957525
2,392,completed,88645.1022846,88645.1042768,88645.1049941,2.7094999968539923
0,392,completed,88645.1023291,88645.1043752,88645.1055319,3.202799998689443
1,392,completed,88645.1023618,88645.1044092,88645.1060118,3.6499999987427145
3,392,completed,88645.1024267,88645.1043941,88645.1064898,4.063100001076236
3,393,completed,88645.13308,88645.1346745,88645.1353017,2.2216999932425097
1,393,completed,88645.1331715,88645.1347722,88645.1357971,2.6255999982822686
2,393,completed,88645.1331231,88645.1347658,88645.1362616,3.138500003842637
0,393,completed,88645.1332488,88645.1348236,88645.1367677,3.5188999900128692
3,394,completed,88645.1649972,88645.1664676,88645.1671964,2.1991999965393916
1,394,completed,88645.1649436,88645.1664993,88645.1677907,2.8470999968703836
0,394,completed,88645.1649444,88645.1664985,88645.1683788,3.4343999868724495
2,394,completed,88645.1650174,88645.166648,88645.1688832,3.865800012135878
1,395,completed,88645.1978417,88645.1989739,88645.1998523,2.0105999865336344
3,395,completed,88645.1979544,88645.1993388,88645.2003931,2.43870000122115
0,395,completed,88645.198116,88645.19943,88645.2009187,2.8026999934809282
2,395,completed,88645.2135557,88645.2139837,88645.2145885,1.0328000062145293
0,396,completed,88645.2295354,88645.2307925,88645.2314143,1.8789000023389235
3,396,completed,88645.2295555,88645.2308512,88645.2320027,2.4471999931847677
1,396,completed,88645.2458614,88645.2470207,88645.247724,1.8625999946380034
2,396,completed,88645.2462131,88645.2471555,88645.2484245,2.211399987572804
3,397,completed,88645.2776358,88645.2787719,88645.2799346,2.2987999982433394
2,397,completed,88645.2779035,88645.2793344,88645.2805799,2.676400006748736
1,397,completed,88645.2782414,88645.2795136,88645.2810584,2.817000000504777
0,397,completed,88645.2782416,88645.2795525,88645.2815034,3.2617999968351796
1,398,completed,88645.309209,88645.3101221,88645.3110072,1.7981999990297481
2,398,completed,88645.3092593,88645.3104442,88645.311803,2.5437000003876165
0,398,completed,88645.3095651,88645.3106475,88645.3123649,2.799800000502728
3,398,completed,88645.3093934,88645.3106687,88645.3129206,3.5271999950055033
1,399,completed,88645.3403419,88645.3424162,88645.343248,2.9061000095680356
0,399,completed,88645.34033,88645.3425494,88645.3439208,3.590799999074079
3,399,completed,88645.3403504,88645.3426116,88645.3445356,4.185199999483302
2,399,completed,88645.340451,88645.3427506,88645.345343,4.891999997198582
0,400,completed,88645.3715084,88645.3734082,88645.3741783,2.6699000009102747
2,400,completed,88645.3715411,88645.3734015,88645.3749679,3.426800001761876
1,400,completed,88645.3715085,88645.3736432,88645.3755912,4.082700004801154
3,400,completed,88645.3715081,88645.3736419,88645.3761253,4.6172000002115965
0,401,completed,88645.4020373,88645.4037422,88645.4044564,2.4191000120481476
2,401,completed,88645.4020806,88645.4038026,88645.4051886,3.1079999898793176
1,401,completed,88645.4020678,88645.4039569,88645.405768,3.7002000026404858
3,401,completed,88645.4020235,88645.4040046,88645.4063565,4.3329999898560345
0,402,completed,88645.4336762,88645.4352952,88645.4360645,2.3882999958004802
3,402,completed,88645.4337527,88645.4354968,88645.4366109,2.8581999940797687
2,402,completed,88645.4336972,88645.4354658,88645.437147,3.449800002272241
1,402,completed,88645.4337276,88645.4354642,88645.437706,3.978399996412918
2,403,completed,88645.4651073,88645.4667022,88645.4677941,2.6867999986279756
3,403,completed,88645.4651031,88645.4669562,88645.4685261,3.4230000019306317
1,403,completed,88645.4657127,88645.467167,88645.4691748,3.462100008619018
0,403,completed,88645.4657121,88645.467424,88645.469806,4.093899988220073
2,404,completed,88645.5121572,88645.5134485,88645.5142609,2.103699996951036
0,404,completed,88645.5122457,88645.5135535,88645.514879,2.6332999987062067
3,404,completed,88645.5121754,88645.5137462,88645.5154385,3.263100006734021
1,404,completed,88645.5121813,88645.5137365,88645.5159884,3.8071000017225742
3,405,completed,88645.5438178,88645.5451808,88645.5458776,2.0597999973688275
1,405,completed,88645.5438129,88645.5452102,88645.546394,2.581100008683279
2,405,completed,88645.5438724,88645.5453794,88645.5468783,3.005899998242967
0,405,completed,88645.5438634,88645.5453793,88645.5473646,3.501200000755489
2,406,completed,88645.5746661,88645.5761992,88645.5767924,2.1262999944156036
3,406,completed,88645.5747137,88645.5762092,88645.5772861,2.5724000006448478
0,406,completed,88645.5747146,88645.5762935,88645.577747,3.032399996300228
1,406,completed,88645.5746654,88645.5763429,88645.578199,3.533600000082515
1,407,completed,88645.6059216,88645.6071666,88645.6077897,1.8681000074138865
0,407,completed,88645.6059644,88645.6072335,88645.6083117,2.347299989196472
2,407,completed,88645.605884,88645.607303,88645.6088673,2.9833000007783994
3,407,completed,88645.6058843,88645.6073033,88645.6093609,3.4765999880619347
1,408,completed,88645.6377264,88645.6388653,88645.639775,2.048599999397993
2,408,completed,88645.6378884,88645.6391789,88645.6405038,2.6153999933740124
3,408,completed,88645.6379933,88645.6392189,88645.6409653,2.9720000020461157
0,408,completed,88645.6379618,88645.6392462,88645.6414432,3.4813999955076724
1,409,completed,88645.6690933,88645.670367,88645.6712012,2.107899999828078
3,409,completed,88645.6691388,88645.6705803,88645.6717195,2.5806999910855666
2,409,completed,88645.6691554,88645.6706049,88645.6723673,3.2118999952217564
0,409,completed,88645.6692041,88645.6707125,88645.6729393,3.7351999926613644
3,410,completed,88645.7017202,88645.7027768,88645.70359,1.86980000580661
1,410,completed,88645.7018223,88645.7029186,88645.7041138,2.2915000008651987
2,410,completed,88645.7017742,88645.7032208,88645.7047481,2.973900001961738
0,410,completed,88645.7017931,88645.7032147,88645.7051958,3.4026999928755686
2,411,completed,88645.7403887,88645.7418493,88645.7426379,2.249199998914264
3,411,completed,88645.7404584,88645.7419831,88645.743138,2.6796000020112842
0,411,completed,88645.7404262,88645.7419597,88645.7435974,3.171199990902096
1,411,completed,88645.7405007,88645.7420125,88645.7440626,3.561899997293949
1,412,completed,88645.772019,88645.7733218,88645.7741371,2.118100004736334
3,412,completed,88645.7720826,88645.7734759,88645.7748457,2.7630999975372106
0,412,completed,88645.7721838,88645.7735357,88645.7753387,3.154899997753091
2,412,completed,88645.7721256,88645.7735433,88645.7758793,3.7537000025622547
2,413,completed,88645.8029365,88645.8044549,88645.8055058,2.5693000061437488
3,413,completed,88645.8032631,88645.8050445,88645.8060006,2.7375000063329935
1,413,completed,88645.8033528,88645.8052945,88645.8064552,3.1024000054458156
0,413,completed,88645.803327,88645.8052954,88645.8069142,3.5872000007657334
1,414,completed,88645.8342984,88645.8356859,88645.8364847,2.1863000001758337
0,414,completed,88645.8345478,88645.8360246,88645.8370232,2.4754000041866675
3,414,completed,88645.8347748,88645.8360615,88645.8375085,2.733700006501749
2,414,completed,88645.8347784,88645.8360533,88645.8380012,3.2227999909082428
2,415,completed,88645.8662849,88645.8680114,88645.8690347,2.7497999981278554
3,415,completed,88645.866696,88645.8685304,88645.8696569,2.9609000048367307
1,415,completed,88645.8667661,88645.8685716,88645.8702837,3.517599994665943
0,415,completed,88645.8666349,88645.8686115,88645.8707705,4.135600000154227
1,416,completed,88645.8977178,88645.9001591,88645.9008293,3.111499987426214
3,416,completed,88645.8978852,88645.900095,88645.9013763,3.491099996608682
0,416,completed,88645.8977442,88645.900196,88645.901875,4.130799992708489
2,416,completed,88645.8980735,88645.9003229,88645.9023819,4.308400006266311
3,417,completed,88645.9450616,88645.9462656,88645.9469128,1.8512000096961856
1,417,completed,88645.9450966,88645.9463187,88645.9474245,2.327900001546368
2,417,completed,88645.9449813,88645.9463286,88645.947908,2.9267000063555315
0,417,completed,88645.9449913,88645.9463289,88645.9483615,3.370200007339008
3,418,completed,88645.9764433,88645.9778363,88645.9786392,2.195900000515394
2,418,completed,88645.9765771,88645.9780461,88645.9792483,2.671200010809116
1,418,completed,88645.9765236,88645.978094,88645.9798487,3.3250999986194074
0,418,completed,88645.9764844,88645.978075,88645.9804216,3.937200002837926
3,419,completed,88646.0084325,88646.0099708,88646.0107412,2.3087000008672476
0,419,completed,88646.0084113,88646.0101662,88646.0112726,2.8612999885808676
2,419,completed,88646.0085474,88646.0101765,88646.0117649,3.217500008759089
1,419,completed,88646.0086069,88646.0103206,88646.0122212,3.6143000033916906
3,420,completed,88646.0409097,88646.0425817,88646.0432941,2.384400009759702
2,420,completed,88646.0409384,88646.0426272,88646.0438356,2.8972000000067055
0,420,completed,88646.0409887,88646.0426693,88646.0443004,3.311699998448603
1,420,completed,88646.0410314,88646.042693,88646.044771,3.7395999970613047
3,421,completed,88646.0727126,88646.0742213,88646.0749058,2.193199994508177
0,421,completed,88646.0728296,88646.0742605,88646.0754219,2.5922999921021983
2,421,completed,88646.0727139,88646.0743567,88646.075886,3.1721000123070553
1,421,completed,88646.0727364,88646.0743676,88646.0763307,3.5942999966209754
0,422,completed,88646.1038522,88646.1047847,88646.1055755,1.7232999962288886
3,422,completed,88646.1038178,88646.1047176,88646.1060934,2.275599996210076
2,422,completed,88646.1043321,88646.1053094,88646.106565,2.232899991213344
1,422,completed,88646.104313,88646.1052895,88646.107035,2.721999990171753
2,423,completed,88646.1351667,88646.136191,88646.1368832,1.7165000026579946
0,423,completed,88646.1352601,88646.1363284,88646.1373534,2.0933000050717965
3,423,completed,88646.1351999,88646.1364129,88646.1378224,2.6224999892292544
1,423,completed,88646.1352127,88646.1364324,88646.1382633,3.05060000391677
1,424,completed,88646.166185,88646.1678473,88646.1685917,2.406700004939921
3,424,completed,88646.1662412,88646.1679448,88646.169103,2.8617999923881143
2,424,completed,88646.1661952,88646.1680721,88646.170021,3.825799998594448
0,424,completed,88646.1663049,88646.1681238,88646.170459,4.154099995503202
3,425,completed,88646.1980894,88646.1993509,88646.2000611,1.971699995920062
0,425,completed,88646.1981461,88646.1994646,88646.2005946,2.448500003083609
1,425,completed,88646.1981302,88646.1994737,88646.2010706,2.940399994258769
2,425,completed,88646.1981907,88646.199495,88646.2015497,3.3589999948162585
1,426,completed,88646.2307974,88646.2320433,88646.2327527,1.9553000020096079
2,426,completed,88646.2308039,88646.2321984,88646.2333315,2.527599994209595
3,426,completed,88646.2307563,88646.2321819,88646.2338843,3.1279999966500327
0,426,completed,88646.2307558,88646.2321969,88646.2344698,3.7139999913051724
3,427,completed,88646.2739469,88646.2759049,88646.2767463,2.799400012008846
1,427,completed,88646.2741949,88646.2761549,88646.2773118,3.1168999994406477
2,427,completed,88646.2742802,88646.2762156,88646.2777996,3.519399993820116
0,427,completed,88646.2742668,88646.2762048,88646.2782776,4.010799995739944
3,428,completed,88646.3060113,88646.3075041,88646.3083848,2.3734999995213
1,428,completed,88646.3060125,88646.3076341,88646.3089076,2.8950999985681847
2,428,completed,88646.3060141,88646.3076352,88646.3094346,3.4204999974463135
0,428,completed,88646.3060746,88646.3077277,88646.3098958,3.821200007223524
3,429,completed,88646.3377741,88646.3391792,88646.3402789,2.504799995222129
0,429,completed,88646.337875,88646.3394667,88646.3409893,3.1143000087467954
2,429,completed,88646.3379262,88646.3395912,88646.3414937,3.5675000108312815
1,429,completed,88646.3378369,88646.3400874,88646.3420169,4.180000003543682
0,430,completed,88646.3688215,88646.3702027,88646.3709098,2.08829999610316
3,430,completed,88646.3688389,88646.3703106,88646.3714153,2.5764000019989908
1,430,completed,88646.3689058,88646.3704428,88646.3718766,2.9707999929087237
2,430,completed,88646.3689075,88646.3704582,88646.3723446,3.4370999928796664
1,431,completed,88646.4003073,88646.4021674,88646.4028354,2.5280999980168417
0,431,completed,88646.4002659,88646.4021585,88646.4033314,3.0655000009573996
3,431,completed,88646.4007236,88646.4023524,88646.403858,3.1344000017270446
2,431,completed,88646.4003597,88646.4024165,88646.4043124,3.9527000044472516
2,432,completed,88646.43177,88646.4331324,88646.433752,1.9820000015897676
1,432,completed,88646.4317948,88646.4331835,88646.4342338,2.439000003505498
0,432,completed,88646.4318424,88646.4332175,88646.4346901,2.8477000014390796
3,432,completed,88646.4318629,88646.4332372,88646.4351419,3.2789999968372285
2,433,completed,88646.4747127,88646.4762825,88646.4770036,2.2908999962965026
1,433,completed,88646.474659,88646.4762396,88646.4775758,2.9168000037316233
0,433,completed,88646.4747728,88646.4762919,88646.4782039,3.431100005400367
3,433,completed,88646.4746178,88646.4764189,88646.4787213,4.1034999885596335
0,434,completed,88646.5067423,88646.5081824,88646.5087574,2.0151000062469393
2,434,completed,88646.5067561,88646.5081561,88646.5092695,2.513400002499111
3,434,completed,88646.5068933,88646.5082056,88646.5097356,2.842300003976561
1,434,completed,88646.5067909,88646.5081824,88646.5101928,3.401899986783974
3,435,completed,88646.5383013,88646.5399733,88646.540611,2.309700008481741
0,435,completed,88646.5382823,88646.5400662,88646.541119,2.836700004991144
2,435,completed,88646.5383093,88646.540086,88646.5416223,3.3130000083474442
1,435,completed,88646.5387166,88646.5400876,88646.5420894,3.3727999980328605
2,436,completed,88646.5699326,88646.5711931,88646.5719036,1.9709999905899167
3,436,completed,88646.569994,88646.5713317,88646.5724361,2.442099998006597
0,436,completed,88646.5699159,88646.5713418,88646.572922,3.0060999997658655
1,436,completed,88646.5699553,88646.5714128,88646.5733792,3.4238999942317605
2,437,completed,88646.6017771,88646.6036294,88646.6042515,2.474399996572174
1,437,completed,88646.6017067,88646.6036354,88646.6047683,3.061600000364706
0,437,completed,88646.6021115,88646.6037874,88646.605246,3.134500002488494
3,437,completed,88646.6021711,88646.6038202,88646.6056629,3.491799987386912
3,438,completed,88646.6337521,88646.6353815,88646.6367299,2.9778000025544316
0,438,completed,88646.6341854,88646.6363242,88646.6372249,3.03949999215547
2,438,completed,88646.6342402,88646.6365049,88646.6376995,3.4593000018503517
1,438,completed,88646.6342391,88646.6364982,88646.6381546,3.9154999976744875
2,439,completed,88646.6662414,88646.6679437,88646.6688587,2.6172999932896346
1,439,completed,88646.666454,88646.6680946,88646.6694034,2.949399990029633
0,439,completed,88646.6663314,88646.6681572,88646.6706301,4.298699990613386
3,439,completed,88646.666295,88646.6681496,88646.6711332,4.838199994992465
2,440,completed,88646.6979362,88646.6997723,88646.7004388,2.502600007574074
0,440,completed,88646.698065,88646.6998829,88646.7009374,2.872400000342168
3,440,completed,88646.6979722,88646.6999453,88646.7014014,3.429200005484745
1,440,completed,88646.6979721,88646.6999417,88646.7018576,3.88550000207033
0,441,completed,88646.7295887,88646.7312556,88646.7322862,2.6975000073434785
1,441,completed,88646.7301149,88646.7317605,88646.7328591,2.744199999142438
3,441,completed,88646.730084,88646.7317805,88646.7334388,3.354800006491132
2,441,completed,88646.7296297,88646.731802,88646.733923,4.293300007702783
2,442,completed,88646.7771258,88646.7787437,88646.7793727,2.2468999959528446
1,442,completed,88646.7771873,88646.7787575,88646.7798852,2.6978999958373606
3,442,completed,88646.7771747,88646.7787725,88646.7803599,3.185200010193512
0,442,completed,88646.7771138,88646.7787422,88646.7808094,3.695600011269562
3,443,completed,88646.800774,88646.8018219,88646.8025228,1.7488000012235716
1,443,completed,88646.8008134,88646.8020132,88646.803016,2.202600007876754
0,443,completed,88646.8008588,88646.8020747,88646.8034749,2.616100013256073
2,443,completed,88646.8007587,88646.8021293,88646.8039718,3.2131000043591484
0,444,completed,88646.8427497,88646.8433368,88646.8443139,1.5642000071238726
2,444,completed,88646.8428054,88646.8436822,88646.844954,2.148600004147738
1,444,completed,88646.8432247,88646.8439528,88646.8454112,2.1865000016987324
3,444,completed,88646.8431713,88646.8442302,88646.8458989,2.7276000037090853
0,445,completed,88646.8744765,88646.8758764,88646.8767775,2.3010000004433095
1,445,completed,88646.8744868,88646.876032,88646.8774842,2.997399991727434
3,445,completed,88646.8744765,88646.8760305,88646.8779714,3.4948999964399263
2,445,completed,88646.8748288,88646.8761589,88646.8786653,3.8364999927580357
0,446,completed,88646.906626,88646.9087478,88646.9094184,2.792400002363138
2,446,completed,88646.9067464,88646.9088991,88646.9100639,3.3174999989569187
3,446,completed,88646.9066525,88646.9089246,88646.91055,3.897500006132759
1,446,completed,88646.9066762,88646.9089981,88646.9110065,4.330299998400733
2,447,completed,88646.9385898,88646.9410706,88646.9418533,3.263499995227903
3,447,completed,88646.9387679,88646.9411709,88646.9424303,3.6623999912990257
1,447,completed,88646.9388318,88646.9412571,88646.9430057,4.1739000007510185
0,447,completed,88646.9389014,88646.9412647,88646.9434983,4.596899991156533
3,448,completed,88646.9694336,88646.9708961,88646.9716713,2.2376999986590818
1,448,completed,88646.9694266,88646.9708971,88646.9722142,2.7875999949174
0,448,completed,88646.9695312,88646.9710207,88646.9726737,3.14250000519678
2,448,completed,88646.9694659,88646.9710421,88646.9731695,3.7035999994259328
2,449,completed,88647.0018893,88647.0036748,88647.0043696,2.4803000123938546
0,449,completed,88647.0019254,88647.0037434,88647.004934,3.0085999896982685
1,449,completed,88647.0019645,88647.003733,88647.0054192,3.4546999959275126
3,449,completed,88647.0020659,88647.003786,88647.0058944,3.828500004601665
2,450,completed,88647.0335455,88647.0351777,88647.0357888,2.243299997644499
0,450,completed,88647.0335953,88647.0352247,88647.036269,2.673700000741519
3,450,completed,88647.0335814,88647.0352161,88647.0367419,3.1604999967385083
1,450,completed,88647.0336601,88647.0352511,88647.0371859,3.525799998897128
1,451,completed,88647.0649458,88647.0661706,88647.06687,1.9241999980295077
3,451,completed,88647.0649951,88647.0662447,88647.0674647,2.4696000036783516
0,451,completed,88647.0651084,88647.0662498,88647.0679526,2.8442000038921833
2,451,completed,88647.0651301,88647.0662798,88647.0684423,3.3122000022558495
0,452,completed,88647.1126623,88647.1143913,88647.1150381,2.3758000024827197
2,452,completed,88647.1125945,88647.1143962,88647.1155256,2.931100010755472
3,452,completed,88647.1127166,88647.1145399,88647.1159951,3.278500007581897
1,452,completed,88647.1130223,88647.1145691,88647.1164416,3.4193000028608367
1,453,completed,88647.1441948,88647.144606,88647.1461231,1.9283000001451
3,453,completed,88647.1447356,88647.1458343,88647.1466408,1.905199998873286
2,453,completed,88647.144795,88647.1458891,88647.1471273,2.3323000059463084
0,453,completed,88647.1448392,88647.1460598,88647.147592,2.752799991867505
0,454,completed,88647.1762399,88647.177933,88647.1787635,2.523599992855452
2,454,completed,88647.1762725,88647.1780516,88647.1792845,3.0120000010356307
1,454,completed,88647.1763366,88647.1781117,88647.1797615,3.424900001846254
3,454,completed,88647.1763092,88647.1781218,88647.1802192,3.9099999994505197
1,455,completed,88647.2083066,88647.2097896,88647.2104229,2.116299991030246
2,455,completed,88647.2083912,88647.2098881,88647.2108994,2.508200006559491
0,455,completed,88647.2082859,88647.20994,88647.2113786,3.092700004344806
3,455,completed,88647.2083115,88647.2099399,88647.2118179,3.5063999966951087
3,456,completed,88647.2410298,88647.2429659,88647.2436409,2.6110999897355214
0,456,completed,88647.2410309,88647.2430048,88647.2441587,3.1278000096790493
2,456,completed,88647.241063,88647.2430963,88647.244749,3.6860000109300017
1,456,completed,88647.2410698,88647.2430932,88647.2453371,4.267299998900853
3,457,completed,88647.2731361,88647.274775,88647.2754778,2.3416999902110547
0,457,completed,88647.2732208,88647.274876,88647.27603,2.8091999993193895
2,457,completed,88647.2731729,88647.2748338,88647.2765972,3.424300011829473
1,457,completed,88647.2732636,88647.2748918,88647.2772512,3.987599993706681
0,458,completed,88647.3048129,88647.3055135,88647.3128579,8.045000009587966
2,458,completed,88647.3057047,88647.3065317,88647.3136907,7.985999996890314
1,458,completed,88647.3060872,88647.3066888,88647.3141863,8.099099999526516
3,458,completed,88647.3122465,88647.3126468,88647.3146609,2.414399990811944
1,459,completed,88647.3359475,88647.3365121,88647.3431101,7.1625999989919364
2,459,completed,88647.3366627,88647.3370791,88647.34385,7.187299997895025
3,459,completed,88647.341199,88647.3417912,88647.3444398,3.2407999970018864
0,459,completed,88647.3426386,88647.3430559,88647.3457733,3.1346999894594774
1,460,completed,88647.3761466,88647.3766821,88647.3777998,1.6532000008737668
0,460,completed,88647.3761197,88647.3772961,88647.3784933,2.3736000002827495
3,460,completed,88647.3768868,88647.3776342,88647.3789959,2.1090999944135547
2,460,completed,88647.3776513,88647.3781475,88647.3794347,1.7833999881986529
2,461,completed,88647.3975354,88647.3979782,88647.398682,1.146599999628961
1,461,completed,88647.415298,88647.416365,88647.4169738,1.6757999983383343
0,461,completed,88647.41533,88647.4163352,88647.4176049,2.2748999908799306
3,461,completed,88647.4153194,88647.4164077,88647.4182186,2.899200000683777
3,462,completed,88647.4305777,88647.4320018,88647.4328335,2.2558000055141747
1,462,completed,88647.4305784,88647.4320032,88647.4334942,2.91579999611713
2,462,completed,88647.4306136,88647.4320502,88647.4341353,3.5217000113334507
0,462,completed,88647.43065,88647.4321395,88647.4346907,4.040700005134568
2,463,completed,88647.4778654,88647.4793214,88647.4802957,2.430300010018982
3,463,completed,88647.4778511,88647.4793915,88647.4810875,3.236399992601946
0,463,completed,88647.4779241,88647.4794732,88647.4818537,3.929599988623522
1,463,completed,88647.4779882,88647.4795216,88647.4824801,4.491900006541982
0,464,completed,88647.5092599,88647.5107854,88647.5114575,2.1975999989081174
3,464,completed,88647.5092958,88647.5107974,88647.5121255,2.829699995345436
1,464,completed,88647.5093361,88647.5108814,88647.5127377,3.401599999051541
2,464,completed,88647.5093416,88647.5108753,88647.5132678,3.926199991838075
3,465,completed,88647.5299383,88647.5312508,88647.5320643,2.126000006683171
1,465,completed,88647.5299974,88647.5313625,88647.532626,2.6286000065738335
0,465,completed,88647.529962,88647.5313945,88647.5332004,3.2383999932790175
2,465,completed,88647.530011,88647.5314685,88647.5338254,3.814399999100715
1,466,completed,88647.5771762,88647.5785067,88647.5791119,1.9357000128366053
0,466,completed,88647.5771648,88647.5784909,88647.5796815,2.516700013075024
2,466,completed,88647.5772115,88647.5785637,88647.5801898,2.9783000063616782
3,466,completed,88647.5772821,88647.5786386,88647.5806971,3.4149999992223457
3,467,completed,88647.6068052,88647.6082403,88647.6089988,2.1935999975539744
2,467,completed,88647.6069182,88647.6082912,88647.6095925,2.6742999907583
0,467,completed,88647.6068188,88647.6083341,88647.610073,3.254199997172691
1,467,completed,88647.6068336,88647.6083412,88647.6106004,3.766800000448711
0,468,completed,88647.639256,88647.6405578,88647.6413316,2.075600001262501
1,468,completed,88647.639292,88647.6406213,88647.6419166,2.6245999906677753
2,468,completed,88647.6393579,88647.6406801,88647.6424679,3.1100000051083043
3,468,completed,88647.6394444,88647.64072,88647.6430141,3.5696999984793365
2,469,completed,88647.6702468,88647.6719137,88647.6726518,2.4050000065471977
0,469,completed,88647.6702726,88647.6720551,88647.6732233,2.9506999999284744
1,469,completed,88647.670315,88647.6721068,88647.6737092,3.394200000911951
3,469,completed,88647.6702903,88647.67212,88647.6741681,3.877800001646392
2,470,completed,88647.7018472,88647.7031958,88647.703913,2.065799999400042
0,470,completed,88647.7019096,88647.7032575,88647.7044611,2.551500001573004
1,470,completed,88647.7017738,88647.7032644,88647.7049298,3.156000006129034
3,470,completed,88647.7018235,88647.7033441,88647.7054127,3.589200001442805
1,471,completed,88647.7329598,88647.7347928,88647.7354451,2.4852999922586605
0,471,completed,88647.733395,88647.7348969,88647.7359374,2.542399990488775
3,471,completed,88647.7333375,88647.7349477,88647.7364107,3.0732000013813376
2,471,completed,88647.7330882,88647.7349359,88647.7368904,3.8022000080673024
0,472,completed,88647.7642558,88647.7657207,88647.7663766,2.120800010743551
1,472,completed,88647.7642059,88647.7657551,88647.7668866,2.6806999958353117
2,472,completed,88647.7646256,88647.7659522,88647.7673767,2.7510999934747815
3,472,completed,88647.7645938,88647.7659485,88647.7678488,3.2549999887123704
3,473,completed,88647.7954428,88647.7966421,88647.7972909,1.8481000006431714
2,473,completed,88647.7956421,88647.7968419,88647.7978333,2.1912000083830208
1,473,completed,88647.8108735,88647.8117435,88647.8123069,1.4334000006783754
0,473,completed,88647.8111511,88647.8118793,88647.8127653,1.61419999494683
1,474,completed,88647.8422368,88647.8435003,88647.8441665,1.9296999962534755
2,474,completed,88647.8422837,88647.8435757,88647.8446627,2.378999997745268
0,474,completed,88647.84222,88647.8436231,88647.8451308,2.9107999871484935
3,474,completed,88647.8423391,88647.843697,88647.8455955,3.256399999372661
2,475,completed,88647.8730236,88647.8750103,88647.8757105,2.686899999389425
3,475,completed,88647.8729818,88647.8750526,88647.876329,3.3472000068286434
1,475,completed,88647.8729948,88647.875202,88647.8769178,3.922999996575527
0,475,completed,88647.8729818,88647.8752541,88647.8774519,4.470100000617094
1,476,completed,88647.9039874,88647.9056916,88647.9064697,2.482299998519011
3,476,completed,88647.9039232,88647.9057252,88647.9071184,3.195199999026954
0,476,completed,88647.9039118,88647.9058243,88647.9076628,3.751000011106953
2,476,completed,88647.9039346,88647.9059433,88647.9081822,4.247599994414486
1,477,completed,88647.9353042,88647.9368712,88647.9375959,2.2917000023880973
2,477,completed,88647.9352979,88647.9368784,88647.9381456,2.8477000014390796
0,477,completed,88647.9353674,88647.9370939,88647.9387225,3.355099994223565
3,477,completed,88647.9353765,88647.9370891,88647.9392596,3.8830999983474612
2,478,completed,88647.9668311,88647.9686379,88647.9694163,2.5851999962469563
3,478,completed,88647.9669063,88647.9687541,88647.9699843,3.07799999427516
0,478,completed,88647.9669424,88647.9687429,88647.9705678,3.6254000006010756
1,478,completed,88647.9669338,88647.9688351,88647.9711423,4.208500002278015
0,479,completed,88647.9980509,88647.9992469,88647.999894,1.843099991674535
2,479,completed,88647.9981215,88647.9993371,88648.0005016,2.3801000061212108
3,479,completed,88647.9980849,88647.9993249,88648.0009724,2.887499998905696
1,479,completed,88648.0142372,88648.015127,88648.0161282,1.891000007162802
3,480,completed,88648.0295241,88648.030808,88648.0315919,2.0678000000771135
0,480,completed,88648.0295244,88648.0308158,88648.032246,2.7216000016778708
2,480,completed,88648.0295723,88648.0308964,88648.0327981,3.2257999991998076
1,480,completed,88648.0482394,88648.0491017,88648.0497108,1.4713999989908189
1,481,completed,88648.0729128,88648.0742487,88648.0750093,2.096500000334345
3,481,completed,88648.0730982,88648.0744876,88648.0757464,2.6482000102987513
0,481,completed,88648.0730122,88648.0745607,88648.0762532,3.240999998524785
2,481,completed,88648.0730268,88648.0745622,88648.0767104,3.6835999926552176
2,482,completed,88648.1050017,88648.1063794,88648.1072708,2.26910000492353
1,482,completed,88648.1050768,88648.1064936,88648.108084,3.007200008141808
0,482,completed,88648.1050713,88648.1064826,88648.1087378,3.666499993414618
3,482,completed,88648.1051204,88648.1065688,88648.1093441,4.223700001602992
3,483,completed,88648.1362169,88648.1367868,88648.1381476,1.9306999893160537
2,483,completed,88648.1366056,88648.1378972,88648.1386488,2.0432000019354746
1,483,completed,88648.1366311,88648.1378532,88648.1391319,2.500799993867986
0,483,completed,88648.1367033,88648.1379705,88648.1396058,2.9024999967077747
1,484,completed,88648.1676531,88648.1693369,88648.16998,2.32690000848379
0,484,completed,88648.1676728,88648.1693551,88648.1705663,2.8935000009369105
3,484,completed,88648.167728,88648.1694064,88648.1710563,3.3282999938819557
2,484,completed,88648.1676452,88648.1693312,88648.1715896,3.9443999994546175
1,485,completed,88648.1983947,88648.2000244,88648.2007939,2.399200006038882
2,485,completed,88648.1984599,88648.2001558,88648.2013124,2.852499994332902
0,485,completed,88648.1984998,88648.2001975,88648.2017891,3.289300002506934
3,485,completed,88648.1985715,88648.2002196,88648.2022694,3.6978999996790662
1,486,completed,88648.2301664,88648.2305606,88648.2311367,0.970299995969981
2,486,completed,88648.2458952,88648.2469108,88648.2474754,1.5801999979885295
0,486,completed,88648.2458865,88648.2468952,88648.2479416,2.0551000052364543
3,486,completed,88648.2459773,88648.2469642,88648.248402,2.4246999964816496
1,487,completed,88648.2770015,88648.2784066,88648.2791418,2.140299999155104
0,487,completed,88648.277112,88648.2785996,88648.2796672,2.555200000642799
2,487,completed,88648.2770468,88648.278664,88648.2801533,3.106500007561408
3,487,completed,88648.277038,88648.2786567,88648.2806353,3.5973000049125403
1,488,completed,88648.3074074,88648.3091529,88648.3099041,2.4966999917523935
3,488,completed,88648.3075241,88648.3092185,88648.3104687,2.9445999971358106
0,488,completed,88648.3074796,88648.3092871,88648.3109431,3.4635000047273934
2,488,completed,88648.3074449,88648.3092713,88648.3114237,3.9787999994587153
2,489,completed,88648.3386693,88648.340037,88648.3408458,2.176499998313375
0,489,completed,88648.3386883,88648.3401402,88648.3414721,2.783799995086156
3,489,completed,88648.3387639,88648.3402267,88648.3420652,3.301300006569363
1,489,completed,88648.3387427,88648.3402416,88648.3425409,3.7982000067131594
2,490,completed,88648.3700734,88648.3720752,88648.3728228,2.749399995082058
0,490,completed,88648.3701081,88648.3721544,88648.3734195,3.311399996164255
3,490,completed,88648.3701465,88648.3721992,88648.3740934,3.9468999893870205
1,490,completed,88648.3701374,88648.3721974,88648.3746189,4.481500000110827
1,491,completed,88648.4011719,88648.4031238,88648.4037748,2.602900000056252
3,491,completed,88648.4012187,88648.4031539,88648.4045357,3.316999995149672
0,491,completed,88648.4012261,88648.4031621,88648.4051145,3.8883999950485304
2,491,completed,88648.40117,88648.4031162,88648.4056162,4.446200007805601
0,492,completed,88648.4330971,88648.4350771,88648.4356753,2.5782000011531636
3,492,completed,88648.4330737,88648.4350552,88648.4362488,3.175100006046705
2,492,completed,88648.4331098,88648.4350747,88648.436846,3.7362000002758577
1,492,completed,88648.4330736,88648.4350544,88648.4373919,4.318300008890219
0,493,completed,88648.4653742,88648.4669656,88648.4677641,2.3899000079836696
2,493,completed,88648.4653627,88648.4669773,88648.4683731,3.0104000034043565
3,493,completed,88648.4654302,88648.4671271,88648.4689135,3.4832999954232946
1,493,completed,88648.4654089,88648.4671139,88648.4694303,4.021400003693998
1,494,completed,88648.4968661,88648.4986438,88648.4993071,2.4410000041825697
0,494,completed,88648.4968934,88648.4986678,88648.499827,2.933600000687875
3,494,completed,88648.4968288,88648.4986734,88648.5003137,3.484900007606484
2,494,completed,88648.496828,88648.4986407,88648.5008978,4.069799993885681
0,495,completed,88648.52892,88648.5305887,88648.5314026,2.482600000803359
1,495,completed,88648.5289649,88648.5306981,88648.5319421,2.9771999979857355
2,495,completed,88648.5290275,88648.530961,88648.5324138,3.3862999989651144
3,495,completed,88648.5290639,88648.5309896,88648.5328916,3.82769999851007
2,496,completed,88648.5748051,88648.576268,88648.5769117,2.1066000044811517
0,496,completed,88648.5747337,88648.5763561,88648.5774541,2.7203999925404787
3,496,completed,88648.5748238,88648.5763678,88648.5779311,3.1072999991010875
1,496,completed,88648.5747337,88648.5763391,88648.5783999,3.66619999113027
0,497,completed,88648.6062479,88648.6076751,88648.6083554,2.1075000113341957
1,497,completed,88648.6063073,88648.6077889,88648.6088958,2.588500006822869
3,497,completed,88648.6063739,88648.6078546,88648.6094126,3.0387000006157905
2,497,completed,88648.6063765,88648.6078836,88648.6099292,3.5527000000001863
0,498,completed,88648.6374222,88648.6388447,88648.6395719,2.1496999979717657
2,498,completed,88648.6374022,88648.638825,88648.6401259,2.7237000031163916
3,498,completed,88648.6373887,88648.6389407,88648.6406175,3.2288000074913725
1,498,completed,88648.6374,88648.6389311,88648.6410983,3.6982999881729484
2,499,completed,88648.6689731,88648.6701356,88648.6710478,2.074700008961372
1,499,completed,88648.6691045,88648.6704196,88648.6717136,2.60909998905845
3,499,completed,88648.6690378,88648.6705032,88648.6722751,3.23729999945499
0,499,completed,88648.6690193,88648.67049,88648.6728078,3.78850000561215
2,500,completed,88648.7010225,88648.7024885,88648.7030897,2.0671999955084175
3,500,completed,88648.7010827,88648.7025233,88648.703594,2.51130000106059
0,500,completed,88648.7009679,88648.7025168,88648.7040582,3.090300000621937
1,500,completed,88648.7009705,88648.7025346,88648.7045443,3.573800000594929
1,501,completed,88648.7323944,88648.7337056,88648.734483,2.088599998387508
3,501,completed,88648.7324327,88648.733766,88648.7350455,2.61280000268016
2,501,completed,88648.7323836,88648.7338047,88648.7355583,3.1747000030009076
0,501,completed,88648.732449,88648.7338642,88648.7360559,3.6068999907001853
0,502,completed,88648.7646251,88648.7658773,88648.7665394,1.9143000099575147
2,502,completed,88648.7646104,88648.7658536,88648.7670384,2.4279999925056472
3,502,completed,88648.7646932,88648.7661081,88648.7675014,2.808199991704896
1,502,completed,88648.7646652,88648.7661013,88648.7679372,3.272000001743436
0,503,completed,88648.8033268,88648.8048147,88648.805475,2.148200001101941
2,503,completed,88648.8031602,88648.804779,88648.8060029,2.8427000070223585
3,503,completed,88648.8031318,88648.8050042,88648.8065096,3.377800007001497
1,503,completed,88648.8037846,88648.8050599,88648.8069645,3.1799000134924427
0,504,completed,88648.835094,88648.8365415,88648.837142,2.0480000093812123
2,504,completed,88648.8351887,88648.8365336,88648.8376972,2.508499994291924
3,504,completed,88648.8351341,88648.8366887,88648.8381764,3.042299998924136
1,504,completed,88648.8350941,88648.8367148,88648.8386539,3.5598000104073435
2,505,completed,88648.8664206,88648.8683653,88648.8689616,2.541000008932315
3,505,completed,88648.8663832,88648.8683917,88648.8694725,3.089299993007444
1,505,completed,88648.8663483,88648.8683639,88648.8699524,3.6040999984834343
0,505,completed,88648.8664644,88648.8683997,88648.8704096,3.945200005546212
1,506,completed,88648.9005158,88648.9010584,88648.901791,1.275199989322573
3,506,completed,88648.9134222,88648.9147342,88648.9153516,1.9293999939691275
0,506,completed,88648.9134759,88648.9148116,88648.9158441,2.368200002820231
2,506,completed,88648.9135309,88648.914827,88648.916286,2.7551000093808398
0,507,completed,88648.9452699,88648.9468988,88648.9475021,2.232200000435114
1,507,completed,88648.9451791,88648.9469051,88648.9479947,2.8156000043964013
2,507,completed,88648.9453738,88648.9469745,88648.9484624,3.0886000022292137
3,507,completed,88648.9452998,88648.9470284,88648.9489426,3.642799987574108
2,508,completed,88648.9771051,88648.9790582,88648.9797338,2.628700007335283
0,508,completed,88648.9770422,88648.9790582,88648.9802397,3.1975000019883737
1,508,completed,88648.9770544,88648.9791231,88648.9807286,3.674199993838556
3,508,completed,88648.9772576,88648.9791631,88648.9811841,3.9265000086743385
1,509,completed,88649.0083741,88649.0102549,88649.0109492,2.5751000066520646
3,509,completed,88649.0085064,88649.0102795,88649.0114506,2.944199994090013
2,509,completed,88649.0084277,88649.0103903,88649.01193,3.5022999945795164
0,509,completed,88649.0084916,88649.0105225,88649.0124011,3.909499995643273
1,510,completed,88649.0409,88649.0420331,88649.042703,1.8029999919235706
3,510,completed,88649.0408998,88649.0420387,88649.0432032,2.303399989614263
0,510,completed,88649.0409328,88649.0422054,88649.0436617,2.7288999990560114
2,510,completed,88649.041056,88649.042246,88649.0441079,3.0518999992636964
3,511,completed,88649.072156,88649.0741525,88649.0749943,2.838300002622418
1,511,completed,88649.0727326,88649.0744734,88649.0755059,2.7732999878935516
2,511,completed,88649.0722722,88649.0745575,88649.0759903,3.718099993420765
0,511,completed,88649.072335,88649.0745456,88649.0764513,4.116299998713657
2,512,completed,88649.1047856,88649.1065392,88649.1071451,2.359500009333715
0,512,completed,88649.1047623,88649.1065082,88649.1077239,2.961599995614961
3,512,completed,88649.1047544,88649.1066169,88649.1082685,3.5140999971190467
1,512,completed,88649.1048441,88649.1066531,88649.1087221,3.8780000031692907
1,513,completed,88649.1366889,88649.1387149,88649.1393396,2.6507000002311543
0,513,completed,88649.1366891,88649.1386928,88649.1398782,3.1890999962342903
3,513,completed,88649.1367187,88649.1387143,88649.1403614,3.642700001364574
2,513,completed,88649.1367718,88649.1387358,88649.140819,4.047199996421114
2,514,completed,88649.1682852,88649.1701248,88649.1708731,2.587900002254173
3,514,completed,88649.1682517,88649.1701035,88649.1716247,3.372999999555759
0,514,completed,88649.1682697,88649.1702767,88649.1721536,3.8838999898871407
1,514,completed,88649.1683165,88649.1703003,88649.1726782,4.361700004665181
2,515,completed,88649.1992682,88649.2015369,88649.2026123,3.344099997775629
3,515,completed,88649.1993168,88649.2019099,88649.2038408,4.523999989032745
0,515,completed,88649.199766,88649.2021472,88649.204299,4.532999999355525
1,515,completed,88649.1999792,88649.2023123,88649.2047781,4.798900001333095
0,516,completed,88649.2300162,88649.2314792,88649.2321292,2.1129999950062484
3,516,completed,88649.2300095,88649.231565,88649.2327693,2.759800001513213
1,516,completed,88649.2300417,88649.2315835,88649.2332289,3.1872000108705834
2,516,completed,88649.2301122,88649.2316149,88649.2337052,3.592999986722134
1,517,completed,88649.2769045,88649.2780986,88649.279056,2.1514999971259385
2,517,completed,88649.2770006,88649.2783792,88649.2795798,2.5791999942157418
3,517,completed,88649.2773587,88649.278578,88649.2802833,2.9246000049170107
0,517,completed,88649.2773103,88649.278621,88649.2808743,3.56399999873247
1,518,completed,88649.3083962,88649.3094387,88649.3102978,1.9016000005649403
2,518,completed,88649.3085781,88649.309724,88649.3108191,2.2410000092349946
3,518,completed,88649.308652,88649.3098901,88649.3114382,2.7861999988090247
0,518,completed,88649.3090102,88649.3099603,88649.311921,2.9108000017004088
1,519,completed,88649.3363782,88649.3376543,88649.3385564,2.1782000112580135
3,519,completed,88649.3364572,88649.3378477,88649.3393379,2.880700005334802
0,519,completed,88649.336477,88649.3378779,88649.3398492,3.3721999934641644
2,519,completed,88649.3364319,88649.337852,88649.3403477,3.9157999999588355
2,520,completed,88649.3677087,88649.3699903,88649.3707213,3.0126000056043267
3,520,completed,88649.3677391,88649.3701184,88649.371378,3.6389000015333295
0,520,completed,88649.3677717,88649.3701434,88649.3718748,4.103100000065751
1,520,completed,88649.368187,88649.3701812,88649.3723398,4.152800000156276
1,521,completed,88649.3997916,88649.4014547,88649.4020606,2.2690000041620806
0,521,completed,88649.3998541,88649.4015875,88649.4025324,2.678299992112443
3,521,completed,88649.3997378,88649.4015397,88649.4031352,3.3973999961744994
2,521,completed,88649.3999345,88649.4015695,88649.4035721,3.637599991634488
0,522,completed,88649.4308301,88649.4319122,88649.4330857,2.255600003991276
2,522,completed,88649.4308628,88649.4322081,88649.4335839,2.721099997870624
1,522,completed,88649.431239,88649.4327623,88649.4340412,2.802200004225597
3,522,completed,88649.4312769,88649.4327787,88649.4345033,3.2264000037685037
3,523,completed,88649.4783333,88649.480019,88649.4806565,2.323200009413995
2,523,completed,88649.4783662,88649.4800163,88649.4811703,2.804100004141219
1,523,completed,88649.4787568,88649.4801826,88649.4816372,2.880400003050454
0,523,completed,88649.4788039,88649.4801959,88649.4820993,3.295400005299598
0,524,completed,88649.5093698,88649.5106031,88649.5112625,1.8927000055555254
1,524,completed,88649.5093545,88649.5107454,88649.5117608,2.406300001894124
3,524,completed,88649.5094706,88649.5107492,88649.5123372,2.866599999833852
2,524,completed,88649.5094126,88649.5108091,88649.5127952,3.3825999998953193
1,525,completed,88649.5311308,88649.5324358,88649.5331058,1.975000006495975
2,525,completed,88649.5311925,88649.5324864,88649.5335998,2.407299994956702
3,525,completed,88649.5311661,88649.5325732,88649.5341963,3.0301999941002578
0,525,completed,88649.5312277,88649.5326076,88649.5346384,3.4106999955838546
1,526,completed,88649.5661372,88649.5675647,88649.5682066,2.0693999977083877
3,526,completed,88649.5662325,88649.5676618,88649.5688604,2.627900001243688
0,526,completed,88649.5662513,88649.5676982,88649.5693029,3.0515999969793484
2,526,completed,88649.5661866,88649.567671,88649.5697829,3.596299997298047
1,527,completed,88649.5975726,88649.5983781,88649.5993322,1.7595999961486086
0,527,completed,88649.613866,88649.6152656,88649.6158434,1.9773999956669286
3,527,completed,88649.613839,88649.6153555,88649.6163239,2.4849000037647784
2,527,completed,88649.6138388,88649.6153692,88649.6168103,2.971499998238869
3,528,completed,88649.6287912,88649.6297548,88649.6303617,1.57049999688752
2,528,completed,88649.6288089,88649.6297757,88649.6308676,2.0587000035448
0,528,completed,88649.628842,88649.629824,88649.6313798,2.5377999991178513
1,528,completed,88649.6450005,88649.6454659,88649.6460322,1.0317000123905018
2,529,completed,88649.6763893,88649.6777227,88649.6783497,1.9603999971877784
3,529,completed,88649.6764245,88649.6777534,88649.6788754,2.450900006806478
0,529,completed,88649.6763277,88649.6777989,88649.6793723,3.0446000018855557
1,529,completed,88649.6763277,88649.6778165,88649.6798293,3.501600003801286
2,530,completed,88649.7079887,88649.7097531,88649.7103502,2.361499995458871
1,530,completed,88649.707958,88649.7097607,88649.7108379,2.8798999992432073
3,530,completed,88649.7079175,88649.7098276,88649.7113063,3.3888000034494326
0,530,completed,88649.7079172,88649.7098216,88649.7117683,3.8511000020662323
3,531,completed,88649.7393258,88649.7399581,88649.7415421,2.2163000103319064
0,531,completed,88649.73954,88649.7405599,88649.7421153,2.5753000081749633
2,531,completed,88649.7397701,88649.7412509,88649.7426357,2.8655999922193587
1,531,completed,88649.7397805,88649.7412902,88649.7430859,3.3054000086849555
1,532,completed,88649.7712683,88649.7730511,88649.7737531,2.484800003003329
3,532,completed,88649.7712188,88649.7730978,88649.7743604,3.141599998343736
0,532,completed,88649.7712172,88649.7731472,88649.774871,3.653799998573959
2,532,completed,88649.7712172,88649.7731444,88649.7753619,4.1446999966865405
3,533,completed,88649.8019286,88649.8032837,88649.803943,2.014400000916794
0,533,completed,88649.8019243,88649.8033325,88649.8045246,2.6002999948104843
2,533,completed,88649.8019801,88649.8033437,88649.805074,3.093899998930283
1,533,completed,88649.8019826,88649.8033712,88649.8055797,3.5971000033896416
0,534,completed,88649.8413798,88649.8427938,88649.8434862,2.106400002958253
1,534,completed,88649.8414895,88649.8429305,88649.8441188,2.6292999973520637
2,534,completed,88649.8414263,88649.8429152,88649.8445997,3.173399993102066
3,534,completed,88649.8414681,88649.8429286,88649.8451297,3.6615999997593462
1,535,completed,88649.8725701,88649.8738581,88649.87458,2.0099000103073195
2,535,completed,88649.8726231,88649.8740096,88649.8752366,2.6134999934583902
3,535,completed,88649.8725563,88649.8740328,88649.875715,3.1586999975843355
0,535,completed,88649.872689,88649.8741073,88649.8761795,3.490500006591901
2,536,completed,88649.903778,88649.9049729,88649.9056392,1.861199998529628
3,536,completed,88649.903824,88649.905204,88649.9061238,2.2998000058578327
0,536,completed,88649.9039053,88649.905174,88649.9065734,2.668100001756102
1,536,completed,88649.9038074,88649.9051985,88649.9070189,3.2115000067278743
3,537,completed,88649.9402588,88649.9413334,88649.9420589,1.8000999989453703
2,537,completed,88649.9403326,88649.9414043,88649.9426052,2.2726000024704263
0,537,completed,88649.940614,88649.9416173,88649.9430786,2.4645999947097152
1,537,completed,88649.9405535,88649.94168,88649.9435457,2.9922000103397295
0,538,completed,88649.9713064,88649.9724934,88649.9737171,2.4107000062940642
2,538,completed,88649.971443,88649.9729961,88649.9743484,2.9054000042378902
1,538,completed,88649.9717623,88649.9733689,88649.9748957,3.133399994112551
3,538,completed,88649.9718002,88649.9734453,88649.9753876,3.587400002288632
3,539,completed,88649.9998247,88650.0012124,88650.0018058,1.9810999947367236
2,539,completed,88649.9998247,88650.0012303,88650.0023089,2.484199998434633
1,539,completed,88649.9998585,88650.0012609,88650.0027754,2.9169000044930726
0,539,completed,88649.9999134,88650.0013028,88650.0032207,3.3073000086005777
1,540,completed,88650.0366353,88650.0376269,88650.0385359,1.9006000075023621
3,540,completed,88650.0369889,88650.0380821,88650.0390285,2.039600003627129
2,540,completed,88650.0369089,88650.0381554,88650.0395025,2.5936000020010397
0,540,completed,88650.0368962,88650.0381494,88650.0399637,3.067499987082556
2,541,completed,88650.0763392,88650.0777052,88650.0783779,2.038700011326
1,541,completed,88650.0763763,88650.0777197,88650.079014,2.637700003106147
3,541,completed,88650.0763353,88650.077817,88650.0795397,3.2044000108726323
0,541,completed,88650.0763584,88650.0778451,88650.0800737,3.715300001204014
0,542,completed,88650.1075595,88650.109409,88650.1100906,2.5311000063084066
1,542,completed,88650.1076311,88650.1094831,88650.1106449,3.0138000001898035
3,542,completed,88650.1075422,88650.1095061,88650.1111444,3.602199998567812
2,542,completed,88650.1075974,88650.1095541,88650.1116307,4.033300006994978
1,543,completed,88650.1331594,88650.1345123,88650.1351762,2.016800004639663
3,543,completed,88650.1331241,88650.1344565,88650.1358057,2.6816000026883557
2,543,completed,88650.1332454,88650.1345819,88650.1363594,3.1140000064624473
0,543,completed,88650.1331979,88650.1345971,88650.1368962,3.6983000027248636
2,544,completed,88650.1650678,88650.1662125,88650.1674553,2.387500004260801
0,544,completed,88650.1650363,88650.1661925,88650.1680218,2.9855000029783696
1,544,completed,88650.1653006,88650.1670105,88650.1684988,3.198200007318519
3,544,completed,88650.1656371,88650.1672209,88650.1690831,3.4460000024409965
0,545,completed,88650.203442,88650.2046459,88650.2054165,1.9745000026887283
3,545,completed,88650.203455,88650.204881,88650.2059341,2.4791000032564625
1,545,completed,88650.2034925,88650.2048723,88650.2063937,2.9012000013608485
2,545,completed,88650.2039273,88650.2049736,88650.2068646,2.93729999975767
1,546,completed,88650.2347018,88650.2358433,88650.2365416,1.8397999956505373
0,546,completed,88650.2345985,88650.2357594,88650.2370451,2.446600003167987
2,546,completed,88650.2347731,88650.2359971,88650.2375277,2.754599991021678
3,546,completed,88650.2350181,88650.2360641,88650.2379749,2.9568000027211383
1,547,completed,88650.2674279,88650.268828,88650.2693909,1.9629999878816307
0,547,completed,88650.2674457,88650.2688059,88650.269991,2.5452999980188906
3,547,completed,88650.2674524,88650.2688134,88650.2705503,3.097900000284426
2,547,completed,88650.2675122,88650.2688517,88650.2710445,3.532300004735589
0,548,completed,88650.2986134,88650.3006054,88650.3013613,2.747899998212233
2,548,completed,88650.2986423,88650.3007849,88650.3018717,3.2293999975081533
1,548,completed,88650.299013,88650.3008719,88650.3023155,3.30250000115484
3,548,completed,88650.2989988,88650.3008811,88650.3028187,3.8198999973246828
3,549,completed,88650.3459351,88650.3468247,88650.3477992,1.8640999915078282
1,549,completed,88650.3462496,88650.3471522,88650.3483054,2.0557999960146844
2,549,completed,88650.3459349,88650.347244,88650.348794,2.8591000009328127
0,549,completed,88650.3462678,88650.3474415,88650.3492595,2.9916999919805676
3,550,completed,88650.3771436,88650.3784244,88650.3792506,2.107000007526949
2,550,completed,88650.3771444,88650.378557,88650.3798295,2.685100000235252
1,550,completed,88650.3772584,88650.3786462,88650.3803288,3.0704000091645867
0,550,completed,88650.3774479,88650.3786799,88650.3807929,3.345000004628673
0,551,completed,88650.407706,88650.4096823,88650.4103748,2.668800007086247
1,551,completed,88650.4078651,88650.4098223,88650.4108611,2.9959999956190586
2,551,completed,88650.407839,88650.4098671,88650.4113246,3.485599998384714
3,551,completed,88650.4079953,88650.4098926,88650.411776,3.7806999898748472
1,552,completed,88650.4401772,88650.442135,88650.4427197,2.5425000058021396
3,552,completed,88650.4401488,88650.4421452,88650.4432091,3.0603000050177798
0,552,completed,88650.4401931,88650.4422015,88650.4436781,3.484999993816018
2,552,completed,88650.440149,88650.4421689,88650.4441275,3.9784999971743673
2,553,completed,88650.4708969,88650.4723144,88650.4731102,2.2132999874884263
0,553,completed,88650.470913,88650.4724817,88650.4736646,2.751599997282028
1,553,completed,88650.4710229,88650.4725308,88650.4741563,3.133399994112551
3,553,completed,88650.470942,88650.4725276,88650.4746884,3.746400005184114
1,554,completed,88650.5076475,88650.5088462,88650.509705,2.057500008959323
2,554,completed,88650.5077938,88650.5091177,88650.5102515,2.457700000377372
0,554,completed,88650.5077246,88650.5091704,88650.5108272,3.1026000069687143
3,554,completed,88650.5076881,88650.5091567,88650.5113453,3.657199995359406
1,555,completed,88650.5319397,88650.5326893,88650.5342129,2.2732000070391223
0,555,completed,88650.5322412,88650.5338427,88650.5347072,2.466000005370006
3,555,completed,88650.5323139,88650.5340097,88650.5351656,2.8517000027932227
2,555,completed,88650.5322927,88650.5340032,88650.5356274,3.3346999989589676
3,556,completed,88650.5643373,88650.5652397,88650.5663009,1.9635999924503267
1,556,completed,88650.5646577,88650.5659015,88650.5667912,2.13350000558421
0,556,completed,88650.5647437,88650.5659559,88650.5672351,2.4913999950513244
2,556,completed,88650.5648008,88650.5659616,88650.5677547,2.9538999951910228
3,557,completed,88650.6106126,88650.6120264,88650.6126589,2.046300010988489
2,557,completed,88650.6106127,88650.6120758,88650.613143,2.530300000216812
1,557,completed,88650.6106714,88650.6120867,88650.6135982,2.9267999925650656
0,557,completed,88650.6108047,88650.6121417,88650.6141051,3.300399999716319
2,558,completed,88650.6426848,88650.6439887,88650.6446146,1.9297999970149249
1,558,completed,88650.642734,88650.6440498,88650.6451185,2.384500010521151
0,558,completed,88650.6427276,88650.6440719,88650.6455773,2.849700002116151
3,558,completed,88650.6427881,88650.6440694,88650.6460333,3.2452000014018267
1,559,completed,88650.6733711,88650.6749213,88650.6755624,2.19130000914447
0,559,completed,88650.6733455,88650.6748915,88650.6760595,2.713999987463467
2,559,completed,88650.6734303,88650.6750474,88650.6765158,3.0855000077281147
3,559,completed,88650.6734182,88650.6750659,88650.6771099,3.6917000106768683
0,560,completed,88650.7052482,88650.7065995,88650.7072086,1.9603999971877784
1,560,completed,88650.7052505,88650.7066332,88650.7077002,2.449699997669086
3,560,completed,88650.7052794,88650.7066317,88650.7083314,3.0520000000251457
2,560,completed,88650.7052863,88650.7065936,88650.7088275,3.541199999745004
0,561,completed,88650.7361055,88650.7372896,88650.7379551,1.8496000120649114
3,561,completed,88650.7362334,88650.7374272,88650.7386259,2.392499998677522
2,561,completed,88650.7361452,88650.7374645,88650.7393245,3.1792999943718314
1,561,completed,88650.7361335,88650.7374575,88650.7400909,3.9573999965796247
1,562,completed,88650.767634,88650.7690581,88650.7698334,2.1993999980622903
3,562,completed,88650.7675921,88650.7692091,88650.7703787,2.786600001854822
2,562,completed,88650.7676987,88650.7692391,88650.7709051,3.2063999969977885
0,562,completed,88650.7676547,88650.769328,88650.7714612,3.806499997153878
0,563,completed,88650.798491,88650.8001318,88650.800777,2.286000002641231
1,563,completed,88650.7985556,88650.8002019,88650.801292,2.736399997957051
2,563,completed,88650.798573,88650.8002078,88650.801733,3.160000007483177
3,563,completed,88650.7986425,88650.8002683,88650.8021992,3.5567000013543293
0,564,completed,88650.8457499,88650.8468064,88650.8474901,1.7401999939465895
2,564,completed,88650.8458056,88650.8469453,88650.847976,2.170400010072626
1,564,completed,88650.8457615,88650.8470022,88650.8484375,2.6760000037029386
3,564,completed,88650.8458561,88650.8470741,88650.8488948,3.0387000006157905
3,565,completed,88650.8770924,88650.8783305,88650.8789522,1.8598000024212524
2,565,completed,88650.8769553,88650.8782527,88650.8794646,2.5093000003835186
0,565,completed,88650.8769552,88650.8783309,88650.8799343,2.9790999979013577
1,565,completed,88650.8773864,88650.8784686,88650.8804568,3.0704000091645867
3,566,completed,88650.9077505,88650.9092477,88650.9101739,2.4234000011347234
1,566,completed,88650.9077504,88650.9093972,88650.910674,2.9235999973025173
0,566,completed,88650.9081595,88650.909867,88650.9111603,3.0008000030647963
2,566,completed,88650.9081424,88650.9098519,88650.9116108,3.468399998382665
1,567,completed,88650.9401288,88650.942048,88650.9427077,2.578900006483309
3,567,completed,88650.9401142,88650.9421817,88650.9432008,3.086600001552142
2,567,completed,88650.940257,88650.9421692,88650.9436726,3.4156000037910417
0,567,completed,88650.9401751,88650.9422111,88650.9441263,3.9512000075774267
2,568,completed,88650.9710622,88650.9723706,88650.9730634,2.001200002268888
3,568,completed,88650.971003,88650.9722986,88650.9736998,2.696800002013333
0,568,completed,88650.9709737,88650.9724352,88650.9741592,3.18550001247786
1,568,completed,88650.9710808,88650.9725573,88650.9746888,3.607999999076128
0,569,completed,88651.0022996,88651.0035184,88651.0044436,2.143999998224899
2,569,completed,88651.002566,88651.0039743,88651.0049985,2.432499997667037
3,569,completed,88651.0026255,88651.0040068,88651.0055964,2.970900008222088
1,569,completed,88651.0026851,88651.0040937,88651.0061483,3.4632000024430454
2,570,completed,88651.0345657,88651.035663,88651.0362924,1.7266999930143356
0,570,completed,88651.0346586,88651.03572,88651.0367783,2.1197000023676082
3,570,completed,88651.0345672,88651.0357692,88651.0372717,2.704500002437271
1,570,completed,88651.0346565,88651.0358145,88651.0377218,3.065299999434501
0,571,completed,88651.0691859,88651.0707293,88651.0714962,2.3102999984985217
2,571,completed,88651.0692142,88651.070709,88651.0721023,2.8880999889224768
3,571,completed,88651.0691434,88651.0708671,88651.0726054,3.4619999933056533
1,571,completed,88651.0692803,88651.0709316,88651.0731394,3.8591000047745183
2,572,completed,88651.1076271,88651.1087081,88651.1095336,1.906499994220212
1,572,completed,88651.1076858,88651.1088901,88651.110051,2.365199994528666
3,572,completed,88651.1081008,88651.1090861,88651.1105356,2.4348000006284565
0,572,completed,88651.1080022,88651.1092001,88651.1109972,2.9950000025564805
0,573,completed,88651.1451483,88651.146395,88651.1471661,2.017799997702241
2,573,completed,88651.1452627,88651.1465612,88651.1476654,2.402700003585778
1,573,completed,88651.1452904,88651.1466878,88651.1481727,2.882300002966076
3,573,completed,88651.1455607,88651.1467074,88651.148638,3.07730000349693
3,574,completed,88651.1768489,88651.178144,88651.1789637,2.1148000087123364
1,574,completed,88651.1768674,88651.178368,88651.1795716,2.704200000152923
2,574,completed,88651.1768949,88651.1784233,88651.1801214,3.226500004529953
0,574,completed,88651.1771708,88651.1784479,88651.1805927,3.421899993554689
0,575,completed,88651.2087761,88651.2102745,88651.2109571,2.1810000034747645
3,575,completed,88651.2088462,88651.2103501,88651.2114888,2.642600011313334
2,575,completed,88651.2088118,88651.2104531,88651.2119601,3.148300005705096
1,575,completed,88651.2088643,88651.2104957,88651.2124062,3.541899990523234
1,576,completed,88651.240014,88651.2411749,88651.2418594,1.8454000091878697
2,576,completed,88651.2400354,88651.2412517,88651.2423482,2.31280000298284
3,576,completed,88651.2402917,88651.2414519,88651.2427917,2.5000000023283064
0,576,completed,88651.2403049,88651.2414438,88651.2432483,2.9434000025503337
3,577,completed,88651.2714768,88651.2725887,88651.2734794,2.0025999983772635
0,577,completed,88651.2716101,88651.2729229,88651.2739799,2.369800000451505
1,577,completed,88651.2718578,88651.2730559,88651.2744413,2.583499997854233
2,577,completed,88651.2718824,88651.2731019,88651.2749728,3.0904000013833866
1,578,completed,88651.3035746,88651.3050018,88651.3056949,2.1203000069363043
2,578,completed,88651.3036114,88651.3051063,88651.3062356,2.624200002173893
0,578,completed,88651.3035758,88651.3051829,88651.3067086,3.132799989543855
3,578,completed,88651.3037444,88651.3052787,88651.3071675,3.423100002692081
3,579,completed,88651.3351032,88651.3361133,88651.3372486,2.1453999943332747
1,579,completed,88651.335406,88651.3367696,88651.3377788,2.37280000874307
2,579,completed,88651.3354721,88651.3368433,88651.3382512,2.7790999884018674
0,579,completed,88651.3355308,88651.3369211,88651.3387322,3.2014000025810674
3,580,completed,88651.3665741,88651.3682246,88651.3690524,2.478299997164868
1,580,completed,88651.3668847,88651.3685548,88651.3695925,2.707800013013184
0,580,completed,88651.366574,88651.3686026,88651.3701938,3.6198000016156584
2,580,completed,88651.3669234,88651.3686327,88651.3707163,3.79290001001209
2,581,completed,88651.3983544,88651.3998635,88651.4006405,2.28610000340268
3,581,completed,88651.3984605,88651.3999643,88651.40121,2.7494999958435073
0,581,completed,88651.3983846,88651.3999506,88651.4017282,3.3435999939683825
1,581,completed,88651.3984045,88651.4000204,88651.4023101,3.9056000096024945
1,582,completed,88651.4412489,88651.4422086,88651.4430696,1.8207000102847815
3,582,completed,88651.4412916,88651.4423006,88651.4435754,2.2838000004412606
0,582,completed,88651.4416853,88651.4425498,88651.4440943,2.4089999933494255
2,582,completed,88651.4417188,88651.4426503,88651.4445689,2.8501000051619485
3,583,completed,88651.4756395,88651.4769932,88651.4777227,2.0832000009249896
1,583,completed,88651.4757034,88651.4770817,88651.4782874,2.5839999871095642
2,583,completed,88651.4756831,88651.4771337,88651.4787652,3.0820999963907525
0,583,completed,88651.4757343,88651.4772262,88651.4792017,3.467400005320087
2,584,completed,88651.5065001,88651.5082071,88651.5090937,2.5936000020010397
0,584,completed,88651.5066424,88651.5083894,88651.5096252,2.9827999969711527
1,584,completed,88651.5067803,88651.5084622,88651.5101165,3.3361999958287925
3,584,completed,88651.5067044,88651.5086079,88651.5106058,3.9013999921735376
0,585,completed,88651.5376746,88651.5394263,88651.5400353,2.3607000039191917
1,585,completed,88651.5376144,88651.5393866,88651.540615,3.0006000015418977
3,585,completed,88651.5376272,88651.5394519,88651.5411538,3.5266000049887225
2,585,completed,88651.5376045,88651.5394081,88651.5416469,4.042400003527291
3,586,completed,88651.5689352,88651.5708345,88651.571575,2.6397999899927527
0,586,completed,88651.5689699,88651.5708604,88651.5721705,3.2005999964894727
1,586,completed,88651.5689366,88651.5707826,88651.572772,3.835399998934008
2,586,completed,88651.5689969,88651.5708309,88651.5733604,4.363500003819354
3,587,completed,88651.6005096,88651.6021966,88651.6030641,2.5544999953126535
0,587,completed,88651.6005531,88651.6022967,88651.6036431,3.089999998337589
2,587,completed,88651.60049,88651.6023576,88651.6042539,3.763900007470511
1,587,completed,88651.6005794,88651.6024436,88651.6047616,4.182200005743653
2,588,completed,88651.6323571,88651.6339446,88651.6347005,2.3434000031556934
0,588,completed,88651.6323868,88651.6340749,88651.6352777,2.890899995691143
1,588,completed,88651.6323728,88651.6341801,88651.6358133,3.4405000042170286
3,588,completed,88651.6324203,88651.6342249,88651.6363152,3.8949000008869916
2,589,completed,88651.6638564,88651.6643698,88651.665061,1.2046000047121197
3,589,completed,88651.6797579,88651.6810117,88651.6816896,1.931699996930547
0,589,completed,88651.679784,88651.6810582,88651.6822487,2.4646999954711646
1,589,completed,88651.679758,88651.6810631,88651.6827927,3.0346999992616475
3,590,completed,88651.7118686,88651.7135515,88651.7143126,2.4439999979222193
2,590,completed,88651.7118472,88651.7136384,88651.7149382,3.0910000059520826
1,590,completed,88651.7118937,88651.7136758,88651.7155222,3.6284999951021746
0,590,completed,88651.7119453,88651.7136542,88651.716064,4.118699987884611
2,591,completed,88651.7433369,88651.7447387,88651.745439,2.102099999319762
0,591,completed,88651.7433842,88651.7448347,88651.746016,2.631800001836382
1,591,completed,88651.7433339,88651.7448427,88651.7465586,3.22470000537578
3,591,completed,88651.7434165,88651.7449249,88651.7470934,3.676899999845773
2,592,completed,88651.7745095,88651.7759336,88651.7766843,2.1747999999206513
1,592,completed,88651.7744763,88651.7760741,88651.7773597,2.883400011342019
3,592,completed,88651.7745755,88651.7760756,88651.7780509,3.475399993476458
0,592,completed,88651.7744763,88651.7760711,88651.7786199,4.143600002862513
0,593,completed,88651.8057335,88651.8071463,88651.8079278,2.1942999883322045
2,593,completed,88651.8057578,88651.8072324,88651.8084824,2.7245999954175204
1,593,completed,88651.8058129,88651.8073491,88651.8089961,3.183199994964525
3,593,completed,88651.8058248,88651.8073432,88651.8095785,3.7537000025622547
0,594,completed,88651.8370514,88651.8383931,88651.8390771,2.0256999996490777
1,594,completed,88651.8370059,88651.8384142,88651.8396314,2.6254999975208193
2,594,completed,88651.8370898,88651.8384878,88651.8401147,3.0248999973991886
3,594,completed,88651.8371163,88651.8385032,88651.8407711,3.6548000061884522
1,595,completed,88651.8680541,88651.8691869,88651.8698681,1.8139999883715063
0,595,completed,88651.8681404,88651.8693534,88651.8703653,2.224900003056973
2,595,completed,88651.8680819,88651.8693784,88651.8708116,2.729700005147606
3,595,completed,88651.8681812,88651.8694429,88651.8714927,3.311499996925704
1,596,completed,88651.8997378,88651.900714,88651.9017733,2.0354999869596213
3,596,completed,88651.8999505,88651.9012037,88651.9023452,2.394700000877492
0,596,completed,88651.9001595,88651.9013758,88651.9027818,2.622300002258271
2,596,completed,88651.9001519,88651.901425,88651.90323,3.0780999950366095
2,597,completed,88651.9308424,88651.9316981,88651.932464,1.62159999308642
3,597,completed,88651.9308796,88651.9319244,88651.9330185,2.1389000030467287
0,597,completed,88651.9309199,88651.9319507,88651.9334868,2.56690000242088
1,597,completed,88651.9461673,88651.9466417,88651.9473148,1.14749999193009
0,598,completed,88651.9789587,88651.9813044,88651.9819998,3.0411000043386593
3,598,completed,88651.9789951,88651.9813208,88651.9825369,3.5418000043137
1,598,completed,88651.9789587,88651.9813612,88651.9830043,4.0455999987898394
2,598,completed,88651.9790317,88651.9814278,88651.9834135,4.38179999764543
1,599,completed,88652.009413,88652.0107371,88652.0114518,2.038799997535534
2,599,completed,88652.0093864,88652.0107955,88652.0119783,2.591900003608316
3,599,completed,88652.0094309,88652.0108371,88652.0124913,3.060400005779229
0,599,completed,88652.0095083,88652.0108682,88652.0129658,3.4574999881442636
2,600,completed,88652.0452038,88652.0464742,88652.0471084,1.9046000088565052
1,600,completed,88652.0452177,88652.0465339,88652.047603,2.3853000020608306
3,600,completed,88652.0452975,88652.0466127,88652.0481229,2.8254000062588602
0,600,completed,88652.0453892,88652.0466723,88652.0485701,3.180900006555021
1,601,completed,88652.0770634,88652.0792964,88652.0801473,3.0839000100968406
0,601,completed,88652.0773228,88652.0793659,88652.0807584,3.4355999960098416
3,601,completed,88652.0774048,88652.0794306,88652.0812642,3.859399992506951
2,601,completed,88652.0774985,88652.0797253,88652.0817877,4.289199991035275
2,602,completed,88652.108399,88652.1098452,88652.1105719,2.172900000005029
3,602,completed,88652.1084241,88652.1099152,88652.1110734,2.6492999895708635
0,602,completed,88652.1086572,88652.1100765,88652.1115356,2.878399987821467
1,602,completed,88652.1085708,88652.1101844,88652.112004,3.4331999922869727
1,603,completed,88652.1398702,88652.1411598,88652.1419139,2.0437000057427213
0,603,completed,88652.1400209,88652.141229,88652.14249,2.469099999871105
3,603,completed,88652.1399338,88652.1412074,88652.142992,3.0581999890273437
2,603,completed,88652.1399951,88652.1413096,88652.1435041,3.508999987388961
2,604,completed,88652.1716037,88652.1731492,88652.1738444,2.2406999923987314
1,604,completed,88652.1715898,88652.1731837,88652.1743841,2.79430000227876
0,604,completed,88652.1716771,88652.1732211,88652.1748892,3.212099996744655
3,604,completed,88652.1717347,88652.1732196,88652.1753536,3.6189000093145296
1,605,completed,88652.2052725,88652.2073771,88652.2081282,2.8557000041473657
0,605,completed,88652.2053981,88652.2074856,88652.2087206,3.32249999337364
3,605,completed,88652.2053027,88652.2074829,88652.2092662,3.963500013924204
2,605,completed,88652.2053693,88652.2075316,88652.2097429,4.3735999934142455
3,606,completed,88652.2373722,88652.2392808,88652.2401809,2.8086999955121428
0,606,completed,88652.2377681,88652.2396533,88652.2406783,2.9101999971317127
1,606,completed,88652.2377308,88652.2397356,88652.2411546,3.423799993470311
2,606,completed,88652.2378334,88652.2397608,88652.2416368,3.803400002652779
2,607,completed,88652.269357,88652.270335,88652.2711758,1.818799995817244
1,607,completed,88652.2693982,88652.2704405,88652.2718292,2.431000000797212
3,607,completed,88652.2698285,88652.2707175,88652.2724765,2.6480000087758526
0,607,completed,88652.2698709,88652.2707853,88652.2730878,3.216900004190393
3,608,completed,88652.3008941,88652.30284,88652.3035254,2.631299998029135
0,608,completed,88652.3008243,88652.3029304,88652.3041049,3.280600009020418
1,608,completed,88652.3008336,88652.3030058,88652.3046853,3.851699992083013
2,608,completed,88652.3008337,88652.3029946,88652.3052473,4.4135999924037606
0,609,completed,88652.334216,88652.3357549,88652.336389,2.1730000007664785
3,609,completed,88652.3342163,88652.335767,88652.3369768,2.760499992291443
2,609,completed,88652.3343022,88652.3358289,88652.3374732,3.1709999893791974
1,609,completed,88652.3342524,88652.3358617,88652.3380784,3.8260000001173466
1,610,completed,88652.3670358,88652.3683797,88652.3690931,2.0573000074364245
0,610,completed,88652.3669693,88652.3684608,88652.3696186,2.6493000041227788
3,610,completed,88652.3670728,88652.368417,88652.3700513,2.9784999933326617
2,610,completed,88652.3669877,88652.3686049,88652.3705018,3.5140999971190467
3,611,completed,88652.3999621,88652.4014412,88652.4021673,2.205199998570606
0,611,completed,88652.4000744,88652.401661,88652.4027292,2.6548000023467466
2,611,completed,88652.4000466,88652.4016708,88652.4032314,3.1848000071477145
1,611,completed,88652.399983,88652.4017231,88652.4036981,3.715099999681115
0,612,completed,88652.4311617,88652.432487,88652.4332646,2.1028999908594415
1,612,completed,88652.4312304,88652.43261,88652.4339092,2.6787999959196895
3,612,completed,88652.4311791,88652.4326553,88652.4344159,3.2368000101996586
2,612,completed,88652.4312987,88652.4326702,88652.4349142,3.6154999979771674
1,613,completed,88652.4630089,88652.4638783,88652.464602,1.5930999943520874
3,613,completed,88652.4630711,88652.4641096,88652.4650985,2.027399998041801
2,613,completed,88652.4630795,88652.4641146,88652.4655767,2.4971999955596402
0,613,completed,88652.4792765,88652.4798748,88652.4803866,1.1100999981863424
1,614,completed,88652.5122459,88652.5135749,88652.5143166,2.070700007607229
3,614,completed,88652.512289,88652.5137466,88652.5148914,2.602399996249005
0,614,completed,88652.5122736,88652.5138008,88652.5154053,3.1316999957198277
2,614,completed,88652.5122468,88652.5137846,88652.5158731,3.6262999929022044
0,615,completed,88652.5327601,88652.5342149,88652.534978,2.2178999934112653
3,615,completed,88652.5328067,88652.5342407,88652.5355116,2.7049000054830685
2,615,completed,88652.5327409,88652.5340974,88652.5360996,3.3586999925319105
1,615,completed,88652.5328349,88652.5342613,88652.5365952,3.76029999461025
1,616,completed,88652.5737692,88652.5756699,88652.5762846,2.5154000031761825
2,616,completed,88652.5737522,88652.5756558,88652.5768167,3.0645000078948215
3,616,completed,88652.5737906,88652.5757331,88652.5772874,3.4967999963555485
0,616,completed,88652.5738305,88652.5757683,88652.577778,3.9475000085076317
1,617,completed,88652.6051076,88652.6070423,88652.6078298,2.7222000062465668
2,617,completed,88652.6051058,88652.6070441,88652.6083963,3.290499997092411
0,617,completed,88652.6051548,88652.6073729,88652.6088917,3.736900005606003
3,617,completed,88652.6052975,88652.607366,88652.6093572,4.059699989738874
0,618,completed,88652.6370323,88652.6385179,88652.6392819,2.2496000019600615
1,618,completed,88652.6371183,88652.6386899,88652.6397816,2.663299994310364
3,618,completed,88652.6370682,88652.6387245,88652.6402652,3.196999998181127
2,618,completed,88652.6371339,88652.6387881,88652.640722,3.5880999930668622
1,619,completed,88652.6691125,88652.6708253,88652.6714645,2.3519999958807603
3,619,completed,88652.669036,88652.670927,88652.6719628,2.9267999925650656
2,619,completed,88652.6690147,88652.6709133,88652.6725662,3.551499990862794
0,619,completed,88652.6691728,88652.6709413,88652.6730971,3.9243000064743683
0,620,completed,88652.7010044,88652.7032911,88652.7040184,3.014000001712702
2,620,completed,88652.7010934,88652.7034939,88652.7045381,3.4447000070940703
3,620,completed,88652.7010692,88652.7034925,88652.7050326,3.9633999986108392
1,620,completed,88652.7011669,88652.70349,88652.7054872,4.320299995015375
3,621,completed,88652.7324546,88652.7336886,88652.734338,1.883399992948398
2,621,completed,88652.7325163,88652.733805,88652.7348564,2.3400999925797805
1,621,completed,88652.7325401,88652.7338313,88652.7354397,2.8996000037295744
0,621,completed,88652.7325902,88652.7338694,88652.7360692,3.4789999917848036
3,622,completed,88652.7640914,88652.765425,88652.766102,2.0106000010855496
1,622,completed,88652.7641701,88652.7655422,88652.7666722,2.5021000037668273
2,622,completed,88652.7640552,88652.7655689,88652.7671219,3.0667000100947917
0,622,completed,88652.76411,88652.7656278,88652.7675818,3.471799995168112
0,623,completed,88652.7975707,88652.7988737,88652.7995551,1.9844000053126365
3,623,completed,88652.797568,88652.7989959,88652.8001013,2.5333000085083768
1,623,completed,88652.7976321,88652.7990412,88652.800562,2.92990000161808
2,623,completed,88652.7977262,88652.7989936,88652.8010049,3.2786999945528805
1,624,completed,88652.8449991,88652.8465209,88652.8470978,2.098700002534315
0,624,completed,88652.8448973,88652.8464692,88652.8476903,2.7929999923799187
2,624,completed,88652.8449458,88652.8465047,88652.8482042,3.2584000000497326
3,624,completed,88652.8448748,88652.8464953,88652.8486569,3.782100000535138
1,625,completed,88652.8767093,88652.877885,88652.8787965,2.0871999877272174
0,625,completed,88652.8763658,88652.8781606,88652.8793256,2.959800011012703
2,625,completed,88652.8768604,88652.8781533,88652.8798165,2.956099997390993
3,625,completed,88652.8771778,88652.878295,88652.8802774,3.0996000132290646
3,626,completed,88652.9073125,88652.9090653,88652.9097822,2.469700004439801
2,626,completed,88652.9074025,88652.9091334,88652.9103567,2.9541999974753708
1,626,completed,88652.9074949,88652.9092629,88652.9108206,3.325699988636188
0,626,completed,88652.9073689,88652.9092485,88652.9113641,3.9951999933691695
0,627,completed,88652.9382376,88652.9399654,88652.940623,2.38540000282228
3,627,completed,88652.9381929,88652.9400788,88652.9411545,2.961600010166876
1,627,completed,88652.9381315,88652.9401032,88652.9416706,3.539099998306483
2,627,completed,88652.9381315,88652.9401037,88652.9421544,4.022900000563823
0,628,completed,88652.9690636,88652.9706605,88652.9714071,2.3435000039171427
3,628,completed,88652.969155,88652.970685,88652.9721871,3.03209999401588
2,628,completed,88652.9690859,88652.9707568,88652.9727681,3.682199996546842
1,628,completed,88652.9691004,88652.9707647,88652.9733338,4.233399988152087
1,629,completed,88653.00052,88653.001992,88653.0027335,2.21350000356324
2,629,completed,88653.00052,88653.0019803,88653.0033605,2.8405000048223883
0,629,completed,88653.0008307,88653.0021222,88653.00385,3.0192999984137714
3,629,completed,88653.0008695,88653.0021835,88653.004478,3.6085000028833747
0,630,completed,88653.0343059,88653.0359152,88653.0366113,2.30540000484325
3,630,completed,88653.0342772,88653.0359995,88653.0373351,3.057900001294911
2,630,completed,88653.0345772,88653.0360702,88653.0378134,3.2362000056309626
1,630,completed,88653.0346111,88653.0360671,88653.0382692,3.65810000221245
3,631,completed,88653.0641056,88653.0655871,88653.0662748,2.169200000935234
1,631,completed,88653.0642143,88653.0655735,88653.0668836,2.6692999963415787
0,631,completed,88653.0641762,88653.0655629,88653.0673856,3.2094000052893534
2,631,completed,88653.0641089,88653.0655868,88653.0678308,3.7219000078039244
3,632,completed,88653.1132686,88653.1147373,88653.1154548,2.1861999994143844
2,632,completed,88653.1133624,88653.1148774,88653.1160082,2.645799992023967
1,632,completed,88653.113322,88653.1149248,88653.116479,3.156999999191612
0,632,completed,88653.1134097,88653.114961,88653.1169358,3.526100001181476
2,633,completed,88653.1405517,88653.141882,88653.142729,2.1773000044049695
0,633,completed,88653.1406629,88653.1420221,88653.1433329,2.670000001671724
3,633,completed,88653.1405974,88653.1420666,88653.1437412,3.143800000543706
1,633,completed,88653.1406948,88653.1421363,88653.1446055,3.910700004780665
0,634,completed,88653.1710913,88653.1724416,88653.1732245,2.133200003299862
1,634,completed,88653.1711228,88653.1725025,88653.1738413,2.7184999926248565
3,634,completed,88653.1710579,88653.1725276,88653.1743364,3.278499993029982
2,634,completed,88653.1710539,88653.1725308,88653.1748476,3.7937000015517697
3,635,completed,88653.2070396,88653.208418,88653.2091161,2.0764999935636297
2,635,completed,88653.2069908,88653.2084663,88653.2097589,2.768100006505847
0,635,completed,88653.2069757,88653.2084252,88653.2102429,3.267199994297698
1,635,completed,88653.2070924,88653.2085241,88653.2107327,3.640299997641705
0,636,completed,88653.2385114,88653.2399769,88653.2407661,2.254699997138232
3,636,completed,88653.2388549,88653.2402829,88653.2412997,2.444800004013814
2,636,completed,88653.238743,88653.2402315,88653.2417875,3.0445000011241063
1,636,completed,88653.2387705,88653.2403654,88653.2422684,3.497900004731491
1,637,completed,88653.2748893,88653.2763749,88653.2770139,2.1246000105747953
0,637,completed,88653.274958,88653.2764115,88653.2775098,2.551800003857352
3,637,completed,88653.2748466,88653.276438,88653.2779925,3.145900001982227
2,637,completed,88653.2748389,88653.2764532,88653.2784594,3.6204999923938885
0,638,completed,88653.3062566,88653.3074266,88653.3080788,1.822199992602691
3,638,completed,88653.3062941,88653.3075423,88653.3085698,2.2757000115234405
2,638,completed,88653.3063315,88653.3076302,88653.3092513,2.919799997471273
1,638,completed,88653.3063746,88653.3076466,88653.3097956,3.42100000125356
1,639,completed,88653.3371036,88653.3386033,88653.3396016,2.498000001651235
2,639,completed,88653.3370807,88653.3387637,88653.3403371,3.256399999372661
3,639,completed,88653.3371041,88653.3387996,88653.3410387,3.9345999975921586
0,639,completed,88653.3370434,88653.3388318,88653.3417903,4.746899998281151
1,640,completed,88653.3705118,88653.3723377,88653.3733462,2.834399987477809
2,640,completed,88653.3705125,88653.3723682,88653.3743019,3.7893999979132786
3,640,completed,88653.3705279,88653.3723719,88653.3750485,4.520600006799214
0,640,completed,88653.3705781,88653.3724706,88653.3757927,5.214599994360469
1,641,completed,88653.4064325,88653.4081348,88653.4088711,2.4385999859077856
3,641,completed,88653.4064454,88653.4081383,88653.4094648,3.0193999991752207
0,641,completed,88653.4064838,88653.408183,88653.4099853,3.5014999884879217
2,641,completed,88653.4065168,88653.4081713,88653.4105188,4.002000001491979
2,642,completed,88653.4376107,88653.4393857,88653.4399586,2.347900008317083
1,642,completed,88653.4376167,88653.4394331,88653.4405219,2.9052000027149916
0,642,completed,88653.4376454,88653.4394314,88653.4410454,3.400000001420267
3,642,completed,88653.4377017,88653.4394512,88653.4415785,3.876800008583814
1,643,completed,88653.472328,88653.4743163,88653.4752395,2.911499992478639
0,643,completed,88653.4722904,88653.4743038,88653.4759929,3.7025000056019053
2,643,completed,88653.4723802,88653.4743441,88653.4765375,4.157300005317666
3,643,completed,88653.4723084,88653.4743139,88653.4770224,4.713999995146878
3,644,completed,88653.5030014,88653.504306,88653.5048856,1.884200013591908
0,644,completed,88653.5029658,88653.5042791,88653.5054265,2.460700008668937
1,644,completed,88653.5029825,88653.5042918,88653.5058916,2.9091000033076853
2,644,completed,88653.5030436,88653.5043703,88653.5063712,3.3276000031037256
0,645,completed,88653.5336129,88653.5357213,88653.5364648,2.851899989764206
1,645,completed,88653.5336353,88653.5357243,88653.5370874,3.452099990681745
3,645,completed,88653.5337463,88653.5357946,88653.5378272,4.080899991095066
2,645,completed,88653.533614,88653.5357335,88653.5384599,4.845899995416403
3,646,completed,88653.5666953,88653.5680254,88653.5687014,2.00609999592416
1,646,completed,88653.5667356,88653.5681093,88653.5692425,2.5068999966606498
0,646,completed,88653.5667166,88653.5680943,88653.5697563,3.0396999936783686
2,646,completed,88653.5667831,88653.5681644,88653.5702055,3.4223999973619357
3,647,completed,88653.6012138,88653.6027947,88653.6035569,2.3431000008713454
2,647,completed,88653.6013329,88653.6030388,88653.6040429,2.710000000661239
0,647,completed,88653.6016709,88653.6030956,88653.6045031,2.8321999998297542
1,647,completed,88653.6016325,88653.6031661,88653.6049621,3.329600003780797
1,648,completed,88653.6326433,88653.6343007,88653.6350218,2.3784999939380214
0,648,completed,88653.6329886,88653.6346147,88653.6355184,2.529799996409565
2,648,completed,88653.6328968,88653.6346039,88653.6359779,3.0811000033281744
3,648,completed,88653.633077,88653.6346373,88653.6364272,3.350200000568293
0,649,completed,88653.6650663,88653.666756,88653.6673428,2.27650000306312
3,649,completed,88653.6650605,88653.6668003,88653.6678313,2.7707999979611486
1,649,completed,88653.665187,88653.6668415,88653.6683083,3.121299989288673
2,649,completed,88653.6651347,88653.6668214,88653.668766,3.631300001870841
1,650,completed,88653.7173113,88653.7188707,88653.7196008,2.289500000188127
0,650,completed,88653.7176588,88653.7189868,88653.7200805,2.421700002742
2,650,completed,88653.7173255,88653.7189555,88653.7205567,3.2312000112142414
3,650,completed,88653.7177761,88653.7190694,88653.7209853,3.2091999892145395
3,651,completed,88653.7393307,88653.7405651,88653.7412805,1.94980000378564
0,651,completed,88653.7393497,88653.7406979,88653.7418081,2.4584000057075173
1,651,completed,88653.7396642,88653.7407882,88653.742279,2.6148000033572316
2,651,completed,88653.7396036,88653.7408001,88653.7427404,3.1368000054499134
3,652,completed,88653.7715184,88653.7727504,88653.77355,2.031600000918843
0,652,completed,88653.7714414,88653.7728035,88653.7742227,2.781300005153753
1,652,completed,88653.7714415,88653.7728079,88653.7748299,3.388400000403635
2,652,completed,88653.7714888,88653.7727218,88653.7755036,4.014799997094087
1,653,completed,88653.8024273,88653.8040222,88653.8049592,2.531899997848086
2,653,completed,88653.8030822,88653.804516,88653.8055808,2.498600006219931
3,653,completed,88653.8028817,88653.8044979,88653.8061501,3.26840000343509
0,653,completed,88653.8031015,88653.8045498,88653.8066468,3.5453000018605962
0,654,completed,88653.8345232,88653.8360247,88653.8369834,2.46020000486169
2,654,completed,88653.8348679,88653.8364375,88653.8376053,2.737399991019629
1,654,completed,88653.8348966,88653.8364369,88653.8382351,3.338499998790212
3,654,completed,88653.8349379,88653.8364412,88653.8388145,3.8766000070609152
0,655,completed,88653.8775592,88653.8790343,88653.879689,2.1297999919625
2,655,completed,88653.8775878,88653.8790908,88653.8802174,2.6295999996364117
1,655,completed,88653.8776364,88653.8791504,88653.8806877,3.0513000092469156
3,655,completed,88653.8776803,88653.8791954,88653.8811526,3.472300013527274
3,656,completed,88653.8983581,88653.8994842,88653.9001593,1.8011999927693978
1,656,completed,88653.8984622,88653.8997128,88653.9006535,2.191299994592555
0,656,completed,88653.8983945,88653.8997368,88653.901104,2.7094999968539923
2,656,completed,88653.8984097,88653.8997572,88653.9015917,3.1820000003790483
3,657,completed,88653.9302353,88653.9319758,88653.9325308,2.2955000022193417
0,657,completed,88653.9302313,88653.9319718,88653.9330357,2.804400006425567
2,657,completed,88653.9303772,88653.9319949,88653.9335162,3.1390000076498836
1,657,completed,88653.9304592,88653.932048,88653.9339958,3.53660000837408
2,658,completed,88653.9783087,88653.9801209,88653.9808076,2.498900008504279
1,658,completed,88653.9780987,88653.9801074,88653.9813594,3.260700003011152
3,658,completed,88653.9781584,88653.9801388,88653.9818579,3.6994999973103404
0,658,completed,88653.9785289,88653.9801841,88653.9823376,3.8086999993538484
0,659,completed,88654.0098545,88654.0110947,88654.012029,2.1745000121882185
1,659,completed,88654.0101502,88654.0115129,88654.0127517,2.601499989395961
3,659,completed,88654.0101923,88654.0115178,88654.0133273,3.1349999917438254
2,659,completed,88654.0102373,88654.011593,88654.0138432,3.605899997637607
2,660,completed,88654.0414797,88654.0428927,88654.0435365,2.056800003629178
3,660,completed,88654.0414296,88654.0428944,88654.0440494,2.619800012325868
0,660,completed,88654.0414235,88654.04299,88654.0445261,3.102599992416799
1,660,completed,88654.0415787,88654.043018,88654.0450536,3.4749000042211264
1,661,completed,88654.0728312,88654.0741505,88654.0749014,2.0702000037999824
2,661,completed,88654.0727966,88654.0742842,88654.0754627,2.6661000010790303
3,661,completed,88654.0728633,88654.0743401,88654.0759618,3.098500004853122
0,661,completed,88654.0727639,88654.0743037,88654.0764294,3.66550000035204
1,662,completed,88654.1048998,88654.1065828,88654.1072142,2.314400000614114
2,662,completed,88654.1048129,88654.1065179,88654.10777,2.9571000050054863
0,662,completed,88654.1047997,88654.106537,88654.1083137,3.5139999963575974
3,662,completed,88654.1049824,88654.1066181,88654.1087817,3.799300000537187
2,663,completed,88654.1367856,88654.1389015,88654.1394965,2.710900007514283
0,663,completed,88654.1367746,88654.1389009,88654.1399839,3.209299989975989
1,663,completed,88654.1366951,88654.1389972,88654.1404396,3.744500005268492
3,663,completed,88654.1366949,88654.1390559,88654.1409753,4.280400011339225
1,664,completed,88654.1681184,88654.16906,88654.1699178,1.799399993615225
2,664,completed,88654.1682332,88654.1693995,88654.1704171,2.183899996452965
0,664,completed,88654.1684321,88654.1695612,88654.1708954,2.463299999362789
3,664,completed,88654.1684798,88654.1695765,88654.1715768,3.096999993431382
0,665,completed,88654.2000158,88654.2021166,88654.2027058,2.689999993890524
2,665,completed,88654.2000516,88654.2021412,88654.2031964,3.1448000081581995
1,665,completed,88654.2000157,88654.2022347,88654.2036483,3.632599997217767
3,665,completed,88654.20011,88654.2022574,88654.2042353,4.1252999944845214
3,666,completed,88654.2311107,88654.2323677,88654.2334397,2.3289999953703955
2,666,completed,88654.231441,88654.2327962,88654.2340872,2.64620000962168
1,666,completed,88654.2313114,88654.2328418,88654.234685,3.373600004124455
0,666,completed,88654.2314887,88654.2328369,88654.2353096,3.820900004939176
3,667,completed,88654.2784262,88654.2799116,88654.2807756,2.3493999906349927
0,667,completed,88654.2785958,88654.2800542,88654.281283,2.687200001673773
1,667,completed,88654.2788672,88654.2802452,88654.2817512,2.8840000013587996
2,667,completed,88654.2788996,88654.2802463,88654.2822529,3.353299995069392
1,668,completed,88654.3100174,88654.3116234,88654.3123963,2.3788999969838187
2,668,completed,88654.3102034,88654.3117028,88654.3129414,2.737999995588325
0,668,completed,88654.3102536,88654.3117551,88654.3134509,3.197300000465475
3,668,completed,88654.3103203,88654.3118486,88654.3139034,3.583099998650141
2,669,completed,88654.3416627,88654.3429504,88654.3436975,2.034799996181391
0,669,completed,88654.3416713,88654.3430527,88654.344223,2.5516999885439873
1,669,completed,88654.3417617,88654.343141,88654.3447218,2.960099998745136
3,669,completed,88654.3416754,88654.3432279,88654.3453406,3.665199998067692
0,670,completed,88654.3733371,88654.3750095,88654.3758645,2.5274000072386116
2,670,completed,88654.3736563,88654.3752257,88654.3765434,2.8870999958598986
3,670,completed,88654.373337,88654.3753168,88654.3771098,3.7728000024799258
1,670,completed,88654.3735181,88654.3754266,88654.3776433,4.125200008274987
1,671,completed,88654.4046339,88654.4060806,88654.4067801,2.1462000004248694
2,671,completed,88654.4046648,88654.4061956,88654.4073984,2.7336000057403
0,671,completed,88654.4046335,88654.4062615,88654.4079073,3.2738000008976087
3,671,completed,88654.4046375,88654.4062714,88654.4084939,3.8563999987673014
3,672,completed,88654.435654,88654.4372719,88654.4380816,2.427600004011765
0,672,completed,88654.4356493,88654.4373109,88654.4387121,3.062800009502098
1,672,completed,88654.4356879,88654.4373423,88654.4393291,3.641200004494749
2,672,completed,88654.4357483,88654.4374013,88654.4398566,4.108299996005371
1,673,completed,88654.465934,88654.4676773,88654.4684506,2.5165999977616593
2,673,completed,88654.4660016,88654.4677825,88654.4690438,3.042199998162687
3,673,completed,88654.4659528,88654.467911,88654.4695864,3.633599990280345
0,673,completed,88654.465942,88654.4679067,88654.4700784,4.136400006245822
1,674,completed,88654.4977908,88654.499303,88654.500131,2.34019999334123
3,674,completed,88654.4978493,88654.4995823,88654.5006626,2.813300001434982
0,674,completed,88654.4979118,88654.4996855,88654.5011201,3.2082999969134107
2,674,completed,88654.4982618,88654.4996202,88654.5015868,3.324999997857958
1,675,completed,88654.5295603,88654.5299457,88654.5305323,0.9720000089146197
0,675,completed,88654.545342,88654.5470651,88654.5477698,2.427800005534664
3,675,completed,88654.5452969,88654.5470403,88654.5483967,3.099800000200048
2,675,completed,88654.545297,88654.5471085,88654.5490082,3.7111999990884215
3,676,completed,88654.5760066,88654.5775678,88654.5782759,2.2693000064464286
1,676,completed,88654.5761034,88654.5777209,88654.5787794,2.6760000037029386
2,676,completed,88654.5759812,88654.5777184,88654.5792473,3.2661000004736707
0,676,completed,88654.5760571,88654.5777643,88654.5796892,3.6321000079624355
3,677,completed,88654.6084731,88654.609833,88654.6104876,2.0145000016782433
1,677,completed,88654.6084464,88654.6098137,88654.6109904,2.5440000026719645
0,677,completed,88654.6085105,88654.6099775,88654.61145,2.93950000195764
2,677,completed,88654.6084472,88654.609959,88654.6119354,3.4882000036304817
0,678,completed,88654.6402808,88654.6427499,88654.6433603,3.0795000056969
1,678,completed,88654.6403456,88654.6428374,88654.6439392,3.5936000058427453
2,678,completed,88654.6402947,88654.6427962,88654.6444251,4.130400004214607
3,678,completed,88654.6404027,88654.6428646,88654.6449373,4.534600011538714
1,679,completed,88654.6723619,88654.6745035,88654.675227,2.8651000029640272
3,679,completed,88654.6723959,88654.6745383,88654.6757497,3.353800013428554
0,679,completed,88654.6722866,88654.6747321,88654.6762633,3.9766999980201945
2,679,completed,88654.6722865,88654.6747325,88654.6768205,4.533999992418103
0,680,completed,88654.7033927,88654.7046358,88654.7052575,1.8647999968379736
2,680,completed,88654.7034242,88654.7046697,88654.705776,2.351800008909777
1,680,completed,88654.7034814,88654.7047206,88654.7063378,2.856399994925596
3,680,completed,88654.7035185,88654.7047588,88654.706786,3.267499996582046
2,681,completed,88654.7370276,88654.7386909,88654.7393646,2.3369999980786815
0,681,completed,88654.7370398,88654.7387373,88654.7399077,2.867899995180778
3,681,completed,88654.7370934,88654.7387857,88654.7404314,3.3379999949829653
1,681,completed,88654.7370673,88654.738747,88654.7409041,3.836800009594299
3,682,completed,88654.7675692,88654.7689064,88654.7696192,2.0499999955063686
2,682,completed,88654.767648,88654.7689397,88654.770191,2.5430000096093863
1,682,completed,88654.7675984,88654.7690112,88654.7706632,3.0648000101791695
0,682,completed,88654.7677132,88654.7691381,88654.7711264,3.413200000068173
3,683,completed,88654.7984343,88654.8000259,88654.8007897,2.3554000072181225
1,683,completed,88654.7985332,88654.8001543,88654.8013951,2.861900007701479
0,683,completed,88654.7984982,88654.8001289,88654.8020928,3.5945999989053234
2,683,completed,88654.7984783,88654.8001531,88654.8026187,4.140400007599965
2,684,completed,88654.8447424,88654.8461388,88654.8470907,2.3482999968109652
0,684,completed,88654.8447011,88654.8462622,88654.8478582,3.1570999999530613
3,684,completed,88654.8447743,88654.8462789,88654.8486453,3.870999993523583
1,684,completed,88654.8447011,88654.8462583,88654.8493021,4.601000007824041
3,685,completed,88654.8761129,88654.8778072,88654.878501,2.3880999942775816
0,685,completed,88654.8762537,88654.8778149,88654.8791867,2.932999996119179
2,685,completed,88654.8760794,88654.8777978,88654.8798045,3.7251000030664727
1,685,completed,88654.8760787,88654.8776635,88654.8803597,4.28099998680409
0,686,completed,88654.9070448,88654.908372,88654.9091717,2.1268999989842996
2,686,completed,88654.9070525,88654.9084626,88654.9098141,2.7616000006673858
1,686,completed,88654.9070719,88654.9085068,88654.9104183,3.3464000007370487
3,686,completed,88654.9071196,88654.9085203,88654.9110436,3.9240000041900203
1,687,completed,88654.939176,88654.9404144,88654.9410426,1.8665999959921464
2,687,completed,88654.9392153,88654.9404683,88654.9416846,2.4693000013940036
3,687,completed,88654.9391617,88654.9405332,88654.9422126,3.0509000062011182
0,687,completed,88654.9392501,88654.9406136,88654.942721,3.4709000028669834
2,688,completed,88654.9710522,88654.9728117,88654.9737332,2.6809999981196597
3,688,completed,88654.9710523,88654.9728072,88654.974434,3.3817000075941905
0,688,completed,88654.9711222,88654.9729271,88654.9751527,4.030500000226311
1,688,completed,88654.9711038,88654.9729202,88654.9756854,4.581600005622022
2,689,completed,88655.0022208,88655.003617,88655.0045997,2.3788999969838187
3,689,completed,88655.0022215,88655.0038033,88655.0053446,3.1230999884428456
0,689,completed,88655.002248,88655.0039217,88655.0060169,3.768900001887232
1,689,completed,88655.0022643,88655.0039334,88655.0066417,4.377400007797405
3,690,completed,88655.0332328,88655.0346156,88655.0358034,2.570600001490675
0,690,completed,88655.0333016,88655.0347685,88655.0367289,3.4273000055691227
1,690,completed,88655.0332686,88655.0348086,88655.0375899,4.321300002629869
2,690,completed,88655.0332036,88655.0350432,88655.0382474,5.043800003477372
1,691,completed,88655.0641211,88655.0651197,88655.065754,1.6328999918187037
0,691,completed,88655.0641467,88655.0651766,88655.0663291,2.18239999958314
3,691,completed,88655.0641872,88655.0652501,88655.0668458,2.658600002177991
2,691,completed,88655.0795061,88655.0799378,88655.0805887,1.0826000070665032
0,692,completed,88655.1106391,88655.1121683,88655.113067,2.427899991744198
3,692,completed,88655.1106458,88655.1121862,88655.1138954,3.249600005801767
2,692,completed,88655.1107986,88655.1123067,88655.1147185,3.919900002074428
1,692,completed,88655.1106631,88655.1123068,88655.1154675,4.804399999557063
2,693,completed,88655.1415552,88655.1430632,88655.1438237,2.268500000354834
0,693,completed,88655.1415389,88655.1430861,88655.1444456,2.9066999995848164
1,693,completed,88655.1415336,88655.1431646,88655.1450228,3.48919999669306
3,693,completed,88655.1415713,88655.1432169,88655.1455913,4.019999993033707
2,694,completed,88655.172316,88655.1739032,88655.1747445,2.428499996312894
0,694,completed,88655.1723817,88655.1739353,88655.1753315,2.9497999930754304
3,694,completed,88655.1724301,88655.1741241,88655.1758876,3.4574999881442636
1,694,completed,88655.172327,88655.1742084,88655.1763887,4.061700004967861
3,695,completed,88655.2039064,88655.2053072,88655.2061297,2.223300005425699
2,695,completed,88655.2038875,88655.2053618,88655.2067423,2.8547999972943217
1,695,completed,88655.2038876,88655.2054005,88655.2074751,3.5875000030500814
0,695,completed,88655.2039551,88655.2055367,88655.2081977,4.242599999997765
2,696,completed,88655.240187,88655.2417839,88655.2427132,2.5261999981012195
1,696,completed,88655.2401636,88655.2417714,88655.2435668,3.4031999966828153
3,696,completed,88655.2402993,88655.2418294,88655.2442379,3.9385999989463016
0,696,completed,88655.2402102,88655.2418248,88655.2449236,4.713399990578182
2,697,completed,88655.271935,88655.2731169,88655.2739433,2.00829999812413
1,697,completed,88655.2720086,88655.2733009,88655.2747528,2.744199999142438
3,697,completed,88655.2719897,88655.2733444,88655.2756791,3.6893999931635335
0,697,completed,88655.2720575,88655.2734125,88655.2763853,4.32780000846833
0,698,completed,88655.3035056,88655.3047036,88655.3055919,2.086300009978004
3,698,completed,88655.3035989,88655.3049847,88655.3064646,2.865699992980808
1,698,completed,88655.3035207,88655.3049829,88655.3070631,3.5423999943304807
2,698,completed,88655.303548,88655.3050005,88655.3075141,3.966100004618056
3,699,completed,88655.334088,88655.3358159,88655.3371626,3.074599997489713
1,699,completed,88655.3340878,88655.3358464,88655.3377796,3.6917999968864024
2,699,completed,88655.3341465,88655.3361524,88655.3383799,4.233400002704002
0,699,completed,88655.3345219,88655.3366328,88655.3389209,4.398999997647479
0,700,completed,88655.3652238,88655.3662614,88655.3671393,1.9154999899910763
1,700,completed,88655.3651345,88655.3663609,88655.3678762,2.741700009210035
2,700,completed,88655.3651716,88655.3663359,88655.3686252,3.453600002103485
3,700,completed,88655.3651835,88655.366553,88655.3693939,4.210399987641722
0,701,completed,88655.3971013,88655.3984493,88655.3990568,1.9555000035325065
2,701,completed,88655.3970939,88655.3984611,88655.3996097,2.51580000622198
1,701,completed,88655.4119216,88655.4128052,88655.4136081,1.6865000070538372
3,701,completed,88655.4119215,88655.4128098,88655.4143938,2.4723000096855685
2,702,completed,88655.4437775,88655.4450522,88655.4458718,2.0942999981343746
0,702,completed,88655.4437695,88655.4452257,88655.4465125,2.7430000045569614
3,702,completed,88655.443802,88655.4452471,88655.4473092,3.5072000027867034
1,702,completed,88655.4438789,88655.4452313,88655.447916,4.037100006826222
2,703,completed,88655.4671493,88655.4685597,88655.4692169,2.067599998554215
0,703,completed,88655.4672296,88655.4686777,88655.4697181,2.488499987521209
3,703,completed,88655.4672434,88655.4687112,88655.4703539,3.110500008915551
1,703,completed,88655.4671945,88655.4686979,88655.4709716,3.777100006118417
0,704,completed,88655.4994132,88655.5013509,88655.502107,2.6937999937217683
1,704,completed,88655.4994448,88655.5013611,88655.5026977,3.2528999872738495
3,704,completed,88655.49947,88655.501437,88655.5032141,3.7441000022226945
2,704,completed,88655.4995664,88655.5014336,88655.5037748,4.208400001516566
1,705,completed,88655.5307899,88655.5321906,88655.5334664,2.67649999295827
3,705,completed,88655.5307731,88655.5321977,88655.5347213,3.948199999285862
0,705,completed,88655.5308396,88655.5322362,88655.5362026,5.362999989301898
2,705,completed,88655.5410916,88655.5425361,88655.5442459,3.1543000077363104
0,706,completed,88655.5691614,88655.5707543,88655.5718422,2.6808000111486763
1,706,completed,88655.5691344,88655.5707052,88655.5729557,3.8213000079849735
2,706,completed,88655.5691142,88655.5706775,88655.5740161,4.90189999982249
3,706,completed,88655.5691929,88655.5709865,88655.5750292,5.836299998918548
1,707,completed,88655.5973915,88655.5989965,88655.5997295,2.3379999911412597
0,707,completed,88655.5974229,88655.5990663,88655.6002645,2.8415999986464158
3,707,completed,88655.5974823,88655.5990918,88655.6010103,3.528000001097098
2,707,completed,88655.5973965,88655.5989547,88655.6015159,4.119399993214756
1,708,completed,88655.6323534,88655.6339147,88655.6348389,2.4855000083334744
3,708,completed,88655.632413,88655.6340534,88655.6355929,3.1798999989405274
0,708,completed,88655.6323941,88655.6340376,88655.6361704,3.776300000026822
2,708,completed,88655.632444,88655.6340636,88655.6366812,4.237200002535246
3,709,completed,88655.6668974,88655.6685939,88655.6693773,2.479899994796142
0,709,completed,88655.6669109,88655.6686167,88655.6701067,3.195799989043735
2,709,completed,88655.6668827,88655.6685517,88655.6706334,3.750700008822605
1,709,completed,88655.6669245,88655.6686133,88655.671155,4.230500009725802
3,710,completed,88655.7016675,88655.7034753,88655.7043053,2.637799989315681
0,710,completed,88655.7016202,88655.7035881,88655.7049589,3.3387000003131106
2,710,completed,88655.7017121,88655.703534,88655.70563,3.9179000013973564
1,710,completed,88655.7016462,88655.703598,88655.7063261,4.679899997427128
1,711,completed,88655.7377539,88655.7390982,88655.7400998,2.3458999930880964
3,711,completed,88655.737805,88655.7393163,88655.7407975,2.9924999980721623
0,711,completed,88655.7380336,88655.739474,88655.7413868,3.3531999943079427
2,711,completed,88655.7384539,88655.7396266,88655.7419734,3.5194999945815653
2,712,completed,88655.7640036,88655.7650458,88655.7657116,1.7080000106943771
1,712,completed,88655.7640058,88655.7651619,88655.7662315,2.225700009148568
0,712,completed,88655.7707571,88655.7717454,88655.7724124,1.6552999877603725
3,712,completed,88655.770783,88655.7717692,88655.7729917,2.2086999961175025
3,713,completed,88655.7983781,88655.8001379,88655.8007411,2.363000006880611
1,713,completed,88655.7984483,88655.8001292,88655.8012854,2.837099993485026
0,713,completed,88655.7983902,88655.8001165,88655.8018086,3.4183999960077927
2,713,completed,88655.7984352,88655.8001841,88655.8022659,3.83069999224972
3,714,completed,88655.8331563,88655.8349798,88655.8356497,2.493400010280311
0,714,completed,88655.8331275,88655.8349779,88655.8362658,3.1383000023197383
1,714,completed,88655.83318,88655.8349821,88655.8367921,3.6121000011917204
2,714,completed,88655.8331048,88655.8349689,88655.8372713,4.1665000026114285
3,715,completed,88655.8686871,88655.8702719,88655.8710595,2.3724000056972727
0,715,completed,88655.8687442,88655.8702348,88655.8716774,2.9332000121939927
1,715,completed,88655.8686986,88655.8703298,88655.872189,3.490400005830452
2,715,completed,88655.8688009,88655.8704462,88655.8726414,3.8404999941121787
3,716,completed,88655.9032716,88655.9046873,88655.9053538,2.0822000078624114
2,716,completed,88655.9033151,88655.9047364,88655.9059551,2.6399999915156513
1,716,completed,88655.9032779,88655.9046921,88655.9065327,3.254800001741387
0,716,completed,88655.9033626,88655.9047591,88655.9070534,3.6908000038238242
1,717,completed,88655.9311609,88655.9325046,88655.9331798,2.0189000060781837
0,717,completed,88655.9311974,88655.9325695,88655.9337865,2.58909999683965
2,717,completed,88655.9312228,88655.9326003,88655.9342899,3.0670999985886738
3,717,completed,88655.9313175,88655.9326432,88655.9347963,3.47880000481382
0,718,completed,88655.9658652,88655.9672019,88655.9678993,2.034099990851246
1,718,completed,88655.9658821,88655.9672207,88655.9684734,2.59129999903962
3,718,completed,88655.9659057,88655.9672743,88655.9689686,3.0629000102635473
2,718,completed,88655.9661788,88655.9673812,88655.9694685,3.2897000055527315
0,719,completed,88656.007434,88656.0085308,88656.0094845,2.0504999993136153
3,719,completed,88656.0076247,88656.0089564,88656.0100215,2.396800002316013
2,719,completed,88656.0076679,88656.0090075,88656.0105298,2.8618999931495637
1,719,completed,88656.007714,88656.0090339,88656.011082,3.3679999905871227
1,720,completed,88656.0351418,88656.0373554,88656.0386895,3.54769999103155
3,720,completed,88656.0351432,88656.0371715,88656.0394822,4.338999991887249
2,720,completed,88656.035333,88656.0375433,88656.0401164,4.78339999972377
0,720,completed,88656.0352491,88656.0376913,88656.0407595,5.510400005732663
3,721,completed,88656.0702452,88656.0714305,88656.0722644,2.0192000083625317
1,721,completed,88656.0702433,88656.0714917,88656.0729349,2.6916000060737133
0,721,completed,88656.0704959,88656.0716816,88656.0735033,3.0073999951127917
2,721,completed,88656.0705206,88656.0717545,88656.0740447,3.5241000005044043
0,722,completed,88656.1085623,88656.1101617,88656.1111591,2.596799997263588
2,722,completed,88656.1084758,88656.1102521,88656.1118841,3.4082999918609858
1,722,completed,88656.1088216,88656.1104855,88656.1125427,3.7210999871604145
3,722,completed,88656.1089918,88656.1105735,88656.1131165,4.124699989915825
0,723,completed,88656.1344824,88656.1359091,88656.1365039,2.021499996772036
3,723,completed,88656.1344918,88656.1359022,88656.1370204,2.5286000018240884
2,723,completed,88656.1345002,88656.1359592,88656.1375001,2.9998999962117523
1,723,completed,88656.1345909,88656.1359859,88656.1379952,3.404300005058758
3,724,completed,88656.1748425,88656.1762517,88656.1769849,2.142400000593625
1,724,completed,88656.1748427,88656.1763121,88656.1775134,2.6707000070018694
2,724,completed,88656.1749067,88656.1763986,88656.1779892,3.08249999943655
0,724,completed,88656.1748613,88656.176452,88656.1784712,3.60989999899175
2,725,completed,88656.2071502,88656.2087693,88656.2096088,2.4585999926785007
3,725,completed,88656.2072074,88656.2088589,88656.2102919,3.0845000001136214
1,725,completed,88656.2071488,88656.2088524,88656.2109704,3.8216000102693215
0,725,completed,88656.2072307,88656.2089024,88656.2114628,4.232099992805161
2,726,completed,88656.2361434,88656.2380379,88656.2389839,2.840499990270473
0,726,completed,88656.2362472,88656.2380087,88656.2396243,3.3771000016713515
3,726,completed,88656.2361441,88656.2380692,88656.2401495,4.005399998277426
1,726,completed,88656.236143,88656.2379913,88656.2406536,4.510600003413856
1,727,completed,88656.2747484,88656.2763047,88656.2770791,2.330699993763119
0,727,completed,88656.274814,88656.2764002,88656.2779051,3.0910999921616167
3,727,completed,88656.27479,88656.2764496,88656.2786569,3.8669000059599057
2,727,completed,88656.2748482,88656.2764435,88656.2793773,4.529099998762831
0,728,completed,88656.2991282,88656.3005441,88656.3011772,2.0490000024437904
1,728,completed,88656.2991318,88656.3005405,88656.3017068,2.5750000058906153
3,728,completed,88656.2991993,88656.3006487,88656.3022137,3.0143999902065843
2,728,completed,88656.2991894,88656.3006529,88656.3027249,3.5354999999981374
2,729,completed,88656.3330936,88656.3347334,88656.3354776,2.3840000067139044
0,729,completed,88656.3331066,88656.3347424,88656.3360781,2.971499998238869
1,729,completed,88656.3331508,88656.3348249,88656.3365824,3.4316000092076138
3,729,completed,88656.3330809,88656.3348073,88656.3370552,3.9742999942973256
2,730,completed,88656.3678547,88656.3692348,88656.3700375,2.1828000026289374
0,730,completed,88656.3678951,88656.3693252,88656.370615,2.7199000032851472
1,730,completed,88656.3678546,88656.3695274,88656.3711083,3.2536999933654442
3,730,completed,88656.3679193,88656.3695244,88656.3715913,3.672000006190501
0,731,completed,88656.4030423,88656.4048716,88656.4056279,2.585600013844669
3,731,completed,88656.403006,88656.4048162,88656.4062997,3.2937000069068745
2,731,completed,88656.4030129,88656.4049589,88656.4068793,3.866400002152659
1,731,completed,88656.403062,88656.4049831,88656.4074055,4.343499997048639
2,732,completed,88656.4374961,88656.4392909,88656.4401029,2.6068000006489456
1,732,completed,88656.4374282,88656.4392406,88656.4406673,3.239099998609163
0,732,completed,88656.4374297,88656.4393407,88656.4412091,3.779399994527921
3,732,completed,88656.4374509,88656.4393802,88656.4417835,4.332600001362152
0,733,completed,88656.465323,88656.4669144,88656.4677823,2.459299998008646
2,733,completed,88656.4653606,88656.4669832,88656.468338,2.977399999508634
1,733,completed,88656.4654193,88656.467003,88656.4688531,3.4337999968556687
3,733,completed,88656.4653185,88656.4669684,88656.4693658,4.047299997182563
0,734,completed,88656.499968,88656.5014534,88656.5023079,2.339899991056882
3,734,completed,88656.4999235,88656.5014493,88656.5029866,3.0630999972345307
1,734,completed,88656.4999231,88656.5015879,88656.5035388,3.615699999500066
2,734,completed,88656.4999236,88656.5016816,88656.5040386,4.115000003366731
1,735,completed,88656.5348421,88656.5365195,88656.5372529,2.4108000070555136
2,735,completed,88656.5348087,88656.536499,88656.537818,3.009299995028414
0,735,completed,88656.5348836,88656.5365365,88656.53836,3.4764000010909513
3,735,completed,88656.5348473,88656.5365351,88656.5389151,4.0677999932086095
3,736,completed,88656.5692845,88656.570946,88656.5716709,2.386399995884858
0,736,completed,88656.5692846,88656.5709898,88656.5724479,3.1633000035071746
1,736,completed,88656.5694668,88656.5710472,88656.5729471,3.4802999871317297
2,736,completed,88656.56939,88656.5710253,88656.5734491,4.059099999722093
1,737,completed,88656.5973476,88656.5989987,88656.5997097,2.362100000027567
3,737,completed,88656.5974197,88656.5990607,88656.600288,2.8682999982265756
0,737,completed,88656.5973935,88656.5991015,88656.6009994,3.6059000121895224
2,737,completed,88656.5973678,88656.5990392,88656.6015209,4.153100002440624
0,738,completed,88656.6318977,88656.6337319,88656.6349815,3.083799994783476
1,738,completed,88656.6319172,88656.6337023,88656.6359216,4.004400005214848
2,738,completed,88656.6318893,88656.6336872,88656.6368178,4.9284999986412
3,738,completed,88656.6319066,88656.6336881,88656.6377731,5.866499996045604
3,739,completed,88656.6665461,88656.6680704,88656.6687819,2.235800013295375
1,739,completed,88656.6666168,88656.668128,88656.6693135,2.696700001251884
2,739,completed,88656.6665419,88656.6680588,88656.6697944,3.2524999987799674
0,739,completed,88656.6665843,88656.6681292,88656.6704349,3.850600012810901
1,740,completed,88656.7016658,88656.7036195,88656.7046093,2.943499988759868
0,740,completed,88656.7015979,88656.7035971,88656.7055277,3.929800004698336
2,740,completed,88656.7017058,88656.7037067,88656.7061885,4.482699994696304
3,740,completed,88656.7017477,88656.703697,88656.7068373,5.089599988423288
1,741,completed,88656.7430804,88656.7446718,88656.7454081,2.3277000000234693
3,741,completed,88656.7430806,88656.7447266,88656.7459546,2.873999997973442
2,741,completed,88656.7431025,88656.744696,88656.7464567,3.354200001922436
0,741,completed,88656.7431632,88656.7447401,88656.7470726,3.909400009433739
0,742,completed,88656.7638121,88656.7654704,88656.7667161,2.9039999935775995
3,742,completed,88656.7638722,88656.7656856,88656.7672978,3.4256000071763992
2,742,completed,88656.7638304,88656.7658275,88656.7678332,4.0028000075835735
1,742,completed,88656.7638999,88656.7658443,88656.7683382,4.438299991306849
1,743,completed,88656.7998928,88656.8015654,88656.8021804,2.287600000272505
0,743,completed,88656.799958,88656.8015995,88656.8028707,2.912700001616031
3,743,completed,88656.7999255,88656.8016423,88656.8034372,3.511699993396178
2,743,completed,88656.7998848,88656.8016472,88656.8039721,4.087299996172078
3,744,completed,88656.8330848,88656.8344585,88656.835131,2.0461999956751242
1,744,completed,88656.8331074,88656.8344818,88656.8356724,2.5650000025052577
0,744,completed,88656.8331387,88656.8345424,88656.8362273,3.0885999876772985
2,744,completed,88656.833221,88656.8346151,88656.8366862,3.465200003120117
2,745,completed,88656.867715,88656.8690601,88656.8696935,1.9785000040428713
1,745,completed,88656.8677483,88656.8691417,88656.8702125,2.464199991663918
3,745,completed,88656.8677709,88656.8692004,88656.8707419,2.9709999944316223
0,745,completed,88656.8678174,88656.869197,88656.8712331,3.415700004552491
2,746,completed,88656.903059,88656.904615,88656.9055116,2.452599990647286
0,746,completed,88656.9030341,88656.904642,88656.9061762,3.1421000021509826
1,746,completed,88656.9029823,88656.9047604,88656.9068172,3.8348999951267615
3,746,completed,88656.9029824,88656.9047559,88656.9073605,4.378099998575635
1,747,completed,88656.9308193,88656.9322347,88656.9328729,2.0535999938147143
0,747,completed,88656.9308182,88656.9322413,88656.9334321,2.613900011056103
3,747,completed,88656.9308477,88656.9322759,88656.9339906,3.142899993690662
2,747,completed,88656.9309584,88656.9323162,88656.9345167,3.5582999989856035
3,748,completed,88656.9657287,88656.9671686,88656.9678521,2.1234000014374033
2,748,completed,88656.9657577,88656.9672304,88656.9683592,2.601499989395961
0,748,completed,88656.9657177,88656.9672442,88656.9688577,3.1400000007124618
1,748,completed,88656.9658157,88656.967303,88656.969316,3.50030000845436
1,749,completed,88657.0002262,88657.0016424,88657.0024604,2.2342000011121854
0,749,completed,88657.0002264,88657.0017142,88657.0030708,2.8443999908631667
3,749,completed,88657.000306,88657.0017534,88657.0037257,3.419699991354719
2,749,completed,88657.0002902,88657.0017525,88657.0043267,4.036500002257526
2,750,completed,88657.0350341,88657.0366943,88657.0375868,2.5526999961584806
0,750,completed,88657.0350492,88657.036738,88657.0384808,3.4315999946556985
1,750,completed,88657.0351045,88657.036798,88657.039363,4.258500004652888
3,750,completed,88657.03509,88657.0368094,88657.0399775,4.887499992037192
0,751,completed,88657.0652308,88657.0666077,88657.06725,2.0191999938106164
1,751,completed,88657.0652527,88657.0666662,88657.0677408,2.4880999990273267
3,751,completed,88657.0652812,88657.0667191,88657.0682245,2.9433000017888844
2,751,completed,88657.0653425,88657.0667433,88657.0687477,3.4051999973598868
1,752,completed,88657.1028997,88657.1042788,88657.1050331,2.133400004822761
2,752,completed,88657.1029941,88657.1044474,88657.1055795,2.585399997769855
3,752,completed,88657.1029366,88657.1045241,88657.106067,3.1304000003729016
0,752,completed,88657.1029605,88657.1045487,88657.1066489,3.6884000001009554
2,753,completed,88657.1341858,88657.1355194,88657.1363852,2.1994000126142055
0,753,completed,88657.1342482,88657.135681,88657.1369305,2.682299993466586
1,753,completed,88657.1341947,88657.135752,88657.1374605,3.2657999981893227
3,753,completed,88657.1342059,88657.1357787,88657.138074,3.8681000005453825
0,754,completed,88657.1674132,88657.1687814,88657.1696087,2.1954999974695966
2,754,completed,88657.1674133,88657.168835,88657.1701687,2.7553999971132725
3,754,completed,88657.1674442,88657.1689011,88657.1706993,3.255100004025735
1,754,completed,88657.167487,88657.1689051,88657.1711675,3.6804999981541187
2,755,completed,88657.2029195,88657.204363,88657.2050891,2.1695999894291162
3,755,completed,88657.2029197,88657.204358,88657.2056251,2.705400009290315
1,755,completed,88657.2030199,88657.2045097,88657.2061394,3.119500004686415
0,755,completed,88657.2029871,88657.2045767,88657.2066804,3.6933000083081424
1,756,completed,88657.2304332,88657.2318587,88657.2325207,2.0874999900115654
2,756,completed,88657.2304112,88657.2318254,88657.2330632,2.6519999955780804
0,756,completed,88657.2304117,88657.2318795,88657.2335504,3.1386999908136204
3,756,completed,88657.2304537,88657.2319019,88657.2340381,3.584399993997067
3,757,completed,88657.266628,88657.2679795,88657.2686372,2.009200004977174
0,757,completed,88657.2666498,88657.268001,88657.2691272,2.477399990311824
1,757,completed,88657.2666426,88657.2681148,88657.2696223,2.9796999879181385
2,757,completed,88657.2667121,88657.2681602,88657.270223,3.5109000018564984
0,758,completed,88657.2979264,88657.2999124,88657.3006493,2.722899997024797
2,758,completed,88657.2979128,88657.2998854,88657.3017274,3.8146000006236136
1,758,completed,88657.2980852,88657.300033,88657.3022218,4.136599993216805
3,758,completed,88657.2980329,88657.3000373,88657.3027038,4.670900001656264
1,759,completed,88657.3331664,88657.3344677,88657.3350952,1.9288000039523467
0,759,completed,88657.3331799,88657.3345357,88657.3355664,2.3864999966463074
2,759,completed,88657.3332541,88657.334598,88657.3360184,2.7643000066746026
3,759,completed,88657.3332221,88657.3346171,88657.3365164,3.2942999969236553
2,760,completed,88657.3745882,88657.3761262,88657.3768754,2.287200011778623
0,760,completed,88657.3746396,88657.3762333,88657.3774508,2.811199999996461
1,760,completed,88657.3746235,88657.3762342,88657.3779757,3.3522000012453645
3,760,completed,88657.3745878,88657.3762347,88657.3784636,3.8758000009693205
3,761,completed,88657.4067295,88657.4079522,88657.4085754,1.8458999984432012
1,761,completed,88657.4067471,88657.4079606,88657.4091222,2.3750999971525744
2,761,completed,88657.4067817,88657.4081207,88657.4096765,2.8947999962838367
0,761,completed,88657.4067983,88657.4081377,88657.4101554,3.3570999949006364
2,762,completed,88657.4384476,88657.4398821,88657.4405094,2.061799998045899
0,762,completed,88657.4384581,88657.4398711,88657.4410368,2.578699990408495
1,762,completed,88657.4385123,88657.4399605,88657.4414388,2.926500004832633
3,762,completed,88657.4385306,88657.4399617,88657.4418943,3.363700001500547
3,763,completed,88657.4648664,88657.4662356,88657.4668737,2.007300005061552
2,763,completed,88657.4648862,88657.4662911,88657.467375,2.488799989805557
1,763,completed,88657.4649125,88657.466327,88657.4678324,2.9198999982327223
0,763,completed,88657.4650108,88657.466385,88657.4682561,3.245299987611361
0,764,completed,88657.4997086,88657.5014714,88657.5021734,2.464800010784529
1,764,completed,88657.4997919,88657.5015354,88657.5027255,2.933600000687875
2,764,completed,88657.4996953,88657.5015497,88657.5032888,3.593500005081296
3,764,completed,88657.4997081,88657.5015076,88657.5037822,4.074099997524172
3,765,completed,88657.5345175,88657.536151,88657.5369272,2.409699998679571
1,765,completed,88657.5345649,88657.5361703,88657.5375014,2.9365000082179904
2,765,completed,88657.5344989,88657.5362063,88657.5379972,3.4982999932253733
0,765,completed,88657.5344943,88657.5362879,88657.5384786,3.9843000122345984
3,766,completed,88657.5692859,88657.5708966,88657.5716531,2.367200009757653
1,766,completed,88657.5692545,88657.5708958,88657.5722795,3.024999998160638
2,766,completed,88657.569307,88657.570914,88657.5727826,3.4755999949993566
0,766,completed,88657.5692294,88657.5709528,88657.5732706,4.041199994389899
3,767,completed,88657.6037768,88657.6050269,88657.6057279,1.9510999991325662
0,767,completed,88657.6037717,88657.6052447,88657.6062578,2.486099998350255
2,767,completed,88657.6038673,88657.6051745,88657.6067475,2.8802000015275553
1,767,completed,88657.6037873,88657.6052503,88657.6072233,3.435999999055639
1,768,completed,88657.6315024,88657.6328733,88657.633538,2.0355999877210706
0,768,completed,88657.6315429,88657.632958,88657.6340327,2.4898000119719654
3,768,completed,88657.6315594,88657.6330047,88657.6345279,2.968499989947304
2,768,completed,88657.6315712,88657.6329688,88657.6350157,3.4444999910192564
1,769,completed,88657.66854,88657.6698324,88657.6704469,1.9068999972660094
3,769,completed,88657.6685756,88657.6698747,88657.6709625,2.3868999996921048
2,769,completed,88657.6685264,88657.6699016,88657.6713939,2.867500006686896
0,769,completed,88657.6685162,88657.6699381,88657.6718846,3.36839999363292
0,770,completed,88657.7008665,88657.7022793,88657.7029046,2.038099992205389
1,770,completed,88657.7009394,88657.7022947,88657.7034578,2.518399996915832
2,770,completed,88657.7008964,88657.7023202,88657.7039366,3.0401999974856153
3,770,completed,88657.7008868,88657.7022323,88657.7043806,3.493800002615899
3,771,completed,88657.7372278,88657.7386532,88657.7392671,2.039300001342781
1,771,completed,88657.7372273,88657.738653,88657.7397576,2.530300000216812
2,771,completed,88657.7372522,88657.7387368,88657.7402023,2.9501000099116936
0,771,completed,88657.7372939,88657.7387451,88657.7406339,3.339999995660037
3,772,completed,88657.7703466,88657.7717083,88657.7724906,2.143999998224899
1,772,completed,88657.7704907,88657.7719212,88657.7729995,2.508799996576272
2,772,completed,88657.7704032,88657.7719372,88657.7734812,3.07799999427516
0,772,completed,88657.7703806,88657.7719311,88657.7739299,3.549299988662824
3,773,completed,88657.7981628,88657.799568,88657.8002114,2.048599999397993
2,773,completed,88657.7982319,88657.7996712,88657.8006761,2.444199999445118
0,773,completed,88657.7982371,88657.7996854,88657.801597,3.3599000016693026
1,773,completed,88657.7982671,88657.7997048,88657.8020432,3.7760999985039234
0,774,completed,88657.8329111,88657.8343125,88657.8349553,2.0441999949980527
1,774,completed,88657.8329368,88657.8343492,88657.8354243,2.487500009010546
2,774,completed,88657.8329815,88657.8343993,88657.8358936,2.912099997047335
3,774,completed,88657.833086,88657.834451,88657.8363885,3.30250000115484
2,775,completed,88657.8676417,88657.8692831,88657.8699186,2.2769000061089173
3,775,completed,88657.8676732,88657.8692835,88657.870433,2.759800001513213
1,775,completed,88657.8677421,88657.8693083,88657.8709729,3.230799993616529
0,775,completed,88657.8678863,88657.8693518,88657.8715053,3.619000010075979
0,776,completed,88657.9092401,88657.9107727,88657.9114462,2.20610000542365
1,776,completed,88657.9092677,88657.9107668,88657.9120268,2.7590999961830676
3,776,completed,88657.9093174,88657.9107878,88657.9125112,3.1938000029185787
2,776,completed,88657.9092784,88657.9107683,88657.9130091,3.73070000205189
1,777,completed,88657.9301082,88657.9315977,88657.9322509,2.142700002877973
3,777,completed,88657.9301039,88657.9316111,88657.9327828,2.678899996681139
2,777,completed,88657.9301518,88657.9316035,88657.9332482,3.096400003414601
0,777,completed,88657.9301464,88657.9315953,88657.9339616,3.8152000051923096
2,778,completed,88657.9648042,88657.9661869,88657.9668607,2.05650000134483
1,778,completed,88657.9648505,88657.9662525,88657.9673326,2.4821000115480274
0,778,completed,88657.9648373,88657.9663148,88657.9678745,3.0372000037459657
3,778,completed,88657.9649377,88657.9663157,88657.9682777,3.339999995660037
3,779,completed,88657.9996563,88658.0014084,88658.0020147,2.358400000957772
0,779,completed,88657.99963,88658.0014164,88658.0026816,3.0515999969793484
1,779,completed,88657.9997009,88658.0014537,88658.0031232,3.4222999966004863
2,779,completed,88657.9997596,88658.0014812,88658.003536,3.7764000007882714
3,780,completed,88658.0343813,88658.0359912,88658.0366276,2.2462999913841486
1,780,completed,88658.034359,88658.0359512,88658.0371411,2.7820999966934323
0,780,completed,88658.034359,88658.035991,88658.0377665,3.4075000003213063
2,780,completed,88658.0344365,88658.0360153,88658.0382466,3.810099995462224
1,781,completed,88658.0692152,88658.0708202,88658.0715581,2.3428999993484467
0,781,completed,88658.0691855,88658.0708976,88658.0723583,3.1728000030852854
2,781,completed,88658.0691808,88658.0709395,88658.0728914,3.7106000090716407
3,781,completed,88658.0691772,88658.0709302,88658.0734425,4.265299998223782
3,782,completed,88658.0968307,88658.0982665,88658.0988942,2.0634999964386225
1,782,completed,88658.0967478,88658.0982769,88658.0994537,2.7058999985456467
0,782,completed,88658.0968465,88658.0982964,88658.1000032,3.156699996907264
2,782,completed,88658.0967478,88658.0982773,88658.1004336,3.685800009407103
1,783,completed,88658.1314872,88658.132903,88658.1336829,2.1957000135444105
0,783,completed,88658.131507,88658.1329257,88658.134241,2.734000008786097
2,783,completed,88658.1315787,88658.1330339,88658.1347394,3.160699998261407
3,783,completed,88658.1316233,88658.133088,88658.1352012,3.577900002710521
2,784,completed,88658.1750918,88658.1766265,88658.1774022,2.310399999259971
3,784,completed,88658.1751144,88658.1767134,88658.1779384,2.8239999955985695
1,784,completed,88658.1751855,88658.1767364,88658.1784267,3.2412000000476837
0,784,completed,88658.1753177,88658.1767987,88658.1789433,3.625599987572059
1,785,completed,88658.2009108,88658.2023081,88658.203037,2.1261999936541542
0,785,completed,88658.2008975,88658.2022723,88658.2035361,2.638599995407276
3,785,completed,88658.2009711,88658.2023679,88658.2040511,3.0799999949522316
2,785,completed,88658.2010767,88658.2024353,88658.2045375,3.4607999987201765
3,786,completed,88658.2356816,88658.2370919,88658.2378665,2.184900004067458
2,786,completed,88658.235703,88658.2372084,88658.238398,2.6950000028591603
0,786,completed,88658.2358054,88658.2372194,88658.2389336,3.1281999981729314
1,786,completed,88658.2357514,88658.2371992,88658.2394367,3.685299991047941
3,787,completed,88658.2635021,88658.2649264,88658.2655795,2.0774000004166737
2,787,completed,88658.263533,88658.2649657,88658.2661146,2.5815999979386106
0,787,completed,88658.2635368,88658.2649846,88658.2666057,3.0688999977428466
1,787,completed,88658.2635526,88658.2650045,88658.267095,3.542400008882396
0,788,completed,88658.3008245,88658.3028932,88658.3037727,2.9482000099960715
1,788,completed,88658.3007849,88658.3028291,88658.3055758,4.790899998624809
2,788,completed,88658.3009606,88658.3028368,88658.3063866,5.426000003353693
3,788,completed,88658.3014875,88658.3030252,88658.3071704,5.682900009560399
0,789,completed,88658.3324376,88658.3339278,88658.3346972,2.259600005345419
3,789,completed,88658.3325091,88658.3340447,88658.3352608,2.7516999980434775
2,789,completed,88658.3324459,88658.3341001,88658.3357873,3.3414000063203275
1,789,completed,88658.3324558,88658.3341128,88658.3362825,3.8266999908955768
2,790,completed,88658.3640773,88658.365104,88658.3657307,1.6534000023966655
3,790,completed,88658.3641282,88658.3651759,88658.3662413,2.1130999957676977
0,790,completed,88658.3640989,88658.3652152,88658.3667457,2.6467999996384606
1,790,completed,88658.3677353,88658.368161,88658.3687283,0.9930000087479129
0,791,completed,88658.4096382,88658.4116143,88658.4124817,2.843499998562038
3,791,completed,88658.4096035,88658.4115415,88658.4130946,3.491099996608682
2,791,completed,88658.4097213,88658.4116541,88658.4138069,4.0855999977793545
1,791,completed,88658.4098376,88658.4116997,88658.4144052,4.567600000882521
2,792,completed,88658.4370695,88658.4385352,88658.4392992,2.229700010502711
3,792,completed,88658.4370701,88658.4385968,88658.4398128,2.7427000022726133
0,792,completed,88658.4371428,88658.4387152,88658.440268,3.1252000044332817
1,792,completed,88658.4371128,88658.4386826,88658.4406803,3.5674999962793663
0,793,completed,88658.4677419,88658.4690822,88658.4699859,2.243999988422729
1,793,completed,88658.4678239,88658.4692061,88658.4705724,2.748499988229014
3,793,completed,88658.4677588,88658.4692684,88658.471328,3.56919999467209
2,793,completed,88658.4677803,88658.4693112,88658.472047,4.266700008884072
2,794,completed,88658.4995876,88658.5010294,88658.5019699,2.3822999937692657
3,794,completed,88658.4996402,88658.5011742,88658.5025404,2.9002000082982704
0,794,completed,88658.499666,88658.5013394,88658.5031035,3.4374999959254637
1,794,completed,88658.4996461,88658.5013184,88658.5036512,4.005099995993078
2,795,completed,88658.5345513,88658.5360673,88658.5367731,2.221799994003959
3,795,completed,88658.5345071,88658.5361484,88658.5373407,2.8335999959381297
1,795,completed,88658.5345068,88658.5361629,88658.5378493,3.342500000144355
0,795,completed,88658.5345706,88658.5361246,88658.5383351,3.764500012039207
2,796,completed,88658.5658785,88658.5674358,88658.5680997,2.221200003987178
1,796,completed,88658.565924,88658.5674739,88658.5687575,2.8335000097285956
3,796,completed,88658.5659218,88658.5675364,88658.5694901,3.568300002370961
0,796,completed,88658.5659729,88658.5675509,88658.5700639,4.090999995241873
0,797,completed,88658.5969453,88658.5985372,88658.5993279,2.3825999960536137
1,797,completed,88658.5969495,88658.5986311,88658.5999593,3.0097999988356605
3,797,completed,88658.5969562,88658.5986774,88658.6005036,3.547400003299117
2,797,completed,88658.5970751,88658.598661,88658.6010166,3.941500006476417
3,798,completed,88658.6375505,88658.6392185,88658.640031,2.480499999364838
0,798,completed,88658.6375783,88658.6393271,88658.6406351,3.0568000074708834
1,798,completed,88658.6375788,88658.6394289,88658.6411587,3.5799000033875927
2,798,completed,88658.6376713,88658.6394031,88658.6417463,4.074999989825301
3,799,completed,88658.6664025,88658.6680802,88658.6689237,2.521199989132583
0,799,completed,88658.6664618,88658.6682348,88658.6695067,3.0448999896179885
1,799,completed,88658.6664744,88658.6682431,88658.6700021,3.52769999881275
2,799,completed,88658.666404,88658.6681833,88658.6704687,4.0646999987075105
1,800,completed,88658.7010113,88658.702606,88658.7033423,2.330999996047467
0,800,completed,88658.7010478,88658.7027083,88658.7039262,2.8784000023733824
3,800,completed,88658.70112,88658.7027413,88658.704413,3.293000001576729
2,800,completed,88658.7010155,88658.7027176,88658.7048844,3.868899992085062
3,801,completed,88658.735363,88658.736872,88658.7376364,2.2733999940101057
2,801,completed,88658.7353441,88658.7370065,88658.7381493,2.8051999979652464
0,801,completed,88658.7353124,88658.7370441,88658.7386168,3.304400001070462
1,801,completed,88658.7353874,88658.7370688,88658.739099,3.711600002134219
1,802,completed,88658.7636386,88658.765378,88658.7660383,2.3997000098461285
0,802,completed,88658.7636617,88658.7654122,88658.7665695,2.907800007960759
2,802,completed,88658.7636538,88658.7653969,88658.7670607,3.4069000103045255
3,802,completed,88658.7637182,88658.7654526,88658.7675313,3.8131000037537888
1,803,completed,88658.7983258,88658.7998078,88658.8007821,2.4563000042689964
2,803,completed,88658.7983675,88658.800063,88658.8013867,3.019199997652322
3,803,completed,88658.7983697,88658.8000199,88658.8019283,3.5586000012699515
0,803,completed,88658.7983857,88658.8001803,88658.802466,4.08029998652637
1,804,completed,88658.8330461,88658.8347576,88658.8356927,2.646599998115562
3,804,completed,88658.833074,88658.8348384,88658.8362634,3.1893999985186383
0,804,completed,88658.8331364,88658.8349013,88658.8367872,3.650799990282394
2,804,completed,88658.8330919,88658.8350248,88658.8373141,4.222200004733168
1,805,completed,88658.8789538,88658.880631,88658.8816059,2.6520999963395298
3,805,completed,88658.8789615,88658.8807477,88658.8824915,3.5300000017741695
0,805,completed,88658.8790106,88658.8807969,88658.8833787,4.368100009742193
2,805,completed,88658.8789532,88658.8807453,88658.8842781,5.32490000477992
1,806,completed,88658.9100644,88658.9118577,88658.9126429,2.5785000034375116
2,806,completed,88658.9100684,88658.9119039,88658.9135061,3.4376999974483624
3,806,completed,88658.9100663,88658.9118753,88658.9142038,4.137500000069849
0,806,completed,88658.9104025,88658.9120212,88658.91483,4.427499996381812
0,807,completed,88658.9410404,88658.942439,88658.9431234,2.082999999402091
3,807,completed,88658.9410175,88658.9425252,88658.9437471,2.729600004386157
1,807,completed,88658.9411472,88658.9425543,88658.9444515,3.304300000309013
2,807,completed,88658.9410475,88658.9425664,88658.945078,4.030500000226311
1,808,completed,88658.9649503,88658.9665249,88658.9672445,2.2942000068724155
0,808,completed,88658.9649669,88658.9665261,88658.9678037,2.836799991200678
2,808,completed,88658.9651079,88658.966629,88658.9683117,3.203799991752021
3,808,completed,88658.9649963,88658.9665918,88658.9688079,3.811600006883964
2,809,completed,88658.9999635,88659.0013931,88659.0027087,2.7452000067569315
3,809,completed,88659.0000854,88659.0019168,88659.0034476,3.362200004630722
1,809,completed,88659.0004235,88659.0020347,88659.0041558,3.732299999683164
0,809,completed,88659.0007326,88659.0021961,88659.0048537,4.12109999160748
3,810,completed,88659.0343603,88659.0357655,88659.0363372,1.9769000064115971
1,810,completed,88659.0343299,88659.0357877,88659.0368478,2.5179000076605007
2,810,completed,88659.0343192,88659.0357409,88659.0373227,3.003499994520098
0,810,completed,88659.0344223,88659.0358347,88659.0377962,3.373900006408803
1,811,completed,88659.0691922,88659.0707255,88659.0714195,2.227300006779842
3,811,completed,88659.0691342,88659.0706634,88659.0719867,2.852499994332902
0,811,completed,88659.0691985,88659.0707638,88659.0725403,3.3417999948142096
2,811,completed,88659.0692306,88659.0707684,88659.0730797,3.8491000013891608
1,812,completed,88659.0987753,88659.1004121,88659.1011667,2.3914000048534945
2,812,completed,88659.0987892,88659.1004381,88659.1018428,3.05359999765642
3,812,completed,88659.0988544,88659.10052,88659.1023744,3.519999998388812
0,812,completed,88659.0988065,88659.1005141,88659.1028757,4.0692000038689
2,813,completed,88659.142644,88659.143889,88659.1446933,2.049299990176223
0,813,completed,88659.1426442,88659.1439532,88659.1454229,2.7786999999079853
3,813,completed,88659.1426762,88659.1441612,88659.1461536,3.4773999941535294
1,813,completed,88659.1426915,88659.1441728,88659.1468138,4.122300000744872
2,814,completed,88659.1669486,88659.1682779,88659.1689576,2.0090000034542754
3,814,completed,88659.1669861,88659.1683949,88659.1694615,2.4754000041866675
1,814,completed,88659.1669473,88659.1684106,88659.1699576,3.010300002642907
0,814,completed,88659.1670045,88659.168463,88659.1705286,3.5241000005044043
3,815,completed,88659.2112785,88659.2127629,88659.2134433,2.1647999965352938
2,815,completed,88659.2112939,88659.2128679,88659.2139955,2.7015999949071556
1,815,completed,88659.2113453,88659.2128843,88659.214639,3.2936999923549592
0,815,completed,88659.2113365,88659.2129027,88659.2155264,4.189900006167591
2,816,completed,88659.2318739,88659.233355,88659.2339596,2.0856999908573925
1,816,completed,88659.2319158,88659.2333975,88659.2344559,2.540100002079271
3,816,completed,88659.2318959,88659.2333776,88659.2349183,3.0224000074667856
0,816,completed,88659.2318891,88659.2334545,88659.2356943,3.805200001806952
1,817,completed,88659.2710519,88659.2724809,88659.2731943,2.142400000593625
0,817,completed,88659.271078,88659.2725513,88659.2738406,2.762599993729964
3,817,completed,88659.271037,88659.2726128,88659.2743184,3.2814000005600974
2,817,completed,88659.2710898,88659.2726699,88659.274856,3.7662000104319304
0,818,completed,88659.3117402,88659.3133784,88659.3144453,2.705099992454052
1,818,completed,88659.3117636,88659.3134656,88659.3150647,3.3011000050464645
2,818,completed,88659.3117303,88659.313449,88659.315621,3.89069999800995
3,818,completed,88659.3122735,88659.3136921,88659.3161823,3.9087999903131276
1,819,completed,88659.3311541,88659.3325695,88659.3335055,2.3514000058639795
2,819,completed,88659.3312189,88659.3327318,88659.3341588,2.9399000050034374
0,819,completed,88659.3311548,88659.3327736,88659.3348516,3.6967999913031235
3,819,completed,88659.3311892,88659.332777,88659.3353708,4.181600001174957
0,820,completed,88659.3746743,88659.3765198,88659.3775787,2.904400011175312
3,820,completed,88659.3748017,88659.3766486,88659.3781802,3.378499997779727
2,820,completed,88659.3749001,88659.3767103,88659.3787167,3.816600001300685
1,820,completed,88659.3749084,88659.3767161,88659.3792242,4.315800004405901
2,821,completed,88659.3993694,88659.4007413,88659.4014958,2.126400009728968
1,821,completed,88659.3993689,88659.4007602,88659.4020954,2.7264999953331426
3,821,completed,88659.3994258,88659.4008892,88659.4026945,3.268699991167523
0,821,completed,88659.3994906,88659.4009662,88659.4035285,4.037899998365901
0,822,completed,88659.4316093,88659.4330722,88659.433858,2.2487000096589327
1,822,completed,88659.4316756,88659.4331648,88659.4343651,2.6894999900832772
3,822,completed,88659.4316054,88659.4331157,88659.434836,3.2306000066455454
2,822,completed,88659.4316605,88659.4332251,88659.4352999,3.639399990788661
3,823,completed,88659.4644809,88659.4658124,88659.4666173,2.1363999985624105
1,823,completed,88659.4644367,88659.4659489,88659.4671465,2.7097999991383404
2,823,completed,88659.4644519,88659.4659948,88659.467628,3.176099999109283
0,823,completed,88659.4644316,88659.4660481,88659.4682394,3.8077999925008044
1,824,completed,88659.5008263,88659.5024626,88659.5032589,2.4325999984284863
2,824,completed,88659.5007209,88659.50245,88659.5037878,3.066899997065775
3,824,completed,88659.5007724,88659.5025491,88659.5042859,3.5134999925503507
0,824,completed,88659.5007449,88659.502583,88659.5049095,4.164600002695806
3,825,completed,88659.5344613,88659.5361314,88659.5369417,2.4803999986033887
0,825,completed,88659.5344898,88659.536215,88659.537622,3.1321999995270744
1,825,completed,88659.5345413,88659.536284,88659.5381005,3.5591999912867323
2,825,completed,88659.5345485,88659.5362791,88659.5385816,4.033100005472079
2,826,completed,88659.5691916,88659.5707345,88659.5716656,2.473999993526377
0,826,completed,88659.5691913,88659.5706587,88659.5723151,3.123799993772991
1,826,completed,88659.5692232,88659.570905,88659.5728422,3.6189999955240637
3,826,completed,88659.5692449,88659.5709037,88659.5733558,4.110900001251139
2,827,completed,88659.6039204,88659.6057752,88659.6068691,2.948699999251403
1,827,completed,88659.6039547,88659.6058647,88659.607417,3.4623000101419166
0,827,completed,88659.6039197,88659.6059419,88659.6080901,4.170399988652207
3,827,completed,88659.6039748,88659.6059662,88659.608589,4.614199991920032
1,828,completed,88659.6316648,88659.6331266,88659.6339587,2.2938999900361523
3,828,completed,88659.6317069,88659.633254,88659.6344812,2.774299995508045
2,828,completed,88659.6316895,88659.6332467,88659.6349943,3.3047999895643443
0,828,completed,88659.6317807,88659.6333275,88659.6356212,3.8404999941121787
0,829,completed,88659.6677865,88659.6691543,88659.6698625,2.0760000043082982
3,829,completed,88659.6677861,88659.6691605,88659.6703658,2.5796999980229884
1,829,completed,88659.6678404,88659.6692333,88659.6708252,2.9847999976482242
2,829,completed,88659.667839,88659.6692398,88659.6712662,3.4272000048076734
0,830,completed,88659.7105124,88659.7119048,88659.7126609,2.148500003386289
3,830,completed,88659.7105462,88659.7119816,88659.7131522,2.605999994557351
2,830,completed,88659.7105065,88659.7119348,88659.7136046,3.0980999872554094
1,830,completed,88659.710554,88659.7119995,88659.7140318,3.4777999971993268
1,831,completed,88659.7428051,88659.7446014,88659.7457852,2.980099990963936
0,831,completed,88659.7427425,88659.7446832,88659.7467937,4.051199997775257
3,831,completed,88659.7428432,88659.7446823,88659.7474631,4.619899991666898
2,831,completed,88659.7428652,88659.7447079,88659.7481391,5.273900009342469
2,832,completed,88659.7694573,88659.7712327,88659.7722549,2.7975999983027577
1,832,completed,88659.7694793,88659.7714099,88659.7730619,3.5826000093948096
0,832,completed,88659.7695191,88659.7714033,88659.7737932,4.274100007023662
3,832,completed,88659.7695635,88659.7714871,88659.7745673,5.003800004487857
0,833,completed,88659.7985513,88659.8003277,88659.8012871,2.735799993388355
3,833,completed,88659.7986163,88659.8004282,88659.8019228,3.306500002508983
2,833,completed,88659.7987105,88659.800488,88659.8024904,3.7798999983351678
1,833,completed,88659.7986299,88659.800627,88659.8030069,4.3769999901996925
1,834,completed,88659.8331986,88659.8348951,88659.8356784,2.479800008586608
2,834,completed,88659.8331842,88659.8349342,88659.8362723,3.088099998421967
3,834,completed,88659.833248,88659.8349721,88659.8367798,3.5318000009283423
0,834,completed,88659.8332579,88659.8349929,88659.8372488,3.9909000042825937
3,835,completed,88659.8680862,88659.8698965,88659.8710372,2.9510000022128224
1,835,completed,88659.8681519,88659.8700161,88659.8716037,3.4518000029493123
0,835,completed,88659.8682066,88659.8700119,88659.8720961,3.889500003424473
2,835,completed,88659.868233,88659.8700384,88659.8725677,4.334700002800673
1,836,completed,88659.9115727,88659.913332,88659.9140338,2.461099997162819
3,836,completed,88659.9115953,88659.9134178,88659.9146182,3.022899996722117
2,836,completed,88659.9116553,88659.9133759,88659.9151628,3.507499990519136
0,836,completed,88659.9116018,88659.913444,88659.9158225,4.2206999933114275
0,837,completed,88659.9378395,88659.9399628,88659.9409398,3.1003000040072948
2,837,completed,88659.9378413,88659.9399408,88659.9418589,4.0176000038627535
3,837,completed,88659.9378407,88659.93996,88659.9426852,4.844499999308027
1,837,completed,88659.9378646,88659.9400158,88659.9436327,5.768100003479049
2,838,completed,88659.9659794,88659.9676075,88659.9687497,2.770299994153902
1,838,completed,88659.9660289,88659.9677127,88659.9694024,3.373500003363006
3,838,completed,88659.9667168,88659.9680966,88659.9700223,3.3054999948944896
0,838,completed,88659.9661667,88659.9681604,88659.9706104,4.443700003321283
2,839,completed,88660.0004148,88660.0024507,88660.0033272,2.912399999331683
3,839,completed,88660.0004537,88660.0024197,88660.0039478,3.4940999903483316
1,839,completed,88660.0004146,88660.0025506,88660.0044584,4.043799999635667
0,839,completed,88660.0005104,88660.0024858,88660.0049766,4.466200000024401
3,840,completed,88660.0349564,88660.036576,88660.03735,2.3935999925015494
2,840,completed,88660.0349488,88660.0366657,88660.0378633,2.9144999862182885
0,840,completed,88660.0349082,88660.0367281,88660.0384008,3.492599993478507
1,840,completed,88660.0348934,88660.0367222,88660.0388899,3.9964999887160957
1,841,completed,88660.0696995,88660.0713835,88660.07224,2.540499990573153
2,841,completed,88660.0697301,88660.0713895,88660.072882,3.1518999894615263
0,841,completed,88660.0696869,88660.0713709,88660.0734167,3.729800009750761
3,841,completed,88660.0697785,88660.0714567,88660.0739365,4.158000010647811
0,842,completed,88660.1057381,88660.1074685,88660.1081921,2.454000001307577
3,842,completed,88660.1057374,88660.1074649,88660.1087268,2.9894000035710633
1,842,completed,88660.1058525,88660.1075655,88660.1092408,3.388299999642186
2,842,completed,88660.1058829,88660.1075593,88660.1097398,3.856900002574548
3,843,completed,88660.1322916,88660.1339589,88660.1347674,2.4757999926805496
2,843,completed,88660.1321515,88660.133853,88660.1353403,3.1887999939499423
0,843,completed,88660.1321795,88660.1340572,88660.1357948,3.6152999964542687
1,843,completed,88660.132297,88660.1340508,88660.1364187,4.121699996176176
2,844,completed,88660.1750018,88660.176497,88660.1774296,2.4277999909827486
1,844,completed,88660.1750118,88660.1766953,88660.1781096,3.0977999995229766
3,844,completed,88660.1750805,88660.1766867,88660.1786927,3.6122000019531697
0,844,completed,88660.1751229,88660.1767683,88660.1792163,4.093400013516657
3,845,completed,88660.2012779,88660.2030874,88660.2040663,2.7883999864570796
2,845,completed,88660.2013093,88660.2031618,88660.2046791,3.369800004293211
0,845,completed,88660.2013304,88660.2031773,88660.2052424,3.912000000127591
1,845,completed,88660.2013231,88660.203165,88660.2057773,4.454199995961972
2,846,completed,88660.2362887,88660.2378842,88660.2386455,2.3567999887745827
3,846,completed,88660.236253,88660.2380486,88660.2391989,2.945900007034652
0,846,completed,88660.2363229,88660.2380537,88660.2397143,3.391399994143285
1,846,completed,88660.2362604,88660.2378909,88660.2401722,3.9118000131566077
1,847,completed,88660.2640203,88660.2649989,88660.2661481,2.1277999912854284
2,847,completed,88660.2640208,88660.2652808,88660.2666822,2.661400008946657
3,847,completed,88660.2647195,88660.2657703,88660.2672256,2.506099990569055
0,847,completed,88660.2646956,88660.2657907,88660.2677026,3.0070000066189095
3,848,completed,88660.3088397,88660.3104183,88660.3110099,2.1702000085497275
1,848,completed,88660.3088521,88660.3104042,88660.3118191,2.9669999930774793
2,848,completed,88660.3088403,88660.3103843,88660.312793,3.9527000044472516
0,848,completed,88660.3088897,88660.3104226,88660.3135517,4.662000006646849
0,849,completed,88660.3465162,88660.3481745,88660.3490442,2.5279999972553924
3,849,completed,88660.3465359,88660.3482027,88660.3497603,3.224400003091432
1,849,completed,88660.346619,88660.3483024,88660.3504263,3.807300003245473
2,849,completed,88660.3466159,88660.348331,88660.3510094,4.393499999423511
0,850,completed,88660.3636574,88660.3650493,88660.3657112,2.053799995337613
2,850,completed,88660.3635969,88660.3650066,88660.3662728,2.675900002941489
3,850,completed,88660.3636139,88660.3651494,88660.3667767,3.162799999699928
1,850,completed,88660.3636043,88660.3651427,88660.3673467,3.742400003829971
2,851,completed,88660.405151,88660.4068203,88660.4076765,2.5255000073229894
0,851,completed,88660.4051338,88660.4068636,88660.4083239,3.1901000038487837
3,851,completed,88660.40505,88660.4068543,88660.4090585,4.008499992778525
1,851,completed,88660.4051802,88660.4069873,88660.4101174,4.9371999921277165
1,852,completed,88660.4322132,88660.43368,88660.4345719,2.35870000324212
0,852,completed,88660.4322558,88660.4336834,88660.4352149,2.959100005682558
2,852,completed,88660.4322018,88660.4338021,88660.435775,3.573200010578148
3,852,completed,88660.432225,88660.4338284,88660.4363488,4.123799997614697
0,853,completed,88660.4651903,88660.4668714,88660.4678447,2.6543999993009493
3,853,completed,88660.4651742,88660.4669022,88660.4685129,3.3387000003131106
1,853,completed,88660.4651505,88660.4669225,88660.4690222,3.8717000134056434
2,853,completed,88660.4651505,88660.4670115,88660.4698897,4.739200012409128
0,854,completed,88660.499853,88660.5016664,88660.5026271,2.7740999939851463
1,854,completed,88660.4998912,88660.5017985,88660.5033113,3.420099994400516
2,854,completed,88660.4998528,88660.5018169,88660.5039357,4.082900006324053
3,854,completed,88660.4999247,88660.5018473,88660.5048149,4.890200012596324
1,855,completed,88660.5346355,88660.5361757,88660.5368243,2.188800004660152
0,855,completed,88660.5345717,88660.5361319,88660.5374096,2.8378999995766208
2,855,completed,88660.5345927,88660.536124,88660.5379882,3.395499996258877
3,855,completed,88660.5345816,88660.5361893,88660.538515,3.9333999884547666
1,856,completed,88660.5692303,88660.5707274,88660.5715786,2.3482999968109652
3,856,completed,88660.5692172,88660.5707917,88660.5721785,2.961300007882528
0,856,completed,88660.5692865,88660.5708743,88660.5728294,3.5428999981377274
2,856,completed,88660.5693327,88660.570909,88660.573436,4.10330000158865
1,857,completed,88660.5970395,88660.5976054,88660.5986272,1.5876999968895689
0,857,completed,88660.5991533,88660.6003764,88660.6010902,1.936899992870167
3,857,completed,88660.599101,88660.6003738,88660.6019717,2.8707000019494444
2,857,completed,88660.5991121,88660.6003223,88660.6027082,3.5960999957751483
1,858,completed,88660.6318412,88660.633321,88660.6340928,2.251600002637133
0,858,completed,88660.6318204,88660.633329,88660.6346464,2.825999996275641
2,858,completed,88660.6318927,88660.6333823,88660.6351433,3.2505999988643453
3,858,completed,88660.6318301,88660.6333802,88660.6356144,3.784300002735108
1,859,completed,88660.6665924,88660.6681346,88660.6689518,2.3594000085722655
3,859,completed,88660.6665701,88660.6681176,88660.6696267,3.0565999913960695
0,859,completed,88660.6665543,88660.6681468,88660.6701936,3.639300004579127
2,859,completed,88660.6665243,88660.6680712,88660.6707422,4.2179000010946766
3,860,completed,88660.7013105,88660.7031379,88660.7042649,2.9544000135501847
2,860,completed,88660.7012704,88660.7031764,88660.7052031,3.9327000122284517
1,860,completed,88660.7012487,88660.703138,88660.705976,4.727299994556233
0,860,completed,88660.7013502,88660.7035682,88660.7066698,5.319599993526936
3,861,completed,88660.7360274,88660.7377542,88660.7390762,3.0488000047625974
0,861,completed,88660.7362641,88660.7379328,88660.7399038,3.639699993073009
2,861,completed,88660.7363071,88660.7380227,88660.7405841,4.277000000001863
1,861,completed,88660.7358989,88660.7379134,88660.7411439,5.244999993010424
0,862,completed,88660.7706148,88660.7721079,88660.7727955,2.1807000011904165
1,862,completed,88660.7706258,88660.7720844,88660.7733732,2.7474000089569017
3,862,completed,88660.7706397,88660.7720827,88660.7739208,3.2810999982757494
2,862,completed,88660.7706725,88660.7721089,88660.774416,3.7434999976539984
0,863,completed,88660.7995604,88660.8008727,88660.8019133,2.3529000027338043
1,863,completed,88660.799616,88660.8011233,88660.8026058,2.9897999920649454
3,863,completed,88660.7996211,88660.8011363,88660.8033368,3.715700004249811
2,863,completed,88660.7998276,88660.8011833,88660.8039802,4.152599998633377
2,864,completed,88660.8345874,88660.8363152,88660.8371041,2.516700013075024
3,864,completed,88660.8346025,88660.8363961,88660.8379639,3.3613999985391274
0,864,completed,88660.8346241,88660.8364413,88660.8385125,3.8884000096004456
1,864,completed,88660.8346334,88660.8364413,88660.8391049,4.471500011277385
0,865,completed,88660.8776774,88660.8790754,88660.8799494,2.2719999979017302
2,865,completed,88660.8777801,88660.8792381,88660.8805329,2.7528000064194202
3,865,completed,88660.8776618,88660.8792868,88660.8811934,3.5315999994054437
1,865,completed,88660.8776965,88660.8793116,88660.882132,4.435499999090098
0,866,completed,88660.9098351,88660.9113988,88660.9130914,3.2562999986112118
3,866,completed,88660.9091135,88660.9108997,88660.9145534,5.439899992779829
2,866,completed,88660.9092096,88660.9115468,88660.9160045,6.794900007662363
1,866,completed,88660.9083647,88660.9118843,88660.917659,9.294300005421974
2,867,completed,88660.9404882,88660.9418938,88660.9427317,2.2434999991673976
0,867,completed,88660.9405075,88660.9420066,88660.9434174,2.90990000939928
3,867,completed,88660.940471,88660.9420797,88660.9441838,3.712800011271611
1,867,completed,88660.9404559,88660.9421681,88660.9451525,4.696600008173846
2,868,completed,88660.9650896,88660.9670127,88660.9682845,3.1949000112945214
3,868,completed,88660.9651315,88660.9671971,88660.9689504,3.8189000042621046
0,868,completed,88660.9651236,88660.9672277,88660.9696895,4.5658999879378825
1,868,completed,88660.9652846,88660.9672575,88660.9704181,5.133500002557412
0,869,completed,88660.9965182,88660.9979428,88660.9986955,2.1773000044049695
3,869,completed,88660.9964875,88660.9980756,88660.9993261,2.838600004906766
2,869,completed,88660.9965531,88660.9980497,88661.0000194,3.4662999969441444
1,869,completed,88660.996521,88660.9980555,88661.0009793,4.458300012629479
2,870,completed,88661.0335269,88661.0355888,88661.0366485,3.121599991573021
3,870,completed,88661.0335423,88661.0356295,88661.0373519,3.809599991654977
0,870,completed,88661.0334752,88661.0356132,88661.0379228,4.447599989362061
1,870,completed,88661.0334755,88661.035724,88661.0386935,5.2180000056978315
1,871,completed,88661.0746387,88661.0770838,88661.0793431,4.704400009359233
2,871,completed,88661.0746718,88661.0771536,88661.0805241,5.85230000433512
3,871,completed,88661.0747827,88661.0772665,88661.0813997,6.616999991820194
0,871,completed,88661.074654,88661.0773236,88661.0821104,7.456400009687059
3,872,completed,88661.0988462,88661.1004776,88661.1013588,2.5126000109594315
0,872,completed,88661.0988442,88661.1005061,88661.1020171,3.1729000038467348
1,872,completed,88661.0989139,88661.1005389,88661.1028063,3.8923999964026734
2,872,completed,88661.098866,88661.1006495,88661.1036359,4.769899998791516
3,873,completed,88661.134784,88661.1363002,88661.1370539,2.2699000110151246
2,873,completed,88661.1347673,88661.1364028,88661.137609,2.841699999407865
0,873,completed,88661.1347827,88661.1364406,88661.1385934,3.81070000003092
1,873,completed,88661.134856,88661.1364305,88661.1398293,4.973299990524538
1,874,completed,88661.1665244,88661.168398,88661.1693635,2.8390999941620976
0,874,completed,88661.1664585,88661.1683888,88661.1699522,3.4937000018544495
3,874,completed,88661.1664552,88661.1684645,88661.1705201,4.064900000230409
2,874,completed,88661.1664799,88661.168622,88661.171091,4.611099997418933
1,875,completed,88661.2017729,88661.2036263,88661.2058857,4.112799986614846
2,875,completed,88661.2015772,88661.2039311,88661.2069855,5.408299999544397
3,875,completed,88661.2017676,88661.2045052,88661.2087687,7.001100006164052
0,875,completed,88661.2032163,88661.2054218,88661.2101429,6.926600006408989
3,876,completed,88661.2388765,88661.240857,88661.2422032,3.3266999962506816
0,876,completed,88661.2389002,88661.2408887,88661.2434325,4.532300008577295
1,876,completed,88661.238866,88661.2408118,88661.2446342,5.768200004240498
2,876,completed,88661.2388622,88661.2409176,88661.2455813,6.71909999800846
0,877,completed,88661.2637605,88661.2650556,88661.2662129,2.4523999891243875
3,877,completed,88661.2637589,88661.2652245,88661.2670419,3.283000012743287
1,877,completed,88661.2637788,88661.2652603,88661.2678897,4.110900001251139
2,877,completed,88661.2790576,88661.2800968,88661.2814168,2.359200007049367
2,878,completed,88661.2986193,88661.3001356,88661.3020251,3.405800001928583
3,878,completed,88661.2990459,88661.300906,88661.3030727,4.026800001156516
1,878,completed,88661.2988149,88661.301312,88661.3041397,5.324800004018471
0,878,completed,88661.2990826,88661.3013784,88661.3054139,6.331299999146722
3,879,completed,88661.3336197,88661.3352087,88661.3365372,2.9174999945098534
0,879,completed,88661.333594,88661.3353175,88661.3372842,3.690199999255128
1,879,completed,88661.3336841,88661.3353805,88661.3381011,4.417000003741123
2,879,completed,88661.3335752,88661.3359486,88661.3387624,5.187200004002079
3,880,completed,88661.3665625,88661.3687338,88661.3714802,4.917700003716163
0,880,completed,88661.3666776,88661.3701164,88661.3726053,5.927699996391311
2,880,completed,88661.3667661,88661.3703263,88661.3736626,6.896499995491467
1,880,completed,88661.366951,88661.370521,88661.3752183,8.26729999971576
1,881,completed,88661.4107717,88661.4128776,88661.4147832,4.01150000107009
2,881,completed,88661.4108493,88661.4130334,88661.4160381,5.1888000016333535
0,881,completed,88661.4107719,88661.4131104,88661.4177328,6.960899991099723
3,881,completed,88661.4110179,88661.4133642,88661.4190451,8.027200005017221
2,882,completed,88661.43917,88661.4407691,88661.4417226,2.5525999953970313
0,882,completed,88661.4391047,88661.4406944,88661.4423342,3.2294999982696027
3,882,completed,88661.4394565,88661.4408152,88661.4428687,3.4122000070055947
1,882,completed,88661.439155,88661.440939,88661.4435738,4.418800002895296
3,883,completed,88661.4651731,88661.4669584,88661.4679507,2.7775999915320426
0,883,completed,88661.4651838,88661.4670746,88661.4685479,3.3641000045463443
2,883,completed,88661.465131,88661.4670938,88661.4692137,4.082699990249239
1,883,completed,88661.4651267,88661.4672486,88661.4699395,4.812800005311146
1,884,completed,88661.4998869,88661.5015726,88661.5031111,3.2242000015685335
3,884,completed,88661.4999028,88661.5017714,88661.5040202,4.117399992537685
2,884,completed,88661.4998464,88661.5018881,88661.5050851,5.238700003246777
0,884,completed,88661.4998471,88661.5021374,88661.5058345,5.987399999867193
0,885,completed,88661.5340391,88661.5358391,88661.5366985,2.6593999937176704
1,885,completed,88661.5341027,88661.5358283,88661.5374894,3.3867000020109117
3,885,completed,88661.5340657,88661.5359483,88661.5381304,4.0646999987075105
2,885,completed,88661.5340512,88661.536032,88661.5388165,4.765300007420592
3,886,completed,88661.5694186,88661.5709757,88661.5721935,2.774900000076741
1,886,completed,88661.5696515,88661.5712696,88661.5730171,3.365600001416169
2,886,completed,88661.5693991,88661.5712979,88661.5738275,4.428400003234856
0,886,completed,88661.5695201,88661.5713437,88661.5743744,4.854300001170486
0,887,completed,88661.6040852,88661.6057746,88661.6069572,2.8719999972963706
2,887,completed,88661.6042105,88661.6059831,88661.6078241,3.6136000126134604
1,887,completed,88661.6043621,88661.6060871,88661.6086401,4.278000007616356
3,887,completed,88661.6049634,88661.6063589,88661.6092913,4.327900009229779
1,888,completed,88661.6451545,88661.6469974,88661.648248,3.0934999958844855
3,888,completed,88661.6451807,88661.6469936,88661.6490369,3.8561999972444028
2,888,completed,88661.6451589,88661.6472596,88661.6498161,4.6571999992011115
0,888,completed,88661.6451627,88661.6473101,88661.6503576,5.194899989874102
1,889,completed,88661.6667518,88661.66845,88661.6697156,2.963799997814931
0,889,completed,88661.6666777,88661.6683674,88661.6703513,3.67359998926986
3,889,completed,88661.6668152,88661.6685861,88661.6709117,4.096499993465841
2,889,completed,88661.6667928,88661.668598,88661.6715547,4.761900010635145
3,890,completed,88661.7105527,88661.7119481,88661.7131495,2.5968000118155032
2,890,completed,88661.7104609,88661.7119357,88661.7151657,4.70480001240503
1,890,completed,88661.7108472,88661.7121889,88661.7169717,6.124500010628253
0,890,completed,88661.7112305,88661.7124709,88661.7186157,7.385199991404079
0,891,completed,88661.7444163,88661.7457884,88661.7471293,2.7129999944008887
3,891,completed,88661.7446438,88661.7460278,88661.7479324,3.2885999971767887
1,891,completed,88661.7444631,88661.7462827,88661.7488756,4.412499998579733
2,891,completed,88661.7452359,88661.746446,88661.750245,5.009100001188926
0,892,completed,88661.7730822,88661.7738254,88661.7754432,2.3609999916516244
3,892,completed,88661.7739962,88661.775332,88661.7768808,2.8845999913755804
1,892,completed,88661.7767781,88661.7776865,88661.7795214,2.7433000068413094
2,892,completed,88661.7757665,88661.7774163,88661.7810293,5.262799997581169
3,893,completed,88661.8049365,88661.8056638,88661.8074608,2.5242999981855974
0,893,completed,88661.805778,88661.8067794,88661.8088261,3.048099999432452
1,893,completed,88661.8058629,88661.8090257,88661.8102932,4.430300003150478
2,893,completed,88661.8057991,88661.8090322,88661.8113401,5.5410000059055164
2,894,completed,88661.8371857,88661.8394676,88661.8413328,4.147100000409409
1,894,completed,88661.8375343,88661.839656,88661.8430272,5.492900003446266
3,894,completed,88661.8376231,88661.8397282,88661.8440078,6.384699998307042
0,894,completed,88661.837394,88661.839819,88661.844753,7.358999995631166
2,895,completed,88661.8680225,88661.8691022,88661.8713497,3.3272000000579283
0,895,completed,88661.8681399,88661.8692873,88661.8721255,3.9855999930296093
3,895,completed,88661.8685043,88661.8700899,88661.8728475,4.343199994764291
1,895,completed,88661.8695077,88661.8706356,88661.8739396,4.431900000781752
2,896,completed,88661.8975291,88661.8985416,88661.8998698,2.3407000117003918
3,896,completed,88661.9119458,88661.9130727,88661.9147259,2.780099996016361
1,896,completed,88661.9123413,88661.913719,88661.91624,3.898700000718236
0,896,completed,88661.9124163,88661.9137159,88661.9185122,6.095900011132471
1,897,completed,88661.9322452,88661.9336128,88661.9349893,2.744099998380989
0,897,completed,88661.9321357,88661.9337072,88661.9359219,3.7862000026507303
3,897,completed,88661.9328557,88661.9341062,88661.9368941,4.038400002173148
2,897,completed,88661.9328798,88661.9344202,88661.9385129,5.63309999415651
3,898,completed,88661.9752289,88661.976635,88661.9792208,3.991899997345172
0,898,completed,88661.9765751,88661.9782558,88661.9803522,3.777100006118417
1,898,completed,88661.9765357,88661.9787391,88661.9819333,5.397600005380809
2,898,completed,88661.9771353,88661.9790693,88661.9834971,6.361799998558126
1,899,completed,88662.0063364,88662.0084335,88662.010217,3.8806000084150583
3,899,completed,88662.0062864,88662.0082897,88662.0117047,5.418299988377839
2,899,completed,88662.0062561,88662.008085,88662.0131133,6.857200001832098
0,899,completed,88662.0064482,88662.008393,88662.0141504,7.7022000041324645
