camera,seq,status,capture_s,enqueue_s,finish_s,latency_ms
2,0,completed,88803.4713679,88803.4742638,88803.492377,21.009100004448555
4,0,completed,88803.4714986,88803.4743836,88803.509843,38.34440000355244
0,0,completed,88803.4713947,88803.4742638,88803.5271028,55.7081000006292
5,0,completed,88803.4713681,88803.4745023,88803.5441947,72.82660000782926
1,0,completed,88803.4714476,88803.4745811,88803.5617863,90.33869999984745
3,0,completed,88803.4715223,88803.4747219,88803.5791985,107.6762000011513
1,1,completed,88803.5178566,88803.5207141,88803.5973568,79.50020000862423
0,1,completed,88803.5178625,88803.5207529,88803.6148399,96.97739999683108
4,1,completed,88803.5178896,88803.5208779,88803.6322716,114.3819999997504
3,1,completed,88803.5179667,88803.5209861,88803.6497202,131.75349999801256
2,1,completed,88803.5179407,88803.5210889,88803.667351,149.4103000004543
5,1,completed,88803.5179289,88803.5212674,88803.684562,166.63310000149067
5,2,completed,88803.5486147,88803.5512395,88803.7021036,153.48889998858795
1,2,completed,88803.5487073,88803.5512252,88803.7198932,171.18590000609402
3,2,completed,88803.5486444,88803.551182,88803.7377423,189.09790000179783
0,2,completed,88803.5486195,88803.5511786,88803.7549395,206.31999999750406
2,2,completed,88803.5486693,88803.5512751,88803.7720837,223.4143999958178
4,2,completed,88803.5486925,88803.5512929,88803.7891968,240.50430000352208
3,3,completed,88803.579341,88803.5824372,88803.8068522,227.511199991568
4,3,completed,88803.5793402,88803.5823928,88803.8242947,244.9544999981299
0,3,completed,88803.5793354,88803.5825461,88803.8417598,262.4243999889586
1,3,completed,88803.5792467,88803.5827239,88803.8590868,279.84010000363924
5,3,completed,88803.5792465,88803.5827371,88803.8763268,297.08030000620056
2,3,completed,88803.5792838,88803.5827887,88803.8936147,314.3309000006411
0,4,completed,88803.6109475,88803.6135161,88803.9106487,299.70119999779854
5,4,completed,88803.6109648,88803.6134889,88803.9279511,316.98630000755657
4,4,completed,88803.6110019,88803.6136762,88803.9455686,334.5666999957757
3,4,completed,88803.6110699,88803.6137228,88803.9638999,352.83000000345055
2,4,completed,88803.611037,88803.613847,88803.9813219,370.2849000110291
1,4,completed,88803.6109509,88803.6138378,88803.9992278,388.27690000471193
0,5,completed,88803.6414017,88803.644203,88804.0163806,374.97889999940526
1,5,completed,88803.6414772,88803.6442665,88804.0338426,392.3653999954695
2,5,completed,88803.641449,88803.6443673,88804.0510264,409.5774000015808
4,5,completed,88803.641507,88803.6443946,88804.0687649,427.2579000098631
5,5,completed,88803.6413977,88803.644571,88804.0858915,444.493799994234
3,5,completed,88803.6414404,88803.6447532,88804.1032419,461.8015000014566
1,6,completed,88803.6727857,88803.6756389,88804.1203195,447.5338000047486
4,6,completed,88803.6727137,88803.6756921,88804.1376848,464.9711000092793
3,6,completed,88803.6727461,88803.6758139,88804.1548414,482.09530000167433
5,6,completed,88803.6728233,88803.6758587,88804.1719763,499.15299999702256
2,6,completed,88803.6727658,88803.6759234,88804.189849,517.0832000003429
0,6,completed,88803.6727127,88803.6759105,88804.20718,534.4672999926843
5,7,completed,88803.7032741,88803.705947,88804.2244776,521.2035000004107
4,7,completed,88803.7034184,88803.7060245,88804.2418335,538.4151000034763
0,7,completed,88803.7033918,88803.7061919,88804.259041,555.6492000032449
3,7,completed,88803.7033018,88803.7062039,88804.2767491,573.4473000047728
2,7,completed,88803.7033307,88803.7062654,88804.2939286,590.5979000090156
1,7,completed,88803.7033678,88803.7063829,88804.3113555,607.9877000011038
2,8,completed,88803.7354316,88803.7374852,88804.3284136,592.982000001939
1,8,completed,88803.7354317,88803.7375023,88804.345896,610.464299999876
5,8,completed,88803.7506204,88803.7527595,88804.3630702,612.4497999990126
3,8,completed,88803.7505985,88803.7528559,88804.3806291,630.0305999902776
0,8,completed,88803.7505732,88803.7528872,88804.3985517,647.9784999974072
4,8,completed,88803.7505927,88803.7529538,88804.4162283,665.6356000021333
1,9,completed,88803.7812939,88803.7853447,88804.433519,652.2250999987591
3,9,completed,88803.7813899,88803.7851647,88804.4511902,669.8002999910386
2,9,completed,88803.7812836,88803.7853281,88804.468147,686.8634000129532
4,9,completed,88803.7813388,88803.7853239,88804.4854067,704.0678999910597
0,9,completed,88803.7813059,88803.7853686,88804.5033019,721.9959999929415
5,9,completed,88803.7813603,88803.7854393,88804.5205937,739.2334000032861
1,10,completed,88803.8045608,88803.8071087,88804.5382293,733.6685000045691
5,10,completed,88803.8045193,88803.8072278,88804.5573558,752.8365000034682
2,10,completed,88803.8046225,88803.8072904,88804.5752305,770.6080000061775
3,10,completed,88803.8045503,88803.8074534,88804.5926952,788.1448999978602
4,10,completed,88803.80449,88803.8075215,88804.6099219,805.4319000075338
0,10,completed,88803.8044899,88803.8075416,88804.6272692,822.7793000114616
3,11,completed,88803.8368542,88803.839404,88804.6449893,808.1351000000723
4,11,completed,88803.8369053,88803.8394898,88804.6625526,825.6472999928519
0,11,completed,88803.8368547,88803.8395371,88804.6799102,843.0554999940796
2,11,completed,88803.8368823,88803.8396029,88804.698138,861.2557000014931
1,11,completed,88803.8524199,88803.8545539,88804.7154707,863.0508000060217
5,11,completed,88803.8524202,88803.8550596,88804.7328791,880.458900006488
5,12,completed,88803.8829432,88803.8856159,88804.7503566,867.4133999884361
4,12,completed,88803.8830485,88803.886099,88804.7675885,884.5399999991059
3,12,completed,88803.882919,88803.8861271,88804.784908,901.9890000054147
1,12,completed,88803.8829759,88803.8861782,88804.8023483,919.3724000069778
2,12,completed,88803.8828956,88803.8861751,88804.821142,938.246399993659
0,12,completed,88803.883015,88803.8862052,88804.8383817,955.3667000000132
3,13,completed,88803.9139426,88803.916504,88804.8557217,941.7791000014404
0,13,completed,88803.9139037,88803.9165965,88804.8730308,959.1270999953849
2,13,completed,88803.9140229,88803.91679,88804.8905772,976.5542999957688
5,13,completed,88803.9140122,88803.9168641,88804.9101865,996.174300002167
1,13,completed,88803.9139237,88803.916927,88804.9274931,1013.5693999909563
4,13,completed,88803.9139562,88803.9170453,88804.9454602,1031.5039999986766
1,14,completed,88803.9451496,88803.9482538,88804.9644955,1019.3459000001894
4,14,completed,88803.9451016,88803.9483148,88804.9818815,1036.7799000086961
2,14,completed,88803.945222,88803.9482728,88804.9999168,1054.69480001193
5,14,completed,88803.9450946,88803.9483093,88805.0180395,1072.944900006405
0,14,completed,88803.9451679,88803.948269,88805.03614,1090.9720999916317
3,14,completed,88803.9452689,88803.9485113,88805.0542095,1108.9405999955488
1,15,completed,88803.9765754,88803.9797339,88805.0713713,1094.795900004101
4,15,completed,88803.9766679,88803.9798249,88805.0885931,1111.9251999916742
3,15,completed,88803.9766238,88803.9798771,88805.1063161,1129.6923000045354
5,15,completed,88803.9765573,88803.9798931,88805.124205,1147.6476999960141
0,15,completed,88803.9766871,88803.980172,88805.1417369,1165.0497999944491
2,15,completed,88803.9766584,88803.980212,88805.1590655,1182.4071000010008
3,16,completed,88804.0064503,88804.0090137,88805.176317,1169.8667000018759
2,16,completed,88804.006534,88804.009067,88805.193625,1187.090999999782
1,16,completed,88804.0064915,88804.0091536,88805.2112655,1204.7739999979967
4,16,completed,88804.0065326,88804.0091896,88805.2287394,1222.206799997366
5,16,completed,88804.0064503,88804.009514,88805.2460573,1239.6069999958854
0,16,completed,88804.006576,88804.0096063,88805.2636518,1257.075800007442
4,17,completed,88804.0370613,88804.0396849,88805.2809075,1243.8461999990977
1,17,completed,88804.0369954,88804.0396543,88805.2988308,1261.8354000005638
5,17,completed,88804.0371282,88804.03975,88805.3163284,1279.2002000060165
0,17,completed,88804.0372005,88804.0398311,88805.334036,1296.8355000048177
3,17,completed,88804.0370727,88804.0398657,88805.3513571,1314.2843999958131
2,17,completed,88804.0371431,88804.039878,88805.3688469,1331.7038000095636
3,18,completed,88804.0834382,88804.086157,88805.3862639,1302.8256999969017
5,18,completed,88804.0834052,88804.0862022,88805.4036835,1320.2783000015188
0,18,completed,88804.0834981,88804.0862555,88805.4209906,1337.49250000983
2,18,completed,88804.0835056,88804.0862548,88805.4383789,1354.8732999915956
1,18,completed,88804.0834171,88804.0866462,88805.4556719,1372.254799993243
4,18,completed,88804.0834722,88804.0866397,88805.4731938,1389.7216000041226
4,19,completed,88804.1160431,88804.1187715,88805.4905208,1374.477699995623
2,19,completed,88804.1161019,88804.1187638,88805.5079573,1391.8553999974392
1,19,completed,88804.1160221,88804.1187511,88805.5266269,1410.604799995781
5,19,completed,88804.1160617,88804.1188258,88805.5436364,1427.5747000065167
0,19,completed,88804.1160139,88804.1189984,88805.5615238,1445.5099000042537
3,19,completed,88804.1161302,88804.119305,88805.5795235,1463.3933000004617
0,20,completed,88804.1468616,88804.1493131,88805.5975611,1450.6994999974268
1,20,completed,88804.1469758,88804.1493607,88805.6152295,1468.253700004425
5,20,completed,88804.1469222,88804.1494157,88805.632878,1485.9558000025572
2,20,completed,88804.1469177,88804.1494926,88805.6504434,1503.5256999981357
4,20,completed,88804.1468853,88804.149837,88805.6683959,1521.5105999959633
3,20,completed,88804.1469701,88804.1498851,88805.6859528,1538.9827000035439
5,21,completed,88804.1700441,88804.1731768,88805.7033537,1533.309599995846
2,21,completed,88804.1700355,88804.173169,88805.7209884,1550.9528999973554
3,21,completed,88804.1701609,88804.1733314,88805.7384772,1568.3162999921478
1,21,completed,88804.1700894,88804.1733203,88805.7558507,1585.7613000116544
0,21,completed,88804.1700998,88804.1733927,88805.7735732,1603.4733999986202
4,21,completed,88804.1701269,88804.1735912,88805.7910717,1620.9448000008706
0,22,completed,88804.2165628,88804.2190654,88805.8085871,1592.0243000000482
5,22,completed,88804.2164783,88804.2190609,88805.8262664,1609.7881000023335
1,22,completed,88804.2165887,88804.2192314,88805.8434944,1626.9057000026805
3,22,completed,88804.216497,88804.2192359,88805.8610763,1644.5793000020785
4,22,completed,88804.2166091,88804.2193023,88805.8785015,1661.8924000067636
2,22,completed,88804.2165563,88804.2200649,88805.896661,1680.1047000044491
5,23,completed,88804.2514885,88804.2538921,88805.9145984,1663.1099000078393
3,23,completed,88804.2513752,88804.2539799,88805.9324596,1681.0843999992358
0,23,completed,88804.2514538,88804.2539684,88805.9499516,1698.497800010955
1,23,completed,88804.2513842,88804.2540472,88805.9671529,1715.7686999998987
4,23,completed,88804.2514425,88804.2540512,88805.9847865,1733.3440000074916
2,23,completed,88804.2514082,88804.2540507,88806.0023091,1750.900900005945
4,24,completed,88804.2742442,88804.2768085,88806.019974,1745.729799993569
1,24,completed,88804.2741602,88804.2767969,88806.0379076,1763.747399993008
5,24,completed,88804.2741693,88804.2767937,88806.0552565,1781.0871999972733
0,24,completed,88804.2742725,88804.2771408,88806.0729057,1798.6332000000402
3,24,completed,88804.2742204,88804.2771586,88806.0903514,1816.1309999995865
2,24,completed,88804.2741959,88804.2772611,88806.107678,1833.482100002584
4,25,completed,88804.3050793,88804.3074357,88806.1251441,1820.064800005639
5,25,completed,88804.305099,88804.3077579,88806.1426106,1837.5115999951959
0,25,completed,88804.3050599,88804.3077632,88806.1598634,1854.8034999985248
1,25,completed,88804.305104,88804.3078704,88806.1774426,1872.3386000056053
2,25,completed,88804.3051428,88804.3081117,88806.1951337,1889.9909000028856
3,25,completed,88804.3051616,88804.3082001,88806.2125214,1907.359799995902
4,26,completed,88804.3512104,88804.3538999,88806.2299315,1878.7211000017123
5,26,completed,88804.3511844,88804.3538999,88806.247567,1896.3825999962864
2,26,completed,88804.3510969,88804.3539998,88806.2656513,1914.5543999911752
3,26,completed,88804.3511322,88804.3541822,88806.2829082,1931.775999997626
1,26,completed,88804.3512323,88804.3542132,88806.300414,1949.1816999943694
0,26,completed,88804.3511522,88804.3543,88806.3181003,1966.9481000019005
3,27,completed,88804.381639,88804.3842565,88806.3373023,1955.663300002925
5,27,completed,88804.3817152,88804.3846999,88806.3549395,1973.2243000034941
0,27,completed,88804.3816149,88804.3847651,88806.3723766,1990.761699998984
4,27,completed,88804.3817628,88804.3848192,88806.3897748,2008.0120000056922
2,27,completed,88804.3816803,88804.3848622,88806.4071189,2025.4386000015074
1,27,completed,88804.381669,88804.3848909,88806.4244357,2042.7667000039946
0,28,completed,88804.4126353,88804.4152116,88806.4417869,2029.15159999975
5,28,completed,88804.4126956,88804.415453,88806.459091,2046.3954000006197
1,28,completed,88804.4127469,88804.4154755,88806.4766855,2063.93860001117
4,28,completed,88804.4127705,88804.4154801,88806.4943806,2081.6100999945775
3,28,completed,88804.4126353,88804.4155245,88806.5117961,2099.1608000040287
2,28,completed,88804.4126672,88804.4155219,88806.5291232,2116.4560000033816
0,29,completed,88804.4445189,88804.4469528,88806.5468532,2102.3342999978922
5,29,completed,88804.4445437,88804.446993,88806.564348,2119.8043000040343
4,29,completed,88804.4445019,88804.4469929,88806.5816747,2137.172800008557
1,29,completed,88804.4445722,88804.4472514,88806.5998524,2155.2802000078373
3,29,completed,88804.4444833,88804.4473848,88806.6173106,2172.8273000044283
2,29,completed,88804.4445933,88804.447431,88806.6351196,2190.5263000080595
0,30,completed,88804.4764956,88804.4807216,88806.6525877,2176.092099995003
2,30,completed,88804.4764996,88804.4811808,88806.6701754,2193.675799993798
4,30,completed,88804.4764886,88804.4811603,88806.6877076,2211.2189999897964
5,30,completed,88804.4765313,88804.4818568,88806.7054651,2228.9338000118732
3,30,completed,88804.4765891,88804.4819002,88806.723102,2246.5129000047455
1,30,completed,88804.4765668,88804.4819136,88806.7409415,2264.3746999965515
3,31,completed,88804.5075862,88804.5111416,88806.7588091,2251.22290001309
2,31,completed,88804.5075213,88804.5111709,88806.7765015,2268.980200009537
4,31,completed,88804.5075378,88804.5111638,88806.7941726,2286.634799995227
5,31,completed,88804.5076132,88804.5113575,88806.8117808,2304.167599999346
1,31,completed,88804.5075615,88804.5113807,88806.8292854,2321.7239000077825
0,31,completed,88804.5076623,88804.5113863,88806.8470894,2339.427099999739
2,32,completed,88804.538367,88804.5404294,88806.862916,2324.548999997205
4,32,completed,88804.5383909,88804.5405414,88806.8795057,2341.114800001378
5,32,completed,88804.538351,88804.5407177,88806.8961639,2357.8129000088666
0,32,completed,88804.5384321,88804.5406113,88806.912451,2374.018899994553
3,32,completed,88804.5385165,88804.5407089,88806.9293393,2390.8227999927476
1,32,completed,88804.5387704,88804.5407893,88806.945315,2406.544600002235
1,33,completed,88804.5704203,88804.5718158,88806.9617344,2391.314099993906
5,33,completed,88804.5704307,88804.5717934,88806.9778843,2407.4535999970976
0,33,completed,88804.5705316,88804.5719068,88806.9938366,2423.305000003893
3,33,completed,88804.5704545,88804.5719136,88807.010429,2439.9744999973336
2,33,completed,88804.5856054,88804.5864726,88807.0265113,2440.90590000269
4,33,completed,88804.5856033,88804.5864693,88807.0430259,2457.4225999967894
3,34,completed,88804.6164401,88804.6182624,88807.0599062,2443.4660999977496
0,34,completed,88804.6164319,88804.6183822,88807.076454,2460.02210000006
4,34,completed,88804.6166638,88804.6186039,88807.0926136,2475.9498000057647
1,34,completed,88804.6165175,88804.6186173,88807.1087867,2492.2691999963718
5,34,completed,88804.6164674,88804.6186173,88807.1247511,2508.283699993626
2,34,completed,88804.6166824,88804.6186951,88807.1405913,2523.908900009701
0,35,completed,88804.6471246,88804.6488813,88807.15665,2509.5254000043496
2,35,completed,88804.6471818,88804.6490591,88807.1728728,2525.6910000025528
1,35,completed,88804.6472143,88804.6491274,88807.1889043,2541.689999998198
3,35,completed,88804.6472573,88804.6492307,88807.2051778,2557.9204999958165
4,35,completed,88804.6473178,88804.6492528,88807.2211038,2573.785999993561
5,35,completed,88804.6473252,88804.6492586,88807.2371664,2589.841199995135
4,36,completed,88804.6789745,88804.6801351,88807.2533881,2574.4135999993887
5,36,completed,88804.678975,88804.6803002,88807.2696223,2590.64729999227
3,36,completed,88804.6791268,88804.6810193,88807.2858246,2606.6978000017116
1,36,completed,88804.6790267,88804.6810913,88807.30208,2623.0532999907155
0,36,completed,88804.679194,88804.6812147,88807.3182153,2639.021299997694
2,36,completed,88804.6792501,88804.6813678,88807.3345601,2655.3100000019185
1,37,completed,88804.7101944,88804.7117343,88807.3504748,2640.2803999953903
2,37,completed,88804.7101868,88804.7117119,88807.3667888,2656.6020000027493
3,37,completed,88804.7102294,88804.7118108,88807.3831732,2672.943799989298
0,37,completed,88804.7102802,88804.7119255,88807.3999043,2689.6240999922156
4,37,completed,88804.7104451,88804.7121995,88807.4160051,2705.5600000021514
5,37,completed,88804.7103883,88804.7121933,88807.4326848,2722.296500010998
3,38,completed,88804.7412402,88804.7430585,88807.4490161,2707.7758999948855
5,38,completed,88804.7412826,88804.7432441,88807.4657972,2724.5145999913802
4,38,completed,88804.741315,88804.7432495,88807.4819507,2740.6356999999844
1,38,completed,88804.7414506,88804.7433733,88807.498057,2756.606399998418
2,38,completed,88804.7413977,88804.7433685,88807.5146054,2773.207700010971
0,38,completed,88804.7413588,88804.7433752,88807.5307824,2789.4235999992816
0,39,completed,88804.7722016,88804.7738626,88807.5469823,2774.780699997791
1,39,completed,88804.7722323,88804.7739475,88807.5639435,2791.711199999554
5,39,completed,88804.7722661,88804.7740543,88807.5800638,2807.7976999920793
2,39,completed,88804.7723168,88804.7741548,88807.5966599,2824.3431000009878
3,39,completed,88804.7724269,88804.7741941,88807.6127992,2840.37229999376
4,39,completed,88804.7724564,88804.7742156,88807.6297804,2857.324000011431
5,40,completed,88804.8038343,88804.8058641,88807.6461229,2842.2886000043945
0,40,completed,88804.8038853,88804.8059919,88807.6623588,2858.4734999894863
1,40,completed,88804.8038607,88804.8059747,88807.6786356,2874.7748999885516
4,40,completed,88804.8039252,88804.805996,88807.6949087,2890.983499994036
2,40,completed,88804.8040391,88804.8060645,88807.7111441,2907.1050000056857
3,40,completed,88804.804035,88804.8062119,88807.7272253,2923.1903000036255
3,41,completed,88804.8516411,88804.8538024,88807.7437174,2892.0762999914587
4,41,completed,88804.8516755,88804.8538184,88807.7598043,2908.1288000015775
0,41,completed,88804.8516738,88804.8539013,88807.7760185,2924.344699989888
5,41,completed,88804.851761,88804.8539223,88807.7924581,2940.6970999989426
1,41,completed,88804.8517027,88804.8539268,88807.808817,2957.1142999920994
2,41,completed,88804.8518325,88804.8539627,88807.8252073,2973.374799999874
3,42,completed,88804.882867,88804.8854983,88807.8416858,2958.818800005247
1,42,completed,88804.8829108,88804.8855474,88807.8582194,2975.308599998243
0,42,completed,88804.8828669,88804.8855155,88807.8748787,2992.011799986358
4,42,completed,88804.8831451,88804.8856534,88807.8911744,3008.0293000064557
5,42,completed,88804.8828749,88804.8854909,88807.9072497,3024.374800006626
2,42,completed,88804.8833301,88804.8857025,88807.923698,3040.3679000010015
0,43,completed,88804.9136385,88804.91569,88807.9399404,3026.301899997634
5,43,completed,88804.9135025,88804.9156889,88807.9560462,3042.543699993985
3,43,completed,88804.9134723,88804.9156975,88807.9726416,3059.169300002395
2,43,completed,88804.9135563,88804.9158571,88807.9889096,3075.353299995186
4,43,completed,88804.9136886,88804.9159262,88808.0050332,3091.344599990407
1,43,completed,88804.9134831,88804.9159124,88808.0212322,3107.749100003275
4,44,completed,88804.9455397,88804.9476079,88808.0376571,3092.1173999959137
5,44,completed,88804.9456292,88804.9478223,88808.0537812,3108.1520000007004
0,44,completed,88804.9457357,88804.947916,88808.0709518,3125.2160999865737
1,44,completed,88804.9455397,88804.9479321,88808.0870598,3141.5201000054367
3,44,completed,88804.9458341,88804.9479788,88808.1036283,3157.794200000353
2,44,completed,88804.9457655,88804.9480725,88808.1199132,3174.147700003232
5,45,completed,88804.9763547,88804.9783523,88808.1361158,3159.7611000033794
3,45,completed,88804.9763584,88804.9783635,88808.1528873,3176.528900003177
4,45,completed,88804.976422,88804.9784788,88808.1689404,3192.518399999244
0,45,completed,88804.9765625,88804.9786455,88808.1857363,3209.173800001736
2,45,completed,88804.9763984,88804.9786776,88808.2022243,3225.8258999936515
1,45,completed,88804.9765006,88804.978746,88808.2182348,3241.734200011706
4,46,completed,88805.0070593,88805.0079163,88808.2344447,3227.385400008643
2,46,completed,88805.0070463,88805.0080798,88808.2504192,3243.372900004033
1,46,completed,88805.0071411,88805.0081733,88808.266755,3259.613900008844
5,46,completed,88805.0183435,88805.0189555,88808.2827987,3264.455199998338
0,47,completed,88805.0378705,88805.0383397,88808.2994963,3261.6257999907248
1,48,completed,88805.0845739,88805.0852909,88808.315559,3230.9850999881746
3,48,completed,88805.0846417,88805.085364,88808.3319867,3247.3449999961304
4,48,completed,88805.0888554,88805.0893979,88808.3482157,3259.3602999986615
3,49,completed,88805.1164303,88805.1169132,88808.3647536,3248.3233000093605
5,49,completed,88805.1244209,88805.1248622,88808.3809956,3256.574700004421
0,50,completed,88805.1473899,88805.1479289,88808.3972606,3249.8707000049762
2,50,completed,88805.1592817,88805.1597075,88808.4132647,3253.982999987784
3,51,completed,88805.1789398,88805.1794324,88808.4293529,3250.4131000023335
2,51,completed,88805.1938806,88805.1943294,88808.4454677,3251.587100006873
1,52,completed,88805.2114693,88805.211912,88808.4615355,3250.0661999947624
4,53,completed,88805.2417835,88805.2422337,88808.4780059,3236.222400009865
5,53,completed,88805.246248,88805.2466622,88808.4943556,3248.1076000112807
0,54,completed,88805.2720434,88805.2725594,88808.510894,3238.850600013393
4,54,completed,88805.2812201,88805.2821781,88808.5273287,3246.10859999666
5,55,completed,88805.3188995,88805.3195533,88808.5435197,3224.6202000096673
1,55,completed,88805.3188832,88805.3195649,88808.5598896,3241.0063999996055
0,56,completed,88805.3506269,88805.3510634,88808.5770768,3226.449899986619
3,56,completed,88805.3515889,88805.3520838,88808.593541,3241.952099997434
2,57,completed,88805.3841361,88805.3847159,88808.6095484,3225.4123000020627
3,57,completed,88805.3865656,88805.3869903,88808.6257636,3239.1979999956675
5,58,completed,88805.4161165,88805.416737,88808.6418405,3225.724000003538
0,58,completed,88805.4212413,88805.4216657,88808.6580548,3236.8134999996983
2,59,completed,88805.447142,88805.4481612,88808.6746678,3227.525800000876
1,59,completed,88805.4558686,88805.4564562,88808.6908322,3234.963599999901
4,60,completed,88805.4784699,88805.4789414,88808.707328,3228.858100002981
2,61,completed,88805.5097477,88805.5106363,88808.7236207,3213.8730000006035
4,61,completed,88805.5098696,88805.5105956,88808.7396444,3229.7747999982676
1,62,completed,88805.5413202,88805.5417581,88808.7556659,3214.3456999910995
5,62,completed,88805.543886,88805.5445779,88808.7718901,3228.0041000049096
0,63,completed,88805.5725648,88805.5732496,88808.7881306,3215.565800011973
3,63,completed,88805.5798935,88805.5807335,88808.8057712,3225.8776999951806
0,64,completed,88805.6043106,88805.6047619,88808.821674,3217.363400006434
1,64,completed,88805.6154478,88805.6159389,88808.8383209,3222.8731000068365
5,65,completed,88805.6516944,88805.652295,88808.8543926,3202.6981999952113
2,65,completed,88805.6515894,88805.6526302,88808.8703521,3218.7626999948407
4,66,completed,88805.683104,88805.6839641,88808.8864752,3203.371199997491
3,66,completed,88805.6861714,88805.6867885,88808.9033285,3217.157100007171
5,67,completed,88805.7148342,88805.7156522,88808.9192176,3204.3834000069182
2,67,completed,88805.7211893,88805.7216055,88808.9353362,3214.1468999907374
3,68,completed,88805.7458254,88805.7463633,88808.9517894,3205.9640000079526
1,68,completed,88805.756137,88805.7571507,88808.9679402,3211.8031999998493
0,69,completed,88805.7763534,88805.7771061,88808.9841207,3207.7673000021605
4,70,completed,88805.8065507,88805.8073379,88809.0004525,3193.9017999975476
0,70,completed,88805.8088486,88805.809359,88809.0163045,3207.4558999884175
5,71,completed,88805.8382233,88805.8389257,88809.0328537,3194.630400001188
1,71,completed,88805.8437505,88805.8442699,88809.0487627,3205.0121999927796
3,72,completed,88805.8843242,88805.8853594,88809.0651024,3180.7781999959843
4,72,completed,88805.8843249,88805.8853422,88809.082238,3197.913099997095
2,72,completed,88805.8969705,88805.8975285,88809.0986787,3201.708199994755
5,73,completed,88805.9166291,88805.917285,88809.1146925,3198.063400006504
3,74,completed,88805.9474902,88805.9482653,88809.1309923,3183.5021000006236
0,74,completed,88805.9501617,88805.9506216,88809.1473569,3197.1951999876183
1,75,completed,88805.9788833,88805.9793602,88809.1633279,3184.4445999886375
4,75,completed,88805.9850706,88805.9858162,88809.1798429,3194.7723000048427
2,76,completed,88806.0098766,88806.010434,88809.195696,3185.819399994216
4,76,completed,88806.0202255,88806.0207023,88809.2119531,3191.7276000021957
1,77,completed,88806.0410179,88806.0414293,88809.2284626,3187.444700000924
5,77,completed,88806.0554698,88806.0558826,88809.2448291,3189.359299998614
0,78,completed,88806.0732405,88806.0736671,88809.2612128,3187.972300002002
3,79,completed,88806.1174187,88806.1180906,88809.2774445,3160.0257999962196
2,79,completed,88806.1175836,88806.11824,88809.293488,3175.9043999918504
4,79,completed,88806.1253663,88806.1258263,88809.3096738,3184.3075000069803
5,80,completed,88806.149419,88806.1498365,88809.326079,3176.660000011907
0,80,completed,88806.1600683,88806.1605326,88809.3423283,3182.2600000014063
1,81,completed,88806.1802707,88806.1806715,88809.3588797,3178.608999995049
2,82,completed,88806.2105334,88806.2111109,88809.3752004,3164.667000004556
3,82,completed,88806.2129061,88806.2136274,88809.3914115,3178.505399991991
4,83,completed,88806.2414778,88806.2420593,88809.4077085,3166.2307000078727
5,83,completed,88806.2478372,88806.2485015,88809.4240319,3176.1946999904467
2,84,completed,88806.2720325,88806.2724487,88809.4406107,3168.578199998592
3,84,completed,88806.2832769,88806.2839791,88809.4569191,3173.642200010363
1,85,completed,88806.3038892,88806.3044549,88809.4734495,3169.5602999971015
0,85,completed,88806.3183558,88806.3189637,88809.4895479,3171.192099995096
3,86,completed,88806.350333,88806.3507775,88809.5060824,3155.7494000007864
5,86,completed,88806.3552048,88806.3556477,88809.5223722,3167.167399995378
0,87,completed,88806.3813483,88806.3817856,88809.5385092,3157.1609000093304
4,87,completed,88806.3900154,88806.3904693,88809.5548153,3164.799899997888
2,88,completed,88806.4121631,88806.412654,88809.5709723,3158.809200001997
1,88,completed,88806.4246915,88806.4251504,88809.5876471,3162.955599997076
0,89,completed,88806.44483,88806.4452361,88809.6045233,3159.6933000109857
5,89,completed,88806.4593783,88806.4598449,88809.6208671,3161.488800004008
1,90,completed,88806.4769401,88806.4774455,88809.6377539,3160.8138000010513
4,91,completed,88806.5069389,88806.5073481,88809.6537414,3146.802500006743
3,91,completed,88806.5120936,88806.5126211,88809.6696028,3157.509199998458
2,92,completed,88806.5375155,88806.5379442,88809.6859154,3148.3999000047334
0,92,completed,88806.5472244,88806.5480575,88809.7025107,3155.286299996078
4,93,completed,88806.584393,88806.5853633,88809.7184476,3134.0545999992173
5,93,completed,88806.5844179,88806.5854144,88809.7346088,3150.1909000071464
1,94,completed,88806.6157082,88806.6165494,88809.7505167,3134.8085000063293
3,94,completed,88806.6176635,88806.6185198,88809.7667887,3149.1251999977976
2,95,completed,88806.6468999,88806.6474394,88809.7828773,3135.9773999865865
0,95,completed,88806.6528476,88806.6534105,88809.79918,3146.3324000069406
2,96,completed,88806.6771711,88806.6776114,88809.8155824,3138.411299994914
4,96,completed,88806.6880223,88806.6885515,88809.8318587,3143.8363999914145
5,97,completed,88806.7078399,88806.7082945,88809.84772,3139.880100003211
3,98,completed,88806.7386225,88806.7390511,88809.8640262,3125.403700003517
1,98,completed,88806.7411982,88806.7417008,88809.8798865,3138.688299994101
2,99,completed,88806.7841252,88806.7849218,88809.896126,3112.000799999805
3,99,completed,88806.7844951,88806.785216,88809.9122007,3127.7055999962613
4,99,completed,88806.7944247,88806.7948592,88809.9283727,3133.9480000024196
5,100,completed,88806.8183768,88806.8188934,88809.9441902,3125.813399994513
1,100,completed,88806.8295354,88806.8302536,88809.9602794,3130.7439999945927
0,101,completed,88806.8489511,88806.8493793,88809.9765291,3127.5779999996303
2,101,completed,88806.8631775,88806.863708,88809.9928903,3129.7128000005614
4,102,completed,88806.8797886,88806.8803901,88810.0087022,3128.913599997759
5,103,completed,88806.9063637,88806.906783,88810.0246875,3118.3237999939593
0,103,completed,88806.9127051,88806.9136767,88810.0410259,3128.320800009533
3,104,completed,88806.9375345,88806.9380219,88810.0570217,3119.4872000050964
1,104,completed,88806.9455545,88806.9460722,88810.0735146,3127.960099998745
1,105,completed,88806.982982,88806.983596,88810.0908557,3107.8736999916146
5,105,completed,88806.983055,88806.9836871,88810.1067126,3123.6575999937486
0,105,completed,88806.9940738,88806.9947393,88810.1232352,3129.1613999928813
3,106,completed,88807.0140888,88807.0145474,88810.1398894,3125.800599998911
2,106,completed,88807.0267709,88807.0274333,88810.156172,3129.401099999086
4,107,completed,88807.0452468,88807.045669,88810.1721038,3126.8569999956526
3,107,completed,88807.0601733,88807.0609509,88810.1882307,3128.0574000120396
0,108,completed,88807.0767493,88807.0772775,88810.2043272,3127.577899998869
4,109,completed,88807.1174045,88807.1178808,88810.2202337,3102.829200011911
1,109,completed,88807.1181763,88807.1185741,88810.2364264,3118.250100000296
5,110,completed,88807.1378944,88807.1384347,88810.2525225,3114.62809999648
2,110,completed,88807.140817,88807.1413153,88810.2690415,3128.224499989301
0,111,completed,88807.1848163,88807.1855442,88810.2852753,3100.4590000084136
2,111,completed,88807.1849121,88807.1856802,88810.3020165,3117.10440000752
3,112,completed,88807.2154008,88807.2160125,88810.3183447,3102.9438999976264
1,112,completed,88807.2154749,88807.2160809,88810.3345443,3119.0693999960786
4,112,completed,88807.2213549,88807.2218674,88810.3504825,3129.127599997446
5,113,completed,88807.2460699,88807.2464972,88810.3667107,3120.640799999819
4,113,completed,88807.2535942,88807.2540931,88810.3830243,3129.4301000016276
5,114,completed,88807.2776541,88807.2781068,88810.3993037,3121.649599997909
3,114,completed,88807.2860815,88807.2866799,88810.415481,3129.3995000014547
1,115,completed,88807.3098078,88807.3104119,88810.4323824,3122.574599998188
0,115,completed,88807.3185042,88807.3191555,88810.4484713,3129.9671000015223
2,116,completed,88807.3452781,88807.3458521,88810.4647314,3119.4533000088995
1,116,completed,88807.350761,88807.3512572,88810.4808359,3130.0749000074575
2,117,completed,88807.3762083,88807.3766364,88810.4977046,3121.49629999476
3,117,completed,88807.3834605,88807.3842483,88810.5137899,3130.3293999953894
0,118,completed,88807.4072792,88807.4078189,88810.5298564,3122.577200003434
4,118,completed,88807.4162799,88807.4168823,88810.5457274,3129.4474999886006
5,119,completed,88807.4383066,88807.4388597,88810.5621369,3123.830299999099
3,119,completed,88807.4493296,88807.4502071,88810.578171,3128.841400000965
4,120,completed,88807.4846509,88807.485769,88810.5949398,3110.288899988518
5,120,completed,88807.4847838,88807.485932,88810.611202,3126.4182000013534
1,120,completed,88807.498387,88807.4991723,88810.6274491,3129.0620999934617
2,121,completed,88807.5157759,88807.5163895,88810.6435141,3127.738199997111
0,122,completed,88807.5472327,88807.5478359,88810.6600088,3112.7760999952443
0,123,completed,88807.5780929,88807.5788175,88810.6758109,3097.7179999899818
1,123,completed,88807.5780693,88807.5788795,88810.6916414,3113.5721000027843
5,123,completed,88807.5802871,88807.5809484,88810.7078459,3127.558799998951
2,124,completed,88807.609467,88807.6099892,88810.7242661,3114.799100003438
3,124,completed,88807.6130429,88807.6138778,88810.7404661,3127.423199999612
4,125,completed,88807.6404082,88807.6408322,88810.7566902,3116.282000002684
5,125,completed,88807.6463719,88807.6468941,88810.772781,3126.409100004821
0,126,completed,88807.6719796,88807.6725002,88810.7886978,3116.7182000062894
1,126,completed,88807.6789258,88807.6795031,88810.8051747,3126.248899992788
2,127,completed,88807.7177177,88807.7184712,88810.8212285,3103.510800006916
4,127,completed,88807.7177576,88807.7184821,88810.8372773,3119.519700005185
3,127,completed,88807.7274841,88807.7281073,88810.8535058,3126.0216999944532
3,128,completed,88807.7482893,88807.7489104,88810.8701279,3121.8385999964084
4,128,completed,88807.7600848,88807.7606959,88810.886247,3126.1622000019997
0,129,completed,88807.7803804,88807.7808188,88810.9024438,3122.0634000055725
5,129,completed,88807.7927622,88807.7933935,88810.9184591,3125.6968999950914
1,130,completed,88807.8109172,88807.8116587,88810.9345732,3123.6559999961173
2,130,completed,88807.8255191,88807.8261117,88810.9510808,3125.561699998798
3,131,completed,88807.8422773,88807.8427947,88810.9675741,3125.296799989883
1,132,completed,88807.8729403,88807.8735781,88810.9833435,3110.4032000002917
0,132,completed,88807.8751376,88807.8757606,88810.9995783,3124.440700004925
4,133,completed,88807.9044126,88807.9048573,88811.0157414,3111.32880000514
5,133,completed,88807.9074724,88807.9082226,88811.0322025,3124.73010001122
0,134,completed,88807.9515324,88807.9521245,88811.0482677,3096.7353000014555
2,134,completed,88807.9516313,88807.9523409,88811.0645901,3112.9587999894284
5,134,completed,88807.9562682,88807.9568753,88811.080811,3124.5428000111133
3,135,completed,88807.9826015,88807.9830232,88811.0979865,3115.3849999973318
2,135,completed,88807.9891712,88807.9897038,88811.1139887,3124.817500007339
4,136,completed,88808.0139654,88808.0144876,88811.1304679,3116.5025000082096
1,136,completed,88808.021517,88808.0220021,88811.1467772,3125.2602000022307
4,137,completed,88808.0446604,88808.0450957,88811.1626168,3117.956399990362
5,137,completed,88808.0540678,88808.0546327,88811.1785981,3124.5303000032436
0,138,completed,88808.0762756,88808.0767073,88811.1943101,3118.0345000029774
1,138,completed,88808.0873626,88808.0883135,88811.2106142,3123.251600001822
3,139,completed,88808.1078421,88808.1082578,88811.226466,3118.623899994418
2,139,completed,88808.1201807,88808.1207124,88811.2430557,3122.8750000009313
5,140,completed,88808.138687,88808.1390655,88811.2588881,3120.201099998667
3,140,completed,88808.1531369,88808.1536416,88811.2750993,3121.9623999932082
4,141,completed,88808.1702108,88808.1707387,88811.2914246,3121.2137999973493
2,142,completed,88808.2165282,88808.2172412,88811.3076771,3091.148899999098
0,142,completed,88808.2165418,88808.2172322,88811.3237112,3107.1694000129355
1,142,completed,88808.2185213,88808.21898,88811.3395649,3121.043599996483
4,143,completed,88808.2474735,88808.2479771,88811.3552594,3107.785900007002
2,143,completed,88808.2506634,88808.25116,88811.3714274,3120.7639999920502
1,144,completed,88808.2791431,88808.279568,88811.3876211,3108.4780000091996
5,144,completed,88808.2830712,88808.2838552,88811.404053,3120.9818000061205
0,145,completed,88808.3102028,88808.3108463,88811.4202551,3110.0523000059184
1,145,completed,88808.3158123,88808.3163176,88811.4364531,3120.640799999819
3,146,completed,88808.341324,88808.3417646,88811.4527903,3111.4663000043947
4,146,completed,88808.3484666,88808.3489646,88811.4691956,3120.7290000020294
3,147,completed,88808.3726283,88808.3731481,88811.4855709,3112.942599997041
5,147,completed,88808.3813459,88808.3819215,88811.5018715,3120.5256000102963
0,148,completed,88808.4187166,88808.4193178,88811.5175801,3098.8634999957867
2,148,completed,88808.4187535,88808.4195778,88811.5342807,3115.527200003271
2,149,completed,88808.449744,88808.450577,88811.5504783,3100.734300009208
3,149,completed,88808.4497811,88808.4508289,88811.5662257,3116.444599989336
1,149,completed,88808.4617798,88808.4627167,88811.5825459,3120.7661000080407
4,150,completed,88808.4802763,88808.480882,88811.5993289,3119.0525999991223
5,150,completed,88808.4946041,88808.4954191,88811.615799,3121.1949000135064
0,151,completed,88808.5111191,88808.5118749,88811.631976,3120.8569000009447
4,152,completed,88808.5416083,88808.5420853,88811.6477836,3106.1752999958117
5,152,completed,88808.5437387,88808.544347,88811.6639175,3120.1788000034867
1,153,completed,88808.5721841,88808.5727351,88811.6802042,3108.020100000431
0,153,completed,88808.5773253,88808.577988,88811.6963789,3119.053600006737
3,154,completed,88808.6042709,88808.6047902,88811.7121531,3107.88219999813
2,154,completed,88808.6097849,88808.610449,88811.7283196,3118.5346999991452
5,155,completed,88808.651387,88808.6522061,88811.7443818,3092.994799997541
3,155,completed,88808.6514634,88808.6522514,88811.7602267,3108.7632999988273
0,155,completed,88808.6582955,88808.6589135,88811.7760761,3117.7805999905104
2,156,completed,88808.6822878,88808.6827754,88811.7926998,3110.4120000090916
1,156,completed,88808.6910208,88808.6915461,88811.808483,3117.4621999962255
4,157,completed,88808.7143592,88808.7147559,88811.8246261,3110.266899995622
2,157,completed,88808.7238304,88808.7243535,88811.840954,3117.123599993647
4,158,completed,88808.7464575,88808.7469177,88811.8573045,3110.8469999890076
1,158,completed,88808.7559614,88808.756476,88811.8737558,3117.794399993727
5,159,completed,88808.7783786,88808.7788907,88811.8897755,3111.396899999818
0,159,completed,88808.788409,88808.7894978,88811.9059875,3117.5784999941243
3,160,completed,88808.8102175,88808.8107227,88811.9218738,3111.656300010509
0,160,completed,88808.822016,88808.8229413,88811.9383626,3116.346599999815
1,161,completed,88808.8410592,88808.84153,88811.9542378,3113.1786000041757
5,161,completed,88808.8546246,88808.8552511,88811.9701989,3115.5742999981157
2,162,completed,88808.8726477,88808.8733151,88811.9861432,3113.4955000015907
4,162,completed,88808.8867859,88808.8875261,88812.0026601,3115.8741999970516
3,163,completed,88808.9183292,88808.9188525,88812.0184831,3100.153899998986
5,163,completed,88808.9193951,88808.9200558,88812.0350561,3115.660999988904
2,164,completed,88808.9492601,88808.9498667,88812.0510074,3101.7473000101745
3,164,completed,88808.9519914,88808.9525928,88812.0671052,3115.113799998653
1,165,completed,88808.980646,88808.9810882,88812.0832059,3102.559899998596
0,165,completed,88808.9843493,88808.9849406,88812.1001936,3115.844300002209
4,166,completed,88809.0113464,88809.0119511,88812.1163002,3104.953799993382
0,166,completed,88809.0165612,88809.0171949,88812.1328102,3116.2489999987883
5,167,completed,88809.0425655,88809.0431091,88812.1488919,3106.3263999967603
1,167,completed,88809.0490229,88809.0495109,88812.1648848,3115.8619000052568
3,168,completed,88809.0742434,88809.0747965,88812.1807295,3106.486100004986
4,168,completed,88809.082549,88809.0834217,88812.1968363,3114.2873000062536
2,169,completed,88809.1054077,88809.1058999,88812.2131987,3107.79100000218
5,169,completed,88809.1149212,88809.1154106,88812.2293217,3114.4004999950994
3,170,completed,88809.1517521,88809.1524204,88812.2451168,3093.3646999910707
0,170,completed,88809.1518051,88809.1524656,88812.2613644,3109.5592999918154
1,170,completed,88809.1635734,88809.1640688,88812.2774895,3113.9161000028253
4,171,completed,88809.1830623,88809.1835346,88812.2940981,3111.0358000005363
2,171,completed,88809.1959541,88809.1964621,88812.3102799,3114.3258000083733
4,172,completed,88809.2137931,88809.214332,88812.3263624,3112.569299992174
1,172,completed,88809.2286962,88809.2293814,88812.3421281,3113.431899997522
5,173,completed,88809.2450398,88809.2456552,88812.3585502,3113.5104000131832
0,174,completed,88809.2761371,88809.2766198,88812.3750418,3098.9047000039136
3,174,completed,88809.2776273,88809.2782054,88812.391299,3113.6716999899363
2,175,completed,88809.3062995,88809.3067567,88812.4077904,3101.490900007775
4,175,completed,88809.3098813,88809.3104472,88812.424321,3114.439700002549
5,176,completed,88809.3371094,88809.3375353,88812.4405178,3103.408399998443
0,176,completed,88809.3425676,88809.3431673,88812.4570449,3114.477299997816
2,177,completed,88809.3829662,88809.3836014,88812.4731705,3090.2042999950936
1,177,completed,88809.3830168,88809.3836988,88812.4892303,3106.213499995647
3,177,completed,88809.3917385,88809.3924021,88812.5051606,3113.4221000102116
4,178,completed,88809.41342,88809.4138953,88812.5212046,3107.784599997103
5,178,completed,88809.4243284,88809.4249889,88812.5375923,3113.263899998856
2,179,completed,88809.4443943,88809.4448807,88812.5535978,3109.2035000037868
3,179,completed,88809.4572616,88809.4580551,88812.5696909,3112.4293000029866
1,180,completed,88809.4751311,88809.4755769,88812.5855936,3110.462500000722
0,180,completed,88809.489823,88809.4906088,88812.6027474,3112.924400003976
3,181,completed,88809.5063554,88809.507011,88812.618936,3112.580600005458
5,182,completed,88809.5377998,88809.5383225,88812.6352873,3097.487499995623
0,182,completed,88809.5387345,88809.5393348,88812.6514644,3112.7298999927007
4,183,completed,88809.5834853,88809.5842772,88812.6674848,3083.999499998754
2,183,completed,88809.5834686,88809.5842747,88812.6834102,3099.941599997692
1,183,completed,88809.5878961,88809.5886767,88812.6996057,3111.7096000089077
0,184,completed,88809.6143715,88809.6148665,88812.7160084,3101.6368999989936
5,184,completed,88809.6210888,88809.6220847,88812.7319988,3110.9099999885075
1,185,completed,88809.6451769,88809.6456604,88812.7481322,3102.95529999712
4,185,completed,88809.6539574,88809.6545573,88812.7642099,3110.252499987837
3,186,completed,88809.6759762,88809.6764068,88812.7803227,3104.346499996609
2,186,completed,88809.6862317,88809.6869637,88812.7965764,3110.3446999914013
0,187,completed,88809.7069358,88809.7076504,88812.8127236,3105.7877999992343
4,187,completed,88809.718671,88809.7193582,88812.8289032,3110.2322000078857
5,188,completed,88809.7374378,88809.7378454,88812.8449063,3107.46850000578
1,188,completed,88809.7507511,88809.7513505,88812.8613183,3110.567199997604
3,189,completed,88809.78406,88809.7846803,88812.8772261,3093.1660999922315
2,189,completed,88809.7840314,88809.7847116,88812.8931768,3109.145399997942
0,190,completed,88809.8148133,88809.8156992,88812.9094759,3094.662599993171
2,190,completed,88809.8158749,88809.8165232,88812.9258803,3110.0053999980446
4,191,completed,88809.8451166,88809.8457106,88812.9418219,3096.7053000058513
5,191,completed,88809.8480242,88809.8486232,88812.9580459,3110.0217000057455
3,192,completed,88809.8769893,88809.8774229,88812.9739922,3097.0029000018258
1,192,completed,88809.880197,88809.8807977,88812.9902969,3110.0998999900185
2,193,completed,88809.9081775,88809.908807,88813.0066372,3098.4597000060603
3,193,completed,88809.9124314,88809.9130344,88813.022643,3110.211600011098
4,194,completed,88809.9393586,88809.9398166,88813.038656,3099.2974000109825
5,194,completed,88809.9444461,88809.9449754,88813.0546177,3110.1716000121087
1,195,completed,88809.9707297,88809.9712568,88813.0706525,3099.9228000000585
0,195,completed,88809.9767889,88809.9772893,88813.0868114,3110.022499997285
4,196,completed,88810.0168761,88810.017615,88813.103408,3086.531900000409
2,196,completed,88810.0169594,88810.0176736,88813.1195238,3102.5643999892054
5,196,completed,88810.0249402,88810.0254799,88813.1357022,3110.761999996612
0,197,completed,88810.0481952,88810.04864,88813.1518131,3103.617900007521
3,197,completed,88810.0572859,88810.0577411,88813.1677891,3110.5032000050414
1,198,completed,88810.0790791,88810.079807,88813.1839873,3104.908199995407
1,199,completed,88810.1106225,88810.1113445,88813.2011097,3090.4872000101022
5,199,completed,88810.1106613,88810.1113993,88813.217053,3106.3916999992216
0,199,completed,88810.1234994,88810.1240946,88813.2333194,3109.8199999978533
3,200,completed,88810.1410999,88810.1414868,88813.2491055,3108.005599991884
2,201,completed,88810.1717777,88810.1722446,88813.2651075,3093.3298000018112
4,201,completed,88810.1724213,88810.1728925,88813.281134,3108.7127000064356
3,202,completed,88810.2184021,88810.2190921,88813.2971797,3078.7776000070153
0,202,completed,88810.2184923,88810.2191537,88813.3131372,3094.644900003914
4,202,completed,88810.2204843,88810.2210101,88813.3294867,3109.0023999859113
1,203,completed,88810.2492894,88810.2496828,88813.3453577,3096.068300001207
5,203,completed,88810.2527835,88810.2532223,88813.3618001,3109.0166000067256
2,204,completed,88810.2800425,88810.2804153,88813.3777494,3097.7068999927724
0,204,completed,88810.2855543,88810.2861324,88813.3937348,3108.1804999994347
2,205,completed,88810.3106377,88810.3111005,88813.4098153,3099.177600000985
3,205,completed,88810.3186283,88810.3190959,88813.4259639,3107.3355999978958
1,206,completed,88810.3428761,88810.3432756,88813.4422687,3099.3926000082865
4,206,completed,88810.3507625,88810.3513739,88813.4580799,3107.3173999902792
5,207,completed,88810.3736325,88810.3742384,88813.4744627,3100.83019999729
4,207,completed,88810.383318,88810.3839417,88813.4906404,3107.3224000138
5,208,completed,88810.4054796,88810.4059278,88813.5066542,3101.174600000377
3,208,completed,88810.4157536,88810.4163007,88813.5229242,3107.170600007521
1,209,completed,88810.4516239,88810.4523293,88813.5393929,3087.76900000521
0,209,completed,88810.4516556,88810.4523776,88813.5551593,3103.5036999965087
2,209,completed,88810.4649685,88810.4654349,88813.571557,3106.5884999989066
1,210,completed,88810.4825817,88810.4829049,88813.5875768,3104.99510000227
2,211,completed,88810.5134455,88810.5138267,88813.6049252,3091.479700000491
3,211,completed,88810.5139973,88810.5143992,88813.620858,3106.860699990648
0,212,completed,88810.5449315,88810.5453867,88813.63707,3092.1384999965085
4,212,completed,88810.5459491,88810.5465449,88813.6534687,3107.5196000019787
5,213,completed,88810.5756975,88810.5760458,88813.6693914,3093.6939000093844
3,213,completed,88810.5783927,88810.5787789,88813.6852238,3106.8310999980895
4,214,completed,88810.6064879,88810.6072064,88813.7019755,3095.487599988701
5,214,completed,88810.6114281,88810.6120301,88813.7181575,3106.729399994947
1,215,completed,88810.6370039,88810.6374356,88813.7341601,3097.1561999904225
2,215,completed,88810.6437668,88810.6443827,88813.7502414,3106.4746000047307
0,216,completed,88810.684077,88810.6857497,88813.7667903,3082.7132999984315
1,216,completed,88810.6918896,88810.6926421,88813.7830013,3091.111700006877
0,217,completed,88810.7143841,88810.7149826,88813.7995226,3085.1384999987204
5,217,completed,88810.7145374,88810.7151073,88813.8156256,3101.0881999973208
2,217,completed,88810.7244997,88810.7249747,88813.8320007,3107.5010000058683
3,218,completed,88810.7452268,88810.7456214,88813.8479404,3102.7135999902384
4,218,completed,88810.7569961,88810.7576024,88813.8642602,3107.2641000064323
5,219,completed,88810.7766614,88810.7771343,88813.8800988,3103.437400000985
0,219,completed,88810.7889704,88810.7897212,88813.8964987,3107.528300010017
1,220,completed,88810.8070089,88810.8073953,88813.9125084,3105.499500001315
2,220,completed,88810.8214793,88810.8220749,88813.9287695,3107.2902000014437
4,221,completed,88810.8387815,88810.8392861,88813.9446981,3105.916599990451
3,221,completed,88810.8537573,88810.8542447,88813.9609759,3107.218599994667
3,222,completed,88810.870426,88810.8710751,88813.9771822,3106.7562000098405
0,223,completed,88810.9180306,88810.9186806,88813.9933831,3075.352499989094
4,223,completed,88810.9181177,88810.9187686,88814.0097511,3091.6334000066854
5,223,completed,88810.9188064,88810.9193714,88814.0254629,3106.6564999928232
1,224,completed,88810.9489474,88810.9495432,88814.0419425,3092.9950999998255
2,224,completed,88810.9513157,88810.951781,88814.0578383,3106.5225999918766
3,225,completed,88810.980122,88810.9805351,88814.0738647,3093.742700002622
1,225,completed,88810.9836114,88810.9842713,88814.0901495,3106.538099993486
0,226,completed,88811.0112071,88811.0115977,88814.1070076,3095.8004999993136
4,226,completed,88811.0160619,88811.017091,88814.1232472,3107.1853000030387
5,227,completed,88811.0423669,88811.0427641,88814.1396694,3097.3024999984773
0,227,completed,88811.0485515,88811.049013,88814.1559744,3107.422899993253
2,228,completed,88811.0735217,88811.0739357,88814.172195,3098.6733000027016
5,228,completed,88811.0810851,88811.0816109,88814.1883024,3107.21729999932
3,229,completed,88811.1044766,88811.1048568,88814.2043419,3099.8652999987826
2,229,completed,88811.1142723,88811.1149262,88814.2201476,3105.8753000106663
1,230,completed,88811.1515351,88811.1523483,88814.2362949,3084.759799996391
4,230,completed,88811.1515309,88811.152346,88814.2522383,3100.7074000081047
4,231,completed,88811.1823403,88811.183,88814.2686534,3086.3130999932764
5,231,completed,88811.1824233,88811.1831197,88814.2844226,3101.999300008174
0,231,completed,88811.1945939,88811.195417,88814.300537,3105.94310000306
1,232,completed,88811.2127957,88811.2133235,88814.3168185,3104.022799991071
3,232,completed,88811.2267396,88811.2272924,88814.3338386,3107.099000000744
2,233,completed,88811.2442393,88811.2445802,88814.3496425,3105.403200010187
5,233,completed,88811.2591512,88811.2598581,88814.3662995,3107.148299997789
3,234,completed,88811.275387,88811.276235,88814.3827053,3107.3182999971323
4,235,completed,88811.3058088,88811.3061637,88814.3988729,3093.0641000013566
2,235,completed,88811.3078745,88811.3083648,88814.4148925,3107.0180000097025
1,236,completed,88811.35247,88811.3530703,88814.4311957,3078.725700004725
0,236,completed,88811.3525218,88811.3532851,88814.4471336,3094.6117999992566
4,236,completed,88811.3554928,88811.3560053,88814.4631626,3107.669800010626
2,237,completed,88811.3832834,88811.3837229,88814.4793236,3096.0401999909664
1,237,completed,88811.3878685,88811.3884478,88814.4950776,3107.2091000096407
5,238,completed,88811.4147089,88811.41516,88814.5116991,3096.990199992433
0,238,completed,88811.4204865,88811.4209276,88814.5274772,3106.9906999910017
1,239,completed,88811.4458884,88811.4464017,88814.5439189,3098.0304999975488
3,239,completed,88811.4530078,88811.4536254,88814.5599602,3106.952400004957
4,240,completed,88811.4761085,88811.4764813,88814.5764444,3100.33589998784
3,240,completed,88811.485853,88811.4865374,88814.592599,3106.7459999903804
5,241,completed,88811.5077745,88811.5082048,88814.6092579,3101.483399994322
0,241,completed,88811.5178376,88811.5191339,88814.6255514,3107.713799996418
2,242,completed,88811.5387892,88811.5392355,88814.6416648,3102.8756000014255
3,243,completed,88811.5699852,88811.570611,88814.6578897,3087.9045000037877
2,243,completed,88811.5700422,88811.5706723,88814.6738714,3103.8292000012007
1,243,completed,88811.5828064,88811.5832475,88814.6898496,3107.043200012413
4,243,completed,88811.5995632,88811.6002745,88814.7056208,3106.0576000018045
5,244,completed,88811.6170153,88811.6174193,88814.721469,3104.4536999979755
0,245,completed,88811.6474927,88811.6479583,88814.7374048,3089.9121000111336
4,245,completed,88811.6481403,88811.6487008,88814.7534227,3105.282399992575
5,246,completed,88811.678285,88811.6792123,88814.7698597,3091.574699996272
1,246,completed,88811.680427,88811.6810425,88814.7859177,3105.490700007067
0,247,completed,88811.7088446,88811.709288,88814.802108,3093.263400005526
3,247,completed,88811.7123629,88811.7127996,88814.8182275,3105.8646000019507
2,248,completed,88811.7400348,88811.7404343,88814.8346664,3094.6316000045044
5,248,completed,88811.7446661,88811.7452308,88814.8507447,3106.078600001638
3,249,completed,88811.7706815,88811.7710803,88814.8672914,3096.6099000070244
0,249,completed,88811.7762623,88811.7768436,88814.8831392,3106.8768999975873
2,250,completed,88811.8164554,88811.817133,88814.8992415,3082.786099999794
1,250,completed,88811.816429,88811.8171067,88814.9154575,3099.0285000007134
4,250,completed,88811.8249438,88811.8254901,88814.9323088,3107.3649999889312
2,251,completed,88811.8478279,88811.8483777,88814.948079,3100.2510999969672
4,251,completed,88811.8575674,88811.8582016,88814.9639617,3106.3943000044674
1,252,completed,88811.8791301,88811.8795154,88814.9799021,3100.772000005236
5,252,completed,88811.8900741,88811.8908007,88814.9958181,3105.7440000004135
0,253,completed,88811.9104197,88811.910796,88815.0122199,3101.8002000055276
3,253,completed,88811.9221407,88811.922842,88815.0284991,3106.3583999930415
0,254,completed,88811.9411635,88811.9415063,88815.0446991,3103.5356000065804
1,254,completed,88811.9545564,88811.9550938,88815.060782,3106.225600000471
5,255,completed,88811.9725012,88811.972904,88815.0776454,3105.1442000025418
2,255,completed,88811.9863993,88811.9869715,88815.0937629,3107.363599992823
4,256,completed,88812.0038104,88812.0042519,88815.1106166,3106.8061999976635
3,256,completed,88812.0188389,88812.0196043,88815.1272704,3108.4315000043716
5,257,completed,88812.0492182,88812.0497015,88815.1434021,3094.183900000644
2,257,completed,88812.051242,88812.0518225,88815.1595796,3108.3376000024145
3,258,completed,88812.0822491,88812.0828309,88815.1755003,3093.2511999999406
1,258,completed,88812.0834158,88812.0838389,88815.1916576,3108.24179998599
0,259,completed,88812.1137255,88812.114145,88815.2081141,3094.388599987724
4,259,completed,88812.1165641,88812.1173155,88815.2239059,3107.34180000145
0,260,completed,88812.1448104,88812.1452491,88815.2399823,3095.171900000423
5,260,completed,88812.1491157,88812.1496504,88815.2562521,3107.13640000904
1,261,completed,88812.1760643,88812.1764369,88815.2723558,3096.2914999981876
3,261,completed,88812.1809788,88812.1815431,88815.288422,3107.443200002308
4,262,completed,88812.2067869,88812.2072798,88815.3048949,3098.1079999910435
2,262,completed,88812.2134649,88812.2141425,88815.3208761,3107.411199991475
5,263,completed,88812.2377099,88812.2380638,88815.3374341,3099.7242000012193
3,263,completed,88812.2453487,88812.2459209,88815.3538066,3108.4579000016674
0,264,completed,88812.2776186,88812.2784153,88815.3702577,3092.639099995722
1,264,completed,88812.2778155,88812.2786959,88815.386562,3108.746500001871
4,265,completed,88812.309582,88812.31005,88815.4032846,3093.702600002871
2,265,completed,88812.3105578,88812.3112072,88815.4195121,3108.954299998004
4,266,completed,88812.3409148,88812.341454,88815.4361155,3095.20069998689
1,266,completed,88812.3423314,88812.3430454,88815.4522874,3109.9560000002384
5,267,completed,88812.3712558,88812.3717087,88815.4684653,3097.2095000033733
0,267,completed,88812.3753568,88812.3761736,88815.4845209,3109.164100009366
3,268,completed,88812.4088829,88812.4099195,88815.5007376,3091.8547000037506
2,268,completed,88812.4088665,88812.4099814,88815.5165633,3107.696799997939
5,269,completed,88812.4408063,88812.441877,88815.5325169,3091.7105999978958
4,269,completed,88812.4407436,88812.4417023,88815.548531,3107.78739998932
0,270,completed,88812.4726603,88812.4731002,88815.5646915,3092.0311999943806
2,270,completed,88812.4734208,88812.4740419,88815.5807551,3107.334300002549
3,271,completed,88812.5143619,88812.514972,88815.5971558,3082.793900000979
1,271,completed,88812.5143423,88812.5149676,88815.6136713,3099.329000004218
4,271,completed,88812.5214871,88812.5220364,88815.6300973,3108.6101999972016
5,272,completed,88812.5462616,88812.546712,88815.6464023,3100.1407000003383
2,272,completed,88812.553902,88812.5545302,88815.6620415,3108.1395000073826
3,273,completed,88812.5770098,88812.5774122,88815.6785146,3101.504799997201
1,273,completed,88812.5867528,88812.5875454,88815.6945829,3107.8301000088686
0,274,completed,88812.6088261,88812.6093495,88815.7107047,3101.8786000058753
3,274,completed,88812.6192112,88812.6198344,88815.7270152,3107.8039999993052
5,275,completed,88812.6401229,88812.6404958,88815.7429354,3102.812500001164
0,275,completed,88812.6517568,88812.6524325,88815.7590408,3107.2839999978896
4,276,completed,88812.6715686,88812.6720857,88815.7749722,3103.4036000055494
2,276,completed,88812.6836816,88812.6842047,88815.7909783,3107.296700007282
0,277,completed,88812.717697,88812.7182585,88815.8077095,3090.012500004377
1,277,completed,88812.7177382,88812.7183246,88815.8237106,3105.972400007886
5,277,completed,88812.7322492,88812.7328529,88815.8398809,3107.6317000115523
1,278,completed,88812.7488687,88812.7493141,88815.8559336,3107.0649000030244
4,279,completed,88812.7799167,88812.7803286,88815.8718525,3091.9357999955537
3,279,completed,88812.7805918,88812.7810794,88815.8888727,3108.2809000072302
2,280,completed,88812.8112973,88812.8119624,88815.9057102,3094.412899998133
0,280,completed,88812.8129449,88812.8134248,88815.9219874,3109.042500000214
4,281,completed,88812.8418608,88812.8422732,88815.9383751,3096.5142999921227
5,281,completed,88812.8451508,88812.8457767,88815.9545332,3109.3823999981396
1,282,completed,88812.8733411,88812.8738823,88815.971378,3098.0369000026258
3,282,completed,88812.8775034,88812.8780831,88815.9875942,3110.090800008038
2,283,completed,88812.9040917,88812.9044899,88816.0048109,3100.7192000106443
0,283,completed,88812.9096898,88812.9102584,88816.0212005,3111.510700007784
2,284,completed,88812.9516503,88812.952256,88816.0373388,3085.68849999574
4,284,completed,88812.9517257,88812.9523831,88816.0533739,3101.648199997726
5,284,completed,88812.9582793,88812.9588755,88816.0697017,3111.4224000048125
3,285,completed,88812.9826527,88812.9831013,88816.0861373,3103.484599996591
1,285,completed,88812.9905321,88812.9913799,88816.1028247,3112.292600009823
2,286,completed,88813.0131396,88813.0136861,88816.119461,3106.3213999877917
3,286,completed,88813.0228822,88813.0235271,88816.1356486,3112.7663999941433
4,287,completed,88813.0442744,88813.0446559,88816.1517091,3107.4346999957925
5,287,completed,88813.0548389,88813.0554471,88816.1678043,3112.9653999960283
1,288,completed,88813.0757757,88813.0761517,88816.1839413,3108.165600002394
0,288,completed,88813.0876545,88813.0884391,88816.199973,3112.31849998876
4,289,completed,88813.1062037,88813.1065834,88816.2160259,3109.8222000000533
2,289,completed,88813.1198282,88813.1204935,88816.2321746,3112.3463999974774
5,290,completed,88813.1373086,88813.1378304,88816.2482021,3110.8935000083875
0,290,completed,88813.1520392,88813.152667,88816.2645888,3112.5496000022395
3,291,completed,88813.1837502,88813.1843094,88816.2804007,3096.6504999960307
1,291,completed,88813.1843609,88813.1855148,88816.296346,3111.985099996673
1,292,completed,88813.2152196,88813.2156781,88816.3124676,3097.248000005493
5,292,completed,88813.2172361,88813.2178045,88816.3289996,3111.7634999973234
0,293,completed,88813.2464103,88813.246884,88816.3448959,3098.485599999549
3,293,completed,88813.2493338,88813.2499078,88816.3611942,3111.86039999302
2,294,completed,88813.2777148,88813.278125,88816.3773153,3099.600499990629
4,294,completed,88813.2813957,88813.2819531,88816.3934706,3112.0748999965144
3,295,completed,88813.3087322,88813.3091644,88816.4092557,3100.5234999902314
0,295,completed,88813.3133616,88813.3139416,88816.4252142,3111.8526000063866
4,296,completed,88813.3397861,88813.3401976,88816.441234,3101.447900000494
1,296,completed,88813.345586,88813.3463456,88816.4572855,3111.699500004761
5,297,completed,88813.3708975,88813.3713263,88816.4731927,3102.295199991204
2,297,completed,88813.3780257,88813.3786257,88816.4895549,3111.529200003133
2,298,completed,88813.4181023,88813.4187444,88816.5055206,3087.4182999978075
0,298,completed,88813.418069,88813.4187668,88816.5219408,3103.871799990884
3,298,completed,88813.4262326,88813.4268646,88816.538215,3111.9823999906657
1,299,completed,88813.4497439,88813.4502947,88816.5548457,3105.1017999998294
4,299,completed,88813.45839,88813.4589571,88816.5722751,3113.8850999996066
5,300,completed,88813.4801223,88813.4805485,88816.5889575,3108.8352000078885
4,301,completed,88813.5133673,88813.5142201,88816.6054384,3092.0711000071606
5,301,completed,88813.513447,88813.5143273,88816.6223247,3108.8776999968104
3,301,completed,88813.5231905,88813.524206,88816.6389334,3115.742900001351
1,302,completed,88813.5447169,88813.5451032,88816.6553865,3110.6696000060765
0,302,completed,88813.5553918,88813.5559869,88816.6716021,3116.2103000096977
2,303,completed,88813.5758431,88813.5762539,88816.6880997,3112.256599997636
1,303,completed,88813.5878497,88813.5884951,88816.704308,3116.458300006343
2,304,completed,88813.6061986,88813.6065373,88816.7205304,3114.3317999958526
3,304,completed,88813.6211141,88813.6216968,88816.7372903,3116.176200011978
0,305,completed,88813.6373039,88813.6379242,88816.75316,3115.8560999901965
4,306,completed,88813.6727902,88813.6735392,88816.7698418,3097.0516000088537
5,306,completed,88813.6728616,88813.673591,88816.7866246,3113.7630000011995
3,306,completed,88813.6855162,88813.6863453,88816.8035678,3118.051600002218
4,307,completed,88813.7040965,88813.7044856,88816.8192714,3115.1748999982374
5,307,completed,88813.7184328,88813.7190282,88816.8361761,3117.743299997528
2,308,completed,88813.7505585,88813.7514207,88816.8521111,3101.552599997376
1,308,completed,88813.7504512,88813.7514222,88816.8683009,3117.849699992803
0,309,completed,88813.7817118,88813.782086,88816.884271,3102.5592000078177
1,309,completed,88813.7832622,88813.7841029,88816.9005361,3117.273900003056
0,310,completed,88813.8135206,88813.8138781,88816.9163349,3102.8143000003183
5,310,completed,88813.8158265,88813.8163727,88816.9327464,3116.9198999996297
2,311,completed,88813.8453346,88813.8457599,88816.9485892,3103.2545999914873
3,311,completed,88813.848171,88813.8487602,88816.9649587,3116.787699997076
4,312,completed,88813.877012,88813.8774076,88816.9806605,3103.6485000076937
5,312,completed,88813.8803763,88813.881077,88816.9970847,3116.708399989875
0,313,completed,88813.908097,88813.9086692,88817.013327,3105.229999986477
1,313,completed,88813.9127703,88813.9133569,88817.0293469,3116.576600004919
2,314,completed,88813.9384146,88813.9388011,88817.045536,3107.1214000112377
4,314,completed,88813.9449637,88813.9455484,88817.0614716,3116.50789999112
3,315,completed,88813.9851411,88813.985629,88817.0776113,3092.4702000047546
0,315,completed,88813.9936333,88813.9943338,88817.093823,3100.1897000096506
4,316,completed,88814.0155314,88814.0162362,88817.1094956,3093.96420000121
3,316,completed,88814.0155013,88814.0162594,88817.1263952,3110.8938999968814
5,316,completed,88814.0257265,88814.0264261,88817.1423002,3116.5736999973888
1,317,completed,88814.0462887,88814.0467311,88817.1582946,3112.0058999949833
2,317,completed,88814.0581276,88814.058746,88817.1742861,3116.1584999936167
3,318,completed,88814.0774629,88814.0778314,88817.1900375,3112.574600003427
1,318,completed,88814.0903883,88814.0907961,88817.206216,3115.8277000067756
0,319,completed,88814.1077654,88814.1082362,88817.2226508,3114.8854000057327
4,320,completed,88814.1382741,88814.138663,88817.2382834,3100.009300003876
5,320,completed,88814.1398614,88814.1404164,88817.2540823,3114.2208999954164
0,321,completed,88814.1857903,88814.1864816,88817.2706712,3084.8809000017354
2,321,completed,88814.1858415,88814.1866793,88817.2863787,3100.5371999926865
5,321,completed,88814.1885151,88814.1891473,88817.3034221,3114.9069999955827
3,322,completed,88814.216631,88814.2171099,88817.3194923,3102.8612999944016
2,322,completed,88814.2204053,88814.2212069,88817.3360597,3115.6543999968562
1,323,completed,88814.2469508,88814.2474506,88817.3524928,3105.541999990237
4,323,completed,88814.2525258,88814.253475,88817.3687328,3116.2069999991218
4,324,completed,88814.2776094,88814.2780224,88817.3845907,3106.981300006737
5,324,completed,88814.2846906,88814.2853316,88817.4007535,3116.062899993267
0,325,completed,88814.3084422,88814.3088191,88817.4164994,3108.057200006442
1,325,completed,88814.3171447,88814.31821,88817.4324795,3115.334799993434
3,326,completed,88814.3463143,88814.3467965,88817.4485825,3102.2682000038913
2,326,completed,88814.349847,88814.3504393,88817.4645928,3114.7457999904873
5,327,completed,88814.3775114,88814.3779082,88817.4805536,3103.0422000039835
3,327,completed,88814.3829513,88814.3835456,88817.4968628,3113.9115000114543
4,328,completed,88814.4083368,88814.408936,88817.5129891,3104.6522999968147
2,328,completed,88814.4153217,88814.4161843,88817.5293807,3114.0589999995427
1,329,completed,88814.4385906,88814.4390608,88817.545218,3106.627400004072
0,329,completed,88814.4473793,88814.4479798,88817.5615202,3114.1408999974374
4,330,completed,88814.4855314,88814.4862225,88817.5774174,3091.8859999947017
2,330,completed,88814.4855307,88814.4862207,88817.5937378,3108.2070999982534
1,330,completed,88814.4953243,88814.4963962,88817.6103349,3115.010599998641
5,331,completed,88814.5162827,88814.5166361,88817.6270393,3110.7565999991493
0,331,completed,88814.5277903,88814.528427,88817.6430845,3115.2942000044277
1,332,completed,88814.5469967,88814.5474273,88817.6592627,3112.2660000110045
3,332,completed,88814.5602174,88814.5609085,88817.6755183,3115.300900011789
4,333,completed,88814.5787263,88814.5791245,88817.6912719,3112.5456000008853
3,333,completed,88814.592855,88814.5932915,88817.7074123,3114.557300010347
5,334,completed,88814.6095414,88814.6104638,88817.7234052,3113.863799997489
0,335,completed,88814.6399496,88814.6403987,88817.7395392,3099.5896000094945
2,335,completed,88814.6418795,88814.6423056,88817.7556048,3113.7252999906195
3,336,completed,88814.6719416,88814.6725213,88817.7716646,3099.723000006634
2,336,completed,88814.6740717,88814.6746862,88817.7880658,3113.994100000127
1,337,completed,88814.7181333,88814.7187832,88817.8037454,3085.6120999960694
4,337,completed,88814.7181481,88814.7189152,88817.8197957,3101.647599993157
5,337,completed,88814.7217358,88814.7223195,88817.8359801,3114.2442999989726
0,338,completed,88814.7494528,88814.7498663,88817.8518298,3102.377000002889
4,338,completed,88814.7536347,88814.7542678,88817.8682776,3114.6429000073113
5,339,completed,88814.7808074,88814.781284,88817.8839638,3103.1564000004437
1,339,completed,88814.7861901,88814.7867616,88817.9003119,3114.1217999975197
0,340,completed,88814.8126554,88814.8130368,88817.9163547,3103.699300001608
3,340,completed,88814.8185617,88814.8192118,88817.9327489,3114.1872000007425
2,341,completed,88814.8446804,88814.8452891,88817.9491721,3104.491699996288
5,341,completed,88814.8509937,88814.8515418,88817.9655406,3114.5468999893637
3,342,completed,88814.8750215,88814.87559,88817.9812965,3106.274999998277
0,342,completed,88814.8834226,88814.884138,88817.9977099,3114.2872999917017
2,343,completed,88814.9070404,88814.9075662,88818.0135517,3106.5113000076963
1,343,completed,88814.9158159,88814.9168265,88818.029474,3113.6580999882426
4,344,completed,88814.9381022,88814.9385035,88818.0452682,3107.166000001598
2,344,completed,88814.9483755,88814.9489524,88818.0610185,3112.6430000003893
4,345,completed,88814.9843327,88814.9852843,88818.0770527,3092.720000000554
1,345,completed,88814.984293,88814.9852962,88818.0931328,3108.8397999992594
5,345,completed,88814.9960798,88814.9966978,88818.1096954,3113.6155999993207
0,346,completed,88815.0149464,88815.0153502,88818.1255639,3110.617500002263
3,346,completed,88815.0287323,88815.0293296,88818.1420745,3113.342200012994
0,347,completed,88815.0460329,88815.0465672,88818.1578845,3111.851599998772
1,347,completed,88815.0611674,88815.0622354,88818.1740123,3112.8449000098044
5,348,completed,88815.0784367,88815.07882,88818.1896882,3111.251499998616
2,349,completed,88815.1092023,88815.1096559,88818.2061909,3096.988600009354
4,349,completed,88815.1108376,88815.1114631,88818.2227591,3111.9214999926044
3,350,completed,88815.1400243,88815.1403985,88818.2386744,3098.6501000006683
5,350,completed,88815.1436186,88815.1443349,88818.2548357,3111.217099998612
3,351,completed,88815.1757601,88815.1764219,88818.2710383,3095.2781999949366
2,351,completed,88815.1856227,88815.1862069,88818.2867106,3101.0879000095883
1,351,completed,88815.1919094,88815.1928267,88818.3029943,3111.084899996058
0,352,completed,88815.216795,88815.2172119,88818.3192226,3102.4275999952806
4,353,completed,88815.2506978,88815.2514127,88818.3353455,3084.6477000013692
0,353,completed,88815.2507913,88815.2514215,88818.351377,3100.5856999981916
5,353,completed,88815.2565144,88815.2571145,88818.3677915,3111.277100004372
1,354,completed,88815.2817374,88815.2821276,88818.3838456,3102.1081999933813
3,354,completed,88815.2886659,88815.2893542,88818.4006584,3111.9924999948125
4,355,completed,88815.3129509,88815.3133789,88818.4168733,3103.9223999978276
2,355,completed,88815.3211036,88815.3221597,88818.433314,3112.2103999950923
5,356,completed,88815.3438918,88815.3442821,88818.4491883,3105.296499998076
3,356,completed,88815.3540555,88815.3547969,88818.4656605,3111.604999998235
0,357,completed,88815.3745724,88815.3750796,88818.4815552,3106.982799989055
1,357,completed,88815.3868103,88815.3877192,88818.4978368,3111.026500002481
4,358,completed,88815.4050582,88815.4054838,88818.513945,3108.8867999933427
2,358,completed,88815.4197533,88815.4204904,88818.5301591,3110.4058000055375
4,359,completed,88815.4363371,88815.4371307,88818.5462875,3109.950399986701
1,359,completed,88815.4525094,88815.4532721,88818.5620939,3109.5844999945257
5,360,completed,88815.4830766,88815.4834138,88818.5780788,3095.002200003364
0,360,completed,88815.4846954,88815.4850923,88818.5939193,3109.2238999990514
3,361,completed,88815.5138804,88815.5143275,88818.6105925,3096.712099999422
2,361,completed,88815.516809,88815.5173461,88818.6266078,3109.798800011049
5,362,completed,88815.5394194,88815.5397703,88818.6432119,3103.792499998235
4,362,completed,88815.5487147,88815.5492263,88818.6597746,3111.0599000094226
0,363,completed,88815.5710092,88815.5713808,88818.6759336,3104.9244000023464
2,363,completed,88815.5810171,88815.5814416,88818.6920292,3111.0120999946957
1,364,completed,88815.617022,88815.6175599,88818.7079591,3090.937099987059
3,364,completed,88815.617157,88815.6176918,88818.7240144,3106.857399994624
4,364,completed,88815.6304188,88815.6309825,88818.7400303,3109.61149999639
5,365,completed,88815.6501349,88815.6504875,88818.7564865,3106.3515999994706
2,365,completed,88815.6622373,88815.6626524,88818.7721785,3109.9412000039592
3,366,completed,88815.6813191,88815.6817148,88818.788036,3106.7169000016293
1,366,completed,88815.694803,88815.6954698,88818.8047218,3109.9187999934657
0,367,completed,88815.7109245,88815.7114737,88818.8209972,3110.072700001183
3,368,completed,88815.7391153,88815.739649,88818.8370024,3097.887099997024
5,368,completed,88815.7431664,88815.7438382,88818.8532704,3110.103999992134
0,369,completed,88815.780405,88815.7812597,88818.869903,3089.4980000011856
4,369,completed,88815.7803483,88815.7813055,88818.8859712,3105.622899995069
2,369,completed,88815.7912496,88815.7921525,88818.9023757,3111.126099989633
0,370,completed,88815.8117266,88815.812089,88818.9181625,3106.435900001088
5,371,completed,88815.8470518,88815.8476217,88818.9345613,3087.5095000083093
1,371,completed,88815.8474484,88815.8482759,88818.9506349,3103.1864999968093
4,372,completed,88815.8785898,88815.8792426,88818.9669214,3088.331599996309
1,372,completed,88815.8788863,88815.879499,88818.9826445,3103.7582000135444
3,372,completed,88815.889217,88815.8905144,88818.9987335,3109.516500000609
2,373,completed,88815.9107247,88815.9111825,88819.0147607,3104.035999989719
0,373,completed,88815.9222577,88815.9231073,88819.0307694,3108.5116999893216
4,374,completed,88815.9413665,88815.9417451,88819.0469112,3105.544699996244
5,374,completed,88815.9549401,88815.9558177,88819.0626944,3107.7542999992147
1,375,completed,88815.972585,88815.9730101,88819.0789048,3106.3198000047123
3,375,completed,88815.9880661,88815.9894266,88819.0947747,3106.7085999966366
2,376,completed,88816.0050666,88816.0059622,88819.1115546,3106.4879999903496
0,377,completed,88816.039532,88816.0401804,88819.1277806,3088.24860000459
2,377,completed,88816.0395583,88816.0402096,88819.1443226,3104.764299991075
4,377,completed,88816.0536096,88816.0543183,88819.1607577,3107.148099996266
5,378,completed,88816.0857521,88816.0868272,88819.176503,3090.750899995328
3,378,completed,88816.0868421,88816.0876078,88819.1928111,3105.9689999965485
1,379,completed,88816.1173861,88816.1177318,88819.2090302,3091.644100000849
2,379,completed,88816.1196427,88816.1200557,88819.2253743,3105.731600007857
3,380,completed,88816.1488216,88816.1492111,88819.2415308,3092.709200005629
4,380,completed,88816.1519743,88816.1526052,88819.257585,3105.6107000040356
5,381,completed,88816.1808404,88816.1811911,88819.2736472,3092.806799992104
1,381,completed,88816.1841815,88816.1846773,88819.2895853,3105.403800000204
0,382,completed,88816.2122407,88816.2126738,88819.3056953,3093.4546000062255
4,382,completed,88816.2162937,88816.2170611,88819.3218012,3105.5075000040233
2,383,completed,88816.2436865,88816.244124,88819.3378261,3094.139599998016
5,383,completed,88816.2484634,88816.2494734,88819.3538923,3105.4289000021527
0,384,completed,88816.2744674,88816.2748326,88819.3699138,3095.446399995126
3,384,completed,88816.2806262,88816.2812606,88819.3857935,3105.1673000038136
1,385,completed,88816.3126411,88816.3133315,88819.4029224,3090.281299999333
1,386,completed,88816.3436634,88816.3443503,88819.4188593,3075.1959000044735
5,386,completed,88816.3438748,88816.3444542,88819.4347885,3090.9136999980547
0,386,completed,88816.3450977,88816.3456711,88819.4509625,3105.8648000034736
3,387,completed,88816.3747238,88816.3751819,88819.4673332,3092.6093999878503
2,387,completed,88816.3775132,88816.3780077,88819.4835583,3106.045099993935
4,388,completed,88816.4058382,88816.4062933,88819.4997735,3093.9353000139818
3,388,completed,88816.409461,88816.4100662,88819.5160671,3106.6061000019545
4,389,completed,88816.4414571,88816.4420709,88819.5324482,3090.99110000534
0,389,completed,88816.4516396,88816.4520569,88819.548265,3096.6254000086337
1,389,completed,88816.4574956,88816.4580771,88819.5646384,3107.142799999565
5,390,completed,88816.47861,88816.4791726,88819.5806239,3102.0138999883784
2,390,completed,88816.4900893,88816.4906882,88819.5968047,3106.7154000047594
2,391,completed,88816.5097337,88816.510195,88819.6126253,3102.89159999229
0,391,completed,88816.5226043,88816.5230311,88819.6282951,3105.690800002776
3,392,completed,88816.5405627,88816.5410565,88819.6449583,3104.395600006683
1,392,completed,88816.5552236,88816.5562536,88819.6609719,3105.748300004052
4,393,completed,88816.5725886,88816.5738239,88819.6771172,3104.5286000007764
4,394,completed,88816.6192934,88816.6201316,88819.6934011,3074.1076999984216
5,394,completed,88816.6191478,88816.6200989,88819.7097907,3090.642900002422
3,395,completed,88816.6508045,88816.6514095,88819.7256673,3074.862800000119
5,395,completed,88816.6507352,88816.6514058,88819.7417752,3091.0399999993388
1,395,completed,88816.6556688,88816.6561303,88819.7576631,3101.9942999992054
0,396,completed,88816.6822594,88816.6830085,88819.7740103,3091.7508999991696
2,396,completed,88816.6883144,88816.6888161,88819.7899861,3101.6717000020435
1,397,completed,88816.713415,88816.7142238,88819.806437,3093.0220000009285
2,397,completed,88816.7207102,88816.7216055,88819.8225438,3101.833599997917
3,398,completed,88816.7444819,88816.7448341,88819.8389114,3094.4295000081183
0,398,completed,88816.7533604,88816.753954,88819.8549668,3101.606399999582
4,399,completed,88816.7752202,88816.7756358,88819.8712531,3096.03290000814
5,399,completed,88816.7870493,88816.7881765,88819.8874546,3100.405300006969
3,400,completed,88816.8071683,88816.8080454,88819.9039598,3096.7914999928325
4,400,completed,88816.8194984,88816.8207268,88819.9202491,3100.7507000031183
5,401,completed,88816.8392862,88816.8396229,88819.936035,3096.7488000023877
2,401,completed,88816.8523494,88816.8528909,88819.9520294,3099.6799999993527
1,402,completed,88816.8705762,88816.8709182,88819.9679728,3097.3966000019573
0,402,completed,88816.8844733,88816.8850082,88819.9839323,3099.459000004572
0,403,completed,88816.9171402,88816.9179405,88820.0002113,3083.071099987137
1,403,completed,88816.9172319,88816.9180334,88820.0165035,3099.2715999891516
5,404,completed,88816.9487328,88816.9494588,88820.0327639,3084.0311000065412
2,404,completed,88816.9489033,88816.9497628,88820.0486757,3099.77240000444
3,405,completed,88816.9802981,88816.9807129,88820.06443,3084.1319000028307
4,405,completed,88816.980894,88816.9814998,88820.080798,3099.904000002425
5,406,completed,88817.0123438,88817.0127192,88820.0968198,3084.476000003633
0,406,completed,88817.013558,88817.0140815,88820.1128881,3099.330099998042
1,407,completed,88817.0443154,88817.0448041,88820.1291944,3084.87900000182
2,407,completed,88817.0457419,88817.0462975,88820.1455839,3099.841999995988
4,408,completed,88817.0762196,88817.0767347,88820.1616973,3085.4777000058675
3,408,completed,88817.0778099,88817.078354,88820.1784019,3100.592000002507
0,409,completed,88817.1072517,88817.1077185,88820.1948873,3087.6355999935186
4,409,completed,88817.1102807,88817.1110181,88820.2113757,3101.0950000054436
3,410,completed,88817.1390126,88817.139364,88820.2274317,3088.419099993189
5,410,completed,88817.1424734,88817.1429848,88820.2439427,3101.469300003373
2,411,completed,88817.1850833,88817.1858757,88820.2597292,3074.645899992902
1,411,completed,88817.1850912,88817.1858759,88820.2761907,3091.0995000012917
1,412,completed,88817.2165101,88817.2179355,88820.2921494,3075.6393000046955
3,412,completed,88817.2167333,88817.2180985,88820.3087052,3091.9719000085024
0,413,completed,88817.254227,88817.2551591,88820.3245305,3070.303500004229
5,413,completed,88817.2546017,88817.2556123,88820.3410471,3086.4453999965917
4,413,completed,88817.2546423,88817.2556266,88820.3572566,3102.614299990819
0,414,completed,88817.2799159,88817.2807272,88820.372968,3093.052099997294
2,414,completed,88817.2865931,88817.2878019,88820.3888291,3102.236000006087
5,415,completed,88817.3115639,88817.3120274,88820.4044982,3092.9343000025256
3,415,completed,88817.3197095,88817.3206676,88820.4204138,3100.7042999990517
2,416,completed,88817.3426153,88817.3433149,88820.4363678,3093.7524999899324
1,416,completed,88817.3526983,88817.3532914,88820.4522427,3099.5444000000134
4,417,completed,88817.3735734,88817.3740778,88820.4688218,3095.2484000008553
5,418,completed,88817.4142368,88817.415367,88820.4847329,3070.496100001037
4,418,completed,88817.4144396,88817.4155202,88820.5012966,3086.8570000020554
1,419,completed,88817.4476366,88817.4481655,88820.5173261,3069.689500000095
0,419,completed,88817.4477569,88817.4483154,88820.5335766,3085.8197000052314
3,419,completed,88817.4487521,88817.449247,88820.5497367,3100.9846000088146
2,420,completed,88817.4785333,88817.479437,88820.5661493,3087.6159999897936
5,420,completed,88817.4807714,88817.4813509,88820.5822534,3101.4819999982137
3,421,completed,88817.5091612,88817.5095739,88820.5990785,3089.917300007073
4,421,completed,88817.513199,88817.5137593,88820.615305,3102.106000005733
2,422,completed,88817.5408291,88817.5412139,88820.6313061,3090.476999990642
1,422,completed,88817.5454209,88817.5460102,88820.6477541,3102.333200004068
0,423,completed,88817.5719964,88817.5723865,88820.6640645,3092.068099998869
4,423,completed,88817.5776398,88817.5782216,88820.6801565,3102.516700004344
2,424,completed,88817.6185441,88817.6194146,88820.6964689,3077.9248000035295
1,424,completed,88817.6186086,88817.6194516,88820.7122249,3093.6163000005763
5,424,completed,88817.6272803,88817.6279589,88820.7284954,3101.2151000031736
0,425,completed,88817.6498531,88817.6502672,88820.7443891,3094.5360000041546
1,425,completed,88817.6595016,88817.6601949,88820.7604121,3100.9104999975534
3,426,completed,88817.6773458,88817.6776814,88820.7763951,3099.049299999024
4,426,completed,88817.6915196,88817.6921728,88820.7929463,3101.426699999138
3,427,completed,88817.7094226,88817.7097695,88820.8086931,3099.2704999953276
5,427,completed,88817.7236378,88817.7242184,88820.8250353,3101.397500009625
0,428,completed,88817.7398229,88817.7405945,88820.8411912,3101.3683000055607
2,429,completed,88817.7718249,88817.7726957,88820.8571305,3085.3055999905337
3,429,completed,88817.7719215,88817.7728066,88820.8729694,3101.047900010599
1,430,completed,88817.8178391,88817.8185973,88820.8892084,3071.3692999997875
2,430,completed,88817.8178369,88817.8186763,88820.9054953,3087.658400007058
4,430,completed,88817.8200144,88817.8206963,88820.9218521,3101.837700000033
5,431,completed,88817.8491664,88817.8495355,88820.9380297,3088.8632999995025
0,431,completed,88817.852061,88817.8527351,88820.9541659,3102.1048999973573
4,432,completed,88817.8802943,88817.8807898,88820.9704298,3090.1354999950854
5,432,completed,88817.884198,88817.8847692,88820.9866819,3102.483900001971
1,433,completed,88817.9116703,88817.9121121,88821.0026267,3090.9564000030514
0,433,completed,88817.9166241,88817.9172312,88821.0188501,3102.22599998815
3,434,completed,88817.9427137,88817.9431922,88821.0353165,3092.6027999958023
2,434,completed,88817.9494461,88817.950149,88821.0513749,3101.928799995221
5,435,completed,88817.9738715,88817.9742676,88821.0675694,3093.6978999961866
3,435,completed,88817.9815196,88817.9820852,88821.0835974,3102.0777999947313
0,436,completed,88818.0053135,88818.0057282,88821.0996008,3094.287299987627
2,436,completed,88818.0137665,88818.0143349,88821.1154603,3101.6938000102527
4,437,completed,88818.0515246,88818.0521985,88821.1317934,3080.268799996702
1,437,completed,88818.0516289,88818.0522864,88821.1483914,3096.762500004843
4,438,completed,88818.0825265,88818.0832178,88821.1644076,3081.881099991733
2,438,completed,88818.0825755,88818.0832614,88821.18024,3097.664500004612
1,438,completed,88818.0934397,88818.0940474,88821.1963204,3102.8807000111556
5,439,completed,88818.1133667,88818.1137436,88821.2124395,3099.0728000033414
0,439,completed,88818.1258299,88818.1262471,88821.2283784,3102.548499999102
3,440,completed,88818.1448023,88818.1452998,88821.2441349,3099.3326000025263
0,440,completed,88818.1582012,88818.1588909,88821.260155,3101.9537999964086
1,441,completed,88818.1757842,88818.1761942,88821.2757961,3100.0119000091217
5,441,completed,88818.1899461,88818.1905404,88821.2917535,3101.8074000021443
2,442,completed,88818.2065418,88818.2073609,88821.3082403,3101.698500002385
4,443,completed,88818.2373827,88818.2377537,88821.3246892,3087.30650000507
3,443,completed,88818.2388867,88818.2394687,88821.3414326,3102.5459000084084
5,444,completed,88818.2841005,88818.2847585,88821.3572758,3073.1753000000026
3,444,completed,88818.2841183,88818.2847757,88821.3736376,3089.519300003303
2,444,completed,88818.2869349,88818.287459,88821.3900274,3103.0925000086427
1,445,completed,88818.3144095,88818.3148195,88821.4066058,3092.1963000000687
0,445,completed,88818.3194575,88818.3200144,88821.423116,3103.658500011079
4,446,completed,88818.3474999,88818.3479864,88821.4393494,3091.849499993259
0,446,completed,88818.3516222,88818.3525208,88821.4556973,3104.0750999964075
5,447,completed,88818.3789398,88818.3794682,88821.4713828,3092.443000001367
1,447,completed,88818.3841189,88818.3848697,88821.4871045,3102.9856000095606
3,448,completed,88818.4101033,88818.4105262,88821.50346,3093.3567000029143
4,448,completed,88818.4170999,88818.417751,88821.5197526,3102.652699992177
2,449,completed,88818.4412509,88818.441641,88821.5362899,3095.039000007091
5,449,completed,88818.4494551,88818.4501159,88821.5523377,3102.882600011071
3,450,completed,88818.4716912,88818.4721162,88821.5686544,3096.9632000051206
0,450,completed,88818.4818457,88818.4825022,88821.5844207,3102.5750000117114
1,451,completed,88818.5032634,88818.5036696,88821.6004084,3097.1450000070035
4,451,completed,88818.5141879,88818.5147806,88821.6170494,3102.8614999959245
2,452,completed,88818.5493583,88818.5500604,88821.633314,3083.955699999933
4,452,completed,88818.5493323,88818.5500686,88821.6503246,3100.9923000092385
1,452,completed,88818.5623347,88818.5629476,88821.6665875,3104.252800010727
5,453,completed,88818.5807956,88818.5812799,88821.6825515,3101.7558999883477
0,453,completed,88818.5942768,88818.59513,88821.6993409,3105.0641000038013
3,454,completed,88818.6123088,88818.6126667,88821.7152192,3102.9104000044754
2,454,completed,88818.6268394,88818.6272408,88821.7317659,3104.926499989233
5,455,completed,88818.6435523,88818.6442404,88821.7473818,3103.829500003485
4,456,completed,88818.67456,88818.6749574,88821.7643061,3089.7460999985924
0,456,completed,88818.6761615,88818.6767176,88821.7804711,3104.3096000066726
2,457,completed,88818.7061431,88818.7067013,88821.7971023,3090.959199995268
1,457,completed,88818.7081952,88818.7087566,88821.8132342,3105.0390000018524
3,458,completed,88818.7366365,88818.7370504,88821.8288985,3092.261999991024
4,458,completed,88818.7402253,88818.7409715,88821.8455922,3105.3668999957154
2,459,completed,88818.7829588,88818.7836448,88821.8615172,3078.5583999968367
5,459,completed,88818.7829534,88818.7836593,88821.8782145,3095.261099995696
3,459,completed,88818.7883846,88818.7892774,88821.8939254,3105.5407999956515
1,460,completed,88818.8175307,88818.8180092,88821.9099963,3092.4655999988317
0,460,completed,88818.8212409,88818.8218256,88821.9260445,3104.8035999992862
3,461,completed,88818.8484985,88818.8488666,88821.9417799,3093.2813999970676
5,461,completed,88818.8536499,88818.8544925,88821.9581057,3104.455799999414
0,462,completed,88818.880201,88818.8805898,88821.9742462,3094.0451999922516
4,462,completed,88818.8861913,88818.8868668,88821.9904279,3104.2366000037873
2,463,completed,88818.9076191,88818.9080265,88822.0068553,3099.236199996085
0,463,completed,88818.918365,88818.9190485,88822.0228784,3104.5134000014514
5,464,completed,88818.9392701,88818.9396746,88822.0389139,3099.6438000001945
1,464,completed,88818.9508321,88818.9513945,88822.0564725,3105.6403999973554
4,465,completed,88818.9707332,88818.9710983,88822.072592,3101.8588000006275
1,465,completed,88818.9828307,88818.9833951,88822.0891535,3106.322799998452
3,466,completed,88819.01845,88819.0191026,88822.1048997,3086.44970000023
2,466,completed,88819.0185897,88819.0192824,88822.1207216,3102.131899999222
0,466,completed,88819.0310036,88819.0317164,88822.1372494,3106.2457999942126
4,467,completed,88819.0491505,88819.0496189,88822.1539315,3104.7810000018217
5,467,completed,88819.0629183,88819.0634841,88822.1707117,3107.793400005903
1,468,completed,88819.081136,88819.0816006,88822.1869784,3105.842400007532
3,468,completed,88819.0950454,88819.095858,88822.2044325,3109.387100004824
2,469,completed,88819.1119214,88819.1124562,88822.2204699,3108.5484999930486
0,470,completed,88819.1429729,88819.1433731,88822.2364028,3093.4299000073224
2,470,completed,88819.1446018,88819.1452402,88822.252735,3108.133200003067
4,471,completed,88819.1743584,88819.1747315,88822.2694285,3095.0700999965193
5,471,completed,88819.1767122,88819.1772574,88822.2855715,3108.859300002223
3,472,completed,88819.2051993,88819.2056509,88822.3015298,3096.3304999895627
1,472,completed,88819.209277,88819.2098919,88822.3174776,3108.200599992415
3,473,completed,88819.251063,88819.2517254,88822.3342617,3083.19869999832
2,473,completed,88819.2511929,88819.2518316,88822.3500364,3098.843500003568
4,473,completed,88819.2578103,88819.258404,88822.3658069,3107.996599996113
5,474,completed,88819.2821981,88819.2826595,88822.382218,3100.019899997278
1,474,completed,88819.2898471,88819.2905779,88822.3993262,3109.4791000068653
0,475,completed,88819.3130131,88819.3134255,88822.4152401,3102.2269999957643
4,475,completed,88819.3220121,88819.3225673,88822.4317544,3109.742299988284
2,476,completed,88819.3445818,88819.3450711,88822.4479726,3103.3907999953954
5,476,completed,88819.3541282,88819.3547373,88822.4640414,3109.913200009032
0,477,completed,88819.3756913,88819.3760582,88822.4803592,3104.6678999991855
3,477,completed,88819.3860527,88819.387325,88822.4966326,3110.5798999924446
1,478,completed,88819.4062914,88819.4066512,88822.5125515,3106.2601000012364
5,479,completed,88819.4375088,88819.4381822,88822.5285641,3091.055299999425
1,479,completed,88819.4375822,88819.4382404,88822.5447562,3107.1740000043064
0,479,completed,88819.4511672,88819.4517361,88822.5608697,3109.702500005369
3,480,completed,88819.484845,88819.4856645,88822.5768754,3092.030400002841
2,480,completed,88819.4847243,88819.4857867,88822.5927221,3107.9978000052506
4,481,completed,88819.5161123,88819.5165735,88822.6089903,3092.877999995835
3,481,completed,88819.516386,88819.5170856,88822.6249634,3108.5773999948287
4,482,completed,88819.547933,88819.5483313,88822.6408497,3092.9166999994777
0,482,completed,88819.5484964,88819.5490378,88822.6574577,3108.961299993098
1,483,completed,88819.579221,88819.579692,88822.6736602,3094.4391999946674
5,483,completed,88819.5808164,88819.5815051,88822.6893035,3108.48709999118
2,484,completed,88819.6106979,88819.6110751,88822.7061006,3095.4026999970665
0,485,completed,88819.6415876,88819.642197,88822.7219757,3080.3881000028923
2,485,completed,88819.6415103,88819.642204,88822.7384868,3096.976499989978
3,485,completed,88819.6452208,88819.6458487,88822.7543966,3109.175799996592
1,486,completed,88819.672073,88819.6726173,88822.770663,3098.5900000086986
4,486,completed,88819.6773912,88819.6780478,88822.7865669,3109.1756999958307
5,487,completed,88819.7182369,88819.7188775,88822.8025701,3084.333200007677
4,487,completed,88819.718191,88819.718886,88822.8187262,3100.5351999920094
3,487,completed,88819.7259129,88819.7266273,88822.8356548,3109.74189999979
5,488,completed,88819.7495798,88819.7503194,88822.851782,3102.2021999961
1,488,completed,88819.7578972,88819.7585882,88822.8678251,3109.927899989998
0,489,completed,88819.78087,88819.7812417,88822.8838169,3102.946899991366
2,489,completed,88819.7902996,88819.7913437,88822.9005592,3110.259599998244
1,490,completed,88819.8118309,88819.8123082,88822.9165726,3104.7417000081623
2,490,completed,88819.8228128,88819.8234573,88822.932606,3109.7931999975117
3,491,completed,88819.8427391,88819.8432572,88822.9487264,3105.9873000049265
0,491,completed,88819.8552228,88819.855673,88822.9646354,3109.4125999952666
4,492,completed,88819.8734806,88819.8739616,88822.9806389,3107.158300001174
5,492,completed,88819.8877153,88819.8884569,88822.9970978,3109.382499998901
3,493,completed,88819.9042373,88819.904743,88823.0130739,3108.836600003997
5,494,completed,88819.9481134,88819.9492458,88823.0292086,3081.095200002892
4,494,completed,88819.9483824,88819.9494054,88823.0450618,3096.679399997811
2,494,completed,88819.9522792,88819.952807,88823.0611589,3108.8796999974875
1,495,completed,88819.9801301,88819.9808045,88823.0770975,3096.9674000079976
0,495,completed,88819.9842121,88819.9847958,88823.093177,3108.964900005958
0,496,completed,88820.0114171,88820.0122755,88823.1093594,3097.9422999953385
1,496,completed,88820.0167281,88820.0175504,88823.1250898,3108.361699996749
2,497,completed,88820.0511692,88820.0517493,88823.1410129,3089.8436999996193
5,497,completed,88820.05125,88820.051861,88823.1579463,3106.69629999029
3,497,completed,88820.0646696,88820.065186,88823.1744579,3109.7882999893045
4,498,completed,88820.0859986,88820.0866667,88823.1904984,3104.4997999997577
5,499,completed,88820.10487,88820.1053092,88823.206374,3101.5040000056615
0,499,completed,88820.1130862,88820.1137469,88823.2224793,3109.393100006855
2,500,completed,88820.1516062,88820.1526641,88823.2388764,3087.2702000051504
1,500,completed,88820.1516921,88820.1527169,88823.2551694,3103.477299999213
4,500,completed,88820.162065,88820.1629639,88823.2720522,3109.98720000498
3,501,completed,88820.1827322,88820.1835212,88823.2884703,3105.7380999991437
0,501,completed,88820.1950644,88820.1955326,88823.3047307,3109.666299991659
4,502,completed,88820.2141644,88820.2146706,88823.3206061,3106.4417000015965
3,502,completed,88820.2276987,88820.2284701,88823.3365394,3108.8407000061125
5,503,completed,88820.2467557,88820.2471779,88823.3524926,3105.7368999900063
2,503,completed,88820.2600006,88820.2605958,88823.3686054,3108.604799999739
1,504,completed,88820.2842639,88820.2847104,88823.3846714,3100.407499994617
1,505,completed,88820.3035887,88820.3041344,88823.4008059,3097.217200003797
3,505,completed,88820.3197618,88820.3202897,88823.4168855,3097.123700004886
0,506,completed,88820.3519054,88820.3525214,88823.4335247,3081.6192999918712
5,506,completed,88820.3521314,88820.3526891,88823.4497035,3097.5720999995247
4,506,completed,88820.3577656,88820.3581258,88823.465759,3107.9934000008507
0,507,completed,88820.3836675,88820.3841374,88823.4817232,3098.055700000259
2,507,completed,88820.3894575,88820.3898533,88823.4978976,3108.4400999970967
5,508,completed,88820.4153913,88820.4159623,88823.5137385,3098.347199993441
3,508,completed,88820.4209537,88820.4213137,88823.529395,3108.441300006234
2,509,completed,88820.4475965,88820.4481353,88823.545526,3097.9294999997364
1,509,completed,88820.4524479,88820.4529702,88823.561324,3108.876099999179
4,510,completed,88820.4787357,88820.4791445,88823.5774001,3098.6643999931403
5,510,completed,88820.4850111,88820.4855693,88823.5930535,3108.042399995611
4,511,completed,88820.5096941,88820.5101386,88823.6091637,3099.469600012526
1,511,completed,88820.5178557,88820.5182016,88823.6248706,3107.0149000006495
0,512,completed,88820.5409252,88820.5414108,88823.6407107,3099.7855000023264
3,512,completed,88820.5500731,88820.5507059,88823.65729,3107.216899996274
2,513,completed,88820.571819,88820.5722439,88823.6742378,3102.4188000010327
5,513,completed,88820.5825183,88820.5833792,88823.6908171,3108.2987999980105
3,514,completed,88820.6184684,88820.6192758,88823.7067573,3088.288899991312
4,514,completed,88820.6185839,88820.6193723,88823.7225438,3103.9599000068847
2,515,completed,88820.6452521,88820.645707,88823.7388882,3093.636099991272
1,515,completed,88820.6479604,88820.6485101,88823.75491,3106.949599998188
0,516,completed,88820.6759932,88820.6764433,88823.7710764,3095.0831999944057
4,517,completed,88820.7097201,88820.7103332,88823.7871891,3077.4689999961993
2,517,completed,88820.7099272,88820.7105129,88823.803388,3093.4607999952277
1,517,completed,88820.7124134,88820.7129695,88823.819162,3106.748599995626
5,518,completed,88820.7412071,88820.7419536,88823.8350728,3093.86569999333
0,518,completed,88820.7446116,88820.745208,88823.850738,3106.126399987261
1,519,completed,88820.7720438,88820.7725272,88823.8666624,3094.6186000073794
3,519,completed,88820.7766114,88820.7771711,88823.8824185,3105.807100000675
4,520,completed,88820.8059208,88820.8063914,88823.8984828,3092.5619999907212
3,520,completed,88820.8089219,88820.8094943,88823.9141856,3105.263700010255
5,521,completed,88820.83849,88820.8391204,88823.930295,3091.80500000366
0,521,completed,88820.8414409,88820.8420805,88823.9463497,3104.9087999999756
3,522,completed,88820.8843714,88820.8847834,88823.9623233,3077.9519000061555
2,522,completed,88820.8847152,88820.885121,88823.9780147,3093.2995000039227
1,522,completed,88820.8894088,88820.8899458,88823.9943923,3104.9835000012536
2,523,completed,88820.9153492,88820.9157309,88824.0103995,3095.0502999912715
4,523,completed,88820.9221075,88820.9227431,88824.0262272,3104.11970000132
5,524,completed,88820.9467347,88820.9471126,88824.0420993,3095.3645999979926
0,524,completed,88820.9544432,88820.9549174,88824.0588078,3104.364600003464
4,525,completed,88820.977861,88820.978431,88824.0748334,3096.9723999878624
5,525,completed,88820.9869154,88820.9875104,88824.0909692,3104.05379999429
1,526,completed,88821.0091445,88821.0095824,88824.1072849,3098.1404000049224
0,526,completed,88821.0191607,88821.019793,88824.1252078,3106.047099994612
3,527,completed,88821.0404177,88821.0408433,88824.141414,3100.9962999960408
2,527,completed,88821.051723,88821.0523619,88824.1577823,3106.0593000001973
5,528,completed,88821.0744105,88821.075146,88824.1749817,3100.571199989645
3,529,completed,88821.1135692,88821.1141421,88824.1911221,3077.552900009323
0,529,completed,88821.1139513,88821.114474,88824.2071678,3093.216500012204
2,529,completed,88821.1156928,88821.1161473,88824.223342,3107.649199999287
4,530,completed,88821.1458881,88821.1463211,88824.2392792,3093.3911000029184
1,530,completed,88821.1486442,88821.1490448,88824.2556153,3106.9711000018287
4,531,completed,88821.1770176,88821.1774729,88824.2721951,3095.1774999994086
2,531,completed,88821.1804002,88821.1810147,88824.2879205,3107.520300007309
1,532,completed,88821.2083409,88821.2091178,88824.3040152,3095.674299998791
5,532,completed,88821.2126316,88821.2132112,88824.3201506,3107.51899999741
0,533,completed,88821.2405879,88821.241314,88824.3359988,3095.4109000012977
3,533,completed,88821.2442947,88821.2448573,88824.3519764,3107.6816999993753
0,534,completed,88821.2714213,88821.2722028,88824.3682781,3096.856799995294
1,534,completed,88821.2759842,88821.2765656,88824.3843486,3108.364400002756
2,535,completed,88821.3184784,88821.319676,88824.4002009,3081.7224999918835
5,535,completed,88821.3185273,88821.3197022,88824.4165469,3098.0196000018623
4,535,completed,88821.3251597,88821.3261153,88824.4333579,3108.198199988692
3,536,completed,88821.350229,88821.3507318,88824.4494238,3099.194800000987
5,536,completed,88821.357521,88821.3582998,88824.4655419,3108.0209000065224
3,537,completed,88821.3759266,88821.3763731,88824.4816604,3105.7337999955053
2,537,completed,88821.3903756,88821.3913205,88824.497334,3106.958399992436
1,538,completed,88821.4068983,88821.4077931,88824.5133703,3106.471999999485
0,539,completed,88821.4386328,88821.4391282,88824.5295692,3090.9364000108326
4,539,completed,88821.4395688,88821.4403835,88824.5453316,3105.7628000125987
0,540,completed,88821.4696643,88821.4703666,88824.5613765,3091.712199995527
5,540,completed,88821.4856572,88821.4866343,88824.5774471,3091.7899000050966
1,540,completed,88821.4873059,88821.4883202,88824.5938279,3106.52200000186
3,541,completed,88821.5176064,88821.5179964,88824.6100101,3092.403700007708
4,541,completed,88821.5200467,88821.520581,88824.6259277,3105.881000010413
2,542,completed,88821.5505398,88821.5512461,88824.6418418,3091.3020000007236
5,542,completed,88821.5525444,88821.5530254,88824.6581886,3105.6442000117386
3,543,completed,88821.5812762,88821.5820307,88824.6747185,3093.4422999998787
0,543,completed,88821.5846108,88821.5851894,88824.6909922,3106.381400008104
1,544,completed,88821.6130971,88821.6138665,88824.7070306,3093.9335000002757
4,544,completed,88821.6172105,88821.6180026,88824.7228623,3105.651799996849
2,545,completed,88821.6443804,88821.6449265,88824.7388224,3094.442000001436
4,545,completed,88821.6510761,88821.6517489,88824.7552084,3104.132300009951
1,546,completed,88821.6756244,88821.675974,88824.7712361,3095.611700002337
5,546,completed,88821.6827963,88821.683947,88824.7871332,3104.3369000108214
0,547,completed,88821.7080641,88821.7086228,88824.8043472,3096.2830999924336
3,547,completed,88821.7154586,88821.7165759,88824.8205486,3105.08999999729
2,548,completed,88821.7391261,88821.7399058,88824.8372626,3098.1365000043297
5,548,completed,88821.7476345,88821.7489031,88824.8531752,3105.54069999489
4,549,completed,88821.7702424,88821.7710413,88824.8691763,3098.933899993426
0,549,completed,88821.7809396,88821.7819256,88824.885303,3104.3634000088787
1,550,completed,88821.8179094,88821.8186117,88824.9022502,3084.3408000073396
2,550,completed,88821.8179106,88821.8186447,88824.918528,3100.6173999921884
3,550,completed,88821.8291459,88821.8303967,88824.9349086,3105.7626999972854
4,551,completed,88821.8486366,88821.8491683,88824.9508974,3102.2608000057517
2,551,completed,88821.8617042,88821.8628311,88824.9666782,3104.9740000016754
5,552,completed,88821.8821677,88821.8825902,88824.9826637,3100.4959999991115
3,553,completed,88821.908006,88821.9084022,88824.9987602,3090.754200005904
1,553,completed,88821.9102451,88821.9108493,88825.0145972,3104.3520999955945
0,554,completed,88821.9395027,88821.9400116,88825.0308256,3091.3228999997955
3,554,completed,88821.9419586,88821.9424761,88825.046798,3104.8393999953987
5,555,completed,88821.9713335,88821.9717177,88825.0635013,3092.1678000013344
0,555,completed,88821.9748237,88821.9754932,88825.0793946,3104.5709000027273
2,556,completed,88822.0199451,88822.0212075,88825.0956722,3075.72710000386
4,556,completed,88822.0199043,88822.0211681,88825.111823,3091.918699996313
0,557,completed,88822.0527775,88822.0540791,88825.1278777,3075.1002000033623
5,557,completed,88822.0529337,88822.0541949,88825.1443877,3091.4539999939734
1,557,completed,88822.0567197,88822.0575097,88825.1603622,3103.6424999911105
4,558,completed,88822.0839934,88822.0844542,88825.1772195,3093.2260999979917
3,559,completed,88822.1160946,88822.1168454,88825.1931024,3077.0077999914065
1,559,completed,88822.1162593,88822.1169681,88825.2096394,3093.3800999919185
2,559,completed,88822.1209378,88822.1220876,88825.2258693,3104.9314999982016
0,560,completed,88822.1481285,88822.148642,88825.2419182,3093.789699996705
4,560,completed,88822.154177,88822.1553513,88825.2582888,3104.111799999373
5,561,completed,88822.1799872,88822.1804042,88825.2742091,3094.2218999989564
1,561,completed,88822.1872336,88822.1885173,88825.2904807,3103.247100007138
3,562,completed,88822.2106735,88822.2111415,88825.3070261,3096.352599997772
2,562,completed,88822.2206321,88822.2212102,88825.3234972,3102.865100008785
0,563,completed,88822.2424132,88822.2428094,88825.3395618,3097.148600005312
2,563,completed,88822.2529022,88822.2536044,88825.3557419,3102.8397000045516
4,564,completed,88822.273142,88822.2734804,88825.3719764,3098.8343999924837
5,564,completed,88822.2858236,88822.2862948,88825.387869,3102.0453999954043
3,565,completed,88822.3044182,88822.3047987,88825.4038688,3099.450599998818
1,565,completed,88822.3176893,88822.3188203,88825.4199315,3102.2421999950893
3,566,completed,88822.3508621,88822.3514862,88825.4371381,3086.276000001817
2,566,completed,88822.3509538,88822.35161,88825.4531462,3102.1923999942373
4,567,completed,88822.382232,88822.3838329,88825.4693403,3087.108299994725
5,567,completed,88822.3826213,88822.3842217,88825.4853146,3102.6932999957353
1,568,completed,88822.4145019,88822.4152913,88825.5018587,3087.3567999951774
0,568,completed,88822.4155099,88822.4163675,88825.5176413,3102.1313999954145
4,569,completed,88822.4391518,88822.4398819,88825.5343771,3095.2252999995835
2,569,completed,88822.448193,88822.448807,88825.5505793,3102.386300000944
5,570,completed,88822.4708456,88822.4715829,88825.5669993,3096.1537000112003
0,570,completed,88822.4805318,88822.4812482,88825.5827658,3102.23400000541
1,571,completed,88822.5181767,88822.5190381,88825.5987516,3080.574899999192
3,571,completed,88822.5182232,88822.5190619,88825.6149076,3096.6844000067795
5,571,completed,88822.5287627,88822.5292928,88825.6322071,3103.4443999960786
1,572,completed,88822.5493845,88822.5497824,88825.6483167,3098.9321999950334
0,572,completed,88822.5610907,88822.5617261,88825.664636,3103.5453000076814
3,573,completed,88822.5800606,88822.5805112,88825.6811822,3101.1216000042623
2,573,completed,88822.5929343,88822.5936257,88825.6975525,3104.618199999095
4,574,completed,88822.6111803,88822.6115389,88825.7134582,3102.2779000049923
3,575,completed,88822.6379784,88822.638559,88825.7294236,3091.4451999997254
4,575,completed,88822.641033,88822.6414684,88825.7454258,3104.392799999914
1,576,completed,88822.6842587,88822.684853,88825.7614495,3077.190800002427
0,576,completed,88822.6842864,88822.6849114,88825.7777833,3093.4968999936245
5,576,completed,88822.6895128,88822.6906105,88825.7945723,3105.0594999978784
2,577,completed,88822.7162563,88822.7166282,88825.810442,3094.185699999798
0,577,completed,88822.7221736,88822.723346,88825.8268068,3104.633199996897
2,578,completed,88822.7481031,88822.7486389,88825.8430909,3094.987799995579
3,578,completed,88822.7546161,88822.7552058,88825.8594686,3104.852499993285
1,579,completed,88822.7791564,88822.7796995,88825.8753328,3096.1763999948744
4,579,completed,88822.78674,88822.7873604,88825.8910774,3104.3374000000767
5,580,completed,88822.8101843,88822.810632,88825.9076274,3097.4430999922333
4,580,completed,88822.8189843,88822.8200298,88825.923636,3104.651700006798
3,581,completed,88822.8413829,88822.8418091,88825.9397602,3098.3772999898065
5,581,completed,88822.852003,88822.852568,88825.9562255,3104.2224999982864
1,582,completed,88822.8723905,88822.8728232,88825.9725708,3100.180300010834
0,582,completed,88822.884017,88822.8852259,88825.9882163,3104.199299996253
2,583,completed,88822.9188633,88822.9195966,88826.0045299,3085.6666000036057
1,583,completed,88822.9190281,88822.9197755,88826.020619,3101.590899997973
3,584,completed,88822.9511339,88822.9518932,88826.0370811,3085.947200001101
2,584,completed,88822.9512447,88822.9521647,88826.0534325,3102.1878000028664
0,585,completed,88822.9803369,88822.9809024,88826.0699846,3089.647700006026
4,585,completed,88822.9809391,88822.9815909,88826.0859334,3104.9942999961786
5,586,completed,88823.0117471,88823.0121668,88826.1028702,3091.123100006371
3,586,completed,88823.0133154,88823.0138979,88826.1185405,3105.225099992822
5,587,completed,88823.0426284,88823.0430624,88826.1350944,3092.4660000018775
4,587,completed,88823.0456168,88823.0460476,88826.1511527,3105.535900001996
2,588,completed,88823.0741664,88823.0747363,88826.1678739,3093.707500011078
1,588,completed,88823.0773253,88823.077979,88826.1844571,3107.131800003117
0,589,completed,88823.1054592,88823.1058625,88826.2010282,3095.56899999734
0,590,completed,88823.1371038,88823.1375196,88826.2173175,3080.213699999149
2,590,completed,88823.153261,88823.1540381,88826.2336727,3080.4116999934195
1,590,completed,88823.1532257,88823.1540248,88826.249946,3096.7202999891015
5,590,completed,88823.1582342,88823.1589372,88826.2660473,3107.8130999958375
3,591,completed,88823.1852012,88823.1856329,88826.2822144,3097.0131999929436
4,591,completed,88823.1908979,88823.1914167,88826.2981826,3107.2847000032198
5,592,completed,88823.2167728,88823.2173061,88826.3142594,3097.4865999887697
0,592,completed,88823.2227484,88823.2236305,88826.3307917,3108.043300002464
2,593,completed,88823.248701,88823.249337,88826.3469947,3098.293699993519
1,593,completed,88823.255426,88823.256484,88826.3638288,3108.4027999895625
4,594,completed,88823.280192,88823.2805574,88826.3800431,3099.85109999252
3,594,completed,88823.2887114,88823.2895222,88826.3965415,3107.8300999943167
0,595,completed,88823.3116298,88823.3119996,88826.4128083,3101.1785000009695
4,595,completed,88823.3208472,88823.3213688,88826.4294165,3108.569300005911
3,596,completed,88823.3434309,88823.3437971,88826.4451942,3101.763300001039
5,596,completed,88823.3532284,88823.3536347,88826.4616101,3108.3817000035197
2,597,completed,88823.3746699,88823.3750609,88826.4777899,3103.1199999997625
1,597,completed,88823.3852737,88823.38561,88826.4935519,3108.278200001223
1,598,completed,88823.4066751,88823.4071415,88826.509865,3103.1898999935947
3,598,completed,88823.4171142,88823.4182694,88826.5258467,3108.7324999971315
0,599,completed,88823.4382664,88823.4389515,88826.5425171,3104.2506999947364
5,599,completed,88823.4498906,88823.4505521,88826.5586734,3108.7828000017907
4,600,completed,88823.4719166,88823.4722934,88826.5750499,3103.133299999172
0,600,completed,88823.48198,88823.4825607,88826.5909891,3109.0091000078246
2,601,completed,88823.515652,88823.5164569,88826.6072289,3091.576899998472
5,601,completed,88823.5157139,88823.5164795,88826.6233326,3107.6186999998754
3,601,completed,88823.5295816,88823.530185,88826.6396601,3110.0785000016913
2,602,completed,88823.5478298,88823.548338,88826.6560582,3108.228400000371
1,602,completed,88823.5615459,88823.5621351,88826.6723166,3110.7707000046503
4,603,completed,88823.5792527,88823.5796209,88826.688788,3109.5352999982424
5,603,completed,88823.5932944,88823.5938881,88826.7047539,3111.459500010824
4,604,completed,88823.6103271,88823.610865,88826.7207159,3110.3887999925064
1,604,completed,88823.6254155,88823.6261103,88826.7372281,3111.812599992845
0,605,completed,88823.6410509,88823.6422332,88826.7530498,3111.9988999998895
3,606,completed,88823.6720486,88823.672807,88826.7690666,3097.0180000003893
2,606,completed,88823.6744293,88823.6749704,88826.7853652,3110.9359000111
5,607,completed,88823.7186994,88823.7193937,88826.8016329,3082.9335000016727
3,607,completed,88823.7188341,88823.7195205,88826.8174829,3098.6488000053214
4,607,completed,88823.7227814,88823.7233402,88826.8334701,3110.6886999914423
2,608,completed,88823.7477454,88823.7482059,88826.8493934,3101.647999996203
1,608,completed,88823.755119,88823.7556899,88826.8657356,3110.616600009962
0,609,completed,88823.7807358,88823.7811773,88826.881888,3101.152200004435
4,610,completed,88823.8164657,88823.8175487,88826.8981686,3081.7029000027105
2,610,completed,88823.8165522,88823.8175849,88826.914267,3097.714799994719
1,610,completed,88823.8193448,88823.8199453,88826.9303636,3111.018800002057
5,611,completed,88823.8477884,88823.8483093,88826.9467463,3098.957900001551
0,611,completed,88823.8509708,88823.8515883,88826.9634486,3112.4777999939397
1,612,completed,88823.8796379,88823.8802374,88826.979432,3099.7940999950515
3,612,completed,88823.8826115,88823.8831276,88826.995426,3112.8144999966025
4,613,completed,88823.9112626,88823.9117743,88827.0114165,3100.153899998986
3,613,completed,88823.9144333,88823.9150653,88827.0274427,3113.009399996372
5,614,completed,88823.943717,88823.9440928,88827.0432029,3099.485899991123
0,614,completed,88823.9465736,88823.9471713,88827.0590344,3112.4607999954605
3,615,completed,88823.9743753,88823.9752367,88827.0753507,3100.975400011521
2,615,completed,88823.9782406,88823.9788562,88827.0912112,3112.970599991968
1,616,completed,88824.0064317,88824.0068285,88827.1070339,3100.6021999928635
2,616,completed,88824.0109265,88824.0113032,88827.1241893,3113.26279999048
4,617,completed,88824.0381256,88824.0386854,88827.1404257,3102.300099999411
5,617,completed,88824.0423728,88824.0434215,88827.1566032,3114.2303999949945
0,618,completed,88824.0844792,88824.0852239,88827.1727053,3088.226100007887
4,618,completed,88824.0845506,88824.0852424,88827.1894995,3104.9488999997266
5,618,completed,88824.091241,88824.0918641,88827.2056215,3114.3805000028806
1,619,completed,88824.1156512,88824.1162568,88827.222653,3107.001800002763
0,620,completed,88824.1499429,88824.1507223,88827.2386513,3088.7083999987226
3,620,completed,88824.149918,88824.1507593,88827.2545709,3104.6529000013834
2,620,completed,88824.1590085,88824.1596893,88827.2704338,3111.4252999977907
5,621,completed,88824.1815128,88824.1818666,88827.2866078,3105.0949999917066
3,621,completed,88824.1913581,88824.1920077,88827.3028976,3111.539500008803
0,622,completed,88824.2135421,88824.2142371,88827.3189234,3105.3813000035007
2,622,completed,88824.2235404,88824.2241229,88827.3349336,3111.393200000748
4,623,completed,88824.2447655,88824.2451924,88827.3508787,3106.113200003165
1,623,completed,88824.2558331,88824.2567948,88827.3666532,3110.8201000024565
4,624,completed,88824.2760397,88824.2764795,88827.3827465,3106.7068000120344
2,624,completed,88824.2884339,88824.2887664,88827.3988534,3110.4194999934407
1,625,completed,88824.3076856,88824.3080856,88827.4151749,3107.48930000409
5,625,completed,88824.3205346,88824.3209496,88827.43174,3111.205399996834
0,626,completed,88824.3386263,88824.3391536,88827.4478783,3109.25199999474
3,626,completed,88824.3521763,88824.3527865,88827.4643863,3112.2099999920465
1,627,completed,88824.3845203,88824.3850545,88827.4801044,3095.5841000104556
0,627,completed,88824.3860095,88824.3864168,88827.4966835,3110.6739999959245
2,628,completed,88824.4165789,88824.4177586,88827.5124803,3095.9014000109164
5,628,completed,88824.4168849,88824.4179203,88827.5284055,3111.520599995856
4,629,completed,88824.4485288,88824.4489623,88827.5443451,3095.8163000032073
3,629,completed,88824.4496222,88824.4502553,88827.5603035,3110.6812999933027
5,630,completed,88824.4802027,88824.4807207,88827.5761485,3095.945799999754
3,630,completed,88824.4823793,88824.4827205,88827.5923722,3109.992900004727
2,631,completed,88824.5112619,88824.5116247,88827.6083623,3097.100400002091
1,631,completed,88824.5135982,88824.5141797,88827.624263,3110.6647999986308
0,632,completed,88824.5430175,88824.5433839,88827.6409381,3097.920600004727
4,632,completed,88824.5455281,88824.5460262,88827.6568118,3111.28369999642
0,633,completed,88824.5776616,88824.5787161,88827.6736369,3095.9753000061028
5,633,completed,88824.5776581,88824.5787106,88827.6903766,3112.718500007759
1,634,completed,88824.6081017,88824.6085625,88827.7062845,3098.182800007635
3,634,completed,88824.610243,88824.6107618,88827.7225349,3112.291899989941
4,635,completed,88824.6395894,88824.6400392,88827.7383308,3098.7413999973796
2,635,completed,88824.6420413,88824.6426168,88827.7543366,3112.2953000012785
5,636,completed,88824.6719677,88824.6723596,88827.7707538,3098.7861000030534
3,636,completed,88824.6749362,88824.6754478,88827.7866546,3111.7184000031557
1,637,completed,88824.7205372,88824.7211124,88827.8026926,3082.155399999465
0,637,completed,88824.7207004,88824.721268,88827.8190215,3098.3211000129813
4,637,completed,88824.723072,88824.7235429,88827.8351725,3112.1005000022706
2,638,completed,88824.7390776,88824.7397949,88827.8508675,3111.789900009171
4,639,completed,88824.7872897,88824.7883535,88827.8670249,3079.7351999935927
1,639,completed,88824.7872758,88824.7883929,88827.8827503,3095.4745000053663
5,639,completed,88824.7875098,88824.7885612,88827.8990672,3111.557400014135
0,640,completed,88824.8070482,88824.8075006,88827.9150298,3107.981599998311
3,640,completed,88824.8208169,88824.8218997,88827.9314602,3110.6432999949902
2,641,completed,88824.8387456,88824.839111,88827.9472237,3108.478099995409
5,641,completed,88824.8537411,88824.8542219,88827.9637931,3110.052000003634
4,642,completed,88824.8708577,88824.8712482,88827.97964,3108.7822999979835
0,642,completed,88824.8856356,88824.8869716,88827.9958466,3110.2109999919776
1,643,completed,88824.9176162,88824.9183509,88828.0118439,3094.2277000140166
2,643,completed,88824.9187212,88824.9192861,88828.028127,3109.4058000016958
3,644,completed,88824.9487577,88824.9492773,88828.0442948,3095.5371000018204
2,645,completed,88824.9819354,88824.9827628,88828.0602368,3078.3013999898685
4,645,completed,88824.9819388,88824.9827439,88828.0762137,3094.274899995071
5,645,completed,88824.9829426,88824.9835413,88828.0921235,3109.1808999917703
3,646,completed,88825.0072322,88825.0076286,88828.1083419,3101.1097000009613
1,646,completed,88825.0147826,88825.0153245,88828.1243975,3109.6148999931756
0,647,completed,88825.0389448,88825.0393248,88828.1409304,3101.985599991167
3,647,completed,88825.0470809,88825.0482862,88828.1567834,3109.702500005369
0,648,completed,88825.0795766,88825.0800896,88828.1730485,3093.471900006989
5,648,completed,88825.0864081,88825.0868594,88828.1894613,3103.0532000004314
2,648,completed,88825.0959216,88825.0964563,88828.2064584,3110.536799998954
4,649,completed,88825.1179637,88825.1184055,88828.222937,3104.9732999963453
0,649,completed,88825.128079,88825.1291729,88828.2393553,3111.2762999982806
5,650,completed,88825.1495879,88825.1500355,88828.2550088,3105.4208999994444
1,650,completed,88825.1606477,88825.1610983,88828.2712128,3110.5650999961654
4,651,completed,88825.1811653,88825.1816006,88828.2870536,3105.8882999932393
3,651,completed,88825.1933511,88825.1940964,88828.3036051,3110.2539999992587
1,652,completed,88825.2099965,88825.210732,88828.3197182,3109.721700006048
2,653,completed,88825.2412065,88825.241746,88828.3367107,3095.504199998686
0,653,completed,88825.2421982,88825.2429065,88828.352739,3110.540800000308
5,654,completed,88825.2784566,88825.2792426,88828.3689012,3090.444599991315
4,654,completed,88825.2785718,88825.2793453,88828.3847942,3106.2224000052083
1,654,completed,88825.2907852,88825.2918402,88828.4007652,3109.9799999938114
3,655,completed,88825.3072852,88825.308281,88828.416552,3109.266799991019
2,656,completed,88825.3374203,88825.3382265,88828.432951,3095.5306999967434
0,656,completed,88825.339788,88825.3406352,88828.4490015,3109.213500007172
4,657,completed,88825.3836374,88825.3842821,88828.4653189,3081.6814999998314
2,657,completed,88825.3838212,88825.3844102,88828.4813556,3097.5344000034966
5,657,completed,88825.3881138,88825.3887098,88828.4982265,3110.1127000001725
3,658,completed,88825.41437,88825.4147646,88828.5142274,3099.8573999968357
1,658,completed,88825.4202107,88825.4213926,88828.5300022,3109.791499999119
3,659,completed,88825.448119,88825.4485076,88828.5459001,3097.781100004795
2,659,completed,88825.4533838,88825.4537988,88828.5619067,3108.5228999872925
4,660,completed,88825.4798429,88825.4802098,88828.5778239,3097.981000013533
5,660,completed,88825.4855282,88825.4866716,88828.5938279,3108.2996999903116
1,661,completed,88825.5117615,88825.5123116,88828.6101384,3098.3769000013126
0,661,completed,88825.5178976,88825.5191379,88828.626443,3108.5453999985475
4,662,completed,88825.5396896,88825.5401378,88828.6422841,3102.594500000123
2,662,completed,88825.5508172,88825.5512796,88828.6582922,3107.4749999970663
5,663,completed,88825.5708842,88825.5713071,88828.6742916,3103.4073999908287
0,664,completed,88825.6149853,88825.6160606,88828.6901537,3075.1683999988018
1,664,completed,88825.6151068,88825.6161995,88828.7068617,3091.754900000524
3,664,completed,88825.615199,88825.616395,88828.7226759,3107.476899996982
5,665,completed,88825.6437151,88825.6441993,88828.7390659,3095.350799994776
1,665,completed,88825.6485287,88825.6491009,88828.7553775,3106.848800001899
0,666,completed,88825.6746516,88825.6750667,88828.7716417,3096.9901000062237
3,666,completed,88825.6813966,88825.6819431,88828.7871844,3105.7877999992343
2,667,completed,88825.709387,88825.7097611,88828.8031691,3093.7821000115946
4,667,completed,88825.7136984,88825.7143704,88828.819147,3105.448600006639
3,668,completed,88825.7408751,88825.7412687,88828.8355017,3094.626599995536
1,669,completed,88825.7739703,88825.7747619,88828.8514212,3077.450900003896
4,669,completed,88825.7740574,88825.7748198,88828.8678983,3093.8408999936655
0,669,completed,88825.7780702,88825.778667,88828.8838479,3105.7776999950875
5,670,completed,88825.8054464,88825.8062546,88828.90019,3094.7435999987647
2,670,completed,88825.810646,88825.8112512,88828.9160593,3105.413299999782
0,671,completed,88825.837459,88825.8381922,88828.9320503,3094.5913000032306
2,671,completed,88825.8432761,88825.8441163,88828.9477925,3104.516399995191
3,671,completed,88825.8601179,88825.860513,88828.9641253,3104.0074000047753
1,672,completed,88825.884893,88825.8853046,88828.9801294,3095.236400011345
4,672,completed,88825.8912888,88825.8922003,88828.9962806,3104.9917999916943
5,673,completed,88825.9157659,88825.9162219,88829.012491,3096.725099996547
4,673,completed,88825.9238815,88825.924443,88829.028599,3104.7174999985145
3,674,completed,88825.9467841,88825.9471844,88829.0448158,3098.031700006686
5,675,completed,88825.9836002,88825.9845158,88829.0605257,3076.925500005018
1,675,completed,88825.9840252,88825.9846864,88829.0765383,3092.5130999967223
0,675,completed,88825.9884626,88825.9890716,88829.0926727,3104.21010000573
2,676,completed,88826.0154492,88826.0163533,88829.1087023,3093.253099999856
1,676,completed,88826.0208432,88826.0215084,88829.1245959,3103.7526999862166
3,677,completed,88826.047395,88826.0481492,88829.1406013,3093.206299992744
2,677,completed,88826.0537163,88826.0545504,88829.156394,3102.6777000079164
0,678,completed,88826.0789447,88826.0793347,88829.1727514,3093.8066999951843
4,678,completed,88826.0861382,88826.0871045,88829.1884355,3102.2972999926424
5,679,completed,88826.1102438,88826.1106494,88829.2043486,3094.104800009518
3,679,completed,88826.1187225,88826.1192737,88829.2208556,3102.1330999938073
5,680,completed,88826.1409817,88826.1416826,88829.237166,3096.184300011373
4,680,completed,88826.1513473,88826.1525654,88829.2532846,3101.9373000017367
2,681,completed,88826.1719913,88826.1723923,88829.2698953,3097.9040000092937
1,681,completed,88826.1846719,88826.1852033,88829.285819,3101.147099994705
0,682,completed,88826.2183663,88826.2187823,88829.3025121,3084.145799992257
2,683,completed,88826.2489795,88826.2495952,88829.3186356,3069.6560999931535
0,683,completed,88826.2492388,88826.249761,88829.3346028,3085.3639999986626
1,683,completed,88826.250139,88826.2506796,88829.3505219,3100.3829000110272
5,684,completed,88826.2801461,88826.2806067,88829.3665039,3086.35779999895
3,684,completed,88826.2824638,88826.2830741,88829.3825166,3100.0528000004124
4,685,completed,88826.3124224,88826.3130904,88829.3983223,3085.8998999901814
5,685,completed,88826.314441,88826.3154476,88829.4142671,3099.8261000058847
0,686,completed,88826.3441673,88826.3447229,88829.4304618,3086.294499997166
2,686,completed,88826.3472052,88826.3482443,88829.446861,3099.655800004257
1,687,completed,88826.3752873,88826.3758036,88829.4632692,3087.981899996521
4,687,completed,88826.380321,88826.3811111,88829.4793515,3099.0305000013905
3,688,completed,88826.4070431,88826.4075873,88829.4955637,3088.5205999948084
0,688,completed,88826.4130548,88826.4136799,88829.5113474,3098.292599999695
4,689,completed,88826.4378719,88826.4383172,88829.5275008,3089.6289000083925
3,689,completed,88826.4454594,88826.4460537,88829.5435013,3098.0418999970425
5,690,completed,88826.4841768,88826.4848232,88829.5593824,3075.2055999910226
2,690,completed,88826.4842407,88826.4848952,88829.575268,3091.027300004498
1,690,completed,88826.4937659,88826.4946922,88829.5909495,3097.1835999953328
1,691,completed,88826.5144999,88826.5152434,88829.6075598,3093.0598999984795
3,691,completed,88826.5262292,88826.5271323,88829.6237381,3097.508899998502
0,692,completed,88826.5459378,88826.5464062,88829.6398198,3093.882000001031
5,692,completed,88826.5589234,88826.5595957,88829.6555601,3096.636699992814
4,693,completed,88826.5777483,88826.5783011,88829.6717406,3093.9922999968985
0,693,completed,88826.5912556,88826.5918721,88829.687775,3096.519400001853
2,694,completed,88826.608527,88826.6090238,88829.704136,3095.6089999963297
5,694,completed,88826.6236702,88826.6245418,88829.7201936,3096.523400003207
3,695,completed,88826.6399545,88826.6405684,88829.7371115,3097.156999996514
2,696,completed,88826.6710926,88826.6715512,88829.7529232,3081.830600000103
1,696,completed,88826.6725236,88826.6730403,88829.7688107,3096.2870999937877
5,697,completed,88826.7172707,88826.7179582,88829.7849575,3067.6868000009563
4,697,completed,88826.7172107,88826.7179464,88829.8009294,3083.7186999997357
1,698,completed,88826.7471833,88826.7481838,88829.8167182,3069.5349000015995
4,698,completed,88826.7472188,88826.7482391,88829.8331459,3085.9271000081208
0,698,completed,88826.7533062,88826.7539583,88829.8491283,3095.8221000037156
3,699,completed,88826.7778361,88826.7783196,88829.8655756,3087.739499998861
2,699,completed,88826.7855871,88826.7860403,88829.8813191,3095.731999987038
5,700,completed,88826.8094062,88826.8098184,88829.8976302,3088.2239999918966
3,700,completed,88826.8177179,88826.8183672,88829.9137352,3096.0172999912174
4,701,completed,88826.8410182,88826.8415026,88829.9299184,3088.900200003991
2,701,completed,88826.8496528,88826.8504945,88829.9461038,3096.4510000048904
1,702,completed,88826.8721695,88826.8725948,88829.9622665,3090.0970000075176
0,702,completed,88826.882202,88826.8830263,88829.9785655,3096.3635000080103
4,703,completed,88826.9077723,88826.9083829,88829.994745,3086.9727000099374
2,703,completed,88826.9145737,88826.9151996,88830.0108607,3096.2869999930263
1,704,completed,88826.94696,88826.9479566,88830.0266899,3079.7298999968916
5,704,completed,88826.9470123,88826.9480303,88830.0428329,3095.820599992294
0,705,completed,88826.9780336,88826.978861,88830.0587272,3080.6936000008136
1,705,completed,88826.9796871,88826.9803957,88830.0749932,3095.306100003654
3,706,completed,88827.009536,88827.0101207,88830.0906691,3081.133100000443
4,706,completed,88827.0115633,88827.0121422,88830.1066524,3095.0891000102274
5,707,completed,88827.0453403,88827.0459106,88830.1236121,3078.27179999731
3,707,completed,88827.0455392,88827.0461031,88830.1397391,3094.1999000060605
0,707,completed,88827.0592904,88827.060188,88830.1559332,3096.6428000101587
3,708,completed,88827.0766477,88827.0770657,88830.1720906,3095.442899997579
2,709,completed,88827.1072544,88827.1084137,88830.1878564,3080.602000001818
1,709,completed,88827.107364,88827.1086142,88830.2039156,3096.551599999657
2,710,completed,88827.1387026,88827.1391667,88830.2198584,3081.155799998669
4,710,completed,88827.1406851,88827.1412623,88830.236044,3095.3588999982458
5,711,completed,88827.1707388,88827.1714156,88830.2523177,3081.578899989836
0,711,completed,88827.1734482,88827.1740526,88830.2684983,3095.0501000043005
4,712,completed,88827.2054591,88827.2068226,88830.2847494,3079.290299996501
5,712,completed,88827.2060107,88827.207421,88830.3011025,3095.0918000016827
1,713,completed,88827.2375823,88827.238481,88830.3172147,3079.632399996626
0,713,completed,88827.2534318,88827.2544634,88830.3334476,3080.01580000564
2,714,completed,88827.2853869,88827.2863646,88830.3491658,3063.7789000029443
3,714,completed,88827.2854129,88827.2863794,88830.3656418,3080.228899998474
5,714,completed,88827.2867717,88827.2872843,88830.3817929,3095.0212000025203
3,715,completed,88827.3125394,88827.3129615,88830.3980388,3085.499400011031
0,715,completed,88827.3191706,88827.3197385,88830.4139246,3094.753999990644
2,716,completed,88827.3433279,88827.3437817,88830.4300725,3086.7446000047494
1,717,completed,88827.3780872,88827.3790841,88830.4464461,3068.358899996383
4,717,completed,88827.3780526,88827.3791731,88830.4623343,3084.2816999938805
2,718,completed,88827.4098154,88827.4107825,88830.4784844,3068.6690000002272
4,718,completed,88827.4097379,88827.4107837,88830.4949355,3085.1975999976275
1,718,completed,88827.4153676,88827.4159442,88830.5109573,3095.589699994889
5,719,completed,88827.4407131,88827.4411541,88830.5269955,3086.282399992342
0,719,completed,88827.4481246,88827.4488679,88830.5428797,3094.75509999902
3,720,completed,88827.4720254,88827.4724869,88830.5596784,3087.6529999950435
1,720,completed,88827.4802666,88827.4809945,88830.5755167,3095.250099999248
0,721,completed,88827.5178936,88827.519398,88830.5914625,3073.5688999993727
2,721,completed,88827.5178757,88827.5195644,88830.607312,3089.4362999970326
5,722,completed,88827.5438264,88827.5444046,88830.6243769,3080.5505000025732
4,722,completed,88827.5445262,88827.5450669,88830.640163,3095.6368000042858
3,723,completed,88827.5753021,88827.5756936,88830.6564366,3081.1344999965513
5,723,completed,88827.5763336,88827.5769154,88830.6729868,3096.653200002038
3,724,completed,88827.6115305,88827.6123242,88830.6887968,3077.2662999952445
2,724,completed,88827.6115423,88827.6123252,88830.7046321,3093.0897999933222
1,724,completed,88827.6245475,88827.6255046,88830.720945,3096.3974999904167
0,725,completed,88827.6422214,88827.6426146,88830.7370854,3094.863999998779
4,725,completed,88827.6571541,88827.6582492,88830.7537698,3096.615699992981
0,726,completed,88827.6738623,88827.6743225,88830.7699626,3096.100299997488
5,727,completed,88827.7050688,88827.7055623,88830.7863245,3081.2557000026572
1,727,completed,88827.7065049,88827.707244,88830.8026564,3096.1515000090003
4,728,completed,88827.7514886,88827.7521206,88830.8188739,3067.385300004389
3,728,completed,88827.7514763,88827.7521416,88830.834801,3083.32469999732
2,728,completed,88827.7546191,88827.7553119,88830.8506609,3096.0418000031495
5,729,completed,88827.7825674,88827.7830533,88830.8670392,3084.471800000756
3,729,completed,88827.7869739,88827.7875516,88830.8830296,3096.0556999925757
1,730,completed,88827.8142851,88827.814727,88830.899917,3085.6319000013173
0,730,completed,88827.8192547,88827.8198507,88830.9161428,3096.888099986245
4,731,completed,88827.8451356,88827.8455421,88830.9320625,3086.9268999958877
2,731,completed,88827.8511056,88827.8517465,88830.9481026,3096.997000000556
4,732,completed,88827.8761411,88827.8765291,88830.9645295,3088.3883999922546
1,732,completed,88827.882965,88827.8835566,88830.9803909,3097.425900006783
5,733,completed,88827.907062,88827.9075439,88830.9967295,3089.6674999967217
0,733,completed,88827.9153294,88827.9158422,88831.0127301,3097.400700004073
3,734,completed,88827.9378717,88827.9382618,88831.0288101,3090.9383999969577
2,734,completed,88827.9475086,88827.9482103,88831.0448248,3097.3162000009324
5,735,completed,88827.9785874,88827.9790641,88831.0609473,3082.359899999574
4,735,completed,88827.9799148,88827.9804352,88831.0768998,3096.9849999964936
0,736,completed,88828.0100778,88828.0105219,88831.0926787,3082.6009000011254
1,736,completed,88828.0120218,88828.012666,88831.1087985,3096.7767000111053
2,737,completed,88828.0412592,88828.0416601,88831.1249839,3083.724699987215
3,737,completed,88828.0445037,88828.0450516,88831.1411714,3096.6676999960328
2,738,completed,88828.0823741,88828.082872,88831.1570199,3074.6457999921404
4,738,completed,88828.0824954,88828.083023,88831.1733352,3090.8398000028683
5,738,completed,88828.0923224,88828.0928243,88831.1894222,3097.0997999975225
3,739,completed,88828.1137678,88828.114192,88831.2057202,3091.952400005539
1,739,completed,88828.1247076,88828.1253021,88831.2216689,3096.961300005205
0,740,completed,88828.1455505,88828.1463154,88831.2377244,3092.173899989575
3,741,completed,88828.1845169,88828.1857495,88831.2547466,3070.2296999952523
0,741,completed,88828.1845559,88828.1857796,88831.2708965,3086.340599998948
5,741,completed,88828.1896477,88828.1900625,88831.2874518,3097.8041000053054
2,742,completed,88828.2179926,88828.2184439,88831.3035714,3085.5788000044413
4,742,completed,88828.2231849,88828.2236745,88831.3205161,3097.3311999987345
0,743,completed,88828.2442093,88828.2445708,88831.3365845,3092.3751999944216
5,743,completed,88828.2551905,88828.2556878,88831.3528071,3097.6166000036756
1,744,completed,88828.2793356,88828.279795,88831.3691413,3089.805700001307
4,744,completed,88828.2873566,88828.2885272,88831.3850018,3097.6451999886194
3,745,completed,88828.3109115,88828.3113256,88831.4012522,3090.3407000005245
1,745,completed,88828.3199345,88828.3207621,88831.4174482,3097.5136999913957
2,746,completed,88828.3422772,88828.3426503,88831.4333327,3091.055500000948
0,747,completed,88828.3760735,88828.3765958,88831.4497615,3073.68800000404
5,747,completed,88828.376356,88828.3769591,88831.4659817,3089.62570001313
4,747,completed,88828.3850761,88828.3856826,88831.4817527,3096.676599991042
1,748,completed,88828.4068217,88828.4072924,88831.4978701,3091.048399990541
3,748,completed,88828.4167592,88828.4173522,88831.5140039,3097.244699994917
2,749,completed,88828.4395798,88828.4402438,88831.5300325,3090.452699994785
0,749,completed,88828.4492796,88828.4500352,88831.5464045,3097.1248999994714
4,750,completed,88828.4708648,88828.4717773,88831.5629624,3092.097600005218
2,750,completed,88828.4815719,88828.4828703,88831.5788014,3097.229499995592
3,751,completed,88828.5181569,88828.5189467,88831.5951238,3076.966900000116
5,751,completed,88828.5182388,88828.5189262,88831.6116866,3093.4477999981027
1,751,completed,88828.5301883,88828.5308036,88831.627508,3097.3196999984793
3,752,completed,88828.5486114,88828.5490349,88831.6437199,3095.1085000124294
2,752,completed,88828.5621453,88828.5627299,88831.6597046,3097.5592999893706
4,753,completed,88828.5801143,88828.5805502,88831.6756905,3095.576199993957
5,753,completed,88828.5944585,88828.5952578,88831.691819,3097.3605000035604
1,754,completed,88828.6104059,88828.6110984,88831.7076263,3097.2203999990597
0,755,completed,88828.6515294,88828.6524586,88831.7237325,3072.203100004117
4,755,completed,88828.6519115,88828.6526155,88831.7399286,3088.0171000026166
2,755,completed,88828.6584776,88828.6589854,88831.757008,3098.530400005984
5,756,completed,88828.680661,88828.6810515,88831.7730656,3092.404600000009
0,756,completed,88828.6904035,88828.6908328,88831.7890314,3098.6278999916976
1,757,completed,88828.7138602,88828.714262,88831.8055765,3091.7162999976426
3,757,completed,88828.7228811,88828.7238619,88831.8215219,3098.640800002613
5,758,completed,88828.7459474,88828.74637,88831.837861,3091.913600001135
1,758,completed,88828.7556143,88828.756248,88831.8541244,3098.510099996929
0,759,completed,88828.7776107,88828.7779706,88831.8703699,3092.759200008004
3,759,completed,88828.7877537,88828.7881192,88831.8862072,3098.453500002506
2,760,completed,88828.8091285,88828.8097879,88831.9025176,3093.3891000022413
4,760,completed,88828.8194025,88828.8200659,88831.9182723,3098.8698000001023
3,761,completed,88828.8397193,88828.8401111,88831.93444,3094.720699999016
1,761,completed,88828.851675,88828.8523449,88831.9504442,3098.7692000053357
4,762,completed,88828.8763711,88828.8767749,88831.9664178,3090.0466999883065
0,762,completed,88828.8840729,88828.8847398,88831.982453,3098.380100011127
5,763,completed,88828.9076044,88828.9080555,88831.9984307,3090.826300001936
2,763,completed,88828.9162941,88828.9168931,88832.0145828,3098.2886999991024
0,764,completed,88828.9389855,88828.9393468,88832.0303471,3091.361599988886
2,764,completed,88828.9480191,88828.9486191,88832.0466917,3098.6725999973714
1,765,completed,88828.9848128,88828.9854871,88832.0630765,3078.2636999938404
3,765,completed,88828.9849124,88828.9855487,88832.079225,3094.312599991099
4,765,completed,88828.9965989,88828.9972121,88832.0952897,3098.690799990436
5,766,completed,88829.015812,88829.0161929,88832.1112074,3095.3953999996884
4,766,completed,88829.0287762,88829.0292768,88832.1275787,3098.802500011516
3,767,completed,88829.0496294,88829.0500621,88832.1432958,3093.6663999891607
5,767,completed,88829.0606959,88829.0612109,88832.1597107,3099.0147999982582
1,768,completed,88829.0810037,88829.0814211,88832.1755947,3094.591000000946
0,768,completed,88829.0929034,88829.0934834,88832.1916572,3098.753800004488
2,769,completed,88829.1124963,88829.1129947,88832.2080225,3095.526199991582
1,769,completed,88829.1248243,88829.1255758,88832.2238301,3099.0058000024874
3,770,completed,88829.1441868,88829.1446523,88832.2406146,3096.427800002857
2,770,completed,88829.1565971,88829.1571577,88832.2574947,3100.89760000119
0,771,completed,88829.1761266,88829.176611,88832.2735535,3097.426899999846
4,771,completed,88829.1886608,88829.1892341,88832.2893846,3100.7237999874633
5,772,completed,88829.2076003,88829.2080246,88832.3057415,3098.141199996462
3,772,completed,88829.2210756,88829.2217883,88832.3217748,3100.6992000038736
5,773,completed,88829.2388448,88829.2393327,88832.3381031,3099.258300004294
4,773,completed,88829.2535236,88829.2543741,88832.3548639,3101.3402999960817
2,774,completed,88829.2859472,88829.2869214,88832.3708823,3084.9351000069873
1,774,completed,88829.2861017,88829.2871134,88832.3868405,3100.7387999998173
0,775,completed,88829.3172143,88829.3176691,88832.4033609,3086.146600006032
2,775,completed,88829.318811,88829.3193925,88832.4190766,3100.265599990962
0,776,completed,88829.348698,88829.3490804,88832.4353368,3086.6387999994913
1,776,completed,88829.3506974,88829.351238,88832.4512892,3100.591800000984
5,777,completed,88829.3802441,88829.3805837,88832.4672093,3086.9651999964844
3,777,completed,88829.3826671,88829.3831804,88832.4831586,3100.49149999395
4,778,completed,88829.4111973,88829.411818,88832.4999837,3088.7864000105765
5,778,completed,88829.4145215,88829.415073,88832.5157067,3101.185199993779
0,779,completed,88829.4426686,88829.4431284,88832.5319857,3089.3171000061557
2,779,completed,88829.4470785,88829.4479314,88832.5481251,3101.0466000007
1,780,completed,88829.474259,88829.4748809,88832.5645308,3090.271799999755
4,780,completed,88829.479515,88829.480027,88832.580319,3100.804000001517
3,781,completed,88829.5058755,88829.5062823,88832.596612,3090.7364999875426
0,781,completed,88829.511566,88829.5124527,88832.6123957,3100.829699993483
4,782,completed,88829.5376351,88829.5380051,88832.6284508,3090.815699993982
3,782,completed,88829.5437216,88829.544278,88832.6447397,3101.0181000019656
5,783,completed,88829.5853857,88829.5863073,88832.6606632,3075.277500000084
2,783,completed,88829.5857731,88829.5865257,88832.6769898,3091.2167000060435
1,783,completed,88829.5912478,88829.5922552,88832.6929524,3101.704600005178
1,784,completed,88829.6165574,88829.6173787,88832.7089416,3092.3841999901924
3,784,completed,88829.6239915,88829.6246667,88832.7247105,3100.7189999945695
0,785,completed,88829.6482764,88829.6490515,88832.7410315,3092.7551000058884
5,785,completed,88829.6557358,88829.6562489,88832.7579608,3102.2249999950873
4,786,completed,88829.6796149,88829.6800406,88832.773956,3094.341100004385
0,786,completed,88829.6880365,88829.6889476,88832.7901712,3102.1347000059905
2,787,completed,88829.7119747,88829.7125393,88832.806189,3094.214299999294
5,787,completed,88829.7204304,88829.7209632,88832.8225452,3102.114799999981
3,788,completed,88829.7429441,88829.7434253,88832.8385382,3095.594099999289
1,789,completed,88829.7781442,88829.7788069,88832.854296,3076.15180000721
2,789,completed,88829.778203,88829.7788829,88832.870302,3092.099000001326
5,789,completed,88829.7851757,88829.7858213,88832.8864705,3101.2947999988683
4,790,completed,88829.8098201,88829.8103995,88832.9028461,3093.0260000022827
1,790,completed,88829.8169904,88829.8178072,88832.918848,3101.857600006042
4,791,completed,88829.8404686,88829.8408963,88832.9352191,3094.750500007649
0,791,completed,88829.8494348,88829.8500903,88832.9512782,3101.8433999997796
3,792,completed,88829.8722473,88829.8727991,88832.9676766,3095.429300010437
2,792,completed,88829.8815629,88829.8822049,88832.9839068,3102.343899998232
3,793,completed,88829.9139631,88829.9146745,88833.0004918,3086.5287000051467
5,793,completed,88829.9190372,88829.9197692,88833.0167738,3097.736600000644
4,793,completed,88829.930166,88829.9308303,88833.0327216,3102.5555999949574
2,794,completed,88829.9511415,88829.9516273,88833.0486415,3097.5000000034925
1,794,completed,88829.9625284,88829.9632814,88833.0650118,3102.483399998164
0,795,completed,88829.9824644,88829.9828084,88833.0810816,3098.617199997534
4,795,completed,88829.9949906,88829.9955789,88833.0972711,3102.280500010238
2,796,completed,88830.013674,88830.0140942,88833.1133163,3099.6423000033246
1,796,completed,88830.02695,88830.027437,88833.129143,3102.192999998806
5,797,completed,88830.0449772,88830.0453899,88833.1452692,3100.29200000281
0,797,completed,88830.0589938,88830.0596033,88833.1612418,3102.2479999955976
1,798,completed,88830.0772457,88830.0776953,88833.1772019,3099.956200007
3,798,completed,88830.090929,88830.0916091,88833.1934856,3102.556600002572
4,799,completed,88830.108118,88830.1086088,88833.2094062,3101.2881999922683
5,800,completed,88830.1389968,88830.1394568,88833.2261353,3087.138500006404
3,800,completed,88830.1399333,88830.1405647,88833.2420321,3102.0987999945646
0,801,completed,88830.184532,88830.1851727,88833.2589957,3074.463700002525
3,801,completed,88830.1846611,88830.1852664,88833.2749276,3090.266500003054
2,801,completed,88830.1880494,88830.1885868,88833.2911251,3103.0756999971345
1,802,completed,88830.2154747,88830.2158295,88833.3072089,3091.734200002975
2,802,completed,88830.2200789,88830.2206623,88833.3233579,3103.278999988106
4,803,completed,88830.2464185,88830.2468424,88833.3394884,3093.069900001865
5,803,completed,88830.2525885,88830.2532976,88833.3555377,3102.9491999943275
0,804,completed,88830.2777824,88830.278278,88833.3718203,3094.0379000094254
4,804,completed,88830.2849987,88830.2854702,88833.3880891,3103.090400007204
5,805,completed,88830.308365,88830.3087818,88833.4043828,3096.0177999950247
1,805,completed,88830.3175321,88830.3181738,88833.4206191,3103.086999995867
0,806,completed,88830.3404075,88830.3409064,88833.4368705,3096.462999994401
2,806,completed,88830.349423,88830.3500834,88833.452999,3103.5759999940637
3,807,completed,88830.3709255,88830.3715356,88833.469717,3098.791500000516
5,807,completed_after_window,88830.3820016,88830.3826175,88833.4871228,3105.1212000020314
3,808,shutdown_backlog,88830.417031,88830.4176888,,
0,808,shutdown_backlog,88830.41706,88830.4177167,,
2,808,shutdown_backlog,88830.4302986,88830.4309259,,
1,809,shutdown_backlog,88830.4475914,88830.4480477,,
4,809,shutdown_backlog,88830.4625913,88830.4632095,,
2,810,shutdown_backlog,88830.4787734,88830.4793739,,
4,811,shutdown_backlog,88830.5100906,88830.5105493,,
1,811,shutdown_backlog,88830.5111647,88830.5117834,,
5,812,shutdown_backlog,88830.543111,88830.5440362,,
0,812,shutdown_backlog,88830.543198,88830.5441395,,
3,813,shutdown_backlog,88830.5746633,88830.5752043,,
1,813,shutdown_backlog,88830.5757154,88830.5762785,,
0,814,shutdown_backlog,88830.6065482,88830.6072023,,
2,814,shutdown_backlog,88830.6076423,88830.6086124,,
5,815,shutdown_backlog,88830.6372107,88830.6378626,,
4,815,shutdown_backlog,88830.6404089,88830.6409999,,
3,816,shutdown_backlog,88830.6832379,88830.6838989,,
5,816,shutdown_backlog,88830.6832753,88830.6839494,,
3,817,shutdown_backlog,88830.7144274,88830.7151844,,
2,817,shutdown_backlog,88830.7144282,88830.7151833,,
1,817,shutdown_backlog,88830.7212165,88830.7218034,,
0,818,shutdown_backlog,88830.7453906,88830.7458596,,
4,818,shutdown_backlog,88830.753998,88830.7547818,,
0,819,shutdown_backlog,88830.7763446,88830.7769123,,
5,819,shutdown_backlog,88830.7865678,88830.7871795,,
1,820,shutdown_backlog,88830.8065284,88830.8069863,,
4,820,shutdown_backlog,88830.8191353,88830.8197291,,
3,821,shutdown_backlog,88830.8369977,88830.8373503,,
2,821,shutdown_backlog,88830.8509061,88830.851364,,
5,822,shutdown_backlog,88830.8833098,88830.8841356,,
3,822,shutdown_backlog,88830.8833739,88830.8843431,,
1,823,shutdown_backlog,88830.9134598,88830.9139101,,
0,823,shutdown_backlog,88830.916381,88830.9169605,,
4,824,shutdown_backlog,88830.9445904,88830.9450091,,
2,824,shutdown_backlog,88830.9483458,88830.9491156,,
4,825,shutdown_backlog,88830.9764418,88830.9769046,,
1,825,shutdown_backlog,88830.9806796,88830.9811055,,
5,826,shutdown_backlog,88831.0074456,88831.0078697,,
0,826,shutdown_backlog,88831.0130211,88831.0136508,,
3,827,shutdown_backlog,88831.0385389,88831.0389122,,
2,827,shutdown_backlog,88831.045105,88831.0455446,,
4,828,shutdown_backlog,88831.0843897,88831.0850272,,
5,828,shutdown_backlog,88831.0844429,88831.0850727,,
0,828,shutdown_backlog,88831.0929704,88831.0935573,,
1,829,shutdown_backlog,88831.115008,88831.1153757,,
2,829,shutdown_backlog,88831.1252333,88831.1258577,,
3,830,shutdown_backlog,88831.145558,88831.1459703,,
2,830,shutdown_backlog,88831.1572729,88831.1579257,,
4,831,shutdown_backlog,88831.176653,88831.1770018,,
5,831,shutdown_backlog,88831.1896549,88831.1902422,,
3,832,shutdown_backlog,88831.2080322,88831.2084033,,
1,832,shutdown_backlog,88831.2219475,88831.2225425,,
0,833,shutdown_backlog,88831.2389841,88831.2393837,,
3,834,shutdown_backlog,88831.2711148,88831.2718559,,
0,834,shutdown_backlog,88831.2711609,88831.2719226,,
5,835,shutdown_backlog,88831.3037945,88831.3049639,,
2,835,shutdown_backlog,88831.3039992,88831.3052121,,
0,836,shutdown_backlog,88831.3465589,88831.3472326,,
4,836,shutdown_backlog,88831.34656,88831.3472159,,
5,836,shutdown_backlog,88831.3531053,88831.3536784,,
1,837,shutdown_backlog,88831.3784319,88831.3788137,,
4,837,shutdown_backlog,88831.3852267,88831.3858918,,
3,838,shutdown_backlog,88831.4099557,88831.4103485,,
1,838,shutdown_backlog,88831.4176958,88831.4182553,,
2,839,shutdown_backlog,88831.4407873,88831.4411702,,
0,839,shutdown_backlog,88831.4500621,88831.4505346,,
5,840,shutdown_backlog,88831.4720218,88831.4723723,,
4,840,shutdown_backlog,88831.4820255,88831.4826059,,
1,841,shutdown_backlog,88831.5048491,88831.5054524,,
3,841,shutdown_backlog,88831.5143518,88831.5149599,,
2,842,shutdown_backlog,88831.5369365,88831.5373074,,
0,842,shutdown_backlog,88831.5467129,88831.5473865,,
2,843,shutdown_backlog,88831.5850909,88831.5857342,,
4,843,shutdown_backlog,88831.5851305,88831.5857709,,
3,843,shutdown_backlog,88831.5954183,88831.5959874,,
5,844,shutdown_backlog,88831.6146027,88831.61505,,
1,844,shutdown_backlog,88831.6277613,88831.6284475,,
3,845,shutdown_backlog,88831.6449816,88831.6453399,,
2,845,shutdown_backlog,88831.6599497,88831.6605328,,
4,846,shutdown_backlog,88831.675982,88831.6764596,,
5,847,shutdown_backlog,88831.7067644,88831.7072515,,
1,847,shutdown_backlog,88831.7078402,88831.7084803,,
0,848,shutdown_backlog,88831.7374513,88831.7378965,,
4,848,shutdown_backlog,88831.7401521,88831.7406119,,
5,849,shutdown_backlog,88831.7839528,88831.7846504,,
2,849,shutdown_backlog,88831.7840563,88831.7846534,,
0,849,shutdown_backlog,88831.7892556,88831.7899134,,
1,850,shutdown_backlog,88831.8142424,88831.8148337,,
3,850,shutdown_backlog,88831.821767,88831.8223711,,
5,851,shutdown_backlog,88831.84337,88831.8437261,,
0,852,shutdown_backlog,88831.8747395,88831.8754057,,
1,852,shutdown_backlog,88831.8747497,88831.8754189,,
3,852,shutdown_backlog,88831.8865283,88831.8872146,,
2,853,shutdown_backlog,88831.9049895,88831.9053406,,
3,854,shutdown_backlog,88831.9444805,88831.9451456,,
4,854,shutdown_backlog,88831.9444677,88831.9451662,,
1,854,shutdown_backlog,88831.950675,88831.9513377,,
4,855,shutdown_backlog,88831.9751899,88831.9755796,,
0,855,shutdown_backlog,88831.9826975,88831.9833102,,
2,856,shutdown_backlog,88832.015718,88832.0164046,,
5,856,shutdown_backlog,88832.0157529,88832.0164173,,
0,856,shutdown_backlog,88832.0306003,88832.031462,,
2,857,shutdown_backlog,88832.0469777,88832.047756,,
1,858,shutdown_backlog,88832.0772828,88832.077688,,
3,858,shutdown_backlog,88832.0794173,88832.0799988,,
4,859,shutdown_backlog,88832.1078895,88832.1082779,,
5,859,shutdown_backlog,88832.1114861,88832.1120692,,
4,860,shutdown_backlog,88832.1380922,88832.138498,,
3,860,shutdown_backlog,88832.1435441,88832.1441496,,
5,861,shutdown_backlog,88832.1845941,88832.1852986,,
1,861,shutdown_backlog,88832.1846778,88832.1853713,,
0,861,shutdown_backlog,88832.1919222,88832.1926245,,
2,862,shutdown_backlog,88832.2155132,88832.2158989,,
1,862,shutdown_backlog,88832.2241382,88832.2252096,,
3,863,shutdown_backlog,88832.2464101,88832.2470768,,
2,863,shutdown_backlog,88832.2577525,88832.2583379,,
0,864,shutdown_backlog,88832.2771581,88832.2775737,,
4,864,shutdown_backlog,88832.2897577,88832.2906299,,
5,865,shutdown_backlog,88832.3079708,88832.3084705,,
3,865,shutdown_backlog,88832.322039,88832.3226767,,
5,866,shutdown_backlog,88832.3383727,88832.3394408,,
2,867,shutdown_backlog,88832.3838106,88832.3845722,,
4,867,shutdown_backlog,88832.3838253,88832.3845711,,
1,867,shutdown_backlog,88832.3871034,88832.3877544,,
0,868,shutdown_backlog,88832.4148432,88832.4153654,,
2,868,shutdown_backlog,88832.4193092,88832.4199934,,
0,869,shutdown_backlog,88832.4467284,88832.447263,,
1,869,shutdown_backlog,88832.4515224,88832.4521309,,
5,870,shutdown_backlog,88832.4781525,88832.4785418,,
3,870,shutdown_backlog,88832.4834306,88832.4847716,,
4,871,shutdown_backlog,88832.509244,88832.5096438,,
5,871,shutdown_backlog,88832.5159631,88832.5165738,,
0,872,shutdown_backlog,88832.5400548,88832.5405681,,
2,872,shutdown_backlog,88832.5483942,88832.5489799,,
1,873,shutdown_backlog,88832.5702235,88832.5706664,,
4,873,shutdown_backlog,88832.5805827,88832.581429,,
3,874,shutdown_backlog,88832.615579,88832.6162713,,
0,874,shutdown_backlog,88832.6154922,88832.6163508,,
4,874,shutdown_backlog,88832.628718,88832.6294498,,
3,875,shutdown_backlog,88832.647236,88832.6476052,,
5,875,shutdown_backlog,88832.6608992,88832.6614814,,
2,876,shutdown_backlog,88832.6786568,88832.6791177,,
1,876,shutdown_backlog,88832.6932069,88832.6937988,,
1,877,shutdown_backlog,88832.7100976,88832.7105011,,
3,877,shutdown_backlog,88832.7250507,88832.7257589,,
0,878,shutdown_backlog,88832.7412851,88832.7417568,,
5,879,shutdown_backlog,88832.772744,88832.7733236,,
4,879,shutdown_backlog,88832.7741818,88832.7747231,,
0,880,shutdown_backlog,88832.8037673,88832.8042217,,
2,880,shutdown_backlog,88832.8063868,88832.8069393,,
3,881,shutdown_backlog,88832.8499938,88832.8507472,,
5,881,shutdown_backlog,88832.8499876,88832.850745,,
1,881,shutdown_backlog,88832.8545693,88832.8551526,,
2,882,shutdown_backlog,88832.8823799,88832.8827718,,
5,882,shutdown_backlog,88832.8867086,88832.8873511,,
4,883,shutdown_backlog,88832.9133098,88832.9136878,,
1,883,shutdown_backlog,88832.919134,88832.919725,,
4,884,shutdown_backlog,88832.9449498,88832.9454019,,
0,884,shutdown_backlog,88832.9515296,88832.9521475,,
3,885,shutdown_backlog,88832.9757659,88832.9763094,,
2,885,shutdown_backlog,88832.9842961,88832.9852517,,
3,886,shutdown_backlog,88833.0073261,88833.0077627,,
5,886,shutdown_backlog,88833.0170229,88833.0176227,,
4,887,shutdown_backlog,88833.0384928,88833.0390481,,
2,887,shutdown_backlog,88833.04892,88833.0495455,,
0,888,shutdown_backlog,88833.0846345,88833.0853604,,
1,888,shutdown_backlog,88833.0846661,88833.0853595,,
4,889,shutdown_backlog,88833.1162619,88833.1170175,,
2,889,shutdown_backlog,88833.116293,88833.11702,,
1,889,shutdown_backlog,88833.1294309,88833.1301191,,
5,890,shutdown_backlog,88833.147558,88833.148101,,
0,890,shutdown_backlog,88833.1614939,88833.1621223,,
1,891,shutdown_backlog,88833.1788227,88833.1793201,,
3,892,shutdown_backlog,88833.2095108,88833.2103512,,
4,892,shutdown_backlog,88833.2097169,88833.2104526,,
5,893,shutdown_backlog,88833.2412026,88833.2417774,,
3,893,shutdown_backlog,88833.2422575,88833.2428341,,
0,894,shutdown_backlog,88833.2721561,88833.272584,,
3,894,shutdown_backlog,88833.275162,88833.2760754,,
2,895,shutdown_backlog,88833.303916,88833.3046489,,
1,895,shutdown_backlog,88833.3074504,88833.3082543,,
2,896,shutdown_backlog,88833.3503564,88833.3513873,,
4,896,shutdown_backlog,88833.3504089,88833.3514312,,
5,896,shutdown_backlog,88833.3558229,88833.3566912,,
0,897,shutdown_backlog,88833.3807203,88833.3815733,,
4,897,shutdown_backlog,88833.3883289,88833.3890328,,
5,898,shutdown_backlog,88833.4118108,88833.4123409,,
1,898,shutdown_backlog,88833.4208635,88833.4216442,,
0,899,shutdown_backlog,88833.4432227,88833.4436656,,
2,899,shutdown_backlog,88833.4532512,88833.4541043,,
