camera,seq,status,capture_s,enqueue_s,finish_s,latency_ms
0,0,completed,88494.1681309,88494.1693028,88494.1709992,2.8682999982265756
1,0,completed,88494.1681305,88494.1692994,88494.171864,3.733500008820556
0,1,completed,88494.2028333,88494.2037949,88494.2049394,2.106100000673905
1,1,completed,88494.2028506,88494.2039113,88494.2057894,2.9387999966274947
1,2,completed,88494.2375211,88494.2384961,88494.2395388,2.0176999969407916
0,2,completed,88494.2375196,88494.2386515,88494.2403666,2.8469999961089343
0,3,completed,88494.2652443,88494.2664071,88494.2672967,2.0523999992292374
1,3,completed,88494.2722439,88494.2732597,88494.2742319,1.987999989069067
1,4,completed,88494.3071759,88494.3082057,88494.3092451,2.069199996185489
0,4,completed,88494.3071909,88494.3084057,88494.3100985,2.9076000064378604
1,5,completed,88494.3348316,88494.3360154,88494.3369492,2.1176000009290874
0,5,completed,88494.3348315,88494.3362644,88494.337825,2.9934999911347404
0,6,completed,88494.3711269,88494.3719231,88494.3727744,1.6475000011269003
1,6,completed,88494.3711272,88494.372074,88494.3736322,2.505000011296943
0,7,completed,88494.4041068,88494.4051175,88494.4062341,2.127300002030097
1,7,completed,88494.4041066,88494.4051747,88494.4071535,3.04689999029506
1,8,completed,88494.4386215,88494.4395196,88494.4404698,1.84830000216607
0,8,completed,88494.438626,88494.439525,88494.4412813,2.655299991602078
1,9,completed,88494.4664087,88494.467335,88494.4682518,1.8431000062264502
0,9,completed,88494.4664173,88494.4673601,88494.4690363,2.618999991682358
1,10,completed,88494.5012171,88494.5021819,88494.5031478,1.930700003867969
0,10,completed,88494.5012147,88494.5021953,88494.5039142,2.69950000802055
0,11,completed,88494.5357516,88494.5368652,88494.5378999,2.14830000186339
1,11,completed,88494.5357688,88494.5371425,88494.5387292,2.960400001029484
0,12,completed,88494.570582,88494.5715826,88494.572495,1.9130000000586733
1,12,completed,88494.5706018,88494.5717172,88494.5732577,2.655899996170774
1,13,completed,88494.5985237,88494.5997401,88494.6006466,2.1228999976301566
0,13,completed,88494.5985243,88494.5997394,88494.6014019,2.8775999962817878
0,14,completed,88494.6331927,88494.6341236,88494.6350349,1.8421999993734062
1,14,completed,88494.633203,88494.6341264,88494.6359065,2.703499994822778
1,15,completed,88494.6679171,88494.6688558,88494.6697525,1.8354000058025122
0,15,completed,88494.6678821,88494.6688619,88494.6705135,2.6313999987905845
1,16,completed,88494.7095734,88494.710638,88494.7115132,1.9398000004002824
0,16,completed,88494.7095568,88494.7107128,88494.7122597,2.702900004805997
1,17,completed,88494.7372937,88494.7382119,88494.7390901,1.7963999998755753
0,17,completed,88494.7373065,88494.7382661,88494.7398096,2.5030999968294054
0,18,completed,88494.771736,88494.7728441,88494.7739076,2.171600004658103
1,18,completed,88494.7717362,88494.7729509,88494.7746583,2.9221000004326925
0,19,completed,88494.7998003,88494.8007624,88494.8017485,1.9482000061543658
1,19,completed,88494.7997874,88494.8009689,88494.8025072,2.719800002523698
0,20,completed,88494.8346895,88494.8356603,88494.8365589,1.8694000027608126
1,20,completed,88494.834703,88494.8357681,88494.8372098,2.5067999958992004
1,21,completed,88494.8763055,88494.8774158,88494.8783163,2.0108000026084483
0,21,completed,88494.8762932,88494.8774519,88494.8790726,2.7794000052381307
0,22,completed,88494.9038124,88494.9048503,88494.9057071,1.8946999916806817
1,22,completed,88494.9038313,88494.9049121,88494.906439,2.6076999929500744
1,23,completed,88494.9318846,88494.9329105,88494.9338543,1.9697000097949058
0,23,completed,88494.9319061,88494.9329746,88494.9347052,2.7990999951725826
0,24,completed,88494.966623,88494.9677232,88494.9686187,1.9957000040449202
1,24,completed,88494.9666066,88494.967809,88494.9693457,2.7390999894123524
0,25,completed,88495.0012816,88495.0024676,88495.0033769,2.095300005748868
1,25,completed,88495.0012684,88495.0026362,88495.0041073,2.838900007191114
1,26,completed,88495.0429205,88495.0438635,88495.044823,1.9025000074179843
0,26,completed,88495.0428659,88495.0440382,88495.0456756,2.809700003126636
1,27,completed,88495.071454,88495.0722493,88495.0730889,1.6348999924957752
0,27,completed,88495.0716984,88495.0726962,88495.0739701,2.2716999956173822
0,28,completed,88495.0983004,88495.0993765,88495.1002461,1.9457000016700476
1,28,completed,88495.0983237,88495.0993782,88495.1009695,2.645799992023967
1,29,completed,88495.1339822,88495.1349012,88495.1358305,1.84830000216607
0,29,completed,88495.1340047,88495.1349668,88495.1365985,2.5938000035239384
1,30,completed,88495.1677916,88495.1688217,88495.1698277,2.0360999915283173
0,30,completed,88495.167787,88495.1688446,88495.1711336,3.3466000022599474
0,31,completed,88495.2026178,88495.203543,88495.2044776,1.8598000024212524
1,31,completed,88495.2026225,88495.2037449,88495.2052014,2.5788999919313937
1,32,completed,88495.2374576,88495.2379209,88495.2383389,0.8813000022200868
0,32,completed,88495.2374568,88495.2379869,88495.2386368,1.1800000065704808
1,33,completed,88495.2650531,88495.2653113,88495.2657283,0.6752000044798478
0,33,completed,88495.2650784,88495.2653322,88495.2660345,0.9561000042594969
0,34,completed,88495.2998895,88495.3003965,88495.3009977,1.1081999982707202
1,34,completed,88495.2999163,88495.3004881,88495.3013454,1.4290999970398843
1,35,completed,88495.3344947,88495.3347195,88495.3350756,0.5808999994769692
0,35,completed,88495.3345049,88495.334733,88495.3353622,0.8572999940952286
1,36,completed,88495.369229,88495.369507,88495.3698544,0.625400003627874
0,36,completed,88495.3692328,88495.3695056,88495.3701581,0.9253000025637448
1,37,completed,88495.4040786,88495.4043892,88495.4048661,0.7875000010244548
0,37,completed,88495.4040874,88495.4043799,88495.4051895,1.1020999954780564
1,38,completed,88495.4317361,88495.4320073,88495.432436,0.6999000033829361
0,38,completed,88495.4317361,88495.4320057,88495.4328549,1.1188000062247738
1,39,completed,88495.4669198,88495.467228,88495.4677625,0.8426999993389472
0,39,completed,88495.4669195,88495.4672726,88495.4682386,1.3191000034566969
0,40,completed,88495.5097466,88495.5099434,88495.5102946,0.5479999963426962
1,40,completed,88495.5097739,88495.5099745,88495.510577,0.8030999888433143
1,41,completed,88495.5359131,88495.5364344,88495.536847,0.9338999952888116
0,41,completed,88495.5359628,88495.5364806,88495.537225,1.2621999921975657
1,42,completed,88495.5706657,88495.5709278,88495.571377,0.7113000028766692
0,42,completed,88495.5706554,88495.5709514,88495.5717368,1.0813999979291111
0,43,completed,88495.5985231,88495.5990201,88495.5996109,1.087800003006123
1,43,completed,88495.5985231,88495.5990205,88495.5999349,1.4118000108283013
0,44,completed,88495.6332898,88495.6337718,88495.6341516,0.8617999992566183
1,44,completed,88495.6333143,88495.6337747,88495.6344774,1.1631000088527799
1,45,completed,88495.6677494,88495.6679888,88495.6684095,0.6600999913644046
0,45,completed,88495.6677736,88495.6680153,88495.6687966,1.0230000043520704
1,46,completed,88495.7026755,88495.7031655,88495.7037999,1.124400005210191
0,46,completed,88495.7026857,88495.7031658,88495.7041555,1.4698000013595447
0,47,completed,88495.7375176,88495.7379836,88495.7383338,0.8162000012816861
1,47,completed,88495.7375174,88495.7379731,88495.7387598,1.2424000015016645
1,48,completed,88495.7650494,88495.765559,88495.7660531,1.0037000029115006
0,48,completed,88495.7650607,88495.7655562,88495.7663767,1.3160000089555979
0,49,completed,88495.7998492,88495.8000562,88495.8004739,0.6246999982977286
1,49,completed,88495.7998958,88495.8001022,88495.8009371,1.0412999981781468
1,50,completed,88495.8344754,88495.8347071,88495.835142,0.6665999972028658
0,50,completed,88495.8344749,88495.8347678,88495.8355146,1.0397000005468726
0,51,completed,88495.8692919,88495.8695505,88495.8700087,0.716800001100637
1,51,completed,88495.8693141,88495.8696121,88495.8704065,1.092400008928962
1,52,completed,88495.9039788,88495.9042551,88495.9047186,0.7398000016110018
0,52,completed,88495.9039789,88495.9042536,88495.9050626,1.0837000008905306
0,53,completed,88495.9318521,88495.9321906,88495.9327303,0.8782000077189878
1,53,completed,88495.9318905,88495.9322441,88495.9331809,1.2904000031994656
1,54,completed,88495.9666198,88495.9668676,88495.9672958,0.6759999960195273
0,54,completed,88495.9666006,88495.966907,88495.9676432,1.042599993525073
0,55,completed,88496.0011825,88496.0014362,88496.0019415,0.7590000022901222
1,55,completed,88496.0011958,88496.0014604,88496.0023981,1.2023000017507002
1,56,completed,88496.0360273,88496.0362404,88496.0365933,0.5660000024363399
0,56,completed,88496.0360603,88496.0363013,88496.036873,0.8127000037347898
0,57,completed,88496.0707999,88496.0715915,88496.0721425,1.342599993222393
1,57,completed,88496.0708002,88496.0716489,88496.0726011,1.8008999904850498
0,58,completed,88496.0984596,88496.0988313,88496.0995628,1.1031999893020838
1,58,completed,88496.0984801,88496.0989721,88496.0998735,1.3934000016888604
1,59,completed,88496.1332067,88496.1336777,88496.1340472,0.840499997138977
0,59,completed,88496.1332562,88496.1336643,88496.1343782,1.1220000014873222
0,60,completed,88496.1680093,88496.1684637,88496.1689698,0.9604999941075221
1,60,completed,88496.1680048,88496.1685446,88496.169319,1.3141999952495098
1,61,completed,88496.202574,88496.2028879,88496.2035259,0.9519000013824552
0,61,completed,88496.202589,88496.2029931,88496.2039214,1.332400002866052
1,62,completed,88496.2372025,88496.2374205,88496.2378096,0.6071000098017976
0,62,completed,88496.237192,88496.2374695,88496.2381655,0.9735000057844445
1,63,completed,88496.2721022,88496.2725716,88496.2731727,1.0705000022426248
0,63,completed,88496.2720689,88496.2726821,88496.2736083,1.539400007459335
1,64,completed,88496.299743,88496.2999777,88496.3003982,0.6551999977091327
0,64,completed,88496.2997742,88496.3000231,88496.3007871,1.0129000002052635
1,65,completed,88496.3345695,88496.334855,88496.3353462,0.7766999915475026
0,65,completed,88496.3345729,88496.3348444,88496.335733,1.160100000561215
0,66,completed,88496.3693515,88496.3697378,88496.3702925,0.9409999911440536
1,66,completed,88496.3693789,88496.3698732,88496.3705964,1.2175000010756776
0,67,completed,88496.4039468,88496.4041974,88496.4046372,0.6904000038048252
1,67,completed,88496.4039433,88496.4042402,88496.4050215,1.0782000026665628
0,68,completed,88496.4388422,88496.4392537,88496.4397467,0.904499989701435
1,68,completed,88496.43885,88496.4393653,88496.4401155,1.2654999882215634
0,69,completed,88496.4663878,88496.4666563,88496.4670656,0.6777999951737002
1,69,completed,88496.4663878,88496.4666561,88496.4674125,1.024700002744794
0,70,completed,88496.5012945,88496.501974,88496.5024964,1.2018999987049028
1,70,completed,88496.5012951,88496.5019736,88496.502796,1.5009000053396448
0,71,completed,88496.5429762,88496.5432401,88496.5436354,0.6591999990632758
1,71,completed,88496.5429762,88496.5432402,88496.5440015,1.02530000731349
0,72,completed,88496.5705676,88496.5707881,88496.5711569,0.5892999906791374
1,72,completed,88496.5705845,88496.5708102,88496.5715498,0.9653000015532598
0,73,completed,88496.6053592,88496.6057543,88496.606499,1.139800006058067
1,73,completed,88496.6053888,88496.6058036,88496.6068529,1.4641000016126782
0,74,completed,88496.6332424,88496.6336793,88496.6341364,0.893999997060746
1,74,completed,88496.6332428,88496.6336953,88496.6344688,1.225999993039295
0,75,completed,88496.6679308,88496.6683294,88496.6688674,0.9366000012960285
1,75,completed,88496.6679251,88496.6684407,88496.669243,1.3178999943193048
1,76,completed,88496.7098233,88496.7101677,88496.7106217,0.7983999967109412
0,76,completed,88496.7098408,88496.7101708,88496.7110099,1.1690999963320792
0,77,completed,88496.7373586,88496.7376186,88496.7380668,0.708199993823655
1,77,completed,88496.7373815,88496.7376726,88496.7384153,1.0337999992771074
1,78,completed,88496.7650777,88496.765325,88496.7657193,0.6416000105673447
0,78,completed,88496.765078,88496.765324,88496.7660479,0.9699000074760988
0,79,completed,88496.7997119,88496.7999738,88496.8003243,0.6123999919509515
1,79,completed,88496.7997121,88496.7999738,88496.8007078,0.9957000002032146
1,80,completed,88496.8347404,88496.8351062,88496.8355247,0.7843000057619065
0,80,completed,88496.8347294,88496.8351496,88496.8358545,1.1250999959884211
1,81,completed,88496.8691182,88496.8694721,88496.8698366,0.7183999987319112
0,81,completed,88496.8691552,88496.8694625,88496.8702374,1.0822000040207058
1,82,completed,88496.9041658,88496.9045244,88496.9049516,0.7857999880798161
0,82,completed,88496.9041658,88496.9045903,88496.9052967,1.130899996496737
1,83,completed,88496.9317134,88496.9320073,88496.9323729,0.6595000013476238
0,83,completed,88496.9317132,88496.9320043,88496.9327188,1.0056000028271228
0,84,completed,88496.9664439,88496.9668877,88496.967387,0.9430999925825745
1,84,completed,88496.9664676,88496.9669787,88496.9677108,1.2432000075932592
0,85,completed,88497.0019388,88497.002181,88497.0026062,0.6674000032944605
1,85,completed,88497.0019641,88497.0022398,88497.0029638,0.9997000015573576
1,86,completed,88497.0358134,88497.0360297,88497.0364236,0.6102000043028966
0,86,completed,88497.0358141,88497.0360817,88497.0368065,0.9923999896273017
1,87,completed,88497.0707186,88497.070991,88497.0714423,0.7236999954329804
0,87,completed,88497.0707347,88497.0710011,88497.0717893,1.054599997587502
0,88,completed,88497.0983129,88497.0985616,88497.0989759,0.6629999988945201
1,88,completed,88497.0983042,88497.0985741,88497.0993831,1.078899993444793
1,89,completed,88497.133145,88497.1334081,88497.1338267,0.6816999957663938
0,89,completed,88497.1331353,88497.1333931,88497.1341879,1.0525999969104305
1,90,completed,88497.1769087,88497.1771333,88497.1774895,0.5807999987155199
0,90,completed,88497.1769028,88497.1771336,88497.17776,0.8572000078856945
0,91,completed,88497.2026464,88497.202925,88497.2038751,1.228699999046512
1,91,completed,88497.2026395,88497.2028983,88497.2041826,1.54310000652913
1,92,completed,88497.2374006,88497.2378169,88497.2382473,0.8467000006930903
0,92,completed,88497.2374294,88497.2378599,88497.2386503,1.2208999978611246
1,93,completed,88497.265217,88497.265751,88497.2662679,1.0509000130696222
0,93,completed,88497.2652171,88497.2658246,88497.2665755,1.3584000116679817
0,94,completed,88497.2998744,88497.3004791,88497.3010958,1.221399987116456
1,94,completed,88497.2998852,88497.3004784,88497.3015495,1.6642999980831519
1,95,completed,88497.3344335,88497.3346923,88497.3351268,0.6932999967830256
0,95,completed,88497.3344331,88497.3346917,88497.3355024,1.069300007657148
1,96,completed,88497.3693216,88497.3695514,88497.3699493,0.6277000065892935
0,96,completed,88497.3693048,88497.3695231,88497.3703151,1.010299994959496
1,97,completed,88497.4041303,88497.4047064,88497.4052226,1.0923000081675127
0,97,completed,88497.4041492,88497.4046546,88497.405587,1.4378000050783157
0,98,completed,88497.4317974,88497.4320774,88497.4325248,0.7273999945027754
1,98,completed,88497.431797,88497.43209,88497.4328242,1.027200007229112
0,99,completed,88497.4666886,88497.4671684,88497.4675274,0.8387999987462536
1,99,completed,88497.4666891,88497.4672566,88497.4679065,1.2174000003142282
1,100,completed,88497.501282,88497.5015479,88497.50208,0.7980000082170591
0,100,completed,88497.5012682,88497.5016157,88497.5025207,1.2525000056484714
0,101,completed,88497.5359913,88497.536391,88497.5368339,0.8425999985774979
1,101,completed,88497.5359842,88497.5364959,88497.5371921,1.2079000007361174
1,102,completed,88497.5707324,88497.5712339,88497.5717515,1.0191000037593767
0,102,completed,88497.570714,88497.5713488,88497.5720821,1.368099998217076
1,103,completed,88497.5984335,88497.59889,88497.5994705,1.037000009091571
0,103,completed,88497.5984299,88497.598889,88497.5998547,1.4248000079533085
1,104,completed,88497.6332152,88497.6334448,88497.6338862,0.6710000016028062
0,104,completed,88497.6332299,88497.6334934,88497.6342687,1.0387999936938286
1,105,completed,88497.66783,88497.668063,88497.6684884,0.6583999929716811
0,105,completed,88497.6678514,88497.6681372,88497.6688181,0.9667000122135505
1,106,completed,88497.7026002,88497.7031689,88497.7037826,1.1823999957414344
0,106,completed,88497.7025926,88497.7031236,88497.7048116,2.218999987235293
1,107,completed,88497.7373694,88497.7378558,88497.7383324,0.9629999985918403
0,107,completed,88497.7373793,88497.7378774,88497.7387368,1.3575000048149377
0,108,completed,88497.7653302,88497.7659653,88497.7665091,1.178899998194538
1,108,completed,88497.7653325,88497.765937,88497.7669635,1.6310000064549968
0,109,completed,88497.7999171,88497.8004235,88497.800992,1.0749000066425651
1,109,completed,88497.799895,88497.8004114,88497.8013458,1.450800002203323
1,110,completed,88497.8345477,88497.8347734,88497.8351685,0.6207999977050349
0,110,completed,88497.8345697,88497.8348515,88497.8355613,0.9915999980876222
1,111,completed,88497.8691906,88497.8694343,88497.8698601,0.6695000047329813
0,111,completed,88497.8692079,88497.8694586,88497.8701775,0.9695999906398356
0,112,completed,88497.9040175,88497.9042479,88497.9047016,0.6840999994892627
1,112,completed,88497.9040058,88497.9043275,88497.905094,1.0882000060519204
1,113,completed,88497.9319104,88497.9322408,88497.9329079,0.9974999993573874
0,113,completed,88497.938677,88497.9388973,88497.9393637,0.6867000047350302
0,114,completed,88497.966637,88497.9671752,88497.967555,0.9179999906336889
1,114,completed,88497.9666373,88497.9671811,88497.9678869,1.249600012670271
1,115,completed,88498.0012636,88498.0016562,88498.0022989,1.0352999961469322
0,115,completed,88498.0012839,88498.0018492,88498.0026535,1.3696000096388161
1,116,completed,88498.0360324,88498.0365539,88498.0372633,1.230899986694567
0,116,completed,88498.0360416,88498.0366143,88498.0376482,1.6065999952843413
0,117,completed,88498.0776714,88498.0779134,88498.0783854,0.714000008883886
1,117,completed,88498.0776645,88498.0779522,88498.078759,1.0944999958155677
1,118,completed,88498.0984975,88498.0988477,88498.0994311,0.9335999930044636
0,118,completed,88498.105313,88498.1055492,88498.1059735,0.6605000089621171
0,119,completed,88498.1332498,88498.1337108,88498.1343993,1.1495000071590766
1,119,completed,88498.1332514,88498.1337334,88498.134776,1.524600011180155
0,120,completed,88498.1678512,88498.16809,88498.16848,0.6287999858614057
1,120,completed,88498.1678739,88498.1681096,88498.1688317,0.9577999881003052
1,121,completed,88498.2026104,88498.2031649,88498.2037553,1.1449000012362376
0,121,completed,88498.2026104,88498.2031666,88498.2045423,1.9318999984534457
1,122,completed,88498.2441712,88498.2444526,88498.2449096,0.7384000055026263
0,122,completed,88498.2441718,88498.2444606,88498.2452681,1.0962999949697405
1,123,completed,88498.2719764,88498.2724824,88498.2729265,0.9500999876763672
0,123,completed,88498.2719835,88498.2724389,88498.2732352,1.2516999995568767
1,124,completed,88498.3069214,88498.3074557,88498.3080046,1.083199997083284
0,124,completed,88498.3069061,88498.3074817,88498.3083936,1.4875000051688403
1,125,completed,88498.3345772,88498.3348009,88498.3354204,0.8432000031461939
0,125,completed,88498.3345573,88498.334776,88498.3359422,1.3849000097252429
1,126,completed,88498.3694502,88498.3700503,88498.3704292,0.9790000040084124
0,126,completed,88498.3694362,88498.3700628,88498.3707674,1.3312000082805753
0,127,completed,88498.4108868,88498.4113127,88498.4119947,1.1078999959863722
1,127,completed,88498.4108916,88498.4113988,88498.4123421,1.450499999918975
0,128,completed,88498.4320787,88498.4323668,88498.4327438,0.665100000333041
1,128,completed,88498.4320791,88498.4323668,88498.4330371,0.9579999896232039
0,129,completed,88498.4663926,88498.4666717,88498.4670581,0.6654999888269231
1,129,completed,88498.4663928,88498.4666733,88498.467408,1.015200003166683
0,130,completed,88498.5013219,88498.5015663,88498.5019519,0.630000009550713
1,130,completed,88498.501301,88498.501562,88498.5022945,0.9934999980032444
0,131,completed,88498.5359528,88498.5364071,88498.5371411,1.1882999970111996
1,131,completed,88498.5359832,88498.5365244,88498.5375301,1.5469000063603744
0,132,completed,88498.5705685,88498.5708061,88498.5712485,0.6799999973736703
1,132,completed,88498.5707222,88498.5709588,88498.5715992,0.8769999985815957
1,133,completed,88498.598406,88498.5985884,88498.5990268,0.6207999977050349
0,133,completed,88498.6054722,88498.6056339,88498.6060174,0.5452000041259453
1,134,completed,88498.6330861,88498.6333355,88498.6336857,0.599599996348843
0,134,completed,88498.633086,88498.6333339,88498.634061,0.9750000026542693
0,135,completed,88498.6680561,88498.6685985,88498.6690085,0.9524000051897019
1,135,completed,88498.6680752,88498.6686198,88498.6692975,1.2223000085214153
0,136,completed,88498.7025725,88498.7027916,88498.7032572,0.6847000040579587
1,136,completed,88498.7025513,88498.7028391,88498.7038353,1.2839999981224537
1,137,completed,88498.7372778,88498.7375553,88498.7381051,0.8272999984910712
0,137,completed,88498.7372916,88498.737534,88498.7386827,1.3910999987274408
0,138,completed,88498.7721922,88498.7727819,88498.7732364,1.044199991156347
1,138,completed,88498.7721878,88498.7729406,88498.7736534,1.465599998482503
0,139,completed,88498.7997344,88498.80012,88498.8007704,1.0360000014770776
1,139,completed,88498.7997469,88498.8001548,88498.8010473,1.3004000065848231
0,140,completed,88498.8348181,88498.8351137,88498.8355065,0.6884000031277537
1,140,completed,88498.8347584,88498.8351234,88498.8358337,1.0752999951364473
0,141,completed,88498.8763187,88498.8765993,88498.8769738,0.6550999969476834
1,141,completed,88498.8763184,88498.8765959,88498.877298,0.9796000085771084
0,142,completed,88498.9040305,88498.9042838,88498.9046476,0.6170999986352399
1,142,completed,88498.9040308,88498.9042782,88498.9050028,0.9720000089146197
1,143,completed,88498.9384146,88498.9390311,88498.9396768,1.262200006749481
0,143,completed,88498.9384097,88498.939031,88498.9401638,1.7540999979246408
1,144,completed,88498.96645,88498.9667642,88498.9671915,0.7415000000037253
0,144,completed,88498.9664408,88498.9667768,88498.9675368,1.0960000072373077
1,145,completed,88499.001749,88499.0022674,88499.0026918,0.9427999902982265
0,145,completed,88499.0017479,88499.0022747,88499.0031068,1.3589000009233132
1,146,completed,88499.0429795,88499.0433229,88499.0437803,0.80080000043381
0,146,completed,88499.0429801,88499.0433474,88499.0441387,1.1586000036913902
0,147,completed,88499.0707015,88499.0713533,88499.0717656,1.064100011717528
1,147,completed,88499.0707019,88499.0713267,88499.0721722,1.4703000051667914
1,148,completed,88499.0983006,88499.0985702,88499.0989537,0.6530999962706119
0,148,completed,88499.0983005,88499.0985652,88499.0993185,1.017999995383434
0,149,completed,88499.1333053,88499.1337435,88499.1344047,1.0994000040227547
1,149,completed,88499.1333071,88499.1338026,88499.1348067,1.4996000099927187
1,150,completed,88499.1679705,88499.1685577,88499.1690036,1.0331000084988773
0,150,completed,88499.1679707,88499.1685966,88499.1693645,1.3938000047346577
0,151,completed,88499.2025035,88499.2027499,88499.203183,0.6795000081183389
1,151,completed,88499.2024935,88499.2027684,88499.2035747,1.0812000109581277
1,152,completed,88499.2373873,88499.2378479,88499.2384604,1.073099992936477
0,152,completed,88499.2373994,88499.2378695,88499.2387979,1.398500011418946
1,153,completed,88499.2652438,88499.2655558,88499.2659614,0.7176000071922317
0,153,completed,88499.2652666,88499.2655417,88499.2662817,1.0150999878533185
1,154,completed,88499.2999761,88499.3003852,88499.3008918,0.9157000022241846
0,154,completed,88499.2999717,88499.3004969,88499.3012764,1.304699995671399
0,155,completed,88499.3441399,88499.3443648,88499.3447387,0.5988000048091635
1,155,completed,88499.3441114,88499.3443805,88499.3450015,0.8900999964680523
0,156,completed,88499.3693852,88499.3698691,88499.3702666,0.8814000029815361
1,156,completed,88499.3693968,88499.3699354,88499.3705502,1.153399993199855
1,157,completed,88499.4040784,88499.4046807,88499.4051816,1.103200003853999
0,157,completed,88499.4040781,88499.4046516,88499.4054804,1.4023000112501904
1,158,completed,88499.4316468,88499.4318937,88499.4324789,0.8320999913848937
0,158,completed,88499.4316468,88499.4318937,88499.4329672,1.320399998803623
1,159,completed,88499.4665645,88499.4668205,88499.4672103,0.6457999988924712
0,159,completed,88499.4665557,88499.4668118,88499.467572,1.0162999969907105
0,160,completed,88499.5012829,88499.5014942,88499.5019276,0.6446999905165285
1,160,completed,88499.5012471,88499.5015197,88499.502267,1.0199000098509714
1,161,completed,88499.5359276,88499.5362299,88499.5368764,0.9488000068813562
0,161,completed,88499.5359272,88499.5362252,88499.5373373,1.4100999978836626
0,162,completed,88499.5708072,88499.571312,88499.5717733,0.9661000076448545
1,162,completed,88499.5707832,88499.5713594,88499.5720854,1.3021999911870807
1,163,completed,88499.5983877,88499.5987002,88499.5991665,0.7788000075379387
0,163,completed,88499.5983951,88499.5987024,88499.5995601,1.165000008768402
0,164,completed,88499.6330788,88499.6333144,88499.6336872,0.6083999905968085
1,164,completed,88499.6330888,88499.6333303,88499.6340412,0.9524000051897019
0,165,completed,88499.676435,88499.6766832,88499.6770663,0.6313000048976392
1,165,completed,88499.6764146,88499.6767174,88499.6774063,0.9916999988490716
0,166,completed,88499.7028037,88499.7033141,88499.703805,1.0012999991886318
1,166,completed,88499.7028038,88499.703369,88499.7041442,1.3404000055743381
1,167,completed,88499.7373368,88499.7377458,88499.7381073,0.7705000025453046
0,167,completed,88499.7373369,88499.7377582,88499.738481,1.144099995144643
0,168,completed,88499.7650846,88499.7656884,88499.7661309,1.046299992594868
1,168,completed,88499.7650848,88499.7656862,88499.7664361,1.3513000012608245
0,169,completed,88499.8068716,88499.8073861,88499.8078867,1.0151000024052337
1,169,completed,88499.8068788,88499.8074038,88499.8082353,1.3565000117523596
1,170,completed,88499.8344677,88499.834699,88499.8351022,0.6345000001601875
0,170,completed,88499.8344924,88499.8347474,88499.835476,0.9835999953793362
1,171,completed,88499.8691823,88499.8694297,88499.8698723,0.6900000007590279
0,171,completed,88499.8691811,88499.8694633,88499.8702174,1.0363000037614256
1,172,completed,88499.9103115,88499.9105383,88499.910898,0.5864999984623864
0,172,completed,88499.9102946,88499.9105216,88499.9111881,0.8934999932534993
1,173,completed,88499.9405824,88499.940795,88499.9411447,0.5623000033665448
0,173,completed,88499.9405518,88499.9408135,88499.9414948,0.9430000063730404
1,174,completed,88499.9723705,88499.9726099,88499.9728779,0.5073999927844852
0,174,completed,88499.972326,88499.9725805,88499.9731101,0.7841000042390078
1,175,completed,88500.0036111,88500.0038737,88500.0042137,0.6026000046404079
0,175,completed,88500.003631,88500.0038909,88500.0045229,0.8918999956222251
0,176,completed,88500.0350329,88500.0353301,88500.035694,0.6610999989788979
1,176,completed,88500.0350507,88500.0353307,88500.0360377,0.9870000067166984
0,177,completed,88500.0667905,88500.0670198,88500.0674013,0.6107999943196774
1,177,completed,88500.0668345,88500.0670618,88500.0677482,0.9137000015471131
1,178,completed,88500.0985878,88500.098887,88500.0993473,0.7594999915454537
0,178,completed,88500.0986073,88500.0989372,88500.0997002,1.0928999981842935
0,179,completed,88500.141707,88500.1419695,88500.1423528,0.6457999988924712
1,179,completed,88500.1417234,88500.1419897,88500.1427103,0.9869000059552491
1,180,completed,88500.167944,88500.1682354,88500.1686534,0.709400002961047
0,180,completed,88500.1679442,88500.1682341,88500.1690094,1.0651999909896404
1,181,completed,88500.2042397,88500.204446,88500.2047928,0.5530999915208668
0,181,completed,88500.2042279,88500.2044584,88500.2051133,0.8854000043356791
0,182,completed,88500.2374503,88500.237745,88500.2381396,0.6892999954288825
1,182,completed,88500.23745,88500.2377455,88500.2385068,1.0567999997874722
1,183,completed,88500.2667305,88500.2669362,88500.267263,0.5324999947333708
0,183,completed,88500.2667315,88500.2669407,88500.2675559,0.8244000055128708
0,184,completed,88500.3000001,88500.3002498,88500.3007081,0.7079999923007563
1,184,completed,88500.30001,88500.3003121,88500.3010611,1.0511000000406057
1,185,completed,88500.3346958,88500.3352505,88500.3358865,1.1907000007340685
0,185,completed,88500.3346961,88500.3352506,88500.336265,1.5688999992562458
0,186,completed,88500.3763104,88500.3765516,88500.3770481,0.7377000001724809
1,186,completed,88500.3763023,88500.3766299,88500.3773983,1.0959999926853925
0,187,completed,88500.4040591,88500.4043046,88500.4046556,0.596500001847744
1,187,completed,88500.404051,88500.4043086,88500.4049412,0.8901999972295016
1,188,completed,88500.4334881,88500.4336749,88500.4339958,0.5077000096207485
0,188,completed,88500.4334716,88500.4336494,88500.4342597,0.7881000055931509
0,189,completed,88500.4667076,88500.4669944,88500.4673871,0.6794999935664237
1,189,completed,88500.4667076,88500.466995,88500.4677536,1.04599999031052
0,190,completed,88500.5013382,88500.5016312,88500.5019898,0.651599999400787
1,190,completed,88500.5013342,88500.5016326,88500.5022926,0.9583999926690012
0,191,completed,88500.5429209,88500.5432256,88500.5437333,0.8124000014504418
1,191,completed,88500.5429723,88500.5432429,88500.5440672,1.094899998861365
0,192,completed,88500.5706888,88500.5709696,88500.5713408,0.6520000024465844
1,192,completed,88500.5707089,88500.570962,88500.5716692,0.9602999925846234
1,193,completed,88500.6049283,88500.6052485,88500.6058426,0.9142999915638939
0,193,completed,88500.604914,88500.605246,88500.6063817,1.4676999999210238
0,194,completed,88500.6332398,88500.6337445,88500.6344036,1.16379999963101
1,194,completed,88500.6332367,88500.6337193,88500.6346941,1.4573999942513183
0,195,completed,88500.6681312,88500.6686216,88500.6690581,0.926900000195019
1,195,completed,88500.6681325,88500.6686555,88500.6693852,1.25270000717137
1,196,completed,88500.7026631,88500.702941,88500.7033464,0.683299993397668
0,196,completed,88500.7026599,88500.702939,88500.7037267,1.0668000031728297
0,197,completed,88500.7374345,88500.7377031,88500.7380623,0.6278000073507428
1,197,completed,88500.7374711,88500.7377498,88500.738413,0.9418999979970977
0,198,completed,88500.7715793,88500.77209,88500.7727293,1.1500000109663233
1,198,completed,88500.7715791,88500.7721602,88500.7730351,1.456000012694858
0,199,completed,88500.7999077,88500.8001976,88500.8006015,0.6938000005902722
1,199,completed,88500.7999078,88500.8001974,88500.8009106,1.0027999960584566
1,200,completed,88500.8346306,88500.8349269,88500.8355531,0.9224999957950786
0,200,completed,88500.8346095,88500.8348938,88500.8359195,1.3099999923724681
1,201,completed,88500.8762209,88500.8765007,88500.8769553,0.7344000041484833
0,201,completed,88500.8762134,88500.8765428,88500.8773163,1.102900001569651
1,202,completed,88500.9039432,88500.9045096,88500.9049651,1.0218999959761277
0,202,completed,88500.9039441,88500.9044751,88500.9052809,1.3367999927140772
0,203,completed,88500.9318898,88500.9321108,88500.9325515,0.6616999889956787
1,203,completed,88500.9318831,88500.9321671,88500.9328543,0.971200002823025
1,204,completed,88500.9665957,88500.9669042,88500.9674011,0.8054000063566491
0,204,completed,88500.9665857,88500.9668872,88500.9677878,1.2020999856758863
0,205,completed,88501.0012779,88501.0016329,88501.0020658,0.7879000040702522
1,205,completed,88501.0013057,88501.0016342,88501.0023641,1.0583999974187464
0,206,completed,88501.0359714,88501.0362925,88501.0367601,0.7887000101618469
1,206,completed,88501.0359821,88501.0362683,88501.0371558,1.1737000022549182
0,207,completed,88501.0707588,88501.0710254,88501.0714479,0.6891000084578991
1,207,completed,88501.0707687,88501.0710629,88501.0718122,1.043500000378117
0,208,completed,88501.0984074,88501.09865,88501.0990327,0.6253000028664246
1,208,completed,88501.0984022,88501.0986544,88501.0993523,0.9501000022282824
0,209,completed,88501.1331948,88501.1334456,88501.1340794,0.8845999982440844
1,209,completed,88501.1331741,88501.1335684,88501.1344196,1.2454999960027635
0,210,completed,88501.1679219,88501.1681492,88501.1685288,0.6068999937269837
1,210,completed,88501.1679363,88501.1681796,88501.1688758,0.9394999942742288
0,211,completed,88501.2026341,88501.2028602,88501.2033267,0.6925999914528802
1,211,completed,88501.2026317,88501.202896,88501.2036597,1.0279999987687916
0,212,completed,88501.2375242,88501.2380084,88501.238862,1.3378000003285706
1,212,completed,88501.2375018,88501.2380486,88501.2391323,1.63050000264775
0,213,completed,88501.2650795,88501.2653237,88501.2656979,0.6184000085340813
1,213,completed,88501.2650661,88501.2653203,88501.2660584,0.9923000034177676
1,214,completed,88501.2999502,88501.3004705,88501.300919,0.9687999991001561
0,214,completed,88501.2999502,88501.3004703,88501.3012199,1.269699991098605
1,215,completed,88501.334797,88501.3353881,88501.3359013,1.1042999976780266
0,215,completed,88501.3347815,88501.3355139,88501.336193,1.411499993992038
1,216,completed,88501.3692833,88501.3695643,88501.3699494,0.6661000079475343
0,216,completed,88501.3692865,88501.3695543,88501.3702917,1.0051999997813255
1,217,completed,88501.4041721,88501.4047376,88501.4051688,0.996700007817708
0,217,completed,88501.4042324,88501.4047301,88501.4054588,1.2263999960850924
1,218,completed,88501.4317929,88501.4320427,88501.432448,0.6551000114995986
0,218,completed,88501.4317969,88501.4320552,88501.4328326,1.0356999991927296
0,219,completed,88501.466467,88501.4667209,88501.4672741,0.8070999901974574
1,219,completed,88501.4664667,88501.4667514,88501.4677956,1.3288999907672405
1,220,completed,88501.5104037,88501.5105936,88501.5109646,0.5609000072581694
0,220,completed,88501.5104184,88501.5106073,88501.5112204,0.8020000095712021
1,221,completed,88501.5358805,88501.5361673,88501.5366586,0.7781000022077933
0,221,completed,88501.5358992,88501.536184,88501.537027,1.127800001995638
0,222,completed,88501.5707534,88501.5710486,88501.5714869,0.7334999972954392
1,222,completed,88501.5708016,88501.5710732,88501.5718355,1.0339000000385568
1,223,completed,88501.5984549,88501.5987223,88501.5991435,0.6886000046506524
0,223,completed,88501.5984589,88501.5987225,88501.5994663,1.0074000019812956
1,224,completed,88501.633419,88501.6336426,88501.6341046,0.6855999963590875
0,224,completed,88501.6334333,88501.6337337,88501.6344356,1.0023000068031251
0,225,completed,88501.6682081,88501.6686171,88501.6691032,0.8950999908847734
1,225,completed,88501.6682086,88501.66863,88501.6694791,1.270500011742115
1,226,completed,88501.7038077,88501.7040394,88501.7045042,0.6964999920455739
0,226,completed,88501.7038147,88501.7040803,88501.704835,1.0202999983448535
0,227,completed,88501.7333671,88501.7336047,88501.7340079,0.64080000447575
1,227,completed,88501.7333672,88501.7336047,88501.7343054,0.9381999989273027
0,228,completed,88501.7714982,88501.7718369,88501.7723195,0.8212999964598566
1,228,completed,88501.7714981,88501.7718333,88501.7727578,1.2597000022651628
0,229,completed,88501.7998456,88501.8001144,88501.8006653,0.8196999988285825
1,229,completed,88501.7998459,88501.8001142,88501.8009837,1.1378000053809956
1,230,completed,88501.8347865,88501.8349955,88501.8354353,0.6488000071840361
0,230,completed,88501.8347937,88501.8350659,88501.8357294,0.9356999944429845
0,231,completed,88501.8762741,88501.8769305,88501.8773771,1.1030000023311004
1,231,completed,88501.8763288,88501.876976,88501.877723,1.3941999932285398
0,232,completed,88501.9041468,88501.9044181,88501.9048095,0.6626999966101721
1,232,completed,88501.9041465,88501.9044245,88501.9050807,0.9341999975731596
0,233,completed,88501.9368457,88501.9373687,88501.937934,1.0883000068133697
1,233,completed,88501.936845,88501.937398,88501.9382772,1.4321999915409833
0,234,completed,88501.9666571,88501.9672783,88501.9679191,1.2620000052265823
1,234,completed,88501.9666991,88501.9673091,88501.9681936,1.494500000262633
0,235,completed,88502.0012269,88502.0014611,88502.0018563,0.629400004982017
1,235,completed,88502.0012282,88502.0014946,88502.0022049,0.9767000010469928
1,236,completed,88502.0361736,88502.0364378,88502.0367747,0.6010999932186678
0,236,completed,88502.036177,88502.0364292,88502.0371135,0.9365000005345792
0,237,completed,88502.0707251,88502.0710374,88502.0715499,0.8248000085586682
1,237,completed,88502.0707342,88502.0710507,88502.0719388,1.2046000047121197
1,238,completed,88502.0988441,88502.0993361,88502.0997044,0.8603000023867935
0,238,completed,88502.0988437,88502.0993254,88502.1000094,1.1656999995466322
1,239,completed,88502.1334102,88502.1336799,88502.1340394,0.6292000034591183
0,239,completed,88502.1334093,88502.1336798,88502.1343628,0.9534999990137294
1,240,completed,88502.1680772,88502.1685768,88502.169199,1.1217999999644235
0,240,completed,88502.1680814,88502.1686708,88502.1695411,1.4596999972127378
0,241,completed,88502.2025912,88502.2028316,88502.203221,0.6298000080278143
1,241,completed,88502.2025911,88502.2028268,88502.2035546,0.963500002399087
1,242,completed,88502.2442736,88502.2445631,88502.24491,0.6364000000758097
0,242,completed,88502.2442734,88502.2445633,88502.2452084,0.9349999891128391
1,243,completed,88502.2651275,88502.2653316,88502.2661692,1.0417000012239441
0,243,completed,88502.2721999,88502.2725971,88502.2731768,0.9768999880179763
0,244,completed,88502.3001387,88502.3004193,88502.3008742,0.7354999979725108
1,244,completed,88502.3001384,88502.3004578,88502.3011932,1.0547999991104007
1,245,completed,88502.3434176,88502.3436002,88502.3439469,0.5292999994708225
0,245,completed,88502.3434396,88502.3436276,88502.3442404,0.80080000043381
1,246,completed,88502.3654951,88502.3657306,88502.3661149,0.6197999900905415
0,246,completed,88502.3655092,88502.3657371,88502.3663929,0.8837000059429556
1,247,completed,88502.4069379,88502.4075989,88502.4079834,1.0455000010551885
0,247,completed,88502.4069378,88502.4075922,88502.4082346,1.2968000082764775
1,248,completed,88502.4319486,88502.4322041,88502.4326123,0.6637000042246655
0,248,completed,88502.4319441,88502.4322024,88502.4328871,0.9430000063730404
1,249,completed,88502.4665869,88502.4668741,88502.4672362,0.6492999964393675
0,249,completed,88502.4665863,88502.4668742,88502.4675808,0.9945000056177378
1,250,completed,88502.5096495,88502.5098698,88502.5102233,0.5738000036217272
0,250,completed,88502.5096844,88502.5099104,88502.5104642,0.7797999860486016
0,251,completed,88502.5359338,88502.5361867,88502.5366224,0.6886000046506524
1,251,completed,88502.5359325,88502.5362133,88502.5369813,1.0487999970791861
0,252,completed,88502.5706228,88502.5709082,88502.5712996,0.6767999875592068
1,252,completed,88502.5706231,88502.5708737,88502.5716138,0.9907000057864934
1,253,completed,88502.6054152,88502.6056791,88502.606093,0.6777999951737002
0,253,completed,88502.6054348,88502.6056937,88502.6064504,1.0155999916605651
1,254,completed,88502.6332028,88502.6334551,88502.633959,0.756199995521456
0,254,completed,88502.6331989,88502.6334603,88502.634298,1.0991000017384067
0,255,completed,88502.667901,88502.668148,88502.6685506,0.6496000132756308
1,255,completed,88502.667902,88502.6681603,88502.6689137,1.0117000056197867
1,256,completed,88502.7131135,88502.7134371,88502.7140735,0.9600000048521906
0,256,completed,88502.713112,88502.7135355,88502.7144806,1.3686000020243227
1,257,completed,88502.7374541,88502.7376922,88502.7381333,0.6791999912820756
0,257,completed,88502.7374792,88502.737759,88502.7384787,0.9995000000344589
0,258,completed,88502.7702463,88502.7705737,88502.7711959,0.9495999984210357
1,258,completed,88502.7702639,88502.7705799,88502.7714853,1.2214000016683713
0,259,completed,88502.7999333,88502.800314,88502.800947,1.013699991744943
1,259,completed,88502.7999396,88502.800308,88502.8013424,1.402800000505522
0,260,completed,88502.8346204,88502.8348781,88502.8353803,0.7599000091431662
1,260,completed,88502.83466,88502.8348996,88502.8357278,1.0678000107873231
1,261,completed,88502.8693813,88502.8696313,88502.8700077,0.6263999966904521
0,261,completed,88502.8693825,88502.8696275,88502.8704322,1.0497000039322302
0,262,completed,88502.9040765,88502.9043731,88502.9048302,0.753700005589053
1,262,completed,88502.9040962,88502.9043732,88502.9052112,1.1150000063935295
1,263,completed,88502.9317869,88502.9320272,88502.93244,0.6531000108225271
0,263,completed,88502.9317854,88502.9320412,88502.9328474,1.0620000102790073
0,264,completed,88502.9665331,88502.9667298,88502.9671129,0.5798000056529418
1,264,completed,88502.9665281,88502.966834,88502.967488,0.959899989538826
0,265,completed,88503.0011669,88503.0014976,88503.0020328,0.8659000013722107
1,265,completed,88503.0011925,88503.0015784,88503.0024407,1.2482000020099804
0,266,completed,88503.0362281,88503.0364428,88503.0369109,0.6828000041423365
1,266,completed,88503.0362148,88503.036483,88503.0372467,1.0318999993614852
0,267,completed,88503.0775858,88503.0777979,88503.0782266,0.64080000447575
1,267,completed,88503.0775946,88503.0778698,88503.0785476,0.9529999952064827
1,268,completed,88503.1148957,88503.1151391,88503.1155046,0.6089000089559704
0,268,completed,88503.1149127,88503.1151486,88503.115813,0.9003000013763085
1,269,completed,88503.1403623,88503.1406528,88503.1410546,0.6923000037204474
0,269,completed,88503.1403624,88503.1406526,88503.1413844,1.0220000112894922
1,270,completed,88503.167824,88503.1681243,88503.1685996,0.7755999977234751
0,270,completed,88503.1678243,88503.1681317,88503.1690315,1.207199995405972
1,271,completed,88503.2027163,88503.2029894,88503.20347,0.7536999910371378
0,271,completed,88503.2027159,88503.2030277,88503.2038344,1.1185000039404258
1,272,completed,88503.237361,88503.2375859,88503.2379631,0.602099986281246
0,272,completed,88503.2373696,88503.2376547,88503.2383183,0.9487000061199069
0,273,completed,88503.2652516,88503.265606,88503.2660077,0.7561000093119219
1,273,completed,88503.2727411,88503.2729124,88503.2736169,0.8758000039961189
1,274,completed,88503.2998998,88503.3001522,88503.3004874,0.5876000068383291
0,274,completed,88503.2998814,88503.3001429,88503.3008305,0.949099994613789
1,275,completed,88503.3344978,88503.3347654,88503.3351205,0.6227000121725723
0,275,completed,88503.334498,88503.3347638,88503.3354262,0.9282000100938603
1,276,completed,88503.3692521,88503.3695591,88503.3699583,0.7061999931465834
0,276,completed,88503.369252,88503.3695612,88503.3703278,1.075799998943694
1,277,completed,88503.4108111,88503.4111203,88503.411602,0.7908999978099018
0,277,completed,88503.4108102,88503.4111151,88503.4120222,1.2120000028517097
0,278,completed,88503.4319421,88503.4321277,88503.4325655,0.6234000029508024
1,278,completed,88503.4388843,88503.4390561,88503.4394621,0.577799990423955
1,279,completed,88503.4664518,88503.4667269,88503.4671977,0.7458999898517504
0,279,completed,88503.4664966,88503.4667804,88503.4675239,1.0273000079905614
0,280,completed,88503.5013829,88503.5016485,88503.5020199,0.6370000046445057
1,280,completed,88503.5013827,88503.5016484,88503.5022848,0.9021000005304813
1,281,completed,88503.5361502,88503.5364102,88503.5369547,0.8044999995036051
0,281,completed,88503.5361312,88503.5363996,88503.5373153,1.184099994134158
1,282,completed,88503.570697,88503.5709587,88503.5713448,0.6477999995695427
0,282,completed,88503.5707245,88503.5710009,88503.571706,0.9815000084927306
1,283,completed,88503.5985437,88503.5988108,88503.5992392,0.6954999989829957
0,283,completed,88503.5985144,88503.5987939,88503.5996468,1.1323999933665618
0,284,completed,88503.6331607,88503.6334062,88503.6337823,0.6216000037966296
1,284,completed,88503.6331607,88503.633408,88503.634165,1.0042999929282814
1,285,completed,88503.6680808,88503.6684969,88503.6688853,0.8044999995036051
0,285,completed,88503.6680748,88503.6684875,88503.6692044,1.1295999865978956
1,286,completed,88503.7026601,88503.7029209,88503.7033245,0.6644000095548108
0,286,completed,88503.7026927,88503.7029651,88503.7037096,1.0169000015594065
0,287,completed,88503.7375804,88503.7379023,88503.7383244,0.7439999899361283
1,287,completed,88503.7375917,88503.7379236,88503.7386171,1.025399993523024
1,288,completed,88503.7722287,88503.7726557,88503.7730641,0.8353999874088913
0,288,completed,88503.7722279,88503.7726519,88503.7738135,1.585599995451048
0,289,completed,88503.7999218,88503.8001445,88503.8005497,0.6278999935602769
1,289,completed,88503.7999151,88503.8001937,88503.800903,0.9878999990178272
0,290,completed,88503.834793,88503.8350254,88503.835457,0.6639999919570982
1,290,completed,88503.8348036,88503.8350587,88503.8357806,0.9770000033313408
0,291,completed,88503.8763091,88503.8766492,88503.8770649,0.7558000070275739
1,291,completed,88503.876309,88503.8766591,88503.8773445,1.035499997669831
0,292,completed,88503.9040564,88503.9042979,88503.9047722,0.7157999934861436
1,292,completed,88503.9040848,88503.904339,88503.9051591,1.074300002073869
1,293,completed,88503.9383126,88503.9388788,88503.9392365,0.9238999919034541
0,293,completed,88503.9383123,88503.9388814,88503.9395278,1.215500000398606
0,294,completed,88503.9666899,88503.9670474,88503.9674869,0.7970000006025657
1,294,completed,88503.9666713,88503.9670891,88503.967841,1.1697000009007752
1,295,completed,88504.0037649,88504.0039841,88504.0043477,0.5827999993925914
0,295,completed,88504.0037864,88504.0040078,88504.0047157,0.9292999893659726
0,296,completed,88504.0429213,88504.0432011,88504.043636,0.7146999996621162
1,296,completed,88504.0429214,88504.0432015,88504.0439921,1.0707000037655234
1,297,completed,88504.0708252,88504.0712248,88504.0716639,0.8386999979848042
0,297,completed,88504.0708367,88504.0712553,88504.0719777,1.141000000643544
1,298,completed,88504.1050362,88504.1053652,88504.1058953,0.8591000078013167
0,298,completed,88504.1050373,88504.1053911,88504.1062511,1.2138000020058826
0,299,completed,88504.1332177,88504.1334833,88504.1338503,0.6326000002445653
1,299,completed,88504.1332175,88504.133487,88504.1341723,0.9547999943606555
1,300,completed,88504.1681386,88504.1684972,88504.1688966,0.7579999946756288
0,300,completed,88504.1681384,88504.1684946,88504.1692488,1.1104000004706904
1,301,completed,88504.2094985,88504.2097511,88504.2101997,0.7011999987298623
0,301,completed,88504.2094878,88504.2097581,88504.2105436,1.0557999921729788
0,302,completed,88504.2374608,88504.237727,88504.2380908,0.630000009550713
1,302,completed,88504.2374606,88504.2377201,88504.2384261,0.9655000030761585
0,303,completed,88504.2662133,88504.2664273,88504.2668618,0.6485000048996881
1,303,completed,88504.2662273,88504.2664835,88504.2672674,1.04010000359267
0,304,completed,88504.2999672,88504.3002077,88504.3006022,0.6350000039674342
1,304,completed,88504.29997,88504.3002342,88504.3010583,1.0883000068133697
1,305,completed,88504.3346858,88504.3349753,88504.3353483,0.6624999950872734
0,305,completed,88504.334671,88504.334947,88504.3356909,1.0198999952990562
1,306,completed,88504.3692949,88504.3695666,88504.3700211,0.7261999999172986
0,306,completed,88504.3693023,88504.3695966,88504.3706842,1.381900001433678
1,307,completed,88504.4040856,88504.4043448,88504.4048035,0.7178999949246645
0,307,completed,88504.4040652,88504.4043881,88504.4051561,1.090899997507222
1,308,completed,88504.4320386,88504.4324211,88504.4330024,0.9637999901315197
0,308,completed,88504.4320223,88504.4324274,88504.4334649,1.4425999979721382
1,309,completed,88504.4667269,88504.466984,88504.4674006,0.6736999930581078
0,309,completed,88504.46674,88504.4670329,88504.4677399,0.9999000030802563
1,310,completed,88504.501417,88504.5017074,88504.5021529,0.7358999864663929
0,310,completed,88504.5014018,88504.5016798,88504.502511,1.1092000058852136
1,311,completed,88504.5360341,88504.5363393,88504.5367936,0.7594999915454537
0,311,completed,88504.5360344,88504.5363404,88504.5372041,1.1697000009007752
1,312,completed,88504.5656998,88504.5660403,88504.5666564,0.9565999935148284
0,312,completed,88504.5657587,88504.56615,88504.5670959,1.3371999957598746
1,313,completed,88504.5985784,88504.5988419,88504.5992962,0.7178000087151304
0,313,completed,88504.5985656,88504.5988637,88504.5996716,1.10599999607075
1,314,completed,88504.6331609,88504.6333966,88504.6338597,0.6987999950069934
0,314,completed,88504.633161,88504.6334241,88504.634253,1.0919999913312495
0,315,completed,88504.6770014,88504.677205,88504.6775583,0.5568999913521111
1,315,completed,88504.6770112,88504.6772147,88504.677858,0.8468000014545396
1,316,completed,88504.7029717,88504.7033059,88504.7036825,0.7107999990694225
0,316,completed,88504.702973,88504.7033266,88504.7040067,1.033699998515658
0,317,completed,88504.7382037,88504.7384574,88504.7388702,0.6664999964414164
1,317,completed,88504.738216,88504.738476,88504.7392089,0.9929000079864636
0,318,completed,88504.7659707,88504.7662024,88504.7665881,0.6174000009195879
1,318,completed,88504.7659607,88504.7661965,88504.7669181,0.9573999996064231
1,319,completed,88504.7998389,88504.8000599,88504.8005257,0.6868000054964796
0,319,completed,88504.7998253,88504.8000978,88504.8007999,0.974599999608472
0,320,completed,88504.8346429,88504.8349358,88504.8353982,0.7553000032203272
1,320,completed,88504.8346426,88504.8349722,88504.8357736,1.1309999972581863
1,321,completed,88504.8695409,88504.8699454,88504.8704275,0.8865999989211559
0,321,completed,88504.8695667,88504.8699533,88504.8708085,1.2417999969329685
1,322,completed,88504.9043835,88504.9047789,88504.9054795,1.0959999926853925
0,322,completed,88504.9043865,88504.9048649,88504.9060458,1.6593000036664307
0,323,completed,88504.9322502,88504.9326459,88504.9331966,0.9464000031584874
1,323,completed,88504.9322486,88504.9326201,88504.9335918,1.3431999977910891
0,324,completed,88504.9667574,88504.9671141,88504.9676235,0.8660999883431941
1,324,completed,88504.9667571,88504.9671447,88504.9680209,1.2638000043807551
0,325,completed,88505.0039032,88505.0042391,88505.0047403,0.83710000035353
1,325,completed,88505.0039032,88505.0042481,88505.0051676,1.264399994397536
0,326,completed,88505.0372242,88505.0375633,88505.0382582,1.034000000800006
1,326,completed,88505.0372235,88505.0377714,88505.0386797,1.4561999996658415
1,327,completed,88505.065221,88505.0654304,88505.0659169,0.6959000020287931
0,327,completed,88505.0708568,88505.0711128,88505.0714676,0.6108000088715926
0,328,completed,88505.0985004,88505.0987291,88505.0992014,0.7009999972069636
1,328,completed,88505.1053446,88505.1055722,88505.1059994,0.6547999946633354
1,329,completed,88505.1331999,88505.1335079,88505.1341583,0.9584000072209165
0,329,completed,88505.1332003,88505.1335387,88505.1345642,1.3638999953400344
1,330,completed,88505.1679986,88505.1682248,88505.1687156,0.7170000026235357
0,330,completed,88505.1680074,88505.168302,88505.1691696,1.1622000019997358
0,331,completed,88505.2021877,88505.2024617,88505.2029598,0.7721000001765788
1,331,completed,88505.2021769,88505.2025106,88505.2033617,1.1847999994643033
0,332,completed,88505.2443882,88505.2447123,88505.2451703,0.7821000035619363
1,332,completed,88505.2443905,88505.2447584,88505.2455661,1.1756000021705404
0,333,completed,88505.2652927,88505.2655785,88505.2660831,0.7903999940026551
1,333,completed,88505.2653016,88505.265562,88505.2665278,1.226200009114109
1,334,completed,88505.3078728,88505.3082059,88505.308642,0.7692000071983784
0,334,completed,88505.3078594,88505.3082032,88505.3089784,1.1190000077476725
1,335,completed,88505.3346324,88505.3349417,88505.3355265,0.8940999978221953
0,335,completed,88505.334589,88505.3349395,88505.3358865,1.2974999990547076
0,336,completed,88505.3693521,88505.3696795,88505.3701585,0.8063999994192272
1,336,completed,88505.3693747,88505.369708,88505.3705291,1.1543999862624332
0,337,completed,88505.4107935,88505.411033,88505.4115092,0.7156999927246943
1,337,completed,88505.4108169,88505.4111026,88505.4118373,1.0203999991063029
0,338,completed,88505.4388345,88505.4390578,88505.4394881,0.6536000000778586
1,338,completed,88505.4388479,88505.4391022,88505.4397986,0.9506999922450632
1,339,completed,88505.4736635,88505.4741178,88505.4747018,1.0383000044384971
0,339,completed,88505.4736623,88505.4740698,88505.4750384,1.376100000925362
0,340,completed,88505.5013115,88505.5015544,88505.5020362,0.7247000030474737
1,340,completed,88505.5013146,88505.5015967,88505.5022538,0.939200006541796
0,341,completed,88505.5381361,88505.5384293,88505.5388302,0.6941000028746203
1,341,completed,88505.5381021,88505.5383982,88505.5392138,1.1116999958176166
1,342,completed,88505.5670762,88505.5673404,88505.5676934,0.6171999993966892
0,342,completed,88505.5670767,88505.5673831,88505.5679803,0.9035999974003062
1,343,completed,88505.5999622,88505.6001617,88505.6004989,0.5367000121623278
0,343,completed,88505.5999555,88505.6001876,88505.6007973,0.8417999924859032
1,344,completed,88505.6331275,88505.6333744,88505.6337312,0.6036999984644353
0,344,completed,88505.6331275,88505.6333752,88505.6340495,0.9220000065397471
1,345,completed,88505.6679464,88505.6682196,88505.66857,0.6235999899217859
0,345,completed,88505.6679326,88505.6682099,88505.6689009,0.9682999952929094
1,346,completed,88505.709554,88505.7098379,88505.7101953,0.6412999937310815
0,346,completed,88505.7095541,88505.7098367,88505.7105819,1.0277999972458929
1,347,completed,88505.7373223,88505.7375878,88505.7380062,0.683899997966364
0,347,completed,88505.7373222,88505.7375839,88505.7382944,0.9721999958856031
1,348,completed,88505.7722167,88505.7725464,88505.7729344,0.7176999934017658
0,348,completed,88505.7722522,88505.772618,88505.773301,1.0487999970791861
0,349,completed,88505.7998342,88505.800086,88505.8005821,0.747899990528822
1,349,completed,88505.7997935,88505.8001387,88505.8009805,1.1870000016642734
0,350,completed,88505.8346851,88505.8349299,88505.8353245,0.6394000083673745
1,350,completed,88505.8346962,88505.8349657,88505.8356527,0.956499992753379
1,351,completed,88505.8694125,88505.8697343,88505.8701901,0.7775999984005466
0,351,completed,88505.8694061,88505.869745,88505.870589,1.182899999548681
0,352,completed,88505.9039515,88505.9042368,88505.9045566,0.6050999945728108
1,352,completed,88505.9039518,88505.9042374,88505.9048582,0.9063999896170571
0,353,completed,88505.9383929,88505.9388744,88505.9393973,1.0043999936897308
1,353,completed,88505.9383832,88505.9389517,88505.9397088,1.3255999947432429
0,354,completed,88505.9666326,88505.9670347,88505.9674121,0.7794999983161688
1,354,completed,88505.9666329,88505.9670131,88505.9677785,1.1455999920144677
0,355,completed,88506.0043289,88506.00459,88506.004932,0.6030999938957393
1,355,completed,88506.0043711,88506.0045915,88506.0052462,0.8750999986659735
1,356,completed,88506.0444316,88506.0447266,88506.0450886,0.6569999968633056
0,356,completed,88506.0444266,88506.0447534,88506.0453772,0.9506000060355291
1,357,completed,88506.0657808,88506.066013,88506.0663835,0.6027000054018572
0,357,completed,88506.0657947,88506.066019,88506.0667197,0.9250000002793968
1,358,completed,88506.1048173,88506.1052113,88506.1058224,1.0050999990198761
0,358,completed,88506.1047969,88506.1053384,88506.1062503,1.4533999928971753
0,359,completed,88506.1332383,88506.1335537,88506.1340142,0.7759000000078231
1,359,completed,88506.1332245,88506.1335376,88506.134321,1.0965000110445544
1,360,completed,88506.1804083,88506.1806291,88506.1810235,0.6151999987196177
0,360,completed,88506.1803655,88506.1806456,88506.1813264,0.9608999971533194
1,361,completed,88506.2116941,88506.2119495,88506.212301,0.6069000082788989
0,361,completed,88506.2117723,88506.2119665,88506.2126214,0.8491000044159591
0,362,completed,88506.2373209,88506.2375845,88506.2381013,0.7803999906172976
1,362,completed,88506.237345,88506.2376222,88506.2384587,1.113699996494688
1,363,completed,88506.2650274,88506.2653092,88506.265667,0.639599995338358
0,363,completed,88506.2650348,88506.2653107,88506.2660314,0.9965999925043434
0,364,completed,88506.2999702,88506.3004834,88506.301026,1.055800006724894
1,364,completed,88506.2999676,88506.3004985,88506.3013519,1.3842999906046316
1,365,completed,88506.3345296,88506.3347551,88506.3351261,0.596500001847744
0,365,completed,88506.3345193,88506.3347708,88506.3354946,0.9753000049386173
0,366,completed,88506.3693572,88506.36963,88506.3702581,0.9008999913930893
1,366,completed,88506.3693267,88506.3696496,88506.3705922,1.2654999882215634
0,367,completed,88506.404011,88506.4042223,88506.4047096,0.6985999934840947
1,367,completed,88506.4040274,88506.4042866,88506.405003,0.9756000072229654
1,368,completed,88506.4317869,88506.4319863,88506.4324323,0.6454000103985891
0,368,completed,88506.4386276,88506.4388173,88506.4393294,0.7018000032985583
1,369,completed,88506.4664598,88506.4667242,88506.4670982,0.6384000007528812
0,369,completed,88506.4664796,88506.4667093,88506.4674217,0.9420999995199963
0,370,completed,88506.5012359,88506.5014592,88506.5018754,0.6395000091288239
1,370,completed,88506.5012661,88506.5015302,88506.5023965,1.1304000072414055
1,371,completed,88506.5359238,88506.5362229,88506.5367042,0.7804000051692128
0,371,completed,88506.5359325,88506.53625,88506.5370441,1.1115999950561672
0,372,completed,88506.5708404,88506.5711791,88506.5716688,0.8283999923150986
1,372,completed,88506.5708397,88506.571215,88506.572052,1.2123000051360577
1,373,completed,88506.5985043,88506.5987588,88506.5990864,0.5821000086143613
0,373,completed,88506.5985203,88506.5987685,88506.5994295,0.9091999963857234
1,374,completed,88506.6331691,88506.6334498,88506.6338584,0.6893000099807978
0,374,completed,88506.6331693,88506.6334498,88506.6341784,1.0091000003740191
0,375,completed,88506.6764404,88506.6766887,88506.6770253,0.5849000008311123
1,375,completed,88506.6764402,88506.6766844,88506.6772727,0.8325000089826062
1,376,completed,88506.7026671,88506.7029416,88506.703266,0.5988999910186976
0,376,completed,88506.7026665,88506.7029434,88506.7036305,0.9639999916544184
0,377,completed,88506.737358,88506.7376511,88506.7381338,0.7757999992463738
1,377,completed,88506.7373835,88506.7376725,88506.7384834,1.0998999932780862
1,378,completed,88506.7652112,88506.7655116,88506.7660143,0.8030999888433143
0,378,completed,88506.7652112,88506.7655244,88506.7663709,1.1596999975154176
0,379,completed,88506.8067491,88506.8071072,88506.8079741,1.224999999976717
1,379,completed,88506.8067491,88506.8070783,88506.8082645,1.5153999993344769
0,380,completed,88506.834581,88506.8349107,88506.8352819,0.7008999964455143
1,380,completed,88506.8345815,88506.834912,88506.8356318,1.050299993949011
0,381,completed,88506.8691423,88506.8694028,88506.8698307,0.6884000031277537
1,381,completed,88506.8691687,88506.8694391,88506.8702181,1.0494000016478822
1,382,completed,88506.9108946,88506.9111651,88506.9115469,0.6522999901790172
0,382,completed,88506.9108864,88506.9111768,88506.9119006,1.0141999955521896
1,383,completed,88506.9386124,88506.9389344,88506.9393861,0.7736999978078529
0,383,completed,88506.9386422,88506.9389828,88506.9397614,1.1192000092705712
0,384,completed,88506.9734978,88506.9737878,88506.9741499,0.6520999886561185
1,384,completed,88506.9735161,88506.9737931,88506.9745474,1.0312999947927892
0,385,completed,88507.0012756,88507.0015105,88507.0018995,0.6238999922061339
1,385,completed,88507.0012991,88507.0015747,88507.0022828,0.9836999961407855
0,386,completed,88507.035932,88507.0362503,88507.0366794,0.7474000012734905
1,386,completed,88507.0359351,88507.0362561,88507.0369723,1.0372000106144696
0,387,completed,88507.0775073,88507.0778271,88507.0783106,0.8033000049181283
1,387,completed,88507.0775064,88507.0778302,88507.0786738,1.1673999979393557
0,388,completed,88507.0991831,88507.0997642,88507.1005549,1.371799997286871
1,388,completed,88507.0993518,88507.0999661,88507.1010107,1.6589000006206334
1,389,completed,88507.1401741,88507.1404873,88507.1409855,0.8113999938359484
0,389,completed,88507.1401749,88507.1404703,88507.1414864,1.311499989242293
0,390,completed,88507.1679414,88507.1682109,88507.1686879,0.7465000089723617
1,390,completed,88507.1679415,88507.168251,88507.1689944,1.0528999991947785
1,391,completed,88507.202596,88507.2028556,88507.2033487,0.7526999979745597
0,391,completed,88507.2025788,88507.2028567,88507.203733,1.1541999992914498
0,392,completed,88507.2372654,88507.2375767,88507.2380513,0.7858999888412654
1,392,completed,88507.2372833,88507.2375771,88507.2383824,1.0991000017384067
1,393,completed,88507.265092,88507.265282,88507.2656737,0.5817000055685639
0,393,completed,88507.2720862,88507.2723052,88507.2727341,0.647900000330992
1,394,completed,88507.299801,88507.3000725,88507.3005324,0.7313999958569184
0,394,completed,88507.2997859,88507.3001072,88507.3009355,1.1495999933686107
1,395,completed,88507.3345001,88507.3347386,88507.335146,0.6458999996539205
0,395,completed,88507.3345377,88507.3348418,88507.3354749,0.9372000058647245
1,396,completed,88507.3692345,88507.3695292,88507.3700061,0.7715999963693321
0,396,completed,88507.3692165,88507.3695576,88507.3704197,1.2032000086037442
0,397,completed,88507.4039881,88507.4043638,88507.4048946,0.9064999903785065
1,397,completed,88507.4039704,88507.4043615,88507.4053642,1.3938000047346577
1,398,completed,88507.4318426,88507.4321287,88507.4325427,0.7001000049058348
0,398,completed,88507.4318428,88507.4321271,88507.432877,1.0342000023229048
0,399,completed,88507.4664538,88507.4666879,88507.4671634,0.7095999899320304
1,399,completed,88507.4664615,88507.4667658,88507.4674861,1.0246000019833446
0,400,completed,88507.5013322,88507.5015951,88507.5021746,0.8423999970545992
1,400,completed,88507.5013054,88507.5016467,88507.5025614,1.2560000031953678
0,401,completed,88507.5359904,88507.5362357,88507.5366946,0.7041999924695119
1,401,completed,88507.5360301,88507.5362969,88507.5370325,1.0023999930126593
1,402,completed,88507.5706223,88507.5708706,88507.5712948,0.672499998472631
0,402,completed,88507.5706086,88507.570854,88507.5716028,0.9942000033333898
0,403,completed,88507.6053411,88507.6055956,88507.6059939,0.6527999939862639
1,403,completed,88507.6053474,88507.6055931,88507.6064069,1.059500005794689
0,404,completed,88507.6401175,88507.640376,88507.6408403,0.7227999885799363
1,404,completed,88507.6401511,88507.6404608,88507.6411326,0.9814999939408153
1,405,completed,88507.6680732,88507.6683362,88507.668698,0.6247999990591779
0,405,completed,88507.6680733,88507.6683376,88507.669049,0.9757000079844147
1,406,completed,88507.7029379,88507.7033231,88507.7037968,0.8588999917265028
0,406,completed,88507.7029421,88507.7033706,88507.7041792,1.2370999902486801
1,407,completed,88507.7321582,88507.7324693,88507.7329177,0.7595000060973689
0,407,completed,88507.7321882,88507.7325067,88507.7333514,1.1632000096142292
0,408,completed,88507.7787547,88507.7792317,88507.7800831,1.328400001511909
1,408,completed,88507.7789213,88507.7793459,88507.7807235,1.802199985831976
1,409,completed,88507.8074423,88507.8078481,88507.8083504,0.9080999880097806
0,409,completed,88507.8074422,88507.8078482,88507.8087127,1.2704999971901998
0,410,completed,88507.8350353,88507.83533,88507.8358274,0.7921000069472939
1,410,completed,88507.8350364,88507.8353921,88507.8362385,1.2020999856758863
1,411,completed,88507.8696579,88507.8699924,88507.8704918,0.8339000050909817
0,411,completed,88507.8697148,88507.8700794,88507.8708792,1.1643999896477908
0,412,completed,88507.9000092,88507.9002875,88507.9006693,0.6600999913644046
1,412,completed,88507.9000144,88507.9003259,88507.9009981,0.9836999961407855
0,413,completed,88507.9321214,88507.9324872,88507.9329525,0.8311000128742307
1,413,completed,88507.9321403,88507.9325059,88507.933449,1.308699997025542
0,414,completed,88507.9751994,88507.9754574,88507.9757614,0.5620000010821968
1,414,completed,88507.9752002,88507.9754545,88507.9760529,0.8527000027243048
1,415,completed,88508.0011348,88508.0014705,88508.0018836,0.748799997381866
0,415,completed,88508.0011664,88508.0014983,88508.0022928,1.1263999913353473
0,416,completed,88508.0359356,88508.0362492,88508.0366545,0.7189000025391579
1,416,completed,88508.0359407,88508.036249,88508.0369585,1.0177999938605353
1,417,completed,88508.0706301,88508.0709033,88508.0712728,0.6427000043913722
0,417,completed,88508.0706324,88508.0709266,88508.0715656,0.9331999899586663
0,418,completed,88508.0985331,88508.0987184,88508.0990871,0.5539999983739108
1,418,completed,88508.1053562,88508.1055742,88508.1060381,0.6818999972892925
0,419,completed,88508.1330343,88508.1332889,88508.1336404,0.6061000021873042
1,419,completed,88508.133034,88508.1332924,88508.1339342,0.9002000006148592
0,420,completed,88508.167955,88508.1683879,88508.1688996,0.9446000040043145
1,420,completed,88508.1679551,88508.1683916,88508.1692472,1.292100001592189
0,421,completed,88508.20503,88508.2052276,88508.2056889,0.6588999967789277
1,421,completed,88508.2052231,88508.2054148,88508.2060177,0.7945999968796968
1,422,completed,88508.2325033,88508.2327559,88508.2331535,0.6502000032924116
0,422,completed,88508.2325036,88508.2327774,88508.2334905,0.9869000059552491
0,423,completed,88508.2674757,88508.2677662,88508.2681436,0.6678999925497919
1,423,completed,88508.2674792,88508.2677977,88508.2684525,0.9732999897096306
1,424,completed,88508.2997425,88508.2999735,88508.3004519,0.7093999884091318
0,424,completed,88508.2997483,88508.3000452,88508.3007605,1.0121999948751181
0,425,completed,88508.3362809,88508.3364811,88508.3369062,0.6253000028664246
1,425,completed,88508.3364617,88508.3366913,88508.337218,0.7562999962829053
0,426,completed,88508.3712921,88508.3716062,88508.3719828,0.6907000060891733
1,426,completed,88508.3713035,88508.3715991,88508.372262,0.9585000079823658
1,427,completed,88508.3985502,88508.3988087,88508.3991591,0.6088999944040552
0,427,completed,88508.3985461,88508.3988072,88508.3993698,0.8237000001827255
1,428,completed,88508.4383352,88508.4386052,88508.4389623,0.6271000020205975
0,428,completed,88508.4383258,88508.4385889,88508.439297,0.971200002823025
1,429,completed,88508.4660402,88508.4663776,88508.4667461,0.7059000054141507
0,429,completed,88508.4660491,88508.4663687,88508.4670686,1.019500006805174
1,430,completed,88508.5006807,88508.5009772,88508.5013954,0.7146999996621162
0,430,completed,88508.5006807,88508.500968,88508.5017284,1.0477000032551587
1,431,completed,88508.5354645,88508.5357493,88508.536091,0.6264999974519014
0,431,completed,88508.5354648,88508.5357347,88508.5363725,0.9076999995158985
1,432,completed,88508.5702096,88508.5705135,88508.5708996,0.6900000007590279
0,432,completed,88508.5701997,88508.5705052,88508.5711973,0.9976000001188368
1,433,completed,88508.6049328,88508.6052504,88508.6056086,0.6758000090485439
0,433,completed,88508.6049238,88508.6052725,88508.6059214,0.9976000001188368
0,434,completed,88508.6326753,88508.6329471,88508.6333477,0.6723999977111816
1,434,completed,88508.6326722,88508.632971,88508.6336426,0.9704000112833455
0,435,completed,88508.6673947,88508.6676733,88508.6680339,0.6392000068444759
1,435,completed,88508.6673952,88508.6676745,88508.6683319,0.9367000020574778
1,436,completed,88508.7020545,88508.702298,88508.702688,0.6335000070976093
0,436,completed,88508.7020315,88508.7023318,88508.7030206,0.9891000081552193
0,437,completed,88508.7368437,88508.7371077,88508.7374637,0.6200000061653554
1,437,completed,88508.7368196,88508.737064,88508.7377768,0.9571999980835244
0,438,completed,88508.7786181,88508.7789483,88508.7795146,0.8965000015450642
1,438,completed,88508.7787976,88508.7791178,88508.7798664,1.0688000038499013
1,439,completed,88508.7993535,88508.7996595,88508.8000042,0.6507000070996583
0,439,completed,88508.7993608,88508.7996748,88508.8002707,0.9099000017158687
0,440,completed,88508.8339756,88508.8342768,88508.8349053,0.9296999924117699
1,440,completed,88508.8339899,88508.8342876,88508.8352224,1.2324999988777563
0,441,completed,88508.8779185,88508.8781358,88508.8784674,0.5489000031957403
1,441,completed,88508.8779188,88508.8781423,88508.8787282,0.8093999931588769
0,442,completed,88508.9035677,88508.9038596,88508.9042489,0.6811999919591472
1,442,completed,88508.9035603,88508.9038593,88508.904559,0.9987000084947795
1,443,completed,88508.9383865,88508.938665,88508.9391736,0.7870999979786575
0,443,completed,88508.9385284,88508.9388701,88508.9395214,0.9929999941959977
0,444,completed,88508.9660338,88508.9663179,88508.9667299,0.6961000035516918
1,444,completed,88508.9660286,88508.9663608,88508.9670851,1.0564999975031242
1,445,completed,88509.0008469,88509.0011542,88509.0016334,0.7864999934099615
0,445,completed,88509.0008469,88509.0012273,88509.0020046,1.1576999968383461
0,446,completed,88509.035691,88509.0360053,88509.0364589,0.7678999972995371
1,446,completed,88509.0357349,88509.0361563,88509.0367586,1.0237000096822158
1,447,completed,88509.0702241,88509.0703972,88509.0707727,0.5486000009113923
0,447,completed,88509.0703718,88509.0705498,88509.0710657,0.6939000013517216
1,448,completed,88509.1047705,88509.1049968,88509.1053596,0.589100003708154
0,448,completed,88509.1047832,88509.1050079,88509.1056395,0.8563000010326505
0,449,completed,88509.1326415,88509.1328949,88509.1333145,0.6730000022798777
1,449,completed,88509.1327776,88509.1330058,88509.1336744,0.8968000038294122
0,450,completed,88509.1674018,88509.167661,88509.1680534,0.651599999400787
1,450,completed,88509.1674011,88509.1676795,88509.1684157,1.014599998597987
1,451,completed,88509.2021761,88509.2024235,88509.2027792,0.6030999938957393
0,451,completed,88509.2021766,88509.202442,88509.2030628,0.8862000104272738
0,452,completed,88509.2437363,88509.2440366,88509.2444127,0.6763999990653247
1,452,completed,88509.2437642,88509.2440114,88509.2447349,0.9706999990157783
0,453,completed,88509.2715073,88509.2717475,88509.2720987,0.5914000066695735
1,453,completed,88509.2715031,88509.2717592,88509.2723897,0.8865999989211559
0,454,completed,88509.299263,88509.2995123,88509.2998517,0.5887000006623566
1,454,completed,88509.2992801,88509.2995318,88509.3001456,0.8655000128783286
0,455,completed,88509.3342723,88509.3348092,88509.3353379,1.065600008587353
1,455,completed,88509.3343127,88509.3349527,88509.3356358,1.32310000481084
0,456,completed,88509.3688288,88509.3692373,88509.3696032,0.7744000031379983
1,456,completed,88509.3688286,88509.3692415,88509.3699743,1.1457000073278323
1,457,completed,88509.4036099,88509.4038858,88509.4042868,0.6769000028725713
0,457,completed,88509.403624,88509.4039534,88509.4046317,1.0077000042656437
1,458,completed,88509.4382534,88509.4385313,88509.4390332,0.7798000006005168
0,458,completed,88509.4382375,88509.4386419,88509.4393694,1.1319000041112304
1,459,completed,88509.4660292,88509.4663494,88509.4667279,0.6986999942455441
0,459,completed,88509.466017,88509.4663667,88509.467028,1.0110000002896413
1,460,completed,88509.5007818,88509.5012805,88509.5017795,0.9977000008802861
0,460,completed,88509.5007993,88509.5013266,88509.502094,1.2946999922860414
0,461,completed,88509.5355013,88509.5357565,88509.5361817,0.6804000004194677
1,461,completed,88509.5354313,88509.5357275,88509.5365265,1.095200001145713
0,462,completed,88509.5700603,88509.5702496,88509.5706933,0.6330000032903627
1,462,completed,88509.5702199,88509.57044,88509.5710175,0.7976000051712617
0,463,completed,88509.6117791,88509.6122575,88509.6128332,1.0540999937802553
1,463,completed,88509.6117801,88509.6123542,88509.6131079,1.3278000114951283
1,464,completed,88509.6325501,88509.6327816,88509.6333245,0.7744000031379983
0,464,completed,88509.632562,88509.632795,88509.6337626,1.2006000033579767
1,465,completed,88509.6743578,88509.6746077,88509.6749716,0.6138000026112422
0,465,completed,88509.6743644,88509.6746106,88509.6752822,0.9178000036627054
0,466,completed,88509.702125,88509.7025839,88509.7030547,0.9297000069636852
1,466,completed,88509.7021139,88509.7025824,88509.7033562,1.2423000007402152
1,467,completed,88509.7368063,88509.7373261,88509.7379947,1.188399997772649
0,467,completed,88509.73679,88509.7374387,88509.7383402,1.550200002384372
1,468,completed,88509.7786134,88509.7791459,88509.779553,0.9395999950356781
0,468,completed,88509.7787229,88509.7792283,88509.7798606,1.1377000046195462
1,469,completed,88509.7993694,88509.7996806,88509.8001153,0.7458999898517504
0,469,completed,88509.7993415,88509.7996905,88509.800509,1.167499998700805
0,470,completed,88509.83412,88509.8343987,88509.8348345,0.7144999981392175
1,470,completed,88509.8341188,88509.8344368,88509.8351685,1.049699989380315
0,471,completed,88509.8688197,88509.8690933,88509.8694754,0.6557000015163794
1,471,completed,88509.8688164,88509.8691007,88509.8697925,0.9760999964782968
0,472,completed,88509.9034646,88509.9040332,88509.9045456,1.081000009435229
1,472,completed,88509.9034506,88509.9040221,88509.9048399,1.389299999573268
0,473,completed,88509.9380996,88509.9383523,88509.938782,0.6824000010965392
1,473,completed,88509.9380892,88509.9383549,88509.9391314,1.0421999904792756
0,474,completed,88509.9660189,88509.9664813,88509.9668876,0.8687000081408769
1,474,completed,88509.9660116,88509.9665384,88509.9671342,1.122599991504103
0,475,completed,88510.0006763,88510.0009033,88510.0013006,0.6242999952519313
1,475,completed,88510.0006748,88510.000939,88510.0016731,0.9983000054489821
1,476,completed,88510.0354364,88510.035901,88510.0364797,1.0432999988552183
0,476,completed,88510.035467,88510.0359314,88510.0367925,1.3255000085337088
0,477,completed,88510.0702033,88510.070615,88510.071014,0.8107000030577183
1,477,completed,88510.070197,88510.0706689,88510.0713438,1.1468000011518598
0,478,completed,88510.104847,88510.1050769,88510.1054572,0.6102000043028966
1,478,completed,88510.1049071,88510.1051159,88510.1057654,0.858300001709722
1,479,completed,88510.1325231,88510.1327552,88510.1334416,0.9185000089928508
0,479,completed,88510.1327815,88510.1330836,88510.133852,1.0705000022426248
1,480,completed,88510.1672989,88510.1675422,88510.1678904,0.5914999928791076
0,480,completed,88510.1672928,88510.1675423,88510.1681716,0.8787999977357686
0,481,completed,88510.2020917,88510.2026353,88510.2030672,0.9754999919096008
1,481,completed,88510.2020704,88510.2026194,88510.2033837,1.313300002948381
0,482,completed,88510.2367727,88510.2372466,88510.2378294,1.0566999990260229
1,482,completed,88510.2367478,88510.2372832,88510.2381766,1.4288000093074515
1,483,completed,88510.2713741,88510.2715985,88510.2719512,0.5770999996457249
0,483,completed,88510.2714011,88510.2716664,88510.2722062,0.8050999895203859
0,484,completed,88510.2991904,88510.2994203,88510.2997413,0.5509000038728118
1,484,completed,88510.2992043,88510.2994333,88510.300023,0.8187000057660043
0,485,completed,88510.3339548,88510.3342223,88510.3348843,0.9295000054407865
1,485,completed,88510.3339421,88510.3342126,88510.3352135,1.2714000040432438
0,486,completed,88510.3687409,88510.3689622,88510.3693192,0.5783000087831169
1,486,completed,88510.3687226,88510.3689421,88510.369648,0.9254000033251941
0,487,completed,88510.4033952,88510.4036304,88510.4039874,0.592199998209253
1,487,completed,88510.4033835,88510.4036231,88510.4042626,0.8791000000201166
1,488,completed,88510.4381721,88510.4384151,88510.4388364,0.6643000087933615
0,488,completed,88510.4381594,88510.4384052,88510.4391538,0.9944000048562884
1,489,completed,88510.4661274,88510.4664285,88510.4668093,0.6818999972892925
0,489,completed,88510.4661357,88510.4664095,88510.4671657,1.029999999445863
1,490,completed,88510.5006138,88510.5008043,88510.5012614,0.647599998046644
0,490,completed,88510.5008233,88510.5010321,88510.5015581,0.7348000071942806
0,491,completed,88510.5352975,88510.5355307,88510.5358634,0.5659000016748905
1,491,completed,88510.5353185,88510.5355546,88510.5361552,0.8366999973077327
0,492,completed,88510.5769899,88510.5773107,88510.5776869,0.6969999958528206
1,492,completed,88510.5769723,88510.5773023,88510.5779577,0.9854000090854242
1,493,completed,88510.6047965,88510.6050973,88510.6054622,0.6656999903498217
0,493,completed,88510.6048051,88510.605125,88510.6057541,0.9490000084042549
0,494,completed,88510.639643,88510.6399391,88510.6403209,0.6778999959351495
1,494,completed,88510.6396293,88510.6399314,88510.6405573,0.9279999940190464
0,495,completed,88510.6673085,88510.667563,88510.6680345,0.7260000129463151
1,495,completed,88510.6673034,88510.6675635,88510.6683656,1.0621999972499907
1,496,completed,88510.7021165,88510.702604,88510.7031155,0.9989999962272123
0,496,completed,88510.702135,88510.7026242,88510.7034178,1.2828000035369769
1,497,completed,88510.7366728,88510.7368805,88510.7372738,0.6009999924572185
0,497,completed,88510.7367016,88510.7369125,88510.7375276,0.8259999885922298
0,498,completed,88510.7715206,88510.7720383,88510.7724216,0.9010000067064539
1,498,completed,88510.7714926,88510.7720263,88510.7727575,1.2648999982047826
0,499,completed,88510.7993169,88510.7998679,88510.8002493,0.9323999984189868
1,499,completed,88510.7993426,88510.7998616,88510.8005658,1.223200000822544
1,500,completed,88510.8339798,88510.8342203,88510.8349038,0.9240000072168186
0,500,completed,88510.8340035,88510.8342536,88510.8352054,1.2018999987049028
0,501,completed,88510.8687714,88510.8692222,88510.8695935,0.8221000025514513
1,501,completed,88510.8687661,88510.8692712,88510.8698963,1.1302000057185069
0,502,completed,88510.9033756,88510.9035831,88510.9039406,0.5649999948218465
1,502,completed,88510.9033591,88510.9035963,88510.9042361,0.8769999985815957
1,503,completed,88510.9380687,88510.9383277,88510.93871,0.6413000082829967
0,503,completed,88510.938088,88510.9383666,88510.9390675,0.979500007815659
0,504,completed,88510.9720488,88510.9722414,88510.972581,0.5321999924490228
1,504,completed,88510.9720416,88510.9722385,88510.9728905,0.8488999883411452
1,505,completed,88511.0007437,88511.001423,88511.0019076,1.1639000003924593
0,505,completed,88511.0008106,88511.0016284,88511.0022226,1.4119999977992848
0,506,completed,88511.035351,88511.0356766,88511.0360888,0.7378000009339303
1,506,completed,88511.0353243,88511.035687,88511.0363454,1.0211000044364482
1,507,completed,88511.0700316,88511.0702563,88511.0706368,0.6051999953342602
0,507,completed,88511.0700728,88511.0702913,88511.0710048,0.9320000099251047
1,508,completed,88511.1048357,88511.1051201,88511.1054729,0.6372000061674044
0,508,completed,88511.1048173,88511.1050992,88511.1057493,0.9319999953731894
1,509,completed,88511.132556,88511.1329347,88511.1334947,0.9387000027345493
0,509,completed,88511.132573,88511.1329667,88511.1338512,1.2781999976141378
0,510,completed,88511.1674125,88511.1679015,88511.1683154,0.902900006622076
1,510,completed,88511.1674658,88511.167961,88511.1686782,1.212400005897507
1,511,completed,88511.2020753,88511.20229,88511.2026692,0.5939000111538917
0,511,completed,88511.2021009,88511.2023173,88511.2029858,0.8849000005284324
0,512,completed,88511.2366669,88511.2369483,88511.2375127,0.8457999938400462
1,512,completed,88511.2367041,88511.2369869,88511.2379246,1.2205000093672425
0,513,completed,88511.2715835,88511.2717663,88511.2721198,0.5363000091165304
1,513,completed,88511.271716,88511.2718928,88511.2723958,0.6797999958507717
1,514,completed,88511.2992931,88511.2995709,88511.2999078,0.614699994912371
0,514,completed,88511.2992948,88511.2995709,88511.3001522,0.857399994856678
0,515,completed,88511.3341862,88511.334736,88511.3353095,1.1233000113861635
1,515,completed,88511.3342035,88511.3347886,88511.3356125,1.409000004059635
0,516,completed,88511.3687763,88511.3690039,88511.3693297,0.5533999938052148
1,516,completed,88511.3687897,88511.3690149,88511.3696014,0.8116999961202964
0,517,completed,88511.4033627,88511.4035949,88511.4039567,0.5939999973634258
1,517,completed,88511.403354,88511.4035893,88511.4042369,0.8828999998513609
1,518,completed,88511.4383811,88511.4388326,88511.4394472,1.0660999978426844
0,518,completed,88511.4383656,88511.439064,88511.439714,1.348399993730709
1,519,completed,88511.4659985,88511.4662397,88511.4666104,0.6119000026956201
0,519,completed,88511.4659889,88511.4662355,88511.4669033,0.9143999923253432
0,520,completed,88511.5006765,88511.5011111,88511.5015563,0.8798000053502619
1,520,completed,88511.5006842,88511.5011593,88511.5018133,1.1290999973425642
0,521,completed,88511.5353031,88511.5356196,88511.5362068,0.9036999981617555
1,521,completed,88511.5353192,88511.5356513,88511.5366002,1.2809999898308888
1,522,completed,88511.5700513,88511.5703274,88511.5707105,0.6591999990632758
0,522,completed,88511.5700715,88511.5703407,88511.5710085,0.9370000043418258
0,523,completed,88511.6116728,88511.611949,88511.6124125,0.7397000008495525
1,523,completed,88511.6116882,88511.6120029,88511.6127705,1.08229999023024
1,524,completed,88511.632516,88511.6327499,88511.6331169,0.6009000062476844
0,524,completed,88511.6325357,88511.6327675,88511.6334256,0.8898999949451536
1,525,completed,88511.6674575,88511.6678718,88511.6682771,0.8195999980671331
0,525,completed,88511.6674637,88511.6679165,88511.6686068,1.1431000020820647
0,526,completed,88511.7090261,88511.7092934,88511.7096135,0.5874000053154305
1,526,completed,88511.7090304,88511.7092743,88511.7098959,0.8654999983264133
1,527,completed,88511.7367428,88511.7371078,88511.7377409,0.9981000039260834
0,527,completed,88511.7367575,88511.7371323,88511.7380421,1.2846000026911497
1,528,completed,88511.7715951,88511.7720566,88511.7724238,0.8286999945994467
0,528,completed,88511.7715899,88511.7720859,88511.7727142,1.1242999898968264
1,529,completed,88511.7992507,88511.7997055,88511.8001471,0.8964000007836148
0,529,completed,88511.7992248,88511.7996793,88511.8004616,1.2368000025162473
0,530,completed,88511.8343077,88511.8345854,88511.8353895,1.0818000009749085
1,530,completed,88511.8343065,88511.8345788,88511.8356674,1.3609000016003847
1,531,completed,88511.8757762,88511.876296,88511.8766824,0.9062000026460737
0,531,completed,88511.8757766,88511.8762957,88511.8769727,1.196099998196587
1,532,completed,88511.9034475,88511.9038907,88511.904358,0.9105000062845647
0,532,completed,88511.9034693,88511.9039141,88511.9046434,1.1741000053007156
0,533,completed,88511.9381781,88511.9384516,88511.9388264,0.6483000033767894
1,533,completed,88511.9381664,88511.9384611,88511.9391564,0.9900000004563481
1,534,completed,88511.9659489,88511.966246,88511.9666912,0.7422999915434048
0,534,completed,88511.9659526,88511.9663392,88511.9671114,1.1587999906623736
0,535,completed,88512.0006783,88512.0009322,88512.0013555,0.6772000051569194
1,535,completed,88512.0006881,88512.0010393,88512.0016677,0.9795999940251932
1,536,completed,88512.0354588,88512.0356916,88512.0361138,0.6549999961862341
0,536,completed,88512.0354711,88512.035789,88512.0364049,0.9338000090792775
1,537,completed,88512.0701123,88512.0704349,88512.0707917,0.6793999928049743
0,537,completed,88512.070103,88512.0704116,88512.0711284,1.025399993523024
1,538,completed,88512.1048243,88512.1051181,88512.1054973,0.6730000022798777
0,538,completed,88512.1048239,88512.105155,88512.1058177,0.9938000002875924
0,539,completed,88512.1325899,88512.13283,88512.1331893,0.5994000093778595
1,539,completed,88512.1325583,88512.1328067,88512.1334989,0.9406000026501715
0,540,completed,88512.1673143,88512.1676227,88512.1680358,0.7215000077849254
1,540,completed,88512.167314,88512.167623,88512.1683875,1.0734999959822744
1,541,completed,88512.202007,88512.2024317,88512.2029226,0.9156000014627352
0,541,completed,88512.2019987,88512.202489,88512.2032441,1.2454000097932294
1,542,completed,88512.2368514,88512.2370748,88512.2374536,0.6022000015946105
0,542,completed,88512.2368459,88512.2370792,88512.2377962,0.9503000037511811
0,543,completed,88512.2713777,88512.2716586,88512.2721457,0.7679999980609864
1,543,completed,88512.2713696,88512.2716573,88512.2724703,1.1006999993696809
0,544,completed,88512.3005413,88512.3009225,88512.30129,0.7486999966204166
1,544,completed,88512.3005671,88512.30101,88512.3015751,1.0080000065499917
0,545,completed,88512.333978,88512.3341984,88512.3345431,0.565100010135211
1,545,completed,88512.333955,88512.334191,88512.335356,1.401000001351349
0,546,completed,88512.3689068,88512.3693537,88512.3698493,0.9425000025657937
1,546,completed,88512.3688885,88512.3693475,88512.3701914,1.302899996517226
0,547,completed,88512.4033601,88512.4035968,88512.4039542,0.5940999981248751
1,547,completed,88512.4033721,88512.4036073,88512.4042698,0.897699996130541
1,548,completed,88512.4380791,88512.4382942,88512.4386267,0.5475999932968989
0,548,completed,88512.4380595,88512.438276,88512.4389507,0.891200004843995
0,549,completed,88512.4659762,88512.4664365,88512.4667847,0.8085000008577481
1,549,completed,88512.4659562,88512.4664239,88512.4670996,1.1434000043664128
1,550,completed,88512.5006199,88512.5008479,88512.5012257,0.6057999999029562
0,550,completed,88512.5006044,88512.5008328,88512.5015726,0.9681999945314601
0,551,completed,88512.5353096,88512.5356033,88512.5362505,0.9408999903826043
1,551,completed,88512.5355625,88512.5359015,88512.5365752,1.01270001323428
1,552,completed,88512.570043,88512.5702931,88512.5707581,0.7151000027079135
0,552,completed,88512.5700829,88512.5703522,88512.5711624,1.079499998013489
1,553,completed,88512.6050044,88512.605484,88512.6058379,0.8335000020451844
0,553,completed,88512.6050172,88512.6054518,88512.6061464,1.1291999981040135
1,554,completed,88512.6410361,88512.6412451,88512.641616,0.5798999918624759
0,554,completed,88512.6410224,88512.6412302,88512.6418641,0.8417000062763691
1,555,completed,88512.6673837,88512.6676412,88512.6679943,0.6106000073486939
0,555,completed,88512.6674047,88512.6676581,88512.6682961,0.8914000063668936
1,556,completed,88512.7090522,88512.7092954,88512.7096542,0.6020000000717118
0,556,completed,88512.7090501,88512.7092849,88512.709994,0.9438999986741692
0,557,completed,88512.7368006,88512.7370517,88512.7374935,0.6928999937372282
1,557,completed,88512.7368105,88512.7370528,88512.7377954,0.9848999907262623
0,558,completed,88512.7716083,88512.7718862,88512.7722868,0.6785000005038455
1,558,completed,88512.7715637,88512.7718929,88512.7726429,1.0792000102810562
0,559,completed,88512.7992508,88512.7995075,88512.7998648,0.6140000041341409
1,559,completed,88512.7992535,88512.7995571,88512.8001357,0.8822000090731308
0,560,completed,88512.8340469,88512.8343747,88512.8347594,0.712499997462146
1,560,completed,88512.8340459,88512.8344047,88512.8356068,1.5608999965479597
0,561,completed,88512.8686799,88512.8689399,88512.8693059,0.62600000819657
1,561,completed,88512.8686828,88512.868939,88512.8695976,0.9147999953711405
0,562,completed,88512.9033109,88512.9035364,88512.9038851,0.5741999921156093
1,562,completed,88512.9033226,88512.9035504,88512.9042029,0.8802999946055934
1,563,completed,88512.9382264,88512.9385266,88512.938914,0.687599997036159
0,563,completed,88512.9382451,88512.9385569,88512.9392186,0.9735000057844445
1,564,completed,88512.9659864,88512.9661897,88512.9666132,0.6267999997362494
0,564,completed,88512.9661581,88512.9663592,88512.9669407,0.782600007369183
0,565,completed,88513.0008979,88513.0011681,88513.0016047,0.7067999977152795
1,565,completed,88513.0008905,88513.0012066,88513.0019448,1.054299995303154
0,566,completed,88513.0354886,88513.0357389,88513.0362122,0.723599994671531
1,566,completed,88513.0354993,88513.0358618,88513.0365793,1.0800000018207356
1,567,completed,88513.0722997,88513.0725541,88513.0729958,0.6961000035516918
0,567,completed,88513.0723301,88513.0733514,88513.0736629,1.3328000059118494
0,568,completed,88513.0977891,88513.0979831,88513.098366,0.5769000126747414
1,568,completed,88513.1116286,88513.1118135,88513.112205,0.5763999943155795
1,569,completed,88513.1325338,88513.1327959,88513.1332035,0.6696999917039648
0,569,completed,88513.1325509,88513.1327922,88513.1335443,0.9933999972417951
1,570,completed,88513.1674922,88513.167847,88513.1683607,0.8685000066179782
0,570,completed,88513.1674077,88513.1677938,88513.1687798,1.372099999571219
1,571,completed,88513.2021293,88513.202351,88513.2027593,0.6299999949987978
0,571,completed,88513.2023017,88513.2025177,88513.2031185,0.8167999912984669
0,572,completed,88513.236785,88513.237093,88513.2375706,0.7856000011088327
1,572,completed,88513.2369582,88513.2373022,88513.2379737,1.015500005451031
0,573,completed,88513.278503,88513.2787616,88513.2791758,0.672800000756979
1,573,completed,88513.2785011,88513.2788105,88513.279536,1.0349000076530501
1,574,completed,88513.301606,88513.3018932,88513.3022065,0.600500003201887
0,574,completed,88513.3016058,88513.3018822,88513.3025561,0.9502999891992658
0,575,completed,88513.3339648,88513.3342396,88513.3346185,0.6537000008393079
1,575,completed,88513.3339641,88513.3342396,88513.3349314,0.9672999876784161
1,576,completed,88513.3687522,88513.3690278,88513.3694709,0.7187000010162592
0,576,completed,88513.3687519,88513.3690275,88513.3697885,1.0366000060457736
0,577,completed,88513.4034822,88513.4037205,88513.4040589,0.5767000111518428
1,577,completed,88513.4035161,88513.4037551,88513.4043536,0.8374999888474122
0,578,completed,88513.4381524,88513.4384173,88513.4387726,0.6201999931363389
1,578,completed,88513.4381641,88513.438452,88513.4391027,0.9385999874211848
1,579,completed,88513.4659517,88513.4662206,88513.4665644,0.6127000087872148
0,579,completed,88513.4659518,88513.4662156,88513.4668784,0.9265999979106709
1,580,completed,88513.5005477,88513.5007988,88513.501147,0.5993000086164102
0,580,completed,88513.5005656,88513.5008092,88513.5014307,0.865099995280616
1,581,completed,88513.5355632,88513.5357737,88513.5361252,0.5620000010821968
0,581,completed,88513.535454,88513.5357038,88513.5363993,0.9453000093344599
1,582,completed,88513.570129,88513.5704186,88513.5707752,0.6462000019382685
0,582,completed,88513.5701285,88513.5703922,88513.5710864,0.9579000034136698
1,583,completed,88513.6117891,88513.6120958,88513.6124982,0.709100000676699
0,583,completed,88513.611789,88513.6120972,88513.6127868,0.9978000016417354
0,584,completed,88513.6325938,88513.6328273,88513.633318,0.724199999240227
1,584,completed,88513.6327645,88513.6330225,88513.6336252,0.8607000054325908
0,585,completed,88513.6673072,88513.6675932,88513.6680292,0.7219999970402569
1,585,completed,88513.6673079,88513.6676682,88513.668346,1.0381000029155985
1,586,completed,88513.7020601,88513.7025152,88513.7029963,0.9361999982502311
0,586,completed,88513.7020696,88513.7025242,88513.7032857,1.216100004967302
0,587,completed,88513.7436409,88513.7440355,88513.7446386,0.9977000008802861
1,587,completed,88513.7436638,88513.7440832,88513.744978,1.3141999952495098
0,588,completed,88513.7714941,88513.7717423,88513.7721015,0.6073999975342304
1,588,completed,88513.77149,88513.77178,88513.7723851,0.8951000054366887
1,589,completed,88513.8062343,88513.8064574,88513.8068554,0.6210999999893829
0,589,completed,88513.8062593,88513.8065398,88513.8071638,0.904499989701435
0,590,completed,88513.8340808,88513.8342917,88513.8346703,0.5894999922020361
1,590,completed,88513.8341288,88513.8343835,88513.8349695,0.840700013213791
1,591,completed,88513.8687129,88513.868992,88513.8693736,0.6606999959331006
0,591,completed,88513.8687127,88513.8689997,88513.8696749,0.9621999925002456
0,592,completed,88513.9034027,88513.9036489,88513.904034,0.6313000048976392
1,592,completed,88513.9034275,88513.9036581,88513.9043555,0.9279999940190464
1,593,completed,88513.9381326,88513.9385446,88513.9390964,0.963800004683435
0,593,completed,88513.9381948,88513.9387059,88513.9394111,1.2163000064902008
1,594,completed,88513.9728953,88513.9731185,88513.9736531,0.7577999931527302
0,594,completed,88513.9729246,88513.9731927,88513.974121,1.196400000480935
1,595,completed,88514.000759,88514.0010394,88514.0014693,0.7102999952621758
0,595,completed,88514.0007882,88514.0011222,88514.0018205,1.0322999878553674
0,596,completed,88514.0353771,88514.0355452,88514.0359315,0.5544000014197081
1,596,completed,88514.0355077,88514.0357011,88514.0362524,0.7446999952662736
0,597,completed,88514.0700728,88514.0703178,88514.0707206,0.6477999995695427
1,597,completed,88514.0700584,88514.0703046,88514.0710586,1.0002000053646043
0,598,completed,88514.1047657,88514.1049845,88514.1053613,0.5955999949947
1,598,completed,88514.1048007,88514.1050647,88514.105646,0.8452999900327995
0,599,completed,88514.1325721,88514.1327868,88514.1331861,0.6140000041341409
1,599,completed,88514.1325749,88514.1328532,88514.1335575,0.982600002316758
1,600,completed,88514.1673061,88514.1675451,88514.1682269,0.9207999974023551
0,600,completed,88514.1673404,88514.1676763,88514.1686394,1.2989999959245324
1,601,completed,88514.2021308,88514.202356,88514.2028878,0.7570000016130507
0,601,completed,88514.2024072,88514.2026969,88514.2032648,0.8575999963795766
1,602,completed,88514.2367187,88514.2369803,88514.2373105,0.5917999951634556
0,602,completed,88514.2367384,88514.236986,88514.2376198,0.8814000029815361
1,603,completed,88514.2714854,88514.27173,88514.2720976,0.6122000049799681
0,603,completed,88514.27148,88514.27176,88514.2723628,0.8827999990899116
0,604,completed,88514.2993332,88514.2995903,88514.299927,0.5937999958405271
1,604,completed,88514.2993512,88514.2995981,88514.3002275,0.8763000078033656
0,605,completed,88514.3340484,88514.3343052,88514.3349077,0.8593000093242154
1,605,completed,88514.3340479,88514.3343077,88514.3358393,1.791399990906939
0,606,completed,88514.3687007,88514.3689455,88514.3693242,0.6235000037122518
1,606,completed,88514.3687122,88514.3689572,88514.3696202,0.9080000018002465
1,607,completed,88514.4034554,88514.403702,88514.4040012,0.5458000086946413
0,607,completed,88514.4034466,88514.4036985,88514.4042979,0.8512999920640141
0,608,completed,88514.4381312,88514.4382731,88514.4388976,0.7664000004297122
1,608,completed,88514.4386776,88514.4389416,88514.4392673,0.5896999937249348
0,609,completed,88514.4659667,88514.4662425,88514.4667075,0.7408000092254952
1,609,completed,88514.4659646,88514.4662983,88514.46706,1.0954000026686117
1,610,completed,88514.500508,88514.5007437,88514.5010976,0.5896000075154006
0,610,completed,88514.5005264,88514.5007524,88514.5013627,0.8362999942619354
1,611,completed,88514.5423424,88514.5426742,88514.543153,0.8106000022962689
0,611,completed,88514.5423432,88514.5426418,88514.5434312,1.0880000045290217
1,612,completed,88514.5700861,88514.5703484,88514.5707287,0.6426000036299229
0,612,completed,88514.5700861,88514.5703475,88514.5710121,0.9260000078938901
0,613,completed,88514.6047744,88514.6050188,88514.6053811,0.6067000067560002
1,613,completed,88514.6047795,88514.6050639,88514.6057005,0.9209999989252537
1,614,completed,88514.6326677,88514.6329183,88514.6333418,0.6740999961039051
0,614,completed,88514.6326588,88514.6329236,88514.6336191,0.9603000071365386
1,615,completed,88514.6673122,88514.6675607,88514.6679058,0.5935999943176284
0,615,completed,88514.6673082,88514.6675534,88514.6682318,0.923599989619106
0,616,completed,88514.7078164,88514.7080482,88514.7084025,0.5860999954165891
1,616,completed,88514.7077964,88514.7080342,88514.7086826,0.8861999958753586
1,617,completed,88514.7367273,88514.737108,88514.7376942,0.966899999184534
0,617,completed,88514.7368148,88514.7372918,88514.7379822,1.1673999979393557
0,618,completed,88514.7715857,88514.7721587,88514.7727638,1.1781000066548586
1,618,completed,88514.7715877,88514.7721315,88514.7731606,1.5729000006103888
0,619,completed,88514.7993534,88514.7998635,88514.8002469,0.8935000078054145
1,619,completed,88514.7993384,88514.799847,88514.8005394,1.201000006403774
1,620,completed,88514.8340729,88514.834291,88514.8346563,0.5833999894093722
0,620,completed,88514.8340733,88514.834324,88514.8349623,0.8890000026440248
0,621,completed,88514.8687131,88514.8690105,88514.869447,0.7339000003412366
1,621,completed,88514.8687413,88514.8690955,88514.8697715,1.0302000009687617
1,622,completed,88514.9033337,88514.9035504,88514.9039352,0.6014999962644652
0,622,completed,88514.9033628,88514.9035807,88514.9042316,0.868799994350411
1,623,completed,88514.9382781,88514.9387304,88514.9392852,1.0070999996969476
0,623,completed,88514.9382997,88514.9387595,88514.9396287,1.3289999915286899
1,624,completed,88514.966098,88514.9666351,88514.9672024,1.104399998439476
0,624,completed,88514.9661035,88514.9666384,88514.967506,1.4024999982211739
0,625,completed,88515.0008244,88515.0012863,88515.001759,0.934600000618957
1,625,completed,88515.0008176,88515.0013364,88515.0021295,1.3119000068400055
0,626,completed,88515.0353198,88515.0355311,88515.0358737,0.5539000121643767
1,626,completed,88515.0353372,88515.0355365,88515.0361493,0.8120999991660938
1,627,completed,88515.0701256,88515.0706246,88515.0712083,1.0826999932760373
0,627,completed,88515.0701076,88515.0706806,88515.0715464,1.4387999981408939
1,628,completed,88515.1048611,88515.1052857,88515.1056783,0.8171999943442643
0,628,completed,88515.1048263,88515.1053245,88515.1059742,1.1479000095278025
1,629,completed,88515.1325897,88515.1330531,88515.1335811,0.9913999965647236
0,629,completed,88515.13263,88515.1330656,88515.1338973,1.2673000019276515
1,630,completed,88515.167456,88515.1679155,88515.1685654,1.1094000074081123
0,630,completed,88515.1674535,88515.1679648,88515.1688867,1.4331999991554767
0,631,completed,88515.2020992,88515.2023626,88515.2027544,0.6551999977091327
1,631,completed,88515.2020606,88515.2023442,88515.2030586,0.9980000031646341
0,632,completed,88515.2365673,88515.2367947,88515.2371817,0.614399992628023
1,632,completed,88515.2366249,88515.2368521,88515.2374963,0.8713999995961785
0,633,completed,88515.2783628,88515.2786347,88515.2795883,1.2255000037839636
1,633,completed,88515.2783635,88515.2786345,88515.2800136,1.6501000063726678
0,634,completed,88515.2993942,88515.2998768,88515.300218,0.8238000009441748
1,634,completed,88515.2993942,88515.2998668,88515.3004942,1.0999999940395355
0,635,completed,88515.3339174,88515.3341201,88515.3345147,0.5973000079393387
1,635,completed,88515.3339465,88515.3341644,88515.3348274,0.8808999991742894
1,636,completed,88515.3688164,88515.3691012,88515.3695011,0.6846999895060435
0,636,completed,88515.3688164,88515.3691376,88515.3698028,0.9864000021480024
0,637,completed,88515.4035759,88515.4038642,88515.4042853,0.709400002961047
1,637,completed,88515.4035771,88515.4039716,88515.4045895,1.0123999963980168
0,638,completed,88515.4380658,88515.4383205,88515.4386834,0.6176000024424866
1,638,completed,88515.4380585,88515.4383818,88515.439092,1.0334999969927594
0,639,completed,88515.466043,88515.4663094,88515.4667485,0.7055000023683533
1,639,completed,88515.4660511,88515.4663565,88515.4670928,1.0417000012239441
1,640,completed,88515.5005185,88515.5007699,88515.501128,0.6094999989727512
0,640,completed,88515.5005218,88515.5007675,88515.5013831,0.8612999954493716
1,641,completed,88515.535406,88515.5358553,88515.5363741,0.968100008321926
0,641,completed,88515.53543,88515.535894,88515.5366436,1.2136000004829839
1,642,completed,88515.5701239,88515.5705483,88515.571063,0.9390999912284315
0,642,completed,88515.5701109,88515.5705869,88515.5714301,1.3192000042181462
1,643,completed,88515.6047781,88515.605056,88515.6054781,0.7000000041443855
0,643,completed,88515.6047652,88515.6050453,88515.6058163,1.0511000000406057
1,644,completed,88515.6325906,88515.6330511,88515.6335417,0.9510999952908605
0,644,completed,88515.6326211,88515.6330552,88515.6338278,1.2067000061506405
1,645,completed,88515.6672678,88515.6674874,88515.6678896,0.621799990767613
0,645,completed,88515.6672833,88515.6674997,88515.6681891,0.9057999996002764
0,646,completed,88515.7020184,88515.7024759,88515.7029327,0.9143000061158091
1,646,completed,88515.7020378,88515.7025078,88515.7032326,1.1948000028496608
1,647,completed,88515.7367841,88515.7372216,88515.7378457,1.06160000723321
0,647,completed,88515.7367832,88515.7372176,88515.7381044,1.3212000048952177
0,648,completed,88515.7713634,88515.7715796,88515.7720897,0.7263000006787479
1,648,completed,88515.7713587,88515.7715804,88515.7726287,1.269999993382953
1,649,completed,88515.7992151,88515.7994483,88515.7998914,0.6762999983038753
0,649,completed,88515.7992319,88515.7994705,88515.8002244,0.992499990388751
0,650,completed,88515.8339437,88515.8341817,88515.8346504,0.7066999969538301
1,650,completed,88515.8339749,88515.8341993,88515.8349876,1.0126999986823648
0,651,completed,88515.8687798,88515.869405,88515.8700326,1.2527999933809042
1,651,completed,88515.8688351,88515.869468,88515.8703655,1.5303999971365556
1,652,completed,88515.91024,88515.9104639,88515.9108377,0.5976999964332208
0,652,completed,88515.9102466,88515.9105192,88515.9111572,0.9105999924940988
0,653,completed,88515.9380287,88515.9382695,88515.9386402,0.6114999996498227
1,653,completed,88515.9380518,88515.9382947,88515.9389564,0.9046000050147995
1,654,completed,88515.9729574,88515.9734241,88515.9740461,1.088700009859167
0,654,completed,88515.9729319,88515.9734599,88515.9743842,1.4522999990731478
0,655,completed,88516.0006132,88516.0010985,88516.0016741,1.0609000019030645
1,655,completed,88516.0006505,88516.001159,88516.0021446,1.4940999972168356
0,656,completed,88516.0354995,88516.0360473,88516.0364408,0.9413000079803169
1,656,completed,88516.0354823,88516.0360394,88516.0367391,1.2568000092869624
1,657,completed,88516.0769485,88516.0772225,88516.077633,0.6844999879831448
0,657,completed,88516.0769514,88516.077248,88516.07794,0.9886000043479726
1,658,completed,88516.1049048,88516.1053755,88516.1057345,0.82970000221394
0,658,completed,88516.1049046,88516.1054036,88516.10607,1.1653999972622842
1,659,completed,88516.1324464,88516.132668,88516.1333538,0.9073999972315505
0,659,completed,88516.1324712,88516.1326963,88516.1336315,1.1602999875321984
1,660,completed,88516.167421,88516.1679815,88516.1684962,1.075199994374998
0,660,completed,88516.167421,88516.167966,88516.168756,1.3349999935599044
0,661,completed,88516.2021299,88516.2028021,88516.2033584,1.2284999975236133
1,661,completed,88516.20213,88516.202826,88516.2036343,1.5043000021250919
1,662,completed,88516.2366152,88516.2368224,88516.2371931,0.5778999911854044
0,662,completed,88516.2366017,88516.2368377,88516.2374968,0.8950999908847734
1,663,completed,88516.2715776,88516.272154,88516.2727411,1.163499997346662
0,663,completed,88516.2715832,88516.2722501,88516.2730267,1.4435000048251823
1,664,completed,88516.299136,88516.2993932,88516.2997764,0.6404000014299527
0,664,completed,88516.2991434,88516.2993958,88516.3000965,0.953099995967932
0,665,completed,88516.334123,88516.334628,88516.3350594,0.9363999997731298
1,665,completed,88516.3341545,88516.3346756,88516.3353593,1.2048000062350184
0,666,completed,88516.3686918,88516.3690225,88516.3694672,0.7753999962005764
1,666,completed,88516.3686854,88516.3690629,88516.369797,1.1116000096080825
1,667,completed,88516.3991484,88516.3993715,88516.3996885,0.5400999943958595
0,667,completed,88516.3991495,88516.39936,88516.3999323,0.7828000088920817
1,668,completed,88516.4381967,88516.4386462,88516.4391244,0.9277000062866136
0,668,completed,88516.4382344,88516.43869,88516.439438,1.2035999970976263
0,669,completed,88516.4658932,88516.4661549,88516.4665464,0.6531999970320612
1,669,completed,88516.4659401,88516.4661797,88516.4668751,0.9350000036647543
0,670,completed,88516.5006924,88516.501172,88516.5015695,0.8770999993430451
1,670,completed,88516.5006685,88516.5011538,88516.5018614,1.1929000029340386
1,671,completed,88516.5353012,88516.5355717,88516.5359666,0.665400002617389
0,671,completed,88516.5352898,88516.5355658,88516.5362353,0.9454999963054433
1,672,completed,88516.570101,88516.5703781,88516.5707516,0.6505999917862937
0,672,completed,88516.5700855,88516.5703639,88516.5710211,0.9355999936815351
0,673,completed,88516.604812,88516.6053228,88516.6059231,1.1110999912489206
1,673,completed,88516.6048065,88516.6053611,88516.6064019,1.595399997313507
1,674,completed,88516.6325132,88516.6327608,88516.6331502,0.6369999900925905
0,674,completed,88516.6325254,88516.632769,88516.6334798,0.9544000058667734
0,675,completed,88516.667542,88516.668102,88516.6685812,1.0392000112915412
1,675,completed,88516.6675269,88516.6681668,88516.6690112,1.484300009906292
0,676,completed,88516.7020351,88516.7024739,88516.7028739,0.8387999987462536
1,676,completed,88516.7020626,88516.7025283,88516.7032334,1.1707999947248027
1,677,completed,88516.7366553,88516.7368724,88516.7372525,0.5971999926259741
0,677,completed,88516.7366843,88516.7368991,88516.7375677,0.8833999891066924
1,678,completed,88516.7715142,88516.7719894,88516.7725851,1.070900005288422
0,678,completed,88516.7715062,88516.7720331,88516.7729054,1.399199987645261
0,679,completed,88516.7991688,88516.7994313,88516.7998,0.6311999895842746
1,679,completed,88516.7991908,88516.7994814,88516.8000644,0.8736000017961487
0,680,completed,88516.8340339,88516.8345646,88516.8350446,1.0106999980052933
1,680,completed,88516.8340404,88516.8346933,88516.8353569,1.3164999982109293
1,681,completed,88516.8686269,88516.868857,88516.8691857,0.5587999912677333
0,681,completed,88516.868609,88516.8688417,88516.8695026,0.8936000085668638
1,682,completed,88516.903369,88516.9036162,88516.9039926,0.6235999899217859
0,682,completed,88516.9033607,88516.9036107,88516.9042831,0.9223999950336292
0,683,completed,88516.9380867,88516.9383502,88516.9387327,0.6460000004153699
1,683,completed,88516.9380807,88516.9383493,88516.9391027,1.021999996737577
1,684,completed,88516.9659397,88516.9661998,88516.966549,0.6092999974498525
0,684,completed,88516.9659375,88516.9662026,88516.9668517,0.9141999908024445
1,685,completed,88517.0006317,88517.000878,88517.0012403,0.6086000066716224
0,685,completed,88517.0006315,88517.0008781,88517.0016002,0.9686999983387068
1,686,completed,88517.0353048,88517.0355669,88517.0359946,0.6897999992361292
0,686,completed,88517.0353051,88517.0356402,88517.036324,1.018900002236478
0,687,completed,88517.0700086,88517.0702357,88517.0706457,0.637100005405955
1,687,completed,88517.0700343,88517.0702937,88517.0709515,0.9171999990940094
1,688,completed,88517.1047175,88517.1049378,88517.1054635,0.746000005165115
0,688,completed,88517.1047514,88517.1049541,88517.10593,1.1786000104621053
0,689,completed,88517.1394055,88517.1396424,88517.1400677,0.6622000073548406
1,689,completed,88517.1394031,88517.1396413,88517.1403621,0.9590000117896125
1,690,completed,88517.1674303,88517.167922,88517.168526,1.0956999904010445
0,690,completed,88517.1674569,88517.167972,88517.1688373,1.3804000045638531
0,691,completed,88517.2019329,88517.2021193,88517.2025174,0.5844999977853149
1,691,completed,88517.2019781,88517.2022312,88517.2028794,0.9013000089908019
1,692,completed,88517.236581,88517.2368435,88517.2372349,0.6539000023622066
0,692,completed,88517.2365949,88517.2368512,88517.2375388,0.9438999986741692
1,693,completed,88517.2715558,88517.2720962,88517.2726547,1.098900000215508
0,693,completed,88517.2715404,88517.2720744,88517.2729412,1.4007999998284504
0,694,completed,88517.2991937,88517.2994878,88517.2999993,0.8055999933276325
1,694,completed,88517.2991951,88517.2994902,88517.3004537,1.25859999388922
1,695,completed,88517.340905,88517.3411683,88517.3415959,0.6908999930601567
0,695,completed,88517.340885,88517.3412305,88517.3419599,1.0749000066425651
0,696,completed,88517.3755999,88517.3758204,88517.376464,0.8641000022180378
1,696,completed,88517.3755906,88517.3758572,88517.3767102,1.1195999977644533
1,697,completed,88517.403403,88517.403916,88517.4044504,1.0474000009708107
0,697,completed,88517.4034312,88517.4039249,88517.4048945,1.4632999955210835
0,698,completed,88517.4380624,88517.4383161,88517.4386966,0.6341999978758395
1,698,completed,88517.4380768,88517.4383318,88517.439005,0.9281999955419451
1,699,completed,88517.465808,88517.4661953,88517.4667329,0.9248999995179474
0,699,completed,88517.4658164,88517.4662049,88517.4670762,1.259800003026612
1,700,completed,88517.5106726,88517.5108863,88517.511242,0.5693999992217869
0,700,completed,88517.510657,88517.5109102,88517.5115454,0.8883999980753288
0,701,completed,88517.5353577,88517.5356086,88517.5359732,0.6155000010039657
1,701,completed,88517.5353473,88517.5356041,88517.5362388,0.891500007128343
0,702,completed,88517.5700618,88517.5703578,88517.5707767,0.7149000011850148
1,702,completed,88517.5700963,88517.5704149,88517.5711306,1.034300003084354
1,703,completed,88517.6047819,88517.6050259,88517.6054643,0.6824000010965392
0,703,completed,88517.6048033,88517.6050445,88517.6058138,1.0104999964823946
0,704,completed,88517.6324768,88517.6326998,88517.6330872,0.61039999127388
1,704,completed,88517.6325164,88517.632736,88517.6333743,0.8578999986639246
1,705,completed,88517.6673046,88517.6675533,88517.6679522,0.647599998046644
0,705,completed,88517.6673196,88517.6675597,88517.6682298,0.9101999894483015
0,706,completed,88517.7020099,88517.7022445,88517.7026259,0.6160000048112124
1,706,completed,88517.7019987,88517.7022374,88517.7029793,0.9806000016396865
0,707,completed,88517.7366704,88517.7368912,88517.7372967,0.6262999959290028
1,707,completed,88517.7367424,88517.7369421,88517.7375378,0.7954000029712915
1,708,completed,88517.7713864,88517.7716364,88517.7720364,0.6500000017695129
0,708,completed,88517.7714011,88517.7716442,88517.7723748,0.973699992755428
0,709,completed,88517.7991852,88517.79943,88517.7998308,0.6455999973695725
1,709,completed,88517.7992155,88517.7994736,88517.8002151,0.9996000007959083
0,710,completed,88517.8339769,88517.8341976,88517.8346064,0.6295000057434663
1,710,completed,88517.8340038,88517.8342253,88517.8349117,0.9079000010387972
1,711,completed,88517.868756,88517.8690453,88517.8695958,0.8398000063607469
0,711,completed,88517.8687983,88517.8691726,88517.8699449,1.146599999628961
1,712,completed,88517.9033997,88517.9036943,88517.9041204,0.7207000016933307
0,712,completed,88517.9034154,88517.9037084,88517.9044931,1.077699998859316
1,713,completed,88517.9381449,88517.9384052,88517.9388339,0.6889999931445345
0,713,completed,88517.9381311,88517.9383967,88517.9391366,1.0055000020656735
1,714,completed,88517.9658915,88517.9661378,88517.9665236,0.6320999964373186
0,714,completed,88517.9659077,88517.9661581,88517.9668371,0.9294000046793371
1,715,completed,88518.0007009,88518.0009117,88518.001286,0.5851000023540109
0,715,completed,88518.0006839,88518.0008954,88518.0015675,0.8836000051815063
1,716,completed,88518.0354667,88518.0358953,88518.036412,0.9452999947825447
0,716,completed,88518.0354926,88518.0359265,88518.0366877,1.1951000051340088
0,717,completed,88518.0700273,88518.0702595,88518.0706337,0.6064000044716522
1,717,completed,88518.0700475,88518.0702768,88518.0710391,0.9915999980876222
1,718,completed,88518.1047213,88518.1049285,88518.1052973,0.5760000058216974
0,718,completed,88518.1047329,88518.1049406,88518.1055828,0.8498999959556386
1,719,completed,88518.1325385,88518.1327735,88518.1331363,0.5978000117465854
0,719,completed,88518.1325457,88518.1327793,88518.1334042,0.8584999886807054
0,720,completed,88518.1672485,88518.1675282,88518.1679291,0.6806000019423664
1,720,completed,88518.1672583,88518.1675357,88518.1682263,0.9679999930085614
1,721,completed,88518.202067,88518.202581,88518.2031775,1.1105000012321398
0,721,completed,88518.2020677,88518.2026791,88518.2035261,1.4584000018658116
1,722,completed,88518.2366472,88518.2368581,88518.2372247,0.5775000026915222
0,722,completed,88518.2366663,88518.2368715,88518.2375504,0.8840999944368377
1,723,completed,88518.2713616,88518.2715678,88518.2719692,0.607599999057129
0,723,completed,88518.2713805,88518.2715856,88518.2722533,0.8728000102564692
0,724,completed,88518.2991385,88518.2994087,88518.2997411,0.6025999900884926
1,724,completed,88518.2991535,88518.2994196,88518.3000854,0.9318999946117401
1,725,completed,88518.3338795,88518.3340971,88518.3344755,0.5959999980404973
0,725,completed,88518.3338963,88518.3341127,88518.3347752,0.8788999984972179
1,726,completed,88518.3686785,88518.3691823,88518.3697588,1.0803000041050836
0,726,completed,88518.3686779,88518.3691835,88518.3701063,1.4284000062616542
1,727,completed,88518.410172,88518.4103907,88518.4107723,0.6003000016789883
0,727,completed,88518.4101268,88518.4104067,88518.4110294,0.902600004337728
0,728,completed,88518.438111,88518.4385656,88518.4389655,0.8545000018784776
1,728,completed,88518.4381263,88518.4385973,88518.4392827,1.15640000149142
0,729,completed,88518.465844,88518.4660912,88518.4664647,0.6206999969435856
1,729,completed,88518.4658368,88518.4660905,88518.466779,0.9422000002814457
1,730,completed,88518.5007521,88518.5012566,88518.5018334,1.081300011719577
0,730,completed,88518.5007691,88518.5013041,88518.5021421,1.372999991872348
1,731,completed,88518.5353797,88518.5358035,88518.53623,0.8502999990014359
0,731,completed,88518.5353805,88518.5358291,88518.5365003,1.119799999287352
1,732,completed,88518.5700253,88518.5702346,88518.5705576,0.5323000077623874
0,732,completed,88518.5700537,88518.5702583,88518.5708698,0.8161000005202368
1,733,completed,88518.6047802,88518.6052628,88518.6056589,0.8787000115262344
0,733,completed,88518.6047589,88518.605228,88518.6059698,1.2109000090276822
1,734,completed,88518.6325553,88518.6327708,88518.6331259,0.5705999938072637
0,734,completed,88518.6325417,88518.632756,88518.6333971,0.8553999941796064
1,735,completed,88518.6672422,88518.6674899,88518.6678631,0.6208999984664842
0,735,completed,88518.6672225,88518.667473,88518.6681952,0.972700014244765
1,736,completed,88518.70207,88518.7025559,88518.7031484,1.0784000041894615
0,736,completed,88518.7020552,88518.7026551,88518.7036645,1.6093000012915581
1,737,completed,88518.7366455,88518.7368564,88518.7372736,0.6280999950831756
0,737,completed,88518.7366615,88518.7368728,88518.737553,0.8914999925764278
0,738,completed,88518.7716194,88518.772132,88518.7726796,1.0602000111248344
1,738,completed,88518.7716305,88518.7722983,88518.7729453,1.3147999998182058
1,739,completed,88518.7991999,88518.7994339,88518.7997992,0.5993000086164102
0,739,completed,88518.799211,88518.7994427,88518.8001713,0.9602999925846234
1,740,completed,88518.8340087,88518.8344192,88518.8348661,0.8574000094085932
0,740,completed,88518.8340634,88518.8345293,88518.835177,1.1135999957332388
1,741,completed,88518.8689006,88518.8693865,88518.8698635,0.9628999978303909
0,741,completed,88518.8689016,88518.8694446,88518.8701802,1.2786000006599352
0,742,completed,88518.9033076,88518.903561,88518.9039192,0.611600000411272
1,742,completed,88518.9033236,88518.9035769,88518.9041626,0.8390000002691522
0,743,completed,88518.9381013,88518.9383602,88518.9388373,0.7360000017797574
1,743,completed,88518.9381289,88518.9384608,88518.9391685,1.0395999997854233
1,744,completed,88518.9658413,88518.9661109,88518.9664851,0.6437999982153997
0,744,completed,88518.9658381,88518.9661105,88518.9667857,0.9475999977439642
1,745,completed,88519.0005728,88519.0010017,88519.0015212,0.9484000038355589
0,745,completed,88519.0005607,88519.0010308,88519.0019222,1.3614999916171655
0,746,completed,88519.0352303,88519.0354211,88519.0358056,0.575300000491552
1,746,completed,88519.0352574,88519.0354515,88519.0360857,0.8283000061055645
1,747,completed,88519.0700697,88519.0703103,88519.0707306,0.6608999974559993
0,747,completed,88519.0700648,88519.0703202,88519.0710694,1.0045999952126294
0,748,completed,88519.1047227,88519.104978,88519.1054755,0.752799998736009
1,748,completed,88519.1047149,88519.1050114,88519.1059681,1.2532000109786168
0,749,completed,88519.132447,88519.1326585,88519.1330349,0.5879000091226771
1,749,completed,88519.1324688,88519.1326848,88519.1333298,0.8609999931650236
0,750,completed,88519.1674211,88519.1679889,88519.1684951,1.073999999789521
1,750,completed,88519.1674027,88519.167967,88519.1689099,1.5072000096552074
0,751,completed,88519.20197,88519.2024138,88519.2027594,0.789400000940077
1,751,completed,88519.2019937,88519.2024182,88519.2030939,1.1001999955624342
1,752,completed,88519.2366634,88519.2368725,88519.2372466,0.5831999878864735
0,752,completed,88519.2366994,88519.2369413,88519.2375413,0.8418999932473525
1,753,completed,88519.2714221,88519.2719233,88519.2724476,1.0254999942844734
0,753,completed,88519.2714285,88519.2719663,88519.2727303,1.3018000026931986
1,754,completed,88519.2991405,88519.2993832,88519.2997432,0.602699990849942
0,754,completed,88519.2991181,88519.2993622,88519.3000765,0.9584000072209165
1,755,completed,88519.3339889,88519.3344247,88519.3348654,0.876499994774349
0,755,completed,88519.3340111,88519.3344888,88519.3351939,1.1827999987872317
1,756,completed,88519.3686691,88519.3688791,88519.3692551,0.5859999946551397
0,756,completed,88519.3686535,88519.3688634,88519.3696097,0.9562000050209463
1,757,completed,88519.4032997,88519.4035072,88519.4039208,0.6210999999893829
0,757,completed,88519.4033189,88519.4035305,88519.4042368,0.9178999898722395
1,758,completed,88519.4381171,88519.438565,88519.4390061,0.8890000026440248
0,758,completed,88519.4381071,88519.4386095,88519.4392809,1.1738000030163676
0,759,completed,88519.4728508,88519.4730699,88519.4734523,0.6014999962644652
1,759,completed,88519.4728299,88519.4730523,88519.4737777,0.9477999992668629
1,760,completed,88519.5007147,88519.5012738,88519.5018056,1.090899997507222
0,760,completed,88519.5007152,88519.5012727,88519.5021121,1.3968999992357567
0,761,completed,88519.5353168,88519.5355318,88519.5359634,0.6466000049840659
1,761,completed,88519.535352,88519.5355541,88519.5363631,1.0110999864991754
0,762,completed,88519.5700054,88519.570264,88519.5706523,0.6468999927164987
1,762,completed,88519.5699909,88519.5702415,88519.5709614,0.9704999974928796
1,763,completed,88519.6048398,88519.6053485,88519.6059298,1.0900000052060932
0,763,completed,88519.6048355,88519.6054224,88519.6062918,1.4563000004272908
0,764,completed,88519.6324661,88519.6326885,88519.63306,0.5938999966019765
1,764,completed,88519.6324915,88519.6326976,88519.6334572,0.9657000045990571
1,765,completed,88519.6673449,88519.6675875,88519.6679662,0.6213000015122816
0,765,completed,88519.6673367,88519.6675845,88519.668301,0.9642999939387664
0,766,completed,88519.7090323,88519.7094509,88519.7099144,0.8820999937597662
1,766,completed,88519.7090553,88519.7095218,88519.7102473,1.1919999960809946
1,767,completed,88519.736647,88519.7370759,88519.7375342,0.887200003489852
0,767,completed,88519.7366569,88519.7370832,88519.7378106,1.153699995484203
0,768,completed,88519.7713986,88519.7718512,88519.7724035,1.0048999974969774
1,768,completed,88519.7714246,88519.7719088,88519.7727285,1.3039000041317195
1,769,completed,88519.7996945,88519.8001495,88519.8006656,0.9711000020615757
0,769,completed,88519.7996524,88519.800102,88519.800997,1.3445999938994646
0,770,completed,88519.834008,88519.8345416,88519.8352634,1.2553999986266717
1,770,completed,88519.8340059,88519.8346051,88519.8356461,1.6401999891968444
1,771,completed,88519.8702244,88519.8703672,88519.8707068,0.48239999159704894
0,771,completed,88519.8704073,88519.870548,88519.8709557,0.5483999993884936
1,772,completed,88519.9034519,88519.9038309,88519.9043961,0.9442000009585172
0,772,completed,88519.9034287,88519.9038906,88519.9046744,1.2456999975256622
1,773,completed,88519.9381051,88519.9383627,88519.9387102,0.6051000091247261
0,773,completed,88519.9381261,88519.9383827,88519.9389854,0.8593000093242154
0,774,completed,88519.9658924,88519.9661075,88519.96649,0.5976000102236867
1,774,completed,88519.9659153,88519.9661321,88519.9668299,0.9146000084001571
1,775,completed,88520.0006976,88520.0009079,88520.0013295,0.63189999491442
0,775,completed,88520.0006983,88520.000941,88520.0016027,0.9043999889399856
1,776,completed,88520.0352595,88520.0355194,88520.0359372,0.6776999944122508
0,776,completed,88520.0352873,88520.0355443,88520.0363876,1.1003000108757988
0,777,completed,88520.0699416,88520.0701567,88520.0705265,0.5849000008311123
1,777,completed,88520.0699736,88520.070188,88520.0708669,0.8933000062825158
1,778,completed,88520.1048623,88520.1052205,88520.1056107,0.7484000088879839
0,778,completed,88520.104872,88520.1052162,88520.1059726,1.1005999986082315
1,779,completed,88520.1325473,88520.1327629,88520.1331811,0.6337999948300421
0,779,completed,88520.1325215,88520.1327314,88520.1336253,1.103800008422695
0,780,completed,88520.1673922,88520.1678948,88520.16842,1.0277999972458929
1,780,completed,88520.1673942,88520.1680559,88520.1687514,1.3571999879786745
0,781,completed,88520.2018834,88520.2021315,88520.2024875,0.6041000015102327
1,781,completed,88520.2019029,88520.2021477,88520.202813,0.9101000032387674
0,782,completed,88520.2367814,88520.2372164,88520.2377107,0.9293000039178878
1,782,completed,88520.2368005,88520.2372382,88520.2381249,1.324400000157766
0,783,completed,88520.2714756,88520.2719571,88520.2724788,1.003199999104254
1,783,completed,88520.2714972,88520.2719792,88520.2728964,1.3992000021971762
0,784,completed,88520.2992278,88520.2995494,88520.2999616,0.7337999995797873
1,784,completed,88520.2992403,88520.2995568,88520.3003791,1.1387999984435737
1,785,completed,88520.33409,88520.3346029,88520.3352005,1.1105000012321398
0,785,completed,88520.3341021,88520.3346189,88520.3356047,1.5026000037323684
0,786,completed,88520.3686272,88520.3688754,88520.3692617,0.6345000001601875
1,786,completed,88520.3686449,88520.3688971,88520.3696775,1.0326000046916306
1,787,completed,88520.4032533,88520.4034656,88520.4038739,0.6205999961821362
0,787,completed,88520.4032814,88520.4034909,88520.4046423,1.3609000016003847
1,788,completed,88520.438115,88520.4386737,88520.4392921,1.1770999990403652
0,788,completed,88520.4381342,88520.4387566,88520.4397026,1.568399995448999
0,789,completed,88520.4658095,88520.4660378,88520.4664068,0.5972999933874235
1,789,completed,88520.4658135,88520.4660378,88520.4666966,0.8830999868223444
0,790,completed,88520.5010757,88520.5015735,88520.5020696,0.9939000010490417
1,790,completed,88520.5011101,88520.5016184,88520.5023579,1.247799998964183
1,791,completed,88520.5422383,88520.5424704,88520.5428465,0.608200003625825
0,791,completed,88520.5422785,88520.5424942,88520.5431146,0.8361000072909519
1,792,completed,88520.5701689,88520.5706802,88520.5711421,0.9732000035000965
0,792,completed,88520.5701426,88520.5706857,88520.5714443,1.3017000019317493
0,793,completed,88520.6116394,88520.6119379,88520.6123384,0.6989999965298921
1,793,completed,88520.6116359,88520.6119425,88520.6126464,1.0104999964823946
1,794,completed,88520.6326072,88520.6330699,88520.6334776,0.8704000065336004
0,794,completed,88520.6326104,88520.6331101,88520.6337869,1.1764999944716692
0,795,completed,88520.6672964,88520.667523,88520.6678789,0.5824999971082434
1,795,completed,88520.667314,88520.667533,88520.6682445,0.9304999985033646
1,796,completed,88520.7019723,88520.7021617,88520.7026715,0.6991999980527908
0,796,completed,88520.7020071,88520.7022204,88520.7031025,1.0954000026686117
1,797,completed,88520.7367478,88520.7369884,88520.7374856,0.7378000009339303
0,797,completed,88520.7367338,88520.7369858,88520.7379571,1.2233000015839934
1,798,completed,88520.7784437,88520.778912,88520.7794736,1.029900013236329
0,798,completed,88520.7784696,88520.7789357,88520.7798073,1.3376999995671213
0,799,completed,88520.7992285,88520.7995142,88520.7998731,0.6446000043069944
1,799,completed,88520.7992647,88520.7995593,88520.8001758,0.9110999963013455
1,800,completed,88520.8339293,88520.8341433,88520.8345724,0.6430999928852543
0,800,completed,88520.8339271,88520.8341417,88520.8349734,1.046299992594868
1,801,completed,88520.8686547,88520.8688859,88520.8692541,0.5994000093778595
0,801,completed,88520.8686853,88520.8689163,88520.8695775,0.8921999979065731
0,802,completed,88520.9034012,88520.9038101,88520.9044463,1.0450999980093911
1,802,completed,88520.9034498,88520.9038939,88520.9053881,1.9383000035304576
0,803,completed,88520.9451858,88520.9456784,88520.9460595,0.873700002557598
1,803,completed,88520.9452194,88520.9457379,88520.9463635,1.144099995144643
1,804,completed,88520.9659483,88520.9661856,88520.9665286,0.5802999949082732
0,804,completed,88520.9659377,88520.9661854,88520.9668208,0.8830999868223444
0,805,completed,88521.0006235,88521.0008459,88521.0012156,0.5920999974478036
1,805,completed,88521.0006042,88521.0008364,88521.0015393,0.9351000044262037
1,806,completed,88521.035333,88521.0355816,88521.0360105,0.6774999928893521
0,806,completed,88521.0353612,88521.0355959,88521.036325,0.9637999901315197
0,807,completed,88521.0699596,88521.0703381,88521.0708462,0.8865999989211559
1,807,completed,88521.0699591,88521.0703323,88521.0711933,1.2341999972704798
0,808,completed,88521.1048391,88521.105058,88521.1054112,0.5721000052290037
1,808,completed,88521.1048256,88521.1050583,88521.1057017,0.8760999917285517
0,809,completed,88521.1325397,88521.1327927,88521.1331795,0.6397999968612567
1,809,completed,88521.1325525,88521.1328004,88521.1334751,0.9225999965565279
0,810,completed,88521.1672995,88521.1675559,88521.1679125,0.6129999965196475
1,810,completed,88521.1672874,88521.1675666,88521.1682174,0.9299999946961179
1,811,completed,88521.2019237,88521.2021753,88521.2025715,0.6477999995695427
0,811,completed,88521.2019284,88521.2021737,88521.2029052,0.9768000018084422
1,812,completed,88521.2367477,88521.2369961,88521.2374079,0.6602000066777691
0,812,completed,88521.236751,88521.237053,88521.2377258,0.9748000011313707
0,813,completed,88521.2713662,88521.271629,88521.2719906,0.6243999960133806
1,813,completed,88521.271359,88521.2716252,88521.2722911,0.9320999961346388
1,814,completed,88521.2993019,88521.2997601,88521.3003254,1.023500008159317
0,814,completed,88521.2992891,88521.2998055,88521.3006467,1.3575999910244718
1,815,completed,88521.3338943,88521.334158,88521.3345241,0.6298000080278143
0,815,completed,88521.3339048,88521.3341631,88521.334814,0.9091999963857234
1,816,completed,88521.368733,88521.3692744,88521.3697228,0.9897999989334494
0,816,completed,88521.3687254,88521.3692777,88521.3700712,1.3458000030368567
1,817,completed,88521.4033542,88521.4035976,88521.4040277,0.6735000060871243
0,817,completed,88521.4033698,88521.4036115,88521.4042878,0.9180000051856041
1,818,completed,88521.4380174,88521.4382043,88521.4386219,0.60450000455603
0,818,completed,88521.4380155,88521.4382637,88521.4389407,0.9252000018022954
1,819,completed,88521.4659844,88521.4662241,88521.4665834,0.5990000063320622
0,819,completed,88521.4659929,88521.4662483,88521.4668699,0.8769999985815957
0,820,completed,88521.500494,88521.5007657,88521.5011855,0.6914999976288527
1,820,completed,88521.5005314,88521.5007921,88521.5016439,1.1125000019092113
0,821,completed,88521.5353058,88521.5355365,88521.5358972,0.5913999921176583
1,821,completed,88521.5353027,88521.5355214,88521.5362548,0.9521000029053539
1,822,completed,88521.5700451,88521.5704516,88521.5708735,0.8283999923150986
0,822,completed,88521.5700438,88521.5704685,88521.5712242,1.1803999950643629
0,823,completed,88521.6045846,88521.6047902,88521.6051505,0.5659000016748905
1,823,completed,88521.6046164,88521.6048289,88521.6054963,0.8799000061117113
1,824,completed,88521.6326472,88521.6331075,88521.6335437,0.8965000015450642
0,824,completed,88521.6326273,88521.6331548,88521.6338268,1.199499994982034
1,825,completed,88521.6672017,88521.6674413,88521.6678014,0.5997000116622075
0,825,completed,88521.6671929,88521.6674355,88521.6680733,0.8803999953670427
1,826,completed,88521.7020082,88521.7024056,88521.7029811,0.9729000012157485
0,826,completed,88521.701993,88521.7024652,88521.7033245,1.3315000105649233
0,827,completed,88521.7368166,88521.737234,88521.7377833,0.9667000122135505
1,827,completed,88521.7368537,88521.737367,88521.7381077,1.2540000025182962
1,828,completed,88521.7713655,88521.7716029,88521.7720204,0.6549000099767
0,828,completed,88521.7714065,88521.7716397,88521.7723791,0.9725999989314005
1,829,completed,88521.8062609,88521.8067938,88521.8073189,1.057999994372949
0,829,completed,88521.8062615,88521.8068204,88521.8076217,1.3602000108221546
0,830,completed,88521.8337963,88521.8340019,88521.8343783,0.582000007852912
1,830,completed,88521.8338176,88521.8340236,88521.8346821,0.8645000052638352
1,831,completed,88521.8686329,88521.869157,88521.8695993,0.9663999953772873
0,831,completed,88521.86864,88521.8691197,88521.8698977,1.2577000015880913
0,832,completed,88521.9080902,88521.9086812,88521.9093476,1.2573999993037432
1,832,completed,88521.9080989,88521.9087582,88521.9097132,1.6142999957082793
1,833,completed,88521.9379711,88521.9381829,88521.9385124,0.5413000035332516
0,833,completed,88521.9379521,88521.9381602,88521.938977,1.0249000042676926
0,834,completed,88521.9727345,88521.972973,88521.973345,0.6105000065872446
1,834,completed,88521.9727168,88521.9729619,88521.9736466,0.9298000077251345
0,835,completed,88522.0004969,88522.0007442,88522.0012965,0.7996000058483332
1,835,completed,88522.0005275,88522.0008093,88522.0017736,1.2461000005714595
0,836,completed,88522.0354586,88522.0358867,88522.0362268,0.7681999995838851
1,836,completed,88522.0354367,88522.0359412,88522.0365786,1.141900007496588
0,837,completed,88522.0701033,88522.0707451,88522.0711698,1.0665000008884817
1,837,completed,88522.0700807,88522.0708095,88522.0714051,1.324400000157766
1,838,completed,88522.104633,88522.1048531,88522.1054424,0.8094000077107921
0,838,completed,88522.1046781,88522.1048813,88522.1059277,1.2495999981183559
0,839,completed,88522.1324881,88522.1329307,88522.1332867,0.7985999982338399
1,839,completed,88522.132504,88522.1329509,88522.1335669,1.062900002580136
1,840,completed,88522.1671858,88522.1674261,88522.167808,0.6221999938134104
0,840,completed,88522.1671941,88522.1674319,88522.168158,0.9639000054448843
1,841,completed,88522.2022568,88522.2027537,88522.2033121,1.0553000029176474
0,841,completed,88522.2022538,88522.2028239,88522.2036675,1.4136999961920083
0,842,completed,88522.2366678,88522.2369189,88522.2373014,0.6336000078590587
1,842,completed,88522.2366794,88522.2369295,88522.2376032,0.92380000569392
0,843,completed,88522.2713626,88522.271638,88522.2720286,0.6659999926341698
1,843,completed,88522.2713748,88522.2716532,88522.2722614,0.8865999989211559
1,844,completed,88522.299218,88522.2995289,88522.2999229,0.7048999977996573
0,844,completed,88522.2992314,88522.2995187,88522.3002271,0.9957000002032146
0,845,completed,88522.3338581,88522.3340848,88522.3345671,0.7089999999152496
1,845,completed,88522.3338785,88522.3341058,88522.3349743,1.095800005714409
0,846,completed,88522.3686332,88522.3690946,88522.3696344,1.0011999984271824
1,846,completed,88522.3686298,88522.3691568,88522.3698765,1.2467000051401556
1,847,completed,88522.4032609,88522.4035288,88522.4039479,0.6870000070193782
0,847,completed,88522.403298,88522.403564,88522.4042674,0.9693999891169369
0,848,completed,88522.4379474,88522.4381449,88522.438523,0.5756000027759001
1,848,completed,88522.4379696,88522.4381703,88522.4389876,1.0180000099353492
0,849,completed,88522.4728439,88522.473302,88522.4737627,0.9187999967252836
1,849,completed,88522.472838,88522.4733026,88522.4740283,1.190299997688271
1,850,completed,88522.5004491,88522.5006437,88522.5009927,0.5436000064946711
0,850,completed,88522.5004685,88522.5006939,88522.5012828,0.814300001366064
0,851,completed,88522.5352667,88522.5355232,88522.5358972,0.6304999988060445
1,851,completed,88522.5352903,88522.5355464,88522.5361846,0.894299999345094
0,852,completed,88522.5769786,88522.5772461,88522.5775989,0.6202999938977882
1,852,completed,88522.5769488,88522.5772458,88522.5779012,0.9524000051897019
0,853,completed,88522.6046408,88522.6048376,88522.605362,0.7212000055005774
1,853,completed,88522.6046482,88522.6048603,88522.6059508,1.3026000087847933
0,854,completed,88522.6394488,88522.6397258,88522.6402954,0.8465999999316409
1,854,completed,88522.639482,88522.6397671,88522.6409799,1.49789999704808
1,855,completed,88522.6671976,88522.6674089,88522.6677429,0.5452999903354794
0,855,completed,88522.6672088,88522.6674543,88522.6680214,0.8125999884214252
0,856,completed,88522.7019438,88522.7021224,88522.702459,0.5151999939698726
1,856,completed,88522.7019308,88522.7021734,88522.702776,0.8452000038232654
1,857,completed,88522.7366431,88522.7368759,88522.7372265,0.5834000039612874
0,857,completed,88522.7366306,88522.7369061,88522.7375024,0.8718000026419759
1,858,completed,88522.7714142,88522.7718922,88522.7723695,0.9552999981679022
0,858,completed,88522.7714138,88522.7719201,88522.7726366,1.2227999977767467
1,859,completed,88522.7991874,88522.7994123,88522.7997524,0.5649999948218465
0,859,completed,88522.799165,88522.7993965,88522.8000507,0.8856999920681119
1,860,completed,88522.8339919,88522.8341774,88522.8346056,0.6137000018497929
0,860,completed,88522.8339662,88522.8341548,88522.8350018,1.0355999984312803
1,861,completed,88522.871127,88522.8713964,88522.871836,0.7089999999152496
0,861,completed,88522.8711457,88522.8714072,88522.872146,1.0002999915741384
1,862,completed,88522.9032908,88522.9035749,88522.9041028,0.8120000129565597
0,862,completed,88522.9032839,88522.9036241,88522.9045386,1.2547000078484416
1,863,completed,88522.9380322,88522.9382533,88522.9386118,0.5795999895781279
0,863,completed,88522.9380321,88522.9382955,88522.9388922,0.8601000008638948
1,864,completed,88522.9657826,88522.9660271,88522.9664138,0.6311999895842746
0,864,completed,88522.9658,88522.9660396,88522.9667253,0.9252999880118296
0,865,completed,88523.0006001,88523.0008362,88523.0012047,0.6046000053174794
1,865,completed,88523.0006229,88523.0008577,88523.0015611,0.9381999989273027
0,866,completed,88523.0353251,88523.0355506,88523.0359112,0.5860999954165891
1,866,completed,88523.0353234,88523.0355879,88523.0361889,0.8654999983264133
0,867,completed,88523.0699047,88523.0701227,88523.0704761,0.5713999998988584
1,867,completed,88523.0699239,88523.0701926,88523.0707958,0.8719000034034252
1,868,completed,88523.1000422,88523.1002363,88523.1006259,0.5836999916937202
0,868,completed,88523.1000955,88523.1002954,88523.1011357,1.040199989802204
0,869,completed,88523.1317392,88523.1319164,88523.1323903,0.6510999955935404
1,869,completed,88523.1322433,88523.132507,88523.132818,0.574699995922856
1,870,completed,88523.1687399,88523.1689605,88523.16937,0.6301000103121623
0,870,completed,88523.1687313,88523.169087,88523.1696054,0.8741000056033954
0,871,completed,88523.2114017,88523.2117545,88523.2121961,0.7943999953567982
1,871,completed,88523.2113878,88523.2117607,88523.2125058,1.1180000001331791
1,872,completed,88523.2447596,88523.2450517,88523.2454637,0.7041000062599778
0,872,completed,88523.2447626,88523.245051,88523.2457545,0.9919000003719702
1,873,completed,88523.27139,88523.2720392,88523.2724457,1.0557000059634447
0,873,completed,88523.2713901,88523.2720299,88523.2727608,1.3707000034628436
1,874,completed,88523.2990442,88523.2992723,88523.2998825,0.8382999949390069
0,874,completed,88523.2990578,88523.2993564,88523.3003203,1.2624999944819137
1,875,completed,88523.3343513,88523.3349168,88523.3353874,1.036100002238527
0,875,completed,88523.3343541,88523.3349013,88523.3356897,1.3355999981286004
0,876,completed,88523.3690653,88523.3692919,88523.3698401,0.7748000061837956
1,876,completed,88523.3690814,88523.3693076,88523.3702883,1.206899993121624
1,877,completed,88523.4037508,88523.4040284,88523.4043522,0.6013999955030158
0,877,completed,88523.4037504,88523.4040257,88523.4046354,0.8850000012898818
1,878,completed,88523.4397159,88523.4399993,88523.440406,0.6901000015204772
0,878,completed,88523.4397346,88523.4400413,88523.4407582,1.0235999943688512
0,879,completed,88523.4661311,88523.4664277,88523.4667862,0.6551000114995986
1,879,completed,88523.4661311,88523.4664345,88523.4671385,1.0074000019812956
1,880,completed,88523.5008974,88523.5011012,88523.5014543,0.5569000059040263
0,880,completed,88523.5010073,88523.5011767,88523.5017277,0.7203999994089827
0,881,completed,88523.5320449,88523.5322684,88523.5325783,0.5334000015864149
1,881,completed,88523.5320334,88523.5322645,88523.5328444,0.8110000053420663
1,882,completed,88523.5702279,88523.5704678,88523.5707852,0.5573000089498237
0,882,completed,88523.5702399,88523.5704784,88523.5710725,0.8325999951921403
0,883,completed,88523.6048824,88523.6051222,88523.6054568,0.574399993638508
1,883,completed,88523.6048813,88523.6051296,88523.6057495,0.8682000043336302
1,884,completed,88523.6327085,88523.6329655,88523.6332776,0.5691000114893541
0,884,completed,88523.6327041,88523.6329646,88523.633575,0.8708999957889318
0,885,completed,88523.6675527,88523.6678139,88523.6682447,0.6920000014360994
1,885,completed,88523.6675683,88523.6678335,88523.6685736,1.0053000005427748
0,886,completed,88523.7023849,88523.7029207,88523.7033113,0.9264000109396875
1,886,completed,88523.702402,88523.7029166,88523.7036332,1.2312000035308301
0,887,completed,88523.7369629,88523.7374111,88523.737939,0.9760999964782968
1,887,completed,88523.7370105,88523.7374471,88523.7383729,1.3623999984702095
1,888,completed,88523.7716767,88523.7719652,88523.7724057,0.7290000066859648
0,888,completed,88523.7716903,88523.771998,88523.7726632,0.9729000012157485
0,889,completed,88523.7994558,88523.7996556,88523.8000605,0.6046999915270135
1,889,completed,88523.7994866,88523.7996877,88523.8003669,0.8803000091575086
1,890,completed,88523.834152,88523.8343578,88523.8348527,0.7007000094745308
0,890,completed,88523.8341432,88523.8343509,88523.83525,1.1068000021623448
1,891,completed,88523.8691035,88523.8693626,88523.8698827,0.779200010583736
0,891,completed,88523.8691152,88523.8693652,88523.870301,1.1858000070787966
0,892,completed,88523.9105208,88523.9107675,88523.9111592,0.6384000007528812
1,892,completed,88523.910545,88523.910845,88523.9114736,0.9285999985877424
1,893,completed,88523.9383519,88523.938615,88523.938977,0.625100001343526
0,893,completed,88523.9383708,88523.9386278,88523.9392396,0.8688000089023262
0,894,completed,88523.9661563,88523.9663966,88523.9667267,0.5704000068362802
1,894,completed,88523.9661807,88523.9664194,88523.967037,0.8563000010326505
0,895,completed,88524.000922,88524.0013854,88524.0018169,0.8948999893618748
1,895,completed,88524.0009236,88524.0013733,88524.0020818,1.1582000006455928
1,896,completed,88524.0356763,88524.0359604,88524.0362954,0.6190999993123114
0,896,completed,88524.0357197,88524.036,88524.0365902,0.8705000072950497
0,897,completed,88524.0703103,88524.0705459,88524.0708937,0.5834000039612874
1,897,completed,88524.0703104,88524.0705703,88524.0711929,0.8824999968055636
1,898,completed,88524.1052522,88524.1056831,88524.1060246,0.7724000024609268
0,898,completed,88524.1052794,88524.1057379,88524.1062789,0.9995000000344589
0,899,completed,88524.1326774,88524.1328906,88524.1332618,0.5843999970238656
1,899,completed,88524.1326923,88524.1329072,88524.1335592,0.8668999944347888
