camera,seq,status,capture_s,enqueue_s,finish_s,latency_ms
1,0,completed,88356.9057517,88356.9087081,88356.9123008,6.549099998665042
3,0,completed,88356.905757,88356.9087192,88356.9144988,8.741800003917888
4,0,completed,88356.9056726,88356.9085039,88356.9164339,10.761300000012852
0,0,completed,88356.905684,88356.9088799,88356.9184793,12.795300004654564
2,0,completed,88356.9057882,88356.9088785,88356.9205418,14.753600000403821
5,0,completed,88356.9056735,88356.9088533,88356.9227078,17.034299991792068
1,1,completed,88356.9367351,88356.9414609,88356.9437264,6.991300004301593
2,1,completed,88356.9367683,88356.9417209,88356.9457526,8.984300002339296
5,1,completed,88356.9367121,88356.9420811,88356.9478688,11.156699998537078
3,1,completed,88356.9366923,88356.9420702,88356.9498373,13.144999989890493
4,1,completed,88356.9366776,88356.9423257,88356.9518582,15.180600006715395
0,1,completed,88356.9367988,88356.9423173,88356.9544491,17.65029999660328
3,2,completed,88356.9679877,88356.9725742,88356.9749347,6.947000001673587
2,2,completed,88356.9679877,88356.972723,88356.977028,9.040299992193468
4,2,completed,88356.9680955,88356.9730038,88356.9792221,11.126600002171472
1,2,completed,88356.968106,88356.9732137,88356.9811009,12.994899996556342
5,2,completed,88356.9680343,88356.9734174,88356.9831295,15.09519999672193
0,2,completed,88356.9680235,88356.9734437,88356.9851574,17.13390000804793
1,3,completed,88356.9986897,88357.0024022,88357.0044884,5.798699989099987
2,3,completed,88356.9987245,88357.0024365,88357.0066431,7.918600007542409
4,3,completed,88356.9987519,88357.0025994,88357.0085013,9.749400007422082
0,3,completed,88356.9987867,88357.0027005,88357.0106075,11.820799991255626
5,3,completed,88356.9988115,88357.0027572,88357.0126627,13.851199997588992
3,3,completed,88356.9987013,88357.0028855,88357.0147189,16.01759999175556
1,4,completed,88357.0294648,88357.0331519,88357.0351405,5.675699998391792
2,4,completed,88357.029614,88357.0331872,88357.0373007,7.686700002523139
3,4,completed,88357.0294534,88357.033285,88357.0393159,9.862499995506369
5,4,completed,88357.0295334,88357.0334212,88357.0412606,11.727200006134808
0,4,completed,88357.0295666,88357.034074,88357.0432056,13.63899999705609
4,4,completed,88357.0295084,88357.0341397,88357.0453519,15.843500004848465
4,5,completed,88357.0604983,88357.0660491,88357.0687641,8.265800002845936
5,5,completed,88357.0605254,88357.0662234,88357.0708775,10.352099998272024
3,5,completed,88357.0605538,88357.0661777,88357.0732522,12.698400008957833
0,5,completed,88357.0604621,88357.0661736,88357.0752512,14.789100008783862
2,5,completed,88357.0605966,88357.066361,88357.0773601,16.763499996159226
1,5,completed,88357.0605159,88357.0663983,88357.0794123,18.89639999717474
0,6,completed,88357.1074854,88357.1109563,88357.1129981,5.512699994142167
1,6,completed,88357.1075121,88357.1109824,88357.1152199,7.707800003117882
2,6,completed,88357.1075126,88357.1110135,88357.1171645,9.65189999260474
4,6,completed,88357.1076439,88357.1112384,88357.1191076,11.463699993328191
3,6,completed,88357.1075903,88357.111256,88357.1213055,13.715199995203875
5,6,completed,88357.1075741,88357.1124312,88357.1234336,15.859500010265037
1,7,completed,88357.1382141,88357.1425488,88357.1449237,6.709599998430349
2,7,completed,88357.1382464,88357.1426698,88357.1471784,8.931999997003004
0,7,completed,88357.1382346,88357.142701,88357.1496803,11.445700001786463
3,7,completed,88357.1382827,88357.1428204,88357.1518217,13.538999992306344
5,7,completed,88357.1381951,88357.143212,88357.1538377,15.642600003047846
4,7,completed,88357.1381668,88357.143233,88357.1565203,18.35350001056213
5,8,completed,88357.1693841,88357.1733101,88357.175864,6.4799000101629645
4,8,completed,88357.1693707,88357.173637,88357.178102,8.731300011277199
0,8,completed,88357.1694875,88357.1736907,88357.180219,10.731500005931593
1,8,completed,88357.1695155,88357.1743368,88357.1821279,12.612399994395673
2,8,completed,88357.1694279,88357.1743832,88357.1841889,14.761000013095327
3,8,completed,88357.1694347,88357.1748926,88357.1864143,16.979599997284822
2,9,completed,88357.2002777,88357.2037152,88357.2060002,5.722500005504116
1,9,completed,88357.2003302,88357.2038731,88357.2080479,7.71770000574179
4,9,completed,88357.2002467,88357.2040768,88357.2101121,9.865400003036484
0,9,completed,88357.2002259,88357.204136,88357.2121017,11.875800002599135
5,9,completed,88357.2002151,88357.2042384,88357.2140243,13.809199997922406
3,9,completed,88357.2003139,88357.2043429,88357.2159371,15.623200000845827
4,10,completed,88357.231038,88357.2354572,88357.237441,6.403000006685033
3,10,completed,88357.2311689,88357.2355095,88357.2397115,8.542600000509992
1,10,completed,88357.23104,88357.2355433,88357.2418254,10.785399994347245
2,10,completed,88357.2311188,88357.2355754,88357.2437662,12.647399998968467
0,10,completed,88357.2310917,88357.2356223,88357.2456883,14.596599998185411
5,10,completed,88357.2311566,88357.2357933,88357.2477093,16.552700006286614
4,11,completed,88357.2624264,88357.2672159,88357.2700519,7.625500002177432
3,11,completed,88357.2624349,88357.2671222,88357.2721021,9.667200007243082
1,11,completed,88357.2625354,88357.2673398,88357.2743668,11.83139999920968
5,11,completed,88357.2625817,88357.267463,88357.2763654,13.783700007479638
2,11,completed,88357.262519,88357.2675392,88357.2783714,15.85239999985788
0,11,completed,88357.2625541,88357.2678542,88357.2803027,17.748600002960302
1,12,completed,88357.3084414,88357.3118426,88357.3138272,5.385800002841279
3,12,completed,88357.3085006,88357.312074,88357.3159011,7.400499991490506
5,12,completed,88357.3085297,88357.3121289,88357.3179663,9.436599997570738
4,12,completed,88357.30848,88357.3121984,88357.319854,11.373999994248152
2,12,completed,88357.3084452,88357.3127518,88357.3219768,13.531599994166754
0,12,completed,88357.3085514,88357.3128804,88357.3238947,15.343300008680671
5,13,completed,88357.3391427,88357.3439093,88357.3460491,6.906399998115376
0,13,completed,88357.3391034,88357.344335,88357.3480421,8.938700004364364
3,13,completed,88357.3391021,88357.344367,88357.3501869,11.084800004027784
2,13,completed,88357.3391205,88357.3443949,88357.3522289,13.10840000223834
4,13,completed,88357.3392081,88357.3444505,88357.3542628,15.054699993925169
1,13,completed,88357.3391862,88357.3445321,88357.3564069,17.220699999597855
0,14,completed,88357.3717558,88357.3771077,88357.3795689,7.813099990016781
5,14,completed,88357.371702,88357.3773432,88357.3816057,9.90369998908136
1,14,completed,88357.3716845,88357.37742,88357.3834685,11.784000002080575
4,14,completed,88357.3716856,88357.3775272,88357.3856128,13.927200008765794
3,14,completed,88357.3717861,88357.3777553,88357.3877456,15.959500000462867
2,14,completed,88357.3716845,88357.3779258,88357.3896392,17.95470000070054
0,15,completed,88357.4022745,88357.4073444,88357.4095946,7.3201000050175935
5,15,completed,88357.4023017,88357.4086519,88357.4116177,9.315999996033497
3,15,completed,88357.4022185,88357.4088137,88357.4137063,11.487799987662584
2,15,completed,88357.4022113,88357.4088667,88357.4157163,13.505000009899959
1,15,completed,88357.4022466,88357.4089149,88357.4177442,15.49759999033995
4,15,completed,88357.4023529,88357.4090344,88357.4199084,17.55550000234507
0,16,completed,88357.433077,88357.4364181,88357.4934537,60.376699999324046
5,16,stale,88357.4331846,88357.4380378,,
1,16,stale,88357.4330763,88357.4374518,,
4,16,stale,88357.4332122,88357.4372196,,
3,16,stale,88357.4331417,88357.436975,,
2,16,stale,88357.4331239,88357.4379266,,
3,17,completed,88357.4639035,88357.4681215,88357.4990655,35.16200000012759
5,17,stale,88357.4638787,88357.4675063,,
0,17,stale,88357.463805,88357.4680128,,
1,17,stale,88357.4638252,88357.4676229,,
4,17,stale,88357.4638328,88357.4676153,,
2,17,stale,88357.4638116,88357.4682043,,
4,18,completed,88357.4942685,88357.4991436,88357.5022349,7.966400007717311
1,18,completed,88357.4941616,88357.4990417,88357.504558,10.39640000090003
2,18,completed,88357.494293,88357.4993134,88357.5068138,12.520800009951927
5,18,completed,88357.4942501,88357.4989456,88357.5088694,14.619299996411428
0,18,completed,88357.4942018,88357.4989905,88357.5111549,16.95309999922756
3,18,completed,88357.4943241,88357.4992557,88357.5132759,18.95179999701213
3,19,completed,88357.5410075,88357.5452426,88357.5474955,6.487999999080785
5,19,completed,88357.5410899,88357.5454278,88357.5498531,8.763200006796978
4,19,completed,88357.5410392,88357.545526,88357.5520674,11.028199995053
0,19,completed,88357.5409992,88357.5455138,88357.554201,13.201800000388175
1,19,completed,88357.5411061,88357.5457621,88357.5563223,15.21620000130497
2,19,completed,88357.5411455,88357.5457826,88357.558672,17.52649999980349
4,20,completed,88357.5713453,88357.5753152,88357.5776466,6.30129998899065
5,20,completed,88357.5714093,88357.5756131,88357.5799183,8.50900000659749
0,20,completed,88357.5714744,88357.5757758,88357.5821227,10.6482999981381
1,20,completed,88357.5714426,88357.5758545,88357.5841426,12.699999992037192
2,20,completed,88357.571378,88357.5760019,88357.5863148,14.93680001294706
3,20,completed,88357.5713174,88357.5760779,88357.5884131,17.09570000821259
2,21,completed,88357.6013078,88357.6048243,88357.6076921,6.38430000981316
5,21,completed,88357.6013311,88357.6050698,88357.6100752,8.744100006879307
4,21,completed,88357.6013796,88357.6051904,88357.6122166,10.836999994353391
1,21,completed,88357.6014397,88357.6053849,88357.6147139,13.274199998704717
0,21,completed,88357.601363,88357.6057159,88357.6170421,15.679100004490465
3,21,completed,88357.6014157,88357.6058011,88357.6192991,17.883399996208027
0,22,completed,88357.6323737,88357.6371442,88357.6393729,6.999199991696514
5,22,completed,88357.6323153,88357.6371082,88357.6416954,9.38010000390932
1,22,completed,88357.6324198,88357.6372232,88357.6438646,11.444800009485334
4,22,completed,88357.6324102,88357.6372674,88357.6460469,13.63669999409467
2,22,completed,88357.632338,88357.6372806,88357.6485451,16.20710000861436
3,22,completed,88357.632315,88357.6374813,88357.6508534,18.538400006946176
4,23,completed,88357.6640962,88357.6684667,88357.6710422,6.9460000086110085
0,23,completed,88357.6640248,88357.6691663,88357.6733478,9.32299999112729
5,23,completed,88357.6640558,88357.6692324,88357.6756864,11.63059999817051
3,23,completed,88357.6639844,88357.6695093,88357.6778556,13.871200004359707
1,23,completed,88357.6639929,88357.6695299,88357.68037,16.37710000795778
2,23,completed,88357.6639709,88357.6695609,88357.6827843,18.81340000545606
5,24,completed,88357.6944559,88357.6984537,88357.7008504,6.394500000169501
2,24,completed,88357.6945221,88357.6984938,88357.7032213,8.699199999682605
1,24,completed,88357.6944838,88357.6985842,88357.7055072,11.023399987607263
0,24,completed,88357.6946023,88357.6988443,88357.7079063,13.303999992785975
3,24,completed,88357.6945693,88357.6992157,88357.7101676,15.59830000041984
4,24,completed,88357.6944919,88357.69935,88357.7124607,17.96880000620149
4,25,completed,88357.7260642,88357.7285473,88357.7307952,4.730999993626028
0,25,completed,88357.7417143,88357.7462474,88357.7484489,6.734599999617785
5,25,completed,88357.7416808,88357.7462847,88357.7507541,9.07329999608919
1,25,completed,88357.7416538,88357.7462692,88357.7530325,11.37870000093244
2,25,completed,88357.7416919,88357.7463338,88357.7551527,13.460800008033402
3,25,completed,88357.7417306,88357.7463345,88357.7573751,15.644500002963468
1,26,completed,88357.773517,88357.7768934,88357.7793586,5.841600010171533
4,26,completed,88357.7735458,88357.7770465,88357.7816974,8.151600006385706
5,26,completed,88357.7734627,88357.7776052,88357.7839232,10.460499994223937
2,26,completed,88357.7734627,88357.7777157,88357.7860723,12.609600002178922
3,26,completed,88357.7735071,88357.7778124,88357.7881719,14.66479999362491
0,26,completed,88357.7735791,88357.7778125,88357.7903731,16.79399999557063
1,27,completed,88357.8034147,88357.8087271,88357.8110941,7.679400005144998
4,27,completed,88357.8034253,88357.8089535,88357.8134985,10.073200013721362
2,27,completed,88357.80353,88357.8089953,88357.815743,12.212999994517304
3,27,completed,88357.8034591,88357.809104,88357.8178657,14.406599992071278
0,27,completed,88357.8034697,88357.8091654,88357.8201445,16.67480000469368
5,27,completed,88357.8034943,88357.8091712,88357.822454,18.959699998958968
5,28,completed,88357.8340949,88357.8381177,88357.8408463,6.751399996574037
1,28,completed,88357.8341177,88357.8382196,88357.8433614,9.243699998478405
0,28,completed,88357.8341352,88357.8382507,88357.8454964,11.361199998646043
3,28,completed,88357.8342164,88357.8384673,88357.8477081,13.491699995938689
2,28,completed,88357.8342057,88357.8385713,88357.8498554,15.649699998903088
4,28,completed,88357.8341635,88357.8386286,88357.8523641,18.20060001045931
1,29,completed,88357.8654132,88357.8687935,88357.8715374,6.124200008343905
5,29,completed,88357.8654209,88357.8687934,88357.874005,8.584100010921247
2,29,completed,88357.8654843,88357.8691924,88357.8769302,11.445900003309362
0,29,completed,88357.8655237,88357.8693212,88357.8793457,13.821999993524514
3,29,completed,88357.8654422,88357.8697217,88357.8814902,16.04800000495743
4,29,completed,88357.8654984,88357.8698185,88357.8836142,18.11579999048263
1,30,completed,88357.896605,88357.9018568,88357.9050344,8.429399997112341
2,30,completed,88357.8966056,88357.902115,88357.9093406,12.734999996609986
5,30,completed,88357.8966856,88357.9023911,88357.9115056,14.819999996689148
3,30,completed,88357.8966692,88357.9025833,88357.9142359,17.566700000315905
4,30,completed,88357.8967208,88357.9026337,88357.9166543,19.93350000702776
0,30,completed,88357.8966377,88357.9029203,88357.9189159,22.278199990978464
4,31,completed,88357.9278455,88357.9386193,88357.9418724,14.026899996679276
5,31,completed,88357.9279158,88357.9388458,88357.9442169,16.301099996780977
0,31,completed,88357.9278579,88357.9388436,88357.9464346,18.576700007542968
3,31,completed,88357.9278699,88357.9390092,88357.9488488,20.9789000073215
1,31,completed,88357.92783,88357.9391248,88357.9511029,23.2728999981191
2,31,completed,88357.9279366,88357.9393353,88357.9533206,25.384000007761642
2,32,completed,88357.9752824,88357.9773814,88357.9795489,4.266499992809258
1,32,completed,88357.975288,88357.9775157,88357.9819734,6.685400003334507
5,32,completed,88357.9754653,88357.9777181,88357.9840368,8.571500002290122
0,32,completed,88357.9755411,88357.9781623,88357.9860109,10.469800006831065
3,32,completed,88357.9762911,88357.9781847,88358.0121112,35.82010000536684
4,32,stale,88357.9765709,88357.9782935,,
4,33,completed,88358.0058277,88358.0083419,88358.0146955,8.867799988365732
1,33,completed,88358.0056939,88358.007857,88358.0171124,11.418499998399056
5,33,completed,88358.0056977,88358.0079376,88358.0190578,13.360099997953512
2,33,completed,88358.0058094,88358.0082916,88358.0209924,15.182999995886348
0,33,completed,88358.0060431,88358.0083168,88358.0232693,17.226199997821823
3,33,completed,88358.0060813,88358.008286,88358.0257298,19.64850000513252
0,34,completed,88358.0374909,88358.040024,88358.0422869,4.796000008354895
3,34,completed,88358.0374009,88358.0400213,88358.044892,7.4911000119755045
2,34,completed,88358.0373862,88358.0402787,88358.0471076,9.721399997943081
1,34,completed,88358.0377176,88358.0402995,88358.0492121,11.494499995023943
4,34,completed,88358.0378009,88358.0403332,88358.0515507,13.749799996730871
5,34,completed,88358.0383656,88358.0405356,88358.0543652,15.999600000213832
2,35,completed,88358.0689943,88358.0709907,88358.0735601,4.565800001728348
3,35,completed,88358.0690887,88358.07118,88358.075794,6.705300009343773
1,35,completed,88358.0692514,88358.0712553,88358.0780075,8.756099996389821
4,35,completed,88358.0691309,88358.0712056,88358.0800584,10.927499999525025
0,35,completed,88358.0693533,88358.0714174,88358.0819956,12.642300003790297
5,35,completed,88358.0694309,88358.0713804,88358.0840066,14.575699999113567
2,36,completed,88358.0996116,88358.1020617,88358.1046229,5.011300003388897
5,36,completed,88358.0995986,88358.1020217,88358.1071923,7.593699992867187
0,36,completed,88358.0997263,88358.1022111,88358.1093261,9.599800003343262
4,36,completed,88358.1000702,88358.1023614,88358.1113072,11.236999998800457
3,36,completed,88358.1002204,88358.1025098,88358.1136983,13.477900007274002
1,36,completed,88358.0999437,88358.1025064,88358.1158036,15.85989999875892
0,37,completed,88358.1317877,88358.134301,88358.1374603,5.672600003890693
4,37,completed,88358.1317778,88358.1343765,88358.1410924,9.314599999925122
3,37,completed,88358.1318244,88358.1343004,88358.1447894,12.965000001713634
2,37,completed,88358.1320832,88358.1344486,88358.1474757,15.392499990412034
1,37,completed,88358.1318689,88358.1344642,88358.1503432,18.474299999070354
5,37,completed,88358.1317755,88358.1346595,88358.1527047,20.92919999267906
2,38,completed,88358.1630962,88358.165357,88358.1678328,4.7365999926114455
3,38,completed,88358.1633264,88358.1656944,88358.1703834,7.057000009808689
1,38,completed,88358.1632245,88358.1658485,88358.1723581,9.133600004133768
4,38,completed,88358.1632102,88358.1658275,88358.1743487,11.138500005472451
5,38,completed,88358.1634297,88358.1658785,88358.1764193,12.989599999855272
0,38,completed,88358.1632249,88358.1659496,88358.1786638,15.438900009030476
4,39,completed,88358.2082668,88358.2104815,88358.2131044,4.837600004975684
1,39,completed,88358.2083539,88358.210589,88358.215262,6.908099996508099
5,39,completed,88358.2082901,88358.2104809,88358.2175381,9.248000002116896
3,39,completed,88358.20841,88358.2106579,88358.2199105,11.500499997055158
2,39,completed,88358.2082673,88358.2106977,88358.2220663,13.799000007566065
0,39,completed,88358.2083245,88358.2107909,88358.2241999,15.875400000368245
0,40,completed,88358.2389436,88358.2412112,88358.2441958,5.252200004179031
2,40,completed,88358.2389433,88358.2411965,88358.246965,8.021699992241338
1,40,completed,88358.2394475,88358.2419657,88358.2494963,10.048800002550706
4,40,completed,88358.2394143,88358.2419597,88358.2515553,12.14099999924656
5,40,completed,88358.2391102,88358.2420311,88358.2538669,14.756700009456836
3,40,completed,88358.2390883,88358.2420641,88358.2560404,16.952099991613068
3,41,completed,88358.2700226,88358.2717001,88358.2755107,5.488099996000528
5,41,completed,88358.2701495,88358.2718691,88358.2779903,7.840800011763349
2,41,completed,88358.2700191,88358.2717416,88358.2830108,12.991700001293793
1,41,completed,88358.2702848,88358.2720028,88358.2856573,15.372499998193234
4,41,completed,88358.2704419,88358.2721595,88358.2900674,19.625500004622154
0,41,completed,88358.2722867,88358.274667,88358.2929601,20.67340000940021
1,42,completed,88358.3022858,88358.3035345,88358.3070534,4.767599995830096
0,42,completed,88358.3034431,88358.3049151,88358.3118795,8.43640000675805
5,42,completed,88358.3051978,88358.3062888,88358.3151204,9.922600002028048
2,42,completed,88358.3034395,88358.3072077,88358.3175389,14.099399995757267
4,42,completed,88358.3062192,88358.3079078,88358.3200234,13.80419998895377
3,42,completed,88358.3059706,88358.3091893,88358.3227006,16.729999988456257
0,43,completed,88358.3324316,88358.3344959,88358.3382932,5.861599987838417
5,43,completed,88358.332465,88358.3345125,88358.3412663,8.801300005870871
3,43,completed,88358.3325095,88358.3344833,88358.3436748,11.165299991262145
1,43,completed,88358.3324619,88358.3350971,88358.345794,13.33209998847451
2,43,completed,88358.3335242,88358.3364492,88358.3478215,14.297300003818236
4,43,completed,88358.3348757,88358.3372782,88358.3510373,16.161599996848963
4,44,completed,88358.364408,88358.3666024,88358.3688162,4.408200009493157
5,44,completed,88358.3643523,88358.3666876,88358.3712964,6.944099994143471
0,44,completed,88358.3642759,88358.3666862,88358.3733418,9.0658999979496
1,44,completed,88358.3643109,88358.3667124,88358.3753928,11.081899996497668
3,44,completed,88358.3642761,88358.3668389,88358.3779655,13.68940000247676
2,44,completed,88358.3642955,88358.3668632,88358.3802035,15.90800000121817
0,45,completed,88358.3961419,88358.3983058,88358.4010861,4.9442000017734244
4,45,completed,88358.3962825,88358.3985844,88358.4033393,7.0567999937338755
2,45,completed,88358.3961425,88358.3986758,88358.4056389,9.49640000180807
5,45,completed,88358.3962563,88358.3987135,88358.4085954,12.339100008830428
1,45,completed,88358.3961922,88358.3987448,88358.4106708,14.478600001893938
3,45,completed,88358.3961905,88358.3990393,88358.4131194,16.928899989579804
1,46,completed,88358.4417249,88358.4440013,88358.4463827,4.6578000037698075
2,46,completed,88358.4418227,88358.4441075,88358.4492656,7.4428999942028895
3,46,completed,88358.4417168,88358.4442449,88358.4524691,10.752299989690073
5,46,completed,88358.4417585,88358.4442618,88358.4560351,14.276599991717376
4,46,completed,88358.4418713,88358.4443398,88358.4601821,18.310799991013482
0,46,completed,88358.4418315,88358.4443875,88358.4645801,22.748600007616915
3,47,completed,88358.4720358,88358.4743749,88358.4781925,6.156699993880466
5,47,completed,88358.4721145,88358.4744876,88358.4822363,10.121800005435944
2,47,completed,88358.4721591,88358.474571,88358.4852108,13.051700007054023
0,47,completed,88358.4722968,88358.4746911,88358.4883318,16.035000007832423
1,47,completed,88358.4723767,88358.4747088,88358.4913386,18.961900001158938
4,47,completed,88358.4722199,88358.474792,88358.4943132,22.093300009146333
1,48,completed,88358.5031815,88358.5056517,88358.5092847,6.103200008510612
0,48,completed,88358.5031707,88358.5057586,88358.5127622,9.591499998350628
3,48,completed,88358.5035535,88358.5059051,88358.5161474,12.593899999046698
4,48,completed,88358.5036975,88358.5059109,88358.5193584,15.660899996873923
2,48,completed,88358.5033842,88358.5060542,88358.5222943,18.910099999629892
5,48,completed,88358.5033742,88358.5061388,88358.5256256,22.25140000518877
3,49,completed,88358.5339211,88358.5361412,88358.5395962,5.675100008375011
1,49,completed,88358.5339914,88358.5362143,88358.5458772,11.885799991432577
4,49,completed,88358.5339192,88358.5361624,88358.5502171,16.29790000151843
5,49,completed,88358.5341481,88358.5363008,88358.5535515,19.403399986913428
0,49,completed,88358.5339216,88358.5363231,88358.5557528,21.831200007000007
2,49,completed,88358.5339808,88358.5363929,88358.5580593,24.07850000599865
4,50,completed,88358.5650486,88358.5674342,88358.5699274,4.878800013102591
3,50,completed,88358.5647902,88358.5675325,88358.572744,7.953799999086186
5,50,completed,88358.5650657,88358.567779,88358.5753286,10.262900002999231
1,50,completed,88358.5648106,88358.5677962,88358.5773411,12.530499996501021
2,50,completed,88358.5647772,88358.5678392,88358.5798429,15.06570000492502
0,50,completed,88358.5649844,88358.5678644,88358.5821892,17.204799994942732
0,51,completed,88358.5948648,88358.597018,88358.5993495,4.484699995373376
2,51,completed,88358.5949288,88358.5971044,88358.6018215,6.892699995660223
5,51,completed,88358.5949681,88358.5971726,88358.6041164,9.148299999651499
4,51,completed,88358.595018,88358.5972058,88358.6065453,11.527299997396767
1,51,completed,88358.5948715,88358.5972716,88358.6092056,14.334100007545203
3,51,completed,88358.5948649,88358.5972589,88358.6117333,16.868399994564243
5,52,completed,88358.6413777,88358.6429512,88358.646548,5.1703000062843785
1,52,completed,88358.6417447,88358.6436922,88358.6501231,8.37840000167489
3,52,completed,88358.6412889,88358.6440442,88358.6533018,12.01289999880828
4,52,completed,88358.6420466,88358.6439348,88358.6567174,14.670799995656125
2,52,completed,88358.6432493,88358.6448104,88358.663843,20.593699999153614
0,52,completed,88358.6441933,88358.6452782,88358.6723096,28.1163000036031
0,53,completed,88358.6729714,88358.6753958,88358.6775745,4.603100009262562
4,53,completed,88358.673405,88358.6759241,88358.6803554,6.950400013010949
5,53,completed,88358.6730163,88358.6756807,88358.6833796,10.363299996242858
3,53,completed,88358.6729473,88358.6759551,88358.6867773,13.8299999962328
2,53,completed,88358.6735211,88358.6763197,88358.6899382,16.41709999239538
1,53,completed,88358.6729375,88358.6767741,88358.692467,19.529500001226552
3,54,completed,88358.7039168,88358.7064899,88358.7089824,5.065599994850345
1,54,completed,88358.7041386,88358.7066629,88358.7118072,7.668599995668046
4,54,completed,88358.7038991,88358.706677,88358.7143361,10.437000004458241
0,54,completed,88358.7040425,88358.706717,88358.715329,11.286499997368082
5,54,completed,88358.7043506,88358.7068783,88358.7174031,13.052499998593703
2,54,completed,88358.7042492,88358.7068607,88358.7198496,15.600400001858361
0,55,completed,88358.7353121,88358.7377444,88358.7394576,4.14549998822622
1,55,completed,88358.7353927,88358.7378493,88358.7425188,7.126100012101233
5,55,completed,88358.7353366,88358.7380113,88358.7452061,9.869499990600161
4,55,completed,88358.735474,88358.7380148,88358.7479228,12.448800000129268
3,55,completed,88358.735299,88358.7381931,88358.75009,14.790999994147569
2,55,completed,88358.7352654,88358.738278,88358.7528001,17.534700004034676
4,56,completed,88358.7663393,88358.7689601,88358.7712984,4.959099998814054
3,56,completed,88358.7662509,88358.7690274,88358.7739463,7.6954000105615705
5,56,completed,88358.7662982,88358.7690404,88358.7762059,9.907699990435503
0,56,completed,88358.7663872,88358.7689658,88358.7770205,10.633300000336021
1,56,completed,88358.7664657,88358.7691093,88358.7791015,12.635799997951835
2,56,completed,88358.7667729,88358.7692235,88358.7814077,14.634799998020753
1,57,completed,88358.7966429,88358.798842,88358.8011311,4.488200007472187
5,57,completed,88358.7966303,88358.798899,88358.8033317,6.701399994199164
2,57,completed,88358.7966845,88358.7989753,88358.8054023,8.71779999579303
0,57,completed,88358.796806,88358.799035,88358.8062823,9.476299994275905
3,57,completed,88358.7967609,88358.7990304,88358.8085076,11.746699994546361
4,57,completed,88358.7967367,88358.7990915,88358.8106707,13.934000002336688
5,58,completed,88358.8271683,88358.8294736,88358.8320762,4.907899987301789
3,58,completed,88358.8270589,88358.8292474,88358.8342962,7.237300000269897
2,58,completed,88358.8270908,88358.8296249,88358.8365778,9.487000002991408
0,58,completed,88358.8270722,88358.8299573,88358.8375545,10.482300000148825
1,58,completed,88358.8275943,88358.8299483,88358.8397221,12.127800000598654
4,58,completed,88358.8271658,88358.8300604,88358.8419404,14.774600000237115
4,59,completed,88358.8747444,88358.8771095,88358.8799595,5.215099998167716
2,59,completed,88358.8749954,88358.8773435,88358.8824816,7.486200003768317
3,59,completed,88358.8747575,88358.8771301,88358.8849705,10.213000001385808
1,59,completed,88358.8749842,88358.8773826,88358.887743,12.758800003211945
5,59,completed,88358.8747451,88358.8773685,88358.8899483,15.203200004179962
0,59,completed,88358.8748759,88358.8778163,88358.8909409,16.06500000343658
5,60,completed,88358.9076438,88358.9093256,88358.9140129,6.369099995936267
0,60,completed,88358.9077213,88358.9095784,88358.9154496,7.728299999143928
1,60,completed,88358.9077068,88358.910095,88358.9180237,10.316899992176332
2,60,completed,88358.9077603,88358.9101987,88358.9213627,13.602399994852021
3,60,completed,88358.9077512,88358.9102482,88358.9240042,16.25300000887364
4,60,completed,88358.9087829,88358.9103917,88358.9265654,17.782499999157153
1,61,completed,88358.9383236,88358.9406397,88358.9436995,5.375900000217371
2,61,completed,88358.9383031,88358.9408142,88358.9463068,8.00370000069961
0,61,completed,88358.9383464,88358.9408048,88358.9478711,9.524699999019504
5,61,completed,88358.9384181,88358.9408175,88358.9499871,11.568999994779006
3,61,completed,88358.93826,88358.9410071,88358.9524601,14.200100005837157
4,61,completed,88358.9385005,88358.9412643,88358.9553671,16.866600009961985
3,62,completed,88358.9696198,88358.9718268,88358.9748974,5.277599993860349
5,62,completed,88358.9698822,88358.9722738,88358.978172,8.289799996418878
2,62,completed,88358.969756,88358.9722425,88358.9805205,10.7644999952754
4,62,completed,88358.9696197,88358.972351,88358.9838695,14.249800005927682
0,62,completed,88358.9696934,88358.9723699,88358.9851676,15.474200001335703
1,62,completed,88358.9698769,88358.9726089,88358.987386,17.509099998278543
3,63,completed,88359.0000965,88359.0023757,88359.0050656,4.969099987647496
5,63,completed,88359.0002405,88359.0027289,88359.0073287,7.088199999998324
1,63,completed,88359.0003295,88359.0027823,88359.0102064,9.876899988739751
0,63,completed,88359.0001862,88359.0027722,88359.0112355,11.049299995647743
4,63,completed,88359.000096,88359.0027766,88359.0132309,13.134900000295602
2,63,completed,88359.0002983,88359.0028825,88359.015394,15.095700000529177
2,64,completed,88359.0316498,88359.0338782,88359.0362217,4.571899989969097
4,64,completed,88359.031663,88359.0338167,88359.0389515,7.288499997230247
3,64,completed,88359.0317986,88359.034145,88359.0408724,9.073799999896437
1,64,completed,88359.0316552,88359.0341941,88359.0418105,10.155299998586997
5,64,completed,88359.031716,88359.0342391,88359.0442732,12.55719999608118
0,64,completed,88359.0318936,88359.0342357,88359.0467315,14.837900002021343
5,65,completed,88359.0622201,88359.0648038,88359.066416,4.195900008198805
2,65,completed,88359.0626836,88359.0647599,88359.0678248,5.14120000298135
4,65,completed,88359.0627339,88359.0648672,88359.0686556,5.921699994360097
0,65,completed,88359.062258,88359.0648925,88359.0694637,7.20569999248255
1,65,completed,88359.0623378,88359.0650748,88359.0701682,7.830400005332194
3,65,completed,88359.062655,88359.064769,88359.0709024,8.247399993706495
1,66,completed,88359.108518,88359.1108365,88359.1118629,3.344900003867224
4,66,completed,88359.1085436,88359.1108036,88359.1130091,4.465499994694255
0,66,completed,88359.1086008,88359.1108583,88359.1141885,5.587699997704476
2,66,completed,88359.1087098,88359.1110047,88359.1152099,6.500100003904663
3,66,completed,88359.108755,88359.1110285,88359.1160658,7.310800006962381
5,66,completed,88359.1087177,88359.1110203,88359.1168676,8.149899993441068
2,67,completed,88359.1389491,88359.1415738,88359.1435858,4.636700003175065
3,67,completed,88359.1389864,88359.1417365,88359.1451175,6.1311000026762486
4,67,completed,88359.1390137,88359.1417902,88359.1462549,7.241200000862591
1,67,completed,88359.1389466,88359.1420706,88359.147074,8.12739999673795
0,67,completed,88359.1390587,88359.1420897,88359.1480546,8.995899988804013
5,67,completed,88359.1391494,88359.1422139,88359.1489918,9.84240000252612
3,68,completed,88359.1709942,88359.1732206,88359.1744378,3.4435999987181276
1,68,completed,88359.1709711,88359.1734602,88359.1756429,4.671799993957393
5,68,completed,88359.1710598,88359.1735164,88359.177317,6.257199987885542
4,68,completed,88359.1709334,88359.1731876,88359.17861,7.676599998376332
0,68,completed,88359.1710136,88359.173651,88359.179936,8.922399996663444
2,68,completed,88359.1709342,88359.173479,88359.1808341,9.899900003802031
3,69,completed,88359.2011804,88359.203474,88359.2049793,3.7988999974913895
2,69,completed,88359.2012013,88359.2035056,88359.2060877,4.8863999982131645
5,69,completed,88359.2012498,88359.2036013,88359.2069208,5.671000006259419
0,69,completed,88359.2012928,88359.2036161,88359.2077582,6.465400001616217
1,69,completed,88359.2011813,88359.2037008,88359.2085419,7.360600007814355
4,69,completed,88359.201331,88359.2037825,88359.2092913,7.960299990372732
5,70,completed,88359.2320327,88359.234438,88359.235569,3.536299991537817
1,70,completed,88359.2320866,88359.2345778,88359.2364527,4.366100009065121
4,70,completed,88359.2319913,88359.2347012,88359.2372624,5.271100002573803
3,70,completed,88359.231961,88359.234726,88359.2382423,6.28129999677185
0,70,completed,88359.2319668,88359.2347557,88359.2394114,7.444600007147528
2,70,completed,88359.2321173,88359.2348341,88359.2403306,8.21330001053866
3,71,completed,88359.2624376,88359.2644904,88359.2656033,3.165699992678128
5,71,completed,88359.2624638,88359.2646115,88359.2670041,4.5402999967336655
0,71,completed,88359.2624467,88359.2645949,88359.2679711,5.524399995920248
2,71,completed,88359.2625136,88359.2647034,88359.2689952,6.481599994003773
4,71,completed,88359.2626066,88359.2647567,88359.2698374,7.230800008983351
1,71,completed,88359.2625689,88359.2649351,88359.2706744,8.105500004603527
4,72,completed,88359.2940927,88359.2962938,88359.2974692,3.3764999971026555
2,72,completed,88359.2941555,88359.2964506,88359.2983463,4.190799998468719
0,72,completed,88359.2942204,88359.2965005,88359.2991486,4.928199996356852
3,72,completed,88359.2942444,88359.2965487,88359.299869,5.624600002192892
1,72,completed,88359.2940417,88359.2967202,88359.3007932,6.751499997335486
5,72,completed,88359.2942743,88359.296714,88359.3016979,7.42359999276232
4,73,completed,88359.3414338,88359.3439314,88359.3457381,4.3043000041507185
5,73,completed,88359.3417268,88359.3442605,88359.3467846,5.057799993664958
1,73,completed,88359.3414145,88359.3442492,88359.3475695,6.154999995487742
3,73,completed,88359.3414711,88359.344372,88359.3483987,6.927600014023483
0,73,completed,88359.3415051,88359.3443871,88359.349311,7.805899993400089
2,73,completed,88359.3414492,88359.3445541,88359.3506066,9.157399996183813
0,74,completed,88359.3715969,88359.3739064,88359.374996,3.399099994567223
2,74,completed,88359.3715917,88359.3739838,88359.3760412,4.449500003829598
1,74,completed,88359.371652,88359.3740814,88359.3769687,5.316700000548735
3,74,completed,88359.371643,88359.3741086,88359.3785314,6.888399992021732
4,74,completed,88359.3717159,88359.3741302,88359.3797764,8.060500011197291
5,74,completed,88359.3717816,88359.3741435,88359.3808191,9.037499999976717
0,75,completed,88359.4051336,88359.4077795,88359.4090016,3.867999999783933
5,75,completed,88359.4053689,88359.4079178,88359.4107546,5.38570000207983
1,75,completed,88359.4055908,88359.4080283,88359.4117564,6.165600003441796
2,75,completed,88359.4055515,88359.4080062,88359.4128979,7.346400001551956
4,75,completed,88359.4054733,88359.4079503,88359.4138269,8.353600002010353
3,75,completed,88359.4055231,88359.4081891,88359.4146115,9.088400009204634
1,76,completed,88359.4352932,88359.4375576,88359.438604,3.310799991595559
2,76,completed,88359.4353776,88359.4376832,88359.4396869,4.30929999856744
5,76,completed,88359.4353544,88359.4376866,88359.4406642,5.309799991664477
4,76,completed,88359.4352878,88359.4378514,88359.4415444,6.256599997868761
3,76,completed,88359.4354675,88359.4378797,88359.44223,6.762499993783422
0,76,completed,88359.4354138,88359.4379129,88359.4429318,7.517999998526648
2,77,completed,88359.4665685,88359.4691498,88359.4708665,4.297999999835156
3,77,completed,88359.4665687,88359.4692132,88359.4719252,5.356500012567267
0,77,completed,88359.4666341,88359.469327,88359.4727677,6.133600007160567
4,77,completed,88359.466716,88359.4695399,88359.4736338,6.917799997609109
5,77,completed,88359.4667842,88359.4695478,88359.474988,8.203799996408634
1,77,completed,88359.4665866,88359.470214,88359.4762907,9.704099997179583
4,78,completed,88359.4980447,88359.5000053,88359.5010055,2.9608000040752813
2,78,completed,88359.4980688,88359.5000671,88359.5018361,3.7672999897040427
5,78,completed,88359.498123,88359.5001701,88359.5028505,4.727499996079132
0,78,completed,88359.4981587,88359.5001893,88359.5036132,5.454500002088025
1,78,completed,88359.4982117,88359.5003692,88359.5043582,6.146500003524125
3,78,completed,88359.498181,88359.5003638,88359.5051214,6.940399995073676
3,79,completed,88359.5300203,88359.5324641,88359.5335609,3.540600009728223
0,79,completed,88359.5299571,88359.5326536,88359.5344443,4.487199999857694
4,79,completed,88359.5299864,88359.5327025,88359.5352099,5.223500003921799
2,79,completed,88359.5299573,88359.5327397,88359.5360443,6.087000001571141
1,79,completed,88359.5300717,88359.5327752,88359.5370469,6.975199998123571
5,79,completed,88359.5306068,88359.5329548,88359.5379168,7.310000000870787
0,80,completed,88359.5608591,88359.5627797,88359.5635695,2.710399989155121
5,80,completed,88359.5608375,88359.5627911,88359.5644528,3.6152999964542687
1,80,completed,88359.56089,88359.5628181,88359.565367,4.477000009501353
4,80,completed,88359.5608451,88359.5627736,88359.5662028,5.357699992600828
2,80,completed,88359.56096,88359.5628668,88359.5670461,6.086099994718097
3,80,completed,88359.5764992,88359.5772579,88359.5780879,1.588699989952147
2,81,completed,88359.6076183,88359.609541,88359.6106264,3.008100000442937
1,81,completed,88359.6077997,88359.6096671,88359.6114826,3.6829000018769875
5,81,completed,88359.607957,88359.609836,88359.6121698,4.212800005916506
4,81,completed,88359.6081167,88359.6099571,88359.6129313,4.814600004465319
3,81,completed,88359.6081737,88359.6099813,88359.6139674,5.793699994683266
0,81,completed,88359.6079393,88359.6100045,88359.6147531,6.813800006057136
2,82,completed,88359.6392264,88359.641661,88359.6430336,3.8072000024840236
0,82,completed,88359.6392114,88359.6416683,88359.6439628,4.7513999888906255
3,82,completed,88359.6392654,88359.6417918,88359.6447886,5.5232000013347715
4,82,completed,88359.6392834,88359.6417631,88359.6455564,6.273000006331131
5,82,completed,88359.6394266,88359.6418613,88359.6462976,6.8710000050487
1,82,completed,88359.6393243,88359.6418918,88359.6470825,7.758199993986636
3,83,completed,88359.6702034,88359.6724383,88359.6736041,3.400699992198497
5,83,completed,88359.6702754,88359.6725455,88359.6746313,4.355900004156865
0,83,completed,88359.6703122,88359.6725342,88359.6755795,5.267300002742559
1,83,completed,88359.6702277,88359.6725587,88359.6768168,6.589099997654557
4,83,completed,88359.6702368,88359.6724936,88359.6780646,7.827800000086427
2,83,completed,88359.6706481,88359.6727523,88359.6790321,8.384000000660308
3,84,completed,88359.7014623,88359.7037021,88359.7048143,3.351999999722466
1,84,completed,88359.701368,88359.703821,88359.7057377,4.369700007373467
4,84,completed,88359.7014236,88359.7038915,88359.7064927,5.0691000069491565
0,84,completed,88359.7015875,88359.7039201,88359.7071757,5.588199986959808
2,84,completed,88359.701531,88359.7040121,88359.7079408,6.409800000255927
5,84,completed,88359.7014444,88359.7040457,88359.7086466,7.202200009487569
0,85,completed,88359.7324218,88359.7344994,88359.7354305,3.008700005011633
4,85,completed,88359.7323788,88359.7344368,88359.7362399,3.8610999908996746
5,85,completed,88359.7323763,88359.7346675,88359.7369652,4.5889000030001625
3,85,completed,88359.7324291,88359.7346858,88359.7376562,5.227100002230145
1,85,completed,88359.7325056,88359.7347307,88359.7387128,6.207200000062585
2,85,completed,88359.7325403,88359.7348022,88359.7397314,7.191099997726269
1,86,completed,88359.7637808,88359.7662712,88359.7675855,3.8046999979997054
4,86,completed,88359.7637254,88359.7662482,88359.7686604,4.935000004479662
2,86,completed,88359.7637423,88359.7662479,88359.7696531,5.91079999867361
3,86,completed,88359.7638284,88359.7663234,88359.7704635,6.635099998675287
0,86,completed,88359.7637252,88359.7664164,88359.7712228,7.4976000032620504
5,86,completed,88359.7638597,88359.7664957,88359.7722558,8.39609999093227
5,87,completed,88359.7945914,88359.7967018,88359.7975561,2.964700004667975
0,87,completed,88359.7945902,88359.7967004,88359.7983288,3.7385999894468114
1,87,completed,88359.7946399,88359.7967078,88359.7989797,4.339799997978844
4,87,completed,88359.7947066,88359.7968277,88359.7996928,4.986200001440011
3,87,completed,88359.7946048,88359.7968859,88359.8003739,5.769099996541627
2,87,completed,88359.7946524,88359.7968912,88359.801264,6.611599994357675
5,88,completed,88359.8408151,88359.8434929,88359.8448042,3.9890999905765057
1,88,completed,88359.8407861,88359.8434037,88359.845776,4.989900000509806
4,88,completed,88359.8408557,88359.8436215,88359.8465072,5.651500003295951
0,88,completed,88359.8407902,88359.843756,88359.8472631,6.472900000517257
3,88,completed,88359.8412409,88359.8438052,88359.8480268,6.785899997339584
2,88,completed,88359.8414252,88359.8439539,88359.8487214,7.2962000122061
3,89,completed,88359.871272,88359.873562,88359.874605,3.333000000566244
1,89,completed,88359.8714197,88359.8737003,88359.8755299,4.110200010472909
0,89,completed,88359.8714553,88359.8737316,88359.8764655,5.010199995012954
2,89,completed,88359.8712791,88359.8737933,88359.8775087,6.229599996004254
5,89,completed,88359.8715639,88359.873781,88359.8787271,7.1632000035606325
4,89,completed,88359.8712714,88359.873788,88359.879693,8.421599995926954
5,90,completed,88359.9026071,88359.9047704,88359.9059922,3.3851000043796375
4,90,completed,88359.9025565,88359.9048357,88359.9068851,4.328600000008009
2,90,completed,88359.9026398,88359.9049621,88359.9075752,4.935400007525459
0,90,completed,88359.9025794,88359.904951,88359.9083389,5.7594999962020665
3,90,completed,88359.9027325,88359.9050135,88359.909004,6.271499994909391
1,90,completed,88359.9026583,88359.9050155,88359.9096556,6.997300006332807
5,91,completed,88359.9335997,88359.9358593,88359.9367405,3.1407999922521412
3,91,completed,88359.9335991,88359.9359147,88359.937579,3.979900007834658
4,91,completed,88359.9336343,88359.9359447,88359.9382689,4.634600001736544
1,91,completed,88359.9338421,88359.9360234,88359.9389752,5.133099999511614
0,91,completed,88359.9336849,88359.9359968,88359.9398109,6.126000007498078
2,91,completed,88359.9336587,88359.9361488,88359.9407488,7.090099999913946
3,92,completed,88359.966065,88359.9680669,88359.9695284,3.463400003965944
1,92,completed,88359.9662166,88359.9686083,88359.9704119,4.195299989078194
0,92,completed,88359.966169,88359.9684904,88359.9711532,4.984199986211024
5,92,completed,88359.9660498,88359.9686477,88359.9719353,5.885499995201826
2,92,completed,88359.9662949,88359.9686633,88359.9726185,6.323599998722784
4,92,completed,88359.9661137,88359.9685984,88359.9733364,7.222700005513616
4,93,completed,88359.9970966,88359.9989999,88359.9998675,2.770899998722598
1,93,completed,88359.9970781,88359.9990056,88360.0006194,3.541300000506453
2,93,completed,88359.9971568,88359.9992368,88360.0012288,4.071999996085651
5,93,completed,88359.9971914,88359.9992249,88360.0019546,4.763199991430156
3,93,completed,88359.9973194,88359.9992357,88360.0028026,5.4832000023452565
0,93,completed,88359.9972507,88359.9992217,88360.0035177,6.266999989748001
1,94,completed,88360.0279619,88360.0299255,88360.0309259,2.9639999993378296
3,94,completed,88360.0279718,88360.0298928,88360.0317362,3.7644000112777576
2,94,completed,88360.0280497,88360.0300834,88360.0323891,4.339399994933046
0,94,completed,88360.0281246,88360.0301526,88360.0330411,4.9165000091306865
5,94,completed,88360.0280026,88360.0301774,88360.0337529,5.750299998908304
4,94,completed,88360.028214,88360.0301821,88360.0344364,6.222399999387562
3,95,completed,88360.0743715,88360.0763957,88360.0773368,2.965299994684756
0,95,completed,88360.0743476,88360.0762908,88360.0783668,4.0191999869421124
4,95,completed,88360.0744029,88360.0764674,88360.0795482,5.145299990545027
1,95,completed,88360.0744391,88360.0765492,88360.0804858,6.046700000297278
2,95,completed,88360.074538,88360.076619,88360.081255,6.716999996569939
5,95,completed,88360.0746301,88360.0766452,88360.0820672,7.437099993694574
5,96,completed,88360.1060993,88360.1080701,88360.1090502,2.950900001451373
3,96,completed,88360.1062498,88360.1082936,88360.109835,3.585200000088662
2,96,completed,88360.1063347,88360.1083523,88360.1105141,4.179399998974986
4,96,completed,88360.1061124,88360.1083698,88360.1111981,5.085700002382509
1,96,completed,88360.1060812,88360.1084163,88360.111854,5.772799995611422
0,96,completed,88360.1064168,88360.1083902,88360.112475,6.0582000005524606
5,97,completed,88360.1367679,88360.1387016,88360.1395442,2.7763000107370317
2,97,completed,88360.1367376,88360.1387814,88360.1402787,3.5410999989835545
3,97,completed,88360.1368666,88360.1388159,88360.1410648,4.1981999966083094
4,97,completed,88360.1367382,88360.1389478,88360.1418223,5.08409999019932
1,97,completed,88360.1368053,88360.1389374,88360.1425771,5.771800002548844
0,97,completed,88360.1369393,88360.1389377,88360.1433347,6.3953999924706295
1,98,completed,88360.1686466,88360.1707386,88360.1716623,3.0157000001054257
2,98,completed,88360.1686247,88360.1707063,88360.17256,3.935300002922304
0,98,completed,88360.1687151,88360.1709008,88360.1731382,4.423100006533787
4,98,completed,88360.1686645,88360.1708997,88360.1737359,5.071399995358661
3,98,completed,88360.1688487,88360.1709735,88360.1743733,5.524599997443147
5,98,completed,88360.1687692,88360.1709604,88360.1750254,6.256200009374879
1,99,completed,88360.1992451,88360.2009233,88360.2018266,2.5814999971771613
2,99,completed,88360.1993305,88360.2011999,88360.2025873,3.2567999878665432
4,99,completed,88360.1993597,88360.2011893,88360.2030782,3.718499996466562
0,99,completed,88360.1994127,88360.2012206,88360.2036748,4.262099988409318
3,99,completed,88360.1992178,88360.2012534,88360.2042692,5.051400003139861
5,99,completed,88360.1992177,88360.2012607,88360.204821,5.603300000075251
3,100,completed,88360.2299785,88360.2320638,88360.2329362,2.957699995022267
0,100,completed,88360.2300006,88360.2321011,88360.2336134,3.6128000065218657
5,100,completed,88360.2300626,88360.2322366,88360.2341374,4.074799988302402
1,100,completed,88360.2300234,88360.2322464,88360.2348124,4.788999998709187
4,100,completed,88360.2301377,88360.2322839,88360.235307,5.169299998669885
2,100,completed,88360.2302332,88360.2323174,88360.2359839,5.750700001954101
1,101,completed,88360.2616283,88360.2633405,88360.2642239,2.595600002678111
2,101,completed,88360.2616459,88360.26345,88360.2648946,3.248699998948723
5,101,completed,88360.2616636,88360.263468,88360.2653861,3.722499997820705
3,101,completed,88360.261842,88360.2636052,88360.2660146,4.172599990852177
0,101,completed,88360.261787,88360.2636569,88360.2665425,4.755500005558133
4,101,completed,88360.2617502,88360.2637418,88360.2670997,5.349499988369644
0,102,completed,88360.3080147,88360.3099406,88360.3106342,2.6194999954896048
3,102,completed,88360.3080529,88360.3101112,88360.3113013,3.248399996664375
5,102,completed,88360.3080283,88360.3100607,88360.3117759,3.747599999769591
4,102,completed,88360.3080933,88360.3101085,88360.3122712,4.1779000021051615
2,102,completed,88360.3081414,88360.3101406,88360.3127835,4.642100000637583
1,102,completed,88360.3081796,88360.3101376,88360.3134473,5.267699991236441
2,103,completed,88360.3387563,88360.3409168,88360.3417002,2.9439000063575804
5,103,completed,88360.3386851,88360.3409255,88360.3425331,3.8480000075651333
3,103,completed,88360.3387307,88360.3409465,88360.343205,4.474300003494136
1,103,completed,88360.3388825,88360.3410285,88360.3441418,5.259300000034273
0,103,completed,88360.3387909,88360.3410838,88360.3447622,5.971299993689172
4,103,completed,88360.33869,88360.3410857,88360.3453498,6.659799997578375
0,104,completed,88360.370096,88360.3724284,88360.373231,3.1350000062957406
4,104,completed,88360.370051,88360.3723669,88360.3739653,3.9142999885370955
2,104,completed,88360.3700762,88360.3723992,88360.3747115,4.635300007066689
3,104,completed,88360.3701722,88360.3725256,88360.3752844,5.1122000004397705
1,104,completed,88360.3702406,88360.3725573,88360.3758856,5.645000012009405
5,104,completed,88360.3703023,88360.3725999,88360.3766095,6.30720000481233
3,105,completed,88360.4009469,88360.4028307,88360.4035984,2.6514999917708337
0,105,completed,88360.4009552,88360.402842,88360.4042204,3.2651999936206266
2,105,completed,88360.4009883,88360.4030516,88360.4048517,3.8634000084130093
5,105,completed,88360.4010512,88360.4030922,88360.4054935,4.442300007212907
1,105,completed,88360.4011904,88360.4031464,88360.4060853,4.894899990176782
4,105,completed,88360.4011271,88360.4031424,88360.406626,5.498899990925565
4,106,completed,88360.4331274,88360.4350588,88360.4358842,2.756799993221648
1,106,completed,88360.4331834,88360.4352752,88360.436506,3.322599994135089
5,106,completed,88360.43316,88360.4352525,88360.437025,3.8650000060442835
2,106,completed,88360.4332372,88360.435342,88360.4374972,4.259999986970797
0,106,completed,88360.4332902,88360.4353438,88360.4380595,4.76929999422282
3,106,completed,88360.4334079,88360.4353933,88360.4386404,5.2324999996926636
3,107,completed,88360.4636601,88360.4655786,88360.46653,2.869900010409765
0,107,completed,88360.4636946,88360.4656749,88360.4674342,3.73960001161322
1,107,completed,88360.4637684,88360.4657944,88360.468211,4.44259999494534
4,107,completed,88360.4639882,88360.4659696,88360.468858,4.869799988227896
5,107,completed,88360.4638276,88360.4660101,88360.4694795,5.651899991789833
2,107,completed,88360.4638902,88360.4660741,88360.4700432,6.152999994810671
3,108,completed,88360.4945409,88360.4964789,88360.4974657,2.924799991887994
0,108,completed,88360.4945631,88360.4966221,88360.4981916,3.6284999951021746
2,108,completed,88360.4945348,88360.4967364,88360.4987264,4.191599990008399
4,108,completed,88360.4946048,88360.496741,88360.4992382,4.633400007151067
1,108,completed,88360.4950485,88360.4969619,88360.499737,4.68850000470411
5,108,completed,88360.4948027,88360.4969488,88360.500207,5.404299998190254
3,109,completed,88360.5411913,88360.5430274,88360.5441511,2.959799996460788
0,109,completed,88360.5412328,88360.5431128,88360.5450352,3.802400009590201
1,109,completed,88360.5412107,88360.5431053,88360.5456953,4.484599994611926
5,109,completed,88360.5413439,88360.5432286,88360.5462825,4.938600002788007
4,109,completed,88360.5412765,88360.5433234,88360.546804,5.5275000049732625
2,109,completed,88360.5413139,88360.5436065,88360.5473457,6.031800003256649
2,110,completed,88360.572169,88360.5743097,88360.5751169,2.947899993159808
1,110,completed,88360.5722384,88360.5744129,88360.575797,3.5586000012699515
3,110,completed,88360.5721597,88360.5744211,88360.5763664,4.206700003123842
0,110,completed,88360.572369,88360.5745019,88360.5769434,4.574399994453415
4,110,completed,88360.5721929,88360.5745339,88360.5775589,5.3659999975934625
5,110,completed,88360.5722211,88360.574585,88360.5781078,5.886700004339218
1,111,completed,88360.6031617,88360.6050013,88360.6056913,2.5296000094385818
0,111,completed,88360.6031835,88360.6050519,88360.6063839,3.200399994966574
3,111,completed,88360.6032388,88360.6051149,88360.6070025,3.763699991395697
5,111,completed,88360.6031413,88360.6051607,88360.6075978,4.456499998923391
2,111,completed,88360.6033862,88360.6052136,88360.6081352,4.748999999719672
4,111,completed,88360.6033352,88360.6052917,88360.6086615,5.3263000008882955
0,112,completed,88360.6352086,88360.6371592,88360.6378901,2.6815000019269064
4,112,completed,88360.6352441,88360.6372802,88360.6388349,3.590799999074079
3,112,completed,88360.6352552,88360.6372937,88360.6397221,4.466899990802631
5,112,completed,88360.6352916,88360.6373765,88360.6406397,5.348099992261268
1,112,completed,88360.6353715,88360.6374036,88360.6417678,6.3962999993236735
2,112,completed,88360.6355009,88360.6374328,88360.6427972,7.296299998415634
2,113,completed,88360.6663157,88360.6684224,88360.6697272,3.4115000016754493
3,113,completed,88360.6663441,88360.6684951,88360.6708018,4.457700008060783
1,113,completed,88360.6662998,88360.6684443,88360.6716573,5.357500005629845
4,113,completed,88360.6666058,88360.6686606,88360.6724305,5.8246999979019165
0,113,completed,88360.6664903,88360.6685919,88360.6732947,6.804399992688559
5,113,completed,88360.667078,88360.6690094,88360.6739512,6.87320000724867
3,114,completed,88360.6978006,88360.6997614,88360.7005265,2.725900005316362
0,114,completed,88360.6977929,88360.6998516,88360.7012041,3.4111999993911013
4,114,completed,88360.6978172,88360.6998247,88360.7018035,3.9862999983597547
1,114,completed,88360.6978707,88360.6999579,88360.7023412,4.470500003662892
5,114,completed,88360.6979177,88360.6999593,88360.7028402,4.922499996609986
2,114,completed,88360.6980534,88360.7000038,88360.7033954,5.3420000040205196
2,115,completed,88360.7290164,88360.7309827,88360.7319579,2.9415000026347116
4,115,completed,88360.729015,88360.7309617,88360.7326525,3.6374999908730388
3,115,completed,88360.7290464,88360.7310341,88360.7332079,4.161500008194707
1,115,completed,88360.7291776,88360.7312078,88360.7337227,4.545099989627488
0,115,completed,88360.7292961,88360.7312722,88360.7342209,4.924799999571405
5,115,completed,88360.7290917,88360.7313404,88360.7347098,5.618099996354431
3,116,completed,88360.7604153,88360.7618009,88360.7624852,2.0699000015156344
4,116,completed,88360.760444,88360.7618525,88360.7631472,2.703200007090345
2,116,completed,88360.7604105,88360.7618614,88360.7636457,3.235199998016469
1,116,completed,88360.7604628,88360.7618658,88360.7641508,3.687999997055158
0,116,completed,88360.7758508,88360.7765122,88360.777099,1.2482000020099804
5,116,completed,88360.7758517,88360.7765047,88360.7776715,1.8198000034317374
5,117,completed,88360.8067754,88360.8088252,88360.8097267,2.9513000044971704
1,117,completed,88360.8067945,88360.808879,88360.8103713,3.5768000088864937
3,117,completed,88360.806854,88360.8090239,88360.8108717,4.017700004624203
2,117,completed,88360.8069011,88360.809128,88360.811375,4.473900000448339
4,117,completed,88360.8070058,88360.8091818,88360.8118434,4.837600004975684
0,117,completed,88360.8070285,88360.8091822,88360.812329,5.3004999936092645
3,118,completed,88360.8400098,88360.8421393,88360.8434493,3.4394999966025352
4,118,completed,88360.8400325,88360.8422748,88360.8443051,4.2726000101538375
2,118,completed,88360.8402212,88360.8424115,88360.8449146,4.693400012911297
5,118,completed,88360.8400011,88360.8425214,88360.8454984,5.497299993294291
0,118,completed,88360.8401618,88360.8425669,88360.8460114,5.8495999983279034
1,118,completed,88360.8403452,88360.8426249,88360.8465351,6.189899999299087
3,119,completed,88360.8706322,88360.8724222,88360.8733735,2.7412999916123226
0,119,completed,88360.8706912,88360.8725668,88360.8740596,3.36839999363292
5,119,completed,88360.8707705,88360.8728063,88360.8745939,3.823399994871579
2,119,completed,88360.8708251,88360.8728922,88360.875128,4.302899993490428
4,119,completed,88360.8707161,88360.8729407,88360.8757155,4.999400000087917
1,119,completed,88360.8706969,88360.8729557,88360.8762792,5.582300000241958
3,120,completed,88360.9017638,88360.9034921,88360.9042432,2.4794000055408105
5,120,completed,88360.9017493,88360.9035649,88360.9049374,3.188100003171712
2,120,completed,88360.9019,88360.9037379,88360.9055496,3.649599995696917
1,120,completed,88360.9019274,88360.9037436,88360.9061054,4.178000002866611
4,120,completed,88360.9018356,88360.9038314,88360.9066025,4.766900005051866
0,120,completed,88360.9018185,88360.9038714,88360.9070825,5.263999992166646
0,121,completed,88360.9330252,88360.9350195,88360.93589,2.864799986127764
4,121,completed,88360.933038,88360.9351126,88360.9364185,3.3804999984567985
5,121,completed,88360.933108,88360.935106,88360.9368889,3.780900005949661
2,121,completed,88360.9331876,88360.9352528,88360.9373879,4.20029999804683
3,121,completed,88360.9332787,88360.935278,88360.937888,4.60929999826476
1,121,completed,88360.9333327,88360.9352863,88360.9383994,5.066699988674372
3,122,completed,88360.9640798,88360.9664306,88360.9674173,3.3374999911757186
1,122,completed,88360.9641458,88360.9667218,88360.9681801,4.034300000057556
0,122,completed,88360.9642131,88360.966723,88360.968837,4.623899993021041
5,122,completed,88360.9642662,88360.9667777,88360.9694046,5.138399996212684
4,122,completed,88360.9640928,88360.9667832,88360.9700099,5.917100002989173
2,122,completed,88360.9641698,88360.9668746,88360.970535,6.365199995343573
3,123,completed,88360.9944576,88360.9967411,88360.9974624,3.0048000044189394
0,123,completed,88360.9944996,88360.9967478,88360.9981113,3.611699998145923
1,123,completed,88360.9945454,88360.9968206,88360.9986298,4.084400003193878
4,123,completed,88360.9944642,88360.996691,88360.9991518,4.687599997851066
5,123,completed,88360.9946249,88360.9968299,88360.999654,5.029099993407726
2,123,completed,88360.9946737,88360.9968441,88361.0001256,5.451899996842258
1,124,completed,88361.0404628,88361.0424182,88361.0433001,2.83730000955984
0,124,completed,88361.0405384,88361.0426309,88361.0440909,3.5524999984772876
4,124,completed,88361.0405911,88361.0426906,88361.0447204,4.1292999958386645
5,124,completed,88361.0404825,88361.0427289,88361.0453051,4.82259999262169
2,124,completed,88361.0404638,88361.0427181,88361.0458041,5.340299991075881
3,124,completed,88361.0407073,88361.0427166,88361.0463238,5.616499998723157
3,125,completed,88361.0710509,88361.0731333,88361.0741444,3.0934999958844855
0,125,completed,88361.071039,88361.0731878,88361.0748526,3.8135999930091202
4,125,completed,88361.0711077,88361.073455,88361.0754427,4.335000005085021
1,125,completed,88361.0711419,88361.0734318,88361.0760137,4.871800003456883
2,125,completed,88361.0712382,88361.0734737,88361.0765911,5.352899999707006
5,125,completed,88361.0713413,88361.073502,88361.0771588,5.817500001285225
4,126,completed,88361.1011235,88361.1030483,88361.1037697,2.6461999950697646
5,126,completed,88361.1011429,88361.1031221,88361.1044652,3.322299991850741
0,126,completed,88361.1011545,88361.1031381,88361.1049851,3.8306000060401857
2,126,completed,88361.101258,88361.1032534,88361.105487,4.228999998304062
1,126,completed,88361.1012888,88361.1032782,88361.1060682,4.779399998369627
3,126,completed,88361.1013621,88361.1032856,88361.1067052,5.343099997844547
4,127,completed,88361.1319808,88361.1339203,88361.1348569,2.876099999411963
3,127,completed,88361.1320025,88361.1339784,88361.135567,3.5645000025397167
0,127,completed,88361.1320664,88361.1341738,88361.1361014,4.035000005387701
2,127,completed,88361.1321056,88361.1342463,88361.136622,4.516400003922172
5,127,completed,88361.1321924,88361.134282,88361.1371095,4.9171000136993825
1,127,completed,88361.1321796,88361.1342839,88361.1376192,5.439600005047396
0,128,completed,88361.1628974,88361.1650821,88361.1659018,3.004400001373142
2,128,completed,88361.1629033,88361.1651473,88361.1666131,3.7097999884281307
5,128,completed,88361.1629167,88361.1651972,88361.1671528,4.236099994159304
3,128,completed,88361.1629882,88361.1652361,88361.1676926,4.704399994807318
4,128,completed,88361.1631064,88361.1652793,88361.1682546,5.1481999980751425
1,128,completed,88361.1630069,88361.1652827,88361.169052,6.045100002666004
4,129,completed,88361.1937396,88361.1955979,88361.1963947,2.6551000046310946
1,129,completed,88361.1937512,88361.1956535,88361.1971255,3.3742999949026853
2,129,completed,88361.1937908,88361.1957278,88361.1976989,3.9080999995348975
3,129,completed,88361.193905,88361.1958287,88361.1982355,4.3304999999236315
5,129,completed,88361.1938376,88361.1957887,88361.1987198,4.882199995336123
0,129,completed,88361.1939877,88361.1958469,88361.199221,5.233300005784258
0,130,completed,88361.2393834,88361.2413921,88361.2421061,2.7227000100538135
2,130,completed,88361.2393675,88361.241447,88361.2426999,3.332399995997548
1,130,completed,88361.2393944,88361.2415185,88361.243283,3.888599996571429
3,130,completed,88361.2395606,88361.2416022,88361.2438819,4.3212999880779535
5,130,completed,88361.2394771,88361.2415976,88361.2444347,4.957600001944229
4,130,completed,88361.2395655,88361.2416035,88361.245027,5.461499997181818
1,131,completed,88361.2701716,88361.2723198,88361.2733102,3.1386000046040863
2,131,completed,88361.2702183,88361.2724518,88361.2740767,3.858400013996288
0,131,completed,88361.2703161,88361.2725317,88361.2746536,4.3375000095693395
5,131,completed,88361.2703449,88361.2725518,88361.2751976,4.852700003539212
3,131,completed,88361.2701936,88361.2726222,88361.27573,5.536399999982677
4,131,completed,88361.2702553,88361.2726604,88361.2762715,6.016200000885874
1,132,completed,88361.3015931,88361.3034415,88361.30416,2.56690000242088
3,132,completed,88361.3017542,88361.3036067,88361.3047399,2.9857000045012683
2,132,completed,88361.301588,88361.303604,88361.3052402,3.6522000009426847
4,132,completed,88361.3016337,88361.3036379,88361.3057444,4.11069999972824
0,132,completed,88361.3016481,88361.3037159,88361.3062469,4.598800005624071
5,132,completed,88361.3017085,88361.3037294,88361.3067627,5.054199995356612
5,133,completed,88361.3322913,88361.3343332,88361.335018,2.7266999968560413
4,133,completed,88361.3323248,88361.3343201,88361.3357516,3.426800001761876
3,133,completed,88361.332445,88361.334494,88361.3363739,3.9289000123972073
1,133,completed,88361.3323765,88361.3344699,88361.3369257,4.5492000062949955
2,133,completed,88361.3325526,88361.3345346,88361.3375044,4.951800001435913
0,133,completed,88361.332422,88361.3345305,88361.3380711,5.649099999573082
0,134,completed,88361.3636017,88361.3659616,88361.3669879,3.386199998203665
2,134,completed,88361.363608,88361.3659497,88361.3678652,4.257199994754046
3,134,completed,88361.3637485,88361.3661279,88361.3684922,4.7436999884666875
4,134,completed,88361.363784,88361.3662118,88361.369281,5.497000005561858
1,134,completed,88361.3636355,88361.3662928,88361.3700668,6.431299989344552
5,134,completed,88361.3636578,88361.3662809,88361.3708482,7.190399992396124
1,135,completed,88361.3940791,88361.3962862,88361.3970211,2.941999991890043
3,135,completed,88361.3940587,88361.3962862,88361.3977028,3.6440999974729493
4,135,completed,88361.3941844,88361.3964362,88361.3987342,4.549800010863692
5,135,completed,88361.3942486,88361.396465,88361.3994736,5.225000000791624
0,135,completed,88361.3940688,88361.3964968,88361.4000734,6.004599999869242
2,135,completed,88361.3941441,88361.3965554,88361.4008392,6.695099989883602
3,136,completed,88361.4406743,88361.4427445,88361.4433508,2.67649999295827
0,136,completed,88361.4406722,88361.442745,88361.4440083,3.336099995067343
1,136,completed,88361.4406909,88361.4428083,88361.4445072,3.816299999016337
2,136,completed,88361.4408672,88361.4429013,88361.4450184,4.151200002525002
5,136,completed,88361.4407837,88361.4428877,88361.4455531,4.769399994984269
4,136,completed,88361.4407351,88361.4428689,88361.4460787,5.343600001651794
4,137,completed,88361.4719943,88361.4739446,88361.4749027,2.908400012529455
5,137,completed,88361.4719695,88361.4738873,88361.47569,3.720500011695549
2,137,completed,88361.4720279,88361.4740974,88361.4763905,4.36259999696631
3,137,completed,88361.47215,88361.4742183,88361.4769635,4.8134999960893765
0,137,completed,88361.4722644,88361.4743337,88361.4776127,5.348299993784167
1,137,completed,88361.4723499,88361.4743284,88361.4782404,5.8905000041704625
3,138,completed,88361.5029327,88361.5047045,88361.5054652,2.532500002416782
4,138,completed,88361.5029287,88361.5048562,88361.5060472,3.118499997071922
0,138,completed,88361.5029689,88361.5049139,88361.5065276,3.558700002031401
2,138,completed,88361.5030549,88361.5050309,88361.5071868,4.131900001084432
1,138,completed,88361.5031658,88361.5050465,88361.5076868,4.521000009845011
5,138,completed,88361.5031294,88361.5050471,88361.5081908,5.0614000065252185
0,139,completed,88361.5338289,88361.5360368,88361.5367297,2.900799998315051
1,139,completed,88361.5337855,88361.5360023,88361.5374639,3.678399996715598
3,139,completed,88361.5337863,88361.536,88361.5380719,4.2855999927269295
2,139,completed,88361.5337861,88361.5359997,88361.5387715,4.985399995348416
4,139,completed,88361.533947,88361.5360899,88361.5392672,5.320199998095632
5,139,completed,88361.5340099,88361.5361115,88361.5397554,5.745499991462566
4,140,completed,88361.5644786,88361.5667178,88361.5675386,3.0599999881815165
0,140,completed,88361.564497,88361.5668007,88361.5681791,3.682099995785393
1,140,completed,88361.5645709,88361.5669227,88361.5686711,4.100200007087551
2,140,completed,88361.5646925,88361.5669661,88361.5693816,4.689099994720891
5,140,completed,88361.5645233,88361.5669537,88361.5698894,5.366099998354912
3,140,completed,88361.5646515,88361.5670518,88361.5703944,5.742900000768714
2,141,completed,88361.5945125,88361.5963933,88361.5971056,2.593099998193793
0,141,completed,88361.5945319,88361.5964441,88361.5977707,3.238799996324815
5,141,completed,88361.5945639,88361.596506,88361.5982453,3.6814000050071627
3,141,completed,88361.5946149,88361.5966029,88361.5987064,4.09149999904912
1,141,completed,88361.5947701,88361.5966456,88361.5992934,4.523299998254515
4,141,completed,88361.5946629,88361.5966367,88361.5998437,5.1807999989250675
2,142,completed,88361.6410418,88361.6430795,88361.6437646,2.7227999962633476
1,142,completed,88361.6410191,88361.6430836,88361.6443681,3.348999991430901
3,142,completed,88361.6410559,88361.6430691,88361.6448947,3.838799995719455
0,142,completed,88361.6412309,88361.6432597,88361.6454433,4.212400002870709
5,142,completed,88361.6411656,88361.6432479,88361.6460228,4.857200008700602
4,142,completed,88361.6412636,88361.6432707,88361.6465358,5.2721999963978305
1,143,completed,88361.6713236,88361.6734922,88361.6742733,2.949699992313981
4,143,completed,88361.6713459,88361.6735817,88361.6749912,3.645299992058426
0,143,completed,88361.6713871,88361.6735924,88361.6756499,4.262800008291379
2,143,completed,88361.6714767,88361.6736771,88361.6764173,4.940600003465079
5,143,completed,88361.6712651,88361.6736743,88361.6772293,5.96419999783393
3,143,completed,88361.6712599,88361.6737249,88361.6779556,6.695699994452298
1,144,completed,88361.7017881,88361.7036602,88361.704811,3.022899996722117
3,144,completed,88361.7017875,88361.7038345,88361.7056775,3.8899999926798046
5,144,completed,88361.7018241,88361.703886,88361.7062189,4.3947999947704375
0,144,completed,88361.7019869,88361.7041032,88361.7067497,4.762799988384359
4,144,completed,88361.7019177,88361.7041394,88361.7072471,5.3293999953893945
2,144,completed,88361.7020526,88361.7042889,88361.7077734,5.720800007111393
3,145,completed,88361.7325163,88361.7342918,88361.7350454,2.52909999107942
1,145,completed,88361.7325517,88361.7343851,88361.7356396,3.0878999968990684
4,145,completed,88361.7326612,88361.7345215,88361.736175,3.5137999948346987
0,145,completed,88361.732616,88361.7345049,88361.7366817,4.065700006322004
5,145,completed,88361.732569,88361.7345855,88361.7371792,4.610200005117804
2,145,completed,88361.7326811,88361.7346453,88361.7376266,4.945500011672266
4,146,completed,88361.7637427,88361.7656629,88361.7666251,2.8824000037275255
2,146,completed,88361.7637861,88361.7657882,88361.7674343,3.6481999995885417
3,146,completed,88361.763703,88361.7658474,88361.768086,4.382999992230907
5,146,completed,88361.7636997,88361.7658472,88361.7686095,4.909800001769327
1,146,completed,88361.7639523,88361.7659202,88361.7691321,5.179800005862489
0,146,completed,88361.7638612,88361.766029,88361.7697078,5.846600004588254
1,147,completed,88361.7944309,88361.796096,88361.7969153,2.4843999999575317
4,147,completed,88361.7945065,88361.7963252,88361.797533,3.026500009582378
3,147,completed,88361.7944335,88361.7963706,88361.7980156,3.5820999910356477
0,147,completed,88361.7946421,88361.7964994,88361.7984827,3.8406000094255432
5,147,completed,88361.7945301,88361.796494,88361.7989757,4.445600003236905
2,147,completed,88361.7945477,88361.7964804,88361.7994524,4.904699992039241
0,148,completed,88361.8397567,88361.8418616,88361.8429411,3.184399989550002
1,148,completed,88361.8398821,88361.8420423,88361.8436876,3.8055000040913
5,148,completed,88361.8398204,88361.8420046,88361.8442552,4.434800008311868
4,148,completed,88361.8397689,88361.8421068,88361.8447693,5.00040000770241
2,148,completed,88361.8397609,88361.8421256,88361.8452671,5.506200002855621
3,148,completed,88361.8399625,88361.8421183,88361.8458013,5.838800003402866
4,149,completed,88361.8704762,88361.8725545,88361.8734189,2.9426999972201884
2,149,completed,88361.870533,88361.872752,88361.8741261,3.5931000020354986
3,149,completed,88361.8704543,88361.8728031,88361.8746643,4.20999999914784
0,149,completed,88361.8705766,88361.872778,88361.8752019,4.625299989129417
1,149,completed,88361.8704543,88361.8728256,88361.8758164,5.362099997000769
5,149,completed,88361.8707219,88361.8728406,88361.8763689,5.646999998134561
2,150,completed,88361.9016344,88361.9022785,88361.9040459,2.4114999978337437
0,150,completed,88361.9016671,88361.9024159,88361.9048526,3.1854999979259446
1,150,completed,88361.9022452,88361.9038202,88361.9054868,3.241599988541566
4,150,completed,88361.9022932,88361.9038748,88361.9060277,3.7345000018831342
3,150,completed,88361.9023898,88361.9039444,88361.9065096,4.119799996260554
5,150,completed,88361.9023455,88361.9039459,88361.9069891,4.643599997507408
5,151,completed,88361.9331342,88361.93533,88361.9359739,2.839700013282709
2,151,completed,88361.933126,88361.9352958,88361.9366194,3.4933999995701015
3,151,completed,88361.9331103,88361.9353168,88361.9371337,4.023400004371069
0,151,completed,88361.933317,88361.9354211,88361.9376538,4.336800004239194
4,151,completed,88361.9333514,88361.9354206,88361.9381454,4.793999993125908
1,151,completed,88361.9332537,88361.9354177,88361.9386903,5.436599996755831
5,152,completed,88361.9641342,88361.9658884,88361.966714,2.5797999987844378
2,152,completed,88361.9641252,88361.966164,88361.9675572,3.431999997701496
4,152,completed,88361.9641637,88361.9662054,88361.9683132,4.149500004132278
3,152,completed,88361.96435,88361.9662211,88361.9689667,4.616700010956265
1,152,completed,88361.9642074,88361.9662718,88361.9696134,5.4059999965829775
0,152,completed,88361.9643029,88361.96631,88361.9702473,5.944400007138029
2,153,completed,88361.9960139,88361.9977802,88361.998598,2.584100002422929
1,153,completed,88361.9961218,88361.9980409,88361.9992696,3.147800001897849
5,153,completed,88361.99607,88361.9980931,88361.9998124,3.742400003829971
3,153,completed,88361.9960143,88361.9980468,88362.0003191,4.30479999340605
4,153,completed,88361.9961649,88361.9980462,88362.0008224,4.6575000014854595
0,153,completed,88361.9960774,88361.9981784,88362.0013176,5.240200000116602
2,154,completed,88362.0279642,88362.0297657,88362.0307034,2.739200004725717
4,154,completed,88362.0279807,88362.0297926,88362.0314578,3.4770999918691814
1,154,completed,88362.0280915,88362.0300575,88362.0320533,3.961800000979565
5,154,completed,88362.0282002,88362.0301162,88362.0326309,4.43069999164436
0,154,completed,88362.0280529,88362.030109,88362.0331546,5.101699993247166
3,154,completed,88362.0280131,88362.0301509,88362.0336391,5.625999998301268
1,155,completed,88362.0746367,88362.0765863,88362.0773152,2.6785000081872568
3,155,completed,88362.0746332,88362.0765908,88362.0779326,3.299400006653741
5,155,completed,88362.0746983,88362.0767839,88362.0785432,3.844899998512119
2,155,completed,88362.0748545,88362.0768582,88362.079244,4.389499998069368
0,155,completed,88362.0747258,88362.0768198,88362.079956,5.230199996731244
4,155,completed,88362.0747697,88362.076831,88362.0805434,5.773700002464466
4,156,completed,88362.1050061,88362.1069608,88362.1079773,2.971199995954521
3,156,completed,88362.1050611,88362.1070887,88362.1086725,3.6114000104134902
1,156,completed,88362.1049881,88362.1072158,88362.1091875,4.199399991193786
0,156,completed,88362.1050074,88362.107192,88362.1096829,4.675500007579103
2,156,completed,88362.1051282,88362.1072369,88362.1102148,5.086600009235553
5,156,completed,88362.1051976,88362.1074716,88362.1107219,5.524299995158799
3,157,completed,88362.1363901,88362.1379397,88362.1388359,2.445799997076392
0,157,completed,88362.1365803,88362.1383493,88362.1394282,2.8479000029619783
4,157,completed,88362.1364208,88362.1383633,88362.1399015,3.4807000047294423
2,157,completed,88362.1364333,88362.1383809,88362.140378,3.9447000017389655
1,157,completed,88362.1364726,88362.1384497,88362.1410167,4.54409999656491
5,157,completed,88362.1365184,88362.1385031,88362.1416475,5.129099998157471
2,158,completed,88362.1686553,88362.1710571,88362.1719581,3.302800003439188
4,158,completed,88362.1686162,88362.1710656,88362.1726708,4.054600009112619
0,158,completed,88362.1685901,88362.1709503,88362.1732556,4.6655000041937456
5,158,completed,88362.1687288,88362.1711668,88362.1737992,5.070400002296083
3,158,completed,88362.1687662,88362.1712084,88362.1744274,5.661199989845045
1,158,completed,88362.1693429,88362.1713887,88362.1750963,5.753399993409403
4,159,completed,88362.1992784,88362.2012856,88362.2021711,2.892699994845316
3,159,completed,88362.1992635,88362.2012856,88362.2028402,3.576699993573129
0,159,completed,88362.1993744,88362.2014356,88362.2035196,4.145200000493787
2,159,completed,88362.1994414,88362.2015157,88362.2041976,4.7562000108882785
1,159,completed,88362.1993089,88362.2015576,88362.2047881,5.4792000009911135
5,159,completed,88362.1994465,88362.2016255,88362.2053399,5.893399997148663
2,160,completed,88362.2307299,88362.2330864,88362.2341133,3.383400005986914
5,160,completed,88362.2307384,88362.2331797,88362.2348136,4.0751999913481995
3,160,completed,88362.2307612,88362.2332791,88362.2354544,4.6931999968364835
1,160,completed,88362.231232,88362.2334404,88362.2360832,4.851199992117472
0,160,completed,88362.2312456,88362.2335696,88362.2365604,5.314799986081198
4,160,completed,88362.2312164,88362.2335681,88362.2370234,5.806999994092621
0,161,completed,88362.2617575,88362.2637618,88362.2646636,2.9060999950161204
4,161,completed,88362.2617611,88362.2639491,88362.2653421,3.58099999721162
3,161,completed,88362.2618108,88362.2638859,88362.2660427,4.231899991282262
1,161,completed,88362.2618666,88362.2639366,88362.2667205,4.853899998124689
2,161,completed,88362.2618946,88362.2639387,88362.2673891,5.49450000107754
5,161,completed,88362.2619615,88362.2640755,88362.2680271,6.065599998692051
0,162,completed,88362.3081224,88362.310084,88362.3109691,2.8466999938245863
3,162,completed,88362.3081407,88362.3101015,88362.3116609,3.5201999999117106
1,162,completed,88362.3081236,88362.3103726,88362.31219,4.066399997100234
5,162,completed,88362.3082013,88362.3104068,88362.312683,4.481700001633726
2,162,completed,88362.3082818,88362.3104335,88362.3131837,4.90189999982249
4,162,completed,88362.3082422,88362.3107433,88362.3137688,5.5265999981202185
4,163,completed,88362.3386494,88362.340605,88362.3412685,2.6190999924438074
0,163,completed,88362.3386401,88362.3405846,88362.3418981,3.2579999970039353
2,163,completed,88362.3386273,88362.3405812,88362.3424949,3.867599996738136
5,163,completed,88362.3387129,88362.3407214,88362.3433022,4.589299991494045
1,163,completed,88362.3387764,88362.3407705,88362.344144,5.367599995224737
3,163,completed,88362.3388778,88362.3407795,88362.344979,6.10120000783354
0,164,completed,88362.3692287,88362.3714126,88362.3726534,3.424700000323355
1,164,completed,88362.3692092,88362.3717282,88362.3734407,4.23150000278838
4,164,completed,88362.3692916,88362.3716398,88362.3740112,4.719599994132295
3,164,completed,88362.3692469,88362.3718074,88362.3745374,5.290500004775822
5,164,completed,88362.3695217,88362.3718329,88362.3750948,5.5730999883962795
2,164,completed,88362.3693845,88362.3719421,88362.3757018,6.317300008959137
2,165,completed,88362.401431,88362.4032782,88362.4039315,2.500499991583638
1,165,completed,88362.4014107,88362.40322,88362.4046539,3.2432000007247552
5,165,completed,88362.4014593,88362.4033322,88362.4053638,3.904500001226552
3,165,completed,88362.4015192,88362.4034059,88362.4060307,4.5115000102669
0,165,completed,88362.4015932,88362.4034777,88362.406689,5.095799991977401
4,165,completed,88362.4016961,88362.4034755,88362.4071802,5.484099994646385
4,166,completed,88362.4327105,88362.4348201,88362.4363938,3.683300004922785
1,166,completed,88362.432706,88362.4348228,88362.4372708,4.564799994113855
3,166,completed,88362.4330759,88362.4350453,88362.4379004,4.824499992537312
0,166,completed,88362.4326909,88362.4351955,88362.4384234,5.732500008889474
5,166,completed,88362.4344866,88362.4358494,88362.4389763,4.489700004342012
2,166,completed,88362.4325859,88362.4360993,88362.4402048,7.618900010129437
5,167,completed,88362.4629826,88362.4647398,88362.4654161,2.4335000052815303
2,167,completed,88362.46301,88362.4648261,88362.465985,2.9749999957857653
3,167,completed,88362.4630496,88362.4648929,88362.4664792,3.429599993978627
4,167,completed,88362.4631178,88362.4649571,88362.4671466,4.028800001833588
0,167,completed,88362.462967,88362.4650284,88362.4678959,4.928900001686998
1,167,completed,88362.4631925,88362.4650844,88362.4685855,5.39299999945797
2,168,completed,88362.4933155,88362.4949056,88362.4961876,2.87209999805782
1,168,completed,88362.4932961,88362.4948624,88362.4972771,3.9810000016586855
0,168,completed,88362.4932949,88362.4948287,88362.498093,4.7980999952415
5,168,completed,88362.4933488,88362.4949411,88362.4986402,5.291400011628866
3,168,completed,88362.5092591,88362.5100558,88362.5108337,1.5745999990031123
4,168,completed,88362.5092987,88362.5101015,88362.5115236,2.224900003056973
4,169,completed,88362.5400184,88362.5419575,88362.5426662,2.6477999927010387
1,169,completed,88362.5400024,88362.5419683,88362.5433044,3.3019999973475933
3,169,completed,88362.540082,88362.5420843,88362.5441127,4.030699987197295
0,169,completed,88362.5401306,88362.5421178,88362.5449086,4.778000002261251
5,169,completed,88362.5402386,88362.5422342,88362.5456889,5.4502999992109835
2,169,completed,88362.5401917,88362.5422564,88362.5462891,6.097400008002296
2,170,completed,88362.5716022,88362.5738178,88362.5750919,3.4897000005003065
0,170,completed,88362.5717434,88362.5740477,88362.5758918,4.148400010308251
3,170,completed,88362.5716377,88362.5741182,88362.5764453,4.807599994819611
5,170,completed,88362.5718681,88362.5743975,88362.576962,5.093900006613694
4,170,completed,88362.5719216,88362.5743773,88362.5774945,5.572900001425296
1,170,completed,88362.5720684,88362.5744189,88362.5780378,5.969400008325465
4,171,completed,88362.6025305,88362.6048181,88362.6055673,3.0368000007001683
1,171,completed,88362.6024818,88362.6048274,88362.6068117,4.3298999953549355
0,171,completed,88362.6024192,88362.6048456,88362.6080101,5.5908999929670244
2,171,completed,88362.60238,88362.6048009,88362.6090458,6.66579999960959
5,171,completed,88362.6024483,88362.6048806,88362.6097895,7.341200005612336
3,171,completed,88362.6023975,88362.6048357,88362.610408,8.010499994270504
3,172,completed,88362.6332797,88362.6353267,88362.6365499,3.270199988037348
2,172,completed,88362.6332946,88362.6354429,88362.6373864,4.091800001333468
5,172,completed,88362.6333921,88362.6357776,88362.6379863,4.594199999701232
0,172,completed,88362.6335062,88362.6358053,88362.6385345,5.028300001868047
1,172,completed,88362.6334601,88362.6357632,88362.6390829,5.622800003038719
4,172,completed,88362.6333242,88362.6358559,88362.6396329,6.308700001682155
2,173,completed,88362.6641058,88362.666314,88362.6671876,3.0818000086583197
0,173,completed,88362.6641786,88362.6664075,88362.667884,3.7053999985801056
5,173,completed,88362.6642412,88362.6664541,88362.6684795,4.238300010911189
1,173,completed,88362.6642151,88362.6664748,88362.6691661,4.9509999953443184
3,173,completed,88362.6641117,88362.666501,88362.6700199,5.908200007979758
4,173,completed,88362.6641235,88362.6665162,88362.6707029,6.579399996553548
4,174,completed,88362.6950524,88362.6977439,88362.6987052,3.6528000055113807
2,174,completed,88362.6948732,88362.6976873,88362.6996051,4.731900000479072
3,174,completed,88362.6948732,88362.6977359,88362.7001676,5.294400005368516
1,174,completed,88362.6949552,88362.6979081,88362.7006817,5.726499992306344
0,174,completed,88362.6953041,88362.6979446,88362.7011396,5.835500007378869
5,174,completed,88362.6952221,88362.6979651,88362.7015946,6.372500007273629
5,175,completed,88362.7416474,88362.7439256,88362.7447415,3.0941000004531816
1,175,completed,88362.7416331,88362.7439096,88362.7461537,4.520600006799214
3,175,completed,88362.7417057,88362.7440988,88362.7469162,5.210500006796792
0,175,completed,88362.7416793,88362.7441259,88362.7475256,5.846300002303906
4,175,completed,88362.7417815,88362.7441619,88362.7480267,6.245200012926944
2,175,completed,88362.7418324,88362.7442541,88362.7487101,6.877699997858144
2,176,completed,88362.7726339,88362.7749999,88362.7761932,3.559300006600097
1,176,completed,88362.772791,88362.7752623,88362.7770107,4.219700000248849
0,176,completed,88362.7728297,88362.7753237,88362.7775517,4.721999997855164
3,176,completed,88362.7726034,88362.7753242,88362.7780542,5.45080000301823
4,176,completed,88362.7726294,88362.7753299,88362.7785976,5.968199999188073
5,176,completed,88362.77273,88362.7754233,88362.7790844,6.354400000418536
5,177,completed,88362.8045059,88362.8054495,88362.8085201,4.0142000070773065
3,177,completed,88362.8051183,88362.8061563,88362.8100983,4.979999997885898
1,177,completed,88362.8057004,88362.8073142,88362.811223,5.5225999967660755
2,177,completed,88362.806418,88362.8075566,88362.8125038,6.085800006985664
0,177,completed,88362.8084157,88362.8095148,88362.8135525,5.1367999985814095
4,177,completed,88362.8055788,88362.808004,88362.8149974,9.418599991477095
1,178,completed,88362.8346228,88362.8375008,88362.8392939,4.671100003179163
2,178,completed,88362.8346681,88362.8377045,88362.8402658,5.597700001089834
4,178,completed,88362.8347407,88362.8376681,88362.8408883,6.147599997348152
0,178,completed,88362.8346336,88362.837504,88362.84155,6.916400001500733
5,178,completed,88362.8349882,88362.8378612,88362.8424317,7.4434999987715855
3,178,completed,88362.8350161,88362.8377025,88362.8435211,8.505000005243346
2,179,completed,88362.8654479,88362.8678318,88362.8688214,3.373500003363006
4,179,completed,88362.8654635,88362.867826,88362.8696105,4.14699999964796
3,179,completed,88362.8655065,88362.8679279,88362.8704993,4.992799993488006
1,179,completed,88362.8655619,88362.8679901,88362.871389,5.827100001624785
5,179,completed,88362.8654536,88362.8680182,88362.872173,6.719400000292808
0,179,completed,88362.8656186,88362.868125,88362.872955,7.336399998166598
3,180,completed,88362.8961763,88362.8983435,88362.8995593,3.3830000029411167
4,180,completed,88362.89624,88362.8985005,88362.9004375,4.197499991278164
1,180,completed,88362.8961766,88362.8984168,88362.9010475,4.870899996603839
2,180,completed,88362.8962762,88362.8985585,88362.901575,5.298799995216541
5,180,completed,88362.8964346,88362.8987295,88362.9020744,5.6398000015178695
0,180,completed,88362.8963375,88362.8987888,88362.9025661,6.2286000029416755
0,181,completed,88362.9270608,88362.9289898,88362.9297404,2.6796000020112842
2,181,completed,88362.9271409,88362.9291245,88362.9304114,3.270499990321696
3,181,completed,88362.9272604,88362.929208,88362.9308924,3.632000007200986
4,181,completed,88362.9271754,88362.9292134,88362.93141,4.234600011841394
5,181,completed,88362.927051,88362.9291773,88362.9318876,4.836599997361191
1,181,completed,88362.9270566,88362.9292763,88362.9325031,5.446499999379739
5,182,completed,88362.9743885,88362.9773056,88362.9783795,3.990999990492128
1,182,completed,88362.9743828,88362.9772649,88362.9789238,4.540999987511896
3,182,completed,88362.9745312,88362.9774321,88362.9794233,4.892099997960031
0,182,completed,88362.9745342,88362.9774232,88362.9799699,5.435700004454702
4,182,completed,88362.9749732,88362.9775349,88362.9805071,5.533899995498359
2,182,completed,88362.9749347,88362.977536,88362.9812105,6.275799998547882
2,183,completed,88363.0047698,88363.0064917,88363.007301,2.531200007069856
1,183,completed,88363.0047928,88363.0066382,88363.0079237,3.1309000041801482
0,183,completed,88363.0049249,88363.0068153,88363.0084451,3.5201999999117106
4,183,completed,88363.0049483,88363.0067869,88363.0091048,4.156499999226071
5,183,completed,88363.0048464,88363.006908,88363.0098639,5.01750000694301
3,183,completed,88363.004845,88363.0069033,88363.0106007,5.755699996370822
1,184,completed,88363.0353395,88363.0373164,88363.0382592,2.9196999967098236
4,184,completed,88363.035343,88363.037296,88363.0390666,3.723600006196648
0,184,completed,88363.0354367,88363.0375112,88363.0396831,4.246399999829009
2,184,completed,88363.0353947,88363.037572,88363.0402309,4.8362000088673085
5,184,completed,88363.0355391,88363.0376003,88363.0407597,5.220599996391684
3,184,completed,88363.0354761,88363.0378444,88363.0413118,5.835699994349852
0,185,completed,88363.0665313,88363.0684991,88363.0693232,2.791899998555891
3,185,completed,88363.0665602,88363.068527,88363.0701272,3.567000007024035
2,185,completed,88363.0666318,88363.068669,88363.0707927,4.160900003626011
4,185,completed,88363.0665138,88363.0686701,88363.071591,5.077199995866977
5,185,completed,88363.0667979,88363.0687505,88363.0725625,5.764600005932152
1,185,completed,88363.0666989,88363.0688208,88363.0734052,6.706300002406351
3,186,completed,88363.0978589,88363.099945,88363.1009533,3.0944000027375296
1,186,completed,88363.0978865,88363.0999615,88363.1017118,3.8252999947872013
0,186,completed,88363.0979838,88363.1001339,88363.1022978,4.313999990699813
2,186,completed,88363.0978522,88363.1001591,88363.1028775,5.025300008128397
4,186,completed,88363.0980665,88363.1001982,88363.1034141,5.347600003005937
5,186,completed,88363.0979275,88363.1002655,88363.1039569,6.02939999953378
2,187,completed,88363.1282302,88363.130221,88363.1309307,2.700500001083128
0,187,completed,88363.1282265,88363.1302605,88363.1315892,3.3626999938860536
3,187,completed,88363.1282856,88363.130299,88363.1321659,3.880299991578795
1,187,completed,88363.1283308,88363.1303595,88363.1326708,4.339999999501742
5,187,completed,88363.1283001,88363.1304443,88363.1331656,4.865499999141321
4,187,completed,88363.128362,88363.1304839,88363.1337302,5.368199999793433
3,188,completed,88363.1745398,88363.1769865,88363.1778603,3.3204999926965684
4,188,completed,88363.1745335,88363.1769329,88363.1786151,4.081599996425211
5,188,completed,88363.1745655,88363.1769313,88363.1792516,4.6861000009812415
0,188,completed,88363.1746403,88363.1770916,88363.1798397,5.199399995035492
2,188,completed,88363.1747215,88363.1771303,88363.1804159,5.694399995263666
1,188,completed,88363.1746904,88363.177131,88363.1810688,6.378399993991479
3,189,completed,88363.2051038,88363.2071227,88363.207826,2.7221999916946515
4,189,completed,88363.2051618,88363.2071583,88363.208459,3.297200004453771
0,189,completed,88363.205186,88363.2071875,88363.2089413,3.755300000193529
2,189,completed,88363.2052198,88363.2073422,88363.2094506,4.230799997458234
5,189,completed,88363.2052461,88363.2073476,88363.2099554,4.709300003014505
1,189,completed,88363.2051098,88363.2069992,88363.2106707,5.560900011914782
2,190,completed,88363.2359339,88363.2378781,88363.2388164,2.882500004488975
4,190,completed,88363.2359309,88363.2378982,88363.2395755,3.644600001280196
5,190,completed,88363.2359637,88363.23796,88363.2401517,4.187999991700053
3,190,completed,88363.2360271,88363.2380051,88363.2406776,4.650499991839752
1,190,completed,88363.2361033,88363.2380738,88363.2411848,5.081499999505468
0,190,completed,88363.2362161,88363.2382704,88363.2417172,5.5010999931255355
3,191,completed,88363.2664863,88363.2684722,88363.2693776,2.8912999987369403
1,191,completed,88363.2666307,88363.2687688,88363.2700485,3.4177999914390966
5,191,completed,88363.2667479,88363.268841,88363.2706335,3.8856000028317794
4,191,completed,88363.2666835,88363.2688637,88363.2712011,4.517599998507649
0,191,completed,88363.2665614,88363.2688658,88363.2718042,5.242800005362369
2,191,completed,88363.2665366,88363.2688951,88363.2724655,5.928900005528703
0,192,completed,88363.2975719,88363.2996597,88363.3008547,3.282800011220388
3,192,completed,88363.2975855,88363.2995974,88363.3017506,4.165100006503053
1,192,completed,88363.297643,88363.2997473,88363.3024116,4.76860000344459
5,192,completed,88363.2977765,88363.2998999,88363.3029747,5.198200000450015
4,192,completed,88363.2977181,88363.3000091,88363.3035007,5.782599997473881
2,192,completed,88363.2978134,88363.300051,88363.304037,6.223599993973039
0,193,completed,88363.3288783,88363.3309605,88363.3318711,2.9928000003565103
3,193,completed,88363.3288593,88363.3310184,88363.332557,3.6976999981561676
2,193,completed,88363.3288651,88363.3310333,88363.3331186,4.253499995684251
1,193,completed,88363.3289772,88363.3311468,88363.3336062,4.629000002751127
4,193,completed,88363.3289257,88363.3312199,88363.3340995,5.173800003831275
5,193,completed,88363.3290371,88363.3312712,88363.3345856,5.548499990254641
5,194,completed,88363.3743128,88363.3763744,88363.3773765,3.0636999872513115
4,194,completed,88363.3743372,88363.3763464,88363.3782617,3.9244999934453517
3,194,completed,88363.3743686,88363.376415,88363.3789468,4.578200008836575
2,194,completed,88363.3743236,88363.3764899,88363.3796122,5.2886000048602
0,194,completed,88363.3745058,88363.3764957,88363.3803089,5.803099993499927
1,194,completed,88363.3744079,88363.3765978,88363.3810387,6.630799995036796
5,195,completed,88363.4058885,88363.4083132,88363.4094715,3.5829999978886917
4,195,completed,88363.4059966,88363.408561,88363.4107397,4.743099998449907
2,195,completed,88363.4059262,88363.4086219,88363.4117363,5.810100003145635
3,195,completed,88363.4058513,88363.4086198,88363.4128329,6.981599988648668
1,195,completed,88363.4058346,88363.4085856,88363.4136569,7.822300001862459
0,195,completed,88363.4058063,88363.4085954,88363.4143972,8.590900004492141
1,196,completed,88363.4367679,88363.4391499,88363.4412695,4.501600007642992
3,196,completed,88363.4368697,88363.4392356,88363.4425474,5.677699999068864
2,196,completed,88363.4367509,88363.4392638,88363.4434977,6.746800005203113
5,196,completed,88363.4371187,88363.4394422,88363.4445237,7.404999996651895
4,196,completed,88363.4368116,88363.4392065,88363.445314,8.502399999997579
0,196,completed,88363.4369929,88363.4396619,88363.4460985,9.105600009206682
2,197,completed,88363.4669345,88363.4694612,88363.4708627,3.928200007067062
3,197,completed,88363.467061,88363.4697749,88363.4719988,4.937799996696413
5,197,completed,88363.4669304,88363.4699069,88363.4728941,5.9637000085785985
0,197,completed,88363.4673164,88363.4700372,88363.4735724,6.256000007851981
1,197,completed,88363.4669688,88363.470099,88363.4744356,7.466800001566298
4,197,completed,88363.4669933,88363.4702176,88363.4768379,9.84460000472609
3,198,completed,88363.4978484,88363.5001603,88363.5012212,3.3727999980328605
4,198,completed,88363.4978242,88363.5002664,88363.5024366,4.612399992765859
2,198,completed,88363.4978943,88363.5002588,88363.5035239,5.629599996609613
0,198,completed,88363.4978238,88363.5003715,88363.5043843,6.560499998158775
5,198,completed,88363.4980988,88363.5003968,88363.5051067,7.007899999734946
1,198,completed,88363.4980425,88363.5005315,88363.5059646,7.922100005089305
2,199,completed,88363.5286719,88363.5311064,88363.5321259,3.4540000051492825
1,199,completed,88363.5286219,88363.5310569,88363.533169,4.547100004856475
4,199,completed,88363.5286365,88363.5310558,88363.5338496,5.2130999974906445
3,199,completed,88363.5288032,88363.5312171,88363.5345625,5.759300009231083
5,199,completed,88363.5287042,88363.5313085,88363.5352782,6.573999999091029
0,199,completed,88363.5287349,88363.5313955,88363.5358742,7.139299996197224
3,200,completed,88363.5747002,88363.5769157,88363.5780189,3.3187000080943108
2,200,completed,88363.5749162,88363.5770352,88363.579215,4.298800005926751
1,200,completed,88363.5747606,88363.5771404,88363.5801989,5.43830000970047
0,200,completed,88363.575273,88363.5773626,88363.5811837,5.910699997912161
5,200,completed,88363.5751417,88363.5773603,88363.5819724,6.830700003774837
4,200,completed,88363.5753071,88363.5774243,88363.5825943,7.287199987331405
5,201,completed,88363.605369,88363.6077993,88363.6087367,3.36770000285469
3,201,completed,88363.605325,88363.6078096,88363.6095934,4.268400007276796
4,201,completed,88363.6055631,88363.6078997,88363.610345,4.78189998830203
2,201,completed,88363.6053244,88363.6079308,88363.6109399,5.615499991108663
0,201,completed,88363.6056131,88363.6079769,88363.6115093,5.896200003917329
1,201,completed,88363.6053969,88363.6079703,88363.6120416,6.644699999014847
1,202,completed,88363.6358712,88363.6379862,88363.6387656,2.8944000077899545
0,202,completed,88363.6359259,88363.6380192,88363.6394672,3.541300000506453
3,202,completed,88363.6358292,88363.637938,88363.6399992,4.170000000158325
5,202,completed,88363.6358517,88363.6379316,88363.6405378,4.6861000009812415
4,202,completed,88363.6358826,88363.6381097,88363.641337,5.454399986774661
2,202,completed,88363.6359423,88363.6381514,88363.6420298,6.087500005378388
3,203,completed,88363.6676427,88363.669926,88363.6715173,3.8745999918319285
1,203,completed,88363.6675706,88363.6698714,88363.6726552,5.084600008558482
5,203,completed,88363.6675659,88363.6698538,88363.673826,6.260099995415658
4,203,completed,88363.6676871,88363.6702867,88363.6749416,7.254500000271946
0,203,completed,88363.6675015,88363.6703882,88363.6768928,9.391300001880154
2,203,completed,88363.6676845,88363.6705097,88363.6787013,11.016799995559268
2,204,completed,88363.6998566,88363.7018538,88363.7042107,4.354100005002692
1,204,completed,88363.6998513,88363.7020621,88363.705805,5.953700005193241
5,204,completed,88363.7002031,88363.7022357,88363.7072068,7.003699996857904
0,204,completed,88363.7001797,88363.7022369,88363.7087992,8.619500003987923
4,204,completed,88363.6999891,88363.702288,88363.7101789,10.189799999352545
3,204,completed,88363.7013186,88363.7031094,88363.7114677,10.1491000095848
0,205,completed,88363.7361232,88363.7372266,88363.7394162,3.293000001576729
2,205,completed,88363.7361467,88363.7378758,88363.7412436,5.096900000353344
4,205,completed,88363.73665,88363.7382543,88363.7444059,7.755899991025217
3,205,completed,88363.7411655,88363.7435746,88363.7467529,5.587399995420128
1,205,completed,88363.7426253,88363.7442713,88363.7482769,5.6516000040574
5,205,completed,88363.7436325,88363.7458863,88363.7497135,6.080999999539927
5,206,completed,88363.7618261,88363.7635261,88363.765033,3.2069000008050352
3,206,completed,88363.7621181,88363.7640535,88363.7671557,5.037599999923259
1,206,completed,88363.7623933,88363.7642515,88363.7684882,6.094900003517978
0,206,completed,88363.7623716,88363.7643081,88363.7697098,7.3382000118726864
2,206,completed,88363.7618498,88363.7641468,88363.7708073,8.957500001997687
4,206,completed,88363.7779978,88363.7789806,88363.7803671,2.3692999966442585
2,207,completed,88363.7942027,88363.7958966,88363.7979117,3.7090000114403665
4,207,completed,88363.7951313,88363.7968656,88363.7990288,3.897500006132759
3,207,completed,88363.7957955,88363.7973136,88363.7999826,4.187099999398924
1,207,completed,88363.7941113,88363.7971178,88363.8015208,7.409500001813285
0,207,completed,88363.809047,88363.8101322,88363.8112439,2.196899993577972
5,207,completed,88363.8091875,88363.8102538,88363.8124191,3.2315999997081235
4,208,completed,88363.8397688,88363.8419049,88363.8437492,3.9803999970899895
1,208,completed,88363.8400246,88363.8420261,88363.8454138,5.389199999626726
0,208,completed,88363.839769,88363.8422225,88363.846743,6.9740000035380945
3,208,completed,88363.8397861,88363.8427704,88363.847864,8.077899998170324
2,208,completed,88363.8401093,88363.8435502,88363.8488825,8.77319999563042
5,208,completed,88363.840716,88363.8438953,88363.8503867,9.670699990238063
0,209,completed,88363.8708736,88363.8732186,88363.8752635,4.389900001115166
3,209,completed,88363.8714418,88363.8737265,88363.876935,5.493199991178699
1,209,completed,88363.8712595,88363.8739967,88363.8783645,7.104999996954575
4,209,completed,88363.8711795,88363.8741677,88363.8795957,8.416199998464435
5,209,completed,88363.8708314,88363.8742627,88363.8811052,10.273799998685718
2,209,completed,88363.8709717,88363.8734406,88363.8827577,11.786000002757646
0,210,completed,88363.9027311,88363.9056892,88363.9074229,4.691800000728108
5,210,completed,88363.9028498,88363.9056683,88363.9085814,5.73160000203643
3,210,completed,88363.9036086,88363.9061088,88363.9092911,5.682500006514601
4,210,completed,88363.9031167,88363.9061836,88363.909979,6.862299997010268
1,210,completed,88363.9028903,88363.9063779,88363.9107149,7.824600004823878
2,210,completed,88363.9035962,88363.9064282,88363.912058,8.461799996439368
0,211,completed,88363.9337891,88363.9355426,88363.9377109,3.92180000199005
4,211,completed,88363.9338451,88363.9358405,88363.9387247,4.8796000046422705
3,211,completed,88363.9340047,88363.9359293,88363.9400115,6.0068000020692125
5,211,completed,88363.9347952,88363.9370053,88363.9413311,6.535900000017136
1,211,completed,88363.9358586,88363.9375914,88363.9423364,6.477799994172528
2,211,completed,88363.9352989,88363.9375846,88363.9434646,8.165699997334741
0,212,completed,88363.9640271,88363.9665941,88363.9681513,4.124200000660494
4,212,completed,88363.964042,88363.9665867,88363.9694803,5.4382999951485544
5,212,completed,88363.964108,88363.9668109,88363.9704553,6.347300004563294
1,212,completed,88363.964058,88363.9668988,88363.9712421,7.184100002632476
2,212,completed,88363.9640785,88363.9668078,88363.9724245,8.346000002347864
3,212,completed,88363.9642674,88363.9669765,88363.9733972,9.129799989750609
2,213,completed,88363.9959908,88363.9981321,88363.9995201,3.529299996444024
4,213,completed,88363.99619,88363.9984764,88364.0006643,4.474299988942221
1,213,completed,88363.9961241,88363.9984931,88364.0015359,5.411799997091293
3,213,completed,88363.9963293,88363.9985412,88364.0024762,6.146899992018007
0,213,completed,88363.9961668,88363.9985824,88364.00345,7.2832000005291775
5,213,completed,88363.9962611,88363.9986304,88364.0043876,8.12650000443682
2,214,completed,88364.0268712,88364.0292052,88364.0307742,3.903000004356727
1,214,completed,88364.0270887,88364.0293068,88364.0320435,4.954800009727478
5,214,completed,88364.0269116,88364.0292329,88364.0328663,5.954699998255819
0,214,completed,88364.0269615,88364.0292559,88364.0335769,6.61539999418892
4,214,completed,88364.0268466,88364.0293816,88364.0342282,7.3816000076476485
3,214,completed,88364.0270249,88364.029417,88364.0354479,8.42299999203533
2,215,completed,88364.073649,88364.0765365,88364.077743,4.094000003533438
5,215,completed,88364.0736481,88364.0766244,88364.0793194,5.671299993991852
3,215,completed,88364.0737541,88364.0766065,88364.0804509,6.69680000282824
0,215,completed,88364.0736481,88364.0767202,88364.08123,7.581899990327656
1,215,completed,88364.0737982,88364.0767239,88364.0820791,8.280900001409464
4,215,completed,88364.0739043,88364.0767175,88364.0834769,9.572599999955855
3,216,completed,88364.1053537,88364.1071496,88364.1090413,3.687600008561276
1,216,completed,88364.1052057,88364.1073182,88364.1102212,5.015499991714023
0,216,completed,88364.1052286,88364.1075703,88364.1111376,5.9089999995194376
2,216,completed,88364.1055824,88364.1078825,88364.1124375,6.855100000393577
5,216,completed,88364.1054017,88364.1084631,88364.1136009,8.19920000503771
4,216,completed,88364.1052052,88364.1089303,88364.1146594,9.454200000618584
0,217,completed,88364.1363094,88364.1385126,88364.1403368,4.027400005725212
4,217,completed,88364.1364121,88364.1386082,88364.1419526,5.54050000209827
5,217,completed,88364.1364319,88364.138902,88364.1431252,6.693300005281344
2,217,completed,88364.1363087,88364.1387672,88364.1443808,8.072099997662008
3,217,completed,88364.1364238,88364.1392989,88364.145231,8.807200007140636
1,217,completed,88364.1365973,88364.1394155,88364.1460032,9.405899996636435
1,218,completed,88364.1679444,88364.1701795,88364.1717953,3.8509000005433336
5,218,completed,88364.1680378,88364.1704171,88364.1729457,4.9079000018537045
3,218,completed,88364.1679326,88364.1705352,88364.1741178,6.185199992614798
0,218,completed,88364.1680148,88364.1708451,88364.1750673,7.0525000046473
4,218,completed,88364.1679637,88364.1709153,88364.1763661,8.402399995247833
2,218,completed,88364.1681285,88364.1709293,88364.1778688,9.740300010889769
1,219,completed,88364.1991439,88364.2016724,88364.2028048,3.660900008981116
5,219,completed,88364.1992276,88364.2020053,88364.2040778,4.850199999054894
0,219,completed,88364.1993265,88364.2019202,88364.2049664,5.639899987727404
4,219,completed,88364.1991438,88364.2020005,88364.2057109,6.567100004758686
2,219,completed,88364.1991541,88364.2020133,88364.2065722,7.418099994538352
3,219,completed,88364.1997032,88364.2021737,88364.2079516,8.248399986769073
2,220,completed,88364.2306378,88364.2329467,88364.2347108,4.072999989148229
5,220,completed,88364.2305856,88364.2334377,88364.235734,5.148399999598041
0,220,completed,88364.2306789,88364.2334331,88364.2367097,6.030799995642155
1,220,completed,88364.2307424,88364.2334415,88364.2377635,7.0210999983828515
3,220,completed,88364.2305682,88364.2335036,88364.2390175,8.449300003121607
4,220,completed,88364.230546,88364.2337285,88364.2400918,9.545799999614246
4,221,completed,88364.2619569,88364.2642606,88364.2651062,3.149299998767674
2,221,completed,88364.2619935,88364.2643136,88364.2665631,4.569600001559593
1,221,completed,88364.2618365,88364.264451,88364.2674581,5.6216000084532425
3,221,completed,88364.2618568,88364.2644829,88364.2681851,6.328299990855157
5,221,completed,88364.2618984,88364.2644885,88364.2689038,7.005399995250627
0,221,completed,88364.2618436,88364.2644489,88364.2697292,7.8855999890947714
1,222,completed,88364.3081662,88364.3102184,88364.3115875,3.421299988985993
5,222,completed,88364.3081455,88364.3105417,88364.3126907,4.545199990388937
2,222,completed,88364.3083664,88364.3107226,88364.314064,5.6976000050781295
0,222,completed,88364.3083767,88364.3108385,88364.3152581,6.881399996927939
3,222,completed,88364.3084297,88364.3109941,88364.3162083,7.778600003803149
4,222,completed,88364.3089027,88364.3111306,88364.3169904,8.087700000032783
0,223,completed,88364.3388886,88364.3414254,88364.342774,3.8854000013088807
1,223,completed,88364.3390066,88364.3414799,88364.3439827,4.976099997293204
2,223,completed,88364.3389851,88364.3415075,88364.345037,6.051900010788813
3,223,completed,88364.3388879,88364.3414651,88364.3458196,6.93170000158716
4,223,completed,88364.3389489,88364.341553,88364.3468855,7.936599999084137
5,223,completed,88364.3391355,88364.34175,88364.3482105,9.074999994481914
3,224,completed,88364.3701213,88364.3720979,88364.3740663,3.9450000040233135
4,224,completed,88364.3700252,88364.3721581,88364.3751388,5.113599996548146
5,224,completed,88364.370532,88364.3728285,88364.3777923,7.260300000780262
2,224,completed,88364.3701633,88364.3727653,88364.3806734,10.510099993553013
1,224,completed,88364.3698308,88364.3729344,88364.382449,12.61819999490399
0,224,completed,88364.3707566,88364.3752104,88364.3835121,12.755500007187948
3,225,completed,88364.4016327,88364.4040637,88364.4055623,3.9296000031754375
4,225,completed,88364.4016319,88364.404241,88364.4068932,5.261300000711344
2,225,completed,88364.4016883,88364.404368,88364.407825,6.136700001661666
1,225,completed,88364.4018601,88364.40447,88364.4088278,6.967699999222532
5,225,completed,88364.402218,88364.4044771,88364.4099416,7.72359999245964
0,225,completed,88364.4020524,88364.404661,88364.4107786,8.726200001547113
5,226,completed,88364.4335126,88364.435394,88364.4369213,3.4087000094586983
0,226,completed,88364.433731,88364.4357408,88364.4380807,4.349700000602752
2,226,completed,88364.4337488,88364.4359773,88364.4389318,5.183000001125038
3,226,completed,88364.4337041,88364.4359983,88364.4398739,6.169800006318837
1,226,completed,88364.4343838,88364.4363416,88364.4407116,6.327799987047911
4,226,completed,88364.4343641,88364.4363976,88364.4414649,7.1007999940775335
5,227,completed,88364.4646669,88364.4665475,88364.4680875,3.420599998207763
2,227,completed,88364.4647717,88364.4667279,88364.4694647,4.692999995313585
1,227,completed,88364.4648676,88364.4673058,88364.4706507,5.783099986729212
3,227,completed,88364.4648684,88364.4671592,88364.4717156,6.84719999844674
4,227,completed,88364.4644928,88364.4664634,88364.4726802,8.187399987946264
0,227,completed,88364.4651419,88364.4676023,88364.4734828,8.340899992617778
1,228,completed,88364.4960347,88364.4980345,88364.4995386,3.5038999922107905
5,228,completed,88364.4960078,88364.498019,88364.5004158,4.407999993418343
0,228,completed,88364.4959977,88364.4982924,88364.5011308,5.133099999511614
2,228,completed,88364.4960441,88364.4982972,88364.5020326,5.988499993691221
3,228,completed,88364.496125,88364.4983304,88364.5029668,6.841800000984222
4,228,completed,88364.4963997,88364.4986146,88364.5039253,7.525599998189136
4,229,completed,88364.5269427,88364.5281013,88364.529106,2.163299999665469
3,229,completed,88364.5269581,88364.5285017,88364.530217,3.2589000038569793
2,229,completed,88364.5270104,88364.5285388,88364.5309347,3.9243000064743683
5,229,completed,88364.5419345,88364.5430125,88364.5439629,2.0284000056562945
0,229,completed,88364.5419029,88364.5433083,88364.5446858,2.782900002785027
1,229,completed,88364.5419153,88364.5434044,88364.5452938,3.378499997779727
1,230,completed,88364.5733457,88364.5758974,88364.5768329,3.4871999960159883
4,230,completed,88364.5733306,88364.5758621,88364.5781127,4.782099989824928
2,230,completed,88364.5733971,88364.575881,88364.5792055,5.808400004752912
3,230,completed,88364.5736188,88364.5759546,88364.5801039,6.485100006102584
0,230,completed,88364.5732788,88364.5758412,88364.5810183,7.739499997114763
5,230,completed,88364.5734744,88364.5759798,88364.581751,8.276600012322888
1,231,completed,88364.6047799,88364.6073112,88364.6082796,3.499700003885664
0,231,completed,88364.6048401,88364.6072522,88364.6092504,4.410299996379763
3,231,completed,88364.6047465,88364.6073737,88364.6099032,5.156700004590675
5,231,completed,88364.6049059,88364.6073078,88364.6105338,5.62789999821689
4,231,completed,88364.605041,88364.6074694,88364.6112879,6.246899996767752
2,231,completed,88364.6049841,88364.6074989,88364.6120254,7.04129999212455
5,232,completed,88364.6358826,88364.6381382,88364.6393337,3.451099997619167
4,232,completed,88364.6358938,88364.6382418,88364.6403564,4.462600001716055
3,232,completed,88364.6359207,88364.6383059,88364.6411883,5.2675999904749915
0,232,completed,88364.6360321,88364.6384019,88364.6421715,6.139400007668883
1,232,completed,88364.6361198,88364.6384136,88364.643061,6.941200001165271
2,232,completed,88364.6359595,88364.638588,88364.6439504,7.990900005097501
3,233,completed,88364.6665699,88364.6691778,88364.6703776,3.8077000062912703
0,233,completed,88364.6665551,88364.6691773,88364.6715885,5.033399997046217
5,233,completed,88364.6667454,88364.6692128,88364.6725366,5.791200004750863
4,233,completed,88364.666688,88364.6692751,88364.6733635,6.675500000710599
2,233,completed,88364.6666494,88364.6693033,88364.6743148,7.665400000405498
1,233,completed,88364.6665415,88364.6694247,88364.675132,8.590500001446344
2,234,completed,88364.6970923,88364.6992721,88364.7005974,3.5051000013481826
4,234,completed,88364.6971366,88364.6994445,88364.7018945,4.757899994729087
5,234,completed,88364.6971446,88364.6996259,88364.7029482,5.803600011859089
1,234,completed,88364.697246,88364.6997348,88364.7042724,7.026400009635836
3,234,completed,88364.6974152,88364.7000564,88364.7055277,8.11249999969732
0,234,completed,88364.6975585,88364.7000843,88364.7064937,8.935199992265552
5,235,completed,88364.7271886,88364.7290011,88364.7320301,4.841500005568378
4,235,completed,88364.727159,88364.7292698,88364.7356709,8.51189999957569
3,235,completed,88364.7274826,88364.7299032,88364.7370963,9.613699992769398
2,235,completed,88364.7276091,88364.7308265,88364.7393566,11.747500000637956
1,235,completed,88364.7275381,88364.7309849,88364.7406856,13.147499994374812
0,235,completed,88364.7312893,88364.7323653,88364.7418874,10.598099994240329
2,236,completed,88364.7754011,88364.777271,88364.7789199,3.51879998925142
4,236,completed,88364.7746061,88364.776896,88364.7812521,6.645999994361773
1,236,completed,88364.7758514,88364.7779063,88364.7828965,7.045099991955794
3,236,completed,88364.7761764,88364.777985,88364.7845878,8.411399991018698
5,236,completed,88364.7748109,88364.778055,88364.785863,11.05210000241641
0,236,completed,88364.7757867,88364.7784195,88364.7869983,11.211599994567223
2,237,completed,88364.8063407,88364.8086356,88364.8100845,3.7437999999383464
0,237,completed,88364.8061903,88364.8088079,88364.811371,5.180699998163618
1,237,completed,88364.8058191,88364.8087599,88364.8123211,6.502000003820285
5,237,completed,88364.8062049,88364.8088062,88364.8137231,7.518200000049546
3,237,completed,88364.806384,88364.8089563,88364.81498,8.595999999670312
4,237,completed,88364.8059095,88364.8093736,88364.8160872,10.177699994528666
2,238,completed,88364.8364396,88364.8384572,88364.8401738,3.7341999995987862
4,238,completed,88364.8364341,88364.8384637,88364.8416226,5.1884999993490055
3,238,completed,88364.8367285,88364.8391443,88364.8427673,6.0387999983504415
5,238,completed,88364.837411,88364.8393967,88364.8438709,6.459900003392249
1,238,completed,88364.8376429,88364.8395246,88364.8450544,7.411499987938441
0,238,completed,88364.8374879,88364.8397784,88364.8462431,8.755199989536777
3,239,completed,88364.867723,88364.8694019,88364.8722676,4.5446000003721565
0,239,completed,88364.8678044,88364.8694153,88364.873969,6.164599995827302
5,239,completed,88364.8683943,88364.8701668,88364.8757402,7.345899997744709
4,239,completed,88364.8684409,88364.8702785,88364.8774368,8.995900003355928
1,239,completed,88364.8697162,88364.8708733,88364.8789194,9.203199995681643
2,239,completed,88364.8705764,88364.8717794,88364.8802702,9.693799991509877
1,240,completed,88364.8986496,88364.9009681,88364.9028481,4.1984999988926575
5,240,completed,88364.8988957,88364.9008094,88364.9042045,5.3087999986018986
2,240,completed,88364.8987356,88364.9011573,88364.9054525,6.71689999580849
3,240,completed,88364.8990922,88364.9020028,88364.9066861,7.593900008942001
4,240,completed,88364.8989315,88364.9021105,88364.9079311,8.999599987873808
0,240,completed,88364.8985873,88364.9025313,88364.9090682,10.480899989488535
5,241,completed,88364.9292615,88364.9318521,88364.9331811,3.91959999979008
3,241,completed,88364.9294299,88364.9319479,88364.9347415,5.3115999908186495
4,241,completed,88364.9293324,88364.9318801,88364.936206,6.873599995742552
0,241,completed,88364.9293724,88364.9320434,88364.9380721,8.699700003489852
2,241,completed,88364.9292774,88364.9320595,88364.9410171,11.739699999452569
1,241,completed,88364.9292849,88364.9323602,88364.9429021,13.617199991131201
1,242,completed,88364.9617812,88364.9641068,88364.9667145,4.933299991535023
0,242,completed,88364.962259,88364.9644741,88364.9685041,6.245099997613579
2,242,completed,88364.9622518,88364.9645168,88364.9697893,7.537500001490116
3,242,completed,88364.9626753,88364.9650953,88364.9709947,8.319399988977239
5,242,completed,88364.9631081,88364.9658803,88364.9722304,9.122300005401485
4,242,completed,88364.9642445,88364.9665743,88364.9732119,8.96739999006968
5,243,completed,88365.0072343,88365.0093034,88365.0119549,4.720599987194873
0,243,completed,88365.0074319,88365.0103947,88365.013136,5.7040999963646755
4,243,completed,88365.0081462,88365.0104084,88365.0144806,6.3344000081997365
3,243,completed,88365.0074518,88365.0105028,88365.0158384,8.38659999135416
1,243,completed,88365.0075701,88365.0104043,88365.0173312,9.761099994648248
2,243,completed,88365.0075878,88365.0103255,88365.0187513,11.163499992107973
1,244,completed,88365.0392095,88365.0419468,88365.0436189,4.409400004078634
4,244,completed,88365.0392431,88365.0422789,88365.0453244,6.081300001824275
3,244,completed,88365.0392359,88365.0423364,88365.0467408,7.504900000640191
2,244,completed,88365.0395858,88365.0424871,88365.0485567,8.970900002168491
5,244,completed,88365.0396338,88365.0425564,88365.049578,9.944200006430037
0,244,completed,88365.0399339,88365.0427009,88365.0506538,10.719900004914962
2,245,completed,88365.0706955,88365.073392,88365.0750666,4.371099988929927
4,245,completed,88365.0706106,88365.0733867,88365.0765504,5.93980000121519
0,245,completed,88365.070798,88365.0734483,88365.0780854,7.287400003406219
1,245,completed,88365.0706282,88365.0733959,88365.0801535,9.5253000035882
3,245,completed,88365.0706109,88365.073549,88365.0820854,11.474500002805144
5,245,completed,88365.0706735,88365.0739091,88365.0834272,12.753700008033775
4,246,completed,88365.1016891,88365.1043264,88365.1060331,4.3440000008558854
3,246,completed,88365.1017796,88365.1044732,88365.1075808,5.80120000813622
0,246,completed,88365.101846,88365.104769,88365.1091343,7.288299995707348
5,246,completed,88365.102031,88365.1048389,88365.1106463,8.615300001110882
1,246,completed,88365.1021653,88365.1048759,88365.1119125,9.747199990670197
2,246,completed,88365.1018489,88365.1050478,88365.1133917,11.542799999006093
3,247,completed,88365.1329029,88365.1351298,88365.13719,4.287099989596754
1,247,completed,88365.1330507,88365.1357024,88365.1386614,5.610699998214841
5,247,completed,88365.1330889,88365.1354439,88365.1404725,7.38360000832472
4,247,completed,88365.1332957,88365.1358362,88365.1418445,8.548800004064105
0,247,completed,88365.1332304,88365.1360662,88365.1438539,10.623499998473562
2,247,completed,88365.1333584,88365.1363273,88365.1456002,12.2418000100879
0,248,completed,88365.1638292,88365.1665056,88365.1680452,4.216000001179054
2,248,completed,88365.1638182,88365.16673,88365.1697548,5.936599991400726
4,248,completed,88365.1638814,88365.1667495,88365.1714328,7.551399990916252
1,248,completed,88365.1639154,88365.167013,88365.1726912,8.775800000876188
5,248,completed,88365.1639759,88365.1670838,88365.1741495,10.173600006964989
3,248,completed,88365.1640172,88365.1671697,88365.1757865,11.769299992010929
5,249,completed,88365.1952008,88365.197721,88365.2000548,4.854000013438053
2,249,completed,88365.1952789,88365.1981033,88365.2016371,6.358200000249781
4,249,completed,88365.1952238,88365.198492,88365.2037128,8.488999999826774
1,249,completed,88365.1955275,88365.1984395,88365.2057867,10.259200003929436
0,249,completed,88365.195209,88365.198588,88365.2072083,11.999299997114576
3,249,completed,88365.1956376,88365.1991067,88365.2084269,12.78930000262335
4,250,completed,88365.2418441,88365.2441865,88365.2458934,4.0492999978596345
3,250,completed,88365.2417461,88365.2443456,88365.2479022,6.156100003863685
2,250,completed,88365.2417742,88365.2442987,88365.2495319,7.757700004731305
5,250,completed,88365.2417454,88365.2443736,88365.2512877,9.54230000206735
1,250,completed,88365.2422619,88365.244526,88365.2531143,10.852399995201267
0,250,completed,88365.2419212,88365.2449174,88365.255015,13.09380000748206
4,251,completed,88365.274276,88365.276057,88365.2784709,4.194900000584312
1,251,completed,88365.2738106,88365.2759968,88365.28097,7.159400003729388
0,251,completed,88365.275038,88365.2768269,88365.2825468,7.50879998668097
5,251,completed,88365.273863,88365.2771587,88365.2841828,10.319799999706447
3,251,completed,88365.2759343,88365.2776942,88365.2861169,10.182599988183938
2,251,completed,88365.2774528,88365.2788195,88365.2877276,10.274800006300211
4,252,completed,88365.3045614,88365.3075385,88365.3094274,4.866000002948567
5,252,completed,88365.3048182,88365.3075155,88365.3112307,6.412499991711229
2,252,completed,88365.3046512,88365.3074409,88365.3127084,8.057200000621378
1,252,completed,88365.3046111,88365.3076661,88365.3146941,10.083000001031905
0,252,completed,88365.3046816,88365.3077708,88365.3165577,11.876100004883483
3,252,completed,88365.3046097,88365.3080158,88365.3180885,13.47879999957513
1,253,completed,88365.3354864,88365.3377926,88365.3404501,4.963700004736893
3,253,completed,88365.3354517,88365.3380261,88365.3420852,6.633500001044013
5,253,completed,88365.3357149,88365.3383077,88365.3434752,7.7603000099770725
0,253,completed,88365.3359061,88365.339052,88365.3449464,9.040300006745383
4,253,completed,88365.3355712,88365.3392163,88365.3462898,10.71859999501612
2,253,completed,88365.3360247,88365.3393778,88365.3476542,11.629500004346482
2,254,completed,88365.3666902,88365.3688982,88365.3713113,4.62110000080429
4,254,completed,88365.36669,88365.3690343,88365.3733344,6.644400011282414
0,254,completed,88365.3670556,88365.369472,88365.3751285,8.072900003753603
3,254,completed,88365.3674604,88365.3696749,88365.3763931,8.93270000233315
1,254,completed,88365.3673061,88365.3695711,88365.3778698,10.56369999423623
5,254,completed,88365.3671193,88365.3697456,88365.3794505,12.331199992331676
3,255,completed,88365.3984248,88365.4009519,88365.4027806,4.355799988843501
2,255,completed,88365.3983219,88365.4008778,88365.4045024,6.180500000482425
1,255,completed,88365.3986165,88365.4010762,88365.4060964,7.479899999452755
0,255,completed,88365.3986978,88365.401138,88365.4074702,8.772400004090741
5,255,completed,88365.3985126,88365.4012369,88365.4085794,10.066799994092435
4,255,completed,88365.3998066,88365.4017259,88365.4098117,10.005099989939481
3,256,completed,88365.4286313,88365.4308582,88365.4373775,8.746199993765913
5,256,completed,88365.4289682,88365.4309879,88365.442471,13.502800007699989
2,256,completed,88365.4285679,88365.4331483,88365.4444948,15.926899999612942
4,256,completed,88365.4288281,88365.4346214,88365.4464287,17.600599996512756
1,256,completed,88365.4285692,88365.4384863,88365.450421,21.851800003787503
0,256,completed,88365.4286431,88365.4398328,88365.4529145,24.27140000509098
4,257,completed,88365.4767652,88365.4781229,88365.4807354,3.9701999921817333
5,257,completed,88365.4770332,88365.4795468,88365.4826092,5.575999995926395
0,257,completed,88365.4768647,88365.480317,88365.4843211,7.456399995135143
3,257,completed,88365.4786285,88365.4807293,88365.4865416,7.913099994766526
2,257,completed,88365.4805955,88365.4866736,88365.4895851,8.989599999040365
1,257,completed,88365.4838967,88365.4872801,88365.4916318,7.7351000072667375
0,258,completed,88365.5069108,88365.509227,88365.5110525,4.141700002946891
5,258,completed,88365.5068797,88365.5094915,88365.5141591,7.279400000697933
4,258,completed,88365.5069728,88365.5094656,88365.5155265,8.553700012271293
2,258,completed,88365.506888,88365.5095113,88365.516887,9.999000001698732
3,258,completed,88365.5070806,88365.5095837,88365.5183095,11.228899995330721
1,258,completed,88365.5070368,88365.5096809,88365.5195459,12.50909999362193
2,259,completed,88365.5384298,88365.5407911,88365.5425634,4.1335999994771555
3,259,completed,88365.5383984,88365.5408807,88365.5447153,6.3169000059133396
1,259,completed,88365.5383114,88365.5409857,88365.5466481,8.336700004292652
5,259,completed,88365.5384631,88365.5413182,88365.5482385,9.775400001672097
0,259,completed,88365.5389295,88365.5413939,88365.5497168,10.787299994262867
4,259,completed,88365.5385835,88365.5416246,88365.5517848,13.201299996580929
2,260,completed,88365.568884,88365.5712057,88365.5732613,4.377300007035956
4,260,completed,88365.5689331,88365.5713377,88365.5748435,5.910399995627813
3,260,completed,88365.5688474,88365.5713897,88365.5761578,7.310399989364669
1,260,completed,88365.5687608,88365.5711778,88365.5774578,8.696999997482635
5,260,completed,88365.5692039,88365.5719774,88365.5790034,9.799499996006489
0,260,completed,88365.5692844,88365.5720531,88365.5804871,11.202699999557808
4,261,completed,88365.6002845,88365.6026254,88365.6046843,4.399799989187159
3,261,completed,88365.6003314,88365.6024466,88365.6073105,6.979099998716265
2,261,completed,88365.6004555,88365.6029696,88365.6090325,8.57700000051409
0,261,completed,88365.6012355,88365.6037628,88365.6117614,10.525899997446686
1,261,completed,88365.6010358,88365.6038142,88365.6139424,12.906599993584678
5,261,completed,88365.6018802,88365.6049105,88365.6168996,15.019400001619942
5,262,completed,88365.6321554,88365.6337588,88365.6375001,5.344699995475821
0,262,completed,88365.6326692,88365.6343284,88365.6395226,6.853400002000853
1,262,completed,88365.6323447,88365.6348251,88365.642213,9.868299996014684
3,262,completed,88365.6341536,88365.6357392,88365.644023,9.869400004390627
4,262,completed,88365.6347249,88365.6363435,88365.6456131,10.888200005865656
2,262,completed,88365.6332425,88365.6373387,88365.6468073,13.564799999585375
1,263,completed,88365.6628428,88365.6653253,88365.6671672,4.324399997130968
4,263,completed,88365.6630547,88365.6656255,88365.669283,6.2283000006573275
2,263,completed,88365.6630682,88365.6657323,88365.6706619,7.593700007419102
0,263,completed,88365.663305,88365.6661151,88365.6721194,8.814400003757328
5,263,completed,88365.6634684,88365.6661777,88365.6735054,10.037000000011176
3,263,completed,88365.6631123,88365.6663375,88365.6745241,11.411800005589612
2,264,completed,88365.7083341,88365.7115082,88365.7133122,4.978099997970276
1,264,completed,88365.708364,88365.7118697,88365.7151242,6.760199990822002
0,264,completed,88365.7088323,88365.7119465,88365.7162093,7.376999987172894
5,264,completed,88365.708626,88365.7120363,88365.7175602,8.934199999202974
3,264,completed,88365.7083448,88365.7120555,88365.7192607,10.915899998508394
4,264,completed,88365.7082634,88365.7121617,88365.7207424,12.478999997256324
3,265,completed,88365.7388885,88365.7412513,88365.7436267,4.738200004794635
4,265,completed,88365.7391282,88365.7418052,88365.7456304,6.502199990791269
5,265,completed,88365.7389349,88365.7418305,88365.747829,8.89409999945201
1,265,completed,88365.7391664,88365.7418686,88365.7500946,10.928199990303256
2,265,completed,88365.7392323,88365.7419862,88365.7527182,13.485900009982288
0,265,completed,88365.7391175,88365.742303,88365.7549523,15.83480001136195
0,266,completed,88365.7703913,88365.7730801,88365.7763155,5.924199998844415
2,266,completed,88365.7703284,88365.7732991,88365.7783474,8.019000000786036
3,266,completed,88365.7703289,88365.7739149,88365.7806453,10.316399988369085
1,266,completed,88365.7705725,88365.7739329,88365.7838299,13.257400001748465
5,266,completed,88365.7717895,88365.774371,88365.7855999,13.810400007059798
4,266,completed,88365.7723089,88365.7758626,88365.7873996,15.090699991560541
5,267,completed,88365.8021343,88365.8039429,88365.8064755,4.341199994087219
1,267,completed,88365.8021815,88365.8043358,88365.8089378,6.756300004781224
2,267,completed,88365.8031526,88365.8056005,88365.8114054,8.252800005720928
4,267,completed,88365.8015483,88365.8057334,88365.8129543,11.40599999052938
0,267,completed,88365.8037988,88365.8058682,88365.8154143,11.615499999606982
3,267,completed,88365.8023663,88365.805728,88365.8182337,15.867399997659959
3,268,completed,88365.8321164,88365.8355566,88365.8381801,6.063700013328344
1,268,completed,88365.8323434,88365.8360205,88365.8405799,8.236499998020008
2,268,completed,88365.8319765,88365.8357332,88365.8425509,10.574399988399819
4,268,completed,88365.8320212,88365.835349,88365.8444696,12.44839999708347
5,268,completed,88365.8326282,88365.8361722,88365.8461523,13.524099995265715
0,268,completed,88365.8320103,88365.8369659,88365.8479046,15.894299998763017
0,269,completed,88365.8626664,88365.8650085,88365.8689489,6.2824999913573265
5,269,completed,88365.8637173,88365.8653484,88365.8729546,9.237299993401393
3,269,completed,88365.865148,88365.8676205,88365.8758401,10.69209999695886
4,269,completed,88365.864976,88365.8687992,88365.8777722,12.796199996955693
1,269,completed,88365.8663521,88365.8689525,88365.8820701,15.717999995104037
2,269,completed,88365.8651291,88365.8690998,88365.8855487,20.419599997694604
4,270,completed,88365.8948797,88365.8980878,88365.9012209,6.3412000017706305
2,270,completed,88365.8952128,88365.8981374,88365.9030807,7.867899999837391
0,270,completed,88365.8951287,88365.898501,88365.9042025,9.073799999896437
5,270,completed,88365.8948563,88365.8975421,88365.9060621,11.205799994058907
1,270,completed,88365.8952825,88365.8992313,88365.9076822,12.399700004607439
3,270,completed,88365.8951434,88365.8992543,88365.908983,13.83959999657236
5,271,completed,88365.9418325,88365.9439616,88365.9462006,4.368099995190278
4,271,completed,88365.9418402,88365.9441378,88365.9483166,6.476399998064153
2,271,completed,88365.9418522,88365.944308,88365.950247,8.394799995585345
1,271,completed,88365.9421348,88365.944484,88365.9516413,9.506499991402961
3,271,completed,88365.9422904,88365.9448957,88365.9528081,10.517700007767417
0,271,completed,88365.9421473,88365.9452724,88365.9541542,12.006899996777065
5,272,completed,88365.9726675,88365.9751814,88365.9772908,4.62330000300426
3,272,completed,88365.9726369,88365.9753879,88365.9791078,6.470899999840185
0,272,completed,88365.9727165,88365.975494,88365.9806649,7.948400001623668
4,272,completed,88365.9727413,88365.9757361,88365.9821131,9.3718000134686
2,272,completed,88365.9726097,88365.9757295,88365.9835769,10.967200010782108
1,272,completed,88365.9725678,88365.9758608,88365.985328,12.76019999932032
2,273,completed,88366.0044174,88366.0074335,88366.0103651,5.947699988610111
4,273,completed,88366.0049603,88366.0077505,88366.013658,8.69770000281278
0,273,completed,88366.0051287,88366.0079378,88366.0172153,12.086600007023662
1,273,completed,88366.0051642,88366.0082897,88366.0188328,13.66859998961445
5,273,completed,88366.0060705,88366.0092102,88366.0201552,14.084700000239536
3,273,completed,88366.0054165,88366.009549,88366.021258,15.841499989619479
2,274,completed,88366.0349232,88366.0372877,88366.0392561,4.3329000036465
0,274,completed,88366.0350309,88366.0375536,88366.0404355,5.404600000474602
4,274,completed,88366.0349087,88366.0377208,88366.0415794,6.670699993264861
1,274,completed,88366.0350947,88366.03758,88366.04264,7.5453000026755035
3,274,completed,88366.0348989,88366.0378478,88366.0436021,8.703200001036748
5,274,completed,88366.0350466,88366.0384794,88366.0447216,9.67500000842847
2,275,completed,88366.0669228,88366.0686453,88366.0706665,3.743699999176897
3,275,completed,88366.0662418,88366.0684645,88366.0730381,6.796300003770739
1,275,completed,88366.0669253,88366.0689848,88366.0757515,8.826200006296858
4,275,completed,88366.0668202,88366.069443,88366.078034,11.213800011319108
5,275,completed,88366.0666936,88366.0695034,88366.0802001,13.506499992217869
0,275,completed,88366.0693053,88366.0706763,88366.0821054,12.800099997548386
4,276,completed,88366.0967477,88366.0996043,88366.1016984,4.950700007611886
2,276,completed,88366.096797,88366.0998191,88366.1034626,6.665599998086691
5,276,completed,88366.096822,88366.1001897,88366.1049607,8.138699995470233
3,276,completed,88366.096782,88366.1003081,88366.106443,9.661000003688969
0,276,completed,88366.0969744,88366.1003717,88366.1080914,11.117000001831912
1,276,completed,88366.0971689,88366.1013747,88366.1097286,12.559700000565499
4,277,completed,88366.1291253,88366.1308529,88366.1332236,4.098300007171929
2,277,completed,88366.1290873,88366.1312136,88366.135111,6.023699999786913
5,277,completed,88366.1288433,88366.1312442,88366.1365229,7.679599992115982
0,277,completed,88366.129304,88366.1312618,88366.1375794,8.275400003185496
3,277,completed,88366.1301317,88366.1318971,88366.1386551,8.523399999830872
1,277,completed,88366.1311343,88366.1327247,88366.1396209,8.486599996103905
4,278,completed,88366.1604222,88366.1613927,88366.1631008,2.678599994396791
1,278,completed,88366.160425,88366.1615149,88366.1644736,4.048600007081404
2,278,completed,88366.175176,88366.1771505,88366.1789027,3.726700000697747
5,278,completed,88366.1755988,88366.177748,88366.1800808,4.482000003918074
3,278,completed,88366.1756376,88366.1778762,88366.1818227,6.185100006405264
0,278,completed,88366.1756005,88366.1779373,88366.1833555,7.754999998724088
0,279,completed,88366.2061378,88366.2083371,88366.2115947,5.456899991258979
2,279,completed,88366.2063956,88366.2092783,88366.212979,6.583399997907691
4,279,completed,88366.2064067,88366.2094751,88366.2141506,7.743900001514703
3,279,completed,88366.2061345,88366.2094361,88366.2150591,8.924599998863414
1,279,completed,88366.2061122,88366.2103022,88366.2160994,9.987199999159202
5,279,completed,88366.2063196,88366.2107699,88366.2172329,10.913300007814541
1,280,completed,88366.2372174,88366.2395595,88366.2418553,4.637899997760542
4,280,completed,88366.2371098,88366.2395143,88366.2434933,6.383500003721565
2,280,completed,88366.2372849,88366.2396193,88366.2450443,7.7594000031240284
0,280,completed,88366.237339,88366.2397469,88366.246707,9.367999999085441
5,280,completed,88366.2374201,88366.240848,88366.2479492,10.529099992709234
3,280,completed,88366.2373906,88366.2409658,88366.2488573,11.466700001619756
4,281,completed,88366.2670026,88366.2681113,88366.2715309,4.528300007223152
2,281,completed,88366.2670026,88366.26855,88366.2736488,6.646199995884672
5,281,completed,88366.2685279,88366.2711018,88366.27658,8.052100005443208
1,281,completed,88366.2680566,88366.2709759,88366.2785482,10.491599998204038
3,281,completed,88366.2685785,88366.2714342,88366.2803353,11.756799998693168
0,281,completed,88366.2691464,88366.2715356,88366.2824593,13.312900002347305
3,282,completed,88366.3005648,88366.3021916,88366.3084681,7.903300007455982
5,282,completed,88366.3011901,88366.3027812,88366.3115429,10.35280000360217
0,282,completed,88366.3005813,88366.3030352,88366.313013,12.431700000888668
1,282,completed,88366.3049842,88366.3075489,88366.3149109,9.926699989591725
2,282,completed,88366.3046725,88366.3076556,88366.3169441,12.271600004169159
4,282,completed,88366.3058103,88366.3076984,88366.3192428,13.432500010821968
2,283,completed,88366.3291942,88366.3322767,88366.3344716,5.27739999233745
4,283,completed,88366.3292928,88366.332367,88366.3361452,6.85239999438636
3,283,completed,88366.329466,88366.333181,88366.3372291,7.7631000021938235
5,283,completed,88366.3295819,88366.3332856,88366.3385225,8.94059998972807
0,283,completed,88366.3294239,88366.3334168,88366.3396053,10.181400008150376
1,283,completed,88366.3295576,88366.3332173,88366.340479,10.921400011284277
0,284,completed,88366.3754324,88366.3773748,88366.3800729,4.640500003006309
5,284,completed,88366.3755161,88366.378214,88366.3813932,5.877100003999658
1,284,completed,88366.3757779,88366.3783038,88366.3824661,6.688199995551258
3,284,completed,88366.3760269,88366.3787052,88366.383328,7.3010999913094565
4,284,completed,88366.3760061,88366.3792977,88366.3845236,8.517499998561107
2,284,completed,88366.3757219,88366.3794288,88366.3858105,10.088600000017323
3,285,completed,88366.4070408,88366.4092462,88366.4108083,3.7675000057788566
1,285,completed,88366.4069649,88366.4091679,88366.4119733,5.008399995858781
2,285,completed,88366.4074195,88366.4098537,88366.4131882,5.768699993495829
4,285,completed,88366.407495,88366.4098501,88366.4145542,7.059199997456744
5,285,completed,88366.4071443,88366.4100219,88366.4158735,8.729199995286763
0,285,completed,88366.4075331,88366.4102383,88366.4170871,9.553999989293516
4,286,completed,88366.4375424,88366.43982,88366.4422287,4.68630000250414
0,286,completed,88366.4374019,88366.4398096,88366.4440156,6.613700010348111
2,286,completed,88366.4372815,88366.4399785,88366.4450476,7.766100010485388
1,286,completed,88366.4374551,88366.4405359,88366.4460504,8.595300008892082
3,286,completed,88366.4374985,88366.4406401,88366.4478661,10.36759999988135
5,286,completed,88366.4372429,88366.4409562,88366.4494873,12.244399986229837
2,287,completed,88366.4756057,88366.4767883,88366.4800835,4.477800001041032
4,287,completed,88366.4785394,88366.4795693,88366.4878154,9.275999997043982
0,287,completed,88366.475849,88366.4874859,88366.4923408,16.491800008225255
1,287,completed,88366.475551,88366.4885435,88366.4940047,18.453700002282858
3,287,completed,88366.4876583,88366.4895162,88366.4968529,9.194600002956577
5,287,completed,88366.4876579,88366.490515,88366.4987695,11.111600004369393
5,288,completed,88366.4999551,88366.5013296,88366.5053048,5.349700004444458
3,288,completed,88366.4996809,88366.5029562,88366.5120407,12.359800006379373
1,288,completed,88366.5026846,88366.5039309,88366.5199466,17.26200000848621
4,288,completed,88366.5020921,88366.5043527,88366.5251158,23.023700006888248
0,288,completed,88366.5065411,88366.5085454,88366.5267193,20.17820000764914
2,288,completed,88366.5075941,88366.5094264,88366.5280463,20.45219999854453
2,289,completed,88366.5306938,88366.5326214,88366.535694,5.0002000061795115
1,289,completed,88366.530435,88366.533052,88366.5384035,7.968500009155832
0,289,completed,88366.5313566,88366.5336026,88366.5404213,9.064700003364123
5,289,completed,88366.5316139,88366.5339009,88366.5414727,9.858799996436574
4,289,completed,88366.5316749,88366.5350927,88366.542544,10.86909999139607
3,289,completed,88366.5312992,88366.5351809,88366.5453535,14.054300001589581
5,290,completed,88366.5618907,88366.5644945,88366.5661742,4.283499991288409
3,290,completed,88366.5620677,88366.564761,88366.5676124,5.5447000049753115
4,290,completed,88366.5620841,88366.5647328,88366.5692016,7.117499990272336
0,290,completed,88366.5621306,88366.5648589,88366.5705963,8.465699997032061
1,290,completed,88366.5620821,88366.5651785,88366.572051,9.96889999078121
2,290,completed,88366.5619367,88366.5651941,88366.573942,12.005299999145791
4,291,completed,88366.6086606,88366.6103945,88366.6122794,3.618799994001165
3,291,completed,88366.6083703,88366.6104016,88366.6142531,5.882799989194609
0,291,completed,88366.6085026,88366.6109879,88366.6157864,7.2838000050978735
1,291,completed,88366.6087508,88366.6112082,88366.6171769,8.426100001088344
5,291,completed,88366.6098144,88366.611796,88366.6184174,8.602999994764104
2,291,completed,88366.6093106,88366.6117857,88366.6196236,10.312999991583638
1,292,completed,88366.6388852,88366.6413431,88366.6433674,4.482200005440973
3,292,completed,88366.63904,88366.6415622,88366.645296,6.256000007851981
4,292,completed,88366.6391717,88366.6418433,88366.6465561,7.384399999864399
0,292,completed,88366.6390257,88366.6413431,88366.6486082,9.582500002579764
2,292,completed,88366.6390024,88366.6420162,88366.6503464,11.343999998643994
5,292,completed,88366.6391296,88366.6422644,88366.6519178,12.788200008799322
4,293,completed,88366.6692125,88366.6704118,88366.6734803,4.2678000027081
2,293,completed,88366.6716583,88366.6731569,88366.6761971,4.538799999863841
1,293,completed,88366.6724454,88366.6746643,88366.6780204,5.574999988311902
3,293,completed,88366.6720733,88366.6747351,88366.6807974,8.724100000108592
5,293,completed,88366.6726234,88366.6748301,88366.6885202,15.896800003247336
0,293,completed,88366.6731315,88366.6752035,88366.6910004,17.86889998766128
4,294,completed,88366.700236,88366.7016065,88366.7049452,4.709200002253056
3,294,completed,88366.7003587,88366.7016954,88366.7070626,6.703899998683482
0,294,completed,88366.7003491,88366.7016685,88366.713467,13.117899987264536
5,294,completed,88366.7009168,88366.7026292,88366.7183137,17.396900002495386
1,294,completed,88366.7019035,88366.7049364,88366.7208179,18.914400003268383
2,294,completed,88366.7029778,88366.7072869,88366.7225725,19.594700002926402
3,295,completed,88366.7354906,88366.7364054,88366.7385376,3.0470000056084245
5,295,completed,88366.7353133,88366.7375583,88366.7425651,7.251799994264729
1,295,completed,88366.7340736,88366.7373316,88366.7445263,10.45269999303855
2,295,completed,88366.7340714,88366.7385711,88366.7490326,14.961199995013885
0,295,completed,88366.7387983,88366.7411371,88366.7511245,12.32620001246687
4,295,completed,88366.7396404,88366.7421456,88366.7553508,15.710399995441549
4,296,completed,88366.7621449,88366.7631014,88366.765215,3.0701000068802387
5,296,completed,88366.7630538,88366.7644898,88366.7715478,8.49400000879541
3,296,completed,88366.7645108,88366.7697709,88366.7763537,11.842899999464862
1,296,completed,88366.7638441,88366.7700547,88366.778751,14.906900003552437
0,296,completed,88366.7630945,88366.765431,88366.7820776,18.98310000251513
2,296,completed,88366.7621143,88366.7740332,88366.7849935,22.879199997987598
5,297,completed,88366.8105218,88366.8125301,88366.8159312,5.40940000792034
0,297,completed,88366.8105223,88366.812502,88366.8186936,8.171299996320158
2,297,completed,88366.8105605,88366.8126061,88366.8204429,9.882400001515634
3,297,completed,88366.8105215,88366.8129593,88366.8246026,14.08110000193119
1,297,completed,88366.8105693,88366.8137398,88366.8263236,15.754300009575672
4,297,completed,88366.8123464,88366.8144397,88366.8295684,17.222000009496696
2,298,completed,88366.8385407,88366.8402353,88366.846282,7.7412999962689355
1,298,completed,88366.838576,88366.8418405,88366.8480947,9.518700011540204
3,298,completed,88366.8411616,88366.8430004,88366.8534595,12.297900000703521
4,298,completed,88366.8411804,88366.8439819,88366.8597475,18.567099992651492
0,298,completed,88366.8411632,88366.8431609,88366.8622759,21.11269999295473
5,298,completed,88366.8388927,88366.8433377,88366.8667269,27.83419999468606
0,299,completed,88366.8697033,88366.872406,88366.8747536,5.050299994763918
2,299,completed,88366.872828,88366.8751537,88366.8788155,5.9874999860767275
4,299,completed,88366.8726351,88366.8759284,88366.8818154,9.180300010484643
3,299,completed,88366.8728589,88366.8765423,88366.88333,10.471100002177991
1,299,completed,88366.8766394,88366.88141,88366.8867417,10.102300002472475
5,299,completed,88366.8761879,88366.8816071,88366.8893037,13.11580000037793
3,300,completed,88366.9014634,88366.9022419,88366.90361,2.1465999889187515
5,300,completed,88366.9025134,88366.9062912,88366.9078526,5.339199997251853
1,300,completed,88366.9083093,88366.9093107,88366.91172,3.41070001013577
4,300,completed,88366.902432,88366.9097405,88366.9144791,12.047099997289479
0,300,completed,88366.9090351,88366.9103717,88366.9164486,7.413499988615513
2,300,completed,88366.9095811,88366.9111914,88366.9180595,8.478400006424636
3,301,completed,88366.9315448,88366.9343911,88366.9362401,4.695299998275004
2,301,completed,88366.9315537,88366.934719,88366.9385649,7.0112000103108585
4,301,completed,88366.9317868,88366.9351714,88366.9406974,8.910599994123913
5,301,completed,88366.9353603,88366.9371626,88366.9458565,10.496199989574961
0,301,completed,88366.9363454,88366.937666,88366.9525893,16.243899997789413
1,301,completed,88366.9362073,88366.9381059,88366.9548582,18.650900005013682
5,302,completed,88366.9645938,88366.9660257,88366.9685803,3.9864999998826534
4,302,completed,88366.9649687,88366.9663543,88366.9732709,8.30219998897519
3,302,completed,88366.9662907,88366.9716128,88366.9754884,9.197699997457676
1,302,completed,88366.9704568,88366.9726444,88366.9787301,8.273300001746975
2,302,completed,88366.9720051,88366.9731537,88366.980337,8.331899996846914
0,302,completed,88366.9719504,88366.9737459,88366.9837175,11.767100004362874
2,303,completed,88366.9941755,88366.9952624,88366.998127,3.9514999953098595
3,303,completed,88367.007993,88367.0101773,88367.0122607,4.267699987394735
0,303,completed,88367.008007,88367.010048,88367.0139181,5.911100000957958
5,303,completed,88367.0082507,88367.0107294,88367.0149669,6.716199990478344
1,303,completed,88367.0078917,88367.0110514,88367.0168856,8.993899988126941
4,303,completed,88367.0081122,88367.0112295,88367.0182237,10.111499999766238
4,304,completed,88367.0381198,88367.0397206,88367.0426181,4.498299997067079
0,304,completed,88367.038079,88367.0396582,88367.0443749,6.295899991528131
3,304,completed,88367.0381883,88367.0400012,88367.0456022,7.413900006213225
1,304,completed,88367.040014,88367.0413698,88367.0469207,6.906700000399724
2,304,completed,88367.0384209,88367.0411854,88367.0480402,9.619299991754815
5,304,completed,88367.040113,88367.0414275,88367.049396,9.28300000668969
5,305,completed,88367.0693707,88367.0712541,88367.0737968,4.426100000273436
1,305,completed,88367.0703159,88367.0719796,88367.0761523,5.836399999679998
3,305,completed,88367.0712923,88367.0729398,88367.0776489,6.3566000026185066
4,305,completed,88367.0716768,88367.0731178,88367.0822433,10.566500001004897
0,305,completed,88367.071744,88367.0743598,88367.0839465,12.202500001876615
2,305,completed,88367.0708602,88367.0766075,88367.0854275,14.567300007911399
2,306,completed,88367.0995144,88367.1012318,88367.1037286,4.2142000020248815
4,306,completed,88367.0997767,88367.1015699,88367.105261,5.484300010721199
3,306,completed,88367.100803,88367.1025954,88367.1069843,6.18130000657402
5,306,completed,88367.10038,88367.1034488,88367.1086691,8.289099991088733
1,306,completed,88367.1009768,88367.1034474,88367.110006,9.029200009535998
0,306,completed,88367.0997781,88367.1035338,88367.1113435,11.56539999647066
0,307,completed,88367.1308617,88367.1325954,88367.1349421,4.080400001839735
1,307,completed,88367.1310107,88367.1330458,88367.1364536,5.4429000010713935
5,307,completed,88367.1310341,88367.1330345,88367.1377088,6.674699994619004
3,307,completed,88367.1322831,88367.1342122,88367.1388123,6.529200007207692
4,307,completed,88367.1319001,88367.1342887,88367.1398749,7.974800013471395
2,307,completed,88367.1319508,88367.1344091,88367.1412519,9.301099998992868
1,308,completed,88367.161819,88367.1637247,88367.1661647,4.345699999248609
0,308,completed,88367.1615331,88367.1649541,88367.1675141,5.9809999947901815
3,308,completed,88367.1627725,88367.1650471,88367.1686901,5.91760000679642
4,308,completed,88367.1628313,88367.1651557,88367.1700426,7.211300006019883
2,308,completed,88367.1628845,88367.1653867,88367.1714473,8.562800008803606
5,308,completed,88367.1619705,88367.1655401,88367.1726509,10.680399995180778
1,309,completed,88367.2079373,88367.2102741,88367.2122208,4.283499991288409
2,309,completed,88367.2079583,88367.2102557,88367.2135208,5.562499994994141
5,309,completed,88367.2079807,88367.2105603,88367.214509,6.528300000354648
3,309,completed,88367.2083049,88367.2109842,88367.2154587,7.153799990192056
0,309,completed,88367.2089709,88367.2111609,88367.2164972,7.526300003519282
4,309,completed,88367.2085159,88367.2115173,88367.2180684,9.552500006975606
0,310,completed,88367.2391491,88367.2412066,88367.2434623,4.313199999160133
4,310,completed,88367.2393818,88367.242006,88367.2449831,5.601299999398179
2,310,completed,88367.2392926,88367.2424336,88367.2464657,7.1730999916326255
3,310,completed,88367.2393266,88367.2426032,88367.2477906,8.463999998639338
5,310,completed,88367.2395461,88367.2426797,88367.2490474,9.501299995463341
1,310,completed,88367.2393145,88367.2427579,88367.250356,11.041500009014271
2,311,completed,88367.2702826,88367.2725745,88367.2744229,4.1402999922866
5,311,completed,88367.2703046,88367.2727987,88367.2761635,5.858900010935031
3,311,completed,88367.2703467,88367.2727639,88367.2776692,7.322500008740462
1,311,completed,88367.2703892,88367.2730077,88367.2790566,8.667400004924275
4,311,completed,88367.270346,88367.2729681,88367.28194,11.593999995966442
0,311,completed,88367.2703376,88367.2734632,88367.2837539,13.416300003882498
5,312,completed,88367.301413,88367.3031803,88367.3055569,4.143900005146861
2,312,completed,88367.3014053,88367.3032503,88367.3072034,5.798100013635121
1,312,completed,88367.3026758,88367.3051768,88367.3091,6.42419999348931
0,312,completed,88367.3021796,88367.3051362,88367.3111829,9.003300001495518
4,312,completed,88367.3025444,88367.3047314,88367.3126033,10.058900006697513
3,312,completed,88367.3013721,88367.3053679,88367.3139974,12.625299990759231
5,313,completed,88367.3319006,88367.3343949,88367.3360895,4.188899998553097
0,313,completed,88367.3319552,88367.3343792,88367.3387196,6.764399993699044
4,313,completed,88367.3318604,88367.3343865,88367.3403155,8.455100003629923
3,313,completed,88367.332008,88367.3344523,88367.3415598,9.55180000164546
2,313,completed,88367.3319302,88367.3343564,88367.3431533,11.223099994822405
1,313,completed,88367.3319395,88367.3346768,88367.3442676,12.328099997830577
5,314,completed,88367.3625792,88367.3652883,88367.3669397,4.360500010079704
3,314,completed,88367.3625136,88367.3651299,88367.3679994,5.485799993039109
0,314,completed,88367.3626196,88367.3650312,88367.3687625,6.142900005215779
1,314,completed,88367.3629654,88367.3655813,88367.3695554,6.590000004507601
2,314,completed,88367.3629666,88367.3654314,88367.3709337,7.9670999984955415
4,314,completed,88367.3626828,88367.3660961,88367.3722105,9.527700007311068
5,315,completed,88367.3942147,88367.3964189,88367.39757,3.3552999957464635
3,315,completed,88367.3943863,88367.3966575,88367.3991344,4.748099992866628
2,315,completed,88367.3941927,88367.3966737,88367.4003027,6.110000002081506
1,315,completed,88367.3941704,88367.3967031,88367.4011966,7.026199993561022
4,315,completed,88367.3946196,88367.3967566,88367.4021016,7.482000000891276
0,315,completed,88367.3946155,88367.3967613,88367.4031854,8.569900004658848
0,316,completed,88367.4402914,88367.4428832,88367.4443795,4.088100002263673
4,316,completed,88367.440291,88367.4425771,88367.4453601,5.069099992397241
3,316,completed,88367.4406792,88367.4430437,88367.4462761,5.596900009550154
2,316,completed,88367.4404538,88367.4432602,88367.4473414,6.887600000482053
5,316,completed,88367.440993,88367.4433213,88367.4483656,7.372599997324869
1,316,completed,88367.4404999,88367.443414,88367.4493957,8.895799997844733
4,317,completed,88367.4716474,88367.4741601,88367.4759951,4.3476999999256805
2,317,completed,88367.4717283,88367.4741442,88367.4777272,5.998900000122376
5,317,completed,88367.4716751,88367.4740959,88367.4791499,7.474800004274584
0,317,completed,88367.4718761,88367.4743575,88367.4804559,8.579800007282756
3,317,completed,88367.4719991,88367.4743279,88367.4831204,11.121299990918487
1,317,completed,88367.4716474,88367.4739683,88367.4850855,13.43809999525547
3,318,completed,88367.5032072,88367.505793,88367.5069154,3.7081999907968566
0,318,completed,88367.5031806,88367.5055091,88367.5082168,5.036199989262968
1,318,completed,88367.5031844,88367.5055289,88367.5095972,6.412799993995577
2,318,completed,88367.5031848,88367.5055126,88367.5110194,7.834599993657321
4,318,completed,88367.5035558,88367.5058237,88367.5121585,8.602700007031672
5,318,completed,88367.503224,88367.5058593,88367.513224,9.99999999476131
3,319,completed,88367.5351423,88367.5377245,88367.5397158,4.5735000021522865
4,319,completed,88367.535193,88367.5379902,88367.5424591,7.266100001288578
2,319,completed,88367.5351512,88367.5381151,88367.5436798,8.528599995770492
1,319,completed,88367.5351141,88367.5383339,88367.5450472,9.933099994668737
5,319,completed,88367.535212,88367.538401,88367.5463359,11.123899996164255
0,319,completed,88367.5353408,88367.5385744,88367.5472353,11.894499999471009
3,320,completed,88367.5660347,88367.5685177,88367.5698612,3.8265000039245933
2,320,completed,88367.5660258,88367.5686783,88367.5710791,5.053300003055483
0,320,completed,88367.5661409,88367.568766,88367.5732308,7.089899998391047
4,320,completed,88367.5661945,88367.568847,88367.5748515,8.65699999849312
5,320,completed,88367.5661783,88367.5688865,88367.5762521,10.073800003738143
1,320,completed,88367.5663024,88367.5689128,88367.5773039,11.001500010024756
2,321,completed,88367.5970599,88367.5994052,88367.6008179,3.7580000062007457
3,321,completed,88367.5971085,88367.5996346,88367.6019447,4.836199994315393
0,321,completed,88367.5970804,88367.5996228,88367.602744,5.663600008119829
4,321,completed,88367.5972636,88367.5997827,88367.6035275,6.263900009798817
5,321,completed,88367.5972429,88367.5997608,88367.6043441,7.101199997123331
1,321,completed,88367.597317,88367.5998225,88367.6052085,7.891499990364537
1,322,completed,88367.6287995,88367.6308245,88367.6319056,3.1061000045156106
3,322,completed,88367.6287996,88367.6307698,88367.6328063,4.006699993624352
4,322,completed,88367.6288568,88367.6308729,88367.6335359,4.679099991335534
2,322,completed,88367.6290181,88367.6310168,88367.6346114,5.5933000112418085
5,322,completed,88367.6289797,88367.6310254,88367.6354951,6.5153999894391745
0,322,completed,88367.628921,88367.6310844,88367.636421,7.500000006984919
3,323,completed,88367.65969,88367.660573,88367.6613694,1.67939999664668
1,323,completed,88367.6597603,88367.6605208,88367.662403,2.642699997522868
0,323,completed,88367.6750804,88367.6771633,88367.6782577,3.17729999369476
4,323,completed,88367.6750994,88367.6771943,88367.6793993,4.299899999750778
5,323,completed,88367.6750781,88367.6771827,88367.6806301,5.552000002353452
2,323,completed,88367.6752438,88367.6773059,88367.6814537,6.209900006069802
3,324,completed,88367.7059878,88367.707939,88367.7090785,3.0907000036677346
5,324,completed,88367.7060829,88367.7080524,88367.709894,3.8111000030767173
1,324,completed,88367.7059822,88367.7081967,88367.7107985,4.816300002858043
0,324,completed,88367.7060567,88367.7083139,88367.7116092,5.552500006160699
4,324,completed,88367.7060272,88367.70828,88367.7123798,6.3526000012643635
2,324,completed,88367.7061637,88367.7083439,88367.713072,6.908299998030998
3,325,completed,88367.7372539,88367.7396234,88367.7406413,3.387399992789142
2,325,completed,88367.7374363,88367.7396281,88367.7415778,4.141500001423992
1,325,completed,88367.7373243,88367.7395784,88367.7424056,5.081299997982569
5,325,completed,88367.7373265,88367.7396024,88367.743124,5.79749999451451
4,325,completed,88367.7373774,88367.7398087,88367.7438184,6.441000004997477
0,325,completed,88367.7372712,88367.7398236,88367.744578,7.306799991056323
3,326,completed,88367.7694734,88367.7720256,88367.7737142,4.240800000843592
0,326,completed,88367.7695294,88367.7721057,88367.7751619,5.632500004139729
2,326,completed,88367.7694913,88367.7720319,88367.7762175,6.726199993863702
5,326,completed,88367.7696359,88367.7722133,88367.7773359,7.700000001932494
1,326,completed,88367.769551,88367.7723517,88367.7781518,8.600799992564134
4,326,completed,88367.7695741,88367.7723316,88367.7789364,9.362299999338575
0,327,completed,88367.8009825,88367.803079,88367.8040743,3.091799997491762
1,327,completed,88367.8009612,88367.8030872,88367.804937,3.9757999911671504
4,327,completed,88367.8010573,88367.8031901,88367.8056441,4.5867999870097265
2,327,completed,88367.8010197,88367.8032485,88367.8063176,5.297900002915412
3,327,completed,88367.801094,88367.8033962,88367.8069853,5.891300010262057
5,327,completed,88367.8011204,88367.8034003,88367.8078736,6.75319999572821
2,328,completed,88367.8320873,88367.8344236,88367.8358067,3.719399988767691
4,328,completed,88367.8319501,88367.8343357,88367.8372551,5.305000013322569
0,328,completed,88367.8319733,88367.8344405,88367.838366,6.392700001015328
5,328,completed,88367.8320563,88367.8344563,88367.8393494,7.293100003153086
3,328,completed,88367.8320492,88367.834449,88367.8403119,8.262699993792921
1,328,completed,88367.8319962,88367.834507,88367.8411922,9.195999999064952
0,329,completed,88367.8631855,88367.8652521,88367.866436,3.250499998102896
5,329,completed,88367.8631164,88367.8653348,88367.8673313,4.214900007355027
2,329,completed,88367.8632748,88367.8654403,88367.8680206,4.745800004457124
1,329,completed,88367.86349,88367.8655575,88367.8686922,5.202200001804158
4,329,completed,88367.8632262,88367.8655911,88367.8694642,6.238000001758337
3,329,completed,88367.8631709,88367.8655453,88367.8703587,7.187800001702271
3,330,completed,88367.893628,88367.8955075,88367.8964928,2.864800000679679
4,330,completed,88367.8936452,88367.8956675,88367.897273,3.627799989772029
1,330,completed,88367.8938654,88367.8957617,88367.8981761,4.31070000922773
0,330,completed,88367.8936944,88367.8958062,88367.899004,5.309600004693493
5,330,completed,88367.8936309,88367.8958703,88367.8997837,6.152800007839687
2,330,completed,88367.8937922,88367.8958324,88367.9004871,6.694900002912618
1,331,completed,88367.9404876,88367.9426329,88367.9438079,3.3202999911736697
4,331,completed,88367.9404877,88367.9428258,88367.9447347,4.24699998984579
5,331,completed,88367.9405086,88367.9430847,88367.9454484,4.939799997373484
2,331,completed,88367.940957,88367.9431093,88367.9461993,5.242300001555122
0,331,completed,88367.940855,88367.9431802,88367.9470785,6.223500007763505
3,331,completed,88367.9409041,88367.9431655,88367.9479591,7.054999994579703
5,332,completed,88367.9709223,88367.9732629,88367.9746264,3.7041000032331795
3,332,completed,88367.9709362,88367.973517,88367.9758741,4.937899997457862
1,332,completed,88367.9711431,88367.9735115,88367.9767562,5.61310000193771
2,332,completed,88367.9709682,88367.9735149,88367.9777161,6.74789999902714
0,332,completed,88367.9711105,88367.9735207,88367.9785891,7.478600004105829
4,332,completed,88367.9710168,88367.9735639,88367.9794298,8.413000003201887
0,333,completed,88368.0022236,88368.0047638,88368.0061681,3.944500000216067
1,333,completed,88368.0023594,88368.0050138,88368.0071941,4.834700011997484
4,333,completed,88368.0022336,88368.0049631,88368.0080491,5.815500000608154
2,333,completed,88368.0025228,88368.0050539,88368.0089563,6.433499991544522
3,333,completed,88368.0025847,88368.0050954,88368.0099784,7.393699997919612
5,333,completed,88368.0024206,88368.005247,88368.010922,8.501400006935
1,334,completed,88368.0344526,88368.0366326,88368.0379936,3.540999998222105
3,334,completed,88368.0344481,88368.0365529,88368.0390335,4.585399990901351
2,334,completed,88368.0345584,88368.0368535,88368.0397189,5.16050000442192
0,334,completed,88368.0346369,88368.0369194,88368.0403885,5.75159999425523
4,334,completed,88368.0345882,88368.0369891,88368.0416938,7.105600001523271
5,334,completed,88368.0344939,88368.0370432,88368.0423921,7.8981999977258965
1,335,completed,88368.0654925,88368.06768,88368.0690778,3.5853000008501112
3,335,completed,88368.0656247,88368.0679014,88368.0699205,4.295799997635186
5,335,completed,88368.0656872,88368.0680201,88368.0707694,5.082200004835613
4,335,completed,88368.0657626,88368.0681427,88368.0717691,6.0064999997848645
0,335,completed,88368.065793,88368.0681873,88368.0731189,7.325900005525909
2,335,completed,88368.0658345,88368.0682569,88368.0745581,8.723599996301346
5,336,completed,88368.0958806,88368.0978776,88368.0985594,2.6787999959196895
3,336,completed,88368.095925,88368.0978832,88368.0994466,3.521599996020086
4,336,completed,88368.0958564,88368.0978143,88368.1000922,4.235799991874956
2,336,completed,88368.0959694,88368.098004,88368.1008979,4.9284999986412
0,336,completed,88368.0960163,88368.0980171,88368.101476,5.459699998027645
1,336,completed,88368.0960454,88368.0980255,88368.1020679,6.022500005201437
2,337,completed,88368.1425812,88368.1446792,88368.1458058,3.224600004614331
4,337,completed,88368.1426346,88368.1447913,88368.1466373,4.002700006822124
3,337,completed,88368.1426086,88368.1447277,88368.1473624,4.75380000716541
1,337,completed,88368.1424038,88368.1447019,88368.1482038,5.799999998998828
5,337,completed,88368.1429302,88368.1449948,88368.1493851,6.454899994423613
0,337,completed,88368.1426853,88368.1452089,88368.1506608,7.975500004249625
0,338,completed,88368.1732125,88368.1756396,88368.1769408,3.728299998329021
4,338,completed,88368.1730799,88368.1756106,88368.1782342,5.154299986315891
3,338,completed,88368.1730373,88368.1755699,88368.1792261,6.188799990923144
5,338,completed,88368.1732655,88368.1757649,88368.1804051,7.139600013033487
1,338,completed,88368.1731358,88368.1756575,88368.181524,8.38820000353735
2,338,completed,88368.1730157,88368.1756089,88368.1826009,9.58520000858698
1,339,completed,88368.2039524,88368.2064616,88368.207901,3.948600002331659
0,339,completed,88368.2040073,88368.2066696,88368.2088104,4.803100004210137
2,339,completed,88368.2041668,88368.2068719,88368.2094661,5.299299999023788
5,339,completed,88368.2042402,88368.2068952,88368.2103073,6.067100010113791
4,339,completed,88368.2042289,88368.2070147,88368.2116208,7.391899998765439
3,339,completed,88368.2052761,88368.2074157,88368.2126283,7.352200002060272
4,340,completed,88368.2354251,88368.2378122,88368.2389483,3.5231999936513603
3,340,completed,88368.235815,88368.2379217,88368.2400098,4.194800014374778
5,340,completed,88368.2353047,88368.237374,88368.2407103,5.40559999353718
2,340,completed,88368.2354491,88368.2379102,88368.2413117,5.862599995452911
1,340,completed,88368.2356848,88368.2379223,88368.2420815,6.396699987817556
0,340,completed,88368.2356247,88368.2379331,88368.2426816,7.056899994495325
0,341,completed,88368.2670853,88368.2697329,88368.2707459,3.660599992144853
3,341,completed,88368.2671384,88368.2696301,88368.2717328,4.59440000122413
4,341,completed,88368.2670639,88368.2697595,88368.2725096,5.44570000784006
1,341,completed,88368.2670922,88368.2698467,88368.2737669,6.67470000917092
2,341,completed,88368.2670731,88368.2699021,88368.2749855,7.912400003988296
5,341,completed,88368.2671872,88368.269915,88368.276146,8.958799997344613
4,342,completed,88368.2985121,88368.3010393,88368.3025732,4.061100000399165
5,342,completed,88368.2986406,88368.3010764,88368.3038675,5.226900000707246
2,342,completed,88368.2984044,88368.3012012,88368.3047358,6.331399999908172
3,342,completed,88368.2984534,88368.3013236,88368.3056174,7.163999995100312
1,342,completed,88368.2984044,88368.3012511,88368.3063657,7.961299997987226
0,342,completed,88368.2984532,88368.3013387,88368.3070465,8.59330000821501
0,343,completed,88368.3300995,88368.3320937,88368.3337313,3.6317999911261722
3,343,completed,88368.3302021,88368.3323283,88368.3346103,4.408199994941242
1,343,completed,88368.3304609,88368.3327232,88368.3354475,4.986599989933893
5,343,completed,88368.330172,88368.3329047,88368.3363303,6.15829999151174
4,343,completed,88368.3311136,88368.3331124,88368.3370562,5.942600007983856
2,343,completed,88368.3307488,88368.3332761,88368.3379417,7.192899996880442
3,344,completed,88368.3607481,88368.3628714,88368.3641887,3.4405999904265627
0,344,completed,88368.3608259,88368.3630678,88368.3651836,4.357700003311038
4,344,completed,88368.3608746,88368.3632576,88368.3659771,5.102499999338761
5,344,completed,88368.3609495,88368.3632966,88368.3666733,5.723800000851043
2,344,completed,88368.3608463,88368.363328,88368.3674714,6.625099995289929
1,344,completed,88368.3608964,88368.3635552,88368.3681156,7.219199993414804
3,345,completed,88368.4077791,88368.41018,88368.4117333,3.9542000013170764
1,345,completed,88368.4078798,88368.4101794,88368.4131477,5.267900007311255
0,345,completed,88368.4081173,88368.4103237,88368.4142516,6.134299997938797
5,345,completed,88368.4079792,88368.4105217,88368.415101,7.121800008462742
4,345,completed,88368.4080203,88368.4105308,88368.4160225,8.00219998927787
2,345,completed,88368.407837,88368.4114291,88368.416932,9.094999986700714
2,346,completed,88368.4387387,88368.4411305,88368.4429734,4.234699998050928
4,346,completed,88368.4387216,88368.4411278,88368.4441295,5.4078999964986
5,346,completed,88368.4389774,88368.4412839,88368.4448257,5.848300002980977
0,346,completed,88368.4389026,88368.4413969,88368.4456499,6.747299994458444
3,346,completed,88368.4387564,88368.4414889,88368.4464296,7.67319998703897
1,346,completed,88368.4388743,88368.4426863,88368.4472007,8.326399998622946
1,347,completed,88368.4697788,88368.4718642,88368.4729051,3.126299998257309
0,347,completed,88368.4697625,88368.4718502,88368.4740485,4.285999995772727
5,347,completed,88368.4699656,88368.4720945,88368.4750153,5.049700004747137
2,347,completed,88368.4700256,88368.4721939,88368.4759153,5.889699998078868
3,347,completed,88368.4701213,88368.4722488,88368.476656,6.5347000054316595
4,347,completed,88368.4700917,88368.4722481,88368.4772894,7.19770000432618
5,348,completed,88368.5007008,88368.5030031,88368.504179,3.478200000245124
4,348,completed,88368.5005758,88368.5030961,88368.5052002,4.624399996828288
1,348,completed,88368.5005953,88368.5032411,88368.5058902,5.294899994623847
3,348,completed,88368.500565,88368.5032925,88368.5064787,5.913700006203726
2,348,completed,88368.5006186,88368.5033553,88368.5070642,6.445600010920316
0,348,completed,88368.5007418,88368.5035221,88368.5077119,6.970100002945401
0,349,completed,88368.5322973,88368.5343598,88368.535236,2.9386999958660454
2,349,completed,88368.5322983,88368.5343196,88368.5359301,3.6318000056780875
5,349,completed,88368.5323793,88368.5344763,88368.5366034,4.22410000464879
1,349,completed,88368.5324228,88368.5346099,88368.537609,5.186200010939501
3,349,completed,88368.5323425,88368.5346588,88368.5382753,5.932800006121397
4,349,completed,88368.5325275,88368.5346991,88368.5389406,6.413099996279925
4,350,completed,88368.5634827,88368.5657545,88368.5667639,3.2811999990371987
0,350,completed,88368.5634636,88368.5657218,88368.5675036,4.039999999804422
1,350,completed,88368.5635913,88368.5659721,88368.5682119,4.6205999969970435
2,350,completed,88368.5634469,88368.5659693,88368.5688358,5.388899997342378
3,350,completed,88368.5636878,88368.566158,88368.5697383,6.0505000001285225
5,350,completed,88368.5636109,88368.5661667,88368.5703306,6.719700002577156
5,351,completed,88368.5938551,88368.5953205,88368.5970215,3.1663999980082735
1,351,completed,88368.5937953,88368.5952865,88368.5985607,4.765400008182041
3,351,completed,88368.5938645,88368.5953561,88368.6001212,6.256699998630211
4,351,completed,88368.5961707,88368.5978319,88368.6013802,5.209499999182299
0,351,completed,88368.5962001,88368.5978577,88368.6022132,6.013100006384775
2,351,completed,88368.5961248,88368.5982881,88368.6028953,6.770500011043623
5,352,completed,88368.6275556,88368.6294023,88368.6307877,3.23210000351537
1,352,completed,88368.6277974,88368.6298406,88368.6315328,3.7354000087361783
3,352,completed,88368.6281859,88368.6300778,88368.6321278,3.9418999949702993
0,352,completed,88368.6278916,88368.6300822,88368.632699,4.807399993296713
4,352,completed,88368.6279571,88368.6301774,88368.6334538,5.496699988725595
2,352,completed,88368.6423661,88368.6429567,88368.6435831,1.2169999972684309
5,353,completed,88368.6733627,88368.6757086,88368.6773378,3.9751000003889203
3,353,completed,88368.6731834,88368.6756804,88368.6783933,5.209900002228096
4,353,completed,88368.6732853,88368.6760138,88368.6793744,6.089100003009662
2,353,completed,88368.6734371,88368.6760169,88368.6803466,6.909499992616475
1,353,completed,88368.6734985,88368.6762433,88368.6810102,7.511700008763
0,353,completed,88368.6734474,88368.6764538,88368.6816875,8.240099996328354
1,354,completed,88368.7043014,88368.7065447,88368.7073998,3.0984000040916726
4,354,completed,88368.7043677,88368.7067178,88368.708299,3.931300001568161
0,354,completed,88368.7043309,88368.7067988,88368.7088956,4.564699993352406
5,354,completed,88368.7044643,88368.706806,88368.7095978,5.133500002557412
3,354,completed,88368.7043738,88368.7068659,88368.7104544,6.080599996494129
2,354,completed,88368.7044201,88368.7067851,88368.7110791,6.659000006038696
5,355,completed,88368.7349087,88368.7371167,88368.7383356,3.4269000025233254
2,355,completed,88368.7349215,88368.7372461,88368.7392427,4.321200001868419
3,355,completed,88368.734955,88368.7372484,88368.740097,5.141999994521029
4,355,completed,88368.7349821,88368.737284,88368.7409052,5.9231000050203875
1,355,completed,88368.7350475,88368.7373397,88368.741524,6.476499998825602
0,355,completed,88368.7350787,88368.7373528,88368.7421117,7.033000001683831
0,356,completed,88368.7670633,88368.769365,88368.770138,3.0747000128030777
4,356,completed,88368.7671202,88368.7693295,88368.7710567,3.936499997507781
3,356,completed,88368.7670727,88368.7693667,88368.7718132,4.740500007756054
5,356,completed,88368.7672341,88368.7693339,88368.7730542,5.820100006530993
2,356,completed,88368.7671724,88368.7694592,88368.7739391,6.766700011212379
1,356,completed,88368.7670616,88368.769328,88368.7747047,7.643100005225278
2,357,completed,88368.7991686,88368.8012024,88368.8021804,3.011799999512732
0,357,completed,88368.7991894,88368.8012227,88368.802932,3.7426000053528696
4,357,completed,88368.7992293,88368.8013829,88368.8036147,4.385399995953776
3,357,completed,88368.7992981,88368.8014316,88368.8042765,4.978400000254624
5,357,completed,88368.7994237,88368.80152,88368.8049157,5.492000011145137
1,357,completed,88368.7992212,88368.8015098,88368.8053865,6.165300001157448
2,358,completed,88368.8308637,88368.8328223,88368.8334939,2.6302000042051077
3,358,completed,88368.8308344,88368.8327518,88368.8343282,3.493800002615899
0,358,completed,88368.8308358,88368.8328121,88368.8348779,4.042099986691028
4,358,completed,88368.8309144,88368.8329632,88368.8356916,4.777200010721572
1,358,completed,88368.8309655,88368.832979,88368.8363371,5.37159999657888
5,358,completed,88368.8310727,88368.8330072,88368.8371075,6.034799996996298
4,359,completed,88368.8617566,88368.8638023,88368.8648239,3.0673000001115724
1,359,completed,88368.8616728,88368.8638921,88368.8656119,3.939099988201633
5,359,completed,88368.8618031,88368.8639223,88368.8663337,4.530600010184571
2,359,completed,88368.8617888,88368.8639074,88368.8669157,5.126899995957501
0,359,completed,88368.8618422,88368.8639939,88368.8674388,5.596600007265806
3,359,completed,88368.861768,88368.8640062,88368.8680853,6.317299994407222
3,360,completed,88368.8936998,88368.8943632,88368.8951662,1.4664000045740977
0,360,completed,88368.8936355,88368.8944776,88368.8959795,2.343999993172474
1,360,completed,88368.908447,88368.9098386,88368.9105721,2.1250999998301268
5,360,completed,88368.9084487,88368.9098907,88368.9118517,3.403000009711832
2,360,completed,88368.9085005,88368.9099879,88368.9125279,4.027400005725212
4,360,completed,88368.9084891,88368.910118,88368.913465,4.975900010322221
4,361,completed,88368.9400167,88368.9420718,88368.944342,4.325300003984012
2,361,completed,88368.9400023,88368.9423254,88368.9452365,5.234199998085387
1,361,completed,88368.9403039,88368.9425324,88368.9459136,5.6096999906003475
5,361,completed,88368.9400028,88368.9425395,88368.9468639,6.8611000024247915
3,361,completed,88368.9414914,88368.9438261,88368.9478795,6.388100009644404
0,361,completed,88368.9430939,88368.94443,88368.9485641,5.470200005220249
3,362,completed,88368.9704915,88368.9728645,88368.9746295,4.137999989325181
4,362,completed,88368.9703828,88368.972937,88368.9761393,5.756499987910502
0,362,completed,88368.9704581,88368.9728624,88368.9769774,6.5193000045837834
5,362,completed,88368.9703832,88368.9729993,88368.9778555,7.472299999790266
1,362,completed,88368.9706182,88368.9730091,88368.9784358,7.817600009730086
2,362,completed,88368.9707231,88368.9730672,88368.9790039,8.280800000648014
1,363,completed,88369.0013793,88369.0035869,88369.0047049,3.325600002426654
4,363,completed,88369.0015479,88369.003851,88369.0056576,4.109700006665662
2,363,completed,88369.0015987,88369.0039843,88369.0061807,4.582000008667819
0,363,completed,88369.0013781,88369.0039987,88369.006674,5.295900002238341
5,363,completed,88369.0013952,88369.0040792,88369.0073388,5.943600001046434
3,363,completed,88369.0013955,88369.0040911,88369.0080227,6.62719999672845
4,364,completed,88369.0325213,88369.034781,88369.0358568,3.335499990498647
3,364,completed,88369.0325713,88369.0348654,88369.0373758,4.804500000318512
0,364,completed,88369.032499,88369.0348706,88369.0383439,5.84490000619553
2,364,completed,88369.0327147,88369.0349665,88369.0391052,6.390499998815358
5,364,completed,88369.0324974,88369.0348036,88369.0399437,7.446300005540252
1,364,completed,88369.0326301,88369.034961,88369.0406419,8.011800004169345
1,365,completed,88369.0644157,88369.0669827,88369.0681498,3.734099998837337
3,365,completed,88369.064629,88369.0672226,88369.0690597,4.430700006196275
0,365,completed,88369.0645632,88369.0672644,88369.0697275,5.164300004253164
4,365,completed,88369.0647195,88369.0672425,88369.0705431,5.823599989525974
5,365,completed,88369.064695,88369.0672823,88369.071675,6.980000005569309
2,365,completed,88369.0645064,88369.0674081,88369.0726082,8.101800005533732
4,366,completed,88369.0951833,88369.0972944,88369.0983099,3.126600000541657
5,366,completed,88369.0951565,88369.0973481,88369.099233,4.076500001247041
0,366,completed,88369.0951869,88369.0973929,88369.099917,4.7301000013248995
3,366,completed,88369.0952616,88369.0974013,88369.1007371,5.4755000019213185
1,366,completed,88369.0952202,88369.0974706,88369.1013751,6.154899994726293
2,366,completed,88369.0952964,88369.0974564,88369.1020011,6.704699990223162
5,367,completed,88369.1270685,88369.1292761,88369.1302486,3.180100000463426
1,367,completed,88369.1270508,88369.1293542,88369.1308833,3.8324999914038926
0,367,completed,88369.1271973,88369.1293843,88369.1314079,4.210600003716536
2,367,completed,88369.1271535,88369.1293803,88369.1319273,4.7737999993842095
4,367,completed,88369.1270879,88369.1292405,88369.1326707,5.582800004049204
3,367,completed,88369.1272011,88369.1294241,88369.1333669,6.165800004964694
5,368,completed,88369.1755394,88369.1775457,88369.1784202,2.880799991544336
4,368,completed,88369.1755124,88369.1775005,88369.1792706,3.758199993171729
3,368,completed,88369.1755134,88369.1776261,88369.1799579,4.444500009412877
1,368,completed,88369.1756519,88369.1777486,88369.1806887,5.036799993831664
2,368,completed,88369.1757043,88369.1779203,88369.1812746,5.570300010731444
0,368,completed,88369.1756112,88369.1778729,88369.1818197,6.208499995409511
1,369,completed,88369.2066537,88369.2088504,88369.2097125,3.0587999935960397
0,369,completed,88369.2066914,88369.2089217,88369.2107354,4.044000001158565
3,369,completed,88369.2067102,88369.2089244,88369.2117091,4.99889999628067
2,369,completed,88369.20685,88369.2090342,88369.2124441,5.594100002781488
5,369,completed,88369.2067761,88369.2090168,88369.2130275,6.251399987377226
4,369,completed,88369.2067355,88369.2089638,88369.2138376,7.10209998942446
3,370,completed,88369.2366019,88369.2389153,88369.2401654,3.5634999949252233
2,370,completed,88369.2365398,88369.2388082,88369.2412996,4.759800009196624
0,370,completed,88369.236576,88369.2389871,88369.2420851,5.509100010385737
5,370,completed,88369.2367591,88369.2390269,88369.2428048,6.0457000072347
1,370,completed,88369.2366584,88369.2391413,88369.2434397,6.78130000596866
4,370,completed,88369.2365215,88369.2391618,88369.2441639,7.642399999895133
4,371,completed,88369.2683055,88369.2703749,88369.2712248,2.9193000082159415
1,371,completed,88369.268288,88369.2703539,88369.2720027,3.714699996635318
0,371,completed,88369.2682872,88369.2703181,88369.2726805,4.393299997900613
5,371,completed,88369.2683807,88369.2704525,88369.2734815,5.1008000009460375
3,371,completed,88369.2684071,88369.2704641,88369.2745654,6.158300006063655
2,371,completed,88369.2685475,88369.2705479,88369.275334,6.78650000190828
3,372,completed,88369.2986063,88369.3003319,88369.3019243,3.3180000027641654
5,372,completed,88369.2986383,88369.3004399,88369.3027429,4.104600011487491
1,372,completed,88369.2986803,88369.3006232,88369.3033586,4.678299999795854
2,372,completed,88369.2986355,88369.3007402,88369.3039175,5.281999998260289
4,372,completed,88369.2987935,88369.3008676,88369.3046203,5.826799999340437
0,372,completed,88369.2987302,88369.3009441,88369.3051714,6.441200006520376
4,373,completed,88369.3293734,88369.3316432,88369.3325062,3.132799989543855
2,373,completed,88369.3293739,88369.3315252,88369.3332203,3.846400009933859
0,373,completed,88369.3293852,88369.331592,88369.333852,4.4667999900411814
1,373,completed,88369.3294559,88369.3316788,88369.3344675,5.011599991121329
5,373,completed,88369.3295491,88369.3316681,88369.3353192,5.77010000415612
3,373,completed,88369.3295828,88369.3316964,88369.3362031,6.620300002396107
5,374,completed,88369.3599757,88369.3610502,88369.3616233,1.6476000018883497
3,374,completed,88369.3599573,88369.3610121,88369.362388,2.430699998512864
1,374,completed,88369.3600234,88369.3611266,88369.363016,2.9925999988336116
0,374,completed,88369.3759888,88369.377174,88369.3786598,2.670999994734302
4,374,completed,88369.376071,88369.3772843,88369.3800547,3.983699993113987
2,374,completed,88369.3759966,88369.3774528,88369.3808181,4.821499998797663
3,375,completed,88369.4067846,88369.4088146,88369.4101178,3.333200002089143
5,375,completed,88369.4069424,88369.4090631,88369.4110267,4.084300002432428
4,375,completed,88369.4068196,88369.4091229,88369.4119452,5.125600000610575
0,375,completed,88369.4069238,88369.4091124,88369.4128337,5.909900006372482
1,375,completed,88369.4067636,88369.4091323,88369.4139095,7.145900002797134
2,375,completed,88369.4067634,88369.4092171,88369.414559,7.795600002282299
0,376,completed,88369.4373511,88369.4393472,88369.4403664,3.0152999970596284
5,376,completed,88369.4373344,88369.4393074,88369.4411906,3.8561999972444028
2,376,completed,88369.4373858,88369.4394455,88369.4418966,4.5107999903848395
3,376,completed,88369.4374841,88369.4395404,88369.4426847,5.200600004172884
1,376,completed,88369.4374182,88369.4397297,88369.4432949,5.876700000953861
4,376,completed,88369.4375309,88369.4397836,88369.443969,6.438099997467361
0,377,completed,88369.4683572,88369.4704232,88369.4710299,2.6726999931270257
4,377,completed,88369.4682898,88369.4703773,88369.4717933,3.5035000037169084
2,377,completed,88369.468326,88369.4704276,88369.4722631,3.937100002076477
5,377,completed,88369.468407,88369.4704627,88369.4727815,4.37450000026729
3,377,completed,88369.4682791,88369.4705206,88369.4734541,5.175000012968667
1,377,completed,88369.4682632,88369.4705339,88369.4739849,5.721699999412522
0,378,completed,88369.4988013,88369.5004221,88369.5012063,2.4050000065471977
3,378,completed,88369.4988452,88369.5006033,88369.5020658,3.220600003260188
1,378,completed,88369.4988762,88369.5006421,88369.5027253,3.8491000013891608
5,378,completed,88369.4990321,88369.5007572,88369.5033678,4.335700010415167
4,378,completed,88369.4988352,88369.5007882,88369.504125,5.289800013997592
2,378,completed,88369.498999,88369.5008853,88369.504684,5.684999996447004
4,379,completed,88369.5304461,88369.5324769,88369.5333528,2.9066999995848164
5,379,completed,88369.5305097,88369.5325283,88369.5340076,3.497900004731491
1,379,completed,88369.530621,88369.5326387,88369.534539,3.9180000021588057
0,379,completed,88369.5305777,88369.5326254,88369.5350868,4.509099991992116
2,379,completed,88369.5304591,88369.5326743,88369.5356171,5.157999999937601
3,379,completed,88369.5304494,88369.5326973,88369.5363045,5.855099996551871
2,380,completed,88369.5609723,88369.5630988,88369.5638397,2.8674000059254467
5,380,completed,88369.5609716,88369.5629726,88369.5646934,3.72179999249056
3,380,completed,88369.5610435,88369.5631458,88369.5655976,4.554099999950267
4,380,completed,88369.561085,88369.5632088,88369.5663469,5.26190000528004
1,380,completed,88369.5609897,88369.5632533,88369.5669538,5.964099997072481
0,380,completed,88369.5611655,88369.5633035,88369.5674408,6.27530000929255
5,381,completed,88369.6075521,88369.6097232,88369.6103643,2.812199993059039
2,381,completed,88369.6075527,88369.6097166,88369.6110012,3.4484999923733994
3,381,completed,88369.6075694,88369.6097127,88369.6116593,4.0899000014178455
0,381,completed,88369.6076297,88369.6098071,88369.612201,4.571299999952316
4,381,completed,88369.6077088,88369.6098233,88369.6129017,5.192900003748946
1,381,completed,88369.6076844,88369.6098432,88369.6135195,5.835099989781156
5,382,completed,88369.6383521,88369.6403138,88369.6413054,2.953300005174242
2,382,completed,88369.6383733,88369.6404236,88369.6420913,3.7180000072112307
3,382,completed,88369.6383976,88369.640489,88369.6427359,4.338299986557104
4,382,completed,88369.638438,88369.6405214,88369.6432889,4.850900004385039
0,382,completed,88369.6385387,88369.6405595,88369.6437822,5.243499996140599
1,382,completed,88369.6384929,88369.6406033,88369.6442729,5.779999992228113
5,383,completed,88369.6689519,88369.6711824,88369.6719574,3.0054999951971695
4,383,completed,88369.6689323,88369.6711866,88369.6726224,3.690099998493679
0,383,completed,88369.6689021,88369.6712364,88369.6731688,4.266699994332157
1,383,completed,88369.6691135,88369.6713714,88369.6738062,4.692699993029237
3,383,completed,88369.6689937,88369.6713718,88369.6743406,5.346899997675791
2,383,completed,88369.6691026,88369.6713645,88369.6748936,5.790999988676049
5,384,completed,88369.6994467,88369.7012602,88369.7021028,2.6560999976936728
3,384,completed,88369.6995535,88369.7015661,88369.7027786,3.2250999938696623
1,384,completed,88369.6995959,88369.701603,88369.7036526,4.0566999959992245
0,384,completed,88369.6994446,88369.7015871,88369.7043086,4.864000002271496
4,384,completed,88369.6996566,88369.7016074,88369.7049205,5.2638999914051965
2,384,completed,88369.6994718,88369.7016405,88369.705461,5.989199999021366
0,385,completed,88369.7310061,88369.7334874,88369.7343635,3.3573999971849844
1,385,completed,88369.7309998,88369.7333908,88369.7350777,4.077899997355416
2,385,completed,88369.731097,88369.7335688,88369.7356291,4.532100007054396
3,385,completed,88369.7311696,88369.7336189,88369.73621,5.040400006691925
4,385,completed,88369.731015,88369.7337071,88369.7367576,5.742599998484366
5,385,completed,88369.7310261,88369.7337201,88369.7373029,6.276800006162375
1,386,completed,88369.7626514,88369.7648198,88369.7658908,3.239400000893511
3,386,completed,88369.762654,88369.7647786,88369.7668927,4.238699999405071
4,386,completed,88369.7626904,88369.7649253,88369.7676085,4.9180999922100455
5,386,completed,88369.7627737,88369.7650135,88369.7682002,5.426499992609024
2,386,completed,88369.7628609,88369.7650588,88369.7687675,5.906600010348484
0,386,completed,88369.7627282,88369.765076,88369.7692843,6.556099993758835
3,387,completed,88369.7941755,88369.7956954,88369.7964138,2.2382999886758626
2,387,completed,88369.7941544,88369.79568,88369.7970623,2.907899994170293
0,387,completed,88369.7942259,88369.7957792,88369.7976069,3.381000002264045
5,387,completed,88369.7942751,88369.7957864,88369.7981486,3.8735000125598162
4,387,completed,88369.8095118,88369.8101737,88369.81075,1.2381999986246228
1,387,completed,88369.809508,88369.8101775,88369.8113539,1.8458999984432012
3,388,completed,88369.8411569,88369.8434801,88369.8443676,3.2107000006362796
1,388,completed,88369.8413455,88369.8435162,88369.8451332,3.787699999520555
4,388,completed,88369.8412708,88369.8434798,88369.8457049,4.434100002981722
5,388,completed,88369.8411891,88369.8435386,88369.846238,5.048899998655543
0,388,completed,88369.8412035,88369.8435979,88369.8467988,5.59530001191888
2,388,completed,88369.8412263,88369.843617,88369.8473331,6.106799992267042
3,389,completed,88369.8719411,88369.8739688,88369.8747542,2.813099999912083
0,389,completed,88369.8719816,88369.8740559,88369.875443,3.4614000032888725
5,389,completed,88369.8719311,88369.8740122,88369.8760225,4.09139999828767
2,389,completed,88369.8720209,88369.8741458,88369.8766138,4.592900004354306
1,389,completed,88369.8720707,88369.8741691,88369.8773992,5.328500003088266
4,389,completed,88369.8721519,88369.8741769,88369.8782689,6.117000011727214
4,390,completed,88369.9030126,88369.904872,88369.9057376,2.7249999984633178
2,390,completed,88369.9029996,88369.9048787,88369.9064457,3.446100003202446
1,390,completed,88369.9030432,88369.9050206,88369.9070097,3.9664999931119382
3,390,completed,88369.9031054,88369.9050575,88369.9075729,4.467500009923242
5,390,completed,88369.9033003,88369.9051875,88369.9080951,4.794800013769418
0,390,completed,88369.9032505,88369.9055733,88369.9086346,5.38409998989664
3,391,completed,88369.9335778,88369.9354486,88369.9367194,3.141599998343736
2,391,completed,88369.9341628,88369.9361026,88369.9373699,3.207100002327934
0,391,completed,88369.9341538,88369.9360894,88369.9378987,3.744899993762374
5,391,completed,88369.934232,88369.9362024,88369.9384265,4.194499997538514
4,391,completed,88369.9343076,88369.9362733,88369.9389589,4.6513000124832615
1,391,completed,88369.9335722,88369.936346,88369.9395967,6.024500005878508
3,392,completed,88369.9642345,88369.9661126,88369.9670841,2.849600001354702
1,392,completed,88369.9643785,88369.966429,88369.9679853,3.606800004490651
2,392,completed,88369.9642278,88369.9664338,88369.9686832,4.455400005099364
5,392,completed,88369.9643475,88369.9664409,88369.9693415,4.993999988073483
0,392,completed,88369.9642846,88369.9664651,88369.9698979,5.613299988908693
4,392,completed,88369.9644473,88369.9664646,88369.9704513,6.0040000098524615
4,393,completed,88369.9948538,88369.9971492,88369.998078,3.2242000015685335
3,393,completed,88369.9949619,88369.9973094,88369.9987979,3.836000003502704
1,393,completed,88369.994915,88369.9972968,88369.9993313,4.416299998410977
5,393,completed,88369.994947,88369.9972939,88369.9998769,4.929899994749576
0,393,completed,88369.9948699,88369.9972931,88370.0004161,5.546200001845136
2,393,completed,88369.994957,88369.997411,88370.0009555,5.998499997076578
5,394,completed,88370.0413145,88370.0433103,88370.0441753,2.860799999325536
4,394,completed,88370.0413811,88370.043483,88370.0448775,3.496399993309751
2,394,completed,88370.0414062,88370.0434776,88370.0454787,4.072499999892898
1,394,completed,88370.0414765,88370.0435549,88370.0459979,4.521399998338893
0,394,completed,88370.0415673,88370.0435798,88370.0465157,4.948400004650466
3,394,completed,88370.0412943,88370.0432129,88370.0470061,5.7117999967886135
1,395,completed,88370.0724724,88370.0745615,88370.0757995,3.327099999296479
0,395,completed,88370.0725337,88370.0747385,88370.0767213,4.187600003206171
4,395,completed,88370.0725338,88370.0748577,88370.0775426,5.008799998904578
2,395,completed,88370.0725922,88370.0749842,88370.0783683,5.776100006187335
5,395,completed,88370.0725907,88370.0750068,88370.0794315,6.840799993369728
3,395,completed,88370.0726713,88370.0750295,88370.0805551,7.883799989940599
4,396,completed,88370.104107,88370.1058377,88370.1068845,2.7774999907705933
1,396,completed,88370.1041426,88370.1059499,88370.1076359,3.493299998808652
3,396,completed,88370.104079,88370.106063,88370.1082175,4.138500007684343
2,396,completed,88370.1042237,88370.1062495,88370.1087176,4.493900007219054
5,396,completed,88370.1043358,88370.1062893,88370.1092335,4.897699996945448
0,396,completed,88370.1041825,88370.1062733,88370.1097416,5.559099998208694
5,397,completed,88370.13532,88370.1372214,88370.1379897,2.669699999387376
3,397,completed,88370.1353347,88370.1372409,88370.1386112,3.2765000069048256
2,397,completed,88370.1354364,88370.1374946,88370.1391025,3.666100004920736
0,397,completed,88370.1353792,88370.1375071,88370.1395729,4.193700005998835
1,397,completed,88370.1354976,88370.1375293,88370.1400671,4.5695000007981434
4,397,completed,88370.1355367,88370.1375242,88370.1406277,5.090999999083579
5,398,completed,88370.1655456,88370.1678301,88370.1689103,3.364699994563125
2,398,completed,88370.1656026,88370.1679011,88370.1700055,4.402899998240173
3,398,completed,88370.1655761,88370.167853,88370.1707546,5.178499995963648
0,398,completed,88370.1658091,88370.168059,88370.1713624,5.553299997700378
4,398,completed,88370.1657049,88370.1680464,88370.1719426,6.237699999473989
1,398,completed,88370.1656548,88370.168015,88370.1725036,6.848799996078014
5,399,completed,88370.1970802,88370.1993774,88370.2003143,3.2341000041924417
3,399,completed,88370.1970761,88370.1994313,88370.2010508,3.974699997343123
2,399,completed,88370.1970374,88370.1994561,88370.2016535,4.616100006387569
4,399,completed,88370.1971924,88370.1995231,88370.2022409,5.048500010161661
1,399,completed,88370.1972297,88370.1996833,88370.20276,5.5302999971900135
0,399,completed,88370.1971349,88370.1996244,88370.2033338,6.198900009621866
4,400,completed,88370.2281931,88370.2306255,88370.2318624,3.6693000001832843
1,400,completed,88370.2282081,88370.230589,88370.2328959,4.687799999373965
2,400,completed,88370.2283002,88370.2307296,88370.2337013,5.401100002927706
0,400,completed,88370.2282759,88370.2307808,88370.2343507,6.074800010537729
5,400,completed,88370.228473,88370.2308268,88370.2351507,6.677700002910569
3,400,completed,88370.2283784,88370.2308014,88370.2357901,7.411700004013255
5,401,completed,88370.2746693,88370.2767242,88370.2776752,3.005900012794882
0,401,completed,88370.2746399,88370.276708,88370.2784311,3.7911999970674515
4,401,completed,88370.2746617,88370.2767253,88370.27902,4.358300007879734
1,401,completed,88370.2747218,88370.2768546,88370.2797328,5.011000001104549
2,401,completed,88370.2747901,88370.2770182,88370.2806452,5.855099996551871
3,401,completed,88370.2748328,88370.2770198,88370.2813832,6.550399994011968
1,402,completed,88370.3052065,88370.3072192,88370.30805,2.843500013113953
2,402,completed,88370.3051884,88370.3071794,88370.3088345,3.646099998150021
0,402,completed,88370.3052211,88370.3072002,88370.3094832,4.262100002961233
4,402,completed,88370.3053335,88370.3072915,88370.310084,4.750499996589497
3,402,completed,88370.3052623,88370.3072507,88370.3107067,5.444399997941218
5,402,completed,88370.3055008,88370.3075215,88370.3114118,5.911000000196509
2,403,completed,88370.336428,88370.3386348,88370.3393305,2.90250001125969
1,403,completed,88370.3363527,88370.3385902,88370.3399868,3.6340999940875918
4,403,completed,88370.3363701,88370.3386176,88370.3404996,4.129499997361563
0,403,completed,88370.3364461,88370.3386563,88370.3409994,4.553299993858673
3,403,completed,88370.3364934,88370.3387174,88370.3414919,4.998500007786788
5,403,completed,88370.3365666,88370.3387331,88370.3423012,5.73459999577608
2,404,completed,88370.3676015,88370.369385,88370.3726001,4.998600008548237
1,404,completed,88370.3677558,88370.3695619,88370.3741748,6.41899999754969
5,404,completed,88370.3678722,88370.3698001,88370.3758889,8.016699997824617
3,404,completed,88370.3685693,88370.3701524,88370.3771192,8.549899997888133
0,404,completed,88370.3697566,88370.3719226,88370.379216,9.459399996558204
4,404,completed,88370.3705456,88370.3724841,88370.3804751,9.929499996360391
5,405,completed,88370.3994001,88370.4014807,88370.4025702,3.170100011629984
4,405,completed,88370.3994639,88370.40156,88370.4033352,3.871299995807931
1,405,completed,88370.3993999,88370.4017705,88370.403907,4.50710000586696
2,405,completed,88370.399502,88370.4018761,88370.4045618,5.059799994342029
3,405,completed,88370.3995105,88370.4018379,88370.4052213,5.71079998917412
0,405,completed,88370.3995686,88370.4018803,88370.4059027,6.3341000059153885
3,406,completed,88370.4303532,88370.4326796,88370.433657,3.303799996501766
4,406,completed,88370.4304235,88370.4327943,88370.4344457,4.022199995233677
2,406,completed,88370.4303744,88370.432719,88370.435222,4.847599993809126
1,406,completed,88370.4303812,88370.4327924,88370.4358015,5.420300003606826
5,406,completed,88370.4305172,88370.4329402,88370.4364778,5.960599999525584
0,406,completed,88370.4304933,88370.4329748,88370.4370194,6.5260999981546775
2,407,completed,88370.4612138,88370.4632143,88370.4640081,2.79430000227876
3,407,completed,88370.461238,88370.4632267,88370.464697,3.4589999995660037
1,407,completed,88370.461408,88370.4634032,88370.4652124,3.8043999957153574
5,407,completed,88370.4614267,88370.4634196,88370.4658526,4.425899998750538
4,407,completed,88370.4613059,88370.4634971,88370.4663403,5.034400004660711
0,407,completed,88370.4612798,88370.4635398,88370.4668351,5.55529999837745
2,408,completed,88370.5076517,88370.5097073,88370.5108172,3.1655000057071447
3,408,completed,88370.5076478,88370.509789,88370.5117252,4.077400008100085
1,408,completed,88370.5077287,88370.5099646,88370.5123689,4.640200000721961
4,408,completed,88370.507811,88370.5100324,88370.512999,5.187999995541759
5,408,completed,88370.5078611,88370.5100614,88370.5138195,5.958399997325614
0,408,completed,88370.5076982,88370.5100578,88370.5144146,6.716399992001243
4,409,completed,88370.5391868,88370.5412516,88370.5421575,2.9706999921472743
0,409,completed,88370.5392197,88370.5414007,88370.5428598,3.6400999961188063
1,409,completed,88370.539214,88370.5415273,88370.5435569,4.342899992479943
3,409,completed,88370.5393777,88370.541517,88370.5442763,4.898600003798492
2,409,completed,88370.5393221,88370.54151,88370.5450271,5.7050000032177195
5,409,completed,88370.5392245,88370.5415393,88370.545819,6.594500009668991
1,410,completed,88370.5708738,88370.5739621,88370.5754538,4.580000007990748
0,410,completed,88370.5711512,88370.5739877,88370.5776429,6.49169999815058
5,410,completed,88370.5708062,88370.5735069,88370.5794819,8.675699995364994
3,410,completed,88370.5708301,88370.5743233,88370.5806645,9.834399999817833
4,410,completed,88370.5717687,88370.5744679,88370.5815982,9.829500006162561
2,410,completed,88370.5717291,88370.574678,88370.5825223,10.793199995532632
4,411,completed,88370.602466,88370.6043898,88370.6053925,2.926500004832633
5,411,completed,88370.6026416,88370.6046514,88370.6065753,3.93370000529103
0,411,completed,88370.6024923,88370.6046326,88370.6073108,4.818500005058013
3,411,completed,88370.6024563,88370.6046946,88370.6080113,5.555000010645017
1,411,completed,88370.6025753,88370.6047334,88370.6085803,6.00500000291504
2,411,completed,88370.6025721,88370.6048499,88370.6090989,6.526799988932908
1,412,completed,88370.6339151,88370.6362506,88370.6371058,3.1906999938655645
5,412,completed,88370.6339305,88370.6361827,88370.6380743,4.143800004385412
0,412,completed,88370.6340091,88370.6362757,88370.6387319,4.722800003946759
3,412,completed,88370.6339655,88370.6363107,88370.6394083,5.442800000309944
2,412,completed,88370.6341136,88370.6363648,88370.6400265,5.912900000112131
4,412,completed,88370.6340507,88370.6363598,88370.6407545,6.703799997922033
3,413,completed,88370.6660542,88370.6680916,88370.6690016,2.9474000039044768
0,413,completed,88370.6661055,88370.6682091,88370.6698761,3.7706000002799556
1,413,completed,88370.6660615,88370.6682243,88370.67065,4.588499999954365
2,413,completed,88370.6660542,88370.6682013,88370.6713704,5.316199996741489
4,413,completed,88370.6662424,88370.6683527,88370.6719286,5.686200005584396
5,413,completed,88370.6662856,88370.6683545,88370.672603,6.317399995168671
1,414,completed,88370.6972858,88370.6993768,88370.7000017,2.7159000019310042
0,414,completed,88370.6973976,88370.6993758,88370.7006287,3.231099995900877
5,414,completed,88370.697428,88370.6994319,88370.7011215,3.693499995279126
4,414,completed,88370.6973193,88370.6994703,88370.7015935,4.274199993233196
3,414,completed,88370.6972861,88370.6994578,88370.7020844,4.798300011316314
2,414,completed,88370.6975285,88370.6994746,88370.7025474,5.018900003051385
1,415,completed,88370.7275229,88370.729631,88370.7304122,2.889300012611784
3,415,completed,88370.7275568,88370.7296768,88370.7313285,3.771699994103983
5,415,completed,88370.727593,88370.7297614,88370.7320559,4.462900004000403
2,415,completed,88370.7275351,88370.7296985,88370.7326903,5.15520000772085
0,415,completed,88370.7276951,88370.7298055,88370.7333086,5.613500004983507
4,415,completed,88370.7276536,88370.7298024,88370.7338076,6.154000002425164
4,416,completed,88370.7739989,88370.7758687,88370.7768357,2.8368000057525933
2,416,completed,88370.7739989,88370.7759791,88370.7775646,3.5656999971251935
1,416,completed,88370.7741097,88370.7761163,88370.7781372,4.027500006486662
3,416,completed,88370.774336,88370.776231,88370.7786606,4.324599998653866
5,416,completed,88370.7740934,88370.7762098,88370.7792868,5.193399993004277
0,416,completed,88370.7741881,88370.7765137,88370.7799049,5.71680000575725
4,417,completed,88370.8048886,88370.8067995,88370.8077025,2.8138999914517626
0,417,completed,88370.8048752,88370.8068081,88370.8085185,3.6432999913813546
1,417,completed,88370.8049281,88370.8068838,88370.8092088,4.280699999071658
5,417,completed,88370.8050407,88370.8069842,88370.8097562,4.715500006568618
2,417,completed,88370.8051704,88370.8070414,88370.8102773,5.106900003738701
3,417,completed,88370.8049746,88370.8069558,88370.8107837,5.809099995531142
5,418,completed,88370.8358021,88370.8376915,88370.8384246,2.6225000037811697
2,418,completed,88370.8358159,88370.8377762,88370.8391024,3.286499995738268
0,418,completed,88370.8358537,88370.8378668,88370.8396695,3.8157999952090904
3,418,completed,88370.8359674,88370.8379327,88370.8402511,4.2837000073632225
1,418,completed,88370.8357728,88370.8378779,88370.8408069,5.034100002376363
4,418,completed,88370.835915,88370.8379971,88370.8413624,5.447399991680868
3,419,completed,88370.8667538,88370.8686981,88370.8694116,2.6577999960863963
4,419,completed,88370.8667757,88370.8688095,88370.8701261,3.3504000020911917
0,419,completed,88370.8668249,88370.868881,88370.8707698,3.944900003261864
5,419,completed,88370.8669084,88370.8689535,88370.8714026,4.494199994951487
2,419,completed,88370.8670135,88370.8689703,88370.8720039,4.990400004317053
1,419,completed,88370.8668555,88370.8689279,88370.8725584,5.702900001779199
5,420,completed,88370.8971091,88370.8991282,88370.9001574,3.0483000009553507
4,420,completed,88370.897109,88370.8991806,88370.9008921,3.7831000081496313
1,420,completed,88370.8971481,88370.8992848,88370.9014801,4.331999996793456
3,420,completed,88370.8971874,88370.8994086,88370.9019957,4.808300000149757
0,420,completed,88370.897372,88370.8994823,88370.9024916,5.1195999985793605
2,420,completed,88370.8974658,88370.8995797,88370.9029937,5.52790000801906
5,421,completed,88370.9289207,88370.9309702,88370.9317267,2.806000004056841
0,421,completed,88370.9289368,88370.9310607,88370.9325226,3.5857999901054427
3,421,completed,88370.9289204,88370.9310658,88370.9333844,4.464000012376346
2,421,completed,88370.9289615,88370.9311233,88370.9341076,5.146099996636622
4,421,completed,88370.9290067,88370.9311309,88370.9347377,5.730999997467734
1,421,completed,88370.929038,88370.9311351,88370.9353188,6.280799992964603
2,422,completed,88370.9611462,88370.9635243,88370.9644928,3.3466000022599474
4,422,completed,88370.961194,88370.963616,88370.9651863,3.992300000390969
0,422,completed,88370.9612258,88370.9637338,88370.9657114,4.48560000222642
3,422,completed,88370.9613075,88370.963747,88370.9662352,4.927700007101521
1,422,completed,88370.9611403,88370.963775,88370.9666891,5.548799992538989
5,422,completed,88370.9614081,88370.963881,88370.9674973,6.089199989219196
3,423,completed,88371.0071839,88371.0091136,88371.0101621,2.978200005600229
4,423,completed,88371.007115,88371.0090023,88371.011078,3.962999995565042
0,423,completed,88371.00709,88371.0089497,88371.0116722,4.582199995638803
2,423,completed,88371.0072553,88371.0092315,88371.0122612,5.005899991374463
5,423,completed,88371.0070909,88371.009299,88371.0127765,5.6856000010157
1,423,completed,88371.0073992,88371.0095537,88371.0132379,5.838700002641417
0,424,completed,88371.0380407,88371.0400939,88371.0407929,2.752200001850724
2,424,completed,88371.0382031,88371.0400769,88371.0414491,3.245999992941506
4,424,completed,88371.0380842,88371.0400691,88371.0419442,3.859999997075647
3,424,completed,88371.0380401,88371.0400721,88371.0425032,4.463100005523302
1,424,completed,88371.0380791,88371.0401133,88371.0430107,4.931599993142299
5,424,completed,88371.0381738,88371.0402081,88371.043724,5.550200003199279
4,425,completed,88371.0687425,88371.0707827,88371.0718617,3.119199987850152
0,425,completed,88371.0687425,88371.0708254,88371.0727362,3.9936999964993447
3,425,completed,88371.0687688,88371.0708541,88371.0734561,4.687299995566718
1,425,completed,88371.0688456,88371.0710134,88371.0742046,5.358999987947755
2,425,completed,88371.0688957,88371.0710104,88371.0749277,6.0320000047795475
5,425,completed,88371.0690043,88371.0712757,88371.0754404,6.43609999679029
0,426,completed,88371.1003283,88371.1022798,88371.1029769,2.6485999987926334
4,426,completed,88371.1003063,88371.1022059,88371.1036103,3.303999998024665
1,426,completed,88371.1004309,88371.1024541,88371.1041566,3.7257000076351687
5,426,completed,88371.1005293,88371.1024717,88371.1046247,4.095399999641813
2,426,completed,88371.1003017,88371.1024392,88371.1051501,4.848399999900721
3,426,completed,88371.1003427,88371.1024912,88371.1056827,5.340000003343448
3,427,completed,88371.1306618,88371.132557,88371.1332119,2.5501000054646283
5,427,completed,88371.1306543,88371.1325566,88371.1340779,3.4236000064993277
4,427,completed,88371.1307009,88371.1326633,88371.1348799,4.178999995929189
2,427,completed,88371.1307272,88371.1327078,88371.1357381,5.010900000343099
0,427,completed,88371.1307791,88371.1327374,88371.1363671,5.587999999988824
1,427,completed,88371.1310402,88371.1327865,88371.1369271,5.886900005862117
3,428,completed,88371.1611587,88371.1632174,88371.164523,3.364300006069243
2,428,completed,88371.1611719,88371.1632665,88371.1653976,4.225699987728149
5,428,completed,88371.1612056,88371.163381,88371.1658846,4.6790000051259995
0,428,completed,88371.1613472,88371.1635642,88371.1664132,5.065999997896142
4,428,completed,88371.1613184,88371.1635555,88371.1669254,5.606999999145046
1,428,completed,88371.1614633,88371.1638016,88371.167433,5.969699996057898
1,429,completed,88371.2079145,88371.2098663,88371.2108366,2.9221000004326925
2,429,completed,88371.2078404,88371.2097585,88371.2118139,3.973499988205731
3,429,completed,88371.2078626,88371.2097633,88371.2125849,4.722300000139512
0,429,completed,88371.2079688,88371.210051,88371.2131749,5.206100002396852
5,429,completed,88371.2080111,88371.2100542,88371.2137149,5.703800008632243
4,429,completed,88371.2081078,88371.2100635,88371.2142143,6.106499989982694
2,430,completed,88371.2395204,88371.2417777,88371.2426699,3.1495000002905726
1,430,completed,88371.239495,88371.2418155,88371.2434095,3.9145000046119094
0,430,completed,88371.2394957,88371.2417904,88371.2439583,4.46259998716414
5,430,completed,88371.2397835,88371.2419985,88371.2444877,4.704199993284419
3,430,completed,88371.2396269,88371.2419699,88371.2451884,5.561500001931563
4,430,completed,88371.2399562,88371.2420531,88371.2459123,5.956099994364195
5,431,completed,88371.2703842,88371.2727395,88371.2738225,3.4383000020170584
1,431,completed,88371.2703097,88371.2725524,88371.2749005,4.5907999883638695
3,431,completed,88371.2704458,88371.2727668,88371.2756641,5.2183000079821795
0,431,completed,88371.2703078,88371.2728652,88371.2764717,6.163899990497157
4,431,completed,88371.2703156,88371.2729331,88371.2770202,6.7045999894617125
2,431,completed,88371.2704948,88371.2729756,88371.2775541,7.059299998218194
3,432,completed,88371.3014492,88371.3035491,88371.3043833,2.9341000044951215
4,432,completed,88371.3014675,88371.3036956,88371.3050189,3.55140000465326
2,432,completed,88371.3014001,88371.3036994,88371.3055518,4.1517000063322484
5,432,completed,88371.3015995,88371.3037515,88371.3060698,4.470300002139993
0,432,completed,88371.3015673,88371.3037549,88371.3065552,4.9878999998327345
1,432,completed,88371.3014755,88371.3038222,88371.3070091,5.533599993214011
3,433,completed,88371.3320101,88371.3338457,88371.3345446,2.5345000030938536
0,433,completed,88371.3321254,88371.3339858,88371.3354386,3.3131999953184277
1,433,completed,88371.3319785,88371.3339959,88371.3362216,4.243099989253096
4,433,completed,88371.3319885,88371.3339838,88371.3369208,4.932299998472445
5,433,completed,88371.3320733,88371.3340976,88371.337581,5.507699999725446
2,433,completed,88371.3320972,88371.3341071,88371.3382777,6.180500000482425
2,434,completed,88371.3638594,88371.3661514,88371.3670766,3.217200006474741
3,434,completed,88371.3639109,88371.366173,88371.3677105,3.7995999882696196
4,434,completed,88371.3639583,88371.3663108,88371.3681507,4.192399996099994
1,434,completed,88371.364048,88371.3663968,88371.3686606,4.612599994288757
5,434,completed,88371.3641179,88371.3663973,88371.3691401,5.022199999075383
0,434,completed,88371.363861,88371.3664515,88371.369671,5.809999987832271
1,435,completed,88371.3942039,88371.396281,88371.3969254,2.7215000009164214
5,435,completed,88371.3942229,88371.3962717,88371.3976096,3.3867000020109117
4,435,completed,88371.3942437,88371.3963493,88371.3983304,4.086700006155297
2,435,completed,88371.3943108,88371.3964244,88371.398983,4.6722000115551054
0,435,completed,88371.394378,88371.3964506,88371.3996821,5.304100006469525
3,435,completed,88371.3945045,88371.3964738,88371.4001881,5.683600000338629
2,436,completed,88371.4410203,88371.4430472,88371.4437001,2.679800003534183
4,436,completed,88371.4410583,88371.4431629,88371.4443293,3.2709999941289425
1,436,completed,88371.4411149,88371.4431941,88371.4448324,3.717500003403984
5,436,completed,88371.4410785,88371.443173,88371.4453357,4.257200009305961
3,436,completed,88371.4410329,88371.4431596,88371.4458535,4.820600006496534
0,436,completed,88371.4411946,88371.4432127,88371.4464393,5.244699990726076
1,437,completed,88371.4720272,88371.4738395,88371.4751045,3.07730000349693
2,437,completed,88371.4721575,88371.4741258,88371.475998,3.8404999941121787
0,437,completed,88371.4720262,88371.4742798,88371.4767891,4.762899989145808
3,437,completed,88371.4720377,88371.4743036,88371.47738,5.342299991752952
5,437,completed,88371.4721212,88371.4743427,88371.4780706,5.94940000155475
4,437,completed,88371.4720932,88371.4743652,88371.4785743,6.481099990196526
3,438,completed,88371.5035622,88371.505775,88371.5065075,2.945300002465956
0,438,completed,88371.5036684,88371.5057392,88371.5071792,3.510800001095049
1,438,completed,88371.5036941,88371.5057926,88371.5076931,3.998999993200414
4,438,completed,88371.5035899,88371.505836,88371.5081888,4.598899991833605
2,438,completed,88371.503562,88371.5058293,88371.508842,5.279999997583218
5,438,completed,88371.5036074,88371.5058439,88371.5096149,6.007500007399358
0,439,completed,88371.5341167,88371.5361521,88371.5372675,3.150799995637499
1,439,completed,88371.5341168,88371.5361834,88371.5381328,4.015999991679564
2,439,completed,88371.5341393,88371.5362148,88371.5388124,4.673100003856234
4,439,completed,88371.534194,88371.5362679,88371.5393675,5.173499986995012
5,439,completed,88371.534274,88371.5363054,88371.5398799,5.605899990769103
3,439,completed,88371.5343504,88371.5366228,88371.540385,6.0345999954734
1,440,completed,88371.5653837,88371.5677264,88371.5685197,3.1359999993583187
4,440,completed,88371.5653121,88371.567668,88371.5691678,3.855699993437156
5,440,completed,88371.565313,88371.5676676,88371.5697217,4.408699998748489
0,440,completed,88371.5653538,88371.5677167,88371.5702204,4.866599992965348
2,440,completed,88371.5654453,88371.5678119,88371.5707076,5.262299993773922
3,440,completed,88371.5655184,88371.5678277,88371.5712858,5.767399998148903
5,441,completed,88371.5966189,88371.598649,88371.5996132,2.994299997226335
2,441,completed,88371.5966396,88371.5987046,88371.6004227,3.783099993597716
4,441,completed,88371.5967104,88371.5988081,88371.6011361,4.425699997227639
0,441,completed,88371.5967931,88371.5988456,88371.6017999,5.006799998227507
1,441,completed,88371.5968891,88371.5988739,88371.6023928,5.503700012923218
3,441,completed,88371.5965999,88371.598592,88371.6029128,6.312899990007281
1,442,completed,88371.6279865,88371.6301645,88371.6309829,2.996399998664856
4,442,completed,88371.6280891,88371.6302966,88371.6316273,3.538199991453439
5,442,completed,88371.6280336,88371.6302305,88371.6321752,4.141599987633526
2,442,completed,88371.6281412,88371.6303156,88371.6327229,4.581700006383471
0,442,completed,88371.6279854,88371.6303708,88371.6332693,5.283899998175912
3,442,completed,88371.6279954,88371.6304303,88371.6340303,6.034899997757748
0,443,completed,88371.6747307,88371.677374,88371.6782727,3.5419999912846833
4,443,completed,88371.6747314,88371.6773299,88371.6791112,4.379800011520274
5,443,completed,88371.6747531,88371.6773285,88371.6796629,4.909800001769327
1,443,completed,88371.6748464,88371.6773847,88371.6802631,5.41670000529848
3,443,completed,88371.6749529,88371.6774638,88371.6808188,5.8659000060288236
2,443,completed,88371.6748143,88371.6775289,88371.6813699,6.555600004503503
4,444,completed,88371.705492,88371.7074816,88371.7081653,2.673300012247637
5,444,completed,88371.7054837,88371.707491,88371.708776,3.2922999962465838
3,444,completed,88371.7055281,88371.7076103,88371.7092366,3.7084999930812046
0,444,completed,88371.7056319,88371.7076753,88371.7096853,4.053399999975227
2,444,completed,88371.7055794,88371.7076722,88371.7102239,4.644499989808537
1,444,completed,88371.7056875,88371.7076912,88371.7109119,5.224399996222928
1,445,completed,88371.7376904,88371.7399628,88371.7409229,3.2325000065611675
3,445,completed,88371.7376801,88371.7401916,88371.7416121,3.931999992346391
5,445,completed,88371.7377275,88371.7401901,88371.7421645,4.436999995959923
4,445,completed,88371.7378948,88371.7402654,88371.7426606,4.7657999966759235
0,445,completed,88371.7378863,88371.7402745,88371.7432651,5.378799993195571
2,445,completed,88371.7380538,88371.7404435,88371.7438218,5.768000002717599
5,446,completed,88371.7690487,88371.7709694,88371.7719453,2.8965999954380095
2,446,completed,88371.7691843,88371.7711832,88371.7727538,3.569499996956438
1,446,completed,88371.7690479,88371.7712107,88371.7736917,4.643799999030307
4,446,completed,88371.7692074,88371.7713518,88371.7747379,5.530500013264827
0,446,completed,88371.7691139,88371.7713319,88371.7754461,6.332200005999766
3,446,completed,88371.7690935,88371.7713259,88371.776097,7.003499995335005
1,447,completed,88371.800654,88371.8026699,88371.8034745,2.820499998051673
2,447,completed,88371.8007802,88371.8028036,88371.8041792,3.3989999938057736
4,447,completed,88371.8006061,88371.8028053,88371.8047188,4.112700000405312
5,447,completed,88371.8005987,88371.8028173,88371.8053937,4.794999986188486
0,447,completed,88371.8007136,88371.8028829,88371.8058932,5.179600004339591
3,447,completed,88371.8006825,88371.8028908,88371.8064035,5.720999994082376
3,448,completed,88371.8321502,88371.834091,88371.834758,2.6077999937115237
4,448,completed,88371.8321499,88371.834076,88371.8356187,3.4688000014284626
1,448,completed,88371.83218,88371.8341528,88371.8362336,4.0536000014981255
0,448,completed,88371.8322369,88371.8342037,88371.8368118,4.574900012812577
5,448,completed,88371.8324835,88371.8343052,88371.8373676,4.88410000980366
2,448,completed,88371.8325228,88371.8343163,88371.8378719,5.349099999875762
0,449,completed,88371.8638075,88371.8660019,88371.8669414,3.133899997919798
2,449,completed,88371.863908,88371.8661717,88371.8676477,3.739699997822754
4,449,completed,88371.8638379,88371.8661622,88371.8682497,4.411799993249588
1,449,completed,88371.8638128,88371.8662854,88371.8688943,5.081499999505468
3,449,completed,88371.8639602,88371.8662793,88371.8694926,5.532399998628534
5,449,completed,88371.8638706,88371.8663551,88371.8702075,6.3368999981321394
0,450,completed,88371.8946015,88371.8966124,88371.8972434,2.6419000059831887
4,450,completed,88371.8946013,88371.8965995,88371.89804,3.438700005062856
5,450,completed,88371.8946304,88371.8966882,88371.8986074,3.9770000003045425
2,450,completed,88371.8947118,88371.8967676,88371.8991701,4.458299998077564
1,450,completed,88371.8947392,88371.8967712,88371.8997074,4.968200009898283
3,450,completed,88371.8948797,88371.8967888,88371.9002542,5.37449998955708
2,451,completed,88371.9412995,88371.943643,88371.9443929,3.093399995123036
0,451,completed,88371.9413439,88371.9436395,88371.9450389,3.6949999921489507
3,451,completed,88371.9412936,88371.943729,88371.9455039,4.210300001432188
4,451,completed,88371.9422699,88371.9439853,88371.9459934,3.7235000054351985
1,451,completed,88371.9421613,88371.9439765,88371.9465921,4.4307999924058095
5,451,completed,88371.9420605,88371.9439681,88371.9471451,5.084599994006567
3,452,completed,88371.97147,88371.9738258,88371.9753351,3.8650999922538176
4,452,completed,88371.9716227,88371.9741073,88371.9763446,4.721899997093715
1,452,completed,88371.9715607,88371.9741042,88371.9770085,5.4478000092785805
0,452,completed,88371.971519,88371.973963,88371.9776214,6.102400002419017
2,452,completed,88371.9714715,88371.9740877,88371.9783246,6.853099999716505
5,452,completed,88371.9717561,88371.9742717,88371.978836,7.07989999500569
1,453,completed,88372.0030336,88372.0050563,88372.0058246,2.790999991702847
4,453,completed,88372.003083,88372.005195,88372.0064618,3.378800000064075
5,453,completed,88372.0030863,88372.0051744,88372.0069572,3.8709000073140487
2,453,completed,88372.0030323,88372.0052435,88372.0074442,4.411900008562952
3,453,completed,88372.003171,88372.0052548,88372.0079449,4.773900000145659
0,453,completed,88372.0031349,88372.0053429,88372.0086726,5.5376999953296036
1,454,completed,88372.0335197,88372.0353721,88372.0361384,2.6187000039499253
3,454,completed,88372.0335047,88372.0354699,88372.0369027,3.3980000007431954
0,454,completed,88372.0335366,88372.0355277,88372.0374709,3.9342999953078106
4,454,completed,88372.0335964,88372.0355975,88372.0380211,4.424700004165061
2,454,completed,88372.0336295,88372.0357325,88372.0385595,4.929999995511025
5,454,completed,88372.0336966,88372.0357274,88372.0390845,5.3878999897278845
3,455,completed,88372.0644441,88372.0666223,88372.0674018,2.957699995022267
5,455,completed,88372.0643923,88372.0665796,88372.0681314,3.739099993254058
4,455,completed,88372.0645174,88372.0667297,88372.0686732,4.155800008447841
2,455,completed,88372.064369,88372.0667955,88372.0692332,4.864200003794394
0,455,completed,88372.0645676,88372.0667885,88372.0698448,5.277200005366467
1,455,completed,88372.0644272,88372.0667784,88372.0703648,5.9375999990152195
0,456,completed,88372.0950541,88372.0971377,88372.0977701,2.7159999881405383
2,456,completed,88372.0950564,88372.0971483,88372.0988883,3.831900001387112
4,456,completed,88372.0951114,88372.0972712,88372.0994977,4.386299988254905
3,456,completed,88372.0950984,88372.0972436,88372.1001336,5.035200010752305
5,456,completed,88372.0951644,88372.0972823,88372.1007014,5.537000004551373
1,456,completed,88372.0952007,88372.0972972,88372.1012385,6.037800005287863
3,457,completed,88372.1411264,88372.1434599,88372.1442254,3.0989999941084534
1,457,completed,88372.1411258,88372.1434561,88372.1448738,3.748000002815388
4,457,completed,88372.1411938,88372.1434766,88372.1453816,4.18780000472907
2,457,completed,88372.1412539,88372.1435406,88372.1459058,4.651900002500042
0,457,completed,88372.1413062,88372.1436831,88372.1464338,5.127599986735731
5,457,completed,88372.1413099,88372.1437568,88372.1469528,5.6428999960189685
0,458,completed,88372.1714274,88372.17349,88372.1742192,2.791799997794442
5,458,completed,88372.1715139,88372.1736629,88372.1749277,3.413800004636869
1,458,completed,88372.1715717,88372.1736932,88372.1756654,4.09370000124909
4,458,completed,88372.1714791,88372.1735962,88372.17693,5.4509000037796795
2,458,completed,88372.1713885,88372.17369,88372.1778829,6.494399989605881
3,458,completed,88372.1713848,88372.1736789,88372.1784912,7.106399993062951
0,459,completed,88372.2027789,88372.2048372,88372.2057992,3.0203000060282648
3,459,completed,88372.2028711,88372.2050391,88372.2065037,3.632599997217767
1,459,completed,88372.2027876,88372.2050735,88372.207048,4.2603999900165945
5,459,completed,88372.2029881,88372.2051676,88372.2075711,4.583000001730397
2,459,completed,88372.2029591,88372.2052968,88372.2081313,5.172199991648085
4,459,completed,88372.2030545,88372.2053079,88372.2086672,5.612699998891912
1,460,completed,88372.2341921,88372.236221,88372.2368857,2.6935999921988696
3,460,completed,88372.2341883,88372.2362037,88372.2374994,3.311099993879907
2,460,completed,88372.2342356,88372.2363293,88372.2380969,3.8612999924225733
5,460,completed,88372.2343574,88372.2364251,88372.2387098,4.352400006609969
4,460,completed,88372.2344416,88372.2364329,88372.2393478,4.906200003460981
0,460,completed,88372.2343085,88372.2364004,88372.2399519,5.643399999826215
2,461,completed,88372.2657588,88372.268502,88372.2693748,3.616000001784414
3,461,completed,88372.2657011,88372.2684583,88372.2702093,4.508199999690987
5,461,completed,88372.2657335,88372.2685096,88372.2708351,5.101600007037632
1,461,completed,88372.2659116,88372.2685909,88372.2714614,5.549800000153482
0,461,completed,88372.2658429,88372.2685691,88372.2720972,6.254299994907342
4,461,completed,88372.2658448,88372.2685759,88372.2728598,7.014999995590188
4,462,completed,88372.2964004,88372.2983469,88372.2991017,2.701300007174723
0,462,completed,88372.296481,88372.2985311,88372.2996775,3.1965000089257956
5,462,completed,88372.2965445,88372.2986011,88372.3001728,3.628299993579276
1,462,completed,88372.2964002,88372.2986339,88372.3007598,4.35960000322666
2,462,completed,88372.2966439,88372.2986347,88372.3013956,4.751700005726889
3,462,completed,88372.29642,88372.2986341,88372.3019882,5.568199994741008
4,463,completed,88372.3271651,88372.3297562,88372.3308319,3.6668000102508813
3,463,completed,88372.3271971,88372.3299946,88372.3315528,4.355699988082051
0,463,completed,88372.3273859,88372.3301578,88372.3320763,4.690399990067817
5,463,completed,88372.3272398,88372.3303253,88372.3325938,5.354000008082949
1,463,completed,88372.3273307,88372.3303224,88372.3331085,5.777799990028143
2,463,completed,88372.3272598,88372.3303533,88372.3336443,6.384499996784143
0,464,completed,88372.3741533,88372.3766988,88372.3776738,3.5205000021960586
3,464,completed,88372.3741892,88372.3767605,88372.3785269,4.337700011092238
4,464,completed,88372.3741291,88372.376805,88372.3791618,5.032699991716072
2,464,completed,88372.3741295,88372.3769405,88372.3797762,5.646699995850213
1,464,completed,88372.3742446,88372.3770203,88372.3803852,6.140600002254359
5,464,completed,88372.3743439,88372.377023,88372.3809676,6.623699999181554
2,465,completed,88372.4045422,88372.4068534,88372.4076777,3.135499995551072
1,465,completed,88372.4045313,88372.4069576,88372.4083588,3.8275000115390867
5,465,completed,88372.4045189,88372.4068326,88372.4088862,4.367300003650598
0,465,completed,88372.4046246,88372.407001,88372.4093864,4.76179999532178
3,465,completed,88372.4047379,88372.4070419,88372.4098694,5.13150000188034
4,465,completed,88372.4046913,88372.4071671,88372.4103533,5.66199999593664
5,466,completed,88372.4359484,88372.4388385,88372.4399232,3.9747999981045723
4,466,completed,88372.4360247,88372.4388151,88372.4409042,4.879500003880821
3,466,completed,88372.4359808,88372.4387726,88372.4416794,5.698599998140708
1,466,completed,88372.4361203,88372.4389187,88372.4422696,6.149299995740876
2,466,completed,88372.4359487,88372.4389256,88372.4428252,6.8765000032726675
0,466,completed,88372.4360498,88372.4391749,88372.4433864,7.336599999689497
3,467,completed,88372.4674635,88372.4697046,88372.470362,2.8984999953536317
1,467,completed,88372.46726,88372.4697213,88372.4710379,3.7778999976580963
5,467,completed,88372.4673098,88372.4696797,88372.4715798,4.269999990356155
0,467,completed,88372.4674101,88372.4697179,88372.4721303,4.720199998700991
4,467,completed,88372.4672593,88372.4697164,88372.4726867,5.427399999462068
2,467,completed,88372.4673557,88372.4696791,88372.4733205,5.964799987850711
4,468,completed,88372.4984001,88372.5004371,88372.5015341,3.1339999986812472
0,468,completed,88372.4986268,88372.5007275,88372.5029461,4.319299987400882
1,468,completed,88372.4984302,88372.5006751,88372.5039618,5.531600007088855
3,468,completed,88372.4985142,88372.500746,88372.504666,6.151800000225194
2,468,completed,88372.4986519,88372.5008302,88372.5052928,6.640899999183603
5,468,completed,88372.4985338,88372.5008837,88372.5060152,7.48139999632258
3,469,completed,88372.5302312,88372.5330461,88372.5339225,3.691300007631071
1,469,completed,88372.5297879,88372.5329869,88372.5347983,5.0103999965358526
4,469,completed,88372.5302695,88372.5331759,88372.5355526,5.283100006636232
2,469,completed,88372.5298772,88372.5330986,88372.5364336,6.556400010595098
5,469,completed,88372.5299975,88372.5332524,88372.5373232,7.325700004003011
0,469,completed,88372.5299477,88372.5331882,88372.5382718,8.324100010213442
4,470,completed,88372.5750565,88372.5777201,88372.5791324,4.075899996678345
2,470,completed,88372.5751016,88372.5779359,88372.5804288,5.3272000077413395
5,470,completed,88372.5750557,88372.5779537,88372.5812039,6.148200001916848
0,470,completed,88372.5750555,88372.5779448,88372.5818887,6.833200008259155
1,470,completed,88372.575266,88372.5777883,88372.5826545,7.388500001979992
3,470,completed,88372.5751395,88372.5779555,88372.5836943,8.55480000609532
3,471,completed,88372.6063902,88372.6087766,88372.6113791,4.988899992895313
2,471,completed,88372.6063331,88372.6087931,88372.6123333,6.000199995469302
5,471,completed,88372.6063339,88372.6089034,88372.6139133,7.579400000395253
0,471,completed,88372.6065072,88372.6090722,88372.6152859,8.778699993854389
1,471,completed,88372.6070436,88372.6092151,88372.6165871,9.543499996652827
4,471,completed,88372.607501,88372.6093919,88372.617707,10.2059999917401
5,472,completed,88372.6371715,88372.6395532,88372.6409147,3.7431999953696504
0,472,completed,88372.6370719,88372.639737,88372.6422726,5.200700004934333
2,472,completed,88372.6372454,88372.6398222,88372.6434655,6.220100010978058
4,472,completed,88372.6371265,88372.639835,88372.6446141,7.487599999876693
1,472,completed,88372.6371824,88372.6398933,88372.6456279,8.445500003290363
3,472,completed,88372.6376063,88372.6400997,88372.6470481,9.441799993510358
1,473,completed,88372.6681995,88372.6702117,88372.6729729,4.773400010890327
3,473,completed,88372.6680484,88372.6701599,88372.6743988,6.350399999064393
4,473,completed,88372.6680521,88372.670224,88372.675671,7.618900010129437
2,473,completed,88372.6681692,88372.6702248,88372.6769217,8.752499998081475
5,473,completed,88372.6683067,88372.6723073,88372.6785329,10.226200000033714
0,473,completed,88372.670983,88372.6728563,88372.6796789,8.695900003658608
4,474,completed,88372.6992083,88372.7015947,88372.7031347,3.926400007912889
2,474,completed,88372.6992082,88372.701683,88372.7047499,5.541699996683747
1,474,completed,88372.6992957,88372.7017787,88372.7057325,6.436800002120435
3,474,completed,88372.6993393,88372.7018182,88372.7066176,7.27829999232199
0,474,completed,88372.699559,88372.7020533,88372.7073873,7.828300003893673
5,474,completed,88372.6997494,88372.7021193,88372.708078,8.328600000822917
1,475,completed,88372.7305136,88372.7326351,88372.7341278,3.614199988078326
3,475,completed,88372.7305797,88372.7330064,88372.735423,4.8433000047225505
4,475,completed,88372.730778,88372.7330351,88372.7364526,5.674600004567765
5,475,completed,88372.7304634,88372.7329663,88372.7376075,7.144100003642961
2,475,completed,88372.7305103,88372.7334858,88372.7392986,8.788300008745864
0,475,completed,88372.7305103,88372.7335223,88372.740357,9.84670000616461
0,476,completed,88372.7613231,88372.7634358,88372.7648938,3.57070000609383
4,476,completed,88372.7615577,88372.7638646,88372.7664211,4.8633999977028
3,476,completed,88372.7613714,88372.7639557,88372.7675536,6.182199998875149
5,476,completed,88372.7615357,88372.763957,88372.7684774,6.941699990420602
2,476,completed,88372.7614742,88372.7641019,88372.7694236,7.949399994686246
1,476,completed,88372.7617496,88372.7641706,88372.7705019,8.752299996558577
1,477,completed,88372.8080427,88372.809899,88372.8125914,4.548700002487749
2,477,completed,88372.8078729,88372.8100632,88372.8139021,6.029199998010881
4,477,completed,88372.8078722,88372.8098679,88372.8157743,7.90209999831859
5,477,completed,88372.8090567,88372.8118972,88372.8169366,7.879899989347905
3,477,completed,88372.8090101,88372.8120739,88372.8180432,9.033099995576777
0,477,completed,88372.810359,88372.8125237,88372.8191313,8.772300003329292
0,478,completed,88372.8403639,88372.8488993,88372.8543153,13.951400003861636
4,478,completed,88372.8480868,88372.8519531,88372.8564,8.31319999997504
3,478,completed,88372.8492623,88372.8520909,88372.8597205,10.458199991262518
5,478,completed,88372.8496009,88372.8524522,88372.8639911,14.39020001271274
2,478,completed,88372.8480894,88372.8536504,88372.8656249,17.53550001012627
1,478,completed,88372.8524589,88372.8540951,88372.8675411,15.082199999596924
3,479,completed,88372.8712832,88372.8740045,88372.8759565,4.673299990827218
0,479,completed,88372.8712422,88372.8738784,88372.8776584,6.416200005332939
5,479,completed,88372.8712435,88372.87409,88372.8794975,8.254000000306405
1,479,completed,88372.8714085,88372.8743661,88372.8808978,9.489300005952828
2,479,completed,88372.8715546,88372.8743783,88372.8820457,10.49109999439679
4,479,completed,88372.872257,88372.8744925,88372.8833363,11.079300005803816
5,480,completed,88372.9023458,88372.9048993,88372.9071501,4.804299998795614
2,480,completed,88372.9023191,88372.9050955,88372.9108639,8.544800002709962
4,480,completed,88372.9025333,88372.9053899,88372.9130393,10.50599999143742
0,480,completed,88372.902319,88372.9060778,88372.9152353,12.916299994685687
1,480,completed,88372.9026522,88372.9062215,88372.9163971,13.744899988523684
3,480,completed,88372.9026882,88372.9062594,88372.9178138,15.125599995371886
2,481,completed,88372.9336873,88372.9365799,88372.9378798,4.192499996861443
4,481,completed,88372.9338391,88372.9367591,88372.9391259,5.286799991154112
0,481,completed,88372.9337758,88372.93672,88372.9404403,6.664499989710748
3,481,completed,88372.9337377,88372.9368412,88372.9415663,7.828599991626106
1,481,completed,88372.9338155,88372.936917,88372.9428822,9.066700004041195
5,481,completed,88372.9342181,88372.9370009,88372.9443157,10.097600010340102
0,482,completed,88372.9653136,88372.9680898,88372.9704171,5.103500006953254
2,482,completed,88372.9654005,88372.9685333,88372.9720974,6.6968999890377745
4,482,completed,88372.9655553,88372.9686865,88372.9734765,7.921199998236261
5,482,completed,88372.9652258,88372.968764,88372.9758245,10.598699998809025
3,482,completed,88372.9653809,88372.9687383,88372.9779182,12.53730000462383
1,482,completed,88372.9652347,88372.9691375,88372.9794562,14.221500008716248
5,483,completed,88372.9957615,88372.998482,88372.9994851,3.7235999916447327
0,483,completed,88372.99582,88372.9984849,88373.0004442,4.624200009857304
1,483,completed,88372.9956427,88372.9984512,88373.001385,5.742299996200018
4,483,completed,88372.9955961,88372.9984526,88373.0023144,6.71830000646878
3,483,completed,88372.9957131,88372.9985524,88373.0033985,7.685400007176213
2,483,completed,88372.9955963,88372.9984614,88373.0042169,8.62059999781195
1,484,completed,88373.0416206,88373.0440375,88373.0461084,4.48780000442639
0,484,completed,88373.0417362,88373.0441769,88373.0474179,5.681700000423007
5,484,completed,88373.0415283,88373.0439899,88373.0481893,6.660999992163852
3,484,completed,88373.0415667,88373.0441588,88373.0488683,7.301599995116703
2,484,completed,88373.0417834,88373.0445713,88373.0495636,7.780200001434423
4,484,completed,88373.0414728,88373.0445829,88373.0502109,8.738099990296178
2,485,completed,88373.0722841,88373.0744229,88373.0761978,3.9136999985203147
4,485,completed,88373.0724086,88373.0745739,88373.0779233,5.514700009371154
5,485,completed,88373.0726642,88373.0748081,88373.0793816,6.717399999615736
1,485,completed,88373.0728852,88373.0748884,88373.0812681,8.382899992284365
3,485,completed,88373.0726875,88373.0761732,88373.0844016,11.714100008248352
0,485,completed,88373.0735755,88373.0767094,88373.0881293,14.55379999242723
1,486,completed,88373.1042624,88373.1066381,88373.1088525,4.590099997585639
4,486,completed,88373.1043829,88373.1068904,88373.1117531,7.370200008153915
2,486,completed,88373.1042977,88373.1070541,88373.1128563,8.558599991374649
5,486,completed,88373.1042718,88373.1069467,88373.1143494,10.077600003569387
3,486,completed,88373.104317,88373.1072017,88373.1151854,10.86840000061784
0,486,completed,88373.1044136,88373.1073805,88373.116028,11.614400005782954
2,487,completed,88373.1363256,88373.1392916,88373.1403332,4.007600000477396
4,487,completed,88373.1363496,88373.1392876,88373.1417164,5.366800003685057
5,487,completed,88373.1363254,88373.139487,88373.142645,6.319599997368641
3,487,completed,88373.1368502,88373.1396195,88373.1436346,6.784400000469759
0,487,completed,88373.1370017,88373.1397098,88373.1446146,7.612899993546307
1,487,completed,88373.1371069,88373.1398848,88373.1456268,8.519900002283975
3,488,completed,88373.1672895,88373.1706055,88373.1716806,4.391100010252558
5,488,completed,88373.1672744,88373.1705898,88373.1729953,5.720900007872842
0,488,completed,88373.1673633,88373.1705721,88373.1740011,6.637799990130588
2,488,completed,88373.167311,88373.1706908,88373.1748116,7.5005999970017
1,488,completed,88373.1674628,88373.1707774,88373.1756283,8.165499995811842
4,488,completed,88373.1673924,88373.1709815,88373.1767851,9.39269999798853
2,489,completed,88373.1988544,88373.2014462,88373.2024146,3.5601999989012256
3,489,completed,88373.1990923,88373.2016306,88373.2035503,4.457999995793216
5,489,completed,88373.1987498,88373.2016544,88373.2045969,5.8471000083955005
1,489,completed,88373.1989252,88373.2016808,88373.2054215,6.4962999895215034
0,489,completed,88373.1989024,88373.2017047,88373.2063244,7.421999995131046
4,489,completed,88373.1987445,88373.2016371,88373.2070414,8.296900006826036
1,490,completed,88373.2294575,88373.2318117,88373.2334817,4.024199995910749
2,490,completed,88373.2293884,88373.2321018,88373.2346731,5.284700004267506
5,490,completed,88373.2294748,88373.2322342,88373.2356086,6.133800008683465
0,490,completed,88373.22939,88373.2325862,88373.2366497,7.259700010763481
4,490,completed,88373.2296505,88373.2325898,88373.2375709,7.920400006696582
3,490,completed,88373.22959,88373.2327334,88373.2388167,9.226699999999255
1,491,completed,88373.260638,88373.2631152,88373.2639501,3.312099986942485
3,491,completed,88373.2605092,88373.2629756,88373.2648575,4.3483000044943765
5,491,completed,88373.2606218,88373.2632299,88373.2658396,5.217800004174933
2,491,completed,88373.2606889,88373.2632336,88373.2668706,6.181699995067902
4,491,completed,88373.2755358,88373.2762854,88373.2769435,1.4076999941607937
0,491,completed,88373.275539,88373.2763685,88373.2776082,2.0692000107374042
4,492,completed,88373.2948554,88373.2975352,88373.2992522,4.396799995447509
0,492,completed,88373.2948742,88373.2979153,88373.3002846,5.410400000982918
5,492,completed,88373.2954866,88373.2980829,88373.3015204,6.03380000393372
2,492,completed,88373.294996,88373.29812,88373.3026381,7.642099997610785
1,492,completed,88373.2958556,88373.2983662,88373.3036089,7.753300000331365
3,492,completed,88373.2957207,88373.298334,88373.3043501,8.629400006611831
2,493,completed,88373.3414607,88373.344086,88373.3448983,3.437599996686913
4,493,completed,88373.3416126,88373.3441491,88373.3458146,4.202000010991469
5,493,completed,88373.3414561,88373.34412,88373.346838,5.381900002248585
1,493,completed,88373.3416919,88373.3442226,88373.3476528,5.960900001809932
0,493,completed,88373.3415431,88373.3442531,88373.3483477,6.804599994211458
3,493,completed,88373.3416398,88373.3442711,88373.3491081,7.468299998436123
5,494,completed,88373.372074,88373.3747981,88373.3760966,4.022599998279475
1,494,completed,88373.3720759,88373.3746818,88373.3776465,5.5705999984638765
2,494,completed,88373.3722016,88373.3749885,88373.3787422,6.540600006701425
4,494,completed,88373.3724225,88373.3750845,88373.3797855,7.362999996985309
3,494,completed,88373.3720899,88373.3751223,88373.3805839,8.493999994243495
0,494,completed,88373.3721393,88373.375159,88373.3813651,9.225799993146211
2,495,completed,88373.4024606,88373.4043923,88373.4056584,3.1978000042727217
1,495,completed,88373.402487,88373.4046964,88373.4067766,4.2895999940810725
5,495,completed,88373.4025282,88373.4045992,88373.4075858,5.057600006693974
3,495,completed,88373.4026921,88373.4047112,88373.408206,5.513899988727644
0,495,completed,88373.4025611,88373.4046299,88373.4087551,6.194000001414679
4,495,completed,88373.402637,88373.4048101,88373.4092915,6.654499986325391
4,496,completed,88373.4336491,88373.4358055,88373.4366496,3.0005000007804483
1,496,completed,88373.4336497,88373.4357758,88373.4374107,3.7609999999403954
3,496,completed,88373.4336786,88373.4358316,88373.4380214,4.342799991718493
2,496,completed,88373.4339259,88373.435969,88373.4386084,4.682500002672896
0,496,completed,88373.4337321,88373.4360395,88373.439182,5.449899996165186
5,496,completed,88373.4337805,88373.4360543,88373.4400211,6.2406000070041046
0,497,completed,88373.464938,88373.4668734,88373.4680871,3.1490999972447753
1,497,completed,88373.4649751,88373.466991,88373.4688337,3.8586000009672716
5,497,completed,88373.4649391,88373.4671793,88373.4694655,4.5264000073075294
2,497,completed,88373.4651038,88373.4672175,88373.4701411,5.037299997638911
4,497,completed,88373.4651916,88373.4672428,88373.4707517,5.5601000058231875
3,497,completed,88373.4650323,88373.4673158,88373.4714504,6.4181000052485615
5,498,completed,88373.496081,88373.4985165,88373.4995565,3.4754999942379072
0,498,completed,88373.4960786,88373.4984737,88373.5004952,4.416600000695325
2,498,completed,88373.4961616,88373.4986322,88373.5011863,5.024700003559701
4,498,completed,88373.4962647,88373.4986791,88373.5021061,5.841399994096719
3,498,completed,88373.4962902,88373.4987081,88373.5031014,6.811200000811368
1,498,completed,88373.4963424,88373.4989905,88373.5039768,7.634399997186847
5,499,completed,88373.5278735,88373.5302506,88373.5316596,3.786100001889281
4,499,completed,88373.5279215,88373.5304659,88373.5325403,4.618799997842871
3,499,completed,88373.5278259,88373.5305835,88373.5333241,5.498200000147335
2,499,completed,88373.5278253,88373.5305869,88373.5340559,6.230600003618747
1,499,completed,88373.5278259,88373.5307343,88373.5347297,6.903799992869608
0,499,completed,88373.5279428,88373.5307583,88373.5353725,7.429699995554984
5,500,completed,88373.5746522,88373.5768944,88373.5779204,3.2682000019121915
4,500,completed,88373.5747514,88373.5769789,88373.5793106,4.559200009680353
2,500,completed,88373.5746614,88373.5768416,88373.5801087,5.447300005471334
3,500,completed,88373.5746895,88373.5770702,88373.5808677,6.178199997521006
1,500,completed,88373.5748196,88373.5771482,88373.5816079,6.788300001062453
0,500,completed,88373.5748594,88373.5771748,88373.5823169,7.457500003511086
3,501,completed,88373.6057251,88373.6087006,88373.6100958,4.370700000436045
5,501,completed,88373.6057216,88373.6088732,88373.6121797,6.458099989686161
2,501,completed,88373.6058761,88373.6089434,88373.6130323,7.156199993914925
1,501,completed,88373.6058367,88373.6090651,88373.613896,8.0593000020599
0,501,completed,88373.6057554,88373.6090907,88373.6145403,8.784899997408502
4,501,completed,88373.605832,88373.6091524,88373.6152544,9.422400005860254
0,502,completed,88373.6367944,88373.6389894,88373.6399145,3.120100009255111
2,502,completed,88373.6368015,88373.6390854,88373.6407951,3.9935999957378954
1,502,completed,88373.6369587,88373.6391976,88373.6418498,4.891100004897453
5,502,completed,88373.6370934,88373.6392265,88373.6425441,5.450700002256781
3,502,completed,88373.636911,88373.6392403,88373.6432571,6.3461000099778175
4,502,completed,88373.6370421,88373.6392669,88373.6437995,6.757399998605251
5,503,completed,88373.6676156,88373.6698119,88373.6705063,2.8906999941682443
0,503,completed,88373.6675741,88373.6697911,88373.6712707,3.696599989780225
4,503,completed,88373.6675071,88373.6699429,88373.6718665,4.359399987151846
1,503,completed,88373.6675064,88373.6699413,88373.6724224,4.91600000532344
3,503,completed,88373.6677704,88373.6699398,88373.6729738,5.203399996389635
2,503,completed,88373.6677197,88373.6699368,88373.6735145,5.794800003059208
2,504,completed,88373.6987607,88373.7010569,88373.7018414,3.080700000282377
0,504,completed,88373.6988296,88373.701156,88373.7025389,3.7092999991727993
3,504,completed,88373.6989744,88373.7012085,88373.7032852,4.310799995437264
1,504,completed,88373.6989958,88373.7012267,88373.7040603,5.0645000010263175
4,504,completed,88373.6987675,88373.7012776,88373.7047128,5.9452999994391575
5,504,completed,88373.6988332,88373.7012982,88373.7053614,6.528199999593198
1,505,completed,88373.729617,88373.7319806,88373.7331253,3.508299996610731
4,505,completed,88373.7296774,88373.7320396,88373.7343007,4.62330000300426
2,505,completed,88373.7296419,88373.7321,88373.7354771,5.8351999905426055
3,505,completed,88373.7298641,88373.7322511,88373.7365373,6.673200012301095
0,505,completed,88373.72977,88373.7323614,88373.7376178,7.847799992305227
5,505,completed,88373.7297481,88373.7323178,88373.7385482,8.80009999673348
4,506,completed,88373.760324,88373.7622682,88373.7666904,6.366400004480965
1,506,completed,88373.7602883,88373.7621604,88373.7681832,7.894899987149984
2,506,completed,88373.7602888,88373.7630415,88373.7691381,8.849300007568672
3,506,completed,88373.7756665,88373.7769302,88373.7778336,2.1670999994967133
0,506,completed,88373.7756953,88373.7771578,88373.7787437,3.048399987164885
5,506,completed,88373.775711,88373.7771752,88373.7797044,3.993400008766912
3,507,completed,88373.8066427,88373.8090407,88373.810475,3.832300004432909
0,507,completed,88373.8066745,88373.8093715,88373.8115851,4.910600007860921
5,507,completed,88373.8066884,88373.8094643,88373.8124233,5.734899998060428
4,507,completed,88373.8068224,88373.8095254,88373.8132877,6.465300000854768
2,507,completed,88373.8067323,88373.8096301,88373.8139968,7.264500003657304
1,507,completed,88373.8069827,88373.8099528,88373.8147638,7.781099993735552
0,508,completed,88373.8373854,88373.8401821,88373.8414447,4.059300001244992
4,508,completed,88373.8378967,88373.8404438,88373.8427151,4.818400004296564
3,508,completed,88373.8374827,88373.8405336,88373.8436214,6.138700002338737
5,508,completed,88373.8373856,88373.8405026,88373.8446203,7.234700009576045
2,508,completed,88373.8378642,88373.8406178,88373.8454806,7.616399991093203
1,508,completed,88373.8375804,88373.8405793,88373.8464155,8.835100001306273
2,509,completed,88373.8682773,88373.8705741,88373.871793,3.515699994750321
1,509,completed,88373.8682674,88373.8705041,88373.8730409,4.7734999970998615
0,509,completed,88373.8685315,88373.8706474,88373.874187,5.655499990098178
3,509,completed,88373.8683816,88373.8707047,88373.8750383,6.656700003077276
4,509,completed,88373.8686048,88373.8709802,88373.8758708,7.266000000527129
5,509,completed,88373.8686043,88373.8712677,88373.8767469,8.142599996062927
3,510,completed,88373.8992334,88373.9014962,88373.9031924,3.958999994210899
1,510,completed,88373.8992777,88373.9016816,88373.9044151,5.1374000031501055
0,510,completed,88373.8993211,88373.9016748,88373.9056672,6.346099995425902
2,510,completed,88373.8993648,88373.9018775,88373.907321,7.956200002809055
5,510,completed,88373.9001193,88373.9021617,88373.9094254,9.306099993409589
4,510,completed,88373.9003258,88373.9024164,88373.9104777,10.15190000180155
3,511,completed,88373.9299384,88373.9324804,88373.9341178,4.179399998974986
5,511,completed,88373.9298615,88373.9323411,88373.9352884,5.426899995654821
2,511,completed,88373.9298764,88373.9330661,88373.9365086,6.6322000056970865
4,511,completed,88373.9298607,88373.9330733,88373.9372984,7.43769999826327
1,511,completed,88373.9300132,88373.933263,88373.9380997,8.08649999089539
0,511,completed,88373.929976,88373.9332869,88373.9387659,8.789900006377138
1,512,completed,88373.9614807,88373.9636896,88373.9646981,3.2173999934457242
0,512,completed,88373.9614638,88373.9636893,88373.9654382,3.974399995058775
2,512,completed,88373.9614593,88373.963858,88373.9660344,4.575099999783561
4,512,completed,88373.9615003,88373.9638694,88373.9666967,5.196399986743927
3,512,completed,88373.9766279,88373.9778323,88373.9788757,2.2478000028058887
5,512,completed,88373.9766483,88373.9778544,88373.9798162,3.1678999948780984
2,513,completed,88374.0077299,88374.0104596,88374.0115264,3.796500008320436
5,513,completed,88374.0077898,88374.0106403,88374.0124097,4.619899991666898
3,513,completed,88374.0080032,88374.0107028,88374.0134338,5.430600009276532
1,513,completed,88374.0077382,88374.010809,88374.0143759,6.637700003921054
4,513,completed,88374.0077299,88374.0108123,88374.0152184,7.488500006729737
0,513,completed,88374.0077533,88374.0108464,88374.0162447,8.491400003549643
2,514,completed,88374.0387447,88374.0414349,88374.0424777,3.7330000050133094
1,514,completed,88374.0389484,88374.0416331,88374.0434605,4.512100000283681
3,514,completed,88374.0387447,88374.0417513,88374.0442471,5.502400003024377
5,514,completed,88374.0387853,88374.0417555,88374.0449911,6.205800003954209
4,514,completed,88374.0387667,88374.0417858,88374.045789,7.022299992968328
0,514,completed,88374.0388355,88374.0419074,88374.0467449,7.909399995696731
2,515,completed,88374.0693089,88374.0715698,88374.0727759,3.4670000022742897
1,515,completed,88374.0693282,88374.071764,88374.0738086,4.4804000062868
3,515,completed,88374.0694548,88374.0718586,88374.0746824,5.2275999914854765
5,515,completed,88374.0693683,88374.0718921,88374.075396,6.027700001141056
0,515,completed,88374.0695708,88374.0719547,88374.0761135,6.542700008139946
4,515,completed,88374.0694569,88374.0721216,88374.0766854,7.2284999914700165
5,516,completed,88374.1004204,88374.1027356,88374.103486,3.065600001718849
0,516,completed,88374.1006386,88374.1028433,88374.104333,3.69440000213217
2,516,completed,88374.10042,88374.1028562,88374.1048836,4.463599994778633
1,516,completed,88374.1006872,88374.1029235,88374.1054317,4.744499994558282
3,516,completed,88374.1004367,88374.1028172,88374.1060828,5.646100005833432
4,516,completed,88374.1005665,88374.1029411,88374.1066346,6.068100003176369
3,517,completed,88374.1313642,88374.1336818,88374.1348084,3.4442000032868236
0,517,completed,88374.1313863,88374.1338135,88374.1357615,4.375200005597435
4,517,completed,88374.1314864,88374.1339765,88374.1365523,5.065899997134693
5,517,completed,88374.1316148,88374.1340247,88374.1373022,5.687400000169873
2,517,completed,88374.1314154,88374.1340902,88374.1379171,6.501700001535937
1,517,completed,88374.1314579,88374.134203,88374.1386876,7.229700000607409
5,518,completed,88374.1627978,88374.16475,88374.1656018,2.8040000033797696
1,518,completed,88374.1627829,88374.1647772,88374.1663344,3.551499990862794
4,518,completed,88374.1629054,88374.1649082,88374.1668881,3.982700000051409
2,518,completed,88374.1628218,88374.1649019,88374.1674351,4.613299999618903
3,518,completed,88374.1631096,88374.1650479,88374.1679544,4.844800001592375
0,518,completed,88374.1630431,88374.1650735,88374.1686254,5.582300000241958
4,519,completed,88374.193989,88374.196241,88374.1970456,3.0565999913960695
0,519,completed,88374.1940305,88374.1963004,88374.1977254,3.6948999913875014
5,519,completed,88374.1939899,88374.1962956,88374.198281,4.291100005502813
1,519,completed,88374.1941434,88374.1964584,88374.1988347,4.691299996920861
3,519,completed,88374.1942347,88374.1964886,88374.1993707,5.135999992489815
2,519,completed,88374.1941698,88374.1964778,88374.199939,5.769199997303076
3,520,completed,88374.240037,88374.2421715,88374.2430861,3.0491000070469454
0,520,completed,88374.2400887,88374.2422339,88374.2437999,3.7111999990884215
2,520,completed,88374.2400377,88374.2422563,88374.2443612,4.323500004829839
5,520,completed,88374.2400817,88374.2422772,88374.245044,4.962299994076602
4,520,completed,88374.2401942,88374.2423957,88374.2457461,5.551900001592003
1,520,completed,88374.2401402,88374.2426445,88374.2463376,6.197399998200126
5,521,completed,88374.2706268,88374.2729702,88374.273974,3.347199992276728
2,521,completed,88374.270789,88374.273178,88374.2747201,3.9311000000452623
3,521,completed,88374.2706082,88374.273163,88374.2754118,4.8036000080173835
4,521,completed,88374.2706618,88374.2732629,88374.2760409,5.379100010031834
1,521,completed,88374.2705926,88374.2732564,88374.2766287,6.036099992343225
0,521,completed,88374.2707125,88374.2733477,88374.277233,6.52049999916926
1,522,completed,88374.3014574,88374.3034437,88374.3043972,2.939800004241988
4,522,completed,88374.301503,88374.3036326,88374.3052184,3.715400001965463
5,522,completed,88374.3015433,88374.3036877,88374.3063539,4.810600003111176
2,522,completed,88374.3016163,88374.3037197,88374.3077541,6.137799995485693
3,522,completed,88374.3015654,88374.3037178,88374.3092743,7.708899996941909
0,522,completed,88374.3014979,88374.3036899,88374.3102966,8.798700000625104
1,523,completed,88374.3324992,88374.3346909,88374.3355072,3.0079999996814877
3,523,completed,88374.3324412,88374.3346695,88374.336228,3.7868000072194263
2,523,completed,88374.3325112,88374.3346665,88374.3368166,4.305399997974746
4,523,completed,88374.3324801,88374.3347466,88374.3374052,4.925100001855753
0,523,completed,88374.3324412,88374.3346542,88374.338119,5.677799999830313
5,523,completed,88374.3330518,88374.3351216,88374.3387658,5.713999998988584
1,524,completed,88374.3642723,88374.3660949,88374.3669228,2.650500013260171
3,524,completed,88374.3642068,88374.3660428,88374.3675871,3.3802999969339
2,524,completed,88374.364232,88374.3661008,88374.368136,3.903999997419305
4,524,completed,88374.3643044,88374.3664104,88374.368648,4.343599997810088
0,524,completed,88374.3642058,88374.3664846,88374.3691564,4.950600006850436
5,524,completed,88374.364487,88374.3666095,88374.3697003,5.213299999013543
5,525,completed,88374.3952666,88374.3970791,88374.3982596,2.993000001879409
2,525,completed,88374.395313,88374.3975649,88374.3989423,3.6293000011937693
1,525,completed,88374.3954037,88374.3977265,88374.3995015,4.097800003364682
3,525,completed,88374.3954335,88374.3977572,88374.4001018,4.6682999964104965
0,525,completed,88374.3952667,88374.3978042,88374.4007149,5.448199997772463
4,525,completed,88374.3953465,88374.3978737,88374.4012898,5.943299998762086
3,526,completed,88374.4265824,88374.4284815,88374.4294092,2.8268000023672357
0,526,completed,88374.4266783,88374.4285893,88374.4301882,3.509899994242005
4,526,completed,88374.4265933,88374.4287273,88374.4311259,4.532599996309727
2,526,completed,88374.4266095,88374.4287629,88374.4317192,5.109699995955452
1,526,completed,88374.4267723,88374.428804,88374.4324662,5.6939000060083345
5,526,completed,88374.4416906,88374.4423957,88374.4432832,1.592600005096756
2,527,completed,88374.4732967,88374.4757471,88374.476823,3.5263000027043745
3,527,completed,88374.4733015,88374.4757228,88374.4779604,4.65890001214575
4,527,completed,88374.4735117,88374.4758991,88374.4789963,5.484599998453632
0,527,completed,88374.4734437,88374.4759226,88374.4800084,6.564700001035817
1,527,completed,88374.4733305,88374.4759675,88374.4809315,7.601000004797243
5,527,completed,88374.4733641,88374.4759822,88374.481758,8.3938999887323
4,528,completed,88374.5041675,88374.5063844,88374.5077298,3.5623000003397465
3,528,completed,88374.5038877,88374.5062747,88374.5091654,5.277699994621798
2,528,completed,88374.5043643,88374.5064129,88374.5101386,5.774300007033162
1,528,completed,88374.5046417,88374.5066517,88374.5113167,6.674999996903352
0,528,completed,88374.5039886,88374.5067179,88374.5127908,8.802199998172
5,528,completed,88374.5048153,88374.5069255,88374.5136451,8.829800004605204
3,529,completed,88374.5360687,88374.5386751,88374.539725,3.656299988506362
4,529,completed,88374.5360065,88374.5387385,88374.540667,4.660499995225109
5,529,completed,88374.5360042,88374.5387705,88374.5415869,5.582700003287755
1,529,completed,88374.5362655,88374.5389666,88374.5425145,6.248999998206273
2,529,completed,88374.5361719,88374.5389759,88374.5434148,7.2428999992553145
0,529,completed,88374.5366751,88374.5390149,88374.5443947,7.719600005657412
2,530,completed,88374.566509,88374.5694534,88374.5705266,4.0176000038627535
0,530,completed,88374.5666217,88374.5695655,88374.5719513,5.329599996912293
3,530,completed,88374.5666909,88374.569682,88374.5728753,6.184400001075119
4,530,completed,88374.5669097,88374.5697786,88374.5739669,7.057199996779673
5,530,completed,88374.5667165,88374.5698279,88374.5752309,8.514399989508092
1,530,completed,88374.5668147,88374.5698405,88374.576409,9.594300005119294
5,531,completed,88374.5979867,88374.6007283,88374.6020415,4.054799996083602
0,531,completed,88374.5981028,88374.6009055,88374.6034106,5.30780000553932
3,531,completed,88374.598016,88374.6009749,88374.6043846,6.36859999212902
2,531,completed,88374.5982884,88374.6010026,88374.6051454,6.857000000309199
4,531,completed,88374.5980171,88374.6010701,88374.6058643,7.847200002288446
1,531,completed,88374.5979888,88374.601065,88374.6068616,8.872799997334369
4,532,completed,88374.6293426,88374.6319728,88374.6334872,4.144599995925091
3,532,completed,88374.6293734,88374.6322434,88374.6345832,5.209799986914732
1,532,completed,88374.6293441,88374.6322065,88374.6355075,6.1634000012418255
5,532,completed,88374.6295928,88374.6323901,88374.6363094,6.716599993524142
2,532,completed,88374.6293741,88374.6324599,88374.6371522,7.778099999995902
0,532,completed,88374.6302943,88374.6328448,88374.6384301,8.135800002492033
5,533,completed,88374.6749979,88374.6776688,88374.6786544,3.6565000045811757
2,533,completed,88374.674894,88374.6776493,88374.6798355,4.941500010318123
3,533,completed,88374.6748707,88374.6778502,88374.6806629,5.792200012365356
4,533,completed,88374.6748696,88374.6778362,88374.6814583,6.58869999460876
1,533,completed,88374.6750664,88374.6779136,88374.682514,7.447600000887178
0,533,completed,88374.6748749,88374.6780308,88374.6834627,8.587800009991042
1,534,completed,88374.7061315,88374.7083501,88374.709284,3.1524999940302223
3,534,completed,88374.7060516,88374.7082606,88374.7102612,4.2095999961020425
0,534,completed,88374.7060119,88374.7084874,88374.7110972,5.085299999336712
4,534,completed,88374.7059047,88374.7085158,88374.7118162,5.911500004003756
2,534,completed,88374.7062174,88374.7085625,88374.7125455,6.328100003884174
5,534,completed,88374.7062036,88374.70868,88374.7132225,7.018899996182881
5,535,completed,88374.7366547,88374.7392525,88374.7402086,3.553899994585663
4,535,completed,88374.7368851,88374.7394592,88374.7411632,4.27809999382589
0,535,completed,88374.7366641,88374.739473,88374.7421894,5.525300002773292
1,535,completed,88374.7369146,88374.739474,88374.7429725,6.0578999982681125
3,535,completed,88374.7366539,88374.7395667,88374.743626,6.972099989070557
2,535,completed,88374.736801,88374.7395678,88374.7444009,7.5998999964213
2,536,completed,88374.7678447,88374.7704737,88374.7713014,3.456699996604584
0,536,completed,88374.767913,88374.7705924,88374.7722306,4.317600003560074
4,536,completed,88374.7678451,88374.7705005,88374.7729191,5.074000000604428
3,536,completed,88374.7680341,88374.7706577,88374.7735349,5.500800005393103
1,536,completed,88374.7679441,88374.7706116,88374.7743877,6.4436000102432445
5,536,completed,88374.7678795,88374.7706538,88374.7750944,7.2149000043282285
3,537,completed,88374.7991479,88374.801471,88374.802409,3.2610999915050343
2,537,completed,88374.799225,88374.8016095,88374.8031797,3.954700005124323
1,537,completed,88374.7992766,88374.8016781,88374.8040857,4.809100006241351
0,537,completed,88374.7993089,88374.8016732,88374.8048409,5.532000010134652
5,537,completed,88374.7991763,88374.8017234,88374.8054388,6.262499999138527
4,537,completed,88374.79917,88374.8017401,88374.8060755,6.905500005814247
1,538,completed,88374.8304703,88374.8327183,88374.8335713,3.100999994785525
3,538,completed,88374.8306959,88374.8327711,88374.834261,3.5650999925564975
2,538,completed,88374.8305134,88374.832794,88374.8348727,4.359300000942312
4,538,completed,88374.8305712,88374.8327727,88374.835565,4.9938000011025
0,538,completed,88374.830455,88374.832747,88374.8362841,5.829100002301857
5,538,completed,88374.8304554,88374.8328495,88374.8369439,6.488499988336116
2,539,completed,88374.8618776,88374.8645255,88374.8652668,3.38920000649523
3,539,completed,88374.861901,88374.8645211,88374.8660738,4.172800006926991
4,539,completed,88374.8620648,88374.8645567,88374.8667711,4.70629999472294
0,539,completed,88374.861944,88374.864468,88374.8676124,5.6684000010136515
1,539,completed,88374.861972,88374.8645958,88374.8685138,6.5418000012869015
5,539,completed,88374.861886,88374.8644976,88374.8691565,7.270500005688518
5,540,completed,88374.9077572,88374.9100149,88374.9110587,3.301500008092262
0,540,completed,88374.9079794,88374.9102372,88374.9120742,4.094799995073117
4,540,completed,88374.9077961,88374.9102864,88374.9127671,4.971000002115034
2,540,completed,88374.9078575,88374.9103282,88374.9134408,5.583299993304536
3,540,completed,88374.9077804,88374.9102762,88374.9141874,6.4070000080391765
1,540,completed,88374.9077576,88374.9103396,88374.915076,7.31840000662487
3,541,completed,88374.9386845,88374.9409037,88374.9419188,3.2343000057153404
0,541,completed,88374.9387269,88374.9411175,88374.9429218,4.194900000584312
4,541,completed,88374.9386936,88374.9412318,88374.9435358,4.842200010898523
1,541,completed,88374.9387881,88374.9412812,88374.9443265,5.538400000659749
2,541,completed,88374.9389336,88374.9413444,88374.9449458,6.012199999531731
5,541,completed,88374.9388928,88374.9413613,88374.9456355,6.742700003087521
3,542,completed,88374.969245,88374.9718096,88374.9727235,3.478500002529472
5,542,completed,88374.9692096,88374.9717841,88374.9735699,4.36029999400489
0,542,completed,88374.9692088,88374.9717628,88374.9746585,5.4496999946422875
1,542,completed,88374.9693192,88374.9718987,88374.9756196,6.300399996689521
4,542,completed,88374.9694139,88374.9719353,88374.9765497,7.135799998650327
2,542,completed,88374.9692972,88374.9718667,88374.9773988,8.101599989458919
1,543,completed,88375.0002147,88375.0028948,88375.0040252,3.8104999985080212
4,543,completed,88375.0002285,88375.0028563,88375.0050003,4.771800013259053
5,543,completed,88375.0003033,88375.0029563,88375.0059159,5.612599998130463
3,543,completed,88375.0002157,88375.0030115,88375.0067764,6.560699999681674
0,543,completed,88375.0003291,88375.0030268,88375.00791,7.580899997265078
2,543,completed,88375.0005449,88375.0030587,88375.0088293,8.28439999895636
5,544,completed,88375.0310841,88375.0338358,88375.0348289,3.7447999930009246
4,544,completed,88375.0310793,88375.0338516,88375.0359348,4.855500010307878
1,544,completed,88375.0312332,88375.0339465,88375.0369301,5.696899999747984
3,544,completed,88375.0312976,88375.033971,88375.0376787,6.381099999998696
2,544,completed,88375.0313257,88375.0340209,88375.0385993,7.273600000189617
0,544,completed,88375.0313293,88375.0340706,88375.0394237,8.094399992842227
0,545,completed,88375.0620271,88375.0647707,88375.0658383,3.8112000038381666
2,545,completed,88375.0619982,88375.0647986,88375.0667947,4.796499997610226
4,545,completed,88375.0621036,88375.0649101,88375.0675498,5.446200011647306
3,545,completed,88375.0620778,88375.064892,88375.0682708,6.192999993800186
5,545,completed,88375.0620511,88375.0650692,88375.0690063,6.955199991352856
1,545,completed,88375.0622098,88375.0650637,88375.0699603,7.750499993562698
4,546,completed,88375.1080059,88375.1106986,88375.1117822,3.776300000026822
5,546,completed,88375.1080062,88375.1107951,88375.1128973,4.891100004897453
2,546,completed,88375.1081122,88375.1108311,88375.1140646,5.9523999952944
0,546,completed,88375.1080527,88375.1108008,88375.1147202,6.667499998002313
1,546,completed,88375.1081631,88375.1108861,88375.1155538,7.390700004179962
3,546,completed,88375.108016,88375.1108675,88375.1163431,8.327100003953092
4,547,completed,88375.1385868,88375.1408017,88375.1416251,3.038299997569993
1,547,completed,88375.1386031,88375.1408768,88375.1424308,3.82769999851007
2,547,completed,88375.1385882,88375.140895,88375.1431484,4.560200002742931
3,547,completed,88375.1387446,88375.1410154,88375.1438014,5.056800000602379
5,547,completed,88375.1387041,88375.1411397,88375.1445055,5.801399995107204
0,547,completed,88375.1386583,88375.1411296,88375.1452713,6.613000005017966
3,548,completed,88375.1700444,88375.1720448,88375.1728349,2.7905000024475157
4,548,completed,88375.1701648,88375.1721357,88375.1734865,3.3217000018339604
0,548,completed,88375.1700541,88375.172121,88375.1740279,3.973799990490079
5,548,completed,88375.170124,88375.1722966,88375.1746374,4.513400010182522
2,548,completed,88375.170197,88375.1723028,88375.1755377,5.340699994121678
1,548,completed,88375.1700391,88375.1722877,88375.1764165,6.377400000928901
2,549,completed,88375.2013762,88375.2035563,88375.2046292,3.253000002587214
0,549,completed,88375.2014997,88375.2036203,88375.2056055,4.105800006072968
3,549,completed,88375.2014623,88375.2035098,88375.2064357,4.973400005837902
1,549,completed,88375.2013762,88375.2036993,88375.207508,6.131800008006394
5,549,completed,88375.201555,88375.2037969,88375.2082256,6.670599992503412
4,549,completed,88375.2014294,88375.2038693,88375.2089249,7.49550000182353
0,550,completed,88375.2323153,88375.2342183,88375.2351557,2.8403999895090237
3,550,completed,88375.2323974,88375.2343856,88375.2358239,3.426499999477528
4,550,completed,88375.2323394,88375.2344918,88375.2363808,4.041399995912798
5,550,completed,88375.2323727,88375.2345559,88375.2369866,4.613899989635684
1,550,completed,88375.2324734,88375.2345579,88375.237975,5.501599996932782
2,550,completed,88375.232452,88375.2345599,88375.2389376,6.485600009909831
1,551,completed,88375.2639281,88375.2660257,88375.2669831,3.0549999937647954
0,551,completed,88375.2640869,88375.266163,88375.2678614,3.7745000008726493
5,551,completed,88375.2639388,88375.2661974,88375.2684748,4.53600000764709
4,551,completed,88375.2639277,88375.2661894,88375.2690642,5.136499996297061
2,551,completed,88375.2640165,88375.2663075,88375.2697947,5.77819999307394
3,551,completed,88375.2640327,88375.266301,88375.2703947,6.362000000081025
4,552,completed,88375.2948195,88375.2972575,88375.2982812,3.4616999910213053
3,552,completed,88375.2949601,88375.2974759,88375.2991557,4.195600005914457
2,552,completed,88375.2950667,88375.2976078,88375.2999646,4.897899998468347
1,552,completed,88375.294834,88375.2976294,88375.3008621,6.028100004186854
0,552,completed,88375.2948611,88375.2976735,88375.3016482,6.787099991925061
5,552,completed,88375.2952327,88375.2976443,88375.3022876,7.0549000083701685
0,553,completed,88375.3412363,88375.3438493,88375.3452674,4.031100004795007
5,553,completed,88375.3412363,88375.344046,88375.3461877,4.951399998390116
4,553,completed,88375.341259,88375.3442205,88375.3469453,5.686300006345846
1,553,completed,88375.3415482,88375.3442046,88375.3479008,6.3526000012643635
2,553,completed,88375.3416101,88375.3443642,88375.3490517,7.441599998855963
3,553,completed,88375.3417975,88375.344435,88375.3498171,8.019599990802817
2,554,completed,88375.3719986,88375.3749296,88375.3765675,4.568899996229447
3,554,completed,88375.3720001,88375.3750487,88375.3777216,5.721499997889623
1,554,completed,88375.3722085,88375.3754247,88375.3790308,6.822299998020753
4,554,completed,88375.372121,88375.3754184,88375.3801736,8.052600009250455
0,554,completed,88375.372397,88375.3755703,88375.3815014,9.10440000006929
5,554,completed,88375.3723973,88375.375665,88375.3825257,10.128399997483939
3,555,completed,88375.4041774,88375.4066341,88375.4083815,4.204099997878075
2,555,completed,88375.4041755,88375.406635,88375.4101448,5.9692999930121005
0,555,completed,88375.4042519,88375.4067863,88375.4117713,7.519399994635023
5,555,completed,88375.4041463,88375.4068354,88375.412806,8.659699989948422
4,555,completed,88375.4046648,88375.4069644,88375.4138747,9.209900003043003
1,555,completed,88375.4044686,88375.4079033,88375.4152116,10.743000006186776
1,556,completed,88375.4356442,88375.4388279,88375.4402405,4.596300001139753
4,556,completed,88375.4356154,88375.4388265,88375.4413243,5.708900003810413
5,556,completed,88375.4356152,88375.4388261,88375.4423846,6.76940000266768
2,556,completed,88375.4358502,88375.4389539,88375.4433469,7.496700010960922
3,556,completed,88375.4357776,88375.4391369,88375.4440758,8.298200002172962
0,556,completed,88375.4357446,88375.4391753,88375.4450469,9.302299993578345
0,557,completed,88375.4665599,88375.4691716,88375.4706402,4.080300001078285
2,557,completed,88375.466688,88375.4693891,88375.471991,5.302999998093583
3,557,completed,88375.4667543,88375.469396,88375.4729132,6.158900010632351
1,557,completed,88375.4665627,88375.4693672,88375.4739585,7.3957999993581325
4,557,completed,88375.4665896,88375.4693982,88375.4748189,8.229300001403317
5,557,completed,88375.4666546,88375.4693634,88375.4757393,9.084700010134839
2,558,completed,88375.4977024,88375.4999913,88375.5013261,3.623700002208352
0,558,completed,88375.4977808,88375.5000464,88375.5029575,5.176699996809475
1,558,completed,88375.497744,88375.5000897,88375.5038661,6.122100006905384
4,558,completed,88375.4976433,88375.5001258,88375.5046496,7.006300002103671
3,558,completed,88375.4976433,88375.5002847,88375.5055383,7.895000002463348
5,558,completed,88375.4976437,88375.5003187,88375.5063331,8.689399997820146
1,559,completed,88375.5291752,88375.531958,88375.5328647,3.689499993924983
2,559,completed,88375.5292552,88375.5320147,88375.5339592,4.7039999917615205
4,559,completed,88375.529175,88375.531936,88375.5347699,5.5948999943211675
0,559,completed,88375.5292046,88375.5320431,88375.5356079,6.4033000089693815
3,559,completed,88375.5293189,88375.5321116,88375.5365988,7.27990000450518
5,559,completed,88375.5293803,88375.5322681,88375.5373919,8.011600002646446
5,560,completed,88375.5605756,88375.5628334,88375.5637647,3.1890999962342903
3,560,completed,88375.5605823,88375.5628396,88375.5649378,4.355500001111068
0,560,completed,88375.5605152,88375.562919,88375.5656673,5.152099998667836
1,560,completed,88375.5607073,88375.5629723,88375.5665001,5.792800002382137
2,560,completed,88375.5606689,88375.5629769,88375.5675929,6.924000001163222
4,560,completed,88375.5605595,88375.5630232,88375.5684192,7.859700010158122
0,561,completed,88375.6070531,88375.609969,88375.6113766,4.323500004829839
2,561,completed,88375.6072373,88375.6101786,88375.6127209,5.483599990839139
5,561,completed,88375.6070532,88375.6101583,88375.6135207,6.467500003054738
3,561,completed,88375.6071102,88375.6102986,88375.6145352,7.4250000034226105
4,561,completed,88375.6070817,88375.6103413,88375.6154501,8.368399998289533
1,561,completed,88375.6071571,88375.6103779,88375.6162662,9.109099992201664
4,562,completed,88375.6386869,88375.6413939,88375.6425753,3.8883999950485304
1,562,completed,88375.6387737,88375.6415146,88375.6448691,6.095399992773309
3,562,completed,88375.6386434,88375.6415504,88375.6459456,7.302199999685399
0,562,completed,88375.6385196,88375.6416745,88375.6467192,8.199599993531592
5,562,completed,88375.6385199,88375.6416634,88375.6475072,8.987299996078946
2,562,completed,88375.6386261,88375.6418032,88375.6484162,9.790099997189827
4,563,completed,88375.6689995,88375.6715513,88375.673057,4.057500002090819
2,563,completed,88375.669,88375.6715333,88375.675527,6.5270000050077215
1,563,completed,88375.6690698,88375.671656,88375.6769303,7.860500001697801
0,563,completed,88375.6691499,88375.6719652,88375.6777324,8.582499998738058
5,563,completed,88375.6692312,88375.6720288,88375.6785697,9.33850000728853
3,563,completed,88375.6691309,88375.6720361,88375.6796469,10.515999994822778
4,564,completed,88375.7008329,88375.7035877,88375.7048383,4.005399998277426
2,564,completed,88375.7007069,88375.7036222,88375.7064133,5.706399999326095
1,564,completed,88375.7005605,88375.703736,88375.707439,6.878500003949739
0,564,completed,88375.7005606,88375.7038016,88375.70848,7.9193999990820885
5,564,completed,88375.7006557,88375.7038096,88375.7093439,8.68820000323467
3,564,completed,88375.7005621,88375.7038714,88375.7104363,9.87419999728445
5,565,completed,88375.7312118,88375.7336942,88375.7349548,3.743000008398667
0,565,completed,88375.7312826,88375.7337872,88375.7361768,4.894199999398552
1,565,completed,88375.7312801,88375.7338106,88375.737209,5.928900005528703
2,565,completed,88375.7312757,88375.7338757,88375.7387505,7.474799989722669
3,565,completed,88375.7315722,88375.7339169,88375.7398131,8.240899987868033
4,565,completed,88375.7312789,88375.7356657,88375.7407858,9.506899994448759
1,566,completed,88375.7621419,88375.7650958,88375.7667094,4.567500000121072
4,566,completed,88375.7622857,88375.7652449,88375.7682678,5.982100003166124
3,566,completed,88375.7621515,88375.7654561,88375.7698528,7.7012999972794205
2,566,completed,88375.7622364,88375.7655745,88375.7714486,9.212200006004423
0,566,completed,88375.7622303,88375.7655356,88375.7724263,10.196000002906658
5,566,completed,88375.7623045,88375.7655955,88375.7736711,11.366600010660477
4,567,completed,88375.7937638,88375.796327,88375.7976856,3.92180000199005
2,567,completed,88375.7937638,88375.7962337,88375.7997512,5.987399999867193
5,567,completed,88375.7938623,88375.7963597,88375.8013539,7.491600001230836
0,567,completed,88375.7939424,88375.7965229,88375.8024106,8.468199986964464
3,567,completed,88375.7938024,88375.7965652,88375.8037653,9.962900003301911
1,567,completed,88375.7938899,88375.7966426,88375.8048845,10.994600001140498
4,568,completed,88375.8409931,88375.8435088,88375.8447043,3.7111999990884215
3,568,completed,88375.8409702,88375.8434276,88375.8460945,5.124299990711734
0,568,completed,88375.84111,88375.8436237,88375.8469173,5.807300010928884
1,568,completed,88375.8410029,88375.8436487,88375.8477041,6.701200007228181
2,568,completed,88375.841136,88375.8437886,88375.848627,7.49099999666214
5,568,completed,88375.8410173,88375.8439576,88375.8494738,8.456499999738298
4,569,completed,88375.871947,88375.8743057,88375.8756803,3.733299992745742
3,569,completed,88375.8720832,88375.8745088,88375.8770804,4.997199997887947
0,569,completed,88375.8722851,88375.8747243,88375.8782497,5.964600000879727
2,569,completed,88375.8723808,88375.8747915,88375.8794095,7.02869999804534
5,569,completed,88375.8721484,88375.874853,88375.8802805,8.132100003422238
1,569,completed,88375.8725431,88375.8749289,88375.8811996,8.656499994685873
3,570,completed,88375.9030244,88375.9056206,88375.9068054,3.7809999921591952
4,570,completed,88375.9032047,88375.9058197,88375.9078894,4.684700004872866
0,570,completed,88375.9031043,88375.9057212,88375.9087448,5.640500006848015
5,570,completed,88375.9030254,88375.9058886,88375.9094912,6.4658000046620145
2,570,completed,88375.9031926,88375.9059357,88375.9103985,7.205899994005449
1,570,completed,88375.9030513,88375.9059332,88375.9110773,8.025999995879829
1,571,completed,88375.9339993,88375.9364487,88375.9377211,3.72179999249056
0,571,completed,88375.933983,88375.9366001,88375.9387345,4.75150000420399
2,571,completed,88375.9339831,88375.9366893,88375.9399169,5.933799999183975
5,571,completed,88375.9343227,88375.9367637,88375.9409593,6.636599995545112
3,571,completed,88375.9342598,88375.936876,88375.9419838,7.7240000100573525
4,571,completed,88375.9341829,88375.9369093,88375.9428036,8.6206999985734
2,572,completed,88375.9645733,88375.9668738,88375.96846,3.886699996655807
1,572,completed,88375.9646764,88375.9673213,88375.9695528,4.876399994827807
5,572,completed,88375.9646472,88375.9672835,88375.9704616,5.814399992232211
0,572,completed,88375.9647555,88375.9673317,88375.9713231,6.5676000085659325
4,572,completed,88375.9646072,88375.9671339,88375.9720889,7.481699998606928
3,572,completed,88375.9645733,88375.9675703,88375.9727794,8.206099999370053
2,573,completed,88375.9959173,88375.9982578,88375.999624,3.706700008478947
4,573,completed,88375.9960957,88375.9984846,88376.0006966,4.600899992510676
3,573,completed,88375.9959229,88375.9985407,88376.0015476,5.6247000029543415
5,573,completed,88375.9959542,88375.9986533,88376.0025087,6.554499996127561
0,573,completed,88375.9959441,88375.9986714,88376.0034566,7.51250000030268
1,573,completed,88375.9960429,88375.9986874,88376.0043694,8.326499999384396
4,574,completed,88376.0273317,88376.0299863,88376.0307547,3.4230000019306317
5,574,completed,88376.0273,88376.0299089,88376.0315466,4.246600001351908
3,574,completed,88376.0273077,88376.0299532,88376.0321929,4.885200003627688
0,574,completed,88376.0274103,88376.0301151,88376.0327648,5.35449999733828
1,574,completed,88376.0273664,88376.0300892,88376.0333895,6.023099995218217
2,574,completed,88376.0274852,88376.0301594,88376.0342084,6.723200000124052
1,575,completed,88376.0746398,88376.0770155,88376.0783567,3.716899998835288
3,575,completed,88376.0748062,88376.07723,88376.0793976,4.5913999929325655
2,575,completed,88376.0746392,88376.0771899,88376.0803057,5.666500001098029
4,575,completed,88376.0747417,88376.0773582,88376.0810998,6.358099999488331
0,575,completed,88376.0746684,88376.077233,88376.0818682,7.199799991212785
5,575,completed,88376.074693,88376.0773731,88376.0826582,7.965199998579919
5,576,completed,88376.1063807,88376.1085209,88376.1099061,3.5253999958513305
3,576,completed,88376.1064573,88376.1087375,88376.1112255,4.768200000398792
1,576,completed,88376.1067019,88376.1089714,88376.1124141,5.712199999834411
2,576,completed,88376.1066439,88376.1089847,88376.1137106,7.066699996357784
0,576,completed,88376.1068091,88376.10914,88376.114912,8.10289999935776
4,576,completed,88376.106387,88376.1092626,88376.1158856,9.498599989456125
1,577,completed,88376.1370222,88376.1393979,88376.1402428,3.220600003260188
3,577,completed,88376.1369941,88376.139557,88376.1414726,4.4784999918192625
0,577,completed,88376.1369944,88376.1395608,88376.1423914,5.397000000812113
5,577,completed,88376.137132,88376.1395319,88376.143387,6.255000000237487
4,577,completed,88376.1370823,88376.1396512,88376.1448576,7.775299993227236
2,577,completed,88376.1371995,88376.1396815,88376.1455721,8.372600001166575
0,578,completed,88376.1680337,88376.1703691,88376.1714778,3.4441000025253743
4,578,completed,88376.1680441,88376.1703132,88376.1725374,4.4932999880984426
2,578,completed,88376.1682011,88376.1705692,88376.173242,5.040900010499172
3,578,completed,88376.1681017,88376.1706238,88376.1740069,5.905199999688193
1,578,completed,88376.1684786,88376.1706774,88376.1747076,6.229000005987473
5,578,completed,88376.1682173,88376.1707229,88376.1755522,7.3349000012967736
0,579,completed,88376.1989151,88376.2010541,88376.2019801,3.064999997150153
2,579,completed,88376.1989162,88376.2009971,88376.2027222,3.8060000078985468
1,579,completed,88376.1990499,88376.2012629,88376.2038199,4.769999999552965
4,579,completed,88376.1991041,88376.2012638,88376.2050216,5.91750000603497
5,579,completed,88376.1990126,88376.201381,88376.2061862,7.173599995439872
3,579,completed,88376.1990125,88376.2013984,88376.2077038,8.691299997735769
4,580,completed,88376.2312973,88376.2343121,88376.2365936,5.296300005284138
1,580,completed,88376.2313048,88376.2343693,88376.2382313,6.926499991095625
5,580,completed,88376.2318828,88376.2348018,88376.2399174,8.034600003156811
3,580,completed,88376.2318631,88376.2347953,88376.2415229,9.659800009103492
2,580,completed,88376.2315761,88376.2364259,88376.2424306,10.854499996639788
0,580,completed,88376.2314588,88376.2366521,88376.2431846,11.725799995474517
3,581,completed,88376.2620186,88376.2646139,88376.2661027,4.08410000090953
4,581,completed,88376.2621555,88376.2648462,88376.2669835,4.828000004636124
1,581,completed,88376.262125,88376.2648805,88376.2679305,5.805500011774711
5,581,completed,88376.2622364,88376.2649714,88376.2689228,6.6863999963970855
2,581,completed,88376.2622324,88376.2649697,88376.2698517,7.619299998623319
0,581,completed,88376.2621515,88376.2649675,88376.2708166,8.66509998741094
5,582,completed,88376.2936842,88376.294655,88376.2956049,1.9207000004826114
3,582,completed,88376.3093142,88376.3110673,88376.3120393,2.725099999224767
4,582,completed,88376.3093141,88376.3111227,88376.3128017,3.4875999990617856
0,582,completed,88376.3094314,88376.3112313,88376.313547,4.115599993383512
1,582,completed,88376.309391,88376.3113595,88376.3141937,4.8027000011643395
2,582,completed,88376.3094578,88376.3113547,88376.3149096,5.451799996080808
0,583,completed,88376.3411584,88376.3437676,88376.3450625,3.9040999981807545
2,583,completed,88376.3410876,88376.3438767,88376.3464582,5.3706000035163015
4,583,completed,88376.3411315,88376.3437583,88376.3473976,6.266099997446872
1,583,completed,88376.3412278,88376.3439198,88376.348174,6.946199995581992
3,583,completed,88376.3412565,88376.3438815,88376.3492695,8.012999998754822
5,583,completed,88376.3410817,88376.3439784,88376.3503745,9.292800008552149
5,584,completed,88376.3720409,88376.3741952,88376.3750607,3.019800002221018
4,584,completed,88376.3720016,88376.3742298,88376.3760058,4.004200003691949
1,584,completed,88376.3720685,88376.3742661,88376.3766506,4.582099994877353
2,584,completed,88376.3720017,88376.3741974,88376.3774257,5.424000002676621
3,584,completed,88376.3721476,88376.3743275,88376.3783693,6.221699994057417
0,584,completed,88376.3724701,88376.3744436,88376.3791219,6.651799994870089
2,585,completed,88376.4034173,88376.4057031,88376.4070998,3.68249999883119
1,585,completed,88376.4035544,88376.4062843,88376.4081498,4.5953999942867085
0,585,completed,88376.4034491,88376.4062844,88376.4094474,5.99829999555368
5,585,completed,88376.4035005,88376.4062906,88376.4102162,6.715700001223013
3,585,completed,88376.4034292,88376.4062804,88376.4111963,7.7671000035479665
4,585,completed,88376.4035888,88376.4064659,88376.4121709,8.58209999569226
1,586,completed,88376.4344824,88376.4366412,88376.4378785,3.3961000008275732
2,586,completed,88376.4345231,88376.4367796,88376.4386654,4.142299992963672
5,586,completed,88376.4344991,88376.436795,88376.4393656,4.866500006755814
4,586,completed,88376.4346047,88376.4368338,88376.440154,5.549299996346235
0,586,completed,88376.4346596,88376.4368744,88376.4408379,6.178299998282455
3,586,completed,88376.4345799,88376.4372877,88376.4416324,7.0525000046473
4,587,completed,88376.4654643,88376.4675728,88376.4687035,3.239199999370612
0,587,completed,88376.465462,88376.4678073,88376.4694822,4.020200009108521
5,587,completed,88376.4655815,88376.467863,88376.4700972,4.5156999985920265
1,587,completed,88376.465624,88376.4679347,88376.4706905,5.066500001703389
3,587,completed,88376.4657905,88376.4680339,88376.4714714,5.680899994331412
2,587,completed,88376.4654941,88376.4680249,88376.4722413,6.747199993696995
3,588,completed,88376.4975137,88376.4997343,88376.5008194,3.3056999964173883
5,588,completed,88376.4975445,88376.4998536,88376.5015037,3.9591999957337976
2,588,completed,88376.4975671,88376.4998805,88376.5023174,4.750299995066598
1,588,completed,88376.4977016,88376.4999785,88376.5030455,5.3438999893842265
0,588,completed,88376.4976205,88376.49997,88376.5036408,6.020300003001466
4,588,completed,88376.4977383,88376.5002386,88376.5042548,6.5165000123670325
0,589,completed,88376.5281973,88376.5302653,88376.5312353,3.0380000098375604
4,589,completed,88376.5281973,88376.5301121,88376.5320798,3.8825000083306804
1,589,completed,88376.5282452,88376.5303434,88376.5327482,4.503000003751367
2,589,completed,88376.5284265,88376.5305214,88376.533352,4.925500004901551
3,589,completed,88376.5283671,88376.530656,88376.534056,5.688899997039698
5,589,completed,88376.5283083,88376.5306357,88376.534611,6.30269999965094
5,590,completed,88376.5739619,88376.5761662,88376.5769845,3.0226000089896843
4,590,completed,88376.573976,88376.5762238,88376.577637,3.6609999951906502
1,590,completed,88376.5740149,88376.5763478,88376.57825,4.2351000010967255
0,590,completed,88376.5740792,88376.5763717,88376.578827,4.747800005134195
2,590,completed,88376.5740322,88376.5763449,88376.5793636,5.331399996066466
3,590,completed,88376.5741879,88376.57643,88376.5798924,5.704499999410473
2,591,completed,88376.606069,88376.6082955,88376.6093741,3.3050999918486923
3,591,completed,88376.6062027,88376.6084469,88376.6100977,3.895000001648441
0,591,completed,88376.6062764,88376.6086299,88376.6106452,4.368800000520423
1,591,completed,88376.6063037,88376.6086536,88376.6111838,4.880100008449517
4,591,completed,88376.6063537,88376.6087597,88376.611862,5.508300004294142
5,591,completed,88376.6063774,88376.6088852,88376.6124569,6.079499988118187
1,592,completed,88376.6363979,88376.6389816,88376.6399136,3.515699994750321
3,592,completed,88376.6365103,88376.6390301,88376.6407283,4.218000001856126
4,592,completed,88376.6366198,88376.6391517,88376.6413508,4.730999993626028
5,592,completed,88376.6365678,88376.6391699,88376.6419865,5.418700005975552
0,592,completed,88376.6364109,88376.6391564,88376.6425687,6.157800002256408
2,592,completed,88376.6367137,88376.6393923,88376.6431207,6.406999993487261
3,593,completed,88376.6674812,88376.6700866,88376.6708497,3.3685000089462847
0,593,completed,88376.6676297,88376.6701299,88376.6715695,3.9398000080836937
1,593,completed,88376.6676211,88376.6700733,88376.6721671,4.545999996480532
4,593,completed,88376.6674795,88376.6699819,88376.6727699,5.290400004014373
2,593,completed,88376.6676455,88376.6702573,88376.6733796,5.734100006520748
5,593,completed,88376.6675739,88376.670339,88376.6739315,6.357599995681085
5,594,completed,88376.6983344,88376.7008092,88376.7016682,3.3337999921059236
1,594,completed,88376.698318,88376.7006932,88376.7026172,4.299200008972548
4,594,completed,88376.6984287,88376.700813,88376.7034453,5.016600000089966
2,594,completed,88376.6983506,88376.7008577,88376.7042019,5.851299996720627
0,594,completed,88376.698288,88376.7008776,88376.7049317,6.643700005952269
3,594,completed,88376.6983816,88376.70097,88376.7057998,7.418199995299801
2,595,completed,88376.7291776,88376.7312225,88376.7322466,3.068999998504296
1,595,completed,88376.7292321,88376.7315888,88376.7329482,3.7161000072956085
3,595,completed,88376.7294249,88376.7316346,88376.7335608,4.135900002438575
0,595,completed,88376.7294096,88376.7316527,88376.7341664,4.756800000905059
4,595,completed,88376.7292138,88376.7316684,88376.734731,5.517199999303557
5,595,completed,88376.7292757,88376.7317149,88376.7352419,5.9661999985110015
3,596,completed,88376.761715,88376.7638921,88376.764547,2.8319999983068556
2,596,completed,88376.7617553,88376.7639227,88376.7651958,3.4405000042170286
4,596,completed,88376.7617934,88376.7639834,88376.7657782,3.98480000148993
1,596,completed,88376.7617358,88376.7639077,88376.7663019,4.5661000040126964
0,596,completed,88376.7618745,88376.7640191,88376.7668706,4.996099989512004
5,596,completed,88376.7618477,88376.7640191,88376.7673892,5.541499995160848
5,597,completed,88376.7927429,88376.7935589,88376.7941747,1.4318000030471012
0,597,completed,88376.7927424,88376.793569,88376.7947513,2.008900002692826
3,597,completed,88376.8079025,88376.8094376,88376.8101118,2.2093000006861985
4,597,completed,88376.8078849,88376.8093622,88376.8108025,2.9175999952713028
2,597,completed,88376.8079463,88376.8095159,88376.8113852,3.4388999920338392
1,597,completed,88376.8079744,88376.8095277,88376.8120397,4.0653000032762066
3,598,completed,88376.8399252,88376.8421352,88376.8429995,3.0743000097572803
4,598,completed,88376.8399645,88376.8423128,88376.8436591,3.6946000036550686
1,598,completed,88376.8399193,88376.8423864,88376.8442045,4.285200004233047
2,598,completed,88376.8400847,88376.8423728,88376.8448096,4.72490000538528
5,598,completed,88376.8400021,88376.8424898,88376.8454217,5.419599998276681
0,598,completed,88376.8400291,88376.842519,88376.8459891,5.959999994956888
2,599,completed,88376.8711174,88376.8732749,88376.8739658,2.8483999922173098
0,599,completed,88376.871069,88376.8732866,88376.8746005,3.5314999986439943
5,599,completed,88376.8710694,88376.8731842,88376.8751328,4.063400003360584
4,599,completed,88376.8711963,88376.8733846,88376.8756626,4.46630000078585
1,599,completed,88376.8711742,88376.8734241,88376.8761761,5.001900004572235
3,599,completed,88376.8713541,88376.8734432,88376.8768035,5.4493999923579395
0,600,completed,88376.9019553,88376.904003,88376.904966,3.0107000056887046
1,600,completed,88376.9020456,88376.9042159,88376.9056666,3.620999996201135
5,600,completed,88376.9021924,88376.9042901,88376.90624,4.047599999466911
3,600,completed,88376.901982,88376.9042889,88376.9068386,4.856600004131906
4,600,completed,88376.902015,88376.9041053,88376.9074738,5.458800005726516
2,600,completed,88376.9022539,88376.9044352,88376.9080882,5.834299998241477
1,601,completed,88376.93317,88376.935297,88376.9362117,3.04169999435544
3,601,completed,88376.9332481,88376.935405,88376.9369592,3.711099998326972
2,601,completed,88376.9331356,88376.9355579,88376.9375588,4.423199992743321
4,601,completed,88376.9331358,88376.9355445,88376.9381728,5.036999995354563
0,601,completed,88376.9332282,88376.9356292,88376.938759,5.53080000099726
5,601,completed,88376.9333272,88376.935678,88376.9393672,6.0400000074878335
0,602,completed,88376.9643313,88376.9663855,88376.9673,2.968700006022118
1,602,completed,88376.9643082,88376.9663866,88376.9680274,3.7192000017967075
5,602,completed,88376.9644616,88376.9666208,88376.968581,4.119399993214756
4,602,completed,88376.9644321,88376.9666332,88376.9691557,4.7236000100383535
3,602,completed,88376.9643731,88376.9666902,88376.9697364,5.363300006138161
2,602,completed,88376.9645676,88376.966698,88376.9703129,5.7453000044915825
2,603,completed,88376.995176,88376.9973697,88376.9983859,3.2099000090966
3,603,completed,88376.9952687,88376.9975714,88376.9990222,3.753500001039356
5,603,completed,88376.9951839,88376.9976273,88376.9995403,4.356400007964112
0,603,completed,88376.9952219,88376.997676,88377.0000748,4.852900005062111
4,603,completed,88376.995418,88376.9977497,88377.0006263,5.208299990044907
1,603,completed,88376.9953315,88376.9978046,88377.0011639,5.8323999983258545
4,604,completed,88377.0266006,88377.0293231,88377.0301994,3.598800001782365
3,604,completed,88377.0264862,88377.0292429,88377.0312641,4.777900001499802
5,604,completed,88377.0265362,88377.0293266,88377.0318643,5.328100000042468
1,604,completed,88377.0265673,88377.0293668,88377.0324285,5.861199999344535
2,604,completed,88377.026684,88377.0294486,88377.0329714,6.287399999564514
0,604,completed,88377.0265513,88377.0296226,88377.0334989,6.9475999916903675
5,605,completed,88377.0723369,88377.0748815,88377.0756754,3.338499998790212
0,605,completed,88377.0722331,88377.0748079,88377.0764313,4.1981999966083094
2,605,completed,88377.0722821,88377.0749304,88377.0770395,4.757400005473755
3,605,completed,88377.0722457,88377.0749834,88377.0777335,5.4878000082680956
1,605,completed,88377.072495,88377.0750141,88377.0783507,5.855700001120567
4,605,completed,88377.0724216,88377.0750855,88377.0789373,6.515700006275438
0,606,completed,88377.1036289,88377.1060728,88377.1069519,3.3229999971808866
3,606,completed,88377.1035524,88377.1059825,88377.1078702,4.317799990531057
4,606,completed,88377.1036686,88377.1061506,88377.1085258,4.8571999941486865
2,606,completed,88377.1037505,88377.1062137,88377.1091407,5.390200007241219
1,606,completed,88377.1035402,88377.1062605,88377.1097502,6.210000006831251
5,606,completed,88377.1035603,88377.1062573,88377.1103504,6.790100000216626
0,607,completed,88377.1342126,88377.1363388,88377.1371442,2.9316000000108033
3,607,completed,88377.1342372,88377.1363934,88377.1379345,3.69729999511037
5,607,completed,88377.1343139,88377.1365405,88377.1384969,4.183000011835247
4,607,completed,88377.1343828,88377.1366051,88377.1390401,4.657299999962561
2,607,completed,88377.1342877,88377.1366073,88377.1395592,5.2715000056196
1,607,completed,88377.1344597,88377.1366245,88377.1400649,5.605199999990873
3,608,completed,88377.1663148,88377.1684813,88377.1692053,2.890500007197261
5,608,completed,88377.1663795,88377.1685901,88377.1697999,3.420399996684864
4,608,completed,88377.1663615,88377.1686162,88377.1705294,4.167899998719804
0,608,completed,88377.166335,88377.1687301,88377.1710455,4.710499997599982
1,608,completed,88377.1664206,88377.1687546,88377.1715972,5.176599996048026
2,608,completed,88377.1665312,88377.1688087,88377.1721069,5.575700008193962
4,609,completed,88377.1971177,88377.1991519,88377.2000438,2.9261000017868355
1,609,completed,88377.1971427,88377.1992439,88377.2006502,3.5075000050710514
5,609,completed,88377.1971137,88377.1992693,88377.2012087,4.095000011147931
2,609,completed,88377.1972522,88377.1993585,88377.2017107,4.458499999600463
0,609,completed,88377.1973591,88377.1994276,88377.2022471,4.887999995844439
3,609,completed,88377.1975086,88377.1994461,88377.202731,5.222399995545857
5,610,completed,88377.2275599,88377.2299849,88377.2308938,3.333900007419288
3,610,completed,88377.2275783,88377.2300185,88377.2316618,4.083500010892749
2,610,completed,88377.2276614,88377.2300928,88377.2323673,4.705900006229058
0,610,completed,88377.2277134,88377.2301161,88377.2330043,5.290899993269704
4,610,completed,88377.2275591,88377.2301683,88377.2338135,6.254399995668791
1,610,completed,88377.2275976,88377.2302212,88377.2344273,6.8297000107122585
1,611,completed,88377.2734715,88377.2757439,88377.2768938,3.4222999966004863
3,611,completed,88377.2735811,88377.2759222,88377.2776942,4.113100003451109
4,611,completed,88377.2734711,88377.2761424,88377.2784493,4.97820001328364
2,611,completed,88377.2734839,88377.276142,88377.2789949,5.510999995749444
0,611,completed,88377.2735388,88377.2761278,88377.2796024,6.063599998014979
5,611,completed,88377.2736548,88377.2762508,88377.2801451,6.490300002042204
5,612,completed,88377.3042965,88377.3066656,88377.3078383,3.5417999897617847
2,612,completed,88377.3042966,88377.3067282,88377.3085847,4.288099997211248
1,612,completed,88377.3045553,88377.3067421,88377.3091554,4.600100000970997
3,612,completed,88377.3043294,88377.3067381,88377.3097048,5.375400010962039
0,612,completed,88377.3044883,88377.30685,88377.3102841,5.795800010673702
4,612,completed,88377.3043524,88377.306886,88377.3109342,6.5818000002764165
3,613,completed,88377.3350419,88377.3372541,88377.3391589,4.116999989491887
5,613,completed,88377.3350421,88377.3375389,88377.3404925,5.450399999972433
1,613,completed,88377.3350575,88377.3375892,88377.3415578,6.500300005427562
4,613,completed,88377.3352021,88377.3375514,88377.3428616,7.659499999135733
0,613,completed,88377.3351319,88377.3376811,88377.3438327,8.70079999731388
2,613,completed,88377.3351492,88377.3378302,88377.3447245,9.575300005963072
2,614,completed,88377.3659569,88377.3681959,88377.3693261,3.369199999724515
1,614,completed,88377.3659902,88377.3682645,88377.3705264,4.536199994618073
4,614,completed,88377.3660403,88377.3683196,88377.3715368,5.496500001754612
0,614,completed,88377.365956,88377.3683868,88377.3722457,6.289700002525933
3,614,completed,88377.3663859,88377.3685387,88377.3729827,6.5968000126304105
5,614,completed,88377.3663987,88377.3686021,88377.3738161,7.4173999892082065
5,615,completed,88377.396562,88377.3987953,88377.3998591,3.2971000036923215
3,615,completed,88377.3965916,88377.3988088,88377.4008301,4.2384999978821725
4,615,completed,88377.3966724,88377.399112,88377.4017501,5.077699999674223
0,615,completed,88377.3966284,88377.3990772,88377.4024953,5.866899999091402
2,615,completed,88377.3968228,88377.3992117,88377.4031566,6.3338000036310405
1,615,completed,88377.3967534,88377.3992323,88377.4040725,7.3190999974031
3,616,completed,88377.4276893,88377.4295221,88377.4304199,2.730599997448735
1,616,completed,88377.4277162,88377.4297239,88377.4310932,3.376999986357987
2,616,completed,88377.4278383,88377.4298694,88377.4315981,3.7597999908030033
0,616,completed,88377.4276893,88377.4298638,88377.4321381,4.448799998499453
4,616,completed,88377.427887,88377.4298829,88377.4328456,4.958599995006807
5,616,completed,88377.427771,88377.4299312,88377.4334186,5.647600002703257
2,617,completed,88377.4746578,88377.4771122,88377.4781242,3.4663999977055937
0,617,completed,88377.4745096,88377.4769481,88377.4793701,4.860500004724599
1,617,completed,88377.4746187,88377.4772513,88377.4804777,5.858999997144565
5,617,completed,88377.474547,88377.4772879,88377.4817049,7.157899992307648
4,617,completed,88377.4745775,88377.4772824,88377.4829376,8.360099993296899
3,617,completed,88377.4745105,88377.4775493,88377.4840217,9.51119999808725
1,618,completed,88377.5048278,88377.506924,88377.5080025,3.1747000030009076
2,618,completed,88377.5048292,88377.5070262,88377.5090524,4.223199997795746
5,618,completed,88377.5049374,88377.5071863,88377.50996,5.02260000212118
4,618,completed,88377.5050486,88377.5072107,88377.5106636,5.615000001853332
3,618,completed,88377.504867,88377.5072072,88377.5113235,6.456500006606802
0,618,completed,88377.504975,88377.5073217,88377.5126104,7.635399990249425
2,619,completed,88377.5355397,88377.5377647,88377.5388526,3.312900007585995
5,619,completed,88377.5354887,88377.537705,88377.5396811,4.192399996099994
4,619,completed,88377.5357775,88377.5380198,88377.5404015,4.6239999937824905
1,619,completed,88377.5355555,88377.538058,88377.5414105,5.854999995790422
0,619,completed,88377.5355508,88377.538108,88377.5428527,7.301899997401051
3,619,completed,88377.5358909,88377.5382469,88377.5442464,8.35549998737406
5,620,completed,88377.567203,88377.5698069,88377.5707012,3.498200007015839
0,620,completed,88377.567261,88377.5698958,88377.5714501,4.189100000075996
4,620,completed,88377.567273,88377.5698254,88377.5720282,4.755200003273785
1,620,completed,88377.5671933,88377.5698572,88377.5725981,5.404800001997501
2,620,completed,88377.5673223,88377.5700528,88377.5731575,5.8351999905426055
3,620,completed,88377.5672962,88377.5701176,88377.5737197,6.42350000271108
2,621,completed,88377.5982426,88377.6002826,88377.6009804,2.7378000086173415
0,621,completed,88377.5982385,88377.6002709,88377.6016248,3.3862999989651144
4,621,completed,88377.5982924,88377.6003858,88377.6021142,3.821799997240305
5,621,completed,88377.5983706,88377.6004834,88377.6026139,4.24330000532791
3,621,completed,88377.5984568,88377.6004924,88377.6031232,4.666399996494874
1,621,completed,88377.5983364,88377.6004734,88377.6036705,5.334100002073683
2,622,completed,88377.6295891,88377.6315366,88377.6323196,2.7304999966872856
5,622,completed,88377.6296031,88377.6316082,88377.6329721,3.368999998201616
1,622,completed,88377.6296791,88377.6317099,88377.6334799,3.8007999974070117
3,622,completed,88377.6296004,88377.6317633,88377.6340687,4.4683000014629215
0,622,completed,88377.6299105,88377.6318097,88377.6346226,4.712099995231256
4,622,completed,88377.6297529,88377.6318779,88377.6351754,5.422500005806796
2,623,completed,88377.660664,88377.6628016,88377.6638125,3.1485000072279945
3,623,completed,88377.6606847,88377.6627761,88377.6645835,3.8988000014796853
5,623,completed,88377.6607737,88377.6631186,88377.6651653,4.391599999507889
4,623,completed,88377.6607282,88377.6631117,88377.6656793,4.951099996105768
1,623,completed,88377.6608398,88377.6631327,88377.6661769,5.337100010365248
0,623,completed,88377.6606656,88377.663255,88377.6667031,6.037500003003515
5,624,completed,88377.7076366,88377.7097321,88377.7106972,3.060600007302128
4,624,completed,88377.7076969,88377.7099003,88377.7113817,3.6848000017926097
2,624,completed,88377.7077175,88377.7100064,88377.7119429,4.225399999995716
3,624,completed,88377.7077815,88377.7100273,88377.7125069,4.725400009192526
1,624,completed,88377.7076395,88377.7101866,88377.713132,5.492500000400469
0,624,completed,88377.707615,88377.7101489,88377.7137308,6.115799988037907
1,625,completed,88377.7393174,88377.7415001,88377.7423005,2.9830999992555007
2,625,completed,88377.7393171,88377.7415811,88377.7429529,3.6357999924803153
0,625,completed,88377.7394337,88377.7416364,88377.7434793,4.0455999987898394
5,625,completed,88377.7394813,88377.7416733,88377.7440176,4.536299995379522
4,625,completed,88377.7393495,88377.7417535,88377.7446067,5.257199998595752
3,625,completed,88377.7393333,88377.7417998,88377.7451904,5.857099997228943
1,626,completed,88377.7706738,88377.7730951,88377.7742147,3.540899997460656
3,626,completed,88377.7707585,88377.7732151,88377.775124,4.365500004496425
0,626,completed,88377.7705856,88377.7733449,88377.7758644,5.278800002997741
5,626,completed,88377.7705854,88377.7734086,88377.7766575,6.072100004530512
4,626,completed,88377.7706809,88377.7733963,88377.7773948,6.71390000206884
2,626,completed,88377.771344,88377.7735512,88377.7780657,6.721700003254227
0,627,completed,88377.8019086,88377.8042812,88377.8052256,3.316999995149672
1,627,completed,88377.8019083,88377.804312,88377.8059713,4.063000000314787
5,627,completed,88377.8021901,88377.804525,88377.8066998,4.509699996560812
3,627,completed,88377.8019414,88377.8045568,88377.8076107,5.66929999331478
2,627,completed,88377.802028,88377.8045946,88377.8084147,6.386699998984113
4,627,completed,88377.8022215,88377.8046267,88377.8090224,6.800900009693578
2,628,completed,88377.8333797,88377.8360725,88377.8368901,3.510400012601167
1,628,completed,88377.833291,88377.8360015,88377.8375825,4.291499993996695
4,628,completed,88377.8331545,88377.8361301,88377.8381219,4.967400003806688
3,628,completed,88377.833343,88377.8361415,88377.8386796,5.336599992006086
0,628,completed,88377.8331241,88377.8362043,88377.8392545,6.130399997346103
5,628,completed,88377.8331241,88377.8362444,88377.8398249,6.700800004182383
4,629,completed,88377.8647993,88377.8670173,88377.8680759,3.2765999931143597
5,629,completed,88377.8647273,88377.867177,88377.8688897,4.162400000495836
3,629,completed,88377.8648534,88377.8672395,88377.8696896,4.8362000088673085
2,629,completed,88377.8650383,88377.8673135,88377.8703957,5.35739999031648
0,629,completed,88377.8649089,88377.8674168,88377.8710753,6.16640000953339
1,629,completed,88377.8650561,88377.8674499,88377.8719625,6.906399998115376
5,630,completed,88377.8966503,88377.8989619,88377.8999139,3.2635999959893525
1,630,completed,88377.8966635,88377.8989633,88377.9006689,4.005399998277426
2,630,completed,88377.8969975,88377.8991717,88377.9012471,4.2495999950915575
0,630,completed,88377.8967632,88377.8991631,88377.9017837,5.0205000006826594
3,630,completed,88377.8969433,88377.8991594,88377.9022891,5.345800003851764
4,630,completed,88377.8969731,88377.8992652,88377.9028013,5.828200010000728
2,631,completed,88377.9274204,88377.929681,88377.9305277,3.1072999991010875
1,631,completed,88377.927439,88377.9297767,88377.9312851,3.846099993097596
0,631,completed,88377.9274199,88377.9297389,88377.9319464,4.526499993517064
5,631,completed,88377.9274773,88377.9298067,88377.9325622,5.084899996290915
3,631,completed,88377.927571,88377.9298654,88377.9331,5.529000001843087
4,631,completed,88377.9275945,88377.9298689,88377.9336,6.005500006722286
3,632,completed,88377.9743749,88377.9765708,88377.9782222,3.847300002234988
4,632,completed,88377.9743745,88377.9769683,88377.979254,4.879500003880821
0,632,completed,88377.9746566,88377.9771657,88377.9799587,5.302100005792454
2,632,completed,88377.9747633,88377.9771889,88377.9806145,5.851200010511093
1,632,completed,88377.9747181,88377.9772422,88377.9814817,6.7636000021593645
5,632,completed,88377.9746052,88377.9772571,88377.9821066,7.501400003093295
5,633,completed,88378.0050041,88378.0068302,88378.0088448,3.8406999956350774
2,633,completed,88378.0049562,88378.0069766,88378.0105386,5.582400001003407
1,633,completed,88378.0049562,88378.0069889,88378.0123972,7.440999994287267
4,633,completed,88378.0062256,88378.0077623,88378.0134251,7.1995000034803525
3,633,completed,88378.0059495,88378.0077742,88378.0142545,8.304999995743856
0,633,completed,88378.0077457,88378.0101044,88378.015105,7.359299997915514
0,634,completed,88378.0366036,88378.0391693,88378.0407008,4.097199998795986
3,634,completed,88378.0364769,88378.0392022,88378.0421392,5.662299998220988
1,634,completed,88378.0364877,88378.0391013,88378.0436189,7.1312000072794035
4,634,completed,88378.0365044,88378.039235,88378.044814,8.30959998711478
2,634,completed,88378.0366653,88378.0393026,88378.0457357,9.07040000311099
5,634,completed,88378.0367594,88378.0397695,88378.0466012,9.841799997957423
3,635,completed,88378.067988,88378.0701601,88378.0712567,3.268700005719438
2,635,completed,88378.0680422,88378.0702593,88378.0723906,4.348400005255826
5,635,completed,88378.0680724,88378.0703185,88378.0734754,5.403000002843328
4,635,completed,88378.0681453,88378.07054,88378.074691,6.545700001879595
0,635,completed,88378.0681145,88378.0705285,88378.0758437,7.729200005996972
1,635,completed,88378.0679972,88378.0704107,88378.0766294,8.632199998828582
3,636,completed,88378.0989806,88378.1014167,88378.1027092,3.728600000613369
2,636,completed,88378.0989531,88378.1015731,88378.1035738,4.620700012310408
1,636,completed,88378.0992052,88378.1016363,88378.1041621,4.956900011165999
4,636,completed,88378.0996733,88378.1018544,88378.1047298,5.056499998318031
5,636,completed,88378.0990584,88378.1018914,88378.1052921,6.233699998119846
0,636,completed,88378.09904,88378.1021688,88378.1059425,6.902499997522682
0,637,completed,88378.1302465,88378.1321363,88378.133039,2.792499988572672
2,637,completed,88378.1302209,88378.1321609,88378.1339877,3.766800000448711
5,637,completed,88378.1302298,88378.1321019,88378.1348225,4.592700002831407
3,637,completed,88378.1304189,88378.1323765,88378.1356177,5.198800005018711
1,637,completed,88378.1304731,88378.1325308,88378.136324,5.850900008226745
4,637,completed,88378.1304562,88378.1325154,88378.1369456,6.48939999518916
3,638,completed,88378.1602642,88378.1627779,88378.1638839,3.619699986302294
1,638,completed,88378.1602344,88378.1628229,88378.1648879,4.6535000001313165
0,638,completed,88378.1604151,88378.1628643,88378.1655215,5.106399999931455
5,638,completed,88378.1603664,88378.1628177,88378.166098,5.73160000203643
4,638,completed,88378.1604328,88378.1628504,88378.1666512,6.218399998033419
2,638,completed,88378.1603176,88378.1629891,88378.1672386,6.920999992871657
5,639,completed,88378.2063081,88378.2088058,88378.2100753,3.7672000034945086
3,639,completed,88378.2064459,88378.209009,88378.2112105,4.764600002090447
4,639,completed,88378.2063283,88378.2092537,88378.2120506,5.722300003981218
2,639,completed,88378.2063954,88378.2092588,88378.2127739,6.378499994752929
0,639,completed,88378.2063599,88378.2092616,88378.213381,7.0210999983828515
1,639,completed,88378.2063091,88378.2095762,88378.2140228,7.713700004387647
3,640,completed,88378.2369563,88378.2391112,88378.2402185,3.262199999880977
0,640,completed,88378.2368463,88378.2389812,88378.2411176,4.271300000254996
1,640,completed,88378.2368939,88378.2393199,88378.2419431,5.049200000939891
2,640,completed,88378.2369741,88378.2393231,88378.2428114,5.837300006533042
5,640,completed,88378.2368941,88378.2393581,88378.2435603,6.666200002655387
4,640,completed,88378.2368491,88378.2394569,88378.2446501,7.800999999744818
3,641,completed,88378.2684607,88378.2699845,88378.2714258,2.9651000077137724
2,641,completed,88378.268473,88378.270205,88378.2721152,3.642199997557327
1,641,completed,88378.2689355,88378.2709046,88378.2727657,3.8302000029943883
4,641,completed,88378.2690236,88378.2709767,88378.2734845,4.460899988771416
5,641,completed,88378.2689795,88378.2710923,88378.274485,5.505499997525476
0,641,completed,88378.2690859,88378.2711482,88378.2753863,6.300399996689521
2,642,completed,88378.2991933,88378.3016777,88378.3030382,3.844899998512119
4,642,completed,88378.2992523,88378.3017012,88378.3043753,5.1229999953648075
0,642,completed,88378.2990761,88378.3014955,88378.3051487,6.0726000083377585
5,642,completed,88378.2991204,88378.3017146,88378.3058104,6.689999994705431
1,642,completed,88378.2993337,88378.3017966,88378.306457,7.123300005332567
3,642,completed,88378.2990912,88378.3019913,88378.3072909,8.199700008844957
0,643,completed,88378.3306562,88378.3331338,88378.3343643,3.7080999900354072
4,643,completed,88378.3305794,88378.3333276,88378.3352736,4.694199989899062
2,643,completed,88378.3305911,88378.3333509,88378.3360449,5.45379999675788
1,643,completed,88378.330548,88378.3333188,88378.3367682,6.220199997187592
5,643,completed,88378.3305908,88378.3330856,88378.3375937,7.002899990766309
3,643,completed,88378.3305627,88378.3333409,88378.3383502,7.787500013364479
1,644,completed,88378.3615901,88378.3638598,88378.3646453,3.055199995287694
3,644,completed,88378.3616743,88378.3638487,88378.365468,3.7937000015517697
0,644,completed,88378.361686,88378.3639185,88378.3661333,4.447300001629628
2,644,completed,88378.3616235,88378.3639621,88378.3667346,5.111100006615743
5,644,completed,88378.3617638,88378.3639779,88378.3674009,5.637099995510653
4,644,completed,88378.3616092,88378.3638356,88378.3680913,6.482099997811019
2,645,completed,88378.4079169,88378.4100096,88378.4106764,2.759499999228865
3,645,completed,88378.4077967,88378.409974,88378.4113819,3.585200000088662
4,645,completed,88378.4077986,88378.4099011,88378.412036,4.23739998950623
0,645,completed,88378.4078078,88378.40997,88378.4126287,4.8208999942289665
5,645,completed,88378.407816,88378.4100968,88378.4132225,5.406500000390224
1,645,completed,88378.4082432,88378.4102062,88378.413822,5.578800002695061
1,646,completed,88378.4380406,88378.4401815,88378.4412452,3.2045999978436157
5,646,completed,88378.4380416,88378.4402477,88378.4420572,4.015599988633767
2,646,completed,88378.4380682,88378.440238,88378.442791,4.722799989394844
3,646,completed,88378.4382356,88378.4404437,88378.443357,5.121399997733533
4,646,completed,88378.4383216,88378.4406058,88378.4438642,5.542600003536791
0,646,completed,88378.4381342,88378.4405989,88378.4443935,6.259300003875978
5,647,completed,88378.4694593,88378.4718959,88378.4731422,3.6829000018769875
3,647,completed,88378.4694591,88378.4718322,88378.4740899,4.6308000019053
4,647,completed,88378.4696085,88378.4720057,88378.4749726,5.36409999767784
2,647,completed,88378.4698463,88378.4722012,88378.4758138,5.967500008409843
0,647,completed,88378.4698748,88378.4722378,88378.4768406,6.96579999930691
1,647,completed,88378.4702113,88378.4723271,88378.4778506,7.639300005394034
2,648,completed,88378.5011775,88378.5033229,88378.5041954,3.017900002305396
1,648,completed,88378.5011564,88378.5033528,88378.5049219,3.765500005101785
4,648,completed,88378.501156,88378.5035094,88378.5055995,4.443500001798384
3,648,completed,88378.5012572,88378.5035773,88378.506231,4.9738000088837
0,648,completed,88378.5014031,88378.5035827,88378.5069455,5.542400002013892
5,648,completed,88378.5012941,88378.5036675,88378.5076621,6.36800000211224
5,649,completed,88378.5332013,88378.5351412,88378.5362649,3.0636000010417774
1,649,completed,88378.5333208,88378.5354505,88378.5371958,3.875000009429641
4,649,completed,88378.5332221,88378.5354805,88378.5379669,4.74479999684263
3,649,completed,88378.5332398,88378.5354738,88378.5387039,5.464100002427585
2,649,completed,88378.5333954,88378.5354424,88378.5392766,5.88120000611525
0,649,completed,88378.5333963,88378.5354814,88378.5399696,6.573299993760884
3,650,completed,88378.5645701,88378.5670222,88378.5681543,3.5841999924741685
1,650,completed,88378.5644963,88378.5669338,88378.5693234,4.827100012334995
4,650,completed,88378.5644815,88378.5670398,88378.5703148,5.833300005178899
0,650,completed,88378.5645164,88378.5671143,88378.5711479,6.631500000366941
5,650,completed,88378.5648498,88378.5671716,88378.5719847,7.1349000063491985
2,650,completed,88378.5645826,88378.5671849,88378.5726574,8.074800003669225
3,651,completed,88378.5961845,88378.5980961,88378.5989593,2.7747999993152916
1,651,completed,88378.5962931,88378.5983164,88378.5996711,3.3780000085243955
2,651,completed,88378.5961962,88378.598356,88378.6002793,4.083099993295036
0,651,completed,88378.5961693,88378.598343,88378.6010337,4.864400005317293
4,651,completed,88378.5962513,88378.5983573,88378.6017272,5.475900004967116
5,651,completed,88378.596519,88378.5983912,88378.6024386,5.919600007473491
5,652,completed,88378.6289717,88378.6310595,88378.6320547,3.0830000032437965
0,652,completed,88378.6290372,88378.6312497,88378.6329036,3.866400002152659
2,652,completed,88378.6291367,88378.6312905,88378.633448,4.311299999244511
1,652,completed,88378.6289631,88378.6312616,88378.6342262,5.263099999865517
4,652,completed,88378.6290892,88378.631272,88378.6353176,6.228400001418777
3,652,completed,88378.6290427,88378.6313682,88378.636081,7.0382999983849
3,653,completed,88378.6606108,88378.6631974,88378.6642598,3.6490000056801364
4,653,completed,88378.6606637,88378.6632084,88378.6653307,4.66700000106357
5,653,completed,88378.6607999,88378.6632984,88378.6661324,5.332500004442409
1,653,completed,88378.660608,88378.6632977,88378.6667339,6.1258999921847135
0,653,completed,88378.6607279,88378.6633826,88378.6672867,6.558799999766052
2,653,completed,88378.6605768,88378.6634395,88378.6686178,8.040999993681908
0,654,completed,88378.7070613,88378.7089422,88378.7096704,2.609100003610365
1,654,completed,88378.7070617,88378.7089511,88378.7104073,3.345599994645454
2,654,completed,88378.7070952,88378.7090396,88378.7110154,3.9201999898068607
3,654,completed,88378.707077,88378.7091384,88378.711602,4.524999996647239
5,654,completed,88378.7071842,88378.7091578,88378.7123513,5.167099996469915
4,654,completed,88378.7072704,88378.70923,88378.7130521,5.781700005172752
2,655,completed,88378.7383403,88378.740368,88378.74185,3.5097000072710216
1,655,completed,88378.7385015,88378.740748,88378.7427323,4.230799997458234
3,655,completed,88378.7384025,88378.7408124,88378.7433526,4.950099988491274
4,655,completed,88378.7384254,88378.7409535,88378.744068,5.6425999937346205
0,655,completed,88378.7384211,88378.7409492,88378.7446974,6.2763000023551285
5,655,completed,88378.7388809,88378.7411602,88378.7455684,6.687500004773028
5,656,completed,88378.7701633,88378.7725489,88378.7737356,3.572300003725104
3,656,completed,88378.7702835,88378.7726494,88378.7745503,4.266800009645522
1,656,completed,88378.7702018,88378.7727304,88378.7752378,5.036000002291985
0,656,completed,88378.7702742,88378.772714,88378.7759823,5.7080999977188185
4,656,completed,88378.7703658,88378.7727581,88378.7768199,6.4541000028839335
2,656,completed,88378.7701635,88378.7728006,88378.777483,7.3195000004488975
4,657,completed,88378.8029137,88378.8039655,88378.8058236,2.90990000939928
2,657,completed,88378.8029033,88378.8041079,88378.8075665,4.663200001232326
1,657,completed,88378.8035956,88378.8053413,88378.8086294,5.033800000092015
0,657,completed,88378.8039982,88378.8055569,88378.8094867,5.488499999046326
5,657,completed,88378.8057521,88378.8068683,88378.8106356,4.883500005234964
3,657,completed,88378.8058946,88378.8070906,88378.8116886,5.794000011519529
4,658,completed,88378.8333015,88378.8355175,88378.8364511,3.149600001052022
2,658,completed,88378.8332199,88378.8354812,88378.8372087,3.988800002844073
1,658,completed,88378.8333597,88378.8355903,88378.8377863,4.426600004080683
3,658,completed,88378.8332197,88378.8354829,88378.838374,5.154300000867806
0,658,completed,88378.833262,88378.8355376,88378.8390338,5.771800002548844
5,658,completed,88378.8332258,88378.8356767,88378.8398261,6.600299995625392
0,659,completed,88378.8651116,88378.8676905,88378.8685735,3.4619000070961192
1,659,completed,88378.8650633,88378.8675947,88378.8692834,4.2200999887427315
3,659,completed,88378.8653873,88378.8678956,88378.8699996,4.612300006556325
2,659,completed,88378.8653016,88378.86799,88378.8706922,5.390599995735101
5,659,completed,88378.8653537,88378.8680043,88378.8716688,6.3150999922072515
4,659,completed,88378.8650688,88378.8679968,88378.8727141,7.645299992873333
3,660,completed,88378.8962339,88378.8981625,88378.899279,3.0451000056928024
0,660,completed,88378.8962859,88378.8983405,88378.9001696,3.8837000029161572
2,660,completed,88378.8962129,88378.8983642,88378.9010054,4.792499996256083
5,660,completed,88378.8963843,88378.8984836,88378.9018246,5.440300010377541
4,660,completed,88378.8964409,88378.8986109,88378.9027721,6.331199998385273
1,660,completed,88378.8963056,88378.898625,88378.9035076,7.201999993412755
4,661,completed,88378.9267526,88378.929382,88378.9304839,3.7312999920686707
0,661,completed,88378.9268508,88378.9294684,88378.9312225,4.371700008050539
2,661,completed,88378.9268115,88378.9293679,88378.9317973,4.985799998394214
1,661,completed,88378.926752,88378.9295543,88378.9324314,5.679399997461587
5,661,completed,88378.9267676,88378.9297741,88378.9332232,6.455599999753758
3,661,completed,88378.9416163,88378.9426388,88378.9437531,2.136800001608208
1,662,completed,88378.9722564,88378.9747234,88378.9762053,3.948900004616007
0,662,completed,88378.9720918,88378.9746659,88378.9775713,5.4795000032754615
2,662,completed,88378.9721261,88378.9747069,88378.9784656,6.339500003377907
5,662,completed,88378.9720919,88378.9747078,88378.9796243,7.532400006311946
4,662,completed,88378.9721354,88378.9747308,88378.9805349,8.399499987717718
3,662,completed,88378.9722278,88378.9749148,88378.9817297,9.501900000032037
3,663,completed,88379.0031392,88379.0044647,88379.0057096,2.5703999999677762
1,663,completed,88379.0057352,88379.0068027,88379.0082479,2.5126999971689656
4,663,completed,88379.0061237,88379.0074509,88379.010291,4.167299994151108
2,663,completed,88379.0064689,88379.0080692,88379.0118358,5.3669000044465065
0,663,completed,88379.0096268,88379.0116018,88379.0127838,3.156999999191612
5,663,completed,88379.0095972,88379.0120419,88379.0139809,4.383699997561052
2,664,completed,88379.0343275,88379.037103,88379.0385985,4.270999997970648
3,664,completed,88379.0344742,88379.0371702,88379.0402534,5.779200000688434
0,664,completed,88379.0343147,88379.0373312,88379.0412424,6.927700000233017
1,664,completed,88379.0348254,88379.0374627,88379.0420835,7.258099998580292
5,664,completed,88379.0343858,88379.0374829,88379.0430312,8.645399997476488
4,664,completed,88379.0343319,88379.0375,88379.0444502,10.118300007889047
4,665,completed,88379.0646782,88379.0667305,88379.0685719,3.893700006301515
5,665,completed,88379.0646868,88379.0669021,88379.0696663,4.979499994078651
0,665,completed,88379.064802,88379.06719,88379.0703451,5.543100007344037
1,665,completed,88379.0647073,88379.0672362,88379.0712486,6.541299997479655
3,665,completed,88379.0648858,88379.0676337,88379.0721439,7.258099998580292
2,665,completed,88379.0650703,88379.0681427,88379.0730498,7.979500005603768
5,666,completed,88379.0958271,88379.0979886,88379.1002109,4.383799998322502
4,666,completed,88379.0959061,88379.0984868,88379.1019734,6.067299997084774
1,666,completed,88379.0959546,88379.0985148,88379.1036436,7.689000005484559
3,666,completed,88379.0958991,88379.0985978,88379.1049284,9.029300010297447
2,666,completed,88379.0959212,88379.0985068,88379.1080418,12.120600003981963
0,666,completed,88379.096445,88379.0989481,88379.1090872,12.642200003028847
0,667,completed,88379.1414114,88379.1436565,88379.1450379,3.626499994425103
2,667,completed,88379.1416695,88379.1439256,88379.1459058,4.2363000102341175
4,667,completed,88379.1417551,88379.1440663,88379.1467059,4.95079999382142
3,667,completed,88379.1416427,88379.1442076,88379.1478368,6.194100002176128
1,667,completed,88379.1417865,88379.1441121,88379.1487066,6.920100000570528
5,667,completed,88379.1421264,88379.1443845,88379.149464,7.33760000730399
1,668,completed,88379.1720216,88379.1742471,88379.1752923,3.2707000063965097
4,668,completed,88379.1720756,88379.1742926,88379.1761502,4.074600001331419
3,668,completed,88379.1720174,88379.1743389,88379.1767525,4.735100010293536
2,668,completed,88379.1722466,88379.1744132,88379.1773654,5.118799992487766
5,668,completed,88379.1720006,88379.1743969,88379.1780746,6.074000004446134
0,668,completed,88379.1722793,88379.1745302,88379.1787158,6.436499999836087
1,669,completed,88379.2036667,88379.2058084,88379.2067081,3.041399992071092
3,669,completed,88379.2036564,88379.2058478,88379.2075123,3.8558999949600548
0,669,completed,88379.2038696,88379.2059665,88379.2082405,4.370900001958944
4,669,completed,88379.2036207,88379.2060231,88379.2091272,5.506499990588054
5,669,completed,88379.20398,88379.2060498,88379.2100163,6.036299993866123
2,669,completed,88379.2037519,88379.2061,88379.2106898,6.937900005141273
2,670,completed,88379.2345934,88379.236742,88379.2375868,2.993399990373291
5,670,completed,88379.2345995,88379.2367466,88379.2384808,3.8812999991932884
0,670,completed,88379.2347158,88379.2368255,88379.2390533,4.337499995017424
3,670,completed,88379.2346745,88379.2368367,88379.2396635,4.989000008208677
4,670,completed,88379.2346359,88379.2369835,88379.2403675,5.73160000203643
1,670,completed,88379.2347632,88379.2370162,88379.2409243,6.161099998280406
4,671,completed,88379.2657389,88379.2677438,88379.268979,3.2401000062236562
1,671,completed,88379.2657239,88379.2678521,88379.2697037,3.9798000070732087
0,671,completed,88379.2659319,88379.2680811,88379.2705028,4.570900011458434
3,671,completed,88379.266009,88379.2681155,88379.271382,5.37300000723917
5,671,completed,88379.2659359,88379.2682299,88379.2722539,6.317999999737367
2,671,completed,88379.2658784,88379.2682568,88379.2730527,7.1743000007700175
4,672,completed,88379.297464,88379.2994619,88379.3003427,2.8786999901058152
5,672,completed,88379.297537,88379.2996064,88379.301519,3.9819999947212636
3,672,completed,88379.2975787,88379.2996338,88379.3024386,4.859900000155903
2,672,completed,88379.2974705,88379.2996587,88379.3033364,5.8659000060288236
1,672,completed,88379.2974434,88379.2996566,88379.304138,6.69460000062827
0,672,completed,88379.297619,88379.2997098,88379.3049795,7.360499992500991
1,673,completed,88379.3282108,88379.3302574,88379.3323148,4.104000006918795
2,673,completed,88379.328211,88379.3306453,88379.3334338,5.222799998591654
0,673,completed,88379.3282106,88379.3309764,88379.3344487,6.238100002519786
3,673,completed,88379.3283376,88379.3304698,88379.3355704,7.232799995108508
5,673,completed,88379.3291951,88379.3314857,88379.3366577,7.462599998689257
4,673,completed,88379.3303489,88379.3321773,88379.337911,7.562099999631755
0,674,completed,88379.3744613,88379.3769682,88379.378944,4.482699994696304
1,674,completed,88379.3748506,88379.377489,88379.3798882,5.037599999923259
5,674,completed,88379.3747164,88379.3775414,88379.3808084,6.092000010539778
3,674,completed,88379.3747787,88379.377531,88379.3814873,6.708599990815856
2,674,completed,88379.3748247,88379.3777084,88379.3821446,7.31989998894278
4,674,completed,88379.3747365,88379.3776737,88379.3827279,7.991399994352832
4,675,completed,88379.4054524,88379.4074306,88379.4086304,3.1779999990249053
2,675,completed,88379.4054291,88379.407563,88379.4096917,4.262599992216565
0,675,completed,88379.4055869,88379.4076908,88379.4105257,4.938800004310906
1,675,completed,88379.405639,88379.4076673,88379.4111522,5.513199997949414
5,675,completed,88379.4055301,88379.4077582,88379.4123142,6.784099998185411
3,675,completed,88379.4055106,88379.407907,88379.4130241,7.513499993365258
5,676,completed,88379.4365427,88379.4385916,88379.4402788,3.7360999995144084
3,676,completed,88379.4365744,88379.4386018,88379.4411221,4.547700009425171
1,676,completed,88379.4365428,88379.4388193,88379.4419628,5.420000001322478
0,676,completed,88379.4367253,88379.4389541,88379.4428415,6.116200005635619
2,676,completed,88379.4368089,88379.4390931,88379.4435156,6.706699990900233
4,676,completed,88379.4368144,88379.4390202,88379.4441672,7.352799992077053
4,677,completed,88379.4674848,88379.4696336,88379.4708235,3.3387000003131106
0,677,completed,88379.4675167,88379.46967,88379.4723891,4.872400008025579
3,677,completed,88379.4675379,88379.4697425,88379.4774505,9.91259999864269
2,677,completed,88379.4677789,88379.4698686,88379.4812258,13.446900004055351
5,677,completed,88379.467475,88379.470033,88379.482964,15.488999997614883
1,677,completed,88379.4676812,88379.4700997,88379.4862082,18.527000007452443
1,678,completed,88379.5001988,88379.5010098,88379.5039218,3.723000001627952
5,678,completed,88379.5010276,88379.5022792,88379.5076921,6.664500004262663
2,678,completed,88379.5026856,88379.5053295,88379.5127026,10.01699999324046
3,678,completed,88379.5030348,88379.5053181,88379.5148266,11.791800003265962
4,678,completed,88379.5058968,88379.5071895,88379.5166459,10.74910000897944
0,678,completed,88379.5057102,88379.5069983,88379.518382,12.671799995587207
4,679,completed,88379.529983,88379.5309592,88379.5329907,3.0076999973971397
5,679,completed,88379.5300182,88379.5311111,88379.5346055,4.587299990816973
0,679,completed,88379.5311979,88379.5324141,88379.5365981,5.400200010626577
2,679,completed,88379.531342,88379.5326067,88379.5382357,6.893700003274716
1,679,completed,88379.5310344,88379.5338909,88379.5398355,8.801100004347973
3,679,completed,88379.5334249,88379.5345261,88379.5407869,7.362000003922731
1,680,completed,88379.5599405,88379.5607001,88379.5626329,2.6923999976133928
0,680,completed,88379.5749905,88379.5773004,88379.5785929,3.602400000090711
3,680,completed,88379.5749839,88379.5774548,88379.5796842,4.7002999926917255
5,680,completed,88379.575213,88379.5774712,88379.5805619,5.348899998352863
2,680,completed,88379.575299,88379.577677,88379.5812448,5.945800003246404
4,680,completed,88379.5754549,88379.5777195,88379.5819314,6.476499998825602
4,681,completed,88379.6064731,88379.6088045,88379.6100323,3.5592000058386475
5,681,completed,88379.6066549,88379.608895,88379.6108821,4.227199999149889
3,681,completed,88379.6064991,88379.6088674,88379.6115202,5.02109999069944
1,681,completed,88379.6065151,88379.608956,88379.6122824,5.767300011939369
2,681,completed,88379.6065481,88379.6089288,88379.6130519,6.503800002974458
0,681,completed,88379.6069377,88379.609278,88379.6137874,6.849700002931058
5,682,completed,88379.6375103,88379.6398717,88379.6410245,3.514199997880496
4,682,completed,88379.6371109,88379.6397865,88379.6422336,5.1226999930804595
3,682,completed,88379.6374488,88379.6398136,88379.6430142,5.565400002524257
2,682,completed,88379.6372648,88379.639908,88379.6436654,6.400600002962165
0,682,completed,88379.6372085,88379.6399068,88379.6443171,7.108599995262921
1,682,completed,88379.637243,88379.6399633,88379.6452418,7.9987999924924225
1,683,completed,88379.6690256,88379.6712885,88379.6735289,4.503300006035715
0,683,completed,88379.66938,88379.6721187,88379.6759563,6.5762999875005335
2,683,completed,88379.6693955,88379.6723976,88379.6766618,7.266300002811477
3,683,completed,88379.6700396,88379.6726309,88379.6773361,7.296499999938533
5,683,completed,88379.6700226,88379.6727096,88379.6779644,7.9418000095756724
4,683,completed,88379.6700649,88379.6727525,88379.6785709,8.505999998305924
1,684,completed,88379.6997717,88379.7019422,88379.7039353,4.163599995081313
4,684,completed,88379.6997819,88379.7019128,88379.7053768,5.594900008873083
3,684,completed,88379.6998225,88379.7020862,88379.7062172,6.394700001692399
0,684,completed,88379.7002712,88379.7024737,88379.7070225,6.751300010364503
2,684,completed,88379.7001933,88379.7024167,88379.7081399,7.946600002469495
5,684,completed,88379.6999275,88379.7027455,88379.7090375,9.109999999054708
3,685,completed,88379.731366,88379.7338832,88379.735047,3.68099998740945
2,685,completed,88379.7313436,88379.7334938,88379.736081,4.73739999870304
4,685,completed,88379.7315047,88379.7337856,88379.7369765,5.4718000028515235
1,685,completed,88379.7314152,88379.7340437,88379.7382175,6.802299991250038
0,685,completed,88379.7313437,88379.7340095,88379.7392043,7.86060000245925
5,685,completed,88379.731438,88379.7340552,88379.7401862,8.748199994442984
5,686,completed,88379.7627752,88379.7653095,88379.76661,3.8348000089172274
2,686,completed,88379.7627941,88379.7654504,88379.767427,4.632900003343821
4,686,completed,88379.7630965,88379.7655324,88379.7680217,4.925200002617203
1,686,completed,88379.7628525,88379.7655565,88379.7687518,5.899299998418428
0,686,completed,88379.7627706,88379.7656437,88379.7696432,6.872599988128059
3,686,completed,88379.7630706,88379.7657267,88379.7704647,7.394100000965409
0,687,completed,88379.7939083,88379.7960367,88379.7973454,3.4371000074315816
4,687,completed,88379.7939473,88379.7959948,88379.7981763,4.228999998304062
5,687,completed,88379.7939725,88379.7962663,88379.7989214,4.948899993905798
2,687,completed,88379.794018,88379.7964232,88379.7998874,5.86940000357572
1,687,completed,88379.7940335,88379.7964529,88379.8009685,6.934999997611158
3,687,completed,88379.8093527,88379.8101378,88379.8109618,1.6090999997686595
5,688,completed,88379.8396947,88379.8418557,88379.8429945,3.299799995147623
2,688,completed,88379.8396345,88379.8417202,88379.8438699,4.2354000033810735
3,688,completed,88379.8397515,88379.8418874,88379.8444713,4.719800010207109
1,688,completed,88379.8398149,88379.8419976,88379.8451835,5.36860000283923
0,688,completed,88379.8400206,88379.8423312,88379.8461876,6.166999999550171
4,688,completed,88379.8401289,88379.8425318,88379.8468432,6.714299990562722
4,689,completed,88379.8718152,88379.8739216,88379.875006,3.190800009178929
3,689,completed,88379.8719496,88379.8742643,88379.8757242,3.7746000016340986
5,689,completed,88379.8718867,88379.8742659,88379.8763159,4.429199994774535
2,689,completed,88379.8718902,88379.8743471,88379.8770753,5.1851000025635585
1,689,completed,88379.8718746,88379.8741382,88379.8780613,6.186700004036538
0,689,completed,88379.8719909,88379.8744241,88379.8788557,6.864799986942671
4,690,completed,88379.9037299,88379.9064139,88379.9071294,3.3994999976130202
3,690,completed,88379.9036053,88379.9063409,88379.9080713,4.465999998501502
2,690,completed,88379.9038435,88379.9064776,88379.9087206,4.877100000157952
0,690,completed,88379.9037419,88379.9064406,88379.9095501,5.808200003230013
1,690,completed,88379.9036173,88379.9064951,88379.910348,6.7306999990250915
5,690,completed,88379.9036573,88379.9064572,88379.9110346,7.377299989457242
0,691,completed,88379.9340233,88379.9360924,88379.9373913,3.368000005139038
4,691,completed,88379.9340362,88379.9361191,88379.9382918,4.255600011674687
2,691,completed,88379.9340234,88379.9364262,88379.9391097,5.086300006951205
1,691,completed,88379.934379,88379.9364544,88379.9405409,6.161900004372001
3,691,completed,88379.9344167,88379.936457,88379.9414108,6.994100011070259
5,691,completed,88379.9342236,88379.9365513,88379.9420638,7.840200007194653
3,692,completed,88379.9655939,88379.9660388,88379.968919,3.3251000131713226
2,692,completed,88379.9655503,88379.9678554,88379.9699313,4.381000006105751
0,692,completed,88379.9661749,88379.9688215,88379.9706871,4.51220000104513
5,692,completed,88379.9660996,88379.9688065,88379.9713722,5.272599999443628
1,692,completed,88379.9661396,88379.968836,88379.9721932,6.0535999946296215
4,692,completed,88379.9662046,88379.9688382,88379.9728132,6.608600000618026
3,693,completed,88379.9977509,88379.9998267,88380.0005195,2.7685999957611784
2,693,completed,88379.9975873,88379.9997261,88380.0011902,3.6029000038979575
0,693,completed,88379.9977155,88379.9998144,88380.0020175,4.302000001189299
1,693,completed,88379.9976285,88379.9998527,88380.0030197,5.391200000303797
4,693,completed,88379.9976284,88379.9999288,88380.0035959,5.967499993857928
5,693,completed,88379.9976663,88379.9999423,88380.0041333,6.466999999247491
0,694,completed,88380.0284339,88380.031078,88380.0324673,4.033399993204512
5,694,completed,88380.0284698,88380.0313188,88380.0334757,5.005899991374463
4,694,completed,88380.0286589,88380.0314797,88380.0341023,5.443399990326725
1,694,completed,88380.0284345,88380.0315737,88380.034816,6.3815000030444935
2,694,completed,88380.0285184,88380.0316325,88380.0354169,6.898500010720454
3,694,completed,88380.0285802,88380.0316249,88380.0360411,7.460900000296533
0,695,completed,88380.0737883,88380.0759665,88380.0771657,3.3774000039556995
2,695,completed,88380.0737906,88380.0760754,88380.0780754,4.28480000118725
5,695,completed,88380.0738291,88380.0761076,88380.0789126,5.083500000182539
3,695,completed,88380.0739759,88380.0762527,88380.079727,5.751100004999898
1,695,completed,88380.0738741,88380.0762394,88380.0805752,6.701100006466731
4,695,completed,88380.0740552,88380.0762852,88380.0812244,7.169199991039932
0,696,completed,88380.104286,88380.1062612,88380.1076211,3.335100002004765
4,696,completed,88380.1043299,88380.1065632,88380.108345,4.015099999378435
2,696,completed,88380.1044091,88380.1065633,88380.1089102,4.501100003835745
3,696,completed,88380.1044603,88380.1066706,88380.1094591,4.998799995519221
1,696,completed,88380.1045108,88380.1067191,88380.1102615,5.750700001954101
5,696,completed,88380.1043078,88380.1068365,88380.1108722,6.564400013303384
2,697,completed,88380.1351277,88380.1371319,88380.1382412,3.1134999881032854
0,697,completed,88380.1351785,88380.1373019,88380.1391766,3.998100000899285
5,697,completed,88380.135132,88380.137289,88380.1397766,4.644600005121902
3,697,completed,88380.1353467,88380.1374361,88380.1404713,5.124599992996082
4,697,completed,88380.1352741,88380.1375766,88380.1411735,5.899399999179877
1,697,completed,88380.1352426,88380.1375961,88380.1418815,6.638900013058446
3,698,completed,88380.1670076,88380.1694254,88380.1702932,3.285600003437139
5,698,completed,88380.1670424,88380.1695013,88380.1710005,3.95810000190977
0,698,completed,88380.1670829,88380.1696179,88380.1716791,4.596200000378303
4,698,completed,88380.16718,88380.1696484,88380.1722003,5.020299999159761
2,698,completed,88380.1669724,88380.1697089,88380.1727225,5.75010001193732
1,698,completed,88380.1669722,88380.1697005,88380.1733531,6.380900013027713
0,699,completed,88380.1986697,88380.2005617,88380.2014796,2.809900004649535
2,699,completed,88380.1987008,88380.2006412,88380.2021121,3.4113000001525506
1,699,completed,88380.1986621,88380.2005588,88380.2027311,4.069000002346002
4,699,completed,88380.1987737,88380.2008611,88380.2033414,4.567700001643971
3,699,completed,88380.1988121,88380.2009189,88380.2038646,5.052499996963888
5,699,completed,88380.1989097,88380.2009166,88380.204368,5.45830000191927
3,700,completed,88380.2302428,88380.2327,88380.2335002,3.2574000069871545
2,700,completed,88380.2302922,88380.2327369,88380.2342022,3.9099999994505197
5,700,completed,88380.2303208,88380.2328164,88380.2347497,4.4289000070421025
4,700,completed,88380.2303823,88380.2328715,88380.2353002,4.917900005239062
1,700,completed,88380.2305044,88380.2328946,88380.2360316,5.5272000026889145
0,700,completed,88380.2302318,88380.2329132,88380.2367288,6.496999994851649
3,701,completed,88380.2629298,88380.2653547,88380.266012,3.082199997152202
5,701,completed,88380.2627656,88380.2653031,88380.2666375,3.871900000376627
1,701,completed,88380.2628691,88380.2653438,88380.2673076,4.438500007381663
2,701,completed,88380.2628082,88380.2652886,88380.2678047,4.996499992557801
4,701,completed,88380.2627517,88380.2654476,88380.2683048,5.553100010729395
0,701,completed,88380.2627477,88380.2654655,88380.2689838,6.2360999872908
0,702,completed,88380.2939641,88380.2965667,88380.297688,3.723900008480996
2,702,completed,88380.2939964,88380.2965088,88380.2984718,4.4753999973181635
3,702,completed,88380.2940764,88380.2966938,88380.2990631,4.986700005247258
1,702,completed,88380.2940801,88380.2965283,88380.2998965,5.816400007461198
5,702,completed,88380.2941571,88380.2967678,88380.3005331,6.376000004820526
4,702,completed,88380.293947,88380.2967116,88380.3011388,7.191800003056414
2,703,completed,88380.3411427,88380.3433191,88380.3455655,4.422800004249439
4,703,completed,88380.3412487,88380.3433213,88380.3474769,6.228199999895878
1,703,completed,88380.341705,88380.3441474,88380.3494671,7.76209999457933
3,703,completed,88380.3411404,88380.344464,88380.3507398,9.59939998574555
0,703,completed,88380.3418382,88380.3447216,88380.3521968,10.358600004110485
5,703,completed,88380.3420935,88380.3450437,88380.3533578,11.264300002949312
3,704,completed,88380.3718721,88380.37457,88380.3758374,3.9652999985264614
4,704,completed,88380.3719602,88380.3745696,88380.3768365,4.876299994066358
2,704,completed,88380.3721224,88380.3747251,88380.3775414,5.418999993707985
5,704,completed,88380.3719923,88380.3747961,88380.3781105,6.1181999917607754
1,704,completed,88380.3718481,88380.3746031,88380.378858,7.009900000412017
0,704,completed,88380.3720942,88380.3748726,88380.3794747,7.380499999271706
1,705,completed,88380.4041674,88380.4067091,88380.4083941,4.226699995342642
5,705,completed,88380.4042833,88380.4069224,88380.4099939,5.710600002203137
3,705,completed,88380.4042318,88380.4068397,88380.4109392,6.707399996230379
0,705,completed,88380.4042097,88380.4069639,88380.4119986,7.788899994920939
4,705,completed,88380.4047116,88380.407047,88380.4127185,8.006899995962158
2,705,completed,88380.404184,88380.4071548,88380.4135545,9.37050000356976
1,706,completed,88380.4351324,88380.4373184,88380.4383518,3.2193999941227958
2,706,completed,88380.4350313,88380.437253,88380.4393372,4.305900001781993
3,706,completed,88380.434984,88380.4373248,88380.4399391,4.955099997459911
4,706,completed,88380.4350348,88380.4373856,88380.4405675,5.532700000912882
5,706,completed,88380.4349808,88380.4374461,88380.441129,6.148200001916848
0,706,completed,88380.4350472,88380.4375344,88380.4417516,6.704400002490729
3,707,completed,88380.465907,88380.4678123,88380.4692807,3.3736999903339893
1,707,completed,88380.4661529,88380.4682475,88380.4702436,4.090699992957525
5,707,completed,88380.4659534,88380.4682394,88380.4709733,5.019900010665879
4,707,completed,88380.4659866,88380.4685034,88380.4716204,5.633799999486655
0,707,completed,88380.4658874,88380.4685756,88380.4722624,6.374999997206032
2,707,completed,88380.4661894,88380.4686617,88380.4730534,6.863999995402992
5,708,completed,88380.4970978,88380.4991348,88380.500169,3.071200000704266
1,708,completed,88380.4970535,88380.499036,88380.5009169,3.863399993861094
4,708,completed,88380.4971365,88380.4992524,88380.5015539,4.41740000678692
3,708,completed,88380.4971169,88380.4993866,88380.50231,5.193099990719929
0,708,completed,88380.4972523,88380.4994175,88380.5029389,5.6865999940782785
2,708,completed,88380.4975738,88380.4996338,88380.503691,6.117199998698197
0,709,completed,88380.5281114,88380.530246,88380.5314567,3.345300006913021
5,709,completed,88380.5280641,88380.5301522,88380.5322709,4.2068000038852915
1,709,completed,88380.5281912,88380.5305502,88380.5329449,4.753699991852045
2,709,completed,88380.528241,88380.5305477,88380.5337016,5.460599990328774
4,709,completed,88380.5280936,88380.5304393,88380.5342939,6.200299991178326
3,709,completed,88380.5288744,88380.5309873,88380.5348856,6.011200006469153
2,710,completed,88380.5745966,88380.576934,88380.5784189,3.8223000010475516
5,710,completed,88380.5746124,88380.5771909,88380.5793223,4.709899993031286
1,710,completed,88380.5745857,88380.5771933,88380.5799553,5.369599995901808
3,710,completed,88380.574823,88380.5773294,88380.5806805,5.85750000027474
4,710,completed,88380.5747462,88380.5773456,88380.581345,6.598799998755567
0,710,completed,88380.5751232,88380.5774534,88380.5819691,6.845900003099814
0,711,completed,88380.6053213,88380.6077084,88380.609104,3.782700005103834
5,711,completed,88380.6053031,88380.6076111,88380.610211,4.9079000018537045
1,711,completed,88380.605781,88380.6080985,88380.6109459,5.164899994269945
2,711,completed,88380.6054365,88380.6082506,88380.6118187,6.382199993822724
3,711,completed,88380.6052753,88380.6082934,88380.6127043,7.4290000047767535
4,711,completed,88380.6053867,88380.6084201,88380.6137406,8.353900004294701
1,712,completed,88380.6364981,88380.6384309,88380.6392987,2.8006000065943226
3,712,completed,88380.6365582,88380.6385956,88380.6400188,3.460599997197278
4,712,completed,88380.6366032,88380.6385911,88380.6406393,4.036100013763644
5,712,completed,88380.6366603,88380.638701,88380.6412632,4.602899993187748
2,712,completed,88380.6365077,88380.638722,88380.642114,5.606300008366816
0,712,completed,88380.6367126,88380.6387664,88380.6427811,6.068500006222166
0,713,completed,88380.6679733,88380.6701155,88380.6710529,3.0795999919064343
2,713,completed,88380.6679732,88380.6701347,88380.6719232,3.9499999984400347
5,713,completed,88380.6680472,88380.6702813,88380.6724961,4.448899999260902
4,713,completed,88380.6681352,88380.6703484,88380.6730562,4.920999999740161
1,713,completed,88380.6680124,88380.6704287,88380.6736216,5.609200001345016
3,713,completed,88380.6680722,88380.6704137,88380.6741794,6.10719999531284
3,714,completed,88380.6994614,88380.7012309,88380.7021904,2.7289999998174608
1,714,completed,88380.6994613,88380.7014824,88380.7028671,3.405800001928583
0,714,completed,88380.6995452,88380.7015553,88380.7035468,4.001599998446181
2,714,completed,88380.6994924,88380.7015723,88380.7043718,4.879400003119372
5,714,completed,88380.6996146,88380.7016665,88380.7049718,5.357200003345497
4,714,completed,88380.6996766,88380.701734,88380.7055637,5.8871000073850155
3,715,completed,88380.7296562,88380.7317984,88380.7329041,3.2479000074090436
2,715,completed,88380.7296631,88380.7318587,88380.7341318,4.468699989956804
4,715,completed,88380.729756,88380.7320704,88380.734838,5.082000003312714
1,715,completed,88380.7297263,88380.7320945,88380.735682,5.9557000058703125
0,715,completed,88380.7296977,88380.7321331,88380.7367039,7.006200001342222
5,715,completed,88380.7299071,88380.7323125,88380.7379693,8.0621999950381
5,716,completed,88380.760811,88380.7628384,88380.7637397,2.928700007032603
4,716,completed,88380.7608921,88380.7629938,88380.7644323,3.5401999921305105
3,716,completed,88380.7607775,88380.7630004,88380.7649515,4.173999986960553
0,716,completed,88380.7607769,88380.7630257,88380.7655006,4.723699996247888
2,716,completed,88380.7608958,88380.7631233,88380.7662107,5.314900001394562
1,716,completed,88380.7609912,88380.7631763,88380.7667739,5.78269999823533
5,717,completed,88380.8081112,88380.8101542,88380.810937,2.8257999947527424
2,717,completed,88380.8082059,88380.8103369,88380.8117864,3.5804999934043735
0,717,completed,88380.8081355,88380.8103134,88380.8124096,4.274099992471747
4,717,completed,88380.8082201,88380.8103413,88380.8129836,4.763499993714504
3,717,completed,88380.8081388,88380.810377,88380.81352,5.38119999691844
1,717,completed,88380.8081027,88380.8104229,88380.8140757,5.9729999920818955
2,718,completed,88380.8392301,88380.8413182,88380.8424363,3.20619999547489
5,718,completed,88380.8391681,88380.8411367,88380.8431752,4.007099996670149
1,718,completed,88380.8392079,88380.8414553,88380.8437654,4.557499996735714
3,718,completed,88380.8392789,88380.8416306,88380.8443869,5.107999997562729
4,718,completed,88380.8393279,88380.8416352,88380.8449732,5.645299999741837
0,718,completed,88380.8393459,88380.8416407,88380.8455627,6.21679998585023
3,719,completed,88380.8710036,88380.8731858,88380.8743198,3.3162000036099926
2,719,completed,88380.8710559,88380.8733052,88380.8764811,5.425199997262098
0,719,completed,88380.8710208,88380.8733218,88380.8772949,6.274100000155158
4,719,completed,88380.8711539,88380.8734051,88380.8779703,6.816399996750988
1,719,completed,88380.8711833,88380.8735517,88380.8787674,7.584100007079542
5,719,completed,88380.8710834,88380.873531,88380.8794919,8.408500012592413
3,720,completed,88380.9026395,88380.904627,88380.9061483,3.5088000004179776
1,720,completed,88380.9026399,88380.9048942,88380.9070021,4.3621999939205125
5,720,completed,88380.9027217,88380.9051414,88380.9076661,4.944400003296323
0,720,completed,88380.9030656,88380.9052684,88380.9082423,5.17670001136139
2,720,completed,88380.9028983,88380.9053017,88380.9090825,6.18419999955222
4,720,completed,88380.9026662,88380.9053991,88380.9098234,7.157200001529418
3,721,completed,88380.9331591,88380.9350237,88380.9358947,2.7356000064173713
5,721,completed,88380.9331404,88380.9351171,88380.9365818,3.4413999965181574
1,721,completed,88380.9331882,88380.9351716,88380.9371699,3.981700006988831
2,721,completed,88380.9332949,88380.9352777,88380.9378413,4.546399999526329
4,721,completed,88380.9332314,88380.9353519,88380.9384115,5.180099993594922
0,721,completed,88380.9333497,88380.9354108,88380.9390174,5.667699995683506
4,722,completed,88380.9638928,88380.9659628,88380.9671489,3.256099997088313
2,722,completed,88380.9638371,88380.9659437,88380.9682874,4.450299995369278
1,722,completed,88380.9639314,88380.9660802,88380.9690531,5.121700000017881
0,722,completed,88380.9638558,88380.9659924,88380.9698274,5.97159999597352
3,722,completed,88380.9640534,88380.9661764,88380.9706645,6.611099990550429
5,722,completed,88380.9641679,88380.9662012,88380.9713912,7.223299995530397
3,723,completed,88380.9951181,88380.9977562,88380.9990673,3.94919999234844
4,723,completed,88380.9951033,88380.9977149,88381.000155,5.051700005424209
0,723,completed,88380.9952106,88380.9977293,88381.0010029,5.79229999857489
5,723,completed,88380.9950997,88380.9978346,88381.0018944,6.794700006139465
1,723,completed,88380.9951404,88380.9978905,88381.0027108,7.570400004624389
2,723,completed,88380.995263,88380.9980364,88381.0038749,8.61189998977352
2,724,completed,88381.0414749,88381.044016,88381.0453323,3.8573999918298796
5,724,completed,88381.0415285,88381.0439249,88381.046283,4.75449999794364
1,724,completed,88381.0414752,88381.0441866,88381.0470535,5.578299998887815
0,724,completed,88381.0417969,88381.0441959,88381.0479012,6.104300002334639
4,724,completed,88381.0415583,88381.044166,88381.0487699,7.211599993752316
3,724,completed,88381.0416118,88381.0441647,88381.0495289,7.917099996120669
1,725,completed,88381.0749749,88381.0771507,88381.0779983,3.0234000005293638
0,725,completed,88381.0749622,88381.0771529,88381.0788203,3.858099997160025
3,725,completed,88381.0750423,88381.0772523,88381.07951,4.4676999968942255
4,725,completed,88381.0750115,88381.0772379,88381.0802151,5.203599997912534
2,725,completed,88381.0751012,88381.0772864,88381.0810482,5.946999997831881
5,725,completed,88381.0751418,88381.0772963,88381.0818212,6.679400001303293
0,726,completed,88381.1051247,88381.1072367,88381.108233,3.108300006715581
2,726,completed,88381.1050616,88381.1073278,88381.1094335,4.371899995021522
3,726,completed,88381.1050637,88381.1072371,88381.1101025,5.038799994508736
4,726,completed,88381.1051448,88381.1073429,88381.1107396,5.594799993559718
5,726,completed,88381.1051521,88381.1074173,88381.1114031,6.250999998883344
1,726,completed,88381.1050741,88381.1074649,88381.1122905,7.216399986646138
2,727,completed,88381.1356184,88381.1374092,88381.1384563,2.8378999995766208
1,727,completed,88381.1356821,88381.1375622,88381.1391498,3.467700007604435
5,727,completed,88381.1356466,88381.137732,88381.1396857,4.0391000075032935
0,727,completed,88381.1357153,88381.1378593,88381.1401858,4.470500003662892
3,727,completed,88381.1357635,88381.1378703,88381.1407834,5.019899996113963
4,727,completed,88381.1357962,88381.1378778,88381.1413884,5.592200002865866
1,728,completed,88381.1658441,88381.1679558,88381.1701009,4.256799991708249
5,728,completed,88381.1658885,88381.168007,88381.1711136,5.225099987001158
3,728,completed,88381.1658729,88381.1680539,88381.1717608,5.887899998924695
2,728,completed,88381.1659864,88381.168163,88381.1725145,6.528099998831749
0,728,completed,88381.1659503,88381.168167,88381.1730932,7.142900009057485
4,728,completed,88381.1660795,88381.168188,88381.1736723,7.592800000566058
1,729,completed,88381.1977732,88381.1998017,88381.2007717,2.998500000103377
5,729,completed,88381.1977892,88381.1998735,88381.2016625,3.8732999964850023
4,729,completed,88381.1978562,88381.199985,88381.2022567,4.400499994517304
0,729,completed,88381.1979497,88381.200039,88381.2028245,4.874799997196533
3,729,completed,88381.1977886,88381.200047,88381.2035545,5.765900001279078
2,729,completed,88381.1978845,88381.200136,88381.2041674,6.282900008955039
2,730,completed,88381.2286443,88381.2305582,88381.2316976,3.053299995372072
0,730,completed,88381.2287443,88381.2307486,88381.2323858,3.641500006779097
5,730,completed,88381.228848,88381.2308462,88381.2329,4.052000003866851
1,730,completed,88381.2289043,88381.2308866,88381.2333926,4.488299993681721
3,730,completed,88381.2286882,88381.2312625,88381.2338933,5.205099994782358
4,730,completed,88381.2287666,88381.2313482,88381.2344809,5.714300001272932
4,731,completed,88381.2738305,88381.2769117,88381.2778774,4.046900008688681
0,731,completed,88381.2738252,88381.2769897,88381.2787401,4.914899996947497
1,731,completed,88381.2738045,88381.2769962,88381.2793461,5.541599995922297
3,731,completed,88381.2740214,88381.2770797,88381.2799523,5.930900006205775
2,731,completed,88381.2740757,88381.2771038,88381.2806629,6.587199997738935
5,731,completed,88381.2739903,88381.2771528,88381.2812732,7.2828999982448295
4,732,completed,88381.3046956,88381.3065453,88381.3073365,2.6408999983686954
5,732,completed,88381.3046673,88381.306546,88381.308018,3.3506999898236245
3,732,completed,88381.3046691,88381.3065097,88381.3085643,3.8951999886194244
1,732,completed,88381.3047607,88381.3066951,88381.3090611,4.3003999890061095
0,732,completed,88381.3048017,88381.3066973,88381.3096254,4.823700000997633
2,732,completed,88381.3046799,88381.3069224,88381.3101281,5.448199997772463
1,733,completed,88381.335354,88381.3373737,88381.3383101,2.956100011942908
5,733,completed,88381.3353538,88381.3373618,88381.3392767,3.922900010365993
2,733,completed,88381.3353821,88381.3374803,88381.340269,4.886899987468496
0,733,completed,88381.3353746,88381.3374859,88381.3409997,5.625099991448224
4,733,completed,88381.3355087,88381.3375786,88381.3418182,6.3095000077737495
3,733,completed,88381.3356271,88381.3376312,88381.3424956,6.8685000005643815
1,734,completed,88381.3659532,88381.3683662,88381.3696319,3.678699998999946
4,734,completed,88381.365972,88381.3683629,88381.370578,4.606000002240762
3,734,completed,88381.3661166,88381.3685596,88381.3712329,5.116300002555363
5,734,completed,88381.3660925,88381.3685583,88381.3718585,5.766000002040528
0,734,completed,88381.3661204,88381.3686544,88381.3724502,6.329800002276897
2,734,completed,88381.3660108,88381.3687004,88381.3731069,7.09610000194516
4,735,completed,88381.3968579,88381.3995252,88381.4004281,3.570199987734668
1,735,completed,88381.3967877,88381.3996022,88381.4012578,4.470100000617094
0,735,completed,88381.3967987,88381.3995671,88381.4019787,5.179999992833473
5,735,completed,88381.3969421,88381.3995586,88381.4027235,5.781400002888404
2,735,completed,88381.3968794,88381.3996432,88381.4033701,6.4907000050880015
3,735,completed,88381.3967876,88381.3996261,88381.4039532,7.165600007283501
2,736,completed,88381.4278194,88381.429966,88381.4311223,3.302899989648722
3,736,completed,88381.4278405,88381.4299941,88381.4321419,4.301400011172518
1,736,completed,88381.4278654,88381.4301553,88381.4329856,5.120200003148057
5,736,completed,88381.4279936,88381.4302497,88381.4343846,6.391000002622604
0,736,completed,88381.4279116,88381.4302648,88381.438333,10.421400002087466
4,736,completed,88381.428082,88381.4302691,88381.4396248,11.542799999006093
1,737,completed,88381.4745764,88381.4774358,88381.4783156,3.7392000085674226
2,737,completed,88381.4745781,88381.4773521,88381.4792192,4.641100007575005
3,737,completed,88381.4748276,88381.4775638,88381.4799252,5.097599991131574
5,737,completed,88381.4746877,88381.4776672,88381.4807547,6.066999994800426
0,737,completed,88381.474576,88381.4776213,88381.48167,7.0940000005066395
4,737,completed,88381.4746709,88381.4776618,88381.4825537,7.8827999968780205
5,738,completed,88381.506008,88381.5084106,88381.5096281,3.6201000039000064
0,738,completed,88381.506168,88381.508512,88381.5104091,4.241099988576025
1,738,completed,88381.506041,88381.5084883,88381.5110247,4.983699996955693
4,738,completed,88381.5059943,88381.5086023,88381.512142,6.147700012661517
2,738,completed,88381.5060734,88381.5086866,88381.512845,6.771600004867651
3,738,completed,88381.5065243,88381.5090742,88381.5137013,7.177000006777234
0,739,completed,88381.5368606,88381.5391013,88381.5404418,3.581199998734519
1,739,completed,88381.5369682,88381.539245,88381.541648,4.679799996665679
2,739,completed,88381.5368389,88381.5393109,88381.5426474,5.808499990962446
4,739,completed,88381.5371076,88381.5393406,88381.5441709,7.063299999572337
3,739,completed,88381.5368391,88381.5394182,88381.5452418,8.402700012084097
5,739,completed,88381.5368898,88381.5395553,88381.5461286,9.238800004823133
2,740,completed,88381.5685959,88381.5713254,88381.5726655,4.069600006914698
1,740,completed,88381.5688504,88381.5714962,88381.5744846,5.634200002532452
4,740,completed,88381.5686757,88381.571331,88381.5760958,7.420100009767339
5,740,completed,88381.5686512,88381.5715612,88381.5771226,8.471400011330843
3,740,completed,88381.5686073,88381.5716313,88381.5782829,9.67559999844525
0,740,completed,88381.5690183,88381.572022,88381.5790988,10.080499996547587
5,741,completed,88381.5992714,88381.6013008,88381.6027116,3.4402000019326806
1,741,completed,88381.599282,88381.6015579,88381.6034732,4.191200001514517
0,741,completed,88381.5992887,88381.6016102,88381.6041613,4.872599994996563
3,741,completed,88381.5994754,88381.601598,88381.6051389,5.66350000735838
2,741,completed,88381.5998743,88381.6018669,88381.6062125,6.338200008030981
4,741,completed,88381.6000576,88381.6020721,88381.6071411,7.0835000078659505
0,742,completed,88381.6307487,88381.6330183,88381.6342666,3.517899996950291
4,742,completed,88381.6306451,88381.6330921,88381.6353741,4.729000007500872
1,742,completed,88381.6309858,88381.6333763,88381.636252,5.266199994366616
3,742,completed,88381.6311166,88381.6334511,88381.6374649,6.348300012177788
2,742,completed,88381.630718,88381.6334705,88381.6388473,8.129299996653572
5,742,completed,88381.6309398,88381.6335907,88381.6403112,9.371399995870888
3,743,completed,88381.6617057,88381.6642278,88381.665333,3.6273000005166978
5,743,completed,88381.6616997,88381.664229,88381.6663765,4.676800002926029
4,743,completed,88381.6618401,88381.664384,88381.6672411,5.401000002166256
0,743,completed,88381.6617504,88381.6644166,88381.6679871,6.236699991859496
2,743,completed,88381.6617212,88381.6644935,88381.6688769,7.155700004659593
1,743,completed,88381.6617264,88381.6645259,88381.669694,7.967600002302788
4,744,completed,88381.7084215,88381.7098177,88381.7129126,4.491100000450388
0,744,completed,88381.7084628,88381.7103479,88381.7136448,5.181999993510544
2,744,completed,88381.70844,88381.7104554,88381.7143627,5.92270000197459
1,744,completed,88381.7104255,88381.7125495,88381.7150562,4.63070000114385
3,744,completed,88381.7105409,88381.7126353,88381.7158381,5.297199997585267
5,744,completed,88381.710542,88381.712663,88381.7168958,6.35379999584984
5,745,completed,88381.7392561,88381.7413651,88381.7429659,3.709800002980046
3,745,completed,88381.7392996,88381.7415876,88381.7444887,5.1891000039177015
0,745,completed,88381.7393772,88381.7417965,88381.7455956,6.218399998033419
1,745,completed,88381.7396342,88381.7418304,88381.7464634,6.829200006905012
2,745,completed,88381.7393121,88381.7418392,88381.7471495,7.837400000425987
4,745,completed,88381.7392558,88381.7418651,88381.7479703,8.714499999769032
5,746,completed,88381.7718075,88381.7741277,88381.7754683,3.6607999936677516
1,746,completed,88381.7718702,88381.7742603,88381.7766539,4.783700002008118
2,746,completed,88381.7721574,88381.7743147,88381.7775932,5.435799990664236
3,746,completed,88381.7718264,88381.7743943,88381.7784936,6.667199995717965
4,746,completed,88381.7719115,88381.7744387,88381.7796628,7.751299999654293
0,746,completed,88381.7718327,88381.7745039,88381.7803658,8.533100000931881
5,747,completed,88381.8026151,88381.8047224,88381.8060456,3.430500000831671
4,747,completed,88381.8024984,88381.8048303,88381.8072137,4.7153000050457194
1,747,completed,88381.8025107,88381.8049118,88381.8081179,5.6072000006679446
3,747,completed,88381.8025391,88381.8049286,88381.8090775,6.5384000045014545
0,747,completed,88381.8025792,88381.8049521,88381.8096872,7.10800000524614
2,747,completed,88381.8024826,88381.8049202,88381.8103313,7.848699999158271
4,748,completed,88381.8334519,88381.8358192,88381.8368825,3.4306000015931204
5,748,completed,88381.8336792,88381.8359071,88381.8377387,4.0594999882159755
1,748,completed,88381.8337808,88381.8359461,88381.8385982,4.81739999668207
3,748,completed,88381.8335036,88381.8359932,88381.8398497,6.346099995425902
2,748,completed,88381.8335649,88381.8360375,88381.8406352,7.070300009218045
0,748,completed,88381.8336281,88381.8361077,88381.841371,7.742900008452125
2,749,completed,88381.8649382,88381.8661204,88381.8674655,2.5273000064771622
3,749,completed,88381.8649849,88381.8661102,88381.8702856,5.300699995132163
0,749,completed,88381.8649364,88381.8694891,88381.8717416,6.805199998780154
5,749,completed,88381.8700906,88381.8710095,88381.8735754,3.4847999922931194
1,749,completed,88381.8689357,88381.8713315,88381.8775267,8.59100000525359
4,749,completed,88381.8715489,88381.8733615,88381.8789012,7.352300002821721
5,750,completed,88381.8962374,88381.8972094,88381.8987045,2.4670999991940334
0,750,completed,88381.8960819,88381.8972883,88381.902972,6.8900999904144555
4,750,completed,88381.8985256,88381.8994309,88381.9046085,6.082899999455549
1,750,completed,88381.899125,88381.901261,88381.9061422,7.017199997790158
2,750,completed,88381.9016836,88381.9028557,88381.9070251,5.341500000213273
3,750,completed,88381.9020649,88381.9032181,88381.9080215,5.956599998171441
2,751,completed,88381.9267756,88381.9279185,88381.9296697,2.8940999909536913
4,751,completed,88381.9267708,88381.9292801,88381.9306803,3.9095000101951882
3,751,completed,88381.9424675,88381.944642,88381.9458194,3.3518999989610165
1,751,completed,88381.9424665,88381.9447471,88381.9466566,4.190100007690489
0,751,completed,88381.9424966,88381.9447437,88381.9475921,5.095500004244968
5,751,completed,88381.9425352,88381.9447709,88381.9484124,5.877200004761107
5,752,completed,88381.9738528,88381.9749464,88381.9768956,3.042800002731383
2,752,completed,88381.9740428,88381.9753162,88381.9787855,4.742700009956025
0,752,completed,88381.9740032,88381.9757695,88381.9796737,5.670500002452172
4,752,completed,88381.9755359,88381.9771546,88381.980467,4.931100003886968
3,752,completed,88381.975723,88381.9772927,88381.9812702,5.54720000945963
1,752,completed,88381.9755949,88381.9772935,88381.9819875,6.3926000002538785
1,753,completed,88382.0051203,88382.0076989,88382.0093597,4.239399990183301
3,753,completed,88382.0053588,88382.0077778,88382.0103527,4.993900001863949
2,753,completed,88382.0051103,88382.0077855,88382.0113064,6.1961000028532
4,753,completed,88382.0051109,88382.007443,88382.012262,7.151099998736754
5,753,completed,88382.0053054,88382.0077792,88382.0130456,7.740200002444908
0,753,completed,88382.0051763,88382.0080972,88382.0139264,8.750100008910522
0,754,completed,88382.0368396,88382.0393146,88382.04049,3.650400001788512
2,754,completed,88382.0369649,88382.0394846,88382.0415286,4.563700000289828
3,754,completed,88382.0369236,88382.0394752,88382.0430667,6.143100006738678
4,754,completed,88382.03683,88382.0393151,88382.0441144,7.2844000096665695
5,754,completed,88382.0368861,88382.0394965,88382.0448409,7.954799992148764
1,754,completed,88382.0372154,88382.0397605,88382.0456083,8.392899995669723
3,755,completed,88382.0667119,88382.0690362,88382.0708997,4.18780000472907
4,755,completed,88382.0666973,88382.0691153,88382.0735804,6.883099995320663
0,755,completed,88382.0668682,88382.0693348,88382.0748284,7.960200004163198
1,755,completed,88382.0669733,88382.0696011,88382.0760576,9.084300007089041
2,755,completed,88382.0669112,88382.0696195,88382.0767952,9.883999999146909
5,755,completed,88382.0670195,88382.069633,88382.0774189,10.39939999463968
5,756,completed,88382.0974069,88382.0990545,88382.1010844,3.677500004414469
1,756,completed,88382.0976926,88382.0999397,88382.1027217,5.029099993407726
2,756,completed,88382.0974709,88382.1001746,88382.1037685,6.29760000447277
4,756,completed,88382.099605,88382.1012636,88382.1049361,5.331100008334033
0,756,completed,88382.0987882,88382.1021309,88382.1059197,7.131499995011836
3,756,completed,88382.1018192,88382.1029991,88382.1075637,5.744499998399988
4,757,completed,88382.1295143,88382.1319555,88382.1338786,4.364299995359033
3,757,completed,88382.1297522,88382.1322167,88382.135733,5.980800007819198
5,757,completed,88382.1298052,88382.1323176,88382.1368054,7.000199999311008
1,757,completed,88382.1301141,88382.132411,88382.1376282,7.514099997933954
2,757,completed,88382.1300911,88382.1324228,88382.1385726,8.481500000925735
0,757,completed,88382.1294119,88382.1324703,88382.1393749,9.96300000406336
2,758,completed,88382.175243,88382.1766945,88382.1788664,3.623399999924004
0,758,completed,88382.1750165,88382.177277,88382.1797919,4.775399997015484
1,758,completed,88382.1750398,88382.1775772,88382.1804243,5.3844999929424375
5,758,completed,88382.1764511,88382.1784916,88382.1810116,4.560500005027279
3,758,completed,88382.1766758,88382.1788351,88382.1817491,5.073299995274283
4,758,completed,88382.1767494,88382.1789569,88382.1825608,5.8114000130444765
4,759,completed,88382.2066339,88382.2085605,88382.2098463,3.212399999029003
3,759,completed,88382.2066928,88382.208567,88382.2116195,4.9266999994870275
2,759,completed,88382.2066871,88382.2086299,88382.2122002,5.513099997187965
0,759,completed,88382.2073316,88382.2091737,88382.2127463,5.414700004621409
1,759,completed,88382.2069216,88382.2091642,88382.2132872,6.365599998389371
5,759,completed,88382.2074017,88382.2092034,88382.2138291,6.427400003303774
5,760,completed,88382.2381711,88382.2395372,88382.2417887,3.617599999415688
1,760,completed,88382.2382369,88382.2404725,88382.2428734,4.636500001652166
4,760,completed,88382.2395887,88382.2412968,88382.2440302,4.441500001121312
2,760,completed,88382.2388167,88382.2413546,88382.2449476,6.13090000115335
0,760,completed,88382.2382704,88382.2418267,88382.2458889,7.618499992531724
3,760,completed,88382.2398893,88382.2417461,88382.2469992,7.109899990609847
4,761,completed,88382.272263,88382.2734307,88382.286094,13.830999989295378
2,761,completed,88382.2887822,88382.2903097,88382.2922886,3.5063999966951087
3,761,completed,88382.2892518,88382.2917116,88382.2942213,4.969500005245209
5,761,completed,88382.2898957,88382.2912762,88382.3047209,14.825200007180683
1,761,stale,88382.2928898,88382.2950973,,
0,761,stale,88382.2891671,88382.2906339,,
0,762,completed,88382.2986331,88382.2998196,88382.3084075,9.774399994057603
1,762,completed,88382.297945,88382.2992443,88382.3096463,11.701299998094328
5,762,completed,88382.2999675,88382.3012496,88382.3108709,10.903399990638718
3,762,completed,88382.3018583,88382.3031193,88382.3125803,10.722000006353483
2,762,completed,88382.3039429,88382.3050077,88382.3140167,10.073799989186227
4,762,completed,88382.3055908,88382.3066182,88382.315742,10.15120001102332
4,763,completed,88382.3307319,88382.3324258,88382.3358831,5.151199991814792
2,763,completed,88382.3316343,88382.334598,88382.3374554,5.821099999593571
5,763,completed,88382.3317498,88382.3348027,88382.3386522,6.902399996761233
3,763,completed,88382.3318663,88382.3352177,88382.340281,8.41470000159461
1,763,completed,88382.3319142,88382.3352536,88382.3417916,9.877400007098913
0,763,completed,88382.3327764,88382.3355517,88382.3437049,10.928500007139519
3,764,completed,88382.3631942,88382.3660414,88382.3683691,5.174899997655302
5,764,completed,88382.3635459,88382.366052,88382.3701194,6.5734999952837825
2,764,completed,88382.3628796,88382.3659799,88382.3714631,8.583500006352551
1,764,completed,88382.3645305,88382.3664967,88382.3727425,8.212000000639819
0,764,completed,88382.3660698,88382.3674241,88382.3738208,7.750999997369945
4,764,completed,88382.3665885,88382.3679335,88382.3751105,8.522000003722496
1,765,completed,88382.4088721,88382.4122507,88382.4143646,5.492500000400469
5,765,completed,88382.4090359,88382.412935,88382.4160115,6.975600001169369
2,765,completed,88382.4088923,88382.4129461,88382.417623,8.730700006708503
4,765,completed,88382.4091291,88382.4133984,88382.4205519,11.422800002037548
3,765,completed,88382.4093553,88382.4135398,88382.4218999,12.544600002001971
0,765,completed,88382.4089794,88382.4136767,88382.4228852,13.905799991334789
5,766,completed,88382.4401975,88382.4428989,88382.4441308,3.9333000022452325
2,766,completed,88382.4401968,88382.4430709,88382.4453495,5.152700003236532
4,766,completed,88382.4404024,88382.443001,88382.4468428,6.440400000428781
1,766,completed,88382.4402054,88382.4430966,88382.44796,7.754600010230206
0,766,completed,88382.4402175,88382.4429901,88382.4490837,8.866200005286373
3,766,completed,88382.4402833,88382.4432376,88382.45016,9.876699987216853
4,767,completed,88382.4706306,88382.4730535,88382.4747445,4.113899994990788
3,767,completed,88382.4706305,88382.4732699,88382.476162,5.531500006327406
2,767,completed,88382.4713457,88382.4734617,88382.4772913,5.945600001723506
1,767,completed,88382.4709295,88382.4735005,88382.4781371,7.207599992398173
5,767,completed,88382.4712861,88382.4736193,88382.4794211,8.134999996400438
0,767,completed,88382.4710438,88382.4736407,88382.4801838,9.139999994658865
2,768,completed,88382.5007054,88382.5030377,88382.5043535,3.6480999988270923
5,768,completed,88382.5008663,88382.5030556,88382.5056167,4.750399995828047
1,768,completed,88382.5007837,88382.5034296,88382.5063544,5.570699999225326
3,768,completed,88382.5010589,88382.5035383,88382.5072815,6.222600000910461
0,768,completed,88382.5006846,88382.5035384,88382.5082276,7.542999999714084
4,768,completed,88382.5007217,88382.5034226,88382.5093831,8.66140000289306
2,769,completed,88382.5324875,88382.5342136,88382.5359665,3.479000006336719
5,769,completed,88382.5324286,88382.5344106,88382.5379793,5.550700007006526
4,769,completed,88382.5325706,88382.5345203,88382.5393802,6.809600003180094
0,769,completed,88382.5326984,88382.5346341,88382.5402528,7.554399999207817
3,769,completed,88382.5340032,88382.5354497,88382.5410954,7.092200001352467
1,769,completed,88382.5342295,88382.5355337,88382.5417525,7.522999992943369
5,770,completed,88382.5626367,88382.5652226,88382.5664049,3.768200011109002
0,770,completed,88382.5628725,88382.5651523,88382.5674597,4.587200004607439
4,770,completed,88382.562636,88382.5655194,88382.5684976,5.8616000023903325
1,770,completed,88382.5630827,88382.565545,88382.569354,6.271300007938407
3,770,completed,88382.5634277,88382.5656895,88382.5703349,6.907199989655055
2,770,completed,88382.562636,88382.5658752,88382.5711344,8.498399998643436
4,771,completed,88382.5931145,88382.5949583,88382.5959931,2.878599989344366
5,771,completed,88382.593115,88382.5951337,88382.59688,3.7650000012945384
0,771,completed,88382.5932305,88382.5952729,88382.5975282,4.297699997550808
1,771,completed,88382.5931152,88382.5953125,88382.5983332,5.2180000056978315
3,771,completed,88382.6082008,88382.6091447,88382.6099719,1.7711000109557062
2,771,completed,88382.6083344,88382.6092457,88382.610618,2.283599998918362
3,772,completed,88382.6403303,88382.6423445,88382.6438019,3.4716000081971288
1,772,completed,88382.6405745,88382.6428285,88382.64482,4.24550000752788
0,772,completed,88382.6406568,88382.642861,88382.6454569,4.800100010470487
4,772,completed,88382.6407982,88382.6430106,88382.6461573,5.359100003261119
2,772,completed,88382.6406122,88382.643119,88382.6468155,6.203299999469891
5,772,completed,88382.6409485,88382.6433356,88382.6475185,6.569999997736886
2,773,completed,88382.6716769,88382.6736092,88382.6744344,2.7574999985517934
1,773,completed,88382.6717988,88382.6738616,88382.6751667,3.3679000043775886
0,773,completed,88382.6717051,88382.6739185,88382.6758278,4.122700003790669
4,773,completed,88382.6718825,88382.6739359,88382.6764915,4.608999995980412
3,773,completed,88382.6719466,88382.673942,88382.6770763,5.129699988174252
5,773,completed,88382.6717215,88382.6739763,88382.67769,5.968500001472421
5,774,completed,88382.7019813,88382.7043718,88382.7053081,3.326800011564046
3,774,completed,88382.702027,88382.7043401,88382.7063327,4.305700000259094
4,774,completed,88382.7021349,88382.7044139,88382.706974,4.839100001845509
2,774,completed,88382.7022263,88382.7044711,88382.7075696,5.343299999367446
0,774,completed,88382.7020016,88382.7044041,88382.708152,6.150400004116818
1,774,completed,88382.7021,88382.7045283,88382.7087039,6.6039000084856525
4,775,completed,88382.7331008,88382.7354524,88382.7364678,3.3669999975245446
3,775,completed,88382.7330289,88382.7355244,88382.7374645,4.435599999851547
2,775,completed,88382.733098,88382.7355142,88382.7383925,5.294500006129965
0,775,completed,88382.7330346,88382.7354336,88382.7391572,6.122600010712631
5,775,completed,88382.7333843,88382.7356135,88382.7400423,6.658000012976117
1,775,completed,88382.7331619,88382.7357667,88382.7409426,7.7806999906897545
3,776,completed,88382.7637826,88382.7665024,88382.7680033,4.220700007863343
0,776,completed,88382.7642137,88382.7669622,88382.769167,4.953300012857653
2,776,completed,88382.7637782,88382.7670488,88382.7700273,6.249099998967722
4,776,completed,88382.7638579,88382.7670791,88382.7706648,6.806899997172877
5,776,completed,88382.7637784,88382.7671713,88382.7712876,7.509200004278682
1,776,completed,88382.7642462,88382.7674994,88382.77192,7.673800006159581
1,777,completed,88382.7951008,88382.7992845,88382.8005667,5.465900001581758
2,777,completed,88382.7952829,88382.7992539,88382.8014956,6.212699998286553
0,777,completed,88382.795354,88382.7992904,88382.8022762,6.922200002009049
3,777,completed,88382.7951015,88382.799401,88382.8031272,8.025699993595481
5,777,completed,88382.7951097,88382.7992622,88382.804769,9.65929999074433
4,777,completed,88382.7951446,88382.7992971,88382.8055961,10.451500013004988
1,778,completed,88382.8262489,88382.8279432,88382.8289597,2.7107999922009185
0,778,completed,88382.8261937,88382.8280922,88382.8297219,3.5281999880680814
3,778,completed,88382.826184,88382.828045,88382.8303899,4.2058999970322475
4,778,completed,88382.8262097,88382.8280845,88382.8310377,4.828000004636124
2,778,completed,88382.8415823,88382.8426456,88382.8434047,1.822400008677505
5,778,completed,88382.8416359,88382.8426985,88382.8443228,2.686899999389425
0,779,completed,88382.8735029,88382.8759371,88382.8772926,3.7897000001976267
2,779,completed,88382.8734809,88382.8758812,88382.8780882,4.607299997587688
5,779,completed,88382.8734777,88382.8758977,88382.8787011,5.223399988608435
4,779,completed,88382.873563,88382.8760627,88382.8793309,5.76790000195615
1,779,completed,88382.8735853,88382.8760689,88382.8800141,6.428799999412149
3,779,completed,88382.8736856,88382.876126,88382.8807489,7.063299999572337
1,780,completed,88382.9050115,88382.9072252,88382.9089204,3.908900005626492
3,780,completed,88382.9049892,88382.9073291,88382.9101335,5.144299997482449
0,780,completed,88382.904992,88382.9074168,88382.9109539,5.961900009424426
4,780,completed,88382.9051406,88382.9075459,88382.9120397,6.89909998618532
5,780,completed,88382.905331,88382.9077383,88382.9129434,7.612400004290976
2,780,completed,88382.9053226,88382.9079416,88382.9139506,8.628000010503456
3,781,completed,88382.9364594,88382.9385124,88382.9393903,2.930899994680658
2,781,completed,88382.9364467,88382.9384987,88382.9400958,3.6491000064415857
5,781,completed,88382.9366455,88382.9388662,88382.9406606,4.015099999378435
4,781,completed,88382.9365618,88382.9388296,88382.9412591,4.697299998952076
0,781,completed,88382.9364455,88382.938693,88382.9418396,5.394099993281998
1,781,completed,88382.9365285,88382.9388313,88382.9424027,5.874200011021458
4,782,completed,88382.9674558,88382.9694273,88382.970657,3.2012000010581687
2,782,completed,88382.9675315,88382.969723,88382.9715109,3.979399989475496
3,782,completed,88382.9675111,88382.9698785,88382.9720992,4.588099996908568
5,782,completed,88382.9674577,88382.9698706,88382.9726841,5.2263999969
0,782,completed,88382.9676502,88382.9699406,88382.9733096,5.659400005242787
1,782,completed,88382.9676014,88382.9700249,88382.9740457,6.444300001021475
5,783,completed,88382.9984894,88383.0003942,88383.0011254,2.6360000047134236
0,783,completed,88382.9984826,88383.0004006,88383.001935,3.452399992966093
4,783,completed,88382.9984816,88383.000475,88383.0024831,4.001499997684732
3,783,completed,88382.9985821,88383.0005026,88383.0030324,4.450299995369278
2,783,completed,88382.9987333,88383.0005662,88383.0036264,4.893099991022609
1,783,completed,88382.9986593,88383.00064,88383.0042388,5.579499993473291
1,784,completed,88383.0301214,88383.0321105,88383.0330165,2.8950999985681847
4,784,completed,88383.0301092,88383.0320221,88383.0338356,3.726399998413399
2,784,completed,88383.030158,88383.0321764,88383.0345237,4.365700006019324
0,784,completed,88383.0302828,88383.0322856,88383.0350632,4.78040000598412
3,784,completed,88383.0301838,88383.0323505,88383.0355792,5.395400003180839
5,784,completed,88383.0303032,88383.032371,88383.0362934,5.99020000663586
5,785,completed,88383.0611661,88383.0632829,88383.0645264,3.3603000047151
3,785,completed,88383.0611677,88383.0632943,88383.0653439,4.176200003712438
1,785,completed,88383.0612157,88383.0634052,88383.0659418,4.7260999999707565
4,785,completed,88383.0612926,88383.0634474,88383.0664798,5.187200004002079
0,785,completed,88383.061271,88383.0634802,88383.0670059,5.734899998060428
2,785,completed,88383.0612153,88383.0635757,88383.0675971,6.3818000053288415
0,786,completed,88383.1066441,88383.1085461,88383.1094317,2.7875999949174
1,786,completed,88383.1067196,88383.1088118,88383.1101272,3.4076000010827556
3,786,completed,88383.1066438,88383.1087962,88383.1107838,4.140000004554167
2,786,completed,88383.106653,88383.1088495,88383.1113041,4.651100010960363
5,786,completed,88383.1068538,88383.1088723,88383.1119446,5.09079999756068
4,786,completed,88383.1067539,88383.1089283,88383.112525,5.771099997218698
0,787,completed,88383.1370426,88383.139048,88383.1397719,2.7292999875498936
1,787,completed,88383.1370521,88383.1390626,88383.1406044,3.552299996954389
2,787,completed,88383.1370167,88383.1390109,88383.1413502,4.333500008215196
4,787,completed,88383.1370167,88383.1390095,88383.1419762,4.959500001859851
3,787,completed,88383.13712,88383.1391729,88383.1425228,5.402800001320429
5,787,completed,88383.1371598,88383.1391788,88383.1431117,5.951900006039068
5,788,completed,88383.1676092,88383.1694933,88383.1703507,2.7415000076871365
3,788,completed,88383.1676601,88383.1695804,88383.1710562,3.396099986275658
1,788,completed,88383.167655,88383.1697454,88383.1716359,3.980900000897236
2,788,completed,88383.1678067,88383.1697748,88383.1721707,4.363999993074685
0,788,completed,88383.1677719,88383.1697454,88383.1727781,5.006199993658811
4,788,completed,88383.1678079,88383.1698835,88383.1732971,5.489200004376471
5,789,completed,88383.1989484,88383.2015119,88383.2024149,3.4665000130189583
4,789,completed,88383.1988087,88383.2016481,88383.2032298,4.4210999913048
3,789,completed,88383.1989035,88383.2016148,88383.2040002,5.096699998830445
1,789,completed,88383.1990117,88383.2015872,88383.2046731,5.661400005919859
2,789,completed,88383.1988048,88383.201504,88383.2052976,6.492799991974607
0,789,completed,88383.1988232,88383.2017459,88383.205957,7.133799997973256
1,790,completed,88383.2293693,88383.2314877,88383.2326415,3.2722000032663345
4,790,completed,88383.2293905,88383.2315712,88383.2332773,3.8867999974172562
5,790,completed,88383.2294699,88383.2316734,88383.2338566,4.386699991300702
3,790,completed,88383.2295881,88383.2316717,88383.2346131,5.024999991292134
0,790,completed,88383.2294136,88383.2316739,88383.2353231,5.909500003326684
2,790,completed,88383.2295382,88383.231825,88383.2361641,6.625900001381524
0,791,completed,88383.2603615,88383.2620732,88383.2629799,2.6184000016655773
2,791,completed,88383.260362,88383.2620629,88383.2638771,3.51510000473354
5,791,completed,88383.260409,88383.2621912,88383.2645751,4.166099999565631
3,791,completed,88383.2604588,88383.2622366,88383.2652753,4.816500004380941
4,791,completed,88383.2761724,88383.2776828,88383.2785623,2.3898999934317544
1,791,completed,88383.2761738,88383.2777582,88383.279275,3.1011999963084236
5,792,completed,88383.3058116,88383.3077752,88383.3086583,2.8466999938245863
3,792,completed,88383.3058112,88383.3078646,88383.309346,3.534799994667992
4,792,completed,88383.3058591,88383.3079078,88383.3099054,4.046300004119985
1,792,completed,88383.3059535,88383.308083,88383.3104689,4.5153999963076785
0,792,completed,88383.3059003,88383.3081445,88383.3110815,5.181200001970865
2,792,completed,88383.3060386,88383.3082795,88383.3116644,5.625799996778369
2,793,completed,88383.3372344,88383.3395334,88383.3404479,3.213500007404946
5,793,completed,88383.3372033,88383.3394643,88383.3411576,3.9543000020785257
1,793,completed,88383.3372166,88383.3396607,88383.3417483,4.531699989456683
0,793,completed,88383.3373072,88383.3398874,88383.3424676,5.16040000366047
4,793,completed,88383.3373471,88383.3398893,88383.3430532,5.706100011593662
3,793,completed,88383.3373923,88383.3398917,88383.3437849,6.3926000002538785
1,794,completed,88383.3682125,88383.3705097,88383.3713315,3.1190000008791685
0,794,completed,88383.3682175,88383.3701952,88383.3720482,3.830700006801635
3,794,completed,88383.3683622,88383.3706495,88383.3726623,4.300100001273677
4,794,completed,88383.3682674,88383.3706747,88383.3732134,4.946000000927597
2,794,completed,88383.3683987,88383.370747,88383.3737207,5.321999997249804
5,794,completed,88383.3682866,88383.3707988,88383.3742373,5.950699996901676
3,795,completed,88383.3995507,88383.4012396,88383.4021382,2.587499999208376
0,795,completed,88383.3995692,88383.4013393,88383.4028067,3.2375000009778887
5,795,completed,88383.3996369,88383.4014713,88383.4034687,3.8318000006256625
4,795,completed,88383.3997636,88383.4015574,88383.4040136,4.249999998137355
2,795,completed,88383.3996057,88383.4015634,88383.4047028,5.0971000018762425
1,795,completed,88383.3997092,88383.4016325,88383.4053503,5.641099996864796
2,796,completed,88383.4314107,88383.4339655,88383.4351168,3.706100003910251
0,796,completed,88383.4315761,88383.4340779,88383.436089,4.51289999182336
3,796,completed,88383.4316045,88383.4341338,88383.4367936,5.1891000039177015
5,796,completed,88383.431749,88383.4343713,88383.4375872,5.83819999883417
4,796,completed,88383.4315515,88383.4343693,88383.4382365,6.68500000028871
1,796,completed,88383.4315729,88383.4345865,88383.438779,7.206100010080263
1,797,completed,88383.4623487,88383.4651754,88383.4661903,3.841599987936206
2,797,completed,88383.4626255,88383.4652461,88383.467243,4.6175000024959445
0,797,completed,88383.4623806,88383.465342,88383.4680647,5.684100004145876
5,797,completed,88383.462404,88383.4653579,88383.4689335,6.5294999949401245
4,797,completed,88383.4623584,88383.465354,88383.4696963,7.337900009588338
3,797,completed,88383.4625984,88383.4654623,88383.4703482,7.749800002784468
1,798,completed,88383.4935402,88383.4945993,88383.4954803,1.9401000026846305
2,798,completed,88383.4935399,88383.4948516,88383.4963791,2.839200009475462
5,798,completed,88383.5102854,88383.5119452,88383.5129086,2.6231999945594
0,798,completed,88383.5103221,88383.5119077,88383.5139804,3.6583000037353486
4,798,completed,88383.5103639,88383.5120243,88383.514851,4.487099999096245
3,798,completed,88383.5104482,88383.5120242,88383.515894,5.445799994049594
1,799,completed,88383.527012,88383.5276277,88383.5283452,1.3331999944057316
4,799,completed,88383.5422904,88383.54454,88383.5455235,3.2330999965779483
3,799,completed,88383.542246,88383.5445104,88383.5464895,4.243500006850809
5,799,completed,88383.5422701,88383.5446597,88383.5472538,4.983699996955693
2,799,completed,88383.5426962,88383.544788,88383.5479588,5.26259999605827
0,799,completed,88383.5427786,88383.5447987,88383.5485583,5.77970000449568
1,800,completed,88383.5732568,88383.5754271,88383.5765631,3.3063000009860843
2,800,completed,88383.5733636,88383.5755414,88383.5775947,4.231099999742582
5,800,completed,88383.5732893,88383.5756203,88383.5790042,5.714900005841628
3,800,completed,88383.573227,88383.5756114,88383.5798348,6.607799994526431
0,800,completed,88383.573404,88383.5755957,88383.5807141,7.310100001632236
4,800,completed,88383.573205,88383.5758878,88383.5814468,8.241800009272993
2,801,completed,88383.605128,88383.6070397,88383.6083921,3.264099999796599
0,801,completed,88383.6051104,88383.6070385,88383.6095382,4.42779999866616
5,801,completed,88383.6056911,88383.6076985,88383.6101959,4.504799988353625
4,801,completed,88383.6056129,88383.6079195,88383.6110159,5.402999988291413
3,801,completed,88383.6057548,88383.607972,88383.6117767,6.021900000632741
1,801,completed,88383.6057907,88383.6079899,88383.6124063,6.615599995711818
3,802,completed,88383.6372474,88383.639248,88383.640154,2.906599998823367
1,802,completed,88383.6372468,88383.6394489,88383.6409228,3.675999992992729
0,802,completed,88383.6372618,88383.639487,88383.6416871,4.425299994181842
4,802,completed,88383.6375844,88383.6396095,88383.6423302,4.745800004457124
2,802,completed,88383.6376405,88383.6396519,88383.6429412,5.300699995132163
5,802,completed,88383.637677,88383.6397416,88383.6435718,5.894799993257038
0,803,completed,88383.6685063,88383.6708343,88383.6721568,3.650500002549961
3,803,completed,88383.6685054,88383.6708562,88383.6729931,4.487700003664941
2,803,completed,88383.6687476,88383.6710669,88383.6739003,5.152700003236532
4,803,completed,88383.6686877,88383.6710428,88383.6748439,6.156199990073219
1,803,completed,88383.6685256,88383.6712251,88383.6756985,7.172899990109727
5,803,completed,88383.6686161,88383.671135,88383.6765375,7.92139999975916
0,804,completed,88383.7003276,88383.7026314,88383.7041661,3.838499993435107
2,804,completed,88383.7004478,88383.7028267,88383.7052542,4.8064000002341345
1,804,completed,88383.7003993,88383.7028555,88383.7060346,5.635300010908395
4,804,completed,88383.7004774,88383.7029412,88383.7068036,6.326200003968552
5,804,completed,88383.7003506,88383.7029623,88383.7075496,7.198999999673106
3,804,completed,88383.7003268,88383.7029576,88383.7081825,7.855700008803979
0,805,completed,88383.7322004,88383.7345383,88383.7359823,3.7818999990122393
5,805,completed,88383.7321995,88383.7345082,88383.7367228,4.523299998254515
4,805,completed,88383.7322219,88383.7346049,88383.7374178,5.1958999974885955
2,805,completed,88383.7321315,88383.7345391,88383.7382899,6.158399992273189
1,805,completed,88383.7322771,88383.7346102,88383.7389986,6.721500001731329
3,805,completed,88383.732131,88383.734706,88383.7396799,7.548900000983849
2,806,completed,88383.7634238,88383.765698,88383.7670211,3.597299990360625
4,806,completed,88383.763677,88383.7662244,88383.7678616,4.184600009466521
0,806,completed,88383.7636139,88383.7662813,88383.7687127,5.098800000268966
3,806,completed,88383.763706,88383.766407,88383.769415,5.7090000045718625
5,806,completed,88383.7635559,88383.7664595,88383.7700709,6.515000000945292
1,806,completed,88383.7635779,88383.7664945,88383.7708175,7.239600003231317
5,807,completed,88383.7955167,88383.7978339,88383.7986397,3.1230000022333115
2,807,completed,88383.7954569,88383.7979404,88383.7994938,4.036900005303323
3,807,completed,88383.7955607,88383.7979361,88383.800334,4.773299995576963
4,807,completed,88383.7954523,88383.7979645,88383.8011553,5.703000002540648
0,807,completed,88383.7956149,88383.7979459,88383.8020845,6.469600004493259
1,807,completed,88383.7957982,88383.7979971,88383.8031664,7.368200007476844
2,808,completed,88383.8271312,88383.8289709,88383.8300259,2.8946999955223873
1,808,completed,88383.8271305,88383.8290457,88383.8309384,3.807900007814169
3,808,completed,88383.8271763,88383.8291756,88383.8316315,4.455200003576465
5,808,completed,88383.8273471,88383.8293507,88383.8322425,4.895399993984029
0,808,completed,88383.8272873,88383.8293626,88383.8329726,5.685299998731352
4,808,completed,88383.8272181,88383.8296064,88383.8335261,6.3079999963520095
1,809,completed,88383.8751813,88383.8778851,88383.8785526,3.3713000011630356
3,809,completed,88383.8754166,88383.8778404,88383.879343,3.926399993360974
5,809,completed,88383.8752128,88383.8778513,88383.8800931,4.880299995420501
2,809,completed,88383.8752807,88383.8779435,88383.8808167,5.53599999693688
0,809,completed,88383.8751808,88383.8778218,88383.8815345,6.353700009640306
4,809,completed,88383.8752388,88383.8779675,88383.8821322,6.893400000990368
5,810,completed,88383.9067708,88383.9090149,88383.9098844,3.11360000341665
1,810,completed,88383.9068775,88383.9091283,88383.9106216,3.7440999876707792
4,810,completed,88383.9067809,88383.9092404,88383.9112521,4.471200008993037
3,810,completed,88383.9067712,88383.9092416,88383.9119476,5.176400009077042
0,810,completed,88383.9068819,88383.9092715,88383.9126871,5.805200009490363
2,810,completed,88383.906826,88383.9092834,88383.9132707,6.444699989515357
1,811,completed,88383.9369158,88383.9391074,88383.9399249,3.009099993505515
5,811,completed,88383.9369442,88383.9391922,88383.9406189,3.674699997645803
2,811,completed,88383.9370003,88383.9392083,88383.9411691,4.168800005572848
4,811,completed,88383.9369831,88383.9392879,88383.9417131,4.73000000056345
0,811,completed,88383.9369089,88383.9392977,88383.9423594,5.450500000733882
3,811,completed,88383.9371017,88383.9393721,88383.9429361,5.834399999002926
0,812,completed,88383.9682138,88383.9695293,88383.9714345,3.220699989469722
3,812,completed,88383.9684503,88383.9698785,88383.9724541,4.003800000646152
4,812,completed,88383.9681979,88383.9694995,88383.973257,5.059100003563799
5,812,completed,88383.9687687,88383.9704478,88383.9741237,5.355000001145527
2,812,completed,88383.9695976,88383.9707595,88383.9749841,5.386500008171424
1,812,completed,88383.9700355,88383.9712346,88383.9757652,5.729700002120808
5,813,completed,88384.000488,88384.0031693,88384.0040676,3.5796000011032447
4,813,completed,88384.0004195,88384.0032227,88384.0047602,4.340700004831888
1,813,completed,88384.0004387,88384.0032586,88384.0053094,4.870700009632856
0,813,completed,88384.0005459,88384.003334,88384.0059794,5.433500002254732
3,813,completed,88384.0004242,88384.0033892,88384.0065291,6.1049000069033355
2,813,completed,88384.0010558,88384.003506,88384.0070656,6.009799995808862
5,814,completed,88384.0316754,88384.0332856,88384.0341369,2.4615000002086163
4,814,completed,88384.0316848,88384.0335121,88384.0347634,3.0786000133957714
2,814,completed,88384.0317706,88384.0335707,88384.0352744,3.503799991449341
3,814,completed,88384.0317294,88384.0336516,88384.0358642,4.1348000086145476
0,814,completed,88384.03186,88384.0337115,88384.0366371,4.777099995408207
1,814,completed,88384.0319338,88384.0337527,88384.0371744,5.240600003162399
2,815,completed,88384.0628741,88384.0652158,88384.0660503,3.1761999998707324
3,815,completed,88384.0629336,88384.0653213,88384.0667264,3.7927999946987256
4,815,completed,88384.0629814,88384.0654594,88384.0672541,4.272699996363372
1,815,completed,88384.0631541,88384.0655332,88384.0678212,4.66710000182502
5,815,completed,88384.0630697,88384.0655802,88384.0684258,5.356099994969554
0,815,completed,88384.0628862,88384.0655906,88384.0691714,6.285199997364543
1,816,completed,88384.0935627,88384.0957796,88384.0966164,3.053699998417869
0,816,completed,88384.0936408,88384.0959115,88384.0974031,3.7622999952873215
4,816,completed,88384.0935744,88384.0959343,88384.0980489,4.474500005017035
2,816,completed,88384.0936824,88384.0959909,88384.0986496,4.967200002283789
5,816,completed,88384.0938022,88384.096088,88384.0993183,5.516099990927614
3,816,completed,88384.0937886,88384.0961504,88384.10002,6.2313999951584265
3,817,completed,88384.1400135,88384.1420099,88384.1430132,2.9996999946888536
1,817,completed,88384.1400778,88384.1422734,88384.1437574,3.67960000585299
0,817,completed,88384.1400251,88384.1423013,88384.1445575,4.532399994786829
4,817,completed,88384.1400655,88384.1423182,88384.1451446,5.079099995782599
2,817,completed,88384.1402398,88384.1424563,88384.1457035,5.463699999381788
5,817,completed,88384.1401398,88384.1425534,88384.1463274,6.187599996337667
4,818,completed,88384.1707815,88384.1728978,88384.1736399,2.8583999956026673
3,818,completed,88384.1708547,88384.1730038,88384.1742854,3.4307000023545697
1,818,completed,88384.1709314,88384.1730826,88384.1748666,3.9352000021608546
0,818,completed,88384.1707433,88384.1730889,88384.1755681,4.8248000093735754
2,818,completed,88384.1707433,88384.1730862,88384.1760794,5.336100002750754
5,818,completed,88384.1710459,88384.1731236,88384.176558,5.5121000041253865
2,819,completed,88384.2010555,88384.2028332,88384.2037867,2.731200002017431
3,819,completed,88384.2010712,88384.2030378,88384.2045243,3.4530999982962385
1,819,completed,88384.2010396,88384.203031,88384.2050087,3.9690999983577058
4,819,completed,88384.2011539,88384.2030706,88384.2055082,4.354300006525591
0,819,completed,88384.2012416,88384.2030316,88384.2062235,4.98189999780152
5,819,completed,88384.2012991,88384.2033751,88384.2068343,5.535200005397201
5,820,completed,88384.2325119,88384.2344793,88384.2357466,3.2346999942092225
3,820,completed,88384.2326527,88384.2347,88384.2362964,3.643700008979067
1,820,completed,88384.2325575,88384.2348019,88384.2368106,4.253100007190369
0,820,completed,88384.2326036,88384.2348625,88384.2373343,4.7307000058935955
2,820,completed,88384.2327443,88384.2349186,88384.2378525,5.1081999990856275
4,820,completed,88384.2328279,88384.234951,88384.2383465,5.5185999954119325
4,821,completed,88384.2634614,88384.2655175,88384.2663826,2.9212000081315637
1,821,completed,88384.2636336,88384.2658286,88384.2670222,3.388600001926534
2,821,completed,88384.2634825,88384.2657998,88384.267533,4.0505000069970265
5,821,completed,88384.263459,88384.2658297,88384.2681634,4.704400009359233
0,821,completed,88384.2635327,88384.2659291,88384.268656,5.123299997649156
3,821,completed,88384.263788,88384.2659208,88384.2691315,5.343500000890344
5,822,completed,88384.2946338,88384.2977884,88384.2986285,3.994699989561923
4,822,completed,88384.2946325,88384.2977478,88384.2993603,4.727800012915395
3,822,completed,88384.2946501,88384.2977956,88384.299994,5.343900003936142
0,822,completed,88384.2948138,88384.2976856,88384.3007259,5.9120999940205365
1,822,completed,88384.2947098,88384.2977042,88384.3016493,6.939500002772547
2,822,completed,88384.2948358,88384.2977803,88384.3024564,7.620599993970245
1,823,completed,88384.3402848,88384.3425856,88384.3440726,3.7878000002820045
5,823,completed,88384.3402146,88384.3427407,88384.3458235,5.608899999060668
3,823,completed,88384.3404309,88384.3425857,88384.3468809,6.450000000768341
4,823,completed,88384.3402845,88384.3429234,88384.3478812,7.5967000011587515
0,823,completed,88384.3403071,88384.3430686,88384.348977,8.669899994856678
2,823,completed,88384.3402151,88384.3430992,88384.3496984,9.483299989369698
4,824,completed,88384.3705553,88384.372774,88384.3734481,2.892799995606765
5,824,completed,88384.3705752,88384.3727767,88384.374285,3.709800002980046
3,824,completed,88384.3705611,88384.3727665,88384.374851,4.2898999963654205
0,824,completed,88384.3706473,88384.372905,88384.3755095,4.862199988565408
2,824,completed,88384.3707915,88384.3729375,88384.3761005,5.309000000124797
1,824,completed,88384.3707538,88384.3729584,88384.3767941,6.040299995220266
1,825,completed,88384.4009198,88384.4026543,88384.4034592,2.5393999967491254
3,825,completed,88384.4009368,88384.4026214,88384.4041114,3.1746000022394583
2,825,completed,88384.4009927,88384.4028652,88384.4047593,3.7665999989258125
5,825,completed,88384.4010268,88384.4028526,88384.4054393,4.412499998579733
4,825,completed,88384.4011135,88384.4029549,88384.4060019,4.888399998890236
0,825,completed,88384.401065,88384.4030379,88384.4065572,5.492199998116121
1,826,completed,88384.4323895,88384.4345561,88384.4356603,3.270800007157959
0,826,completed,88384.4324288,88384.4347354,88384.4364532,4.0243999974336475
2,826,completed,88384.4325129,88384.4347868,88384.437065,4.552099999273196
5,826,completed,88384.4324246,88384.4348651,88384.4378013,5.37669999175705
4,826,completed,88384.4324854,88384.4348827,88384.4384207,5.9352999960538
3,826,completed,88384.4329701,88384.4349184,88384.4391551,6.185000005643815
0,827,completed,88384.4639207,88384.4664733,88384.4671858,3.2650999928591773
5,827,completed,88384.4640327,88384.4665408,88384.4679928,3.9601000025868416
4,827,completed,88384.4640135,88384.4663675,88384.4685926,4.579100001137704
1,827,completed,88384.4639101,88384.466516,88384.4691539,5.243799998424947
3,827,completed,88384.4639112,88384.4665295,88384.4696787,5.767499998910353
2,827,completed,88384.4640824,88384.4664304,88384.4702813,6.198900009621866
1,828,completed,88384.4945957,88384.4965445,88384.4972212,2.6254999975208193
3,828,completed,88384.4945367,88384.4964688,88384.4978458,3.3090999932028353
2,828,completed,88384.4946807,88384.4966657,88384.4983779,3.697200008900836
4,828,completed,88384.4947977,88384.4966595,88384.4989047,4.107000000658445
0,828,completed,88384.4945378,88384.4966686,88384.4994454,4.907599999569356
5,828,completed,88384.4947639,88384.496742,88384.5000596,5.295700000715442
2,829,completed,88384.5411336,88384.5431495,88384.5441212,2.9876000044168904
5,829,completed,88384.5411125,88384.5431362,88384.5448391,3.7265999999362975
3,829,completed,88384.5412209,88384.543548,88384.5453919,4.170999993220903
0,829,completed,88384.5411923,88384.543478,88384.545907,4.714700000477023
4,829,completed,88384.5412617,88384.5435805,88384.5464209,5.159200009074993
1,829,completed,88384.5413339,88384.5436219,88384.5469161,5.582199999480508
3,830,completed,88384.5718885,88384.5739933,88384.5749081,3.0196000006981194
5,830,completed,88384.571899,88384.574154,88384.5756986,3.799600002821535
1,830,completed,88384.5720485,88384.5743144,88384.5762803,4.231799990520813
2,830,completed,88384.5719457,88384.5743717,88384.5768531,4.907400012598373
4,830,completed,88384.5719821,88384.5743712,88384.5773976,5.415500010713004
0,830,completed,88384.5718874,88384.5743753,88384.5779787,6.091300005209632
1,831,completed,88384.6025598,88384.604869,88384.6059602,3.4004000044660643
2,831,completed,88384.6025595,88384.6049744,88384.6068957,4.336199999670498
5,831,completed,88384.6025948,88384.604926,88384.6076299,5.035099995438941
3,831,completed,88384.6026366,88384.6049869,88384.6082779,5.641299998387694
4,831,completed,88384.6026905,88384.6050065,88384.6088293,6.138800003100187
0,831,completed,88384.6027292,88384.6050128,88384.6093667,6.63749998784624
4,832,completed,88384.6341592,88384.6362237,88384.6370021,2.842900008545257
0,832,completed,88384.6341538,88384.6363111,88384.6376661,3.512299997964874
1,832,completed,88384.6341961,88384.63638,88384.6382061,4.010000004200265
2,832,completed,88384.6344633,88384.6364818,88384.6388092,4.345900000771508
3,832,completed,88384.6343109,88384.6365444,88384.6394541,5.143200003658421
5,832,completed,88384.6342657,88384.6365322,88384.6399846,5.7188999926438555
0,833,completed,88384.6655016,88384.6679946,88384.6687677,3.2661000004736707
2,833,completed,88384.665577,88384.6680226,88384.6694096,3.832599992165342
1,833,completed,88384.6654344,88384.6680971,88384.6699587,4.524300005869009
5,833,completed,88384.6655363,88384.6681657,88384.6705215,4.985199993825518
3,833,completed,88384.665434,88384.6681926,88384.6710564,5.622399999992922
4,833,completed,88384.6654568,88384.6682377,88384.671627,6.170200009364635
3,834,completed,88384.696059,88384.6980326,88384.6993591,3.3001000119838864
4,834,completed,88384.6962399,88384.698466,88384.7005149,4.274999999324791
5,834,completed,88384.6960988,88384.6983847,88384.7012688,5.169999989448115
0,834,completed,88384.6964916,88384.6986667,88384.7022633,5.771700001787394
2,834,completed,88384.6963714,88384.6987314,88384.7036232,7.251799994264729
1,834,completed,88384.696267,88384.6987218,88384.7044014,8.134399991831742
5,835,completed,88384.7270997,88384.7294883,88384.7309371,3.8373999996110797
0,835,completed,88384.7270007,88384.7296426,88384.7324528,5.452099998365156
1,835,completed,88384.7269869,88384.7295641,88384.7352617,8.2747999986168
4,835,completed,88384.7270275,88384.7297039,88384.7371818,10.154299990972504
2,835,completed,88384.7418949,88384.743032,88384.7438742,1.9792999955825508
3,835,completed,88384.7418951,88384.7429455,88384.7448913,2.9961999971419573
4,836,completed,88384.7732083,88384.7754285,88384.7765587,3.3504000020911917
0,836,completed,88384.7732136,88384.7756026,88384.7774355,4.22190000244882
1,836,completed,88384.7732412,88384.7756071,88384.7781831,4.941899998812005
3,836,completed,88384.7733384,88384.7758309,88384.778956,5.617599992547184
2,836,completed,88384.7732992,88384.7758426,88384.7797383,6.439100005081855
5,836,completed,88384.773618,88384.7759939,88384.7804036,6.785599995055236
0,837,completed,88384.8037047,88384.8058084,88384.8070099,3.305200007162057
2,837,completed,88384.8037871,88384.8059867,88384.8082109,4.423799997312017
1,837,completed,88384.8037056,88384.805892,88384.8092414,5.535799995413981
5,837,completed,88384.8038445,88384.8060786,88384.8106191,6.7745999986073
4,837,completed,88384.803919,88384.8062112,88384.8114497,7.530700007919222
3,837,completed,88384.8037531,88384.8061273,88384.8122015,8.448399996268563
3,838,completed,88384.8343166,88384.8364929,88384.8373448,3.0282000079751015
4,838,completed,88384.8341893,88384.8363937,88384.8381184,3.9290999993681908
0,838,completed,88384.834204,88384.8365236,88384.8388028,4.598800005624071
2,838,completed,88384.8342464,88384.8366699,88384.8394982,5.251800001133233
5,838,completed,88384.8342644,88384.8366929,88384.8401706,5.906200007302687
1,838,completed,88384.8343396,88384.8367081,88384.8407982,6.458600008045323
5,839,completed,88384.8652781,88384.8674449,88384.8682232,2.9451000009430572
4,839,completed,88384.8652797,88384.8674344,88384.8690199,3.7402000016300008
1,839,completed,88384.8653421,88384.8673866,88384.8697427,4.400599995278753
3,839,completed,88384.8654332,88384.8675213,88384.8704011,4.967899993062019
2,839,completed,88384.8652973,88384.8674467,88384.8710754,5.778100006864406
0,839,completed,88384.8654543,88384.8675154,88384.8717591,6.304800001089461
5,840,completed,88384.8968204,88384.8990448,88384.8999687,3.148300005705096
0,840,completed,88384.8968411,88384.8990841,88384.9007839,3.9428000018233433
4,840,completed,88384.8969586,88384.8991878,88384.9016209,4.662299994379282
2,840,completed,88384.8968726,88384.8993498,88384.9022196,5.346999998437241
3,840,completed,88384.8968867,88384.8993638,88384.9027886,5.9019000036641955
1,840,completed,88384.896996,88384.899419,88384.9033763,6.380300008459017
5,841,completed,88384.928214,88384.9304624,88384.93116,2.945999993244186
0,841,completed,88384.9282318,88384.9304395,88384.9317945,3.5626999888336286
4,841,completed,88384.9282497,88384.930486,88384.9323651,4.1154000064125285
1,841,completed,88384.9281907,88384.9305662,88384.9328877,4.696999996667728
2,841,completed,88384.928423,88384.9305836,88384.9334432,5.020199998398311
3,841,completed,88384.9283566,88384.9306496,88384.9340328,5.676200002199039
1,842,completed,88384.975441,88384.9778017,88384.979412,3.970999998273328
0,842,completed,88384.9754381,88384.9780235,88384.9806381,5.199999999604188
5,842,completed,88384.9754933,88384.9780921,88384.9816787,6.185400008689612
4,842,completed,88384.9754352,88384.9782314,88384.9826042,7.169000004068948
3,842,completed,88384.9756355,88384.9782888,88384.9836192,7.983699993928894
2,842,completed,88384.9754551,88384.9783511,88384.9843288,8.873700004187413
4,843,completed,88385.0065358,88385.0082612,88385.0091201,2.5843000039458275
2,843,completed,88385.0064096,88385.008243,88385.009796,3.3863999997265637
3,843,completed,88385.0064366,88385.0083347,88385.0103266,3.8899999926798046
1,843,completed,88385.0064771,88385.0083618,88385.0108851,4.407999993418343
5,843,completed,88385.0066127,88385.0084133,88385.0114053,4.792599997017533
0,843,completed,88385.0066925,88385.0087078,88385.0118982,5.205699999351054
4,844,completed,88385.0366592,88385.0387329,88385.0394237,2.764499993645586
2,844,completed,88385.0366233,88385.0386248,88385.0400677,3.4444000048097223
0,844,completed,88385.0367398,88385.0388468,88385.0405876,3.8478000060422346
5,844,completed,88385.0367785,88385.0388422,88385.041093,4.314500009058975
1,844,completed,88385.0367533,88385.0388926,88385.0415929,4.8396000056527555
3,844,completed,88385.0367616,88385.0389475,88385.0421114,5.349800005205907
4,845,completed,88385.0674456,88385.0696286,88385.0703372,2.8916000010212883
3,845,completed,88385.0674439,88385.0695974,88385.0710955,3.6515999963739887
5,845,completed,88385.067466,88385.0697143,88385.0717292,4.263200011337176
0,845,completed,88385.0675399,88385.0697101,88385.0722996,4.75969999388326
1,845,completed,88385.0674955,88385.0697509,88385.0728848,5.389300000388175
2,845,completed,88385.0676061,88385.0698235,88385.0734165,5.810400005429983
5,846,completed,88385.0987679,88385.1006466,88385.1013454,2.5775000103749335
1,846,completed,88385.0987295,88385.1005477,88385.1022516,3.522099999827333
2,846,completed,88385.0989449,88385.1007978,88385.1027534,3.8084999978309497
0,846,completed,88385.0988834,88385.100769,88385.1032586,4.37519999104552
4,846,completed,88385.0987484,88385.1007917,88385.1038065,5.058099995949306
3,846,completed,88385.0988074,88385.1008314,88385.1043322,5.524799998966046
0,847,completed,88385.13013,88385.1325476,88385.1335623,3.432299999985844
5,847,completed,88385.13024,88385.1327193,88385.1343547,4.114700001082383
3,847,completed,88385.1301211,88385.1328131,88385.1349699,4.848800002946518
2,847,completed,88385.1301214,88385.1327954,88385.1355405,5.419100009021349
4,847,completed,88385.1301938,88385.1329253,88385.136151,5.957200002740137
1,847,completed,88385.1301691,88385.1329226,88385.1366615,6.492400003480725
0,848,completed,88385.1612043,88385.1634554,88385.1643475,3.14319999597501
2,848,completed,88385.1612394,88385.1635095,88385.1651797,3.940299997339025
5,848,completed,88385.1612003,88385.1634167,88385.1659148,4.714499998954125
4,848,completed,88385.1613239,88385.1636487,88385.16675,5.426100004115142
3,848,completed,88385.1612843,88385.1637299,88385.1676387,6.354400000418536
1,848,completed,88385.1614477,88385.1637841,88385.1684892,7.041500008199364
5,849,completed,88385.2078484,88385.2097852,88385.210584,2.7356000064173713
4,849,completed,88385.2080113,88385.2098106,88385.2117163,3.7049999955343083
1,849,completed,88385.207871,88385.209816,88385.2122739,4.402899998240173
3,849,completed,88385.2078873,88385.2098205,88385.2127771,4.8897999949986115
0,849,completed,88385.2080434,88385.2098452,88385.2133,5.256600008578971
2,849,completed,88385.2079657,88385.2099371,88385.2138036,5.837899996549822
2,850,completed,88385.2382161,88385.2402005,88385.2411346,2.918500002124347
3,850,completed,88385.2383055,88385.2403088,88385.2417043,3.39880000683479
4,850,completed,88385.2382117,88385.2402445,88385.2422292,4.017500003101304
0,850,completed,88385.2382652,88385.2403142,88385.2427673,4.5021000114502385
5,850,completed,88385.2384031,88385.2403791,88385.2432829,4.879800006165169
1,850,completed,88385.2383623,88385.2403773,88385.2437955,5.433199999970384
1,851,completed,88385.2699803,88385.2724244,88385.273213,3.232699993532151
0,851,completed,88385.2699628,88385.2723858,88385.2739118,3.9490000053774565
5,851,completed,88385.2700487,88385.2725154,88385.2745239,4.47520001034718
4,851,completed,88385.2701522,88385.2726428,88385.275092,4.939799997373484
2,851,completed,88385.2702109,88385.2726146,88385.2756787,5.46780000149738
3,851,completed,88385.2701027,88385.2726861,88385.2763533,6.250599995837547
3,852,completed,88385.3013322,88385.3037361,88385.304597,3.2647999905748293
1,852,completed,88385.3013032,88385.3037861,88385.3052687,3.96550000004936
5,852,completed,88385.3012999,88385.3038375,88385.3058636,4.563700000289828
0,852,completed,88385.3014742,88385.3038986,88385.3065523,5.078100002720021
2,852,completed,88385.3013833,88385.3039011,88385.3071981,5.814799995278008
4,852,completed,88385.3014194,88385.3039299,88385.3078235,6.404100000509061
3,853,completed,88385.3316789,88385.3332864,88385.3340683,2.389400004176423
2,853,completed,88385.3317818,88385.3334478,88385.3347353,2.9534999921452254
1,853,completed,88385.3316879,88385.3334847,88385.3353688,3.680900001199916
0,853,completed,88385.3317381,88385.3335748,88385.3360883,4.350200004409999
5,853,completed,88385.3318669,88385.3336719,88385.3367131,4.846199997700751
4,853,completed,88385.3319635,88385.3336758,88385.3372448,5.281300007482059
5,854,completed,88385.3627906,88385.3646142,88385.3655377,2.7470999921206385
1,854,completed,88385.3628388,88385.36473,88385.3662762,3.4373999951640144
2,854,completed,88385.3628723,88385.3648389,88385.3668536,3.9813000039430335
4,854,completed,88385.3629506,88385.3649197,88385.3674389,4.488299993681721
3,854,completed,88385.3629021,88385.3648944,88385.3680575,5.155400009243749
0,854,completed,88385.3627901,88385.3650904,88385.3690772,6.2870999972801656
0,855,completed,88385.3943108,88385.3962758,88385.3972622,2.95140000525862
3,855,completed,88385.3943751,88385.3964334,88385.3982592,3.8840999914100394
4,855,completed,88385.3943287,88385.3965474,88385.3989823,4.653600000892766
1,855,completed,88385.3945195,88385.3966781,88385.3997157,5.196199999772944
5,855,completed,88385.3944081,88385.3967319,88385.400336,5.927900012466125
2,855,completed,88385.3944494,88385.3967126,88385.4009109,6.4615000010235235
1,856,completed,88385.4399199,88385.4420068,88385.4429505,3.030599997146055
2,856,completed,88385.439883,88385.4420692,88385.4437048,3.821799997240305
4,856,completed,88385.4398706,88385.442017,88385.4443279,4.457299990463071
3,856,completed,88385.4400762,88385.4421351,88385.4449523,4.876099992543459
0,856,completed,88385.4399486,88385.4422345,88385.4456395,5.69089999771677
5,856,completed,88385.4399711,88385.4426603,88385.4463389,6.367800000589341
5,857,completed,88385.4713268,88385.4733825,88385.4743827,3.0559000006178394
0,857,completed,88385.4714644,88385.4735709,88385.4755853,4.120899990084581
4,857,completed,88385.4713289,88385.4735138,88385.4766486,5.319699994288385
2,857,completed,88385.4713433,88385.4736505,88385.4773682,6.02489999437239
1,857,completed,88385.4714019,88385.4734659,88385.4780477,6.64580000739079
3,857,completed,88385.4714109,88385.4736454,88385.4787823,7.371399988187477
5,858,completed,88385.5023295,88385.5046143,88385.5054771,3.1476000003749505
2,858,completed,88385.5023037,88385.5045851,88385.5062751,3.97139998676721
1,858,completed,88385.5023728,88385.5048088,88385.5069311,4.558300002827309
4,858,completed,88385.5024703,88385.5048216,88385.5076331,5.162800007383339
3,858,completed,88385.5023012,88385.5048591,88385.5082796,5.978400004096329
0,858,completed,88385.50242,88385.5049198,88385.5092423,6.822299998020753
2,859,completed,88385.5331147,88385.5351388,88385.5358484,2.733700006501749
1,859,completed,88385.5331034,88385.5351446,88385.536686,3.5826000093948096
3,859,completed,88385.5331426,88385.5351757,88385.5372883,4.145699989749119
0,859,completed,88385.5332919,88385.5351684,88385.5380118,4.719899996416643
4,859,completed,88385.5331911,88385.5350858,88385.5386728,5.481700005475432
5,859,completed,88385.5334193,88385.5353021,88385.5392266,5.807299996376969
4,860,completed,88385.5637008,88385.5654371,88385.5663578,2.6569999899948016
5,860,completed,88385.5638788,88385.5656899,88385.5671178,3.2389999978477135
1,860,completed,88385.5636559,88385.5656501,88385.567825,4.169100007857196
0,860,completed,88385.5636578,88385.5656474,88385.5686691,5.011300003388897
2,860,completed,88385.5638141,88385.5658136,88385.5693545,5.54040000133682
3,860,completed,88385.5637474,88385.5660547,88385.5699679,6.22049999947194
1,861,completed,88385.5951009,88385.5969666,88385.5977638,2.662900005816482
5,861,completed,88385.5950726,88385.597064,88385.5985004,3.427799994824454
2,861,completed,88385.5953184,88385.5972764,88385.5991794,3.8610000046901405
3,861,completed,88385.595272,88385.5972659,88385.59989,4.617999991751276
0,861,completed,88385.5951558,88385.5972106,88385.6006641,5.508300004294142
4,861,completed,88385.5951979,88385.5971013,88385.6013048,6.106900007580407
4,862,completed,88385.6412255,88385.6432246,88385.6441654,2.939899990451522
2,862,completed,88385.6410896,88385.6432515,88385.6451873,4.097700002603233
0,862,completed,88385.6410895,88385.643334,88385.6461743,5.084799995529465
5,862,completed,88385.6411353,88385.6434019,88385.6468033,5.667999997967854
3,862,completed,88385.6412656,88385.6433706,88385.6474363,6.170699998619966
1,862,completed,88385.6411564,88385.6434061,88385.648062,6.905599992023781
5,863,completed,88385.6719346,88385.6740134,88385.674863,2.92839999019634
3,863,completed,88385.672039,88385.6741142,88385.6758039,3.764900000533089
1,863,completed,88385.6719181,88385.6741864,88385.6764767,4.558600005111657
2,863,completed,88385.6719438,88385.6742409,88385.6770696,5.125800002133474
0,863,completed,88385.6719971,88385.6743189,88385.6777672,5.77010000415612
4,863,completed,88385.6720661,88385.6742791,88385.6783708,6.304700000328012
0,864,completed,88385.70457,88385.706448,88385.7072326,2.662600003532134
1,864,completed,88385.7045823,88385.7065453,88385.708174,3.591700005927123
3,864,completed,88385.7045173,88385.7065511,88385.7087755,4.25820000236854
4,864,completed,88385.7045899,88385.7066377,88385.7094412,4.851300007430837
5,864,completed,88385.7045169,88385.7067157,88385.7101064,5.589499996858649
2,864,completed,88385.7046466,88385.7067105,88385.71068,6.033400000887923
1,865,completed,88385.7357012,88385.738044,88385.739626,3.9247999957296997
5,865,completed,88385.7356266,88385.7382065,88385.74138,5.753400007961318
3,865,completed,88385.73573,88385.7382764,88385.7421482,6.418200006010011
2,865,completed,88385.735766,88385.7383369,88385.742825,7.058999995933846
4,865,completed,88385.735631,88385.7383283,88385.7434419,7.810900002368726
0,865,completed,88385.7356528,88385.7384264,88385.7440832,8.430400004726835
5,866,completed,88385.7662044,88385.7686198,88385.7696221,3.4176999906776473
2,866,completed,88385.7662572,88385.7686595,88385.7705892,4.331999996793456
4,866,completed,88385.7663197,88385.7686996,88385.7714111,5.091400002129376
0,866,completed,88385.7660868,88385.7685553,88385.7721003,6.013500009430572
1,866,completed,88385.7661334,88385.7687032,88385.7729972,6.863799993880093
3,866,completed,88385.7661879,88385.7687616,88385.7736723,7.484400004614145
3,867,completed,88385.797518,88385.7994171,88385.8008994,3.3813999907579273
1,867,completed,88385.7975787,88385.7998281,88385.8022367,4.657999990740791
4,867,completed,88385.7976841,88385.7998207,88385.8030806,5.396499997004867
0,867,completed,88385.797635,88385.7999255,88385.8038561,6.221100004040636
5,867,completed,88385.7977037,88385.800012,88385.8049763,7.272600007127039
2,867,completed,88385.7975998,88385.800255,88385.8066335,9.033700000145473
2,868,completed,88385.8283877,88385.8307716,88385.8315828,3.195099998265505
4,868,completed,88385.8283869,88385.8307947,88385.8322754,3.8884999958099797
3,868,completed,88385.8284137,88385.8308788,88385.8329011,4.487400001380593
5,868,completed,88385.8286541,88385.8309946,88385.8336692,5.015100003220141
1,868,completed,88385.8285766,88385.8309911,88385.8343789,5.802300001960248
0,868,completed,88385.8285953,88385.8309811,88385.8354763,6.880999993882142
5,869,completed,88385.8747869,88385.8767272,88385.8778042,3.0172999977367
2,869,completed,88385.8747866,88385.8767942,88385.8787004,3.913799999281764
4,869,completed,88385.8749777,88385.877059,88385.8794511,4.473399996641092
3,869,completed,88385.8748844,88385.8771332,88385.8802789,5.39450001087971
0,869,completed,88385.8748983,88385.8771753,88385.8809943,6.095999997342005
1,869,completed,88385.8750299,88385.8773236,88385.8816451,6.615200007217936
4,870,completed,88385.9061265,88385.9080544,88385.9089353,2.808799996273592
0,870,completed,88385.9061467,88385.908122,88385.9096302,3.4834999969461933
1,870,completed,88385.9061101,88385.9080788,88385.9103774,4.267299998900853
2,870,completed,88385.9063057,88385.9082432,88385.9108888,4.583100002491847
3,870,completed,88385.9062298,88385.9083389,88385.9114724,5.242599989287555
5,870,completed,88385.9062042,88385.9084049,88385.9120827,5.878500000108033
4,871,completed,88385.9372562,88385.9391056,88385.9400364,2.78019999677781
2,871,completed,88385.9372385,88385.9390942,88385.9408214,3.5828999971272424
1,871,completed,88385.9372119,88385.9392805,88385.941496,4.284099995857105
3,871,completed,88385.9372978,88385.9392962,88385.9426699,5.372100000386126
0,871,completed,88385.9374041,88385.9394911,88385.9434361,6.0320000047795475
5,871,completed,88385.9374538,88385.9395989,88385.9439995,6.545700001879595
3,872,completed,88385.9684788,88385.9707737,88385.9715676,3.0888000037521124
0,872,completed,88385.9684602,88385.9707147,88385.9722492,3.7889999948674813
2,872,completed,88385.9685107,88385.9708371,88385.972842,4.331300006015226
1,872,completed,88385.9685618,88385.9708901,88385.973419,4.857200008700602
4,872,completed,88385.9684752,88385.9709656,88385.9741812,5.705999996280298
5,872,completed,88385.9686554,88385.9710274,88385.9749025,6.2470999982906505
3,873,completed,88385.9999573,88386.0017255,88386.002668,2.7107000059913844
0,873,completed,88385.9999794,88386.0018079,88386.003451,3.4715999936452135
1,873,completed,88385.9998969,88386.0018546,88386.0040876,4.19069999770727
4,873,completed,88385.9998959,88386.0018743,88386.004632,4.736100003356114
5,873,completed,88385.9998826,88386.0020263,88386.0052562,5.373600011807866
2,873,completed,88386.0005466,88386.0021329,88386.0057798,5.233200005022809
2,874,completed,88386.0300826,88386.0321025,88386.032898,2.8154000028735027
3,874,completed,88386.0302795,88386.0321323,88386.0336013,3.3218000025954098
4,874,completed,88386.030215,88386.032054,88386.0341575,3.9424999995389953
1,874,completed,88386.0300824,88386.0321411,88386.0347402,4.6578000037698075
0,874,completed,88386.0300798,88386.0322068,88386.0353439,5.26410000748001
5,874,completed,88386.0300702,88386.0323836,88386.035894,5.823800005600788
0,875,completed,88386.0610567,88386.0631718,88386.0641609,3.1042000045999885
2,875,completed,88386.0611703,88386.0633184,88386.0649807,3.810399997746572
3,875,completed,88386.0611074,88386.0634726,88386.0656598,4.552400001557544
1,875,completed,88386.0610099,88386.063424,88386.0662947,5.28479999047704
4,875,completed,88386.0612099,88386.0634688,88386.0669198,5.709899996872991
5,875,completed,88386.0610165,88386.0634448,88386.0674876,6.471100001363084
4,876,completed,88386.1060276,88386.1078873,88386.1086985,2.670899993972853
0,876,completed,88386.106158,88386.1080396,88386.1093456,3.1875999993644655
1,876,completed,88386.1060412,88386.1080919,88386.109882,3.840800010948442
2,876,completed,88386.1062059,88386.108102,88386.1103892,4.18329999956768
5,876,completed,88386.1060583,88386.108082,88386.1109257,4.867399999056943
3,876,completed,88386.1061557,88386.1081926,88386.1114466,5.290899993269704
1,877,completed,88386.1371422,88386.1391682,88386.1400354,2.8932000132044777
0,877,completed,88386.1371819,88386.139315,88386.1408773,3.695399995194748
2,877,completed,88386.1372046,88386.1393515,88386.1415173,4.312699995352887
5,877,completed,88386.1371602,88386.1394069,88386.142126,4.965800006175414
3,877,completed,88386.1372754,88386.1394916,88386.142728,5.452600002172403
4,877,completed,88386.1373344,88386.139536,88386.1432819,5.947500001639128
4,878,completed,88386.1684823,88386.1703344,88386.1711736,2.6913000037893653
5,878,completed,88386.1684695,88386.1703923,88386.1718224,3.35290000657551
3,878,completed,88386.1684619,88386.1705618,88386.1723297,3.8677999982610345
2,878,completed,88386.168557,88386.1706643,88386.172924,4.36700000136625
0,878,completed,88386.1685934,88386.1707033,88386.1735492,4.955800002790056
1,878,completed,88386.168708,88386.170744,88386.1740945,5.386500008171424
1,879,completed,88386.1995215,88386.2013106,88386.202037,2.5154999893857166
3,879,completed,88386.1995293,88386.2013901,88386.2026847,3.1553999870084226
5,879,completed,88386.1995586,88386.2014165,88386.2031974,3.63880000077188
2,879,completed,88386.1996893,88386.201517,88386.2037342,4.044899993459694
0,879,completed,88386.1996346,88386.2015077,88386.2042838,4.649200011044741
4,879,completed,88386.1998438,88386.2015753,88386.2048262,4.982400001608767
5,880,completed,88386.2304698,88386.2322233,88386.2329586,2.488800004357472
3,880,completed,88386.2304547,88386.2321976,88386.2335897,3.1350000062957406
2,880,completed,88386.2305654,88386.2324035,88386.2340779,3.5124999994877726
4,880,completed,88386.2305099,88386.2325141,88386.2345496,4.0397000120719895
1,880,completed,88386.2308539,88386.2325516,88386.2350592,4.205300007015467
0,880,completed,88386.230609,88386.2325557,88386.2355762,4.967199987731874
0,881,completed,88386.2613385,88386.2630363,88386.2637513,2.41279999318067
3,881,completed,88386.2613577,88386.2630669,88386.2644703,3.1125999958021566
2,881,completed,88386.2613979,88386.2631738,88386.2650438,3.645899996627122
1,881,completed,88386.2614678,88386.2632755,88386.2656537,4.185900004813448
5,881,completed,88386.261544,88386.2632995,88386.2662316,4.6876000124029815
4,881,completed,88386.2616558,88386.2633331,88386.2667521,5.096299995784648
1,882,completed,88386.3076903,88386.3098751,88386.3106622,2.9719000012846664
5,882,completed,88386.3077184,88386.309983,88386.3112465,3.5281000018585473
2,882,completed,88386.3076909,88386.3099991,88386.3117657,4.074800002854317
3,882,completed,88386.3078592,88386.310101,88386.312259,4.399800003739074
0,882,completed,88386.3079329,88386.3101402,88386.3127431,4.810200000065379
4,882,completed,88386.3077902,88386.3101083,88386.3132003,5.410100013250485
3,883,completed,88386.3386416,88386.3410355,88386.3419882,3.3466000022599474
5,883,completed,88386.338694,88386.3411489,88386.3427098,4.0157999901566654
4,883,completed,88386.3386842,88386.3411478,88386.3433279,4.643699998268858
2,883,completed,88386.3387483,88386.3412927,88386.3438818,5.133500002557412
0,883,completed,88386.3389003,88386.3413456,88386.3444358,5.535499993129633
1,883,completed,88386.3388638,88386.3413577,88386.3449224,6.058600003598258
4,884,completed,88386.3706869,88386.3728121,88386.3735095,2.822599999490194
2,884,completed,88386.3706875,88386.3728355,88386.37421,3.522499988321215
5,884,completed,88386.3707036,88386.3728765,88386.3747199,4.016300008515827
1,884,completed,88386.3707445,88386.3729568,88386.3752243,4.479800001718104
3,884,completed,88386.3707969,88386.3729635,88386.3757641,4.967200002283789
0,884,completed,88386.3708649,88386.3729952,88386.3762785,5.413599996245466
4,885,completed,88386.4023572,88386.4043124,88386.4052272,2.869999996619299
3,885,completed,88386.4024172,88386.4044199,88386.4059106,3.4933999995701015
5,885,completed,88386.4026339,88386.4046316,88386.4063994,3.765500005101785
1,885,completed,88386.4024452,88386.4046394,88386.4068904,4.445200000191107
0,885,completed,88386.4023808,88386.404565,88386.4073899,5.009100001188926
2,885,completed,88386.4025702,88386.4047318,88386.4078798,5.309599990141578
2,886,completed,88386.4337973,88386.4356326,88386.436446,2.648700014105998
5,886,completed,88386.4338221,88386.4356795,88386.4370814,3.2592999923508614
4,886,completed,88386.4337827,88386.435843,88386.4375807,3.7980000051902607
0,886,completed,88386.4339288,88386.4359038,88386.4381008,4.172000000835396
1,886,completed,88386.4340608,88386.4359347,88386.4386388,4.577999992761761
3,886,completed,88386.4339095,88386.4359724,88386.4392274,5.317899995134212
0,887,completed,88386.4652041,88386.4678373,88386.4688495,3.6454000073717907
4,887,completed,88386.4652073,88386.4678874,88386.4695404,4.333099990617484
5,887,completed,88386.4652747,88386.4679728,88386.4701556,4.880900014541112
3,887,completed,88386.4653633,88386.4680124,88386.4707018,5.338500006473623
1,887,completed,88386.4653352,88386.4680551,88386.4712612,5.925999997998588
2,887,completed,88386.4652208,88386.4681238,88386.4718152,6.594399994355626
3,888,completed,88386.4960286,88386.4981983,88386.4990074,2.9787999956170097
5,888,completed,88386.4960694,88386.4983187,88386.4996119,3.54249999509193
4,888,completed,88386.4960852,88386.4983921,88386.5000989,4.01370000327006
0,888,completed,88386.4961689,88386.4984526,88386.5005897,4.420799989020452
2,888,completed,88386.4962692,88386.4985328,88386.5010728,4.8036000080173835
1,888,completed,88386.4963332,88386.4985457,88386.5016165,5.283299993607216
4,889,completed,88386.5269675,88386.5273929,88386.5293472,2.3797000030754134
0,889,completed,88386.5275284,88386.5291527,88386.5301684,2.6400000060675666
5,889,completed,88386.527559,88386.5292276,88386.5306905,3.1315000087488443
2,889,completed,88386.5275798,88386.5292671,88386.5311923,3.6125000042375177
1,889,completed,88386.5276377,88386.5293348,88386.5317165,4.0788000042084605
3,889,completed,88386.5427364,88386.5432836,88386.5438939,1.1574999953154474
2,890,completed,88386.5735065,88386.5758669,88386.5765712,3.064699994865805
3,890,completed,88386.5734432,88386.5758103,88386.5772131,3.76989999494981
0,890,completed,88386.5735488,88386.575943,88386.5778453,4.296499988413416
1,890,completed,88386.5735462,88386.5759951,88386.5784061,4.859900000155903
5,890,completed,88386.573469,88386.5760233,88386.5788906,5.421599998953752
4,890,completed,88386.5734983,88386.5760644,88386.5793685,5.870199995115399
0,891,completed,88386.6037284,88386.6046801,88386.6066679,2.93950000195764
5,891,completed,88386.6040752,88386.6062012,88386.6072908,3.2156000088434666
2,891,completed,88386.6041016,88386.6063289,88386.6078087,3.7071000115247443
3,891,completed,88386.6041934,88386.6064738,88386.6083268,4.133399997954257
4,891,completed,88386.6042463,88386.6065372,88386.6088318,4.5854999916628
1,891,completed,88386.6043593,88386.6065747,88386.609321,4.961699989507906
1,892,completed,88386.6347598,88386.6366022,88386.637393,2.6331999979447573
0,892,completed,88386.6347815,88386.6366347,88386.6380721,3.2905999978538603
5,892,completed,88386.6348122,88386.6367327,88386.6385951,3.7828999920748174
4,892,completed,88386.634905,88386.6368735,88386.6390406,4.135600000154227
3,892,completed,88386.6350042,88386.6369063,88386.6395358,4.531600003247149
2,892,completed,88386.6350482,88386.6369177,88386.6400205,4.97229999746196
4,893,completed,88386.6658466,88386.6684747,88386.6692542,3.4076000010827556
2,893,completed,88386.6658474,88386.6685318,88386.6699021,4.054699995322153
3,893,completed,88386.6659364,88386.6685722,88386.6703924,4.45600000966806
0,893,completed,88386.6659874,88386.6686415,88386.6708637,4.876299994066358
1,893,completed,88386.6660774,88386.6686707,88386.6713322,5.254799994872883
5,893,completed,88386.6659494,88386.6686797,88386.6718049,5.855499999597669
1,894,completed,88386.6969101,88386.6994071,88386.700162,3.2518999942112714
5,894,completed,88386.6969449,88386.6994205,88386.7008319,3.886999998940155
3,894,completed,88386.697018,88386.6995803,88386.7013641,4.346099987742491
2,894,completed,88386.6970727,88386.6996079,88386.7018727,4.799999995157123
4,894,completed,88386.697053,88386.6995895,88386.7023724,5.319400006555952
0,894,completed,88386.6971821,88386.6996389,88386.702911,5.728899996029213
5,895,completed,88386.7274969,88386.7297467,88386.7303967,2.899800005252473
0,895,completed,88386.7274754,88386.729635,88386.7310883,3.612900007283315
3,895,completed,88386.7275752,88386.7297696,88386.7315878,4.012599994894117
2,895,completed,88386.727702,88386.7298606,88386.7320804,4.378400000859983
4,895,completed,88386.7276376,88386.7298389,88386.7326189,4.981300007784739
1,895,completed,88386.7275438,88386.7298173,88386.7332292,5.685399999492802
5,896,completed,88386.7744071,88386.7767442,88386.7775632,3.156099992338568
3,896,completed,88386.7744064,88386.7768521,88386.7782539,3.8475000037578866
1,896,completed,88386.7745563,88386.7769391,88386.7787573,4.20099998882506
4,896,completed,88386.7745988,88386.7769445,88386.7792963,4.6975000004749745
0,896,completed,88386.7744145,88386.7769675,88386.7798532,5.438699998194352
2,896,completed,88386.7744265,88386.7770907,88386.78037,5.943500000284985
2,897,completed,88386.8064858,88386.8086799,88386.8094671,2.981300000101328
0,897,completed,88386.8066036,88386.8088117,88386.8100892,3.485599998384714
5,897,completed,88386.8067216,88386.8088728,88386.8105805,3.8588999886997044
3,897,completed,88386.8066493,88386.8088192,88386.8110965,4.447200000868179
1,897,completed,88386.8065003,88386.8088709,88386.8115946,5.0943000096594915
4,897,completed,88386.8065235,88386.8089447,88386.8120707,5.54720000945963
3,898,completed,88386.838358,88386.8405637,88386.8413631,3.0051000067032874
5,898,completed,88386.8383528,88386.8405423,88386.8420243,3.6715000023832545
0,898,completed,88386.8383902,88386.8406198,88386.8425536,4.163399993558414
4,898,completed,88386.8384946,88386.8407356,88386.8430705,4.575900005875155
2,898,completed,88386.8384638,88386.8408362,88386.8435599,5.096099994261749
1,898,completed,88386.8384639,88386.840902,88386.8440579,5.594000002020039
3,899,completed,88386.8687833,88386.8708722,88386.8724561,3.6727999977301806
4,899,completed,88386.8688608,88386.8710403,88386.8732198,4.359000013209879
5,899,completed,88386.8687925,88386.8712624,88386.8738932,5.100700000184588
0,899,completed,88386.8687697,88386.8708914,88386.8746135,5.843799997819588
2,899,completed,88386.8689216,88386.8712377,88386.8753182,6.396599987056106
1,899,completed,88386.8689599,88386.8712236,88386.8759533,6.993399991188198
