camera,seq,status,capture_s,enqueue_s,finish_s,latency_ms
2,0,completed,89178.1785548,89178.1813511,89178.1839577,5.4029000020818785
4,0,completed,89178.1785328,89178.1813858,89178.1859556,7.42280000122264
0,0,completed,89178.1785106,89178.1813043,89178.187855,9.34439999400638
1,0,completed,89178.1786029,89178.1813505,89178.1897989,11.195999992196448
5,0,completed,89178.1784955,89178.1814358,89178.1915458,13.050299996393733
3,0,completed,89178.1784953,89178.1815008,89178.1934516,14.956300001358613
0,1,completed,89178.2104262,89178.2138947,89178.2158204,5.394199994043447
2,1,completed,89178.2105135,89178.2139097,89178.2175849,7.071400003042072
1,1,completed,89178.2106655,89178.2139467,89178.2193053,8.639799998491071
3,1,completed,89178.2104339,89178.213894,89178.2211856,10.751699999673292
5,1,completed,89178.2104796,89178.213894,89178.2231486,12.668999988818541
4,1,completed,89178.210584,89178.2140297,89178.2252557,14.67170000250917
2,2,completed,89178.2420052,89178.245594,89178.2475825,5.577300005825236
0,2,completed,89178.2419564,89178.2455949,89178.2494651,7.5087000004714355
5,2,completed,89178.241971,89178.2456161,89178.251343,9.372000000439584
4,2,completed,89178.2420691,89178.2456408,89178.2530341,10.964999994030222
1,2,completed,89178.2419747,89178.245652,89178.255008,13.033299997914582
3,2,completed,89178.2420451,89178.2456738,89178.2571575,15.11239999672398
2,3,completed,89178.2733516,89178.2763123,89178.2783718,5.020199998398311
1,3,completed,89178.2733,89178.2763297,89178.2803763,7.076299996697344
0,3,completed,89178.2732389,89178.2764052,89178.2822935,9.054599999217317
4,3,completed,89178.2732451,89178.2765237,89178.2840719,10.826799989445135
3,3,completed,89178.2732401,89178.2767169,89178.2857672,12.527099999715574
5,3,completed,89178.2732616,89178.2767325,89178.2877205,14.45889999740757
1,4,completed,89178.3078923,89178.3106903,89178.3127041,4.811799997696653
4,4,completed,89178.3082608,89178.310828,89178.3145744,6.313600009889342
2,4,completed,89178.3083571,89178.3108979,89178.316413,8.055899990722537
3,4,completed,89178.3083259,89178.3109695,89178.3181165,9.790600000997074
5,4,completed,89178.3082869,89178.3109705,89178.31989,11.603099992498755
0,4,completed,89178.3082182,89178.3114307,89178.3217207,13.502499990863726
5,5,completed,89178.3390313,89178.3415744,89178.3439028,4.871500001172535
3,5,completed,89178.3389549,89178.3415295,89178.3458263,6.871400008094497
2,5,completed,89178.3389964,89178.3416978,89178.3477447,8.748300009756349
1,5,completed,89178.3390718,89178.3417338,89178.3495593,10.487499996088445
0,5,completed,89178.3389792,89178.3419758,89178.3515356,12.556400004541501
4,5,completed,89178.3391092,89178.342117,89178.3534566,14.347400006954558
1,6,completed,89178.3710193,89178.3735056,89178.3755175,4.49819999630563
2,6,completed,89178.3709397,89178.373511,89178.3775023,6.562599999597296
4,6,completed,89178.3711315,89178.3735587,89178.3795234,8.391900002607144
0,6,completed,89178.3709706,89178.3735464,89178.3815522,10.581599999568425
3,6,completed,89178.371105,89178.3735822,89178.3834892,12.384200002998114
5,6,completed,89178.3710702,89178.3736416,89178.3854658,14.395600010175258
2,7,completed,89178.4019597,89178.4045934,89178.4066626,4.702899997937493
3,7,completed,89178.4019023,89178.4045571,89178.4086644,6.76210000528954
5,7,completed,89178.401838,89178.4047082,89178.4103779,8.539899994502775
4,7,completed,89178.4019761,89178.4047422,89178.4120532,10.07709999976214
1,7,completed,89178.4018686,89178.4049334,89178.41387,12.001399998553097
0,7,completed,89178.4019327,89178.4049333,89178.4157784,13.845699999365024
2,8,completed,89178.4335226,89178.4359037,89178.4379056,4.383000006782822
5,8,completed,89178.4333998,89178.4360608,89178.4397168,6.317000006674789
3,8,completed,89178.4334653,89178.4360762,89178.4415323,8.067000002483837
4,8,completed,89178.4334913,89178.4360851,89178.4433977,9.906399995088577
0,8,completed,89178.4334268,89178.4361576,89178.4452279,11.801100001321174
1,8,completed,89178.4333983,89178.436432,89178.4470482,13.649900007294491
5,9,completed,89178.4674788,89178.4703078,89178.4722986,4.819800000404939
0,9,completed,89178.4674318,89178.4702609,89178.4741646,6.732800000463612
1,9,completed,89178.4674248,89178.4703347,89178.4760517,8.626900002127513
4,9,completed,89178.4674246,89178.4703707,89178.4777884,10.363800000050105
3,9,completed,89178.4674484,89178.4704102,89178.4795606,12.11219999822788
2,9,completed,89178.4675129,89178.4704627,89178.4817364,14.22350000939332
5,10,completed,89178.5116369,89178.5143093,89178.5161492,4.5123000018065795
0,10,completed,89178.5117377,89178.5142965,89178.5180818,6.344099994748831
2,10,completed,89178.5116651,89178.514275,89178.5199626,8.297499996842816
1,10,completed,89178.5116947,89178.5143355,89178.5216966,10.001899994676933
4,10,completed,89178.5116272,89178.5144507,89178.5235988,11.971600004471838
3,10,completed,89178.5117158,89178.5145837,89178.525585,13.86919998913072
0,11,completed,89178.5431163,89178.5455917,89178.5475346,4.418299999088049
1,11,completed,89178.5430954,89178.5456336,89178.5493409,6.245500000659376
4,11,completed,89178.5432155,89178.5456816,89178.5511683,7.952799991471693
2,11,completed,89178.543279,89178.5457238,89178.5530259,9.746899988385849
3,11,completed,89178.5432274,89178.5457498,89178.5547618,11.53439999325201
5,11,completed,89178.5431577,89178.5457659,89178.5564206,13.262899999972433
2,12,completed,89178.5746326,89178.5776312,89178.5797684,5.135800005518831
0,12,completed,89178.5747122,89178.5776398,89178.5815915,6.8792999954894185
4,12,completed,89178.574647,89178.5777833,89178.583616,8.96900000225287
3,12,completed,89178.5746926,89178.5778902,89178.5853618,10.669199997209944
5,12,completed,89178.5747611,89178.5781604,89178.5870945,12.333400009083562
1,12,completed,89178.574779,89178.5783635,89178.5890895,14.310500002466142
0,13,completed,89178.606436,89178.6099736,89178.6120014,5.565400002524257
1,13,completed,89178.6064231,89178.6100619,89178.6139523,7.529199996497482
4,13,completed,89178.6065192,89178.6101073,89178.6159351,9.415900000021793
2,13,completed,89178.6065303,89178.6101603,89178.6176928,11.162499999045394
3,13,completed,89178.6064794,89178.6101664,89178.6194527,12.973300006706268
5,13,completed,89178.606591,89178.6101655,89178.6212418,14.650800003437325
1,14,completed,89178.6380108,89178.6409302,89178.6428969,4.8860999959288165
2,14,completed,89178.6380892,89178.6411711,89178.6448859,6.796699992264621
3,14,completed,89178.6376745,89178.6412251,89178.6468051,9.130599995842203
0,14,completed,89178.6377538,89178.6412401,89178.6485302,10.77639999857638
5,14,completed,89178.6379294,89178.641397,89178.6502686,12.339199995039962
4,14,completed,89178.6381046,89178.6414476,89178.6522064,14.101799999480136
3,15,completed,89178.6690963,89178.6722141,89178.6742741,5.177800005185418
0,15,completed,89178.6695785,89178.6722583,89178.6762415,6.662999992840923
1,15,completed,89178.6696748,89178.6722831,89178.6779844,8.309600001666695
5,15,completed,89178.6690964,89178.6723545,89178.6799399,10.843500000191852
4,15,completed,89178.6696315,89178.6724241,89178.6819415,12.3100000055274
2,15,completed,89178.6697463,89178.6725062,89178.6839201,14.17379999475088
1,16,completed,89178.7006752,89178.7036339,89178.7056349,4.95970000338275
2,16,completed,89178.7010128,89178.7036385,89178.7075329,6.520100010675378
5,16,completed,89178.7010516,89178.7038034,89178.70945,8.39839999389369
0,16,completed,89178.7011302,89178.7038419,89178.7113286,10.198399992077611
3,16,completed,89178.7007032,89178.7041391,89178.7132674,12.564200005726889
4,16,completed,89178.7011878,89178.7043408,89178.7152103,14.022499992279336
1,17,completed,89178.7322016,89178.7352612,89178.7376434,5.441800007247366
5,17,completed,89178.7321826,89178.735224,89178.739966,7.783399996696971
3,17,completed,89178.7321471,89178.7353095,89178.7422815,10.134399999515153
0,17,completed,89178.7321328,89178.7353769,89178.7442132,12.08040000346955
4,17,completed,89178.7323573,89178.7353759,89178.7462711,13.913799994043075
2,17,completed,89178.7322408,89178.7355022,89178.7483612,16.12040000327397
5,18,completed,89178.7641667,89178.7674357,89178.769534,5.367300007492304
0,18,completed,89178.7640776,89178.7674357,89178.7714554,7.377799993264489
2,18,completed,89178.7641289,89178.7679144,89178.7733505,9.221600004821084
4,18,completed,89178.7640774,89178.7679152,89178.7752348,11.157400003867224
3,18,completed,89178.7641168,89178.7679955,89178.7772187,13.10189999639988
1,18,completed,89178.7641651,89178.7680108,89178.7789634,14.79829999152571
4,19,completed,89178.7952612,89178.7992237,89178.8010791,5.8179000043310225
0,19,completed,89178.7960985,89178.7997117,89178.8028568,6.758300005458295
5,19,completed,89178.7960799,89178.7997713,89178.8046839,8.604000002378598
3,19,completed,89178.8111791,89178.8142029,89178.8160586,4.879500003880821
1,19,completed,89178.8112406,89178.8142187,89178.8179125,6.6719000024022534
2,19,completed,89178.8112139,89178.8143317,89178.819848,8.634099998744205
1,20,completed,89178.828875,89178.8316122,89178.8335606,4.685599997173995
2,20,completed,89178.8289119,89178.8317552,89178.8355007,6.5888000099221244
3,20,completed,89178.8447098,89178.8481767,89178.8501976,5.48779999371618
0,20,completed,89178.8451217,89178.8486262,89178.8519999,6.878200001665391
5,20,completed,89178.8450201,89178.8486411,89178.8538645,8.844399999361485
4,20,completed,89178.8450579,89178.8486977,89178.8556189,10.560999988229014
5,21,completed,89178.8753672,89178.8810162,89178.8829396,7.572399990749545
3,21,completed,89178.8753668,89178.8810729,89178.8847304,9.3635999946855
2,21,completed,89178.8753989,89178.881126,89178.8866594,11.260500003118068
1,21,completed,89178.8754724,89178.8811505,89178.8886354,13.162999995984137
4,21,completed,89178.8755,89178.8812254,89178.8904415,14.941500005079433
0,21,completed,89178.8754319,89178.8812843,89178.8923485,16.916599997784942
5,22,completed,89178.907649,89178.9120137,89178.9141284,6.479400006355718
0,22,completed,89178.907637,89178.912163,89178.916037,8.40000000607688
1,22,completed,89178.9077177,89178.9122087,89178.9178522,10.134500000276603
2,22,completed,89178.9078089,89178.912348,89178.9196378,11.828900009277277
4,22,completed,89178.907677,89178.9130089,89178.921393,13.71600000129547
3,22,completed,89178.9077743,89178.913119,89178.9232416,15.46730000700336
5,23,completed,89178.939298,89178.9442508,89178.9461404,6.842400005552918
4,23,completed,89178.9393273,89178.9443222,89178.9480181,8.690799993928522
0,23,completed,89178.9394243,89178.944435,89178.9498914,10.467100000823848
1,23,completed,89178.9394799,89178.9444313,89178.9518021,12.322199996560812
3,23,completed,89178.9392926,89178.9451287,89178.9537291,14.436500001465902
2,23,completed,89178.9393918,89178.9451186,89178.9556068,16.214999996009283
0,24,completed,89178.9705867,89178.9742113,89178.9763893,5.802600004244596
5,24,completed,89178.9705386,89178.9741947,89178.9782248,7.686199998715892
2,24,completed,89178.9709229,89178.9748146,89178.980135,9.212100005242974
3,24,completed,89178.9708374,89178.9748503,89178.9821842,11.346799990860745
4,24,completed,89178.9708787,89178.9748732,89178.9841855,13.306799999554642
1,24,completed,89178.9709771,89178.9748908,89178.9863472,15.370099994470365
3,25,completed,89179.0026128,89179.0094934,89179.0116164,9.003600003779866
4,25,completed,89179.0026392,89179.00956,89179.0135135,10.874300001887605
0,25,completed,89179.0027361,89179.0096936,89179.0154223,12.686200003372505
5,25,completed,89179.0027027,89179.0097294,89179.01733,14.627299999119714
1,25,completed,89179.0028074,89179.009802,89179.0193315,16.52410000679083
2,25,completed,89179.0022643,89179.0100082,89179.0212499,18.985600006999448
0,26,completed,89179.0338769,89179.0375988,89179.0396382,5.761300009908155
3,26,completed,89179.0342999,89179.0381726,89179.0416902,7.390300001134165
1,26,completed,89179.0343579,89179.0382831,89179.043485,9.127099998295307
2,26,completed,89179.0342423,89179.038315,89179.0453748,11.132500003441237
4,26,completed,89179.0344301,89179.0383555,89179.0473059,12.87580000644084
5,26,completed,89179.0344954,89179.0384796,89179.0492526,14.757199998712167
5,27,completed,89179.0662178,89179.0697688,89179.0717543,5.536500000744127
2,27,completed,89179.0661796,89179.0698996,89179.0737508,7.571199996164069
3,27,completed,89179.0662962,89179.0700706,89179.0757822,9.485999995376915
0,27,completed,89179.0663726,89179.0701306,89179.0776116,11.238999999477528
4,27,completed,89179.065884,89179.0703697,89179.0795579,13.673900000867434
1,27,completed,89179.0658841,89179.0704381,89179.0816573,15.773200007970445
3,28,completed,89179.0978005,89179.1016836,89179.103736,5.935499997576699
2,28,completed,89179.0977651,89179.1016914,89179.1057927,8.027599993511103
5,28,completed,89179.0979721,89179.1018999,89179.1076159,9.643799989135005
0,28,completed,89179.0978966,89179.1019081,89179.1094088,11.512199998833239
1,28,completed,89179.0975036,89179.1023467,89179.1111968,13.693200002308004
4,28,completed,89179.0978504,89179.1025729,89179.1130167,15.166299999691546
3,29,completed,89179.1294479,89179.1339882,89179.1359771,6.529199992655776
0,29,completed,89179.1300772,89179.1339687,89179.1381071,8.029900011024438
5,29,completed,89179.1300447,89179.133983,89179.1401476,10.102900007041171
1,29,completed,89179.1294479,89179.1342123,89179.1420613,12.613399987458251
4,29,completed,89179.1300114,89179.1347546,89179.1439291,13.917699994635768
2,29,completed,89179.1301274,89179.1347795,89179.146043,15.915600000880659
4,30,completed,89179.1771311,89179.1807339,89179.1828226,5.691500002285466
3,30,completed,89179.1772042,89179.1810331,89179.186259,9.054800000740215
1,30,completed,89179.1772274,89179.1811251,89179.1884442,11.216800005058758
0,30,completed,89179.1771108,89179.1811973,89179.1903471,13.236300001153722
5,30,completed,89179.176813,89179.1814062,89179.1923539,15.540899999905378
2,30,completed,89179.1771748,89179.1816113,89179.1943731,17.198300003656186
5,31,completed,89179.2080819,89179.2114015,89179.2135697,5.4878000082680956
4,31,completed,89179.2081217,89179.2114968,89179.2155152,7.393500010948628
2,31,completed,89179.2081947,89179.2122649,89179.2175094,9.314700000686571
1,31,completed,89179.2081123,89179.2122632,89179.2194701,11.357800001860596
3,31,completed,89179.2081719,89179.2123466,89179.2214845,13.312600000062957
0,31,completed,89179.2082404,89179.2123863,89179.2234887,15.248299998347647
5,32,completed,89179.2402246,89179.2421788,89179.2430418,2.8172000020276755
2,32,completed,89179.2402696,89179.2424375,89179.2435546,3.284999998868443
1,32,completed,89179.2404225,89179.242493,89179.2441689,3.7463999906321988
0,32,completed,89179.2403003,89179.2425216,89179.2447543,4.453999994439073
4,32,completed,89179.2405984,89179.2425461,89179.2452608,4.662399995140731
3,32,completed,89179.2405276,89179.242561,89179.2456786,5.1509999902918935
3,33,completed,89179.271314,89179.2738519,89179.2748147,3.500699996948242
2,33,completed,89179.2713713,89179.2741106,89179.2753421,3.9707999967504293
1,33,completed,89179.2715853,89179.2742605,89179.2758426,4.2572999955154955
4,33,completed,89179.2713908,89179.2743311,89179.276346,4.95519999822136
0,33,completed,89179.2714598,89179.274531,89179.2769557,5.495899997185916
5,33,completed,89179.2717147,89179.2745846,89179.2774109,5.696200008969754
2,34,completed,89179.3028317,89179.3054347,89179.3064908,3.659099995275028
5,34,completed,89179.3029166,89179.3056811,89179.3069704,4.053799988469109
3,34,completed,89179.3034319,89179.3060097,89179.3075042,4.072299998369999
4,34,completed,89179.3034903,89179.306041,89179.3080025,4.51220000104513
1,34,completed,89179.3033247,89179.3060469,89179.308422,5.097300003399141
0,34,completed,89179.3033674,89179.3060086,89179.3090718,5.7043999986490235
1,35,completed,89179.3347924,89179.3369066,89179.3379907,3.1983000080799684
3,35,completed,89179.3348743,89179.3370267,89179.3386489,3.7746000016340986
5,35,completed,89179.3349149,89179.3371122,89179.3392509,4.335999998147599
0,35,completed,89179.3350116,89179.3371549,89179.3399675,4.9559000035515055
4,35,completed,89179.3348426,89179.3371831,89179.3405249,5.682300004991703
2,35,completed,89179.3350148,89179.3373019,89179.3410751,6.060300001990981
2,36,completed,89179.37234,89179.3744757,89179.3752014,2.861400003894232
3,36,completed,89179.3723588,89179.3744667,89179.3756856,3.326799997012131
1,36,completed,89179.3723863,89179.3745872,89179.376186,3.799699989031069
5,36,completed,89179.3724426,89179.3746369,89179.3766252,4.18260000878945
4,36,completed,89179.3725908,89179.3746762,89179.377052,4.461199991055764
0,36,completed,89179.3725106,89179.3746752,89179.377666,5.155399994691834
2,37,completed,89179.403407,89179.4053482,89179.4060928,2.685799991013482
0,37,completed,89179.4033813,89179.4052897,89179.4067929,3.4116000024368986
3,37,completed,89179.4035155,89179.4054741,89179.4072404,3.724900001543574
1,37,completed,89179.4034452,89179.4056413,89179.4076551,4.2098999983863905
4,37,completed,89179.4034143,89179.405626,89179.4080826,4.6682999964104965
5,37,completed,89179.4036905,89179.4056486,89179.4085808,4.890299998805858
0,38,completed,89179.4346556,89179.4357075,89179.4370258,2.3702000034973025
5,38,completed,89179.4345253,89179.4363852,89179.4375204,2.9950999887660146
1,38,completed,89179.4345886,89179.4364302,89179.4379524,3.3638000022619963
4,38,completed,89179.4346357,89179.4365574,89179.4384234,3.787699999520555
2,38,completed,89179.4347211,89179.4366472,89179.4388481,4.12700000742916
3,38,completed,89179.4348213,89179.4366865,89179.4392612,4.439899988938123
4,39,completed,89179.4655444,89179.4670603,89179.4681771,2.632700008689426
3,39,completed,89179.465554,89179.4672079,89179.4688295,3.275499999290332
2,39,completed,89179.4656348,89179.4672454,89179.4694991,3.864300000714138
5,39,completed,89179.4656003,89179.4673487,89179.4701076,4.507300007389858
1,39,completed,89179.4656804,89179.467367,89179.470715,5.034600006183609
0,39,completed,89179.4658301,89179.4677392,89179.4713478,5.517700003110804
4,40,completed,89179.4966975,89179.4983493,89179.4992481,2.55059999471996
2,40,completed,89179.4966977,89179.4984066,89179.4998764,3.1787000043550506
1,40,completed,89179.4967763,89179.4985039,89179.5004007,3.624399992986582
0,40,completed,89179.4968457,89179.4985726,89179.5010403,4.194599998299964
5,40,completed,89179.4967391,89179.4986875,89179.5016186,4.879500003880821
3,40,completed,89179.4969178,89179.498749,89179.5022303,5.312499997671694
0,41,completed,89179.5439549,89179.5457635,89179.5466821,2.727200000663288
2,41,completed,89179.5439482,89179.5458084,89179.5473483,3.4001000021817163
3,41,completed,89179.5440188,89179.5458478,89179.5480011,3.9822999970056117
5,41,completed,89179.5441462,89179.5459677,89179.5486823,4.536099993856624
1,41,completed,89179.5439844,89179.5460319,89179.5493713,5.386899996665306
4,41,completed,89179.5440946,89179.5460748,89179.5499979,5.903299999772571
0,42,completed,89179.5744498,89179.5762041,89179.5771985,2.748700004303828
2,42,completed,89179.5744498,89179.5762748,89179.5778807,3.4309000038774684
1,42,completed,89179.574501,89179.5765358,89179.5784713,3.970300007495098
3,42,completed,89179.5744896,89179.576529,89179.5791101,4.620500010787509
5,42,completed,89179.5746345,89179.576602,89179.5797985,5.164000001968816
4,42,completed,89179.5746616,89179.5766468,89179.5805085,5.846900006872602
0,43,completed,89179.6055811,89179.6075785,89179.6083668,2.7857000095536932
4,43,completed,89179.6055414,89179.6075456,89179.6089999,3.458499995758757
3,43,completed,89179.6055192,89179.6075265,89179.609634,4.114799987291917
2,43,completed,89179.605622,89179.6076521,89179.6102324,4.610399992088787
5,43,completed,89179.6057159,89179.6076842,89179.6108319,5.116000000271015
1,43,completed,89179.6056769,89179.6077209,89179.6114546,5.777700003818609
0,44,completed,89179.6367222,89179.6384714,89179.6394677,2.7455000090412796
5,44,completed,89179.636746,89179.6386463,89179.6401535,3.4075000003213063
2,44,completed,89179.6368757,89179.6387477,89179.640768,3.892299995641224
1,44,completed,89179.6367032,89179.6387801,89179.6413438,4.640600003767759
3,44,completed,89179.6368011,89179.6388648,89179.6420071,5.206000001635402
4,44,completed,89179.6369142,89179.63892,89179.6426715,5.757299994002096
3,45,completed,89179.6680185,89179.6697912,89179.670759,2.740500000072643
4,45,completed,89179.6680314,89179.6698686,89179.6714565,3.4251000033691525
5,45,completed,89179.6680512,89179.6699303,89179.6721073,4.0560999914305285
0,45,completed,89179.6681596,89179.6699641,89179.6727714,4.611800002749078
1,45,completed,89179.6680873,89179.6700853,89179.6734113,5.323999997926876
2,45,completed,89179.6681106,89179.670119,89179.6740096,5.89899999613408
1,46,completed,89179.6998448,89179.701649,89179.7024271,2.582300003268756
4,46,completed,89179.6998063,89179.701583,89179.7030955,3.2891999871935695
3,46,completed,89179.6997632,89179.7017911,89179.7037253,3.962100003263913
5,46,completed,89179.6997576,89179.7017932,89179.7043364,4.578799998853356
2,46,completed,89179.6999259,89179.7017641,89179.7049101,4.9842000007629395
0,46,completed,89179.6998852,89179.7017541,89179.7054893,5.604100006166846
0,47,completed,89179.7309791,89179.7327159,89179.7337187,2.739599993219599
3,47,completed,89179.7309698,89179.7328146,89179.7344248,3.4549999982118607
2,47,completed,89179.7309982,89179.7330543,89179.7350626,4.0643999964231625
5,47,completed,89179.7310504,89179.733114,89179.7356861,4.6356999955605716
1,47,completed,89179.7310692,89179.7331289,89179.7363241,5.254899995634332
4,47,completed,89179.7311314,89179.7331574,89179.7369297,5.798300000606105
0,48,completed,89179.762883,89179.7633921,89179.7642323,1.349300000583753
1,48,completed,89179.7787228,89179.7806577,89179.7816143,2.891500000259839
4,48,completed,89179.7787847,89179.7807375,89179.7825762,3.7914999993517995
3,48,completed,89179.7786682,89179.7806536,89179.7833337,4.6655000041937456
2,48,completed,89179.7786832,89179.7808468,89179.7841072,5.424000002676621
5,48,completed,89179.7786678,89179.7808509,89179.7848593,6.191499996930361
3,49,completed,89179.8099054,89179.8125804,89179.8133285,3.423099988140166
2,49,completed,89179.8098597,89179.8125085,89179.814066,4.206300000078045
0,49,completed,89179.8099434,89179.8126146,89179.8147419,4.798499998287298
5,49,completed,89179.8098596,89179.8125365,89179.8154605,5.600899996352382
1,49,completed,89179.8098962,89179.812592,89179.8161384,6.242200004635379
4,49,completed,89179.8100172,89179.8126553,89179.8168281,6.81089999852702
1,50,completed,89179.8413536,89179.8437015,89179.8448715,3.517899996950291
3,50,completed,89179.841405,89179.8437106,89179.8455914,4.186399994068779
5,50,completed,89179.8416349,89179.8440176,89179.8463117,4.676800002926029
2,50,completed,89179.8413532,89179.8440907,89179.8472312,5.877999996300787
4,50,completed,89179.8414015,89179.8440747,89179.8479511,6.549600002472289
0,50,completed,89179.8414762,89179.8441292,89179.8486928,7.216600002720952
4,51,completed,89179.872133,89179.8741279,89179.8751299,2.9969000024721026
5,51,completed,89179.8721077,89179.8740896,89179.8757894,3.6817000072915107
2,51,completed,89179.8721115,89179.874366,89179.8765904,4.478900009416975
0,51,completed,89179.8721724,89179.8744308,89179.8772684,5.0959999935003
3,51,completed,89179.8722016,89179.8744872,89179.877925,5.723399997805245
1,51,completed,89179.8722807,89179.8744972,89179.8786462,6.365499997627921
4,52,completed,89179.9072827,89179.9095104,89179.9104078,3.125099989119917
2,52,completed,89179.9072662,89179.9095317,89179.9111448,3.8786000077379867
1,52,completed,89179.9074886,89179.9096759,89179.9118071,4.3184999958612025
0,52,completed,89179.9074839,89179.909691,89179.9124355,4.9515999999130145
5,52,completed,89179.9072659,89179.9097266,89179.9131016,5.835700008901767
3,52,completed,89179.9072978,89179.9097535,89179.9137474,6.449599997722544
0,53,completed,89179.9392178,89179.9411947,89179.9421,2.882200002204627
2,53,completed,89179.9392449,89179.9412474,89179.9428059,3.5610000049928203
5,53,completed,89179.9392822,89179.9413305,89179.9434221,4.139900003792718
1,53,completed,89179.9392249,89179.9414577,89179.9440337,4.808800003957003
3,53,completed,89179.9393406,89179.9414472,89179.9447152,5.3746000048704445
4,53,completed,89179.939381,89179.9415198,89179.9454143,6.033300000126474
1,54,completed,89179.9704614,89179.9726972,89179.9737542,3.2928000000538304
3,54,completed,89179.9705645,89179.9727937,89179.9745903,4.025799993542023
4,54,completed,89179.9705981,89179.9728378,89179.9753989,4.800800001248717
2,54,completed,89179.9706494,89179.9728654,89179.9761423,5.492900003446266
0,54,completed,89179.9704346,89179.972878,89179.9768116,6.376999997883104
5,54,completed,89179.9704346,89179.9729101,89179.97755,7.115399988833815
0,55,completed,89180.0042856,89180.0064119,89180.007513,3.227400011382997
4,55,completed,89180.0045036,89180.0067202,89180.0082824,3.7788000045111403
1,55,completed,89180.0045385,89180.0067198,89180.0090468,4.5083000004524365
5,55,completed,89180.004286,89180.0067713,89180.0098358,5.549800000153482
2,55,completed,89180.0042859,89180.0068005,89180.0106235,6.337600003462285
3,55,completed,89180.0045942,89180.0067842,89180.0113843,6.790100000216626
5,56,completed,89180.0413015,89180.0435128,89180.0444236,3.1221000099321827
1,56,completed,89180.0413281,89180.043547,89180.0451961,3.8680000143358484
3,56,completed,89180.041305,89180.04354,89180.0458653,4.560299988952465
2,56,completed,89180.041513,89180.0436727,89180.046579,5.065999997896142
4,56,completed,89180.0414466,89180.0436559,89180.0472291,5.7825000112643465
0,56,completed,89180.0414658,89180.0436772,89180.0479193,6.453500012867153
0,57,completed,89180.07273,89180.0747844,89180.075847,3.117000000202097
4,57,completed,89180.0727813,89180.0749629,89180.0766331,3.8518000073963776
1,57,completed,89180.0728292,89180.0750201,89180.0773065,4.477299997233786
3,57,completed,89180.0729203,89180.0750336,89180.0780409,5.120600006193854
2,57,completed,89180.0727464,89180.0750977,89180.0786781,5.9317000122973695
5,57,completed,89180.0728779,89180.0751621,89180.0792964,6.418499993742444
3,58,completed,89180.1040837,89180.1060469,89180.107138,3.0543000029865652
5,58,completed,89180.1043209,89180.1063263,89180.1078776,3.5567000013543293
1,58,completed,89180.1041269,89180.1063471,89180.1085751,4.448200008482672
4,58,completed,89180.1041503,89180.106405,89180.1092187,5.068400001619011
0,58,completed,89180.1041328,89180.1064457,89180.1098798,5.747000002884306
2,58,completed,89180.1044384,89180.106506,89180.1105311,6.092700001318008
4,59,completed,89180.136062,89180.1379813,89180.1391276,3.065600001718849
5,59,completed,89180.1361069,89180.1383945,89180.1398136,3.706700008478947
2,59,completed,89180.1360644,89180.1383751,89180.1404544,4.390000001876615
0,59,completed,89180.1361305,89180.1384507,89180.1411206,4.990100002032705
3,59,completed,89180.1365866,89180.1384577,89180.1417572,5.1706000085687265
1,59,completed,89180.1360577,89180.1384706,89180.1424346,6.3768999971216545
5,60,completed,89180.1673424,89180.1693285,89180.1703864,3.0439999973168597
2,60,completed,89180.1673907,89180.1694561,89180.1710613,3.6706000100821257
3,60,completed,89180.167695,89180.1696516,89180.1717171,4.022100009024143
0,60,completed,89180.1677162,89180.169686,89180.1722881,4.571900004521012
1,60,completed,89180.1673479,89180.1696472,89180.1729111,5.5632000003242865
4,60,completed,89180.1674851,89180.1696993,89180.1735474,6.062300002668053
0,61,completed,89180.1981612,89180.2002845,89180.2011795,3.0183000053511932
4,61,completed,89180.1981776,89180.2003464,89180.2018351,3.657499997643754
2,61,completed,89180.1982292,89180.200397,89180.2024729,4.243699993821792
3,61,completed,89180.1983497,89180.2004733,89180.2031249,4.775199995492585
1,61,completed,89180.1981663,89180.2005434,89180.2037233,5.556999996770173
5,61,completed,89180.1982909,89180.2005882,89180.2043234,6.032499994034879
3,62,completed,89180.2296705,89180.232092,89180.2329576,3.287100000306964
2,62,completed,89180.2297346,89180.2322212,89180.2336036,3.8690000073984265
4,62,completed,89180.2297909,89180.2322741,89180.2342286,4.437700001290068
1,62,completed,89180.2296748,89180.2322222,89180.2348468,5.172000004677102
0,62,completed,89180.2298018,89180.2322807,89180.2355226,5.720800007111393
5,62,completed,89180.2297507,89180.2322998,89180.2361433,6.3926000002538785
1,63,completed,89180.2770839,89180.2796123,89180.2804777,3.3937999978661537
2,63,completed,89180.2771185,89180.2797162,89180.2811482,4.029699994134717
0,63,completed,89180.2770885,89180.2796822,89180.2817962,4.7076999908313155
4,63,completed,89180.2771606,89180.2797236,89180.2826539,5.493299991940148
5,63,completed,89180.2771799,89180.2797159,89180.2834438,6.263899995246902
3,63,completed,89180.2772155,89180.2797728,89180.2841267,6.911200005561113
3,64,completed,89180.3080854,89180.3106089,89180.3113523,3.2669000065652654
0,64,completed,89180.3080796,89180.3105766,89180.3120311,3.9514999953098595
2,64,completed,89180.3080794,89180.3105686,89180.3125786,4.499200003920123
4,64,completed,89180.308165,89180.3106553,89180.3132167,5.051700005424209
1,64,completed,89180.3082398,89180.310686,89180.3138244,5.584600003203377
5,64,completed,89180.3081872,89180.3106809,89180.3145051,6.317899998975918
1,65,completed,89180.3401251,89180.3423534,89180.3432574,3.1323000002885237
4,65,completed,89180.3401265,89180.3423787,89180.3439328,3.8062999956309795
2,65,completed,89180.3401493,89180.3424984,89180.3445637,4.414399998495355
0,65,completed,89180.3403028,89180.3425113,89180.3452796,4.976800002623349
5,65,completed,89180.3401811,89180.3425993,89180.3459326,5.751500008045696
3,65,completed,89180.3402085,89180.3426147,89180.346616,6.407499997294508
3,66,completed,89180.3715903,89180.3738695,89180.374835,3.24469999759458
1,66,completed,89180.3715905,89180.3738711,89180.3755531,3.96260000707116
4,66,completed,89180.371647,89180.3739669,89180.3762109,4.563899987260811
2,66,completed,89180.3717658,89180.3740242,89180.3769122,5.14639999892097
5,66,completed,89180.3716135,89180.3741265,89180.3775506,5.937099995207973
0,66,completed,89180.3716794,89180.3741965,89180.3782858,6.6063999984180555
4,67,completed,89180.4027769,89180.4051966,89180.4063083,3.531399997882545
5,67,completed,89180.4028363,89180.4053039,89180.4072103,4.374000011011958
2,67,completed,89180.4028002,89180.4054512,89180.4079208,5.120600006193854
1,67,completed,89180.4027798,89180.405483,89180.4085944,5.81459999375511
3,67,completed,89180.4029552,89180.4055122,89180.4092618,6.306600000243634
0,67,completed,89180.4029586,89180.4056062,89180.4099064,6.947800007765181
5,68,completed,89180.4438801,89180.4462536,89180.4472868,3.4066999942297116
1,68,completed,89180.4440767,89180.446446,89180.4479845,3.9077999972505495
2,68,completed,89180.4438803,89180.4465272,89180.4487962,4.9159000045619905
3,68,completed,89180.4438877,89180.4465245,89180.4494727,5.584999991697259
0,68,completed,89180.4439279,89180.4465831,89180.450204,6.276099986280315
4,68,completed,89180.4440328,89180.4466159,89180.4509073,6.874499988043681
1,69,completed,89180.4748658,89180.4771718,89180.4780234,3.157600003760308
0,69,completed,89180.4748063,89180.4771791,89180.4787529,3.9466000016545877
3,69,completed,89180.4748066,89180.4771098,89180.4794045,4.597899998771027
2,69,completed,89180.4748284,89180.4771362,89180.4801549,5.326500002411194
4,69,completed,89180.4749028,89180.4773668,89180.4808779,5.9751000080723315
5,69,completed,89180.4749277,89180.4773739,89180.4817066,6.778900002245791
4,70,completed,89180.5059372,89180.5082662,89180.5091067,3.1695000070612878
5,70,completed,89180.5059484,89180.5083116,89180.5098567,3.908300001057796
2,70,completed,89180.5059061,89180.508172,89180.5104961,4.58999999682419
3,70,completed,89180.5059063,89180.508343,89180.5112284,5.322100012563169
0,70,completed,89180.5061283,89180.5084214,89180.5118983,5.770000003394671
1,70,completed,89180.5060044,89180.5085296,89180.5125529,6.548500008648261
3,71,completed,89180.5375172,89180.5397652,89180.5406045,3.0872999923303723
0,71,completed,89180.5375216,89180.539761,89180.5412837,3.762100008316338
1,71,completed,89180.5375498,89180.5399621,89180.5417907,4.240899987053126
5,71,completed,89180.5376382,89180.5400732,89180.5422649,4.626699999789707
4,71,completed,89180.5379267,89180.5401394,89180.5428456,4.91889999830164
2,71,completed,89180.5376162,89180.5400592,89180.5433469,5.730699995183386
3,72,completed,89180.569055,89180.5711854,89180.5722102,3.155200000037439
0,72,completed,89180.5690538,89180.5714052,89180.5728313,3.777499994612299
2,72,completed,89180.5690814,89180.5714621,89180.5735742,4.492799998843111
1,72,completed,89180.5690936,89180.5715254,89180.5741297,5.036100003053434
5,72,completed,89180.5691244,89180.5715055,89180.5746776,5.553199996938929
4,72,completed,89180.5698349,89180.5716379,89180.5752257,5.390799997258
4,73,completed,89180.600729,89180.6028468,89180.6038919,3.162900000461377
5,73,completed,89180.6007434,89180.6029983,89180.604567,3.823599996394478
1,73,completed,89180.6007323,89180.6030251,89180.6052813,4.549000004772097
2,73,completed,89180.6008099,89180.6029983,89180.6059744,5.164499991224147
3,73,completed,89180.6009236,89180.6031733,89180.6066786,5.755000005592592
0,73,completed,89180.6008698,89180.6031889,89180.6074665,6.596700011868961
1,74,completed,89180.6333831,89180.6353073,89180.6369191,3.536000003805384
4,74,completed,89180.6335252,89180.635487,89180.6376567,4.131499998038635
5,74,completed,89180.6334086,89180.6358208,89180.638233,4.824400006327778
3,74,completed,89180.6333545,89180.6359055,89180.6390451,5.690600009984337
2,74,completed,89180.6334872,89180.6360169,89180.6397475,6.260299996938556
0,74,completed,89180.6333604,89180.6361336,89180.6403696,7.009200009633787
0,75,completed,89180.6639785,89180.6658588,89180.6671964,3.217899997252971
2,75,completed,89180.663947,89180.6657664,89180.667943,3.9959999994607642
3,75,completed,89180.6643183,89180.6663739,89180.6686538,4.335500008892268
4,75,completed,89180.664419,89180.6664473,89180.6692616,4.842599999392405
1,75,completed,89180.6644777,89180.6664747,89180.6699114,5.433699989225715
5,75,completed,89180.6643985,89180.6664654,89180.670454,6.055500009097159
3,76,completed,89180.7111106,89180.7132878,89180.7141665,3.0559000006178394
0,76,completed,89180.7111329,89180.7133793,89180.7148763,3.743399996892549
2,76,completed,89180.711081,89180.713495,89180.7155399,4.45890000264626
1,76,completed,89180.7110944,89180.713605,89180.7162256,5.131199999595992
5,76,completed,89180.7112598,89180.7136194,89180.7167188,5.459000007249415
4,76,completed,89180.711205,89180.71363,89180.7171888,5.983800001558848
3,77,completed,89180.742536,89180.7447784,89180.7457646,3.2285999914165586
4,77,completed,89180.742785,89180.7450218,89180.7462784,3.4933999995701015
2,77,completed,89180.742814,89180.7450357,89180.7469048,4.0908000082708895
0,77,completed,89180.7425354,89180.7450887,89180.7475497,5.014299997128546
5,77,completed,89180.7425359,89180.7451196,89180.7480417,5.505799999809824
1,77,completed,89180.7428499,89180.7451499,89180.7487024,5.852500005858019
1,78,completed,89180.7720318,89180.7742087,89180.774997,2.9651999939233065
2,78,completed,89180.7718838,89180.7741809,89180.7756263,3.7425000045914203
0,78,completed,89180.7718805,89180.774237,89180.7762283,4.34780000068713
4,78,completed,89180.7719995,89180.7743024,89180.7767217,4.722199999378063
3,78,completed,89180.7719376,89180.7742993,89180.7773233,5.38570000207983
5,78,completed,89180.7719457,89180.7742954,89180.7778146,5.868899999768473
0,79,completed,89180.8031145,89180.8048609,89180.8060902,2.9757000011159107
5,79,completed,89180.8031623,89180.8050433,89180.8065759,3.41360000311397
1,79,completed,89180.8031716,89180.8050791,89180.8072797,4.108100009034388
3,79,completed,89180.8032724,89180.8051576,89180.8079828,4.710400011390448
2,79,completed,89180.8033052,89180.8051721,89180.8086761,5.3709000058006495
4,79,completed,89180.8032008,89180.8052514,89180.809225,6.02420000359416
0,80,completed,89180.8355495,89180.8374193,89180.8387155,3.165999994962476
5,80,completed,89180.8361102,89180.8382257,89180.8392057,3.095499996561557
2,80,completed,89180.8361257,89180.8382341,89180.8397899,3.6641999904531986
4,80,completed,89180.8360806,89180.8381974,89180.8402593,4.178700008196756
1,80,completed,89180.8361038,89180.8381981,89180.8408787,4.774899993208237
3,80,completed,89180.8362383,89180.8382583,89180.8415352,5.296899995300919
5,81,completed,89180.8712829,89180.8731901,89180.8740341,2.751199994236231
0,81,completed,89180.8713542,89180.8734516,89180.8747236,3.3694000012474135
1,81,completed,89180.8713846,89180.873414,89180.8752651,3.8804999931016937
4,81,completed,89180.8714321,89180.873443,89180.8757272,4.29509999230504
3,81,completed,89180.8712836,89180.8735682,89180.8764686,5.185000001802109
2,81,completed,89180.8712957,89180.8735706,89180.8771465,5.8508000074652955
4,82,completed,89180.90718,89180.9092103,89180.9099789,2.798900008201599
2,82,completed,89180.907237,89180.9093165,89180.9106243,3.3872999920276925
0,82,completed,89180.9073306,89180.9094255,89180.9112382,3.907599995727651
1,82,completed,89180.9072528,89180.9093994,89180.9118685,4.615700003341772
3,82,completed,89180.9072926,89180.9094768,89180.9125642,5.27160000638105
5,82,completed,89180.9072018,89180.9095356,89180.9131698,5.967999997665174
3,83,completed,89180.9318419,89180.9336785,89180.9345883,2.7464000013424084
0,83,completed,89180.9318198,89180.9337933,89180.9351949,3.37510000099428
4,83,completed,89180.9318939,89180.9339767,89180.9356221,3.728200012119487
5,83,completed,89180.9319184,89180.9339926,89180.9360052,4.086799992364831
2,83,completed,89180.9319865,89180.9339787,89180.9365778,4.591300006723031
1,83,completed,89180.9320387,89180.934034,89180.9371321,5.0934000028064474
3,84,completed,89180.9704393,89180.9721784,89180.9730685,2.6291999965906143
5,84,completed,89180.970422,89180.9722603,89180.9735859,3.1639000080758706
2,84,completed,89180.9705604,89180.9724102,89180.974194,3.633599990280345
1,84,completed,89180.9706218,89180.9725015,89180.9747878,4.165999998804182
0,84,completed,89180.9704706,89180.9724766,89180.9753904,4.919799990602769
4,84,completed,89180.9704846,89180.9726188,89180.9758591,5.374500004108995
1,85,completed,89181.0020004,89181.004031,89181.0049309,2.930500006186776
4,85,completed,89181.001983,89181.004176,89181.0054479,3.464900000835769
3,85,completed,89181.0020582,89181.0042194,89181.0061203,4.062099993461743
2,85,completed,89181.0021029,89181.0042669,89181.0067689,4.665999993449077
5,85,completed,89181.0021326,89181.0042869,89181.0072437,5.111100006615743
0,85,completed,89181.0021829,89181.0042971,89181.0078506,5.667699995683506
2,86,completed,89181.0339282,89181.0357982,89181.036657,2.728799998294562
0,86,completed,89181.0339873,89181.0359556,89181.0372747,3.2873999880393967
1,86,completed,89181.0339333,89181.0359757,89181.0379086,3.975300001911819
5,86,completed,89181.0339595,89181.0360608,89181.0384061,4.446599996299483
3,86,completed,89181.0341279,89181.0360814,89181.0389841,4.856200001086108
4,86,completed,89181.0340237,89181.0361107,89181.0394311,5.407399992691353
3,87,completed,89181.0658108,89181.0677981,89181.068677,2.8661999967880547
0,87,completed,89181.0658797,89181.0679318,89181.0693202,3.4404999896651134
1,87,completed,89181.0658209,89181.0679825,89181.0699614,4.140500008361414
4,87,completed,89181.0659026,89181.0680188,89181.0704065,4.503899996052496
5,87,completed,89181.0660337,89181.0680754,89181.0708843,4.850600002100691
2,87,completed,89181.0659978,89181.0680498,89181.0714916,5.493799995747395
0,88,completed,89181.0978947,89181.0998676,89181.1006913,2.7966000052401796
3,88,completed,89181.0979284,89181.0999795,89181.1013272,3.398799992282875
2,88,completed,89181.0978908,89181.0999558,89181.1019251,4.034300000057556
4,88,completed,89181.0979794,89181.1000679,89181.102398,4.418600001372397
1,88,completed,89181.0980394,89181.1001253,89181.103048,5.00859999738168
5,88,completed,89181.0981501,89181.1001582,89181.10351,5.359899994800799
5,89,completed,89181.129669,89181.1316234,89181.1323955,2.7264999953331426
2,89,completed,89181.1298082,89181.1319233,89181.1329843,3.176099999109283
1,89,completed,89181.129895,89181.1319483,89181.1335669,3.6718999908771366
4,89,completed,89181.1297641,89181.1319,89181.1340326,4.268500008038245
3,89,completed,89181.1296717,89181.1319475,89181.1347145,5.042800010414794
0,89,completed,89181.1297048,89181.1319768,89181.135361,5.656199995428324
3,90,completed,89181.1770094,89181.1791487,89181.1800209,3.0115000117802992
0,90,completed,89181.176989,89181.1791079,89181.1806972,3.708200005348772
1,90,completed,89181.1770461,89181.179299,89181.1813376,4.29150000854861
5,90,completed,89181.1770812,89181.1793572,89181.1818833,4.8020999965956435
2,90,completed,89181.1771701,89181.1793774,89181.18256,5.389900004956871
4,90,completed,89181.1771493,89181.1794002,89181.1831041,5.954799999017268
0,91,completed,89181.1957271,89181.1964273,89181.1970581,1.3310000067576766
3,91,completed,89181.1957167,89181.1964227,89181.1977124,1.9957000040449202
4,91,completed,89181.2114147,89181.2128411,89181.2134818,2.0671000092988834
5,91,completed,89181.2114899,89181.2129976,89181.2139741,2.484199998434633
2,91,completed,89181.2115209,89181.2130008,89181.2145824,3.0614999996032566
1,91,completed,89181.2114475,89181.2129559,89181.2152193,3.7717999948654324
1,92,completed,89181.242379,89181.2444009,89181.2452818,2.9027999989921227
2,92,completed,89181.2423228,89181.244536,89181.245894,3.5712000099010766
0,92,completed,89181.2424213,89181.2445019,89181.246505,4.083699997863732
3,92,completed,89181.2425626,89181.2446084,89181.2471147,4.552099999273196
5,92,completed,89181.2424512,89181.244596,89181.2476044,5.153200007043779
4,92,completed,89181.2424296,89181.2446859,89181.2480657,5.6361000024480745
5,93,completed,89181.2735075,89181.2745928,89181.2761162,2.6087000005645677
1,93,completed,89181.2735672,89181.2752665,89181.2767895,3.2223000016529113
3,93,completed,89181.2736659,89181.275384,89181.2773981,3.73220001347363
2,93,completed,89181.2741784,89181.2758669,89181.2780905,3.9121000008890405
4,93,completed,89181.2742222,89181.2758922,89181.2785698,4.347599999164231
0,93,completed,89181.2742098,89181.2758786,89181.2791878,4.977999997208826
2,94,completed,89181.3045706,89181.3062961,89181.308093,3.522400002111681
3,94,completed,89181.3049169,89181.3074158,89181.3086039,3.68700000399258
1,94,completed,89181.3052307,89181.3074376,89181.3091861,3.955399995902553
5,94,completed,89181.3053006,89181.3074573,89181.3096367,4.336099998909049
4,94,completed,89181.305186,89181.3076179,89181.3101454,4.959400001098402
0,94,completed,89181.3051547,89181.3076036,89181.310796,5.641299998387694
4,95,completed,89181.3367611,89181.3400754,89181.3407547,3.9935999957378954
5,95,completed,89181.3367859,89181.3401474,89181.3412498,4.463899997062981
2,95,completed,89181.3368076,89181.3401688,89181.3419048,5.097200002637692
1,95,completed,89181.3369275,89181.3402279,89181.3425132,5.585699997027405
0,95,completed,89181.3370886,89181.3402749,89181.3430964,6.007799995131791
3,95,completed,89181.3370216,89181.3402765,89181.3435192,6.497599999420345
0,96,completed,89181.3685293,89181.3703256,89181.3712915,2.762200005236082
3,96,completed,89181.3686031,89181.370493,89181.3719354,3.332300009788014
2,96,completed,89181.3685646,89181.3704534,89181.3726287,4.06410000869073
1,96,completed,89181.3686521,89181.3705567,89181.3732067,4.554599989205599
4,96,completed,89181.368745,89181.3706077,89181.3736587,4.91370000236202
5,96,completed,89181.3688281,89181.3706447,89181.3741482,5.320099997334182
5,97,completed,89181.3995943,89181.4012005,89181.402268,2.673700000741519
1,97,completed,89181.3997228,89181.4014883,89181.4028861,3.1633000035071746
3,97,completed,89181.3999303,89181.4017621,89181.4035115,3.581199998734519
2,97,completed,89181.3999662,89181.4018309,89181.4041662,4.199999995762482
4,97,completed,89181.4000684,89181.4018706,89181.4048277,4.759299990837462
0,97,completed,89181.4000412,89181.401889,89181.4054836,5.442399997264147
2,98,completed,89181.4330915,89181.435019,89181.4358774,2.7858999965246767
4,98,completed,89181.433084,89181.4350175,89181.4365161,3.4320999984629452
3,98,completed,89181.4331299,89181.4350949,89181.4371346,4.00469999294728
1,98,completed,89181.433178,89181.4351583,89181.4377534,4.575399987515993
0,98,completed,89181.4333288,89181.4352348,89181.4383149,4.986100000678562
5,98,completed,89181.4333633,89181.4352476,89181.4388345,5.471199998282827
0,99,completed,89181.475397,89181.4771451,89181.477974,2.5769999920157716
4,99,completed,89181.4754875,89181.4772576,89181.4787019,3.2143999997060746
2,99,completed,89181.475238,89181.4772076,89181.4793285,4.0905000059865415
3,99,completed,89181.4754682,89181.4772632,89181.4799429,4.474699991988018
1,99,completed,89181.4752384,89181.4772373,89181.4805763,5.337900001904927
5,99,completed,89181.4755172,89181.4772641,89181.4809329,5.415699997683987
1,100,completed,89181.5069663,89181.5074145,89181.5094323,2.4659999908180907
3,100,completed,89181.5073033,89181.5087803,89181.5101349,2.8316000098129734
0,100,completed,89181.5075426,89181.5089749,89181.5107285,3.185900000971742
4,100,completed,89181.5076325,89181.5091305,89181.5113687,3.7362000002758577
5,100,completed,89181.5076074,89181.5092936,89181.5118736,4.266200005076826
2,100,completed,89181.5075195,89181.5093367,89181.5125051,4.98560001142323
5,101,completed,89181.5390404,89181.5410628,89181.5417994,2.7589999954216182
1,101,completed,89181.538999,89181.541176,89181.5424877,3.4887000074377283
0,101,completed,89181.5392497,89181.541271,89181.5431067,3.8570000033359975
3,101,completed,89181.539289,89181.541299,89181.5437489,4.459900010260753
2,101,completed,89181.5393706,89181.541325,89181.5443825,5.011899993405677
4,101,completed,89181.5390884,89181.541342,89181.5451071,6.018700005370192
0,102,completed,89181.5711796,89181.5728494,89181.5736053,2.425700004096143
1,102,completed,89181.5711756,89181.5728609,89181.5742494,3.0738000059500337
3,102,completed,89181.57124,89181.5729117,89181.5748708,3.630799998063594
2,102,completed,89181.5712737,89181.5729259,89181.5754733,4.1996000072686
5,102,completed,89181.5711482,89181.573002,89181.5759574,4.8091999924508855
4,102,completed,89181.5711486,89181.5730018,89181.5765884,5.4398000065702945
4,103,completed,89181.6022333,89181.6043613,89181.6054613,3.228000001399778
0,103,completed,89181.6022823,89181.6044706,89181.6061212,3.8389000110328197
3,103,completed,89181.6026994,89181.6048942,89181.6067649,4.065500004799105
5,103,completed,89181.6027093,89181.604899,89181.6072373,4.528000004938804
1,103,completed,89181.6028076,89181.6049171,89181.6079011,5.093500003567897
2,103,completed,89181.6027797,89181.6049128,89181.6085967,5.8169999974779785
0,104,completed,89181.6348235,89181.6376959,89181.6390246,4.20109998958651
2,104,completed,89181.6352569,89181.6382337,89181.6398133,4.556400002911687
5,104,completed,89181.6352416,89181.6382348,89181.640364,5.122400005348027
1,104,completed,89181.6353771,89181.6382891,89181.6410267,5.649600003380328
3,104,completed,89181.6354045,89181.6382993,89181.6416292,6.224700002348982
4,104,completed,89181.6353064,89181.6382704,89181.6422828,6.976400007260963
3,105,completed,89181.6663935,89181.668611,89181.6695945,3.20099999953527
5,105,completed,89181.6665283,89181.668873,89181.6701445,3.6162000033073127
1,105,completed,89181.6667801,89181.6691035,89181.670644,3.863899997668341
4,105,completed,89181.6668175,89181.6691246,89181.6712454,4.427899999427609
0,105,completed,89181.6668759,89181.669365,89181.6717008,4.82489999558311
2,105,completed,89181.6668872,89181.669365,89181.6721635,5.276299998513423
4,106,completed,89181.6972991,89181.6998749,89181.7015397,4.2406000138726085
5,106,completed,89181.6978985,89181.7010303,89181.7020792,4.1806999943219125
3,106,completed,89181.6980297,89181.7010711,89181.702599,4.569299999275245
0,106,completed,89181.6975355,89181.7010794,89181.703085,5.549499997869134
2,106,completed,89181.6979816,89181.701065,89181.7035689,5.587300009210594
1,106,completed,89181.6975625,89181.7010557,89181.7039799,6.417399999918416
5,107,completed,89181.7289454,89181.72958,89181.7300855,1.140100008342415
0,107,completed,89181.7441711,89181.7458791,89181.7465004,2.3292999976547435
2,107,completed,89181.7441351,89181.7458577,89181.7470343,2.899200000683777
3,107,completed,89181.7441406,89181.7458618,89181.7476061,3.465500005404465
4,107,completed,89181.7442904,89181.745922,89181.7482762,3.985799994552508
1,107,completed,89181.7443494,89181.7459417,89181.7487403,4.390899994177744
0,108,completed,89181.7765116,89181.7788679,89181.7794026,2.8910000110045075
1,108,completed,89181.7765115,89181.7788722,89181.7798549,3.343400006997399
4,108,completed,89181.7765324,89181.778849,89181.780424,3.8915999903110787
5,108,completed,89181.7766325,89181.778925,89181.780881,4.24850000126753
2,108,completed,89181.7767108,89181.7789503,89181.7813333,4.622499996912666
3,108,completed,89181.7768473,89181.7789896,89181.78176,4.912699994747527
1,109,completed,89181.804611,89181.8067082,89181.8074298,2.8187999996589497
4,109,completed,89181.8046867,89181.806855,89181.8081748,3.4881000028690323
0,109,completed,89181.804536,89181.806868,89181.8086499,4.113900009542704
3,109,completed,89181.8045154,89181.806836,89181.8091411,4.625700006727129
5,109,completed,89181.8047938,89181.8068966,89181.8095916,4.797800007509068
2,109,completed,89181.804641,89181.8068634,89181.8100404,5.399400004534982
2,110,completed,89181.8371567,89181.8390542,89181.8397461,2.589399999123998
4,110,completed,89181.8371901,89181.839098,89181.8404208,3.2306999928550795
3,110,completed,89181.8371585,89181.8391018,89181.840887,3.7284999998519197
0,110,completed,89181.8372245,89181.8391237,89181.8413573,4.132799993385561
5,110,completed,89181.8372747,89181.8391544,89181.8418928,4.6181000070646405
1,110,completed,89181.8373564,89181.8391839,89181.8423767,5.020299999159761
4,111,completed,89181.8690689,89181.8708842,89181.8718486,2.7796999929705635
1,111,completed,89181.8692674,89181.8712542,89181.8723532,3.0857999954605475
0,111,completed,89181.8691012,89181.8712742,89181.8728386,3.7373999948613346
2,111,completed,89181.8690579,89181.8712092,89181.8733035,4.24560000828933
3,111,completed,89181.8691331,89181.8713118,89181.8737591,4.625999994459562
5,111,completed,89181.8691896,89181.871313,89181.8741504,4.960800011758693
4,112,completed,89181.9010513,89181.9030488,89181.9037439,2.6925999991362914
0,112,completed,89181.9008974,89181.9030383,89181.9042287,3.3313000021735206
1,112,completed,89181.9009075,89181.9030341,89181.9046656,3.75809999241028
2,112,completed,89181.9009476,89181.9030025,89181.9051234,4.175800000666641
3,112,completed,89181.9008971,89181.9030949,89181.905572,4.674900003010407
5,112,completed,89181.9010067,89181.9031161,89181.9059984,4.991699999663979
0,113,completed,89181.932324,89181.9343689,89181.935065,2.74100000387989
5,113,completed,89181.9323726,89181.9345238,89181.9355362,3.1636000057915226
1,113,completed,89181.9323626,89181.9344639,89181.9359768,3.614200002630241
4,113,completed,89181.9325507,89181.9346201,89181.9365226,3.9718999905744568
2,113,completed,89181.9324946,89181.9346078,89181.9369757,4.48109999706503
3,113,completed,89181.9324569,89181.9346112,89181.9374029,4.946000000927597
4,114,completed,89181.964276,89181.9660684,89181.9669849,2.7089000068372115
5,114,completed,89181.9643792,89181.9662366,89181.9675145,3.1352999940281734
1,114,completed,89181.9643064,89181.9663108,89181.9680121,3.7057000008644536
0,114,completed,89181.9645166,89181.9664212,89181.9684814,3.96480000927113
3,114,completed,89181.9642662,89181.9664147,89181.9689763,4.7101000091061
2,114,completed,89181.9643517,89181.9664528,89181.9694223,5.070600003818981
0,115,completed,89181.9964408,89181.9984234,89181.9991603,2.71950000023935
3,115,completed,89181.9964278,89181.9985445,89181.9996292,3.2014000025810674
4,115,completed,89181.9965801,89181.9986812,89182.0002158,3.635699991718866
2,115,completed,89181.9964867,89181.9986581,89182.0006633,4.176600006758235
5,115,completed,89181.9965536,89181.9986927,89182.0011726,4.618999999365769
1,115,completed,89181.9966691,89181.9987191,89182.0016998,5.030700005590916
1,116,completed,89182.0326147,89182.0344333,89182.0353319,2.7171999972779304
0,116,completed,89182.0326525,89182.0347013,89182.0358622,3.2097000075737014
2,116,completed,89182.032693,89182.034762,89182.036328,3.635000000940636
4,116,completed,89182.0327528,89182.0347837,89182.0369258,4.1729999938979745
5,116,completed,89182.0328795,89182.0348375,89182.037388,4.508500001975335
3,116,completed,89182.03276,89182.0348556,89182.037856,5.0959999935003
3,117,completed,89182.0637763,89182.0657088,89182.066405,2.628700007335283
1,117,completed,89182.0637764,89182.0658178,89182.0669211,3.14470000739675
2,117,completed,89182.0638186,89182.0658177,89182.0673635,3.544899998814799
5,117,completed,89182.0639161,89182.0658657,89182.0677952,3.879099996993318
0,117,completed,89182.0638503,89182.0658672,89182.0682334,4.383100007544272
4,117,completed,89182.0640311,89182.0659828,89182.0688345,4.80339999194257
4,118,completed,89182.0954657,89182.0973376,89182.0982843,2.818599998136051
2,118,completed,89182.0954823,89182.097481,89182.0987955,3.3131999953184277
5,118,completed,89182.0955794,89182.0975235,89182.0992878,3.7083999923197553
1,118,completed,89182.0954704,89182.0975428,89182.0998451,4.374700001790188
3,118,completed,89182.095547,89182.0975605,89182.1003502,4.803199990419671
0,118,completed,89182.09568,89182.0977764,89182.1008439,5.163900001207367
5,119,completed,89182.1426198,89182.1444669,89182.1452196,2.599800005555153
2,119,completed,89182.1426192,89182.1445837,89182.1457091,3.08989999757614
1,119,completed,89182.1427115,89182.1446617,89182.1461815,3.4699999960139394
0,119,completed,89182.1426912,89182.1448081,89182.1466315,3.940299997339025
3,119,completed,89182.1428782,89182.144825,89182.1470603,4.182100004982203
4,119,completed,89182.1427656,89182.1447981,89182.1476297,4.864100003032945
1,120,completed,89182.1742891,89182.1761297,89182.1768697,2.5805999903241172
5,120,completed,89182.1742559,89182.1760911,89182.1773856,3.1297000095946714
3,120,completed,89182.1742409,89182.1761018,89182.1778456,3.6047000030521303
0,120,completed,89182.1744444,89182.176309,89182.1782999,3.8554999919142574
4,120,completed,89182.1743443,89182.1764577,89182.1789107,4.566399991745129
2,120,completed,89182.1743728,89182.1764533,89182.179391,5.01819999772124
1,121,completed,89182.2059701,89182.2079537,89182.2086263,2.656199998455122
2,121,completed,89182.2060537,89182.2080125,89182.2091107,3.056999994441867
3,121,completed,89182.2061263,89182.2081172,89182.2095796,3.453299999819137
4,121,completed,89182.2059922,89182.2081106,89182.2102176,4.225399999995716
0,121,completed,89182.2060625,89182.208124,89182.2106798,4.617300000973046
5,121,completed,89182.206161,89182.2081648,89182.2111505,4.989500012015924
3,122,completed,89182.2371825,89182.2391176,89182.2398664,2.6839000056497753
0,122,completed,89182.2371664,89182.2392428,89182.2403545,3.188100003171712
5,122,completed,89182.2371813,89182.2392677,89182.2408439,3.6625999928219244
4,122,completed,89182.2372141,89182.239331,89182.2414379,4.223800002364442
2,122,completed,89182.2372963,89182.2393553,89182.241908,4.611700001987629
1,122,completed,89182.2373641,89182.2394288,89182.2423866,5.022500001359731
0,123,completed,89182.2685109,89182.2707171,89182.2716492,3.1383000023197383
2,123,completed,89182.2686148,89182.2709651,89182.2721427,3.5279000003356487
4,123,completed,89182.26856,89182.2710425,89182.2727617,4.201700008707121
3,123,completed,89182.2688634,89182.2711284,89182.2733764,4.513000007136725
1,123,completed,89182.2687572,89182.2711429,89182.2737824,5.025200007366948
5,123,completed,89182.2687078,89182.2711334,89182.2742428,5.535000003874302
3,124,completed,89182.2996091,89182.3019506,89182.3029316,3.322500007925555
5,124,completed,89182.2996341,89182.3022365,89182.3034617,3.827599997748621
2,124,completed,89182.3002626,89182.3024504,89182.3040085,3.7459000013768673
0,124,completed,89182.3001957,89182.3024326,89182.3044667,4.271000012522563
4,124,completed,89182.3001693,89182.3024641,89182.3050646,4.895300007774495
1,124,completed,89182.2997614,89182.3024952,89182.3054907,5.72929999907501
3,125,completed,89182.3310265,89182.3329871,89182.3339484,2.921899998909794
0,125,completed,89182.3310389,89182.3330982,89182.3344859,3.44700001005549
2,125,completed,89182.3315039,89182.3333239,89182.33501,3.5060999944107607
4,125,completed,89182.3315077,89182.3333211,89182.3356416,4.1339000017615035
5,125,completed,89182.3310953,89182.3334672,89182.336105,5.009699991205707
1,125,completed,89182.3311572,89182.333479,89182.3365483,5.391099999542348
5,126,completed,89182.3785783,89182.3803867,89182.3812902,2.711900000576861
3,126,completed,89182.3786802,89182.3805815,89182.3820259,3.3457000099588186
2,126,completed,89182.378795,89182.3806283,89182.3826326,3.8376000011339784
4,126,completed,89182.3787511,89182.3806801,89182.3833184,4.567299998598173
1,126,completed,89182.3786147,89182.3807747,89182.3838126,5.197899998165667
0,126,completed,89182.3785503,89182.3807836,89182.3843404,5.790100010926835
2,127,completed,89182.4098607,89182.4117721,89182.4129027,3.041999996639788
3,127,completed,89182.4100057,89182.4120497,89182.4135463,3.540599995176308
0,127,completed,89182.4098384,89182.4121734,89182.4140706,4.232200008118525
1,127,completed,89182.4098384,89182.4126044,89182.4145615,4.723100006231107
4,127,completed,89182.409964,89182.4126632,89182.4151768,5.212799995206296
5,127,completed,89182.409916,89182.4126449,89182.4157085,5.792500000097789
5,128,completed,89182.4413095,89182.4435351,89182.4445725,3.2629999914206564
0,128,completed,89182.4412332,89182.4436351,89182.4451654,3.9321999938692898
2,128,completed,89182.4412561,89182.4436525,89182.4456613,4.405199986649677
3,128,completed,89182.4417973,89182.443884,89182.4461585,4.361200000857934
1,128,completed,89182.4413136,89182.4438719,89182.4466579,5.344300006981939
4,128,completed,89182.4418139,89182.4439546,89182.4473072,5.493299991940148
1,129,completed,89182.4731233,89182.4755883,89182.4762213,3.0980000010458753
3,129,completed,89182.4731173,89182.4755286,89182.4767025,3.585200000088662
5,129,completed,89182.473146,89182.4756313,89182.477412,4.265999989002012
4,129,completed,89182.4732726,89182.4757245,89182.4779039,4.631300005712546
2,129,completed,89182.4732218,89182.4757324,89182.478393,5.171199998585507
0,129,completed,89182.4733751,89182.4757515,89182.4788945,5.519400001503527
4,130,completed,89182.5052287,89182.5074422,89182.5081896,2.9609000048367307
2,130,completed,89182.5051964,89182.5074443,89182.5086937,3.497300000162795
5,130,completed,89182.5053156,89182.5075797,89182.5093236,4.007999988971278
0,130,completed,89182.5051761,89182.5076133,89182.5097667,4.590599986840971
3,130,completed,89182.5055389,89182.5076824,89182.5102711,4.73220000276342
1,130,completed,89182.5055099,89182.5077427,89182.5107608,5.250899994280189
5,131,completed,89182.5447031,89182.5466645,89182.5475426,2.83950001175981
1,131,completed,89182.5447159,89182.5467675,89182.5480573,3.3413999917684123
3,131,completed,89182.5447504,89182.5467571,89182.5485056,3.7551999994320795
4,131,completed,89182.5448069,89182.54688,89182.5489514,4.144499995163642
0,131,completed,89182.5448485,89182.5468953,89182.5493782,4.529700003331527
2,131,completed,89182.5449105,89182.5469245,89182.5498449,4.934399999910966
2,132,completed,89182.576155,89182.5780579,89182.5788575,2.7025000017601997
5,132,completed,89182.5761238,89182.5780628,89182.5795372,3.4134000015910715
3,132,completed,89182.5763324,89182.5782387,89182.5800207,3.688299999339506
4,132,completed,89182.5764171,89182.5783046,89182.5804433,4.02619999658782
0,132,completed,89182.5762443,89182.5783355,89182.5808928,4.648500005714595
1,132,completed,89182.5762341,89182.5783336,89182.5813362,5.102100010844879
5,133,completed,89182.6075205,89182.6095826,89182.6104849,2.964400002383627
2,133,completed,89182.6075354,89182.6095916,89182.6109709,3.4354999952483922
0,133,completed,89182.6075728,89182.6097066,89182.6114446,3.8717999996151775
1,133,completed,89182.6076096,89182.6097677,89182.6118685,4.25889999314677
3,133,completed,89182.6077894,89182.6098368,89182.6122902,4.500800001551397
4,133,completed,89182.6079395,89182.6098791,89182.6127006,4.76110000454355
5,134,completed,89182.6391029,89182.6410761,89182.6420363,2.9334000137168914
1,134,completed,89182.6391033,89182.6411939,89182.6425854,3.482100000837818
4,134,completed,89182.639285,89182.6413599,89182.6430839,3.7988999974913895
3,134,completed,89182.639212,89182.6413126,89182.6436043,4.3923000048380345
0,134,completed,89182.6391533,89182.6413495,89182.6441246,4.971300004399382
2,134,completed,89182.639335,89182.6413871,89182.6446032,5.2681999950436875
0,135,completed,89182.6711477,89182.6730955,89182.6737885,2.640799997607246
2,135,completed,89182.6711334,89182.6730901,89182.6742786,3.1451999966520816
3,135,completed,89182.6711858,89182.6731776,89182.6747227,3.536899996106513
4,135,completed,89182.6712192,89182.6732201,89182.6751131,3.8939000078244135
1,135,completed,89182.6713043,89182.6732683,89182.6755913,4.286999988835305
5,135,completed,89182.6714627,89182.6733088,89182.6761918,4.729099993710406
5,136,completed,89182.7032585,89182.7038289,89182.7061562,2.897700003813952
2,136,completed,89182.7037378,89182.7054524,89182.7067005,2.9627000039909035
3,136,completed,89182.7037868,89182.7055659,89182.7072162,3.4293999924557284
4,136,completed,89182.7038502,89182.7056516,89182.7078523,4.002099987701513
0,136,completed,89182.7040013,89182.7057976,89182.7084351,4.433800000697374
1,136,completed,89182.7039474,89182.7057648,89182.7089321,4.984699990018271
0,137,completed,89182.734586,89182.7363958,89182.7371583,2.5722999998833984
2,137,completed,89182.734619,89182.7365311,89182.7376407,3.0217000021366403
4,137,completed,89182.7346564,89182.7366323,89182.7381416,3.485199995338917
1,137,completed,89182.7347318,89182.7367147,89182.738619,3.8872000004630536
3,137,completed,89182.7348993,89182.736763,89182.7390959,4.196599998977035
5,137,completed,89182.7350087,89182.7367817,89182.7396906,4.681900012656115
3,138,completed,89182.7662991,89182.7686108,89182.7694539,3.154799996991642
1,138,completed,89182.7664151,89182.7687887,89182.7699269,3.5117999941576272
4,138,completed,89182.7665891,89182.7688998,89182.7703805,3.79139999859035
5,138,completed,89182.7663443,89182.7688803,89182.7709838,4.639499995391816
2,138,completed,89182.7666483,89182.7689258,89182.7714149,4.766599988215603
0,138,completed,89182.7665091,89182.7689702,89182.7718645,5.355400004191324
1,139,completed,89182.7983627,89182.8010493,89182.8018146,3.4518999891588464
0,139,completed,89182.798295,89182.8011383,89182.8022895,3.9945000025909394
2,139,completed,89182.7986654,89182.8012428,89182.8027904,4.125000006752089
5,139,completed,89182.7987128,89182.8012746,89182.8034326,4.719800010207109
3,139,completed,89182.798391,89182.8012981,89182.8039116,5.520599996089004
4,139,completed,89182.7987695,89182.8013026,89182.8043785,5.608999999822117
0,140,completed,89182.8306839,89182.8331635,89182.8340941,3.410200006328523
2,140,completed,89182.8309679,89182.833419,89182.8345864,3.6185000062687322
4,140,completed,89182.8310123,89182.833479,89182.8350443,4.031999997096136
1,140,completed,89182.831087,89182.8335342,89182.8355354,4.448399995453656
5,140,completed,89182.8312929,89182.8336029,89182.8361094,4.816500004380941
3,140,completed,89182.8312467,89182.8336668,89182.8365318,5.285099992761388
1,141,completed,89182.8617607,89182.8630533,89182.8637801,2.019399995333515
5,141,completed,89182.8621719,89182.8633683,89182.8644369,2.2650000028079376
3,141,completed,89182.8621512,89182.8633586,89182.8649323,2.781100003630854
4,141,completed,89182.8771707,89182.8780198,89182.8786285,1.4577999972971156
0,141,completed,89182.8772296,89182.878098,89182.8791559,1.9262999994680285
2,141,completed,89182.877205,89182.8780817,89182.8796517,2.446700003929436
0,142,completed,89182.908404,89182.9104743,89182.9113982,2.9941999964648858
5,142,completed,89182.9086069,89182.9107376,89182.9121112,3.504299995256588
2,142,completed,89182.9083855,89182.910704,89182.9125644,4.17889999516774
3,142,completed,89182.9085092,89182.9108047,89182.9129542,4.444999998668209
4,142,completed,89182.9085192,89182.9108892,89182.913381,4.861800000071526
1,142,completed,89182.9087489,89182.9108911,89182.9138578,5.108900004415773
4,143,completed,89182.9398378,89182.9419494,89182.9426698,2.8319999983068556
1,143,completed,89182.9398912,89182.9420796,89182.9431567,3.2654999959049746
2,143,completed,89182.9398949,89182.9420969,89182.9436206,3.7256999930832535
0,143,completed,89182.9400073,89182.942161,89182.9440874,4.080099999555387
3,143,completed,89182.9400276,89182.9421524,89182.9445399,4.5123000018065795
5,143,completed,89182.9401098,89182.94219,89182.9451321,5.022299999836832
2,144,completed,89182.971119,89182.9731953,89182.974011,2.8920000040670857
3,144,completed,89182.9712314,89182.973438,89182.9745572,3.3257999893976375
5,144,completed,89182.9712086,89182.9734368,89182.9751245,3.9158999861683697
0,144,completed,89182.9713065,89182.9735019,89182.9756205,4.314000005251728
1,144,completed,89182.9713838,89182.9735184,89182.9761159,4.732100002001971
4,144,completed,89182.9715131,89182.9735564,89182.9765586,5.045500001870096
4,145,completed,89183.002337,89183.0044955,89183.0056269,3.28990000707563
5,145,completed,89183.0024849,89183.0049631,89183.0062912,3.8062999956309795
2,145,completed,89183.0028455,89183.0052365,89183.0067386,3.893100001732819
0,145,completed,89183.0027506,89183.0052243,89183.0072117,4.461099990294315
3,145,completed,89183.0028656,89183.0052379,89183.0076755,4.809899997781031
1,145,completed,89183.0027764,89183.005235,89183.0081348,5.358399997930974
5,146,completed,89183.0338044,89183.0359104,89183.0370529,3.2485000119777396
4,146,completed,89183.0339376,89183.0362982,89183.0375363,3.598700001020916
2,146,completed,89183.0342027,89183.0364994,89183.0379881,3.7853999965591356
0,146,completed,89183.0342805,89183.0365208,89183.0384581,4.1775999998208135
1,146,completed,89183.034282,89183.0365322,89183.0389283,4.646300003514625
3,146,completed,89183.0342302,89183.0365128,89183.0394152,5.184999987250194
2,147,completed,89183.0637873,89183.0656911,89183.0664739,2.686600011656992
4,147,completed,89183.0638401,89183.0657933,89183.0669716,3.131499994196929
1,147,completed,89183.0638112,89183.0657694,89183.0674733,3.662100003566593
0,147,completed,89183.0638686,89183.0658618,89183.0679267,4.0580999921076
3,147,completed,89183.0639272,89183.0659109,89183.0684177,4.490499995881692
5,147,completed,89183.0641057,89183.0659403,89183.069074,4.968299996107817
1,148,completed,89183.1113212,89183.112243,89183.1140535,2.7322999958414584
5,148,completed,89183.1116976,89183.1136166,89183.1147752,3.077599991229363
2,148,completed,89183.1117378,89183.1137203,89183.1152757,3.537899989169091
3,148,completed,89183.1118124,89183.1138194,89183.1157729,3.9604999910807237
4,148,completed,89183.1118718,89183.1138616,89183.1162354,4.363599990028888
0,148,completed,89183.1119479,89183.1138847,89183.1167071,4.759199990076013
0,149,completed,89183.1424209,89183.1436137,89183.1450054,2.584500005468726
3,149,completed,89183.1424969,89183.144168,89183.1455397,3.0427999881794676
2,149,completed,89183.1428077,89183.144593,89183.1459838,3.176099999109283
5,149,completed,89183.142847,89183.1446069,89183.1466667,3.8197000103536993
1,149,completed,89183.1429006,89183.1446899,89183.1471292,4.2286000098101795
4,149,completed,89183.1429094,89183.1446826,89183.1476142,4.704799997853115
3,150,completed,89183.1733474,89183.175313,89183.1758929,2.5454999995417893
5,150,completed,89183.1733474,89183.1752575,89183.1765352,3.187799986335449
4,150,completed,89183.1733989,89183.1753558,89183.1770169,3.6179999879095703
0,150,completed,89183.1733491,89183.1753421,89183.1775034,4.154299997026101
1,150,completed,89183.1734739,89183.1754066,89183.1780034,4.529500001808628
2,150,completed,89183.1735682,89183.1754366,89183.1784866,4.9183999944943935
3,151,completed,89183.2049819,89183.2069744,89183.2080713,3.0894000083208084
0,151,completed,89183.2049954,89183.20704,89183.2085754,3.580000004149042
2,151,completed,89183.2054045,89183.2075669,89183.2090302,3.6257000028854236
1,151,completed,89183.2053657,89183.2075568,89183.2094277,4.061999992700294
4,151,completed,89183.2055152,89183.2076637,89183.2098698,4.354600008809939
5,151,completed,89183.2054676,89183.2076298,89183.2104323,4.964699997799471
5,152,completed,89183.2364684,89183.2382351,89183.2389944,2.525999996578321
0,152,completed,89183.2364913,89183.238362,89183.2394742,2.982899997732602
3,152,completed,89183.2365381,89183.2384598,89183.2399161,3.3780000085243955
2,152,completed,89183.2365823,89183.2385365,89183.2403366,3.7543000071309507
4,152,completed,89183.2366843,89183.2385596,89183.2407611,4.076799988979474
1,152,completed,89183.2367364,89183.2385746,89183.2411628,4.426400002557784
3,153,completed,89183.2677055,89183.2700578,89183.2707666,3.0611000111093745
2,153,completed,89183.2676724,89183.2700928,89183.2713164,3.6439999967115
5,153,completed,89183.267775,89183.2700312,89183.2717664,3.991399993537925
4,153,completed,89183.2678535,89183.2701147,89183.2722631,4.409600005601533
0,153,completed,89183.2679638,89183.2701631,89183.2727396,4.775800000061281
1,153,completed,89183.2679961,89183.270173,89183.2732165,5.2204000094207
4,154,completed,89183.2992751,89183.3015147,89183.3023178,3.0427000019699335
2,154,completed,89183.2992116,89183.3016569,89183.302807,3.595400004996918
3,154,completed,89183.2993975,89183.3017424,89183.3032625,3.8650000060442835
0,154,completed,89183.2991658,89183.3017311,89183.3037318,4.566000003251247
5,154,completed,89183.2994745,89183.301702,89183.3042203,4.745799989905208
1,154,completed,89183.299301,89183.3017685,89183.3046974,5.396399996243417
5,155,completed,89183.330546,89183.3324838,89183.3332672,2.7211999986320734
1,155,completed,89183.3305208,89183.3324251,89183.3337801,3.2593000069027767
4,155,completed,89183.3307951,89183.332705,89183.3342526,3.457500002696179
3,155,completed,89183.3307017,89183.332714,89183.3347503,4.048599992529489
2,155,completed,89183.3307715,89183.3327454,89183.3352423,4.47080000594724
0,155,completed,89183.3306013,89183.3326843,89183.3357341,5.132799997227266
0,156,completed,89183.3626059,89183.3636009,89183.3644816,1.8757000070763752
3,156,completed,89183.3628217,89183.3639388,89183.3649942,2.172500011511147
4,156,completed,89183.3631481,89183.3640609,89183.3654777,2.3295999999390915
2,156,completed,89183.3630846,89183.364142,89183.3659367,2.852099991287105
5,156,completed,89183.3787499,89183.3798867,89183.3807036,1.9537000043783337
1,156,completed,89183.3789769,89183.3799561,89183.3811589,2.1819999965373427
1,157,completed,89183.4113686,89183.4132639,89183.4142694,2.900799998315051
4,157,completed,89183.4110852,89183.4133988,89183.4148793,3.794100004597567
5,157,completed,89183.411466,89183.4135151,89183.4154895,4.0234999905806035
2,157,completed,89183.4112858,89183.4136734,89183.415975,4.6891999954823405
3,157,completed,89183.4115806,89183.4139911,89183.4163544,4.7737999993842095
0,157,completed,89183.4110842,89183.4140802,89183.4167705,5.686300006345846
5,158,completed,89183.4430268,89183.4451481,89183.4461198,3.093000006629154
1,158,completed,89183.4430655,89183.4452696,89183.4466207,3.5551999899325892
0,158,completed,89183.4430881,89183.4452883,89183.4471166,4.02849999954924
3,158,completed,89183.4431548,89183.445497,89183.4476104,4.455600006622262
4,158,completed,89183.4433039,89183.4455103,89183.4480827,4.778799993800931
2,158,completed,89183.4432125,89183.4454914,89183.4484879,5.275399991660379
1,159,completed,89183.4748935,89183.4766514,89183.4774567,2.563200003351085
4,159,completed,89183.474983,89183.4767958,89183.4779733,2.9903000104241073
0,159,completed,89183.4748919,89183.4768186,89183.4784282,3.536300006089732
5,159,completed,89183.4750399,89183.4768322,89183.4790649,4.0250000020023435
3,159,completed,89183.4749035,89183.4770305,89183.4795469,4.64339999598451
2,159,completed,89183.4750921,89183.4770442,89183.4800263,4.934200012939982
2,160,completed,89183.507152,89183.5088286,89183.5099216,2.7695999888237566
5,160,completed,89183.5071804,89183.5089444,89183.5104161,3.235700001823716
0,160,completed,89183.5077174,89183.5095098,89183.5108857,3.1682999979238957
4,160,completed,89183.5077806,89183.5095159,89183.5113757,3.59510000271257
1,160,completed,89183.5073226,89183.5094874,89183.5118688,4.546199998003431
3,160,completed,89183.5073768,89183.5094742,89183.5123762,4.999400000087917
4,161,completed,89183.5381982,89183.5391887,89183.5408089,2.6107000012416393
1,161,completed,89183.5383109,89183.5401052,89183.5413447,3.0338000069605187
3,161,completed,89183.5385873,89183.5403611,89183.5418136,3.226299988455139
5,161,completed,89183.5387471,89183.540543,89183.5422618,3.5147000016877428
2,161,completed,89183.5387719,89183.5405933,89183.5427173,3.945400007069111
0,161,completed,89183.5386767,89183.5406282,89183.543133,4.456299997400492
4,162,completed,89183.5697659,89183.5718185,89183.5724672,2.701300007174723
0,162,completed,89183.5697433,89183.5717913,89183.5730035,3.2601999992039055
1,162,completed,89183.5697208,89183.5719302,89183.5734845,3.763699991395697
3,162,completed,89183.5698173,89183.5719116,89183.5739341,4.116800002520904
2,162,completed,89183.5698375,89183.5719274,89183.5743821,4.5446000003721565
5,162,completed,89183.5699119,89183.5719654,89183.5748408,4.928900001686998
4,163,completed,89183.6024065,89183.604539,89183.6052652,2.8587000124389306
3,163,completed,89183.6024002,89183.6044811,89183.6058033,3.403099995921366
5,163,completed,89183.6024403,89183.6047094,89183.606289,3.8486999983433634
2,163,completed,89183.6024935,89183.6047231,89183.6069373,4.443800004082732
0,163,completed,89183.6025592,89183.6048075,89183.6074235,4.864300004555844
1,163,completed,89183.6026011,89183.6048258,89183.6079114,5.310299995471723
5,164,completed,89183.6391736,89183.6412891,89183.6421276,2.9540000105043873
0,164,completed,89183.6392156,89183.6414609,89183.6427001,3.4845000045606866
3,164,completed,89183.6392351,89183.6414679,89183.6431979,3.9628000085940585
1,164,completed,89183.6392829,89183.6415677,89183.6436838,4.400899997563101
2,164,completed,89183.6393703,89183.6416105,89183.6441531,4.782799995155074
4,164,completed,89183.639422,89183.641628,89183.6446082,5.186200010939501
5,165,completed,89183.6729552,89183.6749451,89183.6756986,2.7433999930508435
1,165,completed,89183.6730157,89183.6751565,89183.676183,3.1673000048613176
4,165,completed,89183.6729501,89183.6751403,89183.6766476,3.697500011185184
0,165,completed,89183.6729704,89183.6751381,89183.6770641,4.09370000124909
3,165,completed,89183.6731077,89183.6752483,89183.6775282,4.420500001288019
2,165,completed,89183.6730227,89183.6752569,89183.6779883,4.965600004652515
2,166,completed,89183.7048518,89183.7068925,89183.7077267,2.874900004826486
1,166,completed,89183.7048808,89183.7069965,89183.708234,3.353200008859858
3,166,completed,89183.7049366,89183.7070874,89183.7086981,3.761500003747642
5,166,completed,89183.7051259,89183.7072182,89183.7091256,3.9996999985305592
0,166,completed,89183.7050184,89183.7072745,89183.7095432,4.524800009676255
4,166,completed,89183.7052137,89183.7073267,89183.709994,4.780300005222671
4,167,completed,89183.7369359,89183.7387314,89183.7397101,2.7741999947465956
3,167,completed,89183.7369364,89183.7387643,89183.7401864,3.2499999942956492
5,167,completed,89183.7370468,89183.7389683,89183.7406844,3.6376000061864033
2,167,completed,89183.7371776,89183.7390407,89183.7411472,3.9695999876130372
1,167,completed,89183.7370054,89183.7390587,89183.7416036,4.598200001055375
0,167,completed,89183.7371081,89183.7391132,89183.7420816,4.9734999920474365
5,168,completed,89183.7681671,89183.7700378,89183.770817,2.6498999941395596
4,168,completed,89183.7681925,89183.7701465,89183.7712998,3.1072999991010875
0,168,completed,89183.7682402,89183.7701918,89183.7717535,3.513299991027452
1,168,completed,89183.768307,89183.7702763,89183.7721549,3.8478999922517687
2,168,completed,89183.7684746,89183.7703388,89183.7725885,4.113899994990788
3,168,completed,89183.7685601,89183.7703583,89183.7729946,4.43450000602752
4,169,completed,89183.799069,89183.8012297,89183.802215,3.1460000027436763
3,169,completed,89183.7994497,89183.8016288,89183.8027311,3.2814000005600974
5,169,completed,89183.7995065,89183.8016756,89183.8031763,3.669800003990531
1,169,completed,89183.7991903,89183.8016667,89183.8036748,4.484500008402392
2,169,completed,89183.799549,89183.8018059,89183.8041863,4.637299993191846
0,169,completed,89183.7994375,89183.8017736,89183.8046633,5.225800006883219
1,170,completed,89183.8307611,89183.8328005,89183.833746,2.9848999984096736
5,170,completed,89183.8307463,89183.8328903,89183.8343125,3.56620000093244
0,170,completed,89183.8311401,89183.833127,89183.8348065,3.666400007205084
3,170,completed,89183.831135,89183.8333045,89183.8352624,4.127399995923042
4,170,completed,89183.8311703,89183.8333176,89183.8357535,4.583199988701381
2,170,completed,89183.8311646,89183.8333191,89183.8362417,5.077100009657443
0,171,completed,89183.8770688,89183.8784676,89183.8797208,2.6520000101299956
5,171,completed,89183.8771073,89183.8788414,89183.8801968,3.0895000090822577
3,171,completed,89183.877506,89183.8792989,89183.8806598,3.1537999893771484
4,171,completed,89183.8775495,89183.8793618,89183.8811566,3.607099992223084
2,171,completed,89183.8776008,89183.8793845,89183.8816272,4.026399998110719
1,171,completed,89183.8776396,89183.8794288,89183.8820842,4.444599995622411
2,172,completed,89183.9091659,89183.9109849,89183.9119626,2.796700006001629
1,172,completed,89183.9092788,89183.9113285,89183.912451,3.1721999985165894
3,172,completed,89183.9093652,89183.9114824,89183.9129108,3.5456000041449443
4,172,completed,89183.9094936,89183.9115207,89183.9133978,3.904199998942204
5,172,completed,89183.9092352,89183.9115316,89183.9138847,4.6494999987771735
0,172,completed,89183.90935,89183.9116133,89183.914367,5.017000003135763
4,173,completed,89183.9411078,89183.9429375,89183.9439987,2.890899995691143
5,173,completed,89183.9413997,89183.9434033,89183.9445203,3.120600013062358
0,173,completed,89183.9415006,89183.9434647,89183.9449635,3.4629000001586974
1,173,completed,89183.9416072,89183.9435163,89183.9454053,3.798099991399795
2,173,completed,89183.9414522,89183.9435897,89183.945904,4.451799992239103
3,173,completed,89183.9417432,89183.9436682,89183.9463592,4.6159999910742044
1,174,completed,89183.972889,89183.9745108,89183.9753369,2.447899998514913
2,174,completed,89183.9729075,89183.9745781,89183.9759043,2.996799987158738
5,174,completed,89183.9729392,89183.9746555,89183.9763886,3.4493999992264435
4,174,completed,89183.9730066,89183.9747223,89183.976846,3.839400000288151
0,174,completed,89183.9731319,89183.9749006,89183.9772979,4.165999998804182
3,174,completed,89183.9731321,89183.9749952,89183.9777331,4.600999993272126
1,175,completed,89184.0034747,89184.0054079,89184.0061197,2.6450000004842877
2,175,completed,89184.0034785,89184.0054818,89184.006607,3.1285000004572794
4,175,completed,89184.0035073,89184.0054265,89184.0070685,3.5611999919638038
3,175,completed,89184.0035763,89184.0055465,89184.0075553,3.979000000981614
0,175,completed,89184.0036405,89184.0056325,89184.008034,4.393499999423511
5,175,completed,89184.0037346,89184.0056394,89184.00848,4.745400001411326
0,176,completed,89184.0347735,89184.0371897,89184.0377871,3.013599998666905
5,176,completed,89184.0347769,89184.0371662,89184.0382959,3.5189999907743186
2,176,completed,89184.034774,89184.0371507,89184.0387926,4.018599996925332
1,176,completed,89184.0348139,89184.0372208,89184.0393387,4.52479999512434
4,176,completed,89184.0349695,89184.0372654,89184.0398105,4.841000001761131
3,176,completed,89184.0350403,89184.0372716,89184.0402746,5.234299998846836
5,177,completed,89184.0657795,89184.068167,89184.0689469,3.167400005622767
3,177,completed,89184.0658091,89184.0681702,89184.0695194,3.7103000067872927
4,177,completed,89184.0661361,89184.0682346,89184.0699935,3.857400006381795
2,177,completed,89184.0662341,89184.0683003,89184.0703748,4.1406999953323975
1,177,completed,89184.0662101,89184.0684318,89184.0707683,4.5581999875139445
0,177,completed,89184.0661928,89184.0684263,89184.0712732,5.080399991129525
5,178,completed,89184.0985857,89184.1006888,89184.1014795,2.8937999886693433
3,178,completed,89184.0986062,89184.1007803,89184.1020108,3.4045999927911907
2,178,completed,89184.0985376,89184.1007084,89184.1024449,3.907299993443303
4,178,completed,89184.0986692,89184.1008476,89184.1029241,4.254900006344542
0,178,completed,89184.0987643,89184.100886,89184.1033405,4.576200008159503
1,178,completed,89184.0989277,89184.1009971,89184.1037936,4.865900002187118
3,179,completed,89184.128019,89184.1302185,89184.1310484,3.0294000025605783
1,179,completed,89184.1281993,89184.1302846,89184.1315168,3.3174999989569187
2,179,completed,89184.1280225,89184.1303496,89184.1319824,3.959900001063943
4,179,completed,89184.1287994,89184.130559,89184.1323717,3.572300003725104
5,179,completed,89184.1287907,89184.1307026,89184.1327975,4.0068000089377165
0,179,completed,89184.1287437,89184.1306828,89184.1332667,4.522999995970167
0,180,completed,89184.1761038,89184.1772564,89184.1787142,2.6103999989572912
5,180,completed,89184.1762577,89184.1777544,89184.1792622,3.0045000021345913
2,180,completed,89184.1762188,89184.1777739,89184.179736,3.517200006172061
1,180,completed,89184.1767127,89184.1783429,89184.1802294,3.516699987812899
4,180,completed,89184.1768995,89184.1784393,89184.1807742,3.874699992593378
3,180,completed,89184.1768179,89184.1784191,89184.1812867,4.468799990718253
4,181,completed,89184.207842,89184.2107632,89184.2116962,3.8541999965673313
3,181,completed,89184.2078402,89184.2108093,89184.2122234,4.383199993753806
2,181,completed,89184.208017,89184.2110626,89184.2127361,4.719100004876964
5,181,completed,89184.2085209,89184.2111313,89184.2132422,4.721299992525019
0,181,completed,89184.2084731,89184.2111268,89184.2137536,5.280499986838549
1,181,completed,89184.2080535,89184.2111902,89184.2142686,6.215100002009422
4,182,completed,89184.2394368,89184.2416563,89184.24234,2.90320000203792
1,182,completed,89184.2394595,89184.2416749,89184.2428358,3.376300010131672
5,182,completed,89184.2396138,89184.2417969,89184.2433084,3.6945999891031533
0,182,completed,89184.2396847,89184.2418176,89184.2437368,4.052099990076385
2,182,completed,89184.2395362,89184.2419124,89184.2442191,4.682900005718693
3,182,completed,89184.2394302,89184.2418966,89184.2447364,5.306199993356131
5,183,completed,89184.2704469,89184.2734084,89184.2742156,3.7687000003643334
3,183,completed,89184.2705112,89184.2735472,89184.2747594,4.248199998983182
0,183,completed,89184.2705397,89184.2735892,89184.2752925,4.752799999550916
4,183,completed,89184.2706351,89184.2736572,89184.2758771,5.241999999270774
1,183,completed,89184.2708044,89184.2736962,89184.2763926,5.588200001511723
2,183,completed,89184.2701934,89184.2737285,89184.2769141,6.720699995639734
0,184,completed,89184.3016808,89184.304046,89184.3051377,3.456899998127483
2,184,completed,89184.3020854,89184.3044402,89184.3057107,3.6252999998396263
3,184,completed,89184.3017047,89184.3044861,89184.3062159,4.511199993430637
5,184,completed,89184.3017108,89184.3044862,89184.3069258,5.214999997406267
4,184,completed,89184.3021866,89184.3045986,89184.3074094,5.222799998591654
1,184,completed,89184.3020529,89184.3045869,89184.3078865,5.833599992911331
3,185,completed,89184.3330995,89184.3355886,89184.336388,3.2884999964153394
0,185,completed,89184.3330882,89184.3355772,89184.3368832,3.794999996898696
4,185,completed,89184.3331038,89184.3355412,89184.3373658,4.262000002199784
1,185,completed,89184.3335039,89184.3358275,89184.3378788,4.374900003313087
2,185,completed,89184.3335165,89184.3358321,89184.3384148,4.898300001514144
5,185,completed,89184.3335528,89184.3358419,89184.3391303,5.57749999279622
4,186,completed,89184.3651174,89184.3666985,89184.3675241,2.406700004939921
5,186,completed,89184.3652049,89184.3669225,89184.3682136,3.008700005011633
1,186,completed,89184.365154,89184.366871,89184.3687438,3.589800006011501
0,186,completed,89184.365296,89184.3669705,89184.3693519,4.05589998990763
2,186,completed,89184.3651694,89184.3671019,89184.3699093,4.739900003187358
3,186,completed,89184.3652989,89184.3671546,89184.3703588,5.059900009655394
2,187,completed,89184.3966066,89184.3988556,89184.3999449,3.3382999972673133
5,187,completed,89184.3967266,89184.3991838,89184.4006385,3.911899999366142
4,187,completed,89184.3971614,89184.3994318,89184.4011004,3.939000001992099
3,187,completed,89184.3970909,89184.3993942,89184.4015524,4.461499993340112
0,187,completed,89184.3972233,89184.3994429,89184.4019967,4.773400010890327
1,187,completed,89184.3971864,89184.399442,89184.4023739,5.187499991734512
2,188,completed,89184.4286229,89184.4298769,89184.4308751,2.252200007205829
5,188,completed,89184.4287139,89184.4300935,89184.4314777,2.763800002867356
3,188,completed,89184.4445196,89184.4458168,89184.4464513,1.931699996930547
4,188,completed,89184.444528,89184.4458352,89184.4469577,2.4296999908983707
0,188,completed,89184.4445827,89184.4459097,89184.4474344,2.8517000027932227
1,188,completed,89184.4446201,89184.4459419,89184.4479233,3.3032000064849854
3,189,completed,89184.4768316,89184.4785067,89184.4792955,2.463900003931485
1,189,completed,89184.4768159,89184.4785073,89184.4798163,3.000400000018999
5,189,completed,89184.4769301,89184.4786818,89184.4802416,3.311499996925704
4,189,completed,89184.4770897,89184.4787759,89184.4806869,3.597200004151091
2,189,completed,89184.4768863,89184.4788028,89184.4811596,4.273300000932068
0,189,completed,89184.4770461,89184.4788838,89184.4816275,4.581400004099123
2,190,completed,89184.5081048,89184.5102707,89184.5111774,3.0725999968126416
4,190,completed,89184.5081136,89184.5104513,89184.5117294,3.6158000002615154
5,190,completed,89184.5085751,89184.5106757,89184.5122802,3.7050999962957576
3,190,completed,89184.5086688,89184.5106863,89184.5128049,4.136100003961474
1,190,completed,89184.5084145,89184.5107145,89184.5132912,4.876699997112155
0,190,completed,89184.5086022,89184.5106848,89184.5137887,5.186499998671934
5,191,completed,89184.540363,89184.5423833,89184.5431461,2.7831000043079257
0,191,completed,89184.5403848,89184.5424331,89184.5436906,3.3057999971788377
3,191,completed,89184.5405188,89184.5425192,89184.5441567,3.637899993918836
1,191,completed,89184.5406229,89184.5425641,89184.5445927,3.969800003687851
2,191,completed,89184.540364,89184.5425872,89184.545019,4.654999997001141
4,191,completed,89184.5408801,89184.5427109,89184.5454826,4.602500004693866
1,192,completed,89184.5722576,89184.574837,89184.5757106,3.452999997534789
3,192,completed,89184.5722274,89184.5748247,89184.5762599,4.032500000903383
4,192,completed,89184.5725747,89184.575061,89184.576766,4.191300002275966
2,192,completed,89184.5726119,89184.5750737,89184.5772386,4.626699999789707
5,192,completed,89184.5727091,89184.5750923,89184.5776953,4.986200001440011
0,192,completed,89184.5728292,89184.5751742,89184.5783048,5.475600002682768
3,193,completed,89184.6036989,89184.606043,89184.6067528,3.053899999940768
0,193,completed,89184.6037122,89184.6060715,89184.607395,3.682800001115538
4,193,completed,89184.6037876,89184.6061577,89184.6079173,4.129699998884462
2,193,completed,89184.6039139,89184.6062119,89184.6084673,4.553399994620122
5,193,completed,89184.6040663,89184.606265,89184.6090171,4.95079999382142
1,193,completed,89184.6041379,89184.6062703,89184.6095333,5.395400003180839
3,194,completed,89184.6350881,89184.6368339,89184.6375678,2.4797000078251585
0,194,completed,89184.6350801,89184.6368354,89184.6382251,3.145000009681098
5,194,completed,89184.6351208,89184.6369265,89184.6386771,3.556299998308532
4,194,completed,89184.6352402,89184.6370653,89184.6391523,3.9121000008890405
2,194,completed,89184.6352844,89184.6370956,89184.6397084,4.4239999988349155
1,194,completed,89184.6353892,89184.6371061,89184.6402748,4.88559999212157
0,195,completed,89184.6729557,89184.6750909,89184.6759861,3.0303999956231564
3,195,completed,89184.67297,89184.6751578,89184.6764593,3.489299997454509
1,195,completed,89184.6730051,89184.6753017,89184.6769134,3.908300001057796
4,195,completed,89184.6730721,89184.6753294,89184.677349,4.276899999240413
2,195,completed,89184.6732404,89184.6753857,89184.6778098,4.569400000036694
5,195,completed,89184.6733292,89184.6754029,89184.6782762,4.946999993990175
4,196,completed,89184.7049542,89184.7069649,89184.7078241,2.8698999958578497
2,196,completed,89184.7049847,89184.7070565,89184.708345,3.3603000047151
5,196,completed,89184.7050249,89184.707187,89184.7088187,3.793800002313219
3,196,completed,89184.7051541,89184.7073214,89184.7092096,4.055500001413748
0,196,completed,89184.7053278,89184.7073753,89184.7097357,4.407900007208809
1,196,completed,89184.7054576,89184.7073883,89184.7102054,4.747800005134195
0,197,completed,89184.737143,89184.7392357,89184.7401195,2.97649999265559
4,197,completed,89184.7372471,89184.7393722,89184.741139,3.891900007147342
5,197,completed,89184.7373234,89184.7395082,89184.7416448,4.321400003391318
3,197,completed,89184.7373111,89184.739482,89184.7421317,4.8205999919446185
2,197,completed,89184.737179,89184.7395404,89184.7425484,5.3693999943789095
1,197,completed,89184.737179,89184.7395404,89184.7429961,5.817099998239428
2,198,completed,89184.7698105,89184.7715941,89184.7723227,2.512199993361719
3,198,completed,89184.7698032,89184.7715915,89184.7728049,3.001699995365925
4,198,completed,89184.7698337,89184.7716676,89184.7732449,3.4111999993911013
5,198,completed,89184.7698996,89184.7717313,89184.7737276,3.828000000794418
0,198,completed,89184.770021,89184.7719512,89184.7741897,4.1686999902594835
1,198,completed,89184.7699972,89184.7719528,89184.7745795,4.582299996400252
5,199,completed,89184.80095,89184.8031951,89184.8042259,3.2759000023361295
3,199,completed,89184.8012517,89184.803589,89184.8047354,3.483699998469092
0,199,completed,89184.8013152,89184.8036052,89184.8052174,3.9021999982651323
1,199,completed,89184.8014405,89184.8036556,89184.8057706,4.330099996877834
4,199,completed,89184.801405,89184.8036473,89184.8062759,4.870899996603839
2,199,completed,89184.8012584,89184.8036824,89184.8067734,5.515000011655502
4,200,completed,89184.8324568,89184.8349772,89184.8359026,3.445800000918098
2,200,completed,89184.8324188,89184.8350546,89184.8364402,4.021400003693998
0,200,completed,89184.8325658,89184.8353386,89184.8369695,4.403700004331768
5,200,completed,89184.8330588,89184.8353991,89184.8374908,4.4320000015432015
1,200,completed,89184.8329695,89184.8355153,89184.837951,4.981499994755723
3,200,completed,89184.8330108,89184.835515,89184.8384575,5.446700000902638
5,201,completed,89184.8640509,89184.8659992,89184.867311,3.260099998442456
3,201,completed,89184.8644057,89184.8666862,89184.8678676,3.461899992544204
0,201,completed,89184.8645292,89184.8668196,89184.8684625,3.9333000022452325
2,201,completed,89184.8645543,89184.8668718,89184.8688901,4.335799996624701
1,201,completed,89184.8645161,89184.8670333,89184.8693362,4.820100002689287
4,201,completed,89184.8646706,89184.8670839,89184.8697767,5.106099997647107
1,202,completed,89184.8964848,89184.8993447,89184.9000311,3.5462999949231744
2,202,completed,89184.8961792,89184.8993524,89184.900525,4.345800000010058
3,202,completed,89184.8963902,89184.899443,89184.9010295,4.6393000084208325
0,202,completed,89184.8966288,89184.8994506,89184.9015741,4.945300010149367
5,202,completed,89184.8964608,89184.899531,89184.9020812,5.62039999931585
4,202,completed,89184.896565,89184.8995497,89184.9025949,6.029900003341027
4,203,completed,89184.9441414,89184.9456072,89184.9466472,2.5058000028366223
5,203,completed,89184.9442735,89184.9460373,89184.9471125,2.8389999934006482
3,203,completed,89184.9443073,89184.9461188,89184.9475421,3.234799994970672
1,203,completed,89184.9443475,89184.946216,89184.9479874,3.6398999945959076
2,203,completed,89184.9444343,89184.9462657,89184.9484379,4.003599999123253
0,203,completed,89184.9445041,89184.9462823,89184.9488657,4.361600003903732
2,204,completed,89184.9760228,89184.9781583,89184.9789426,2.919800012023188
1,204,completed,89184.9760825,89184.9782219,89184.9795018,3.4193000028608367
5,204,completed,89184.9759987,89184.9781653,89184.9799817,3.983000002335757
3,204,completed,89184.9762899,89184.9783119,89184.980457,4.167099992628209
4,204,completed,89184.9762295,89184.9784161,89184.9809002,4.670700000133365
0,204,completed,89184.9761061,89184.9783973,89184.9813976,5.2914999978384
0,205,completed,89185.0079791,89185.0101095,89185.0108345,2.8554000018630177
5,205,completed,89185.0079792,89185.0101172,89185.0113317,3.3525000035297126
3,205,completed,89185.0080274,89185.0101918,89185.0118291,3.8016999897081405
4,205,completed,89185.0081588,89185.0102721,89185.0123522,4.193400003714487
2,205,completed,89185.0083269,89185.0103249,89185.0128563,4.529400001047179
1,205,completed,89185.0083397,89185.0103171,89185.0133449,5.005200000596233
3,206,completed,89185.0395914,89185.041423,89185.0422323,2.6408999983686954
2,206,completed,89185.0395931,89185.0414246,89185.0428158,3.2227000046987087
4,206,completed,89185.0396536,89185.0414864,89185.0431945,3.540899997460656
5,206,completed,89185.0397876,89185.0415515,89185.0436697,3.882099990732968
0,206,completed,89185.0399146,89185.0417383,89185.0441893,4.274699997040443
1,206,completed,89185.0399124,89185.0417402,89185.0447865,4.874100006418303
1,207,completed,89185.0714314,89185.0733791,89185.0741133,2.6818999904207885
3,207,completed,89185.0714291,89185.0733808,89185.0747047,3.2756000000517815
0,207,completed,89185.0715218,89185.0734797,89185.0752154,3.693599996040575
5,207,completed,89185.0716517,89185.0735305,89185.0756791,4.027400005725212
4,207,completed,89185.0714802,89185.0735763,89185.0762607,4.780500006745569
2,207,completed,89185.0718728,89185.0736401,89185.076794,4.9211999867111444
0,208,completed,89185.1030965,89185.1063135,89185.1071253,4.028800001833588
3,208,completed,89185.1030965,89185.1063508,89185.1077238,4.627300004358403
2,208,completed,89185.1034448,89185.1065329,89185.1083212,4.876399994827807
5,208,completed,89185.1035453,89185.1065716,89185.108766,5.220700011705048
4,208,completed,89185.1034975,89185.1065648,89185.1092438,5.746300012106076
1,208,completed,89185.1036151,89185.1065953,89185.1097038,6.088699999963865
1,209,completed,89185.1352104,89185.137959,89185.1387463,3.5359000030439347
2,209,completed,89185.1352103,89185.1379207,89185.1392692,4.058899998199195
4,209,completed,89185.1353417,89185.1380802,89185.1397269,4.385199994430877
0,209,completed,89185.1353917,89185.1380908,89185.1402423,4.850600002100691
5,209,completed,89185.1352398,89185.138137,89185.140677,5.437200001324527
3,209,completed,89185.1355986,89185.1382029,89185.141224,5.625400008284487
5,210,completed,89185.1707651,89185.1728813,89185.1735738,2.8086999955121428
1,210,completed,89185.170814,89185.17302,89185.174071,3.257000003941357
4,210,completed,89185.170817,89185.173019,89185.17456,3.7429999938467517
2,210,completed,89185.1708707,89185.1730508,89185.175008,4.1372999985469505
3,210,completed,89185.1707655,89185.1731044,89185.1754253,4.659799989894964
0,210,completed,89185.1709172,89185.1731855,89185.1758631,4.945900000166148
0,211,completed,89185.2083037,89185.2109275,89185.2120011,3.6973999958718196
3,211,completed,89185.2083134,89185.2109928,89185.2125615,4.248099998221733
2,211,completed,89185.2088396,89185.2114477,89185.2130699,4.230299993650988
4,211,completed,89185.2089576,89185.2114784,89185.213536,4.578399995807558
1,211,completed,89185.2088246,89185.2115847,89185.2140041,5.179499989026226
5,211,completed,89185.2089335,89185.2116202,89185.2144167,5.483199987793341
1,212,completed,89185.2401204,89185.2428263,89185.2436077,3.4872999967774376
4,212,completed,89185.2403172,89185.243026,89185.2446706,4.353399999672547
5,212,completed,89185.2403905,89185.243035,89185.2451318,4.741299999295734
3,212,completed,89185.2402518,89185.2429916,89185.2455806,5.328800005372614
0,212,completed,89185.2401376,89185.2430641,89185.2461035,5.9658999962266535
2,212,completed,89185.2401206,89185.2430995,89185.2465851,6.464499994763173
5,213,completed,89185.2713546,89185.2733937,89185.2741661,2.811500002280809
2,213,completed,89185.2713547,89185.2734754,89185.2746764,3.3217000018339604
3,213,completed,89185.2715034,89185.2735646,89185.275215,3.711600002134219
4,213,completed,89185.2716855,89185.2736327,89185.2757468,4.0613000019220635
0,213,completed,89185.2714304,89185.2736619,89185.2763297,4.899300009128638
1,213,completed,89185.2716451,89185.2737605,89185.2768665,5.2214000024832785
1,214,completed,89185.302518,89185.3051918,89185.3061696,3.6515999963739887
3,214,completed,89185.3025288,89185.3052029,89185.3066982,4.169399995589629
4,214,completed,89185.3029718,89185.305675,89185.3072668,4.294999991543591
2,214,completed,89185.302934,89185.3056774,89185.3079289,4.994899994926527
0,214,completed,89185.3030845,89185.3056963,89185.3085529,5.468399991514161
5,214,completed,89185.3030252,89185.3056833,89185.3091265,6.1012999940430745
2,215,completed,89185.3337098,89185.3361093,89185.3368202,3.1103999936021864
0,215,completed,89185.3336775,89185.3360125,89185.3373857,3.7081999907968566
3,215,completed,89185.3336697,89185.3360223,89185.3379212,4.25149999500718
4,215,completed,89185.3338263,89185.3362174,89185.3385362,4.709899993031286
5,215,completed,89185.333784,89185.3361819,89185.3390958,5.311799992341548
1,215,completed,89185.3339415,89185.3362322,89185.3396702,5.72870000905823
3,216,completed,89185.364721,89185.367073,89185.367784,3.0629999964730814
4,216,completed,89185.3645099,89185.366966,89185.3683174,3.8075000047683716
5,216,completed,89185.3647039,89185.3670683,89185.3688023,4.098399993381463
1,216,completed,89185.364513,89185.3670704,89185.369319,4.806000011740252
2,216,completed,89185.3647263,89185.3672236,89185.3699265,5.200200001127087
0,216,completed,89185.3648758,89185.3672566,89185.3704527,5.576899988227524
5,217,completed,89185.3956906,89185.3980015,89185.3988278,3.137200008495711
1,217,completed,89185.3956914,89185.3980431,89185.3993498,3.658400004496798
3,217,completed,89185.3957382,89185.3981656,89185.3998675,4.12930001039058
4,217,completed,89185.3958389,89185.3982108,89185.400337,4.49809999554418
0,217,completed,89185.3957948,89185.3983193,89185.4008247,5.029899999499321
2,217,completed,89185.3958737,89185.3983462,89185.401401,5.527299988898449
3,218,completed,89185.4423023,89185.4448394,89185.4458116,3.5093000042252243
0,218,completed,89185.4423072,89185.4448699,89185.4463896,4.082399987964891
2,218,completed,89185.4423035,89185.4451162,89185.446911,4.607499999110587
4,218,completed,89185.4423932,89185.4452646,89185.4475076,5.1143999880878255
5,218,completed,89185.4424329,89185.4452306,89185.4480169,5.583999998634681
1,218,completed,89185.4424894,89185.4452658,89185.4485253,6.035900005372241
4,219,completed,89185.4729666,89185.4754811,89185.4762951,3.3284999954048544
1,219,completed,89185.4731012,89185.4756119,89185.4768065,3.7052999978186563
0,219,completed,89185.4729286,89185.4756075,89185.4772978,4.36920000356622
5,219,completed,89185.4731816,89185.4756533,89185.4777509,4.569299999275245
3,219,completed,89185.4730498,89185.4757697,89185.4782074,5.157599996891804
2,219,completed,89185.4732872,89185.4758114,89185.4786779,5.390699996496551
0,220,completed,89185.5051859,89185.5068771,89185.5076538,2.467900005285628
5,220,completed,89185.5051751,89185.5068679,89185.5082233,3.0482000001939014
2,220,completed,89185.5052143,89185.5069235,89185.5087496,3.5352999984752387
1,220,completed,89185.5054456,89185.5071024,89185.5092037,3.75809999241028
3,220,completed,89185.5053238,89185.5071702,89185.5097042,4.380400001537055
4,220,completed,89185.5053415,89185.507175,89185.5102406,4.899099993053824
0,221,completed,89185.5377901,89185.5395237,89185.54023,2.439899995806627
4,221,completed,89185.537796,89185.5395236,89185.5407377,2.941699989605695
3,221,completed,89185.5378406,89185.5396422,89185.5412031,3.36250000691507
2,221,completed,89185.5379179,89185.5397553,89185.5417536,3.835700001218356
5,221,completed,89185.5380041,89185.5397831,89185.5422536,4.249499994330108
1,221,completed,89185.5380572,89185.5397919,89185.5427145,4.657299999962561
2,222,completed,89185.5698211,89185.572077,89185.5727781,2.957000004244037
4,222,completed,89185.5698421,89185.5721354,89185.5733213,3.4792000078596175
5,222,completed,89185.5698157,89185.5720965,89185.5738274,4.011700002592988
1,222,completed,89185.5698999,89185.5721928,89185.5743191,4.419199991389178
3,222,completed,89185.570055,89185.5722496,89185.574853,4.797999994480051
0,222,completed,89185.5702066,89185.5722667,89185.5753247,5.118100001709536
3,223,completed,89185.6010913,89185.603424,89185.6043161,3.2247999915853143
4,223,completed,89185.601061,89185.6036128,89185.6048637,3.802700011874549
0,223,completed,89185.6010603,89185.6036187,89185.6053328,4.272499994840473
2,223,completed,89185.6016448,89185.6037701,89185.6058217,4.176899994490668
1,223,completed,89185.6017032,89185.6037856,89185.6062782,4.574999999022111
5,223,completed,89185.6017237,89185.6037873,89185.6067907,5.0669999909587204
3,224,completed,89185.6332204,89185.6353622,89185.6360418,2.821399990352802
4,224,completed,89185.6332303,89185.6353631,89185.6365343,3.30400001257658
2,224,completed,89185.6332862,89185.6354482,89185.6370163,3.730099997483194
1,224,completed,89185.6335088,89185.6355476,89185.6375183,4.009500000393018
5,224,completed,89185.6335038,89185.6355478,89185.6379962,4.492400010349229
0,224,completed,89185.6333944,89185.6355046,89185.6384717,5.077299996628426
0,225,completed,89185.6657824,89185.6680174,89185.6687298,2.9474000039044768
1,225,completed,89185.6658148,89185.6680822,89185.6692713,3.4564999950816855
4,225,completed,89185.6657758,89185.6680774,89185.6697688,3.9930000057211146
2,225,completed,89185.6659328,89185.66816,89185.670314,4.3812000076286495
5,225,completed,89185.6661065,89185.6682388,89185.6709681,4.861600013100542
3,225,completed,89185.6662054,89185.6683283,89185.671505,5.299600001308136
2,226,completed,89185.6968806,89185.6991839,89185.6998674,2.986800012877211
5,226,completed,89185.6968642,89185.6991142,89185.7003106,3.446400005486794
4,226,completed,89185.6969044,89185.6992099,89185.7007513,3.8468999991891906
1,226,completed,89185.6969601,89185.6993297,89185.701211,4.250900004990399
3,226,completed,89185.6969976,89185.6993507,89185.7017471,4.749500003526919
0,226,completed,89185.6972089,89185.6993672,89185.7022371,5.0282000011065975
2,227,completed,89185.7413235,89185.7435022,89185.7443,2.9765000072075054
5,227,completed,89185.7413633,89185.7435773,89185.7452895,3.9262000063899904
0,227,completed,89185.7414154,89185.7437025,89185.7458023,4.386900007375516
1,227,completed,89185.7415644,89185.74371,89185.7462549,4.690500005381182
3,227,completed,89185.7413319,89185.7437466,89185.7466997,5.367799996747635
4,227,completed,89185.7415962,89185.7438151,89185.7471807,5.584500002441928
0,228,completed,89185.7734131,89185.7766449,89185.7772807,3.867599996738136
1,228,completed,89185.7733951,89185.7766345,89185.7778021,4.407000000355765
5,228,completed,89185.7734549,89185.7767273,89185.7782741,4.819199995836243
4,228,completed,89185.7735454,89185.7767805,89185.7787312,5.185799993341789
3,228,completed,89185.7736482,89185.7768192,89185.7791797,5.53149999177549
2,228,completed,89185.7738417,89185.7768401,89185.7796186,5.776900012278929
2,229,completed,89185.8053656,89185.8075765,89185.8084093,3.043700009584427
4,229,completed,89185.8055211,89185.8077837,89185.8089368,3.415699990000576
5,229,completed,89185.8056435,89185.8078535,89185.809448,3.8044999964768067
1,229,completed,89185.8053658,89185.8078938,89185.809948,4.582199995638803
0,229,completed,89185.8053934,89185.8079046,89185.8104334,5.039999989094213
3,229,completed,89185.8059137,89185.8079348,89185.8109143,5.000600009225309
3,230,completed,89185.8370461,89185.839405,89185.8401706,3.1244999991031364
4,230,completed,89185.8370711,89185.8394954,89185.8406672,3.5960999957751483
2,230,completed,89185.8373816,89185.839651,89185.8411739,3.792300005443394
1,230,completed,89185.8373003,89185.8396371,89185.8416633,4.363000000012107
0,230,completed,89185.8370493,89185.8396653,89185.8423042,5.2549000101862475
5,230,completed,89185.8371958,89185.8397101,89185.8426933,5.49749999481719
2,231,completed,89185.8685636,89185.8705416,89185.8714138,2.850200005923398
5,231,completed,89185.8686121,89185.8706823,89185.8719191,3.3069999917643145
1,231,completed,89185.8685731,89185.8707444,89185.8724403,3.8671999936923385
4,231,completed,89185.8686732,89185.8707778,89185.8728836,4.210399987641722
3,231,completed,89185.8687335,89185.8707961,89185.8733715,4.637999998521991
0,231,completed,89185.8688793,89185.8709082,89185.8740373,5.157999999937601
5,232,completed,89185.9048054,89185.9069414,89185.9077197,2.914299999247305
3,232,completed,89185.9047737,89185.9071212,89185.9083965,3.6228000099072233
4,232,completed,89185.9047679,89185.9070843,89185.9089247,4.156799986958504
1,232,completed,89185.9049596,89185.907139,89185.9094115,4.451900007552467
0,232,completed,89185.9048214,89185.9071811,89185.9099773,5.1558999984990805
2,232,completed,89185.9048766,89185.9072266,89185.9104563,5.57969999499619
5,233,completed,89185.9332853,89185.9352241,89185.9360686,2.7833000058308244
0,233,completed,89185.9333622,89185.9354711,89185.936664,3.3017999958246946
1,233,completed,89185.933496,89185.935576,89185.9371291,3.6331000010250136
3,233,completed,89185.9335607,89185.9355882,89185.9375698,4.009099997347221
4,233,completed,89185.9333478,89185.9356131,89185.9380118,4.6639999927720055
2,233,completed,89185.9333531,89185.9356145,89185.9384175,5.064400000264868
3,234,completed,89185.9732977,89185.9762449,89185.9769971,3.6994000111008063
5,234,completed,89185.9733428,89185.9762677,89185.9775385,4.195699992123991
2,234,completed,89185.9735939,89185.9764572,89185.9779624,4.368499998236075
0,234,completed,89185.9736488,89185.9764577,89185.9784052,4.756399997859262
4,234,completed,89185.9732962,89185.9764327,89185.9788389,5.54270000429824
1,234,completed,89185.973493,89185.976499,89185.9792812,5.788199996459298
1,235,completed,89186.0054854,89186.007441,89186.0083241,2.8386999911163002
4,235,completed,89186.0055253,89186.0076571,89186.008851,3.3257000031881034
5,235,completed,89186.0054857,89186.0076934,89186.0093342,3.8484999968204647
2,235,completed,89186.0056533,89186.0078119,89186.0097864,4.133099995669909
3,235,completed,89186.0058035,89186.0078209,89186.0102663,4.462800003238954
0,235,completed,89186.0056181,89186.0078062,89186.0107321,5.113999999593943
4,236,completed,89186.037905,89186.0411913,89186.0419356,4.030600000987761
2,236,completed,89186.0379909,89186.0413053,89186.0424691,4.4781999895349145
0,236,completed,89186.03803,89186.0413559,89186.0429127,4.8826999991433695
5,236,completed,89186.0379079,89186.0412665,89186.0433936,5.485700006829575
3,236,completed,89186.0381911,89186.0413721,89186.0438256,5.6345000048168
1,236,completed,89186.0380839,89186.0413736,89186.0442914,6.207500002346933
2,237,completed,89186.0703698,89186.0729629,89186.0736066,3.2367999956477433
5,237,completed,89186.0703767,89186.0730092,89186.0741605,3.7837999989278615
4,237,completed,89186.0704334,89186.0730775,89186.0747066,4.273200000170618
1,237,completed,89186.0703703,89186.0730701,89186.0752295,4.859199994825758
0,237,completed,89186.0705241,89186.073089,89186.0757016,5.17750000290107
3,237,completed,89186.0705781,89186.0730994,89186.0762318,5.653700005495921
0,238,completed,89186.0988083,89186.1009535,89186.101649,2.840700006345287
5,238,completed,89186.0988499,89186.1009451,89186.1021514,3.301500008092262
4,238,completed,89186.0987809,89186.1010308,89186.1026232,3.8422999932663515
2,238,completed,89186.0990115,89186.1011081,89186.1030815,4.06999999540858
3,238,completed,89186.0990326,89186.1011088,89186.1035882,4.555599996820092
1,238,completed,89186.0989486,89186.1012,89186.1040193,5.0706999900285155
3,239,completed,89186.1322498,89186.1341789,89186.1352269,2.9771000117762014
4,239,completed,89186.1325526,89186.1346756,89186.1357356,3.1829999934416264
2,239,completed,89186.1325979,89186.134721,89186.1362363,3.638399997726083
5,239,completed,89186.1326344,89186.1347286,89186.1367501,4.1157000086968765
1,239,completed,89186.1322766,89186.1347655,89186.1372155,4.938900005072355
0,239,completed,89186.1325036,89186.1348472,89186.1377204,5.2167999965604395
0,240,completed,89186.1678081,89186.1696387,89186.1709424,3.1343000009655952
1,240,completed,89186.1678461,89186.1700232,89186.1714968,3.65070000407286
5,240,completed,89186.168076,89186.1704858,89186.1719994,3.9233999996213242
3,240,completed,89186.1684437,89186.1705566,89186.1724801,4.036400001496077
2,240,completed,89186.1680936,89186.1705548,89186.1730307,4.937099991366267
4,240,completed,89186.168136,89186.1705866,89186.173524,5.388000005041249
5,241,completed,89186.1998849,89186.2026237,89186.2034103,3.5254000104032457
0,241,completed,89186.200208,89186.2027236,89186.2039567,3.7487000081455335
4,241,completed,89186.2002662,89186.2027673,89186.2044469,4.1806999943219125
2,241,completed,89186.1998958,89186.2026465,89186.2049672,5.071399995358661
3,241,completed,89186.2004092,89186.2028068,89186.2054591,5.049900006270036
1,241,completed,89186.200328,89186.2027986,89186.2058738,5.545799998799339
4,242,completed,89186.230463,89186.2320347,89186.2331501,2.6871000009123236
2,242,completed,89186.2306642,89186.2324491,89186.2336597,2.995499991811812
5,242,completed,89186.2306365,89186.2323968,89186.2340812,3.4447000070940703
3,242,completed,89186.2307385,89186.2325161,89186.2345798,3.8413000002037734
1,242,completed,89186.2308222,89186.2325799,89186.2350872,4.264999995939434
0,242,completed,89186.2309865,89186.2326832,89186.2355345,4.5479999971576035
0,243,completed,89186.275044,89186.2773218,89186.2780587,3.0147000070428476
1,243,completed,89186.275083,89186.2773939,89186.2785665,3.4834999969461933
4,243,completed,89186.2751581,89186.2774408,89186.2790155,3.8573999918298796
5,243,completed,89186.2752735,89186.2774789,89186.2795368,4.26329999754671
3,243,completed,89186.2750598,89186.2775008,89186.2800369,4.977100004907697
2,243,completed,89186.2754726,89186.277582,89186.2805897,5.117100008646958
1,244,completed,89186.3059675,89186.3085546,89186.3094057,3.438200001255609
3,244,completed,89186.3059725,89186.3085698,89186.3098913,3.918799993698485
2,244,completed,89186.3064417,89186.3088112,89186.3104002,3.9585000049555674
4,244,completed,89186.3064849,89186.3088348,89186.310915,4.430100001627579
5,244,completed,89186.3065189,89186.30884,89186.311301,4.782099989824928
0,244,completed,89186.3066069,89186.3088659,89186.311685,5.0780999881681055
2,245,completed,89186.3378197,89186.3402501,89186.3410356,3.2158999965758994
4,245,completed,89186.3378225,89186.3405038,89186.341645,3.822499988018535
5,245,completed,89186.3380134,89186.3404447,89186.3420733,4.059899991261773
3,245,completed,89186.3378837,89186.340526,89186.3426088,4.725099992356263
1,245,completed,89186.3379192,89186.3405541,89186.3430869,5.167700001038611
0,245,completed,89186.3380802,89186.3405853,89186.3435812,5.500999992364086
1,246,completed,89186.3691725,89186.3716866,89186.3734535,4.281000001356006
5,246,completed,89186.3695267,89186.3729907,89186.3739777,4.451000000699423
3,246,completed,89186.3695842,89186.373055,89186.3744732,4.889000003458932
4,246,completed,89186.3697165,89186.3731542,89186.3749339,5.2174000011291355
2,246,completed,89186.369764,89186.3731687,89186.3753933,5.629299994325265
0,246,completed,89186.3696515,89186.3731253,89186.3758359,6.184400001075119
4,247,completed,89186.4005471,89186.4023471,89186.4039264,3.3793000038713217
2,247,completed,89186.4010314,89186.4033881,89186.404489,3.457599988905713
3,247,completed,89186.4010722,89186.4034773,89186.4050042,3.9320000068983063
0,247,completed,89186.4011294,89186.4035295,89186.4054912,4.36180000542663
1,247,completed,89186.4013269,89186.4036097,89186.4060126,4.685699997935444
5,247,completed,89186.4012463,89186.4036102,89186.4065041,5.257800003164448
5,248,completed,89186.4327558,89186.4359542,89186.4366212,3.865400009090081
3,248,completed,89186.4328017,89186.4360136,89186.4371347,4.33300000440795
1,248,completed,89186.432755,89186.4359434,89186.4375782,4.823199997190386
4,248,completed,89186.4328834,89186.4360589,89186.4380392,5.155799997737631
2,248,completed,89186.4329626,89186.4360887,89186.4385021,5.539500009035692
0,248,completed,89186.4330855,89186.4361051,89186.4389936,5.9080999926663935
1,249,completed,89186.4640836,89186.4668421,89186.4680493,3.9657000015722588
4,249,completed,89186.4645936,89186.4675203,89186.4685818,3.988199998275377
2,249,completed,89186.4641634,89186.4675002,89186.469061,4.897599996183999
3,249,completed,89186.4647165,89186.4675616,89186.4695687,4.852199999731965
0,249,completed,89186.464222,89186.46755,89186.4700631,5.841100006364286
5,249,completed,89186.4646946,89186.4675522,89186.4705771,5.882500001462176
4,250,completed,89186.5113914,89186.5132395,89186.5139232,2.5317999970866367
2,250,completed,89186.5114188,89186.5133195,89186.5144479,3.0291000002762303
5,250,completed,89186.5114653,89186.5133571,89186.5149076,3.4422999888192862
0,250,completed,89186.511407,89186.5133247,89186.5153446,3.9376000058837235
1,250,completed,89186.5115436,89186.5134198,89186.5157779,4.234299995005131
3,250,completed,89186.5116624,89186.5134524,89186.5161519,4.489500002819113
1,251,completed,89186.5431575,89186.5448245,89186.5456578,2.5003000046126544
3,251,completed,89186.5432503,89186.5450533,89186.5461684,2.9180999990785494
5,251,completed,89186.5432273,89186.5450634,89186.5466577,3.4304000000702217
0,251,completed,89186.5431728,89186.5451245,89186.5471639,3.9911000058054924
4,251,completed,89186.5434216,89186.545154,89186.5476863,4.264699993655086
2,251,completed,89186.543364,89186.5452153,89186.5481773,4.813300009118393
0,252,completed,89186.5748599,89186.576801,89186.5775412,2.6812999858520925
1,252,completed,89186.5748891,89186.5768145,89186.5781029,3.213800009689294
2,252,completed,89186.5749659,89186.5768895,89186.5785515,3.5856000031344593
3,252,completed,89186.5748888,89186.5769887,89186.5789873,4.098500008694828
4,252,completed,89186.5752989,89186.5770343,89186.5794203,4.121399993891828
5,252,completed,89186.5748734,89186.5769748,89186.5798535,4.980100013199262
1,253,completed,89186.6064675,89186.6086408,89186.6094388,2.9713000112678856
2,253,completed,89186.6065389,89186.6087838,89186.6099463,3.407399999559857
4,253,completed,89186.6065385,89186.6088047,89186.6103837,3.845200000796467
0,253,completed,89186.6065221,89186.6088991,89186.6108679,4.345800000010058
5,253,completed,89186.6066849,89186.6089172,89186.6114107,4.7257999976864085
3,253,completed,89186.6068499,89186.608951,89186.6119202,5.070300001534633
3,254,completed,89186.6438434,89186.6458063,89186.646844,3.0006000015418977
5,254,completed,89186.6438806,89186.6460811,89186.6473758,3.4952000132761896
0,254,completed,89186.644118,89186.6461376,89186.6478541,3.7360999995144084
2,254,completed,89186.6445587,89186.646393,89186.6483449,3.786199988098815
1,254,completed,89186.6446069,89186.6464192,89186.6488198,4.212900006677955
4,254,completed,89186.6446698,89186.64642,89186.649257,4.587199990055524
4,255,completed,89186.6749579,89186.6775388,89186.6785214,3.5634999949252233
3,255,completed,89186.6750216,89186.6777012,89186.679139,4.1174000070896
0,255,completed,89186.6750702,89186.6777542,89186.679638,4.56780000240542
2,255,completed,89186.6752269,89186.6778722,89186.680084,4.857100007939152
5,255,completed,89186.6754414,89186.6779045,89186.6805571,5.115699997986667
1,255,completed,89186.6755272,89186.6779183,89186.6810425,5.515299999387935
0,256,completed,89186.7066788,89186.7089147,89186.7098065,3.1277000089176
5,256,completed,89186.7068732,89186.7091913,89186.7103369,3.463699991698377
4,256,completed,89186.7068826,89186.709182,89186.7108052,3.9225999935297295
2,256,completed,89186.7067012,89186.7091941,89186.7112746,4.573400001390837
3,256,completed,89186.7067257,89186.7091989,89186.7117414,5.015699993236922
1,256,completed,89186.7069885,89186.7092493,89186.7122257,5.237200006376952
5,257,completed,89186.7391076,89186.7410739,89186.7417408,2.6331999979447573
2,257,completed,89186.7391335,89186.7411585,89186.7421923,3.0587999935960397
0,257,completed,89186.7391088,89186.7411556,89186.742676,3.5671999939950183
1,257,completed,89186.739176,89186.7412399,89186.7431428,3.9667999953962862
3,257,completed,89186.7392519,89186.7412742,89186.7436319,4.379999998491257
4,257,completed,89186.7393668,89186.7412901,89186.7440551,4.688300003181212
0,258,completed,89186.7740832,89186.7747509,89186.7765652,2.481999996234663
5,258,completed,89186.7741508,89186.7749758,89186.7770651,2.914299999247305
2,258,completed,89186.7747149,89186.7761944,89186.777518,2.8030999965267256
3,258,completed,89186.774873,89186.7763351,89186.7779746,3.101599999354221
4,258,completed,89186.7747899,89186.7762995,89186.7783888,3.5989000025438145
1,258,completed,89186.7746859,89186.7763025,89186.7788379,4.151999994064681
4,259,completed,89186.8054557,89186.8074241,89186.8082837,2.8279999969527125
0,259,completed,89186.8054988,89186.8075426,89186.8087949,3.2961000106297433
2,259,completed,89186.8055792,89186.8077096,89186.8092772,3.6980000004405156
1,259,completed,89186.8056157,89186.8077151,89186.8096832,4.067500005476177
5,259,completed,89186.8055411,89186.8077879,89186.8101777,4.636600002413616
3,259,completed,89186.8058806,89186.8078658,89186.8106361,4.755499991006218
2,260,completed,89186.8373716,89186.8391127,89186.8399299,2.558299995143898
4,260,completed,89186.8374206,89186.8392612,89186.8403955,2.974899995024316
0,260,completed,89186.8374672,89186.8393396,89186.8408796,3.412399993976578
1,260,completed,89186.8375713,89186.8394043,89186.8413946,3.8232999941101298
3,260,completed,89186.8374081,89186.8394155,89186.8418903,4.482200005440973
5,260,completed,89186.837773,89186.8395285,89186.8423291,4.556100000627339
4,261,completed,89186.8691247,89186.8706203,89186.8717605,2.635800003190525
3,261,completed,89186.8691649,89186.8707825,89186.87232,3.15509999927599
0,261,completed,89186.8695143,89186.8712194,89186.8727755,3.261200006818399
2,261,completed,89186.8695654,89186.8712756,89186.8732773,3.7118999898666516
5,261,completed,89186.8696361,89186.871355,89186.8737186,4.0825000032782555
1,261,completed,89186.8697751,89186.8713624,89186.8741013,4.3261999962851405
1,262,completed,89186.8999372,89186.9019769,89186.9027829,2.845700000762008
2,262,completed,89186.8999262,89186.9020631,89186.9033864,3.4601999941514805
5,262,completed,89186.8999807,89186.9021294,89186.9039036,3.922900010365993
3,262,completed,89186.9000084,89186.9021698,89186.9044105,4.402100006700493
4,262,completed,89186.9001018,89186.9022056,89186.904903,4.801200004294515
0,262,completed,89186.9001432,89186.902227,89186.9053786,5.235400007222779
5,263,completed,89186.933089,89186.9349252,89186.9356626,2.5735999952303246
0,263,completed,89186.9330764,89186.9349519,89186.9361736,3.0971999949542806
3,263,completed,89186.933122,89186.9350175,89186.936656,3.5340000031283125
1,263,completed,89186.9332498,89186.9351591,89186.9370927,3.8428999978350475
4,263,completed,89186.9333804,89186.9352114,89186.9375628,4.182399992714636
2,263,completed,89186.9333657,89186.9352042,89186.9380268,4.661099999793805
0,264,completed,89186.964684,89186.9669453,89186.9677551,3.071099999942817
1,264,completed,89186.9646261,89186.9670472,89186.9682981,3.671999991638586
5,264,completed,89186.9646495,89186.9671398,89186.9688603,4.210799990687519
3,264,completed,89186.9651567,89186.9672114,89186.969348,4.191300002275966
4,264,completed,89186.9652569,89186.9673363,89186.9698647,4.607800001394935
2,264,completed,89186.9652048,89186.9673319,89186.9703027,5.097900007967837
0,265,completed,89187.0007485,89187.0030781,89187.0038201,3.0716000037500635
4,265,completed,89187.0008323,89187.0031321,89187.004411,3.578700008802116
3,265,completed,89187.0008158,89187.0031198,89187.0048827,4.066900000907481
1,265,completed,89187.0007353,89187.0030276,89187.0053198,4.584499998600222
5,265,completed,89187.0010017,89187.003193,89187.0057464,4.744699996081181
2,265,completed,89187.0009479,89187.0031932,89187.006197,5.249099995126016
3,266,completed,89187.0323274,89187.0343067,89187.0350778,2.7504000026965514
4,266,completed,89187.0323609,89187.0344817,89187.0355611,3.2001999934436753
2,266,completed,89187.0324001,89187.0344943,89187.035998,3.5979000094812363
5,266,completed,89187.03251,89187.0345625,89187.0364255,3.9154999976744875
0,266,completed,89187.0325594,89187.0345716,89187.03698,4.4206000020494685
1,266,completed,89187.032612,89187.0345858,89187.0373526,4.740600008517504
1,267,completed,89187.0635148,89187.0653967,89187.0661958,2.6809999981196597
4,267,completed,89187.0634994,89187.0654165,89187.0666868,3.187399997841567
5,267,completed,89187.063539,89187.0654587,89187.0672042,3.665199998067692
0,267,completed,89187.0636945,89187.0656034,89187.0677959,4.101400001673028
2,267,completed,89187.0638227,89187.0656341,89187.0682503,4.427599997143261
3,267,completed,89187.0635735,89187.0655162,89187.0686832,5.1097000105073676
5,268,completed,89187.1107166,89187.1135497,89187.1144946,3.7779999984195456
2,268,completed,89187.1107162,89187.1136951,89187.1150544,4.33820000034757
4,268,completed,89187.111177,89187.1138938,89187.1154736,4.29660000372678
3,268,completed,89187.1111408,89187.1138768,89187.1159405,4.79970000742469
1,268,completed,89187.1112631,89187.1139246,89187.1163961,5.132999998750165
0,268,completed,89187.1111932,89187.1139583,89187.1169894,5.796199999167584
0,269,completed,89187.1424167,89187.1445404,89187.1453458,2.9291000100784004
3,269,completed,89187.1424006,89187.1445337,89187.1458552,3.4545999951660633
1,269,completed,89187.142469,89187.1446445,89187.1463621,3.893100001732819
2,269,completed,89187.14256,89187.1446947,89187.1468104,4.250400001183152
5,269,completed,89187.1426223,89187.1447255,89187.1472622,4.639899998437613
4,269,completed,89187.1427136,89187.1447303,89187.1476778,4.96420000854414
5,270,completed,89187.1727656,89187.1746831,89187.1753898,2.624200002173893
3,270,completed,89187.1728034,89187.1747512,89187.1758544,3.0510000069625676
4,270,completed,89187.172837,89187.1748431,89187.1763473,3.5102999972878024
2,270,completed,89187.1729265,89187.1748824,89187.1767895,3.8629999908152968
1,270,completed,89187.1730771,89187.1749321,89187.1772984,4.2212999978801236
0,270,completed,89187.1730497,89187.1749294,89187.177796,4.74630000826437
0,271,completed,89187.2040964,89187.2058075,89187.2074027,3.3063000009860843
1,271,completed,89187.2045026,89187.2068885,89187.2079375,3.4349000052316114
3,271,completed,89187.2045785,89187.2070219,89187.2084809,3.902399999788031
4,271,completed,89187.2046363,89187.2070334,89187.2089476,4.311299999244511
5,271,completed,89187.204685,89187.2070837,89187.2093703,4.685299994889647
2,271,completed,89187.2047588,89187.2070841,89187.2097851,5.026300001190975
3,272,completed,89187.2358244,89187.2378539,89187.2386079,2.783499992801808
0,272,completed,89187.2359013,89187.2380569,89187.2390814,3.180100000463426
4,272,completed,89187.2359241,89187.2381039,89187.2395521,3.628000005846843
2,272,completed,89187.2360093,89187.2381356,89187.2400496,4.04030000208877
5,272,completed,89187.2360991,89187.2381567,89187.2404791,4.379999998491257
1,272,completed,89187.2361931,89187.2381886,89187.2409155,4.7224000009009615
0,273,completed,89187.2684606,89187.2699303,89187.2710652,2.6045999984489754
3,273,completed,89187.2685257,89187.2702129,89187.2715288,3.003100006026216
1,273,completed,89187.2687531,89187.2705594,89187.2719877,3.2346000079996884
2,273,completed,89187.2687173,89187.2705522,89187.2724697,3.7523999926634133
5,273,completed,89187.2688749,89187.2706393,89187.2729656,4.09070000750944
4,273,completed,89187.2688791,89187.2706835,89187.2735163,4.637200006982312
2,274,completed,89187.3110849,89187.3133403,89187.3145409,3.456000005826354
4,274,completed,89187.311476,89187.3140431,89187.3150423,3.5663000016938895
3,274,completed,89187.311525,89187.3140677,89187.3155181,3.993100006482564
1,274,completed,89187.3115176,89187.3140725,89187.3159542,4.4366000074660406
5,274,completed,89187.3116293,89187.3141445,89187.3163889,4.75959999312181
0,274,completed,89187.3116793,89187.3141625,89187.3168334,5.154099999344908
2,275,completed,89187.3426741,89187.3445831,89187.3454828,2.8086999955121428
4,275,completed,89187.3427279,89187.3447109,89187.3460054,3.2774999999674037
3,275,completed,89187.3428308,89187.3448479,89187.3465201,3.6893000069539994
5,275,completed,89187.3428091,89187.3448055,89187.3469998,4.19069999770727
1,275,completed,89187.3429249,89187.3450245,89187.3474922,4.567299998598173
0,275,completed,89187.3428395,89187.3450149,89187.3479765,5.137000000104308
4,276,completed,89187.3738736,89187.3759454,89187.3768391,2.9655000107595697
5,276,completed,89187.3738115,89187.3761234,89187.3773421,3.5305999917909503
2,276,completed,89187.3743104,89187.3763649,89187.3778176,3.5072000027867034
3,276,completed,89187.3742434,89187.3763425,89187.3783211,4.077699995832518
1,276,completed,89187.3742447,89187.3763597,89187.3787825,4.5378000068012625
0,276,completed,89187.3742143,89187.3764303,89187.3792211,5.006799998227507
2,277,completed,89187.4046408,89187.4071701,89187.4081517,3.5109000018564984
3,277,completed,89187.4050622,89187.4075146,89187.4086474,3.585200000088662
4,277,completed,89187.4046716,89187.4074724,89187.4090854,4.413799993926659
1,277,completed,89187.4051143,89187.4075412,89187.4095284,4.4141000107629225
5,277,completed,89187.4051785,89187.4075413,89187.4099285,4.74999999278225
0,277,completed,89187.4050353,89187.4075099,89187.4103854,5.35009999293834
4,278,completed,89187.4364263,89187.4389214,89187.4397495,3.3231999987037852
1,278,completed,89187.4365554,89187.439114,89187.4402629,3.7075000000186265
0,278,completed,89187.4365702,89187.4392021,89187.4407392,4.1689999925438315
3,278,completed,89187.4367171,89187.43924,89187.4411744,4.457299990463071
2,278,completed,89187.4364174,89187.4392741,89187.441644,5.226600012974814
5,278,completed,89187.4364435,89187.4393064,89187.4421368,5.693300001439638
0,279,completed,89187.4683711,89187.4706332,89187.4718369,3.465800007688813
2,279,completed,89187.4688253,89187.4712919,89187.4723728,3.547499989508651
3,279,completed,89187.4687483,89187.4712896,89187.4728318,4.083499996340834
5,279,completed,89187.4687847,89187.4712916,89187.4733301,4.545399991911836
4,279,completed,89187.4686239,89187.4714508,89187.4738117,5.18779999401886
1,279,completed,89187.4690487,89187.4715001,89187.4742959,5.247199995210394
4,280,completed,89187.500004,89187.5018281,89187.5030679,3.0639000033261254
2,280,completed,89187.5001402,89187.5025047,89187.5035768,3.4365999890724197
1,280,completed,89187.5001995,89187.5026155,89187.5040049,3.8053999887779355
0,280,completed,89187.5005024,89187.5025991,89187.5044683,3.9659000030951574
5,280,completed,89187.5004799,89187.5027636,89187.5048683,4.388400004245341
3,280,completed,89187.5005706,89187.5027821,89187.5052887,4.718100011814386
1,281,completed,89187.5318986,89187.5335681,89187.5348316,2.932999996119179
3,281,completed,89187.5322296,89187.534326,89187.5353371,3.107500000623986
2,281,completed,89187.532287,89187.534407,89187.5357521,3.4651000023586676
4,281,completed,89187.5323479,89187.5344487,89187.5362436,3.895699992426671
0,281,completed,89187.5324185,89187.5344787,89187.5367792,4.360699997050688
5,281,completed,89187.532373,89187.5344559,89187.5372295,4.856500003370456
4,282,completed,89187.5632754,89187.5654039,89187.5663268,3.051400010008365
5,282,completed,89187.5634293,89187.5656721,89187.5668857,3.456399994320236
3,282,completed,89187.5635322,89187.5657226,89187.5674282,3.895999994711019
1,282,completed,89187.5636411,89187.5657496,89187.5679553,4.314199992222711
2,282,completed,89187.5634871,89187.5658322,89187.5684417,4.954600008204579
0,282,completed,89187.5635157,89187.5658424,89187.5688723,5.356599998776801
3,283,completed,89187.6104709,89187.6120239,89187.6133775,2.906599998823367
0,283,completed,89187.6105803,89187.6124294,89187.6139259,3.345600009197369
5,283,completed,89187.6109435,89187.612906,89187.6143993,3.4558000043034554
2,283,completed,89187.6109819,89187.6130249,89187.6148,3.81809999817051
4,283,completed,89187.6110174,89187.6130382,89187.6153027,4.2852999904425815
1,283,completed,89187.6111377,89187.6130704,89187.6158076,4.669899994041771
1,284,completed,89187.6413073,89187.6432078,89187.6439539,2.646599998115562
2,284,completed,89187.6413247,89187.6432799,89187.6445384,3.2136999943759292
4,284,completed,89187.6412947,89187.6432645,89187.6450173,3.7225999985821545
0,284,completed,89187.6413952,89187.6433679,89187.6454846,4.089399997610599
3,284,completed,89187.6414499,89187.6434032,89187.6459307,4.480800009332597
5,284,completed,89187.6415905,89187.6434467,89187.6463613,4.770799991092645
5,285,completed,89187.6727047,89187.6746543,89187.6753794,2.674699993804097
3,285,completed,89187.6727608,89187.6747496,89187.6758603,3.0995000124676153
0,285,completed,89187.6728198,89187.6748136,89187.6763248,3.505000000586733
1,285,completed,89187.6729672,89187.6749222,89187.6767703,3.803100000368431
2,285,completed,89187.6728901,89187.6749254,89187.6772466,4.356499994173646
4,285,completed,89187.6730427,89187.6749296,89187.6777375,4.694799994467758
2,286,completed,89187.7043627,89187.706683,89187.7075754,3.212700001313351
1,286,completed,89187.7044163,89187.706865,89187.7081253,3.7090000114403665
4,286,completed,89187.704493,89187.7070201,89187.7086225,4.129499997361563
0,286,completed,89187.7045665,89187.7070409,89187.7090871,4.520599992247298
3,286,completed,89187.7047185,89187.7071255,89187.7096489,4.9303999985568225
5,286,completed,89187.7047197,89187.7071408,89187.7101521,5.432399993878789
5,287,completed,89187.7353965,89187.7375462,89187.7383863,2.9898000066168606
0,287,completed,89187.7353965,89187.7377293,89187.7388831,3.4866000059992075
4,287,completed,89187.7357673,89187.7378429,89187.7393899,3.6226000083843246
1,287,completed,89187.7358077,89187.7378638,89187.7399053,4.0976000018417835
3,287,completed,89187.7358034,89187.737874,89187.7404139,4.610499992850237
2,287,completed,89187.7359138,89187.737883,89187.7409234,5.009599990444258
2,288,completed,89187.7675408,89187.7691757,89187.7698841,2.343299987842329
3,288,completed,89187.7675827,89187.7692895,89187.7708237,3.240999998524785
4,288,completed,89187.7676175,89187.7694057,89187.7713212,3.703700000187382
1,288,completed,89187.7677058,89187.7694135,89187.7718279,4.122099999221973
0,288,completed,89187.7675383,89187.7693834,89187.7723768,4.838499997276813
5,288,completed,89187.7677875,89187.7695034,89187.7728579,5.070400002296083
1,289,completed,89187.7987609,89187.8011476,89187.8022204,3.4595000033732504
4,289,completed,89187.7991703,89187.80165,89187.8027404,3.570100001525134
2,289,completed,89187.79929,89187.8017179,89187.8032386,3.948600002331659
3,289,completed,89187.7992848,89187.8017227,89187.8036983,4.413500006194226
0,289,completed,89187.7990958,89187.8017157,89187.8040833,4.987499996786937
5,289,completed,89187.7991027,89187.8019096,89187.8045498,5.447100003948435
3,290,completed,89187.8353091,89187.8372894,89187.8380701,2.7609999960986897
2,290,completed,89187.835442,89187.8374516,89187.8385681,3.1261000112863258
1,290,completed,89187.8352905,89187.8374558,89187.8390281,3.7375999963842332
5,290,completed,89187.8353017,89187.8374865,89187.8395048,4.203099990263581
0,290,completed,89187.8353987,89187.8375528,89187.8399848,4.586099996231496
4,290,completed,89187.8356179,89187.837609,89187.8404182,4.800299997441471
4,291,completed,89187.874546,89187.876777,89187.8776276,3.081599992583506
5,291,completed,89187.8745026,89187.8769706,89187.8781467,3.6440999974729493
0,291,completed,89187.8745036,89187.8770661,89187.8786992,4.195599991362542
3,291,completed,89187.8750387,89187.8771122,89187.8791429,4.104199993889779
2,291,completed,89187.8750791,89187.8771228,89187.8796001,4.520999995293096
1,291,completed,89187.8751271,89187.877143,89187.880044,4.916900012176484
0,292,completed,89187.9055155,89187.9084362,89187.9094957,3.980200010119006
4,292,completed,89187.9055419,89187.9086235,89187.9100591,4.517199995461851
3,292,completed,89187.9060139,89187.9090601,89187.9105395,4.5255999866640195
5,292,completed,89187.9060759,89187.9090776,89187.9110558,4.979899997124448
1,292,completed,89187.9059788,89187.9090544,89187.9115207,5.541899998206645
2,292,completed,89187.906007,89187.9090627,89187.9119465,5.939499998930842
3,293,completed,89187.9370436,89187.939019,89187.9398975,2.8538999904412776
2,293,completed,89187.9371831,89187.9391415,89187.940398,3.2149000035133213
5,293,completed,89187.9371689,89187.9393004,89187.9409514,3.7825000035809353
1,293,completed,89187.9375887,89187.9393921,89187.9414202,3.8314999983413145
0,293,completed,89187.9376472,89187.9394066,89187.9418889,4.241699993144721
4,293,completed,89187.9376862,89187.9394138,89187.9423854,4.699199998867698
3,294,completed,89187.9688291,89187.9710439,89187.9718673,3.038199996808544
1,294,completed,89187.9688292,89187.9711861,89187.9723734,3.5441999934846535
5,294,completed,89187.9692938,89187.9712854,89187.972826,3.5322000039741397
2,294,completed,89187.9694054,89187.9713232,89187.9732653,3.859899996314198
0,294,completed,89187.9693136,89187.9714283,89187.9736697,4.356100005679764
4,294,completed,89187.9692363,89187.9714116,89187.9741485,4.91219999094028
5,295,completed,89188.0006904,89188.0028458,89188.0038434,3.152999997837469
0,295,completed,89188.0007356,89188.0030075,89188.0044051,3.669500001706183
4,295,completed,89188.0011016,89188.0033796,89188.0048949,3.7932999985059723
1,295,completed,89188.0011897,89188.0034174,89188.005346,4.1563000122550875
2,295,completed,89188.0011605,89188.0034318,89188.0058345,4.673999996157363
3,295,completed,89188.0012345,89188.0034902,89188.0062762,5.041700002038851
3,296,completed,89188.0324989,89188.0351704,89188.0360946,3.595700007281266
0,296,completed,89188.0325111,89188.0353407,89188.0366307,4.119599994737655
4,296,completed,89188.0329241,89188.0355436,89188.0371248,4.200700001092628
2,296,completed,89188.0329114,89188.0355509,89188.0375705,4.659099999116734
1,296,completed,89188.0328515,89188.0355255,89188.0380394,5.1878999947803095
5,296,completed,89188.0326694,89188.0356811,89188.0385176,5.848200002219528
5,297,completed,89188.0639977,89188.0652976,89188.0665141,2.516400010790676
2,297,completed,89188.0640294,89188.0654777,89188.0670475,3.0180999892763793
4,297,completed,89188.0643508,89188.0661343,89188.0674996,3.1487999949604273
3,297,completed,89188.0643485,89188.0661274,89188.0679568,3.608300001360476
0,297,completed,89188.0644058,89188.0661871,89188.0684181,4.012299992609769
1,297,completed,89188.0644615,89188.0662088,89188.0688826,4.4210999913048
4,298,completed,89188.0960112,89188.0969969,89188.0976035,1.592300002812408
3,298,completed,89188.0963099,89188.0971766,89188.0981346,1.8247000116389245
1,298,completed,89188.1117643,89188.1132689,89188.1140577,2.293400000780821
5,298,completed,89188.1117463,89188.1134767,89188.1145939,2.8476000006776303
2,298,completed,89188.1121541,89188.1136081,89188.1150807,2.926599991042167
0,298,completed,89188.1123061,89188.1136539,89188.1154887,3.1826000049477443
0,299,completed,89188.1277923,89188.1294213,89188.1301065,2.3141999990912154
2,299,completed,89188.1277999,89188.1295844,89188.1305801,2.78019999677781
1,299,completed,89188.1279663,89188.1296045,89188.1310577,3.0913999944459647
5,299,completed,89188.1283124,89188.1296612,89188.1315014,3.188999995472841
4,299,completed,89188.1436576,89188.1442714,89188.1448576,1.1999999987892807
3,299,completed,89188.1436717,89188.1442842,89188.1453853,1.713599995127879
0,300,completed,89188.1746832,89188.1763127,89188.1771314,2.448200000799261
2,300,completed,89188.1747473,89188.1764722,89188.1776232,2.8758999978890643
3,300,completed,89188.1748744,89188.1766345,89188.1780534,3.1789999920874834
5,300,completed,89188.1748357,89188.1766619,89188.1784924,3.656699991552159
4,300,completed,89188.1747273,89188.1766584,89188.1788958,4.1685000032885
1,300,completed,89188.1750358,89188.1767814,89188.17931,4.274200007785112
0,301,completed,89188.2063862,89188.2077846,89188.2092379,2.8516999882413074
3,301,completed,89188.2065737,89188.2084382,89188.2097688,3.19510001281742
2,301,completed,89188.2067518,89188.2087709,89188.2102606,3.5088000004179776
5,301,completed,89188.2067925,89188.2088273,89188.2107103,3.917800000635907
1,301,completed,89188.2069125,89188.20889,89188.2111201,4.207599995424971
4,301,completed,89188.2070173,89188.208936,89188.211559,4.541700007393956
1,302,completed,89188.2378847,89188.2399954,89188.2407541,2.869399992050603
4,302,completed,89188.2379301,89188.2400969,89188.241277,3.34689998999238
5,302,completed,89188.2379701,89188.2401424,89188.2417813,3.8112000038381666
0,302,completed,89188.2378583,89188.2401705,89188.2423854,4.52709999808576
3,302,completed,89188.2381507,89188.2402391,89188.2428558,4.705100000137463
2,302,completed,89188.2381453,89188.2403317,89188.2433552,5.209900002228096
0,303,completed,89188.2697298,89188.2724499,89188.2733429,3.6131000088062137
3,303,completed,89188.2697141,89188.2724224,89188.2742871,4.57299999834504
4,303,completed,89188.2697135,89188.2726447,89188.2747562,5.0426999951014295
1,303,completed,89188.2699745,89188.2727477,89188.2752403,5.265800005872734
2,303,completed,89188.2697726,89188.2727351,89188.275737,5.964399999356829
5,303,completed,89188.2699416,89188.2727454,89188.2762141,6.272500002523884
2,304,completed,89188.3007333,89188.3034013,89188.3041267,3.3933999948203564
0,304,completed,89188.3007233,89188.3034183,89188.3047678,4.044500004965812
5,304,completed,89188.3007767,89188.3034513,89188.3052002,4.423500009579584
4,304,completed,89188.3008563,89188.303524,89188.3056545,4.79819999600295
3,304,completed,89188.3009669,89188.3035974,89188.3060755,5.108600002131425
1,304,completed,89188.3010594,89188.3036037,89188.3064681,5.408700002590194
3,305,completed,89188.3318436,89188.3350605,89188.3358009,3.9572999958181754
5,305,completed,89188.3319224,89188.335137,89188.3363593,4.436899995198473
0,305,completed,89188.331938,89188.3351384,89188.3368977,4.95970000338275
4,305,completed,89188.3320693,89188.3351885,89188.337329,5.25970000308007
1,305,completed,89188.3318473,89188.3350587,89188.3377484,5.901099997572601
2,305,completed,89188.3320659,89188.3351899,89188.3381254,6.059499995899387
2,306,completed,89188.3713048,89188.3729227,89188.3738677,2.5628999865148216
4,306,completed,89188.3713256,89188.372935,89188.3743894,3.063800002564676
0,306,completed,89188.3713789,89188.3728428,89188.3750449,3.6660000041592866
3,306,completed,89188.3719638,89188.3733691,89188.3754896,3.525799998897128
1,306,completed,89188.3718979,89188.3735174,89188.3759744,4.076500001247041
5,306,completed,89188.3718599,89188.3735032,89188.3764311,4.571199999190867
3,307,completed,89188.4022723,89188.4053419,89188.4061051,3.832800008240156
1,307,completed,89188.4022335,89188.4052642,89188.406614,4.380500002298504
4,307,completed,89188.402663,89188.4054948,89188.4070987,4.4357000006129965
5,307,completed,89188.4026645,89188.4054958,89188.4075152,4.8507000028621405
2,307,completed,89188.402362,89188.4055489,89188.4079489,5.586900006164797
0,307,completed,89188.402362,89188.4055993,89188.4085165,6.154500006232411
4,308,completed,89188.433667,89188.436527,89188.4381428,4.475800000363961
2,308,completed,89188.4337767,89188.4375525,89188.4386596,4.882900000666268
1,308,completed,89188.4341795,89188.4376443,89188.4391615,4.9820000131148845
5,308,completed,89188.4341528,89188.4378837,89188.4396053,5.452500001410954
0,308,completed,89188.4338317,89188.4378401,89188.4402075,6.375800003297627
3,308,completed,89188.434148,89188.4378874,89188.440635,6.4870000060182065
5,309,completed,89188.4655476,89188.4690414,89188.4698818,4.334199998993427
4,309,completed,89188.4654608,89188.4690347,89188.4703904,4.929600007017143
2,309,completed,89188.4658924,89188.4692544,89188.4708927,5.000300006940961
0,309,completed,89188.4658879,89188.4692529,89188.4714396,5.551700000069104
1,309,completed,89188.4658259,89188.469229,89188.4719199,6.093999996664934
3,309,completed,89188.4655582,89188.4693234,89188.4723942,6.836000000475906
5,310,completed,89188.4971351,89188.5003985,89188.5010849,3.949799996917136
2,310,completed,89188.4973606,89188.5004387,89188.5016175,4.256900007021613
1,310,completed,89188.4974487,89188.5004988,89188.5020855,4.636800003936514
4,310,completed,89188.4971303,89188.5003954,89188.5025664,5.436099992948584
3,310,completed,89188.4974709,89188.5004978,89188.5030351,5.56420000793878
0,310,completed,89188.4975106,89188.5005036,89188.5035106,5.999999993946403
4,311,completed,89188.5285443,89188.5306735,89188.5316153,3.0709999991813675
2,311,completed,89188.5285539,89188.5309665,89188.5321461,3.5921999951824546
5,311,completed,89188.5292012,89188.5311451,89188.5327093,3.508099995087832
3,311,completed,89188.5291752,89188.5311356,89188.5331712,3.9959999994607642
0,311,completed,89188.5287459,89188.5310987,89188.5335693,4.823399998713285
1,311,completed,89188.5288416,89188.5311413,89188.5340236,5.1820000080624595
4,312,completed,89188.5754451,89188.5773375,89188.5781687,2.7236000023549423
3,312,completed,89188.5756803,89188.5775113,89188.5787364,3.056100002140738
1,312,completed,89188.5753938,89188.5775799,89188.5792571,3.86330000765156
2,312,completed,89188.5754987,89188.5776152,89188.5797388,4.240100010065362
5,312,completed,89188.5753952,89188.5775633,89188.5802394,4.8442000115755945
0,312,completed,89188.575394,89188.5776227,89188.5808157,5.421699999715202
1,313,completed,89188.6085402,89188.6109075,89188.611569,3.0287999979918823
2,313,completed,89188.6085265,89188.6108392,89188.6120747,3.5481999948387966
0,313,completed,89188.6086308,89188.6109843,89188.6125716,3.940800001146272
5,313,completed,89188.6086131,89188.6109706,89188.613081,4.467899998417124
4,313,completed,89188.6086863,89188.6110228,89188.6136229,4.936600002110936
3,313,completed,89188.6088283,89188.611033,89188.6141103,5.281999998260289
4,314,completed,89188.6399822,89188.643233,89188.6439068,3.9246000087587163
5,314,completed,89188.6400294,89188.6433046,89188.6444653,4.435900002135895
2,314,completed,89188.6399762,89188.6432679,89188.6449684,4.9922000034712255
0,314,completed,89188.6401503,89188.6433844,89188.6454971,5.346800011466257
3,314,completed,89188.6402706,89188.6434061,89188.6460195,5.748900002799928
1,314,completed,89188.6403557,89188.6434233,89188.6465193,6.163600002764724
1,315,completed,89188.6717956,89188.6742977,89188.6753135,3.517899996950291
5,315,completed,89188.671935,89188.6746018,89188.6758859,3.9508999907411635
4,315,completed,89188.6724736,89188.6747844,89188.676451,3.97740000335034
3,315,completed,89188.6719086,89188.6747332,89188.6769564,5.047800004831515
2,315,completed,89188.6724226,89188.6747766,89188.6774418,5.019200005335733
0,315,completed,89188.6725371,89188.6748922,89188.6779193,5.382199989981018
4,316,completed,89188.7032843,89188.7056929,89188.7067846,3.500299993902445
2,316,completed,89188.7034128,89188.7059883,89188.7074809,4.068100010044873
3,316,completed,89188.7035539,89188.7060953,89188.7079871,4.433199996128678
0,316,completed,89188.7037552,89188.7061562,89188.7085794,4.824200004804879
5,316,completed,89188.7038283,89188.7062885,89188.7090996,5.271300004096702
1,316,completed,89188.7038083,89188.7062885,89188.7095618,5.753500008722767
5,317,completed,89188.734474,89188.7367916,89188.7378415,3.3675000013317913
1,317,completed,89188.7344913,89188.7368532,89188.7383935,3.9021999982651323
3,317,completed,89188.7350154,89188.7374286,89188.7388527,3.8372999988496304
4,317,completed,89188.7351134,89188.7374671,89188.7394413,4.327899994677864
0,317,completed,89188.7351436,89188.7374668,89188.7399698,4.826199990930036
2,317,completed,89188.7350474,89188.7374632,89188.7404649,5.41749999683816
4,318,completed,89188.7657071,89188.7670353,89188.7686257,2.918600002885796
0,318,completed,89188.7658404,89188.7674459,89188.7691508,3.3104000031016767
2,318,completed,89188.7661421,89188.7682124,89188.7696527,3.5105999995721504
5,318,completed,89188.7662217,89188.7682919,89188.7701393,3.9175999991130084
1,318,completed,89188.7660684,89188.7683113,89188.7706161,4.5476999948732555
3,318,completed,89188.7662538,89188.7683171,89188.771188,4.934199998388067
3,319,completed,89188.7969989,89188.7994192,89188.8003916,3.3927000040421262
0,319,completed,89188.7973831,89188.7998518,89188.8009496,3.566500003216788
4,319,completed,89188.7971206,89188.7998635,89188.8014434,4.322800014051609
5,319,completed,89188.7970427,89188.7999131,89188.8019599,4.917199999908917
1,319,completed,89188.7970193,89188.7999357,89188.8023852,5.365900011383928
2,319,completed,89188.797414,89188.7999562,89188.8028279,5.413899998529814
1,320,completed,89188.844129,89188.8470663,89188.8477774,3.6484000011114404
5,320,completed,89188.8442526,89188.847141,89188.8482674,4.014799997094087
3,320,completed,89188.8440931,89188.8471372,89188.8487508,4.657700003008358
2,320,completed,89188.8442112,89188.8472319,89188.84918,4.968799999915063
0,320,completed,89188.8444447,89188.8473026,89188.8496145,5.169800002477132
4,320,completed,89188.8443448,89188.8473358,89188.8500852,5.7403999962843955
5,321,completed,89188.864978,89188.8668823,89188.8676932,2.715199996600859
2,321,completed,89188.864943,89188.8668294,89188.8682146,3.2716000132495537
3,321,completed,89188.8651319,89188.8671246,89188.8686729,3.540999998222105
4,321,completed,89188.8650022,89188.8670945,89188.8691168,4.114600000320934
1,321,completed,89188.8652029,89188.8671604,89188.869546,4.343100008554757
0,321,completed,89188.8650435,89188.8671756,89188.870042,4.998499993234873
4,322,completed,89188.8983973,89188.9004959,89188.9012916,2.894300007028505
0,322,completed,89188.8983497,89188.9005746,89188.901815,3.4653000038815662
2,322,completed,89188.8984516,89188.9006229,89188.9023121,3.860500000882894
1,322,completed,89188.8984979,89188.9007191,89188.9028037,4.305800001020543
5,322,completed,89188.8986528,89188.9007755,89188.9032344,4.581600005622022
3,322,completed,89188.8986197,89188.9008575,89188.9036606,5.040899995947257
2,323,completed,89188.9306206,89188.9324098,89188.9331097,2.489099992089905
4,323,completed,89188.9306451,89188.9324948,89188.9335757,2.93059999239631
5,323,completed,89188.9306596,89188.9325138,89188.9340862,3.4266000002389774
3,323,completed,89188.9306978,89188.9325554,89188.93455,3.852200010442175
1,323,completed,89188.9307362,89188.9325879,89188.935002,4.265800002031028
0,323,completed,89188.9308693,89188.9326174,89188.9354475,4.57819999428466
2,324,completed,89188.963128,89188.965135,89188.9658172,2.6892000023508444
3,324,completed,89188.9632391,89188.9652268,89188.966304,3.0648999963887036
0,324,completed,89188.9633219,89188.965235,89188.9667803,3.458400009549223
4,324,completed,89188.9629249,89188.965179,89188.9672934,4.368499998236075
1,324,completed,89188.9631834,89188.9652539,89188.9677836,4.600200001732446
5,324,completed,89188.9629247,89188.9652367,89188.9682494,5.324700003257021
4,325,completed,89189.0108894,89189.0126128,89189.0134158,2.526399999624118
0,325,completed,89189.0108958,89189.0126611,89189.0139397,3.0438999965554103
3,325,completed,89189.0110077,89189.012842,89189.0144142,3.406500007258728
1,325,completed,89189.0110806,89189.0128939,89189.014927,3.846399995381944
5,325,completed,89189.0109421,89189.0129242,89189.0153965,4.4544000120367855
2,325,completed,89189.0111651,89189.0130156,89189.0158695,4.704399994807318
4,326,completed,89189.043181,89189.0453269,89189.0459429,2.7619000029517338
1,326,completed,89189.0432039,89189.0453785,89189.0464218,3.217899997252971
5,326,completed,89189.0431818,89189.0453596,89189.0468968,3.714999998919666
0,326,completed,89189.0432283,89189.0453739,89189.0473436,4.115300005651079
3,326,completed,89189.0434751,89189.0454367,89189.0478122,4.337100006523542
2,326,completed,89189.0433543,89189.0454229,89189.048288,4.933700009132735
0,327,completed,89189.074949,89189.0767428,89189.0775637,2.6147000025957823
2,327,completed,89189.0750981,89189.0770167,89189.0780913,2.9932000034023076
4,327,completed,89189.0749683,89189.0770138,89189.0786034,3.635100001702085
3,327,completed,89189.0749491,89189.0770404,89189.0791314,4.182299991953187
5,327,completed,89189.0749793,89189.0770526,89189.0796257,4.6464000042760745
1,327,completed,89189.07524,89189.0771216,89189.0800497,4.809699996258132
1,328,completed,89189.1061589,89189.1078896,89189.1086482,2.4892999936128035
2,328,completed,89189.1061499,89189.107942,89189.1091684,3.0184999923221767
5,328,completed,89189.1062276,89189.1080621,89189.1096056,3.3779999939724803
4,328,completed,89189.1062933,89189.1080878,89189.1100302,3.736899991054088
0,328,completed,89189.1062068,89189.1081844,89189.1104799,4.273099999409169
3,328,completed,89189.1064825,89189.1082705,89189.1108662,4.383699997561052
0,329,completed,89189.1374387,89189.1393686,89189.1401879,2.7492000081110746
5,329,completed,89189.1376441,89189.13963,89189.1406767,3.0325999978231266
3,329,completed,89189.1375546,89189.1395956,89189.1411662,3.6115999973844737
4,329,completed,89189.1375853,89189.1396152,89189.141673,4.087699999217875
2,329,completed,89189.1378027,89189.1396945,89189.1421794,4.37670000246726
1,329,completed,89189.1378332,89189.1396932,89189.1427328,4.89959999686107
2,330,completed,89189.1687863,89189.1705981,89189.1713022,2.515900006983429
3,330,completed,89189.168772,89189.1706298,89189.1718183,3.046300000278279
0,330,completed,89189.1688497,89189.1707105,89189.172324,3.4742999996524304
1,330,completed,89189.1689037,89189.1708208,89189.1728461,3.942399998777546
5,330,completed,89189.1689744,89189.1708456,89189.1733304,4.355999990366399
4,330,completed,89189.1690639,89189.170871,89189.1737931,4.7291999944718555
4,331,completed,89189.2004902,89189.20257,89189.2032137,2.723500001593493
1,331,completed,89189.2005288,89189.2026076,89189.2036724,3.1436000135727227
5,331,completed,89189.2004909,89189.2025425,89189.2041656,3.674699997645803
0,331,completed,89189.2006536,89189.2026632,89189.2046729,4.019300002255477
3,331,completed,89189.2007383,89189.2026871,89189.2051811,4.4427999964682385
2,331,completed,89189.2008041,89189.2026932,89189.205692,4.887900009634905
2,332,completed,89189.2323649,89189.2344898,89189.2352804,2.915499993832782
0,332,completed,89189.2324366,89189.2346022,89189.2357803,3.343700009281747
4,332,completed,89189.2326377,89189.2346907,89189.2362999,3.6622000043280423
5,332,completed,89189.2327354,89189.234714,89189.2367622,4.026800001156516
3,332,completed,89189.2323712,89189.234736,89189.237209,4.837799991946667
1,332,completed,89189.2323864,89189.2347391,89189.2376576,5.271199988783337
1,333,completed,89189.2641015,89189.2666548,89189.2673073,3.2058000069810078
5,333,completed,89189.2641023,89189.2666735,89189.2677805,3.678199995192699
3,333,completed,89189.264137,89189.2666941,89189.268249,4.111999995075166
0,333,completed,89189.2642514,89189.2667358,89189.2686985,4.44710000010673
4,333,completed,89189.2641854,89189.2667243,89189.2691067,4.921300002024509
2,333,completed,89189.2795374,89189.2801721,89189.2810111,1.4737000019522384
0,334,completed,89189.2950678,89189.2969541,89189.2977784,2.71059999067802
3,334,completed,89189.2950583,89189.2969514,89189.2982348,3.176499987603165
4,334,completed,89189.2958691,89189.297409,89189.2986808,2.8117000038037077
5,334,completed,89189.2957655,89189.2973831,89189.2991183,3.3527999912621453
1,334,completed,89189.2957921,89189.2974068,89189.2996081,3.815999996731989
2,334,completed,89189.3111038,89189.3114959,89189.312059,0.9551999974064529
5,335,completed,89189.3428263,89189.3447296,89189.3454653,2.638999998453073
4,335,completed,89189.3428178,89189.3447292,89189.3459525,3.1347000040113926
0,335,completed,89189.3428545,89189.3448481,89189.3463834,3.528899993398227
2,335,completed,89189.3428925,89189.3448922,89189.3468132,3.9206999936141074
3,335,completed,89189.3429378,89189.3449321,89189.3472499,4.312100005336106
1,335,completed,89189.3430198,89189.3449494,89189.3476442,4.624399996828288
2,336,completed,89189.3744953,89189.3764892,89189.3773032,2.8079000039724633
0,336,completed,89189.3746182,89189.376669,89189.3778677,3.2494999904884025
5,336,completed,89189.3744853,89189.376698,89189.3783828,3.897500006132759
3,336,completed,89189.3745203,89189.376767,89189.3788363,4.3160000059287995
4,336,completed,89189.3747341,89189.376824,89189.3792992,4.565099996398203
1,336,completed,89189.3746832,89189.3768464,89189.3797561,5.072899992228486
1,337,completed,89189.4051082,89189.4070951,89189.4080549,2.9467000131262466
5,337,completed,89189.4051829,89189.4073116,89189.4086044,3.421500005060807
0,337,completed,89189.4052389,89189.407373,89189.4091429,3.903999997419305
2,337,completed,89189.4053968,89189.4075074,89189.409655,4.25820000236854
4,337,completed,89189.4051495,89189.4075135,89189.4101624,5.012900001020171
3,337,completed,89189.4054147,89189.4076111,89189.4106983,5.283599995891564
0,338,completed,89189.4421509,89189.4440864,89189.4447985,2.6476000057300553
4,338,completed,89189.4421378,89189.4441204,89189.4453291,3.1912999984342605
5,338,completed,89189.4422993,89189.4441935,89189.4457744,3.47509999119211
1,338,completed,89189.4422009,89189.4441506,89189.4462228,4.0219000075012445
3,338,completed,89189.4421364,89189.4442537,89189.4466817,4.545300005702302
2,338,completed,89189.4424479,89189.4443283,89189.4470747,4.626800000551157
4,339,completed,89189.4737465,89189.4763181,89189.4771286,3.3820999960880727
1,339,completed,89189.4737271,89189.4763181,89189.4776555,3.9283999940380454
2,339,completed,89189.4735845,89189.4763806,89189.478161,4.576500010443851
0,339,completed,89189.4736148,89189.4764332,89189.4786612,5.04640000872314
5,339,completed,89189.47367,89189.4764999,89189.4791004,5.430399993201718
3,339,completed,89189.4738796,89189.4765634,89189.4795701,5.690499994670972
4,340,completed,89189.5048273,89189.507019,89189.5077109,2.8835999983130023
3,340,completed,89189.5048277,89189.5069783,89189.5082624,3.4347000037087128
2,340,completed,89189.5049239,89189.5071072,89189.5087981,3.874199988786131
1,340,completed,89189.5050687,89189.5071655,89189.5092744,4.205699995509349
5,340,completed,89189.5048547,89189.507212,89189.5097924,4.937699995934963
0,340,completed,89189.505042,89189.5072538,89189.51025,5.208000002312474
2,341,completed,89189.5365256,89189.5384678,89189.5391292,2.6036000053863972
1,341,completed,89189.5365257,89189.5384413,89189.5396116,3.085900010773912
4,341,completed,89189.5365309,89189.5384623,89189.5400625,3.5315999994054437
0,341,completed,89189.5366496,89189.5385342,89189.5406176,3.967999989981763
3,341,completed,89189.5366978,89189.5386862,89189.5411425,4.444700010935776
5,341,completed,89189.5366692,89189.5386789,89189.5416056,4.936400000588037
4,342,completed,89189.5680804,89189.5706214,89189.5712675,3.187099995557219
3,342,completed,89189.5680667,89189.5706181,89189.5718035,3.7368000048445538
1,342,completed,89189.5682112,89189.5706945,89189.5722671,4.05589998990763
0,342,completed,89189.5681004,89189.5706495,89189.5728425,4.742099990835413
2,342,completed,89189.5683743,89189.5707169,89189.5732204,4.8460999969393015
5,342,completed,89189.5683468,89189.5709062,89189.5735953,5.24849999055732
5,343,completed,89189.599717,89189.6004769,89189.6024263,2.7092999953310937
1,343,completed,89189.5999039,89189.6012434,89189.6029446,3.040700001292862
3,343,completed,89189.6003152,89189.6021909,89189.6033865,3.0713000014657155
4,343,completed,89189.6004105,89189.6022668,89189.6038614,3.4508999960962683
0,343,completed,89189.6003421,89189.6022514,89189.6043954,4.0532999992137775
2,343,completed,89189.6003945,89189.6022685,89189.604785,4.390500005683862
3,344,completed,89189.6316972,89189.6336852,89189.6347361,3.038899987586774
2,344,completed,89189.6316605,89189.6337113,89189.6352179,3.5573999921325594
5,344,completed,89189.631838,89189.634237,89189.6356815,3.8435000024037436
0,344,completed,89189.6323142,89189.6343139,89189.6362938,3.979599990998395
4,344,completed,89189.6323861,89189.6343437,89189.6368007,4.414600000018254
1,344,completed,89189.6324441,89189.6343442,89189.6372863,4.842199996346608
5,345,completed,89189.6635757,89189.6658463,89189.6669645,3.3887999888975173
2,345,completed,89189.6636735,89189.6661877,89189.6674869,3.8133999914862216
1,345,completed,89189.6640026,89189.6664119,89189.6679419,3.939300004276447
3,345,completed,89189.664083,89189.6664358,89189.6684331,4.350100003648549
0,345,completed,89189.6639601,89189.6665736,89189.6689845,5.024399986723438
4,345,completed,89189.6641126,89189.666635,89189.6693869,5.274299997836351
1,346,completed,89189.7111554,89189.7135497,89189.7147101,3.5547000006772578
2,346,completed,89189.7115636,89189.7141328,89189.7152931,3.729500007466413
4,346,completed,89189.7116283,89189.7142179,89189.7158934,4.265099996700883
5,346,completed,89189.7116699,89189.7142292,89189.7163379,4.6679999941261485
3,346,completed,89189.7117282,89189.7142528,89189.716827,5.098800000268966
0,346,completed,89189.7116685,89189.7144062,89189.7173214,5.652900013956241
3,347,completed,89189.7428915,89189.7433321,89189.7456606,2.769099999568425
1,347,completed,89189.7435791,89189.7454667,89189.7462457,2.666599990334362
4,347,completed,89189.7435898,89189.7455947,89189.7467476,3.1578000052832067
2,347,completed,89189.7436748,89189.7456865,89189.7472346,3.5597999958554283
0,347,completed,89189.7436789,89189.7456882,89189.7476677,3.9887999882921576
5,347,completed,89189.7437466,89189.7457236,89189.7481109,4.364299995359033
5,348,completed,89189.7744069,89189.7762954,89189.7769814,2.5745000020833686
0,348,completed,89189.774411,89189.7763105,89189.7774404,3.029399988008663
3,348,completed,89189.7745156,89189.7764396,89189.7779208,3.4051999973598868
1,348,completed,89189.774429,89189.7764353,89189.7784347,4.005700000561774
4,348,completed,89189.7745575,89189.776483,89189.7789291,4.371599992737174
2,348,completed,89189.7744449,89189.7765227,89189.7793938,4.948899993905798
2,349,completed,89189.8059752,89189.8075914,89189.8090632,3.0879999976605177
4,349,completed,89189.8062603,89189.8084051,89189.8095467,3.2863999949768186
3,349,completed,89189.8064405,89189.8086615,89189.8100573,3.6167999933240935
5,349,completed,89189.8065023,89189.8086881,89189.8105438,4.041500011226162
1,349,completed,89189.8062885,89189.8087866,89189.811041,4.752499997266568
0,349,completed,89189.8063017,89189.8087747,89189.8115396,5.237900011707097
2,350,completed,89189.8369616,89189.8390679,89189.8400177,3.056100002140738
5,350,completed,89189.8370468,89189.8392903,89189.8405171,3.4702999982982874
3,350,completed,89189.8371021,89189.839398,89189.8410146,3.9124999893829226
0,350,completed,89189.8370105,89189.8394787,89189.8415682,4.557699998258613
4,350,completed,89189.8372421,89189.8394872,89189.8420532,4.811100006918423
1,350,completed,89189.8371803,89189.8395803,89189.8425041,5.323799996403977
5,351,completed,89189.868678,89189.8706406,89189.8712735,2.595500001916662
0,351,completed,89189.8686736,89189.8706266,89189.8717725,3.0989000078989193
1,351,completed,89189.8686364,89189.8705543,89189.8722652,3.6287999973865226
3,351,completed,89189.8687538,89189.8706954,89189.8727585,4.004700007499196
4,351,completed,89189.8687763,89189.8707266,89189.8732623,4.485999990720302
2,351,completed,89189.8688967,89189.8707755,89189.8737945,4.897799997706898
3,352,completed,89189.9003536,89189.9015009,89189.9031843,2.8307000029599294
0,352,completed,89189.9005655,89189.9027029,89189.903748,3.182500004186295
1,352,completed,89189.9005931,89189.9027643,89189.9042128,3.619700000854209
2,352,completed,89189.9009358,89189.9028609,89189.9046701,3.7343000003602356
4,352,completed,89189.9010578,89189.9029114,89189.9050665,4.008699994301423
5,352,completed,89189.9010566,89189.9029386,89189.9054906,4.433999987668358
4,353,completed,89189.9320391,89189.9333258,89189.9345978,2.5587000127416104
1,353,completed,89189.932107,89189.9337522,89189.9350959,2.9888999997638166
3,353,completed,89189.9321989,89189.934177,89189.9355975,3.3986000053118914
5,353,completed,89189.9324038,89189.9341758,89189.9360672,3.663399998913519
0,353,completed,89189.9324957,89189.9342696,89189.9364867,3.990999990492128
2,353,completed,89189.932566,89189.9342975,89189.9369406,4.374600001028739
4,354,completed,89189.9691702,89189.9712326,89189.972168,2.9977999947732314
2,354,completed,89189.9692209,89189.9714472,89189.9726612,3.4402999881422147
3,354,completed,89189.9694518,89189.9715411,89189.9731416,3.689799996209331
0,354,completed,89189.9692518,89189.9715538,89189.973633,4.3812000076286495
5,354,completed,89189.9695193,89189.9716152,89189.9740721,4.552800004603341
1,354,completed,89189.9696074,89189.9716952,89189.9745472,4.939800011925399
4,355,completed,89190.000877,89190.0037396,89190.0045915,3.714499995112419
2,355,completed,89190.0009519,89190.0038835,89190.0051352,4.18329999956768
3,355,completed,89190.0012406,89190.003998,89190.005595,4.354399992735125
5,355,completed,89190.0013466,89190.0040414,89190.006097,4.750400010379963
1,355,completed,89190.0013025,89190.0040316,89190.006537,5.234500000369735
0,355,completed,89190.0014236,89190.0040712,89190.0069827,5.559099998208694
4,356,completed,89190.0332716,89190.0352364,89190.0358433,2.5716999953147024
1,356,completed,89190.0332487,89190.0351729,89190.0363529,3.1042000045999885
5,356,completed,89190.0332399,89190.0352263,89190.0368636,3.623700002208352
2,356,completed,89190.0333707,89190.0353062,89190.037299,3.9283000078285113
0,356,completed,89190.0334964,89190.0353342,89190.0377256,4.22919999982696
3,356,completed,89190.0335855,89190.0353504,89190.0381761,4.590600001392886
0,357,completed,89190.0653445,89190.0671105,89190.0678626,2.518099994631484
5,357,completed,89190.0653808,89190.0671896,89190.0683921,3.0112999957054853
2,357,completed,89190.0653319,89190.0670975,89190.0689012,3.569299995433539
4,357,completed,89190.0654404,89190.0672489,89190.0693506,3.9102000009734184
1,357,completed,89190.065635,89190.0673558,89190.0697106,4.075599994393997
3,357,completed,89190.0655673,89190.0673401,89190.0700829,4.515599997830577
0,358,completed,89190.0964722,89190.0976588,89190.0983371,1.864899997599423
5,358,completed,89190.0965163,89190.097725,89190.098921,2.4047000042628497
2,358,completed,89190.0965871,89190.0977525,89190.099419,2.8319000120973215
4,358,completed,89190.1124509,89190.1139999,89190.1146701,2.2192000033101067
1,358,completed,89190.1125836,89190.1141948,89190.1151972,2.6135999942198396
3,358,completed,89190.1128004,89190.1141621,89190.1156993,2.898899998399429
0,359,completed,89190.1439564,89190.1463913,89190.1471355,3.1790999928489327
2,359,completed,89190.1439361,89190.146361,89190.1476211,3.6850000033155084
1,359,completed,89190.1440315,89190.146518,89190.1481076,4.076099998201244
5,359,completed,89190.1441196,89190.1465772,89190.1486213,4.501700008404441
3,359,completed,89190.1440984,89190.1465872,89190.1490847,4.98630000220146
4,359,completed,89190.1443284,89190.1466049,89190.1496335,5.3050999995321035
4,360,completed,89190.1747888,89190.1764864,89190.1772483,2.4594999995315447
5,360,completed,89190.1747933,89190.1764746,89190.177763,2.969699999084696
0,360,completed,89190.1750175,89190.1767234,89190.1782124,3.194899996742606
1,360,completed,89190.1749068,89190.1766698,89190.1785932,3.686399999423884
3,360,completed,89190.1748314,89190.1767552,89190.1790335,4.202099997201003
2,360,completed,89190.1749954,89190.1768148,89190.1795123,4.516900007729419
5,361,completed,89190.2059315,89190.207011,89190.2088806,2.9491000022972003
0,361,completed,89190.2062654,89190.2083395,89190.2094341,3.168700000969693
4,361,completed,89190.2063331,89190.2084913,89190.2098777,3.544600011082366
3,361,completed,89190.2064876,89190.2086408,89190.2103261,3.8385000079870224
2,361,completed,89190.2064408,89190.2086735,89190.210864,4.423199992743321
1,361,completed,89190.2065124,89190.2086866,89190.2114117,4.899300009128638
4,362,completed,89190.2373007,89190.2392302,89190.240245,2.9442999948514625
1,362,completed,89190.2373228,89190.2393527,89190.2408066,3.4837999992305413
3,362,completed,89190.2373953,89190.2394769,89190.2413091,3.913799999281764
0,362,completed,89190.2375378,89190.2396382,89190.2418,4.262200003722683
2,362,completed,89190.2374941,89190.2397236,89190.2423224,4.828299992368557
5,362,completed,89190.2376669,89190.2397674,89190.2428441,5.177200000616722
2,363,completed,89190.2682968,89190.2694306,89190.2710308,2.733999994234182
4,363,completed,89190.2686443,89190.2704093,89190.2715337,2.889399998821318
0,363,completed,89190.2685167,89190.2705816,89190.2719673,3.4505999938119203
5,363,completed,89190.2687079,89190.2705959,89190.2724605,3.752599994186312
1,363,completed,89190.2688228,89190.2706788,89190.2729482,4.125399995245971
3,363,completed,89190.268748,89190.2706607,89190.2734669,4.718900003354065
3,364,completed,89190.2996537,89190.3015518,89190.3027312,3.0775000050198287
5,364,completed,89190.2997527,89190.3019957,89190.3032543,3.501600003801286
1,364,completed,89190.2999141,89190.3021452,89190.3037221,3.807999994023703
4,364,completed,89190.2999647,89190.3022009,89190.304208,4.24330000532791
2,364,completed,89190.3000787,89190.302263,89190.3047269,4.648199988878332
0,364,completed,89190.300047,89190.3022514,89190.3051867,5.139700006111525
1,365,completed,89190.3309302,89190.3327656,89190.3337501,2.8199000080348924
3,365,completed,89190.3310095,89190.3329792,89190.3343046,3.2950999884633347
5,365,completed,89190.3309565,89190.332935,89190.3346829,3.726399998413399
2,365,completed,89190.3312829,89190.3331936,89190.335153,3.870100001222454
4,365,completed,89190.3313626,89190.3332527,89190.3355847,4.222100003971718
0,365,completed,89190.3313366,89190.3332598,89190.3361306,4.794000007677823
1,366,completed,89190.3784499,89190.3802698,89190.3813641,2.9141999984858558
5,366,completed,89190.3786399,89190.3806912,89190.3819939,3.3540000003995374
2,366,completed,89190.3786939,89190.3807856,89190.3824669,3.7730000040028244
4,366,completed,89190.3787393,89190.3808652,89190.3829665,4.227199999149889
3,366,completed,89190.3789126,89190.3809237,89190.3834284,4.515799999353476
0,366,completed,89190.3788044,89190.3809137,89190.3839307,5.12630000594072
1,367,completed,89190.4093331,89190.4116361,89190.4125041,3.1709999893791974
5,367,completed,89190.409294,89190.4116673,89190.4130333,3.739300009328872
3,367,completed,89190.4094002,89190.4118069,89190.4135155,4.115299991099164
0,367,completed,89190.4094302,89190.4117834,89190.4138935,4.463299992494285
4,367,completed,89190.4096343,89190.4119191,89190.4143169,4.682600003434345
2,367,completed,89190.4095624,89190.4119231,89190.4147043,5.14189999375958
4,368,completed,89190.4400554,89190.4407605,89190.4426872,2.631800001836382
1,368,completed,89190.4404282,89190.4423072,89190.4432912,2.8630000015255064
5,368,completed,89190.44046,89190.4423958,89190.4437659,3.305899997940287
3,368,completed,89190.4403875,89190.4424834,89190.4442112,3.823699997155927
2,368,completed,89190.4406333,89190.4425485,89190.4446996,4.0663000108907
0,368,completed,89190.4405564,89190.4426059,89190.4451734,4.616999998688698
2,369,completed,89190.4711524,89190.4731557,89190.4740515,2.8990999999223277
5,369,completed,89190.4711874,89190.4732906,89190.4746041,3.416699997615069
1,369,completed,89190.471227,89190.4733818,89190.4751244,3.89740000537131
0,369,completed,89190.4712708,89190.4734163,89190.4756081,4.3372999934945256
4,369,completed,89190.4713352,89190.4734662,89190.4760922,4.757000002427958
3,369,completed,89190.4714841,89190.4735327,89190.4765581,5.074000000604428
5,370,completed,89190.5039288,89190.5063759,89190.5071218,3.192999996826984
4,370,completed,89190.5039807,89190.5064303,89190.5076933,3.712599995196797
3,370,completed,89190.5040268,89190.5064716,89190.5081913,4.164500001934357
2,370,completed,89190.5039334,89190.5064636,89190.5086862,4.752799999550916
1,370,completed,89190.5042418,89190.5065573,89190.5091536,4.911800002446398
0,370,completed,89190.5041185,89190.5065615,89190.5096108,5.49229999887757
4,371,completed,89190.5354495,89190.5359259,89190.5380928,2.643299987539649
0,371,completed,89190.5359259,89190.5376572,89190.5386867,2.7608000091277063
1,371,completed,89190.5359482,89190.5377952,89190.5391395,3.1912999984342605
3,371,completed,89190.5360438,89190.5379686,89190.5396042,3.5604000004241243
2,371,completed,89190.5360034,89190.5379657,89190.5400245,4.02110000140965
5,371,completed,89190.5361601,89190.5380167,89190.5404002,4.240099995513447
0,372,completed,89190.5671457,89190.5690186,89190.5698671,2.721400000154972
3,372,completed,89190.5671885,89190.5691318,89190.5703671,3.178599989041686
1,372,completed,89190.5672427,89190.5692278,89190.5708435,3.6008000024594367
4,372,completed,89190.5674123,89190.5693181,89190.571286,3.8736999995307997
5,372,completed,89190.5672436,89190.5693657,89190.5717593,4.5156999985920265
2,372,completed,89190.5675325,89190.569464,89190.5722522,4.719699994893745
3,373,completed,89190.59866,89190.6009498,89190.6017212,3.0611999973189086
0,373,completed,89190.5986763,89190.6010552,89190.6022233,3.5470000002533197
4,373,completed,89190.598765,89190.6011366,89190.6026905,3.925500001059845
1,373,completed,89190.598706,89190.6010683,89190.6031939,4.487899990635924
5,373,completed,89190.5988447,89190.6012016,89190.6036798,4.835100000491366
2,373,completed,89190.5990133,89190.6012273,89190.6042041,5.190800002310425
5,374,completed,89190.630781,89190.6323078,89190.6334981,2.717099996516481
3,374,completed,89190.6307922,89190.6324852,89190.6340361,3.2439000060549006
2,374,completed,89190.6311426,89190.632871,89190.634499,3.3564000041224062
4,374,completed,89190.6310973,89190.6329508,89190.6350003,3.9029999898048118
0,374,completed,89190.6312466,89190.6331352,89190.6354899,4.24330000532791
1,374,completed,89190.6312408,89190.6331351,89190.6359829,4.742100005387329
2,375,completed,89190.6625735,89190.6641715,89190.6649799,2.406400002655573
4,375,completed,89190.6625945,89190.6642407,89190.6655072,2.912700001616031
1,375,completed,89190.6626366,89190.6643441,89190.6660028,3.366200005984865
0,375,completed,89190.6626824,89190.6643773,89190.6664543,3.7718999956268817
3,375,completed,89190.6628285,89190.6644225,89190.6668643,4.035799996927381
5,375,completed,89190.678674,89190.6791308,89190.6797199,1.0459000041009858
5,376,completed,89190.709946,89190.7120543,89190.712904,2.957999997306615
2,376,completed,89190.7100106,89190.7122737,89190.7134105,3.3999000006588176
3,376,completed,89190.7100489,89190.7123129,89190.7138607,3.8117999938549474
0,376,completed,89190.710144,89190.7123702,89190.7143424,4.198399998131208
1,376,completed,89190.7101959,89190.7124499,89190.7147716,4.575700004352257
4,376,completed,89190.7103296,89190.7124693,89190.7151904,4.860800007008947
4,377,completed,89190.7409535,89190.7430737,89190.7438521,2.898599996115081
3,377,completed,89190.7410638,89190.7433065,89190.744297,3.2331999973393977
1,377,completed,89190.7409861,89190.7432795,89190.7447731,3.78699999419041
2,377,completed,89190.741159,89190.7433543,89190.7452417,4.082700004801154
0,377,completed,89190.7413021,89190.7434273,89190.745737,4.434900009073317
5,377,completed,89190.7412936,89190.7434227,89190.7461714,4.877799990936182
3,378,completed,89190.7730296,89190.7752195,89190.7758931,2.863500005332753
4,378,completed,89190.7731838,89190.7753275,89190.776415,3.231199996662326
0,378,completed,89190.7730099,89190.7754127,89190.7770286,4.018699997686781
5,378,completed,89190.7730101,89190.7754083,89190.7774627,4.452599998330697
1,378,completed,89190.773324,89190.7754622,89190.7779177,4.5937000104459
2,378,completed,89190.773091,89190.7754234,89190.7784482,5.357200003345497
3,379,completed,89190.8045181,89190.8063656,89190.8072856,2.767500001937151
0,379,completed,89190.8045765,89190.8066175,89190.8079541,3.377600005478598
2,379,completed,89190.804665,89190.806757,89190.8084102,3.745199996046722
1,379,completed,89190.8045482,89190.8067985,89190.8087861,4.237899993313476
4,379,completed,89190.804819,89190.8068248,89190.8091908,4.371800008811988
5,379,completed,89190.8047888,89190.8069286,89190.8095774,4.78859999566339
3,380,completed,89190.8364272,89190.8386992,89190.8395552,3.1279999966500327
4,380,completed,89190.8365103,89190.8389089,89190.8400548,3.5445000103209168
0,380,completed,89190.8366434,89190.839081,89190.8406251,3.9816999924369156
2,380,completed,89190.8367364,89190.8391124,89190.841155,4.418600001372397
5,380,completed,89190.8364589,89190.8391324,89190.8416536,5.194700002903119
1,380,completed,89190.836592,89190.8391965,89190.8421363,5.544299987377599
1,381,completed,89190.8680065,89190.8703871,89190.8712658,3.2593000069027767
3,381,completed,89190.867977,89190.8703932,89190.8717462,3.76920000417158
2,381,completed,89190.8687415,89190.8707814,89190.8722283,3.486799992970191
5,381,completed,89190.8686991,89190.8707611,89190.8726214,3.9223000057972968
0,381,completed,89190.8688864,89190.8708273,89190.8731494,4.262999995262362
4,381,completed,89190.8689783,89190.8708363,89190.8735705,4.59219999902416
4,382,completed,89190.8999367,89190.902411,89190.9031395,3.202799998689443
2,382,completed,89190.8998576,89190.9024226,89190.9036569,3.799300000537187
3,382,completed,89190.8998359,89190.9025089,89190.9041873,4.3513999989954755
1,382,completed,89190.9000045,89190.9026436,89190.9046908,4.68630000250414
5,382,completed,89190.8999008,89190.9026251,89190.9051734,5.272599999443628
0,382,completed,89190.9000996,89190.9026568,89190.9056327,5.53310000395868
0,383,completed,89190.9313523,89190.9333077,89190.9341772,2.8249000024516135
1,383,completed,89190.9314025,89190.9336037,89190.9346727,3.270199988037348
3,383,completed,89190.9314723,89190.9336394,89190.9351537,3.6814000050071627
4,383,completed,89190.9315536,89190.9336872,89190.9356379,4.084299987880513
2,383,completed,89190.9316167,89190.9337043,89190.9360726,4.455899994354695
5,383,completed,89190.9314194,89190.9336825,89190.9364903,5.070899991551414
3,384,completed,89190.963021,89190.9643216,89190.9655413,2.5202999968314543
1,384,completed,89190.9630636,89190.9644682,89190.966019,2.955400006612763
2,384,completed,89190.9633445,89190.9650438,89190.9665042,3.1596999906469136
0,384,completed,89190.9634302,89190.9651503,89190.966931,3.5007999977096915
4,384,completed,89190.9634875,89190.9652191,89190.9673532,3.8656999968225136
5,384,completed,89190.9635852,89190.9652406,89190.9677561,4.170899992459454
1,385,completed,89191.0106009,89191.0126374,89191.0134392,2.838300002622418
3,385,completed,89191.0106652,89191.0127152,89191.0139789,3.3136999991256744
4,385,completed,89191.0107183,89191.0128284,89191.0144939,3.775600009248592
0,385,completed,89191.0109748,89191.0129768,89191.0149947,4.019900006824173
5,385,completed,89191.0107353,89191.0129886,89191.0154899,4.754599998705089
2,385,completed,89191.0107714,89191.0130197,89191.0159653,5.193899996811524
0,386,completed,89191.0322489,89191.0341343,89191.0348403,2.5913999998010695
4,386,completed,89191.0322836,89191.0342607,89191.0353227,3.039100003661588
1,386,completed,89191.0322345,89191.0342746,89191.0357769,3.5423999943304807
2,386,completed,89191.0323449,89191.0342906,89191.0362174,3.872500004945323
5,386,completed,89191.0322131,89191.0342866,89191.0366674,4.454299996723421
3,386,completed,89191.0324755,89191.0344012,89191.0371104,4.634899989468977
5,387,completed,89191.0754104,89191.077326,89191.0780956,2.6852000009967014
3,387,completed,89191.075402,89191.0773098,89191.0785998,3.1978000042727217
0,387,completed,89191.0753838,89191.0774436,89191.0790844,3.700600005686283
1,387,completed,89191.0755335,89191.0774808,89191.0795484,4.014899997855537
4,387,completed,89191.0755702,89191.0775179,89191.0800053,4.4350999960443005
2,387,completed,89191.0754241,89191.0776604,89191.0805227,5.098599998746067
0,388,completed,89191.0972521,89191.0992363,89191.0999552,2.7031000063288957
3,388,completed,89191.0972446,89191.0992944,89191.1004613,3.216700002667494
4,388,completed,89191.0972882,89191.0993945,89191.1009141,3.625899989856407
2,388,completed,89191.0973265,89191.099444,89191.1014236,4.097099998034537
1,388,completed,89191.0973833,89191.0994846,89191.1019181,4.534799998509698
5,388,completed,89191.0974069,89191.0994945,89191.1024328,5.025900012697093
2,389,completed,89191.1330962,89191.1349286,89191.1356901,2.5938999897334725
5,389,completed,89191.1331413,89191.1350519,89191.1361617,3.020399992237799
4,389,completed,89191.133119,89191.1350184,89191.1366095,3.490499992039986
1,389,completed,89191.1333216,89191.1352254,89191.1370952,3.773599994019605
3,389,completed,89191.1331913,89191.1352532,89191.137562,4.370700000436045
0,389,completed,89191.133339,89191.1352786,89191.1380112,4.67219999700319
1,390,completed,89191.1685821,89191.1702906,89191.1711664,2.5843000039458275
0,390,completed,89191.1686271,89191.1704867,89191.1716987,3.0715999891981483
2,390,completed,89191.1686623,89191.1705579,89191.1721245,3.462199994828552
3,390,completed,89191.168733,89191.1706444,89191.1726379,3.904900004272349
4,390,completed,89191.1688788,89191.1707258,89191.1730792,4.20039999880828
5,390,completed,89191.1689473,89191.1707292,89191.1734594,4.512100000283681
0,391,completed,89191.1999039,89191.2023443,89191.2031336,3.2296999997925013
1,391,completed,89191.1999382,89191.2024588,89191.2036268,3.688599987071939
4,391,completed,89191.200004,89191.2026215,89191.2040885,4.084500003955327
2,391,completed,89191.2001296,89191.2026376,89191.2044779,4.3483000044943765
5,391,completed,89191.200039,89191.2026003,89191.2049274,4.888399998890236
3,391,completed,89191.2002118,89191.2026754,89191.2054309,5.219099999521859
4,392,completed,89191.2318016,89191.2324768,89191.2342274,2.425799990305677
3,392,completed,89191.23189,89191.2328408,89191.2347198,2.8298000106588006
1,392,completed,89191.2323752,89191.2339682,89191.2351446,2.769400001852773
5,392,completed,89191.2324223,89191.2340368,89191.2355886,3.166299997246824
2,392,completed,89191.2323364,89191.2340489,89191.2360654,3.728999989107251
0,392,completed,89191.2324622,89191.2340793,89191.2365144,4.05220000538975
4,393,completed,89191.2632931,89191.2653142,89191.2663231,3.0300000071292743
5,393,completed,89191.2634057,89191.2655448,89191.2668727,3.4670000022742897
2,393,completed,89191.2633584,89191.2655761,89191.267371,4.012599994894117
1,393,completed,89191.2637522,89191.2658775,89191.2678286,4.076400000485592
0,393,completed,89191.2636902,89191.2658495,89191.2682965,4.60630000452511
3,393,completed,89191.2637223,89191.2658719,89191.2687591,5.036799993831664
1,394,completed,89191.3115687,89191.3141441,89191.3149353,3.3666000090306625
3,394,completed,89191.3117677,89191.3143184,89191.3154454,3.6777000059373677
2,394,completed,89191.3115688,89191.3143915,89191.3159852,4.416399999172427
4,394,completed,89191.3115846,89191.3143879,89191.3164734,4.888800001936033
0,394,completed,89191.3116811,89191.3144295,89191.3169577,5.276599986245856
5,394,completed,89191.3118765,89191.3144597,89191.3174582,5.581700010225177
5,395,completed,89191.3433343,89191.3455192,89191.3464049,3.07059999613557
3,395,completed,89191.3433472,89191.3456943,89191.346956,3.6087999906158075
0,395,completed,89191.3433936,89191.3457289,89191.3474362,4.04260000505019
1,395,completed,89191.3434536,89191.3458581,89191.3478988,4.445200000191107
2,395,completed,89191.3436169,89191.3459173,89191.3483956,4.778699993039481
4,395,completed,89191.343732,89191.3459281,89191.3488852,5.153200007043779
0,396,completed,89191.3749526,89191.3773962,89191.3780607,3.108099990640767
5,396,completed,89191.3749653,89191.3774177,89191.3786193,3.6540000000968575
3,396,completed,89191.3749526,89191.3773553,89191.3791132,4.160600001341663
2,396,completed,89191.3750204,89191.3774717,89191.3795803,4.559900000458583
4,396,completed,89191.3750621,89191.377573,89191.3801196,5.05749999138061
1,396,completed,89191.3750823,89191.3776111,89191.3806018,5.5195000022649765
0,397,completed,89191.4064016,89191.4089232,89191.4096547,3.253099988796748
5,397,completed,89191.4064389,89191.4090313,89191.4101271,3.6881999985780567
2,397,completed,89191.406472,89191.4091035,89191.4105789,4.106899999896996
1,397,completed,89191.4064206,89191.4091126,89191.4110387,4.618099992512725
4,397,completed,89191.4065511,89191.4091776,89191.411481,4.929900009301491
3,397,completed,89191.4066254,89191.4091889,89191.4119371,5.311699991580099
2,398,completed,89191.4381852,89191.4400368,89191.4407703,2.585100010037422
5,398,completed,89191.4381749,89191.4400196,89191.4412683,3.093399995123036
4,398,completed,89191.4382156,89191.440151,89191.4417564,3.5407999966992065
1,398,completed,89191.438279,89191.4402206,89191.4422156,3.93659999826923
0,398,completed,89191.4384508,89191.4402727,89191.4426221,4.171300010057166
3,398,completed,89191.4383481,89191.4402595,89191.4430109,4.662799998186529
3,399,completed,89191.4708495,89191.4727151,89191.4734025,2.553000012994744
2,399,completed,89191.4708627,89191.4727674,89191.4738973,3.034599998500198
4,399,completed,89191.470903,89191.4728686,89191.4743769,3.4739000111585483
1,399,completed,89191.4709358,89191.4728906,89191.4748838,3.947999997762963
0,399,completed,89191.4709841,89191.4729041,89191.475352,4.367899993667379
5,399,completed,89191.4711623,89191.4729467,89191.4758753,4.7130000020843
5,400,completed,89191.4993765,89191.5016633,89191.5024395,3.0629999964730814
2,400,completed,89191.4994172,89191.5018301,89191.5029407,3.5234999959357083
3,400,completed,89191.4994023,89191.5018222,89191.5033806,3.9782999956514686
0,400,completed,89191.4994701,89191.5018823,89191.5038375,4.367400004412048
4,400,completed,89191.4995556,89191.5019073,89191.5042216,4.665999993449077
1,400,completed,89191.4997172,89191.5019403,89191.5046061,4.888900002697483
4,401,completed,89191.5312749,89191.533208,89191.5338987,2.623799999128096
2,401,completed,89191.5312725,89191.5331912,89191.5343819,3.1094000005396083
0,401,completed,89191.5312607,89191.5332436,89191.5348254,3.5647000040626153
1,401,completed,89191.5313609,89191.5333725,89191.5352217,3.860800003167242
3,401,completed,89191.5315678,89191.5334495,89191.5357009,4.133099995669909
5,401,completed,89191.531537,89191.5334403,89191.5362489,4.711899993708357
5,402,completed,89191.564281,89191.5665824,89191.5674403,3.1593000021530315
3,402,completed,89191.5643198,89191.5666764,89191.5679252,3.6053999938303605
2,402,completed,89191.5645873,89191.5668961,89191.5684166,3.8292999961413443
4,402,completed,89191.5646857,89191.5669187,89191.5688434,4.157700008363463
0,402,completed,89191.56443,89191.5669801,89191.5692904,4.86040000396315
1,402,completed,89191.5644127,89191.5669819,89191.5697313,5.318600000464357
2,403,completed,89191.5951355,89191.597443,89191.5985945,3.4589999995660037
3,403,completed,89191.5954793,89191.5979918,89191.5991278,3.6485000018728897
0,403,completed,89191.595272,89191.5979671,89191.5996224,4.350399991380982
4,403,completed,89191.595571,89191.5980408,89191.600077,4.505999997491017
5,403,completed,89191.5955265,89191.5980246,89191.6004598,4.933300006086938
1,403,completed,89191.5956067,89191.5982215,89191.6009391,5.332400003680959
1,404,completed,89191.6421159,89191.644099,89191.6448697,2.7537999994819984
2,404,completed,89191.6421309,89191.6441627,89191.6453975,3.2666000042809173
4,404,completed,89191.642174,89191.6442568,89191.6458749,3.700900007970631
0,404,completed,89191.6422907,89191.6443526,89191.6463292,4.038500002934597
3,404,completed,89191.6423797,89191.6443759,89191.6467632,4.383499996038154
5,404,completed,89191.6422023,89191.6443579,89191.6473577,5.155399994691834
2,405,completed,89191.678376,89191.6806493,89191.6816069,3.2309000089298934
5,405,completed,89191.6784138,89191.6809383,89191.6821123,3.6985000042477623
4,405,completed,89191.6788643,89191.681089,89191.6825846,3.720299995620735
0,405,completed,89191.6788933,89191.6810912,89191.6829814,4.088099987711757
1,405,completed,89191.6789851,89191.6811128,89191.6833698,4.384699990623631
3,405,completed,89191.6789362,89191.6811033,89191.6838568,4.920599996694364
5,406,completed,89191.7100825,89191.7106765,89191.7131349,3.052400003070943
1,406,completed,89191.7105052,89191.7128527,89191.7137289,3.223699997761287
2,406,completed,89191.7105493,89191.712918,89191.7142144,3.6650999973062426
0,406,completed,89191.7106836,89191.713018,89191.7147222,4.038600003696047
4,406,completed,89191.7104649,89191.7130045,89191.7152456,4.780700008268468
3,406,completed,89191.7106172,89191.7131105,89191.7157838,5.166599992662668
3,407,completed,89191.7401597,89191.7423133,89191.7432238,3.064100004849024
2,407,completed,89191.7402321,89191.7425492,89191.7438118,3.579700001864694
0,407,completed,89191.7402511,89191.742561,89191.7443395,4.088400004548021
1,407,completed,89191.7401715,89191.7425751,89191.7447638,4.5922999997856095
4,407,completed,89191.7403838,89191.7426524,89191.7452722,4.888399998890236
5,407,completed,89191.7404688,89191.7427539,89191.7457517,5.2829000051133335
2,408,completed,89191.7755892,89191.7776485,89191.778305,2.715800001169555
3,408,completed,89191.7755896,89191.7776336,89191.7788499,3.260299999965355
5,408,completed,89191.7756134,89191.7777057,89191.7793512,3.737800012459047
1,408,completed,89191.7757544,89191.7777809,89191.779821,4.066599998623133
4,408,completed,89191.7757685,89191.7777843,89191.7802704,4.50190000992734
0,408,completed,89191.7758166,89191.7777892,89191.7807053,4.888700001174584
2,409,completed,89191.8062537,89191.8090221,89191.8096596,3.405900002690032
4,409,completed,89191.8062529,89191.8090171,89191.8101748,3.9219000027514994
5,409,completed,89191.8062534,89191.8090488,89191.8106309,4.377499994006939
1,409,completed,89191.8063115,89191.8090926,89191.8110997,4.788200007169507
3,409,completed,89191.8065092,89191.8091297,89191.8115428,5.033599998569116
0,409,completed,89191.8064467,89191.8091486,89191.8120053,5.558600008953363
1,410,completed,89191.837526,89191.8396568,89191.840461,2.9349999967962503
2,410,completed,89191.8375396,89191.8396896,89191.841032,3.492399991955608
3,410,completed,89191.8376006,89191.8397553,89191.841531,3.930399994715117
4,410,completed,89191.8377194,89191.8398074,89191.8420236,4.304199988837354
0,410,completed,89191.8375252,89191.8398516,89191.8424894,4.96420000854414
5,410,completed,89191.8378728,89191.8399226,89191.8429534,5.080600007204339
5,411,completed,89191.8688622,89191.8712833,89191.8728992,4.036999991512857
4,411,completed,89191.8692172,89191.8724537,89191.873432,4.214799992041662
0,411,completed,89191.8692781,89191.8725073,89191.8739347,4.6565999946324155
3,411,completed,89191.8693349,89191.872551,89191.8744582,5.123300012201071
2,411,completed,89191.8694373,89191.87261,89191.874988,5.550699992454611
1,411,completed,89191.8694964,89191.8726255,89191.8754858,5.989400000544265
1,412,completed,89191.9005544,89191.9024768,89191.9032933,2.738900002441369
3,412,completed,89191.9006622,89191.9026374,89191.9037923,3.1300999980885535
0,412,completed,89191.9007258,89191.9027228,89191.904256,3.530199988745153
5,412,completed,89191.9005491,89191.902747,89191.9047098,4.160700002103113
2,412,completed,89191.9005653,89191.9027513,89191.9052264,4.661099999793805
4,412,completed,89191.900764,89191.9027483,89191.9057328,4.968799999915063
3,413,completed,89191.9321078,89191.9344337,89191.9350816,2.9737999866483733
5,413,completed,89191.9321485,89191.9344605,89191.9355674,3.4188999998150393
2,413,completed,89191.9320769,89191.9344004,89191.9360042,3.927300000214018
1,413,completed,89191.9323166,89191.9345224,89191.9364533,4.13670000853017
4,413,completed,89191.9323196,89191.9346275,89191.9368464,4.526799995801412
0,413,completed,89191.932076,89191.934609,89191.9373235,5.247499997494742
3,414,completed,89191.9655243,89191.9678392,89191.9686488,3.1244999991031364
5,414,completed,89191.9655253,89191.9680127,89191.9691749,3.6496000102488324
2,414,completed,89191.9659903,89191.9681353,89191.969671,3.6806999996770173
4,414,completed,89191.9661266,89191.9681999,89191.9701442,4.017599989310838
1,414,completed,89191.9660893,89191.968208,89191.9706016,4.5123000018065795
0,414,completed,89191.9660465,89191.9681694,89191.97121,5.163499998161569
3,415,completed,89192.0039959,89192.0062642,89192.0069742,2.9783000063616782
1,415,completed,89192.0037341,89192.0062341,89192.0074774,3.7432999961310998
0,415,completed,89192.0039113,89192.0062501,89192.0080773,4.165999998804182
4,415,completed,89192.0038422,89192.0062275,89192.0085117,4.669499990995973
2,415,completed,89192.0037937,89192.0065456,89192.0089642,5.170499993255362
5,415,completed,89192.0037495,89192.0065748,89192.0093774,5.62789999821689
3,416,completed,89192.0432511,89192.0450907,89192.0458731,2.621999999973923
5,416,completed,89192.0432074,89192.0450836,89192.0464158,3.20839999767486
0,416,completed,89192.0433605,89192.0453659,89192.0468836,3.523099992889911
1,416,completed,89192.0432876,89192.0453469,89192.0474945,4.206900004646741
2,416,completed,89192.0434348,89192.0453765,89192.0478692,4.43440000526607
4,416,completed,89192.0434963,89192.0454483,89192.0483173,4.820999994990416
3,417,completed,89192.0721441,89192.0744627,89192.0753138,3.169699994032271
2,417,completed,89192.0722106,89192.0746081,89192.0757869,3.576299990527332
4,417,completed,89192.0721176,89192.0746886,89192.0762582,4.140600009122863
5,417,completed,89192.0722521,89192.0747612,89192.0767987,4.546600001049228
1,417,completed,89192.0723803,89192.0747722,89192.077352,4.971699992893264
0,417,completed,89192.0722495,89192.0748265,89192.0778364,5.586900006164797
3,418,completed,89192.1001808,89192.1021316,89192.1028923,2.711499997531064
5,418,completed,89192.1002497,89192.1023204,89192.1033524,3.1026999931782484
1,418,completed,89192.100272,89192.1023753,89192.1038231,3.551100002368912
2,418,completed,89192.100433,89192.1024402,89192.1042929,3.859899996314198
0,418,completed,89192.1002015,89192.1024085,89192.1047571,4.555599996820092
4,418,completed,89192.1004252,89192.1025234,89192.1051908,4.765599995153025
4,419,completed,89192.1344173,89192.1363475,89192.1371092,2.6919000083580613
2,419,completed,89192.1344373,89192.136307,89192.1377163,3.2789999968372285
0,419,completed,89192.1344889,89192.1363542,89192.1382512,3.7622999952873215
3,419,completed,89192.1346861,89192.1365191,89192.1387581,4.071999996085651
1,419,completed,89192.1345939,89192.1366273,89192.139184,4.590099997585639
5,419,completed,89192.1345655,89192.136607,89192.1395963,5.03079999180045
3,420,completed,89192.1609007,89192.1617266,89192.1623377,1.4370000135386363
1,420,completed,89192.1609171,89192.1618241,89192.1628119,1.894799992442131
5,420,completed,89192.1609919,89192.1618723,89192.1632971,2.3052000033203512
4,420,completed,89192.1759965,89192.1767204,89192.1772978,1.301299998885952
2,420,completed,89192.1760351,89192.1769288,89192.1778059,1.7708000086713582
0,420,completed,89192.1760609,89192.176976,89192.1783064,2.245499999844469
2,421,completed,89192.2035978,89192.2056313,89192.2063494,2.751599997282028
4,421,completed,89192.20364,89192.2057612,89192.2068156,3.1755999953020364
3,421,completed,89192.2036858,89192.2058184,89192.2072364,3.5505999985616654
0,421,completed,89192.203717,89192.205875,89192.2076638,3.9468000031774864
5,421,completed,89192.2039024,89192.2059558,89192.2081057,4.203300006338395
1,421,completed,89192.2038171,89192.2059578,89192.208517,4.699900004197843
4,422,completed,89192.2322622,89192.2339008,89192.2348659,2.6036999915959314
3,422,completed,89192.2323156,89192.2341106,89192.2353598,3.0441999988397583
1,422,completed,89192.2323598,89192.2341948,89192.2358251,3.4653000038815662
2,422,completed,89192.2323005,89192.2343642,89192.2362629,3.962399990996346
5,422,completed,89192.2325007,89192.2344362,89192.2367193,4.218599991872907
0,422,completed,89192.2324821,89192.2344728,89192.237298,4.815899999812245
2,423,completed,89192.264188,89192.2671384,89192.268164,3.975999992690049
0,423,completed,89192.2644913,89192.2675356,89192.2686531,4.161800010479055
5,423,completed,89192.2644451,89192.2675068,89192.2691104,4.665300002670847
3,423,completed,89192.2646654,89192.2676092,89192.2695247,4.859299995587207
4,423,completed,89192.2646373,89192.2676175,89192.2699505,5.313200003001839
1,423,completed,89192.2644259,89192.2676668,89192.2703503,5.924400000367314
2,424,completed,89192.2959427,89192.2978987,89192.2986684,2.725700003793463
0,424,completed,89192.2959671,89192.2980001,89192.2991653,3.198200007318519
3,424,completed,89192.2959882,89192.2980515,89192.2996604,3.6722000077134
5,424,completed,89192.2960393,89192.2981157,89192.3001254,4.086100001586601
4,424,completed,89192.2961407,89192.2981813,89192.30063,4.489300001296215
1,424,completed,89192.2961793,89192.298203,89192.3011211,4.941799998050556
5,425,completed,89192.3280846,89192.3305127,89192.3312661,3.1814999965718016
3,425,completed,89192.3280937,89192.3306534,89192.3317592,3.66550000035204
2,425,completed,89192.328175,89192.3306569,89192.3322496,4.074600001331419
0,425,completed,89192.3281068,89192.3306293,89192.3326758,4.568999996990897
4,425,completed,89192.3286382,89192.3306747,89192.3331362,4.498000009334646
1,425,completed,89192.3286044,89192.3306662,89192.3335069,4.902500004391186
0,426,completed,89192.3764489,89192.3779692,89192.3788599,2.410999994026497
5,426,completed,89192.3764754,89192.3781402,89192.379354,2.878600003896281
2,426,completed,89192.3765177,89192.3782651,89192.3798366,3.318899995065294
3,426,completed,89192.3766341,89192.3783765,89192.3803293,3.6951999936718494
1,426,completed,89192.3766523,89192.3784368,89192.3807687,4.116399999475107
4,426,completed,89192.3767682,89192.3784312,89192.3812723,4.504099997575395
2,427,completed,89192.4082232,89192.4109815,89192.411696,3.4728000027826056
0,427,completed,89192.4082585,89192.4110569,89192.4122223,3.9638000016566366
1,427,completed,89192.4082234,89192.4110015,89192.4127037,4.480300005525351
5,427,completed,89192.4083508,89192.4111101,89192.4132187,4.8679000028641894
4,427,completed,89192.4085072,89192.4111428,89192.4136983,5.191100004594773
3,427,completed,89192.4084504,89192.4111328,89192.4141999,5.749499992816709
0,428,completed,89192.4472149,89192.4477744,89192.4498341,2.6191999932052568
1,428,completed,89192.4474829,89192.448817,89192.4504499,2.9670000076293945
4,428,completed,89192.4478379,89192.449486,89192.4509726,3.1346999894594774
2,428,completed,89192.4479004,89192.4496235,89192.4514614,3.5610000049928203
3,428,completed,89192.4479592,89192.449698,89192.4518659,3.906700003426522
5,428,completed,89192.4480755,89192.4497757,89192.452324,4.24850000126753
4,429,completed,89192.4625467,89192.4634997,89192.4640453,1.4986000023782253
2,429,completed,89192.4626202,89192.463548,89192.4644744,1.85419998888392
1,429,completed,89192.4625885,89192.4635264,89192.4649141,2.3255999985849485
0,429,completed,89192.4786148,89192.4798648,89192.4805517,1.9369000074220821
3,429,completed,89192.4788985,89192.4799947,89192.4810462,2.147699997294694
5,429,completed,89192.4788682,89192.4799805,89192.4815448,2.6765999937197194
5,430,completed,89192.509828,89192.5122012,89192.5133158,3.4878000005846843
0,430,completed,89192.5098881,89192.5124858,89192.5138761,3.987999996752478
3,430,completed,89192.5099071,89192.5126626,89192.5143419,4.4347999937599525
4,430,completed,89192.51,89192.5127181,89192.5148346,4.834600011236034
1,430,completed,89192.5100366,89192.5127413,89192.5153446,5.308000007062219
2,430,completed,89192.5101497,89192.5128229,89192.5157938,5.644100005156361
2,431,completed,89192.5412089,89192.5431731,89192.5440697,2.860799999325536
5,431,completed,89192.5413777,89192.5433606,89192.5445448,3.1670999887865037
0,431,completed,89192.5414256,89192.5434258,89192.5450338,3.6082000005990267
3,431,completed,89192.541246,89192.5435155,89192.545517,4.271000012522563
4,431,completed,89192.5415704,89192.5435354,89192.5460116,4.441199998836964
1,431,completed,89192.541273,89192.5435435,89192.5464928,5.219800004852004
2,432,completed,89192.5723495,89192.5743874,89192.5751062,2.756700007012114
1,432,completed,89192.5723019,89192.5743217,89192.5756006,3.2987000013235956
4,432,completed,89192.5724498,89192.5745451,89192.5760268,3.576999995857477
0,432,completed,89192.5724463,89192.5745636,89192.5764444,3.998100000899285
5,432,completed,89192.5723818,89192.5746,89192.5768778,4.496000008657575
3,432,completed,89192.5726017,89192.5746564,89192.577299,4.697299998952076
3,433,completed,89192.6053618,89192.6079053,89192.6085282,3.1663999980082735
2,433,completed,89192.6053037,89192.6078559,89192.6090676,3.763900007470511
1,433,completed,89192.6052688,89192.6077692,89192.6095709,4.302099987398833
4,433,completed,89192.6052493,89192.6079109,89192.6100384,4.789099999470636
0,433,completed,89192.6054,89192.6079319,89192.6104973,5.097300003399141
5,433,completed,89192.6059023,89192.6081699,89192.6108931,4.99080000736285
0,434,completed,89192.6402325,89192.6425973,89192.6435415,3.309000006993301
5,434,completed,89192.6405115,89192.6430639,89192.6440356,3.5241000005044043
4,434,completed,89192.6405669,89192.6431028,89192.644515,3.9481000130763277
3,434,completed,89192.6405975,89192.6431073,89192.6449739,4.376400000182912
1,434,completed,89192.6406452,89192.6431271,89192.6454108,4.76560000970494
2,434,completed,89192.6406817,89192.6431329,89192.6458393,5.157600011443719
3,435,completed,89192.6715339,89192.6737422,89192.674603,3.0691000138176605
1,435,completed,89192.6716698,89192.6740016,89192.6751194,3.449600000749342
2,435,completed,89192.6717858,89192.6741006,89192.6755793,3.793500000028871
0,435,completed,89192.6718955,89192.674153,89192.6760074,4.111900008865632
4,435,completed,89192.6718569,89192.6741428,89192.6763861,4.529200014076196
5,435,completed,89192.6719434,89192.6741603,89192.6767706,4.827199998544529
5,436,completed,89192.7030234,89192.7054241,89192.7065354,3.511999995680526
3,436,completed,89192.7031483,89192.705669,89192.7070881,3.9397999935317785
4,436,completed,89192.7034247,89192.7059585,89192.7076018,4.177099996013567
2,436,completed,89192.7034644,89192.7059838,89192.7080913,4.626900001312606
1,436,completed,89192.7035045,89192.7059979,89192.7085622,5.0577000074554235
0,436,completed,89192.7035361,89192.7060924,89192.7090838,5.547699998714961
0,437,completed,89192.734694,89192.7363394,89192.7378638,3.1697999947937205
3,437,completed,89192.7352593,89192.7372657,89192.738387,3.1277000089176
5,437,completed,89192.735375,89192.7373586,89192.7388333,3.4582999942358583
2,437,completed,89192.7351024,89192.7373543,89192.7392436,4.141199999139644
1,437,completed,89192.7353436,89192.737513,89192.7396144,4.270799996447749
4,437,completed,89192.7353287,89192.7375134,89192.7400038,4.675100004533306
4,438,completed,89192.7664085,89192.7689768,89192.7697685,3.360000002430752
5,438,completed,89192.7664757,89192.7690725,89192.7702621,3.786400004173629
2,438,completed,89192.766511,89192.7691471,89192.770742,4.230999998981133
3,438,completed,89192.766618,89192.7691769,89192.7712925,4.67449999996461
1,438,completed,89192.7663681,89192.7691794,89192.7717955,5.427399999462068
0,438,completed,89192.7669061,89192.769295,89192.7722291,5.322999990312383
0,439,completed,89192.7979253,89192.8004202,89192.8012238,3.298499999800697
4,439,completed,89192.7980089,89192.800543,89192.8017671,3.758199993171729
2,439,completed,89192.7978276,89192.8005721,89192.8023039,4.476299989619292
3,439,completed,89192.7981172,89192.8006486,89192.8028859,4.768700004206039
1,439,completed,89192.7982851,89192.8006858,89192.8033505,5.0654000078793615
5,439,completed,89192.7982948,89192.800768,89192.8037784,5.483600005391054
5,440,completed,89192.8297055,89192.8321594,89192.833006,3.3005000004777685
1,440,completed,89192.8297497,89192.8322836,89192.8335755,3.825799998594448
3,440,completed,89192.8297664,89192.8323133,89192.8340732,4.306800008635037
2,440,completed,89192.8299072,89192.8324404,89192.8345088,4.601600012392737
0,440,completed,89192.8300449,89192.8324469,89192.8349599,4.915000012260862
4,440,completed,89192.8299825,89192.8324409,89192.8354464,5.463900000904687
3,441,completed,89192.876709,89192.8783977,89192.8795202,2.811199999996461
1,441,completed,89192.8768039,89192.8786181,89192.8800456,3.2417000038549304
0,441,completed,89192.8768558,89192.8789356,89192.8805185,3.6626999935833737
4,441,completed,89192.8767576,89192.8789916,89192.8809872,4.229600002872758
5,441,completed,89192.8774629,89192.8791668,89192.881475,4.012100005638786
2,441,completed,89192.877483,89192.879167,89192.8820211,4.538099994533695
0,442,completed,89192.9078402,89192.9105136,89192.911337,3.4967999963555485
2,442,completed,89192.9078783,89192.9105702,89192.9118158,3.937500005122274
5,442,completed,89192.907924,89192.9106385,89192.9122886,4.364599997643381
1,442,completed,89192.9079687,89192.9107023,89192.9128275,4.858799991779961
4,442,completed,89192.9081256,89192.9107462,89192.9133497,5.22409999393858
3,442,completed,89192.9082318,89192.910769,89192.9138054,5.573600006755441
3,443,completed,89192.9393552,89192.9410018,89192.9423183,2.963100007036701
2,443,completed,89192.9393762,89192.9410914,89192.942825,3.4488000092096627
1,443,completed,89192.9397586,89192.9417932,89192.9433136,3.555000002961606
5,443,completed,89192.9398382,89192.9418759,89192.9438247,3.9864999998826534
0,443,completed,89192.9399338,89192.9419266,89192.9443599,4.426100000273436
4,443,completed,89192.9399944,89192.9419575,89192.9448857,4.891299991868436
2,444,completed,89192.970583,89192.9724382,89192.9734886,2.9055999912088737
3,444,completed,89192.9706749,89192.9728097,89192.9739825,3.3075999963330105
0,444,completed,89192.9706929,89192.9729341,89192.9744348,3.7419000000227243
5,444,completed,89192.9710356,89192.973057,89192.9749403,3.9047000027494505
4,444,completed,89192.9707674,89192.9730274,89192.9754288,4.661400002078153
1,444,completed,89192.971127,89192.9731098,89192.9759149,4.787900004885159
1,445,completed,89193.0017802,89193.0038125,89193.0049533,3.1731000053696334
2,445,completed,89193.0018129,89193.0039292,89193.0054346,3.6217000015312806
4,445,completed,89193.0022467,89193.0044043,89193.0059489,3.7022000033175573
0,445,completed,89193.0023439,89193.0044736,89193.0063646,4.0206999983638525
5,445,completed,89193.0022261,89193.0045783,89193.00678,4.553899998427369
3,445,completed,89193.0023152,89193.0046241,89193.007206,4.89079998806119
3,446,completed,89193.0330501,89193.0344169,89193.0354732,2.4230999988503754
2,446,completed,89193.0330704,89193.0344838,89193.0360247,2.9543000127887353
4,446,completed,89193.033207,89193.0349757,89193.036506,3.2990000036079437
5,446,completed,89193.0333934,89193.0350317,89193.0369889,3.5955000057583675
1,446,completed,89193.0334791,89193.0350888,89193.0375324,4.0532999992137775
0,446,completed,89193.0333457,89193.0351052,89193.0380087,4.662999999709427
4,447,completed,89193.0650754,89193.0668544,89193.0676411,2.565700007835403
0,447,completed,89193.065097,89193.0669278,89193.0681589,3.061900002649054
5,447,completed,89193.0650228,89193.0669803,89193.0686762,3.6533999955281615
1,447,completed,89193.0652589,89193.0671519,89193.0691801,3.9212000119732693
3,447,completed,89193.0653607,89193.0671699,89193.0696983,4.337599995778874
2,447,completed,89193.0651611,89193.0671911,89193.070177,5.01589999475982
1,448,completed,89193.0970629,89193.099491,89193.1004457,3.382800001418218
4,448,completed,89193.0970241,89193.0996703,89193.100933,3.908899991074577
5,448,completed,89193.0974566,89193.0999005,89193.1013897,3.933100000722334
2,448,completed,89193.0975632,89193.0999536,89193.1018204,4.257199994754046
0,448,completed,89193.0975104,89193.099987,89193.1022422,4.731799999717623
3,448,completed,89193.097283,89193.1000142,89193.1026734,5.390400008764118
5,449,completed,89193.1333267,89193.1355551,89193.1364015,3.074799999012612
3,449,completed,89193.1333844,89193.1357289,89193.1369006,3.5161999985575676
0,449,completed,89193.1334077,89193.1358866,89193.137402,3.9942999865161255
4,449,completed,89193.1334739,89193.1359376,89193.1378188,4.344899993157014
1,449,completed,89193.1335317,89193.1359426,89193.1382898,4.758099996251985
2,449,completed,89193.1335648,89193.135968,89193.1387285,5.163699999684468
2,450,completed,89193.1645662,89193.1667166,89193.1674981,2.9319000022951514
3,450,completed,89193.1646169,89193.1668797,89193.1679585,3.341599993291311
1,450,completed,89193.1647115,89193.1669742,89193.1685531,3.8416000024881214
0,450,completed,89193.1647182,89193.1670148,89193.169002,4.283799993572757
5,450,completed,89193.164963,89193.1670389,89193.1694314,4.468400002224371
4,450,completed,89193.1645977,89193.1668683,89193.1698573,5.259600002318621
1,451,completed,89193.2118858,89193.2138645,89193.2151704,3.2845999958226457
0,451,completed,89193.2122399,89193.2144547,89193.215666,3.4260999964317307
5,451,completed,89193.2123164,89193.2145915,89193.2161157,3.799300000537187
4,451,completed,89193.2123767,89193.2146497,89193.2165044,4.12769999820739
3,451,completed,89193.212465,89193.214658,89193.2168678,4.4027999974787235
2,451,completed,89193.2125438,89193.2146709,89193.2172369,4.693100010626949
3,452,completed,89193.2434165,89193.2455516,89193.2463892,2.972699992824346
1,452,completed,89193.2434625,89193.2457261,89193.2470092,3.5466999979689717
2,452,completed,89193.2434913,89193.2457964,89193.2474673,3.975999992690049
5,452,completed,89193.2436359,89193.2459489,89193.2479856,4.349700000602752
0,452,completed,89193.2435962,89193.2459311,89193.2484787,4.882499997620471
4,452,completed,89193.2438289,89193.2459999,89193.2489945,5.16559999960009
4,453,completed,89193.2750355,89193.2772195,89193.2780047,2.9691999952774495
0,453,completed,89193.2750424,89193.2772194,89193.2785108,3.468399998382665
3,453,completed,89193.2751996,89193.2774272,89193.2790135,3.8138999952934682
2,453,completed,89193.2752514,89193.2774148,89193.2795101,4.258699991623871
5,453,completed,89193.2750879,89193.2775795,89193.2800063,4.918400009046309
1,453,completed,89193.2753973,89193.277634,89193.280596,5.1986999897053465
4,454,completed,89193.3070211,89193.3090085,89193.3102044,3.1832999957259744
5,454,completed,89193.3073461,89193.3096714,89193.3107082,3.3621000038692728
1,454,completed,89193.3074064,89193.3097919,89193.311181,3.7746000016340986
3,454,completed,89193.3074316,89193.3097663,89193.3117088,4.277200001524761
2,454,completed,89193.3075417,89193.3098216,89193.3121845,4.642800005967729
0,454,completed,89193.3075748,89193.3098285,89193.3127332,5.158400002983399
3,455,completed,89193.3386271,89193.3412469,89193.3423753,3.7481999897863716
0,455,completed,89193.3387444,89193.3414819,89193.3430029,4.258500004652888
2,455,completed,89193.3390683,89193.34165,89193.343574,4.505699995206669
4,455,completed,89193.3390966,89193.34168,89193.3440885,4.9919000011868775
5,455,completed,89193.3390846,89193.3417863,89193.344575,5.490399998961948
1,455,completed,89193.3392049,89193.3418275,89193.3455551,6.350199997541495
4,456,completed,89193.3712054,89193.3729582,89193.3738092,2.6037999923573807
0,456,completed,89193.371229,89193.3731083,89193.3742722,3.04320000577718
2,456,completed,89193.3713059,89193.3732194,89193.3747453,3.439399995841086
1,456,completed,89193.3713661,89193.3732707,89193.3753904,4.024300011224113
3,456,completed,89193.3715788,89193.3733689,89193.3758656,4.2868000018643215
5,456,completed,89193.371403,89193.3733861,89193.3764321,5.0291000079596415
5,457,completed,89193.4068714,89193.4089129,89193.4100211,3.1497000018134713
0,457,completed,89193.4068667,89193.4089047,89193.410548,3.6813000042457134
2,457,completed,89193.4072857,89193.4095633,89193.4110189,3.733200006536208
1,457,completed,89193.407241,89193.4095608,89193.4115476,4.306600007112138
4,457,completed,89193.4074478,89193.4096361,89193.4120388,4.591000004438683
3,457,completed,89193.4075841,89193.4096773,89193.4125065,4.9223999958485365
4,458,completed,89193.4389479,89193.4411491,89193.4418721,2.9242000018712133
5,458,completed,89193.4389278,89193.4411287,89193.4423969,3.4691000037128106
2,458,completed,89193.4389917,89193.4412222,89193.4428862,3.8945000123931095
3,458,completed,89193.4392215,89193.4413259,89193.4433158,4.094300005817786
1,458,completed,89193.439095,89193.4413485,89193.4437524,4.65740000072401
0,458,completed,89193.4393321,89193.4413569,89193.4441836,4.851500008953735
0,459,completed,89193.470287,89193.4719385,89193.4733118,3.0247999966377392
5,459,completed,89193.4708801,89193.4727376,89193.4738166,2.9365000082179904
1,459,completed,89193.47047,89193.4725548,89193.4742951,3.8250999932643026
4,459,completed,89193.4707996,89193.4729223,89193.4748186,4.018999999971129
2,459,completed,89193.4708276,89193.4729331,89193.4753087,4.48109999706503
3,459,completed,89193.4708359,89193.4729725,89193.4758026,4.9666999984765425
4,460,completed,89193.5006546,89193.5027261,89193.5034542,2.7996000135317445
5,460,completed,89193.5007192,89193.5028907,89193.5039398,3.2205999887082726
3,460,completed,89193.5007169,89193.502823,89193.5043949,3.6779999936698005
1,460,completed,89193.5007789,89193.5029,89193.5048558,4.076900004292838
2,460,completed,89193.5008776,89193.5029726,89193.5052973,4.419699995196424
0,460,completed,89193.5010967,89193.5030142,89193.5057884,4.691699999966659
5,461,completed,89193.5320742,89193.5341074,89193.5348353,2.761099996860139
2,461,completed,89193.5321161,89193.534215,89193.5353151,3.1989999988581985
3,461,completed,89193.532149,89193.5342667,89193.5358185,3.6694999871542677
0,461,completed,89193.5322504,89193.5343452,89193.5362981,4.04770000022836
1,461,completed,89193.5321905,89193.5343633,89193.5367572,4.566699994029477
4,461,completed,89193.5324472,89193.5344022,89193.5372276,4.780399991432205
0,462,completed,89193.5738338,89193.5760383,89193.5767422,2.908400012529455
4,462,completed,89193.5735955,89193.5759724,89193.5773023,3.706799994688481
1,462,completed,89193.5735776,89193.5759224,89193.5777356,4.158000010647811
2,462,completed,89193.5740112,89193.576098,89193.5781727,4.161499993642792
5,462,completed,89193.5740735,89193.5761322,89193.5786079,4.5343999954639
3,462,completed,89193.5740656,89193.5761385,89193.5790456,4.979999997885898
5,463,completed,89193.6053641,89193.6073681,89193.6081797,2.815599989844486
3,463,completed,89193.6054224,89193.6075515,89193.6087365,3.3141000021714717
1,463,completed,89193.6054306,89193.6075627,89193.6091796,3.7489999958779663
2,463,completed,89193.6055134,89193.6076517,89193.6096459,4.132499991101213
0,463,completed,89193.6055591,89193.6076855,89193.6101298,4.57069999538362
4,463,completed,89193.6056564,89193.6076945,89193.6106022,4.945799999404699
4,464,completed,89193.6346251,89193.6358793,89193.6372062,2.581099994131364
0,464,completed,89193.6347472,89193.636472,89193.637709,2.9617999971378595
1,464,completed,89193.634865,89193.6367405,89193.6381509,3.285900005721487
5,464,completed,89193.6350907,89193.6368664,89193.6385765,3.485799999907613
2,464,completed,89193.6350492,89193.6369018,89193.6390512,4.002000001491979
3,464,completed,89193.6351464,89193.6369222,89193.6394799,4.333499993663281
2,465,completed,89193.6678025,89193.6696184,89193.6704254,2.622900006826967
1,465,completed,89193.6678702,89193.6698274,89193.6709057,3.035499990801327
5,465,completed,89193.6678034,89193.6697477,89193.6713642,3.5607999889180064
4,465,completed,89193.6679062,89193.6698911,89193.6718306,3.9243999926839024
0,465,completed,89193.6680342,89193.6699382,89193.6723023,4.268099990440533
3,465,completed,89193.6681526,89193.6699651,89193.6727227,4.570099990814924
0,466,completed,89193.6990697,89193.7012504,89193.7019607,2.8909999964525923
2,466,completed,89193.6990549,89193.7011923,89193.7024933,3.4384000027785078
3,466,completed,89193.6991067,89193.7013125,89193.702981,3.8742999895475805
1,466,completed,89193.6991717,89193.7013767,89193.7034523,4.280599998310208
5,466,completed,89193.6993792,89193.7014487,89193.7039297,4.550500001641922
4,466,completed,89193.6992383,89193.7014236,89193.70436,5.121700000017881
2,467,completed,89193.741169,89193.7434665,89193.7445592,3.390199999557808
3,467,completed,89193.7412179,89193.7436846,89193.7450633,3.8454000023193657
1,467,completed,89193.7416197,89193.744041,89193.7454814,3.8616999954683706
5,467,completed,89193.7416134,89193.7440262,89193.7459853,4.371900009573437
0,467,completed,89193.7417853,89193.7440898,89193.7465596,4.774300003191456
4,467,completed,89193.7417515,89193.7440862,89193.7470282,5.27670000155922
2,468,completed,89193.7668342,89193.7687025,89193.7695718,2.737600007094443
3,468,completed,89193.7668591,89193.7687506,89193.7700278,3.168700000969693
4,468,completed,89193.7671077,89193.7689209,89193.7705637,3.456000005826354
0,468,completed,89193.7673088,89193.7690777,89193.7711217,3.81290000223089
1,468,completed,89193.7673973,89193.7691066,89193.7717513,4.353999989689328
5,468,completed,89193.7672348,89193.7691674,89193.7722554,5.020600001444109
0,469,completed,89193.8014383,89193.8035514,89193.8044203,2.9820000054314733
5,469,completed,89193.8015386,89193.8037774,89193.8049265,3.3878999965963885
3,469,completed,89193.8015156,89193.8038096,89193.8054167,3.9010999898891896
1,469,completed,89193.8016137,89193.8039222,89193.8058565,4.2428000015206635
2,469,completed,89193.8016337,89193.8039217,89193.8063013,4.667600005632266
4,469,completed,89193.8017315,89193.8039235,89193.8066875,4.95599998976104
4,470,completed,89193.8325117,89193.8343997,89193.835766,3.2542999979341403
3,470,completed,89193.8329233,89193.8352097,89193.8362562,3.332899999804795
5,470,completed,89193.832973,89193.8352753,89193.8368004,3.827399996225722
1,470,completed,89193.8331217,89193.8353522,89193.8372399,4.118200013181195
2,470,completed,89193.8330892,89193.8353332,89193.8377144,4.6252000029198825
0,470,completed,89193.8331006,89193.8354371,89193.8381756,5.075000008218922
1,471,completed,89193.8638843,89193.8660254,89193.8668278,2.943500003311783
0,471,completed,89193.8640402,89193.8661326,89193.8673205,3.2802999921841547
4,471,completed,89193.8640537,89193.8661529,89193.8677987,3.7449999945238233
3,471,completed,89193.8641358,89193.8662323,89193.8681872,4.051399999298155
2,471,completed,89193.8639891,89193.8662406,89193.8685655,4.576399995130487
5,471,completed,89193.86433,89193.8662777,89193.8690358,4.705800005467609
5,472,completed,89193.9112633,89193.9135582,89193.9143237,3.060399991227314
3,472,completed,89193.911288,89193.9135542,89193.9148704,3.5823999933199957
2,472,completed,89193.9112236,89193.9137335,89193.9153637,4.140100005315617
0,472,completed,89193.911384,89193.9137396,89193.9158586,4.474599991226569
1,472,completed,89193.9115397,89193.9137817,89193.916327,4.787300000316463
4,472,completed,89193.9114948,89193.9139092,89193.9168206,5.325799997081049
4,473,completed,89193.9431154,89193.9448517,89193.9456892,2.5737999967532232
0,473,completed,89193.943146,89193.9450272,89193.9461705,3.0244999943533912
1,473,completed,89193.9432018,89193.9452411,89193.9466252,3.423400004976429
2,473,completed,89193.94325,89193.9452537,89193.9470914,3.8414000009652227
3,473,completed,89193.9433191,89193.9452892,89193.9475366,4.217499998048879
5,473,completed,89193.9433161,89193.9452742,89193.9479935,4.67739999294281
0,474,completed,89193.9742754,89193.9763634,89193.9771578,2.8824000037275255
5,474,completed,89193.9743027,89193.9764563,89193.9776918,3.3891000057337806
3,474,completed,89193.9742332,89193.9765828,89193.9781479,3.914699991582893
4,474,completed,89193.9745491,89193.9766503,89193.9786249,4.075799995916896
1,474,completed,89193.9745006,89193.9766454,89193.979108,4.607399998349138
2,474,completed,89193.9743974,89193.9767764,89193.979557,5.1595999975688756
1,475,completed,89194.0059431,89194.0074711,89194.0091236,3.1805000035092235
0,475,completed,89194.0061381,89194.0085782,89194.0096416,3.5035000037169084
2,475,completed,89194.0063423,89194.0086489,89194.0101579,3.815600008238107
5,475,completed,89194.0064158,89194.0087662,89194.0105523,4.136499992455356
3,475,completed,89194.006446,89194.0088012,89194.011013,4.566999996313825
4,475,completed,89194.0066317,89194.0088549,89194.0114602,4.828499993891455
4,476,completed,89194.0372507,89194.0389771,89194.0402752,3.0244999943533912
3,476,completed,89194.0373248,89194.0395029,89194.0407843,3.4595000033732504
5,476,completed,89194.0374844,89194.0396964,89194.0413173,3.83289999444969
2,476,completed,89194.0379475,89194.0397786,89194.0418055,3.858000010950491
1,476,completed,89194.0381537,89194.0398586,89194.0423113,4.157599993050098
0,476,completed,89194.038257,89194.0399719,89194.0428205,4.563500013318844
4,477,completed,89194.0691725,89194.071102,89194.072128,2.955499992822297
0,477,completed,89194.0692535,89194.0714491,89194.0727068,3.453299999819137
1,477,completed,89194.0694992,89194.0715903,89194.0731889,3.6896999954478815
2,477,completed,89194.0693054,89194.0715808,89194.0735846,4.279200002201833
3,477,completed,89194.0695346,89194.0715937,89194.0740598,4.525199998170137
5,477,completed,89194.0693705,89194.0716974,89194.0745729,5.202400003327057
5,478,completed,89194.1003338,89194.1013664,89194.103144,2.8101999923819676
3,478,completed,89194.1005336,89194.1021855,89194.1036888,3.155200000037439
0,478,completed,89194.1009069,89194.1028222,89194.1041547,3.2478000066475943
2,478,completed,89194.1009605,89194.1028747,89194.1046009,3.6403999984031543
1,478,completed,89194.1006404,89194.1028603,89194.104981,4.340599989518523
4,478,completed,89194.1010606,89194.1029112,89194.1054156,4.354999997303821
1,479,completed,89194.1319016,89194.1347478,89194.1354693,3.567699997802265
0,479,completed,89194.1319208,89194.1348213,89194.1360058,4.084999993210658
5,479,completed,89194.1318835,89194.134878,89194.1364178,4.534299994702451
2,479,completed,89194.1321163,89194.1349156,89194.1368878,4.771500010974705
3,479,completed,89194.1319995,89194.1349596,89194.1373355,5.336000001989305
4,479,completed,89194.1320649,89194.1349799,89194.1378215,5.756600003223866
1,480,completed,89194.1625871,89194.1651154,89194.1658333,3.246199994464405
0,480,completed,89194.1625242,89194.1651386,89194.1663429,3.818700002739206
4,480,completed,89194.1624823,89194.1652323,89194.1667957,4.313400000683032
3,480,completed,89194.1624919,89194.1652906,89194.1672789,4.786999998032115
5,480,completed,89194.1624238,89194.1652567,89194.1677964,5.372600004193373
2,480,completed,89194.1624245,89194.165362,89194.168383,5.958499998087063
1,481,completed,89194.2074696,89194.2093682,89194.210348,2.878399987821467
2,481,completed,89194.2075241,89194.2094624,89194.2109021,3.3780000085243955
4,481,completed,89194.2078762,89194.2098217,89194.2113443,3.468099996098317
3,481,completed,89194.2078037,89194.2098243,89194.2118296,4.025899994303472
5,481,completed,89194.2079777,89194.2098658,89194.2123402,4.3624999962048605
0,481,completed,89194.2081006,89194.2099316,89194.212843,4.742400007671677
0,482,completed,89194.2386135,89194.2399349,89194.2417517,3.138200001558289
1,482,completed,89194.2392285,89194.2414047,89194.2422751,3.046600002562627
5,482,completed,89194.2392701,89194.2414455,89194.2427647,3.4945999941555783
3,482,completed,89194.2393353,89194.2414817,89194.243378,4.042700005811639
2,482,completed,89194.2394211,89194.2415139,89194.2438302,4.409099987242371
4,482,completed,89194.2394704,89194.241527,89194.2443081,4.837699991185218
3,483,completed,89194.2698288,89194.271676,89194.2724097,2.5809000071603805
2,483,completed,89194.269843,89194.2717059,89194.272854,3.0109999934211373
4,483,completed,89194.2697707,89194.2717859,89194.2732843,3.5135999933118
5,483,completed,89194.2699514,89194.2718596,89194.2737737,3.8223000010475516
0,483,completed,89194.2700343,89194.2718832,89194.2742117,4.177399998297915
1,483,completed,89194.2698825,89194.2719492,89194.2746654,4.782899995916523
5,484,completed,89194.3018034,89194.3038667,89194.3047161,2.912700001616031
4,484,completed,89194.3018943,89194.304127,89194.3051949,3.3005999866873026
2,484,completed,89194.3017808,89194.3041226,89194.3056505,3.8696999981766567
1,484,completed,89194.3020739,89194.3042331,89194.3061892,4.115299991099164
0,484,completed,89194.3021786,89194.3042714,89194.3066841,4.50549999368377
3,484,completed,89194.3018427,89194.3042362,89194.3071602,5.317499992088415
0,485,completed,89194.3370154,89194.3391518,89194.3401521,3.136700004688464
2,485,completed,89194.3375988,89194.3396191,89194.3406469,3.048099999432452
5,485,completed,89194.3375813,89194.3396322,89194.3411369,3.5555999929783866
3,485,completed,89194.3372454,89194.3396238,89194.3415726,4.327199989347719
4,485,completed,89194.3370072,89194.3396746,89194.3420367,5.029500011005439
1,485,completed,89194.3374096,89194.3397043,89194.3425678,5.1582000014605
2,486,completed,89194.3746698,89194.3767779,89194.3776411,2.9712999967159703
4,486,completed,89194.3746656,89194.3769034,89194.3781395,3.473899996606633
3,486,completed,89194.374666,89194.3770346,89194.3786276,3.9615999994566664
0,486,completed,89194.3747254,89194.3770543,89194.379132,4.406599997309968
5,486,completed,89194.3746957,89194.3771982,89194.3796452,4.949499998474494
1,486,completed,89194.3747934,89194.3772138,89194.3802741,5.480699997860938
0,487,completed,89194.406087,89194.4083932,89194.4091614,3.0744000105187297
2,487,completed,89194.406061,89194.4083004,89194.409685,3.6240000044927
3,487,completed,89194.4061736,89194.4085265,89194.4101621,3.988500000559725
5,487,completed,89194.4061174,89194.4085876,89194.4106382,4.520800008322112
4,487,completed,89194.4062246,89194.4086328,89194.4111139,4.88930000574328
1,487,completed,89194.4060589,89194.4086814,89194.4117652,5.706299998564646
3,488,completed,89194.4380557,89194.4384539,89194.4407056,2.649900008691475
1,488,completed,89194.438633,89194.4407361,89194.4413392,2.7062000008299947
2,488,completed,89194.4386754,89194.4407639,89194.44182,3.1445999920833856
0,488,completed,89194.4386884,89194.4408018,89194.4423264,3.6380000092322007
5,488,completed,89194.4387603,89194.4408249,89194.4427164,3.9560999866807833
4,488,completed,89194.4388976,89194.440877,89194.4432067,4.309099997044541
2,489,completed,89194.4696603,89194.4721202,89194.4727814,3.1211000023176894
3,489,completed,89194.4696226,89194.472051,89194.4732938,3.6712000000989065
4,489,completed,89194.4697755,89194.4721859,89194.4737525,3.9770000003045425
0,489,completed,89194.4696185,89194.472041,89194.4742672,4.648699992685579
5,489,completed,89194.4698362,89194.4722101,89194.4748923,5.056099995272234
1,489,completed,89194.4699579,89194.4722388,89194.475481,5.523100000573322
2,490,completed,89194.5002658,89194.5020028,89194.5034359,3.1700999970780686
5,490,completed,89194.5005031,89194.5027685,89194.5039727,3.469599992968142
4,490,completed,89194.500987,89194.5029821,89194.5044618,3.474799988907762
3,490,completed,89194.500921,89194.5029567,89194.5048366,3.915599998435937
1,490,completed,89194.500835,89194.5030771,89194.5055412,4.706199993961491
0,490,completed,89194.5010998,89194.5031691,89194.5060481,4.948299989337102
1,491,completed,89194.5319722,89194.5341545,89194.5353785,3.4063000057358295
3,491,completed,89194.5320563,89194.5345829,89194.5358998,3.8435000024037436
0,491,completed,89194.5323394,89194.5347134,89194.5363931,4.053700002259575
2,491,completed,89194.5325267,89194.5347602,89194.5369011,4.37439999950584
5,491,completed,89194.5324682,89194.534758,89194.5373863,4.9180999922100455
4,491,completed,89194.5325271,89194.5348981,89194.5378281,5.300999997416511
0,492,completed,89194.5640636,89194.5663298,89194.5670657,3.0020999984117225
4,492,completed,89194.5640575,89194.5663292,89194.5675714,3.513899995596148
5,492,completed,89194.5640754,89194.5663662,89194.5680846,4.00919999810867
2,492,completed,89194.5641385,89194.5664596,89194.5684863,4.34780000068713
3,492,completed,89194.5643119,89194.5665536,89194.5689623,4.6504000056302175
1,492,completed,89194.5643602,89194.5665649,89194.5695139,5.15369999629911
2,493,completed,89194.6121501,89194.6141309,89194.615027,2.8769000055035576
4,493,completed,89194.6123911,89194.6144372,89194.6155132,3.1220999953802675
1,493,completed,89194.6121145,89194.6144334,89194.6160636,3.9490999915869907
0,493,completed,89194.6121144,89194.6144187,89194.6165504,4.435999988345429
3,493,completed,89194.6122424,89194.614546,89194.6169958,4.753399989567697
5,493,completed,89194.6122648,89194.6145401,89194.6174237,5.15889999223873
4,494,completed,89194.6443186,89194.64605,89194.6468063,2.4877000105334446
3,494,completed,89194.6443457,89194.6461019,89194.6473525,3.006800005096011
1,494,completed,89194.6443852,89194.6461745,89194.64788,3.494800010230392
5,494,completed,89194.6443215,89194.6462504,89194.6483916,4.070099996170029
0,494,completed,89194.6444612,89194.646243,89194.648839,4.377799996291287
2,494,completed,89194.6445852,89194.646369,89194.6492615,4.676299999118783
5,495,completed,89194.6688193,89194.6709768,89194.6715683,2.7489999920362607
0,495,completed,89194.6687714,89194.670919,89194.6720388,3.267399995820597
3,495,completed,89194.6687094,89194.6708828,89194.6725165,3.8071000017225742
2,495,completed,89194.6689337,89194.6710516,89194.6729573,4.023600005893968
4,495,completed,89194.6686976,89194.6710442,89194.6734419,4.7442999930353835
1,495,completed,89194.668684,89194.6710612,89194.673857,5.17299999773968
0,496,completed,89194.7113772,89194.7128846,89194.7144924,3.115200001047924
2,496,completed,89194.711802,89194.7140239,89194.7150451,3.243099999963306
1,496,completed,89194.7115644,89194.7140407,89194.7155358,3.9714000013191253
3,496,completed,89194.7118788,89194.7140942,89194.7159847,4.105900006834418
4,496,completed,89194.7117627,89194.7141998,89194.7164641,4.701400001067668
5,496,completed,89194.7120395,89194.7143215,89194.7169382,4.898700004559942
4,497,completed,89194.7425553,89194.7449161,89194.7460678,3.5124999994877726
2,497,completed,89194.7428694,89194.7455322,89194.7465551,3.6857000086456537
0,497,completed,89194.7430006,89194.7456148,89194.7470455,4.044899993459694
1,497,completed,89194.743042,89194.7456535,89194.7475338,4.491799991228618
5,497,completed,89194.7427751,89194.7456709,89194.7480182,5.243099993094802
3,497,completed,89194.7428083,89194.7456904,89194.7485011,5.692799997632392
0,498,completed,89194.7738017,89194.7765044,89194.7771713,3.369600002770312
1,498,completed,89194.773424,89194.7765701,89194.777654,4.230000005918555
2,498,completed,89194.7738823,89194.7765766,89194.7780962,4.2138999997405335
5,498,completed,89194.7738448,89194.7765727,89194.7785302,4.685399995651096
3,498,completed,89194.7740082,89194.7766182,89194.7790475,5.0392999983159825
4,498,completed,89194.7739629,89194.7766051,89194.7795453,5.582400001003407
0,499,completed,89194.8053759,89194.8076442,89194.8082654,2.8894999995827675
1,499,completed,89194.8053927,89194.8075822,89194.8088116,3.4188999998150393
5,499,completed,89194.8053761,89194.8076169,89194.8092854,3.9092999941203743
2,499,completed,89194.8054958,89194.8076859,89194.8097291,4.233300001942553
3,499,completed,89194.805594,89194.8077139,89194.8101739,4.579899992677383
4,499,completed,89194.8057131,89194.8077455,89194.8105992,4.886100010480732
1,500,completed,89194.8369331,89194.8397703,89194.8404972,3.5640999994939193
0,500,completed,89194.8369494,89194.8397865,89194.8410554,4.105999993043952
2,500,completed,89194.8369664,89194.8398428,89194.8415719,4.605499998433515
3,500,completed,89194.8370336,89194.8398765,89194.8420273,4.99370000034105
5,500,completed,89194.8372138,89194.8399356,89194.8424858,5.272000009426847
4,500,completed,89194.8373613,89194.8399548,89194.8428621,5.500800005393103
3,501,completed,89194.8693108,89194.8729975,89194.8737496,4.4387999951140955
4,501,completed,89194.8693123,89194.8730105,89194.8742581,4.945799999404699
5,501,completed,89194.8693984,89194.873103,89194.8747294,5.331000007572584
2,501,completed,89194.8695839,89194.8731888,89194.8752231,5.6391999969491735
1,501,completed,89194.8693286,89194.873269,89194.8756975,6.368899994413368
0,501,completed,89194.8697928,89194.8733236,89194.8761648,6.372000003466383
3,502,completed,89194.9003118,89194.9026381,89194.9039359,3.6241000052541494
2,502,completed,89194.9006623,89194.9033141,89194.9044283,3.7659999943571165
5,502,completed,89194.9007867,89194.9033712,89194.9049142,4.127499996684492
1,502,completed,89194.9007293,89194.9033495,89194.9054028,4.673499992350116
4,502,completed,89194.90092,89194.9034008,89194.9058795,4.959500001859851
0,502,completed,89194.9011511,89194.9035561,89194.9063557,5.204600005527027
1,503,completed,89194.9329455,89194.9357701,89194.9364465,3.50099999923259
4,503,completed,89194.9330401,89194.9357961,89194.9369083,3.868200001306832
0,503,completed,89194.9332012,89194.9358876,89194.9373467,4.145500002778135
3,503,completed,89194.9333336,89194.9359469,89194.9378282,4.494599997997284
5,503,completed,89194.9329355,89194.9359556,89194.9382799,5.344400007743388
2,503,completed,89194.9329353,89194.9360035,89194.9387254,5.79009999637492
2,504,completed,89194.9648224,89194.9670257,89194.9681567,3.3342999959131703
4,504,completed,89194.9648463,89194.9674356,89194.9686752,3.828899993095547
3,504,completed,89194.9652646,89194.967566,89194.9692021,3.937499990570359
0,504,completed,89194.9654482,89194.9676648,89194.9696432,4.195000001345761
5,504,completed,89194.9654846,89194.9676936,89194.9700679,4.58329998946283
1,504,completed,89194.965485,89194.9678388,89194.9705169,5.0319000001763925
4,505,completed,89194.9958719,89194.9967377,89194.9973483,1.4764000079594553
2,505,completed,89194.9958906,89194.9967646,89194.9978866,1.9960000063292682
0,505,completed,89195.0117339,89195.0129907,89195.0136421,1.9082000071648508
1,505,completed,89195.0117454,89195.0130044,89195.0141778,2.4323999969055876
5,505,completed,89195.011805,89195.0130624,89195.0146596,2.854599995771423
3,505,completed,89195.0118873,89195.0131126,89195.0151741,3.286799998022616
3,506,completed,89195.0434687,89195.0456152,89195.0463418,2.8731000056723133
4,506,completed,89195.0434119,89195.0457074,89195.0468659,3.4540000051492825
2,506,completed,89195.0434124,89195.045757,89195.04736,3.947599994717166
1,506,completed,89195.0435422,89195.0457335,89195.0478936,4.3513999989954755
5,506,completed,89195.0434952,89195.0457893,89195.0484255,4.930299997795373
0,506,completed,89195.0436317,89195.0458162,89195.0489149,5.2832000073976815
5,507,completed,89195.0757707,89195.0774989,89195.0784352,2.664500003447756
3,507,completed,89195.0757953,89195.0775971,89195.0790091,3.2137999951373786
2,507,completed,89195.0759959,89195.0779081,89195.0795114,3.5155000077793375
1,507,completed,89195.0760444,89195.0779369,89195.0799699,3.925500001059845
4,507,completed,89195.0758403,89195.0779872,89195.0804976,4.657299999962561
0,507,completed,89195.0758623,89195.0779827,89195.0809662,5.1038999954471365
1,508,completed,89195.1098252,89195.1123885,89195.1131898,3.364600008353591
2,508,completed,89195.1098051,89195.1123687,89195.113693,3.887900005793199
3,508,completed,89195.1099344,89195.112568,89195.1141472,4.212800005916506
0,508,completed,89195.1099676,89195.1126169,89195.1146229,4.655299999285489
4,508,completed,89195.1098784,89195.1126939,89195.1150936,5.215199998929165
5,508,completed,89195.1101347,89195.1126718,89195.1155786,5.443900008685887
1,509,completed,89195.1413326,89195.1433632,89195.1440852,2.7525999903446063
5,509,completed,89195.1412956,89195.1433327,89195.1445957,3.300099997431971
3,509,completed,89195.1413993,89195.1434825,89195.1451006,3.7012999964645132
0,509,completed,89195.1415318,89195.1435389,89195.1455434,4.011599987279624
4,509,completed,89195.1413743,89195.1436108,89195.1459951,4.620799998519942
2,509,completed,89195.141536,89195.1436693,89195.1464958,4.959800004144199
5,510,completed,89195.1729439,89195.1749461,89195.1756596,2.7157000004081056
0,510,completed,89195.172977,89195.174978,89195.1762086,3.2315999997081235
3,510,completed,89195.1729246,89195.1749214,89195.1766937,3.7691000034101307
2,510,completed,89195.1730075,89195.1751254,89195.1771623,4.154800000833347
4,510,completed,89195.1731879,89195.1751488,89195.1776288,4.440899996552616
1,510,completed,89195.173147,89195.1751609,89195.1781019,4.954900010488927
2,511,completed,89195.2043679,89195.2063304,89195.2072074,2.839499997207895
1,511,completed,89195.2044902,89195.2065581,89195.2077289,3.2386999955633655
4,511,completed,89195.204586,89195.2066535,89195.2082611,3.675099986139685
5,511,completed,89195.2045638,89195.2066785,89195.2087307,4.166900005657226
0,511,completed,89195.2043603,89195.2066576,89195.2092106,4.850299999816343
3,511,completed,89195.2044154,89195.2067012,89195.2096921,5.27670000155922
1,512,completed,89195.2354985,89195.2375353,89195.2383362,2.837699998053722
2,512,completed,89195.2354607,89195.2374395,89195.2388329,3.3721999934641644
4,512,completed,89195.2357271,89195.2377578,89195.2393397,3.612600004998967
0,512,completed,89195.2356555,89195.2377729,89195.2398476,4.192099993815646
3,512,completed,89195.235475,89195.2378398,89195.2403576,4.882600012933835
5,512,completed,89195.2355641,89195.237817,89195.2408377,5.273599992506206
1,513,completed,89195.2687143,89195.2707732,89195.2714135,2.699200005736202
0,513,completed,89195.2686992,89195.2707199,89195.2718831,3.1839000002946705
3,513,completed,89195.2689328,89195.270813,89195.2723313,3.398500004550442
2,513,completed,89195.2688029,89195.2707437,89195.2727744,3.9715000020805746
5,513,completed,89195.2686938,89195.270762,89195.2732225,4.528700010268949
4,513,completed,89195.2689011,89195.2708548,89195.2736243,4.723199992440641
0,514,completed,89195.3000278,89195.3015895,89195.3029518,2.9240000003483146
5,514,completed,89195.3003348,89195.3022834,89195.3034883,3.1534999870928004
2,514,completed,89195.3003767,89195.3023529,89195.3039223,3.545599989593029
3,514,completed,89195.3004868,89195.3025173,89195.3044152,3.9283999940380454
4,514,completed,89195.3004371,89195.3026444,89195.3048844,4.447300001629628
1,514,completed,89195.3005985,89195.3027235,89195.3052919,4.693399998359382
4,515,completed,89195.3317741,89195.3335955,89195.3343487,2.5745999882929027
0,515,completed,89195.3318319,89195.3337748,89195.3348625,3.0306000116979703
2,515,completed,89195.3317748,89195.3338184,89195.3352572,3.482400003122166
1,515,completed,89195.3319535,89195.3338377,89195.3357219,3.7683999980799854
3,515,completed,89195.3318246,89195.3338821,89195.3361622,4.337599995778874
5,515,completed,89195.3318726,89195.3339105,89195.3366208,4.748199993628077
2,516,completed,89195.3633074,89195.3651279,89195.365953,2.6456000050529838
4,516,completed,89195.3634189,89195.3653541,89195.3665088,3.08989999757614
3,516,completed,89195.3634368,89195.365435,89195.3670286,3.5917999921366572
5,516,completed,89195.3633449,89195.3655068,89195.3674593,4.114399998798035
1,516,completed,89195.363611,89195.3655029,89195.3679572,4.346200003055856
0,516,completed,89195.3633501,89195.3655134,89195.3684529,5.102800001623109
5,517,completed,89195.394707,89195.3967513,89195.3977111,3.004099999088794
0,517,completed,89195.3948179,89195.397066,89195.3982332,3.4153000015066937
3,517,completed,89195.3948839,89195.3971179,89195.39875,3.866099999868311
1,517,completed,89195.3950391,89195.3972334,89195.3992385,4.1994000057457015
4,517,completed,89195.3947267,89195.3972775,89195.3997423,5.015599992475472
2,517,completed,89195.3947559,89195.3972225,89195.40022,5.464100002427585
3,518,completed,89195.4428638,89195.4445865,89195.4454357,2.5719000113895163
0,518,completed,89195.4429218,89195.4447086,89195.445952,3.0301999941002578
5,518,completed,89195.4429475,89195.4447594,89195.4464092,3.4616999910213053
1,518,completed,89195.4431504,89195.4449312,89195.4468532,3.7028000078862533
2,518,completed,89195.4430782,89195.4449624,89195.4472569,4.178700008196756
4,518,completed,89195.4429981,89195.4449678,89195.4476932,4.695099996752106
5,519,completed,89195.4745229,89195.4765317,89195.4774935,2.97060000593774
0,519,completed,89195.4745226,89195.4765372,89195.478157,3.634400010923855
1,519,completed,89195.4746051,89195.4766977,89195.4787779,4.172800006926991
4,519,completed,89195.4746892,89195.4768717,89195.4793792,4.690000001573935
3,519,completed,89195.474718,89195.4768767,89195.4799819,5.263900005957112
2,519,completed,89195.4748386,89195.476895,89195.4805013,5.662700001266785
2,520,completed,89195.506016,89195.5085636,89195.5095509,3.5348999954294413
4,520,completed,89195.5059817,89195.5084668,89195.5102238,4.242099996190518
0,520,completed,89195.506115,89195.5086733,89195.510803,4.688000000896864
3,520,completed,89195.5061791,89195.5087233,89195.5113697,5.190600000787526
5,520,completed,89195.5059799,89195.5088007,89195.5119661,5.986200005281717
1,520,completed,89195.5059797,89195.5088014,89195.5123977,6.418000004487112
4,521,completed,89195.5379378,89195.5398862,89195.5409056,2.967799999169074
3,521,completed,89195.5383376,89195.5402854,89195.5414341,3.0965000041760504
1,521,completed,89195.5380679,89195.5403376,89195.5419293,3.861400007735938
5,521,completed,89195.5384484,89195.5403843,89195.5423717,3.923299998859875
2,521,completed,89195.5386045,89195.5404047,89195.542748,4.143500002101064
0,521,completed,89195.5385069,89195.540385,89195.5432052,4.698299992014654
3,522,completed,89195.5702825,89195.5722595,89195.5729839,2.701399993384257
0,522,completed,89195.5703996,89195.5723419,89195.5734925,3.0929000058677047
1,522,completed,89195.5704658,89195.5723993,89195.5739779,3.5120999964419752
5,522,completed,89195.5705494,89195.5724384,89195.5744393,3.8899000064702705
4,522,completed,89195.5703008,89195.572472,89195.5749206,4.619800005457364
2,522,completed,89195.5702865,89195.5724655,89195.5754014,5.114899991895072
4,523,completed,89195.6018142,89195.6037289,89195.6044021,2.587900002254173
1,523,completed,89195.6018135,89195.6036994,89195.6048809,3.067400000873022
5,523,completed,89195.601842,89195.6037805,89195.6053547,3.5127000010106713
0,523,completed,89195.6019121,89195.6038232,89195.6058614,3.9493000076618046
3,523,completed,89195.6020224,89195.6039055,89195.6063377,4.315300000598654
2,523,completed,89195.6020615,89195.6039111,89195.6067882,4.7267000045394525
4,524,completed,89195.6342786,89195.6364936,89195.6372155,2.9368999967118725
2,524,completed,89195.63431,89195.6365498,89195.6377117,3.4016999998129904
0,524,completed,89195.6343948,89195.6366098,89195.6381783,3.7834999966435134
3,524,completed,89195.6345105,89195.6366695,89195.6386055,4.095000011147931
5,524,completed,89195.6342787,89195.6366916,89195.639,4.721299992525019
1,524,completed,89195.6347743,89195.6367765,89195.6394905,4.7162000118987635
0,525,completed,89195.6661763,89195.6680884,89195.6691589,2.982599995448254
4,525,completed,89195.6664195,89195.6684798,89195.6697151,3.2955999922705814
2,525,completed,89195.6666361,89195.6685568,89195.6701602,3.5241000005044043
5,525,completed,89195.666669,89195.6685939,89195.6706356,3.966600008425303
3,525,completed,89195.6667027,89195.6685985,89195.671089,4.38630000280682
1,525,completed,89195.666622,89195.6686563,89195.6715996,4.977599994163029
0,526,completed,89195.6971553,89195.6976603,89195.6998872,2.731899992795661
1,526,completed,89195.6975218,89195.6994804,89195.7005594,3.037599992239848
3,526,completed,89195.6975913,89195.6997293,89195.7010539,3.4625999978743494
5,526,completed,89195.6976644,89195.6997652,89195.7015209,3.8564999995287508
2,526,completed,89195.6976177,89195.6997494,89195.701966,4.348299989942461
4,526,completed,89195.6977194,89195.6997993,89195.7024396,4.720199998700991
4,527,completed,89195.7445102,89195.7462564,89195.7469932,2.482999989297241
5,527,completed,89195.7445305,89195.7463041,89195.7474853,2.954800002044067
1,527,completed,89195.744579,89195.7463877,89195.7481022,3.5231999936513603
0,527,completed,89195.7446373,89195.7464742,89195.7485804,3.9431000041076913
3,527,completed,89195.7447224,89195.7465177,89195.749036,4.313599987654015
2,527,completed,89195.7447986,89195.7465368,89195.7495006,4.701999991084449
0,528,completed,89195.7753872,89195.777131,89195.7778929,2.505700002075173
5,528,completed,89195.7753857,89195.7771311,89195.7784176,3.0318999924929813
1,528,completed,89195.7754721,89195.7772865,89195.7791598,3.6877000093227252
4,528,completed,89195.7755455,89195.7773528,89195.779651,4.10550000378862
2,528,completed,89195.7754218,89195.7773916,89195.7801039,4.682099999627098
3,528,completed,89195.7755697,89195.7774537,89195.7805495,4.979800010914914
0,529,completed,89195.8108429,89195.8118631,89195.8140175,3.1746000022394583
5,529,completed,89195.8116367,89195.8137843,89195.8145333,2.8965999954380095
2,529,completed,89195.8117461,89195.8138721,89195.814985,3.2389000116381794
1,529,completed,89195.8118254,89195.8138964,89195.8155059,3.6804999981541187
3,529,completed,89195.8115255,89195.8139008,89195.8159723,4.446799997822382
4,529,completed,89195.8115732,89195.813939,89195.8164346,4.861399997025728
5,530,completed,89195.8414292,89195.8435284,89195.8446007,3.1715000077383593
2,530,completed,89195.8419036,89195.8441247,89195.8451551,3.2515000057173893
4,530,completed,89195.8418729,89195.844106,89195.8456575,3.784600005019456
3,530,completed,89195.841914,89195.8441296,89195.8460571,4.143099999055266
0,530,completed,89195.8414536,89195.8439261,89195.8465145,5.060899988166057
1,530,completed,89195.8417226,89195.8441842,89195.8470176,5.294999995385297
3,531,completed,89195.8733142,89195.8769994,89195.8777631,4.448899999260902
2,531,completed,89195.873426,89195.8770315,89195.8782743,4.848299999139272
1,531,completed,89195.8737008,89195.8770767,89195.8787229,5.022099998313934
4,531,completed,89195.8737541,89195.8771067,89195.8791246,5.370500002754852
5,531,completed,89195.8737948,89195.8772445,89195.8796034,5.808599991723895
0,531,completed,89195.8737988,89195.8772506,89195.8805705,6.771699991077185
4,532,completed,89195.904614,89195.9065379,89195.9073658,2.751799998804927
1,532,completed,89195.9046475,89195.906683,89195.9078923,3.2447999983560294
3,532,completed,89195.9046925,89195.9067936,89195.9083872,3.694700004416518
2,532,completed,89195.9048099,89195.9068741,89195.9088727,4.062799998791888
5,532,completed,89195.9049802,89195.9069544,89195.9093547,4.37450000026729
0,532,completed,89195.9050254,89195.906958,89195.9097928,4.767399994307198
3,533,completed,89195.9317344,89195.9337091,89195.9344672,2.732799999648705
1,533,completed,89195.9317928,89195.9338601,89195.9349454,3.152600009343587
2,533,completed,89195.9318723,89195.9339025,89195.9354058,3.533499999321066
4,533,completed,89195.9320388,89195.9339734,89195.9358273,3.7884999910602346
0,533,completed,89195.9317547,89195.9339697,89195.9362491,4.4944000110263005
5,533,completed,89195.9319963,89195.9340362,89195.9367073,4.711000001407228
1,534,completed,89195.9701863,89195.9722278,89195.9731261,2.939800004241988
0,534,completed,89195.9702741,89195.972527,89195.973619,3.344900003867224
5,534,completed,89195.9702232,89195.9725104,89195.9741028,3.879600000800565
3,534,completed,89195.9703535,89195.9725907,89195.974501,4.147500003455207
2,534,completed,89195.9704472,89195.9726361,89195.975009,4.561800000374205
4,534,completed,89195.9704488,89195.9726578,89195.9754669,5.018099996959791
1,535,completed,89196.0076383,89196.0103503,89196.0112179,3.5796000011032447
0,535,completed,89196.0076323,89196.0103558,89196.0117387,4.106400010641664
3,535,completed,89196.0080791,89196.0104825,89196.0122218,4.142700010561384
4,535,completed,89196.0080637,89196.0104848,89196.0126935,4.629799994290806
5,535,completed,89196.0081802,89196.0105076,89196.013216,5.035800000769086
2,535,completed,89196.0081394,89196.0104992,89196.0136877,5.548300003283657
3,536,completed,89196.0416997,89196.0437529,89196.0444991,2.7993999974569306
0,536,completed,89196.0417256,89196.0437827,89196.0450631,3.337500005727634
2,536,completed,89196.0419921,89196.0439507,89196.0455775,3.5854000016115606
5,536,completed,89196.041938,89196.0439342,89196.0460377,4.099700003280304
1,536,completed,89196.0417038,89196.0439704,89196.0464505,4.746699996758252
4,536,completed,89196.0418153,89196.0440052,89196.0469198,5.1045000000158325
0,537,completed,89196.0740476,89196.0771024,89196.0776693,3.6216999869793653
1,537,completed,89196.0740472,89196.0771112,89196.0781485,4.1013000009115785
2,537,completed,89196.0740485,89196.0770898,89196.0786056,4.557100008241832
5,537,completed,89196.0740948,89196.0771345,89196.0790483,4.953499999828637
3,537,completed,89196.0741748,89196.0771768,89196.0795605,5.38570000207983
4,537,completed,89196.0742814,89196.0771854,89196.0800322,5.75080000271555
1,538,completed,89196.1053023,89196.1080495,89196.1087699,3.4676000068429857
4,538,completed,89196.1053384,89196.1081109,89196.109294,3.955599997425452
3,538,completed,89196.1055721,89196.1082686,89196.1097806,4.208500002278015
2,538,completed,89196.1055472,89196.108259,89196.1102394,4.692200003773905
5,538,completed,89196.1053029,89196.1083057,89196.110687,5.38409998989664
0,538,completed,89196.1053975,89196.1083277,89196.1111177,5.720200002542697
0,539,completed,89196.1327735,89196.1345199,89196.1353678,2.594300007331185
1,539,completed,89196.1328911,89196.1347451,89196.1358509,2.959799996460788
4,539,completed,89196.1328024,89196.1347879,89196.1363312,3.5288000071886927
5,539,completed,89196.1329406,89196.1349163,89196.1367918,3.8512000028276816
2,539,completed,89196.1328544,89196.1349331,89196.1372398,4.385399995953776
3,539,completed,89196.1330371,89196.1349496,89196.1377089,4.671800008509308
4,540,completed,89196.1648863,89196.1673523,89196.1680255,3.139199994620867
0,540,completed,89196.1648553,89196.1673501,89196.1685109,3.6555999977281317
1,540,completed,89196.1647865,89196.167457,89196.1689367,4.150200009462424
3,540,completed,89196.1649166,89196.1674681,89196.1693632,4.446599996299483
5,540,completed,89196.1650206,89196.1674716,89196.1697837,4.763099990668707
2,540,completed,89196.1647783,89196.1674546,89196.170256,5.477700004121289
1,541,completed,89196.1965909,89196.198345,89196.1993831,2.7922000008402392
5,541,completed,89196.1966015,89196.1983789,89196.1999084,3.306899991002865
3,541,completed,89196.1967862,89196.1988394,89196.2003734,3.5872000007657334
0,541,completed,89196.1971042,89196.1989242,89196.2008923,3.7881000025663525
2,541,completed,89196.1967049,89196.1989396,89196.201398,4.693100010626949
4,541,completed,89196.1970739,89196.1989132,89196.2018839,4.80999999854248
5,542,completed,89196.2454071,89196.24739,89196.248321,2.913900010753423
2,542,completed,89196.2455324,89196.2476571,89196.2488544,3.321999989566393
1,542,completed,89196.245785,89196.247673,89196.2492992,3.514199997880496
0,542,completed,89196.2458841,89196.2477356,89196.2497657,3.8816000014776364
3,542,completed,89196.2458192,89196.2477102,89196.2502995,4.480299990973435
4,542,completed,89196.2459206,89196.2477471,89196.2508378,4.917199999908917
0,543,completed,89196.2773204,89196.2790612,89196.2798907,2.570299999206327
1,543,completed,89196.2773167,89196.2791762,89196.2805403,3.2235999969998375
4,543,completed,89196.2773978,89196.2792932,89196.2810529,3.655099993920885
2,543,completed,89196.2773934,89196.2792828,89196.2815462,4.152800000156276
3,543,completed,89196.2775094,89196.2793478,89196.2820789,4.5695000007981434
5,543,completed,89196.2776458,89196.2793985,89196.282581,4.93520000600256
5,544,completed,89196.2952828,89196.2971638,89196.2980294,2.746600002865307
0,544,completed,89196.2953081,89196.2973256,89196.2985474,3.2393000001320615
1,544,completed,89196.2953491,89196.2974187,89196.2990281,3.679000001284294
3,544,completed,89196.2954843,89196.2975643,89196.2994645,3.980199995567091
2,544,completed,89196.2956025,89196.2976171,89196.2999123,4.309800002374686
4,544,completed,89196.2956604,89196.297623,89196.3003852,4.724799990071915
4,545,completed,89196.3310044,89196.3323964,89196.3336907,2.686300009372644
5,545,completed,89196.3311448,89196.3329117,89196.3342133,3.0684999946970493
0,545,completed,89196.3314797,89196.3331726,89196.3346783,3.198599995812401
2,545,completed,89196.3313602,89196.3331501,89196.3351791,3.8189000042621046
1,545,completed,89196.3315062,89196.3331786,89196.3356319,4.125699997530319
3,545,completed,89196.3314865,89196.3332387,89196.3360639,4.57740000274498
0,546,completed,89196.3628865,89196.3638648,89196.3644507,1.5641999925719574
2,546,completed,89196.3624648,89196.3639186,89196.3649362,2.4714000028325245
5,546,completed,89196.3627584,89196.3639603,89196.3654276,2.6691999955801293
4,546,completed,89196.3782324,89196.3787164,89196.3800573,1.824899998609908
1,546,completed,89196.378599,89196.3795639,89196.3811158,2.516799999284558
3,546,completed,89196.3786153,89196.3798899,89196.3815978,2.98250000923872
3,547,completed,89196.4094151,89196.4110472,89196.4118851,2.4699999921722338
5,547,completed,89196.4094536,89196.411146,89196.4123951,2.9414999880827963
0,547,completed,89196.4094978,89196.4113263,89196.4128296,3.331799991428852
2,547,completed,89196.4094037,89196.411256,89196.4132837,3.8800000038463622
1,547,completed,89196.4096526,89196.4113412,89196.4137301,4.077499994309619
4,547,completed,89196.4096651,89196.4114553,89196.4142011,4.535999993095174
2,548,completed,89196.4409057,89196.4426473,89196.4433291,2.4234000011347234
0,548,completed,89196.4408656,89196.4427545,89196.4438591,2.9935000056866556
3,548,completed,89196.4409861,89196.4427941,89196.4443213,3.3352000027662143
1,548,completed,89196.4410334,89196.4428119,89196.4447706,3.737200007890351
4,548,completed,89196.4408674,89196.4428314,89196.4451477,4.28029999602586
5,548,completed,89196.4409438,89196.442938,89196.4455984,4.654599993955344
4,549,completed,89196.4730218,89196.4747885,89196.4754828,2.4609999964013696
0,549,completed,89196.473015,89196.4747715,89196.4760158,3.0008000030647963
5,549,completed,89196.4730474,89196.4748253,89196.4764889,3.441500011831522
3,549,completed,89196.4731488,89196.4749242,89196.4769292,3.7804000021424145
2,549,completed,89196.4732535,89196.4749909,89196.4772992,4.045700014103204
1,549,completed,89196.4733071,89196.4749935,89196.4777363,4.4292000093264505
4,550,completed,89196.5047948,89196.5071513,89196.5079594,3.1645999988541007
3,550,completed,89196.5047876,89196.5070441,89196.5084874,3.6997999995946884
2,550,completed,89196.5053592,89196.5074339,89196.5089445,3.5853000008501112
5,550,completed,89196.5052221,89196.5073669,89196.509429,4.206900004646741
0,550,completed,89196.5052925,89196.5074148,89196.509971,4.678500001318753
1,550,completed,89196.5053818,89196.5074342,89196.510435,5.053200002294034
1,551,completed,89196.5358105,89196.537495,89196.538359,2.548499993281439
0,551,completed,89196.5357637,89196.5375754,89196.5388924,3.128700001980178
3,551,completed,89196.5358979,89196.5376788,89196.5393877,3.489800001261756
2,551,completed,89196.5360173,89196.5377487,89196.5398074,3.790100003243424
5,551,completed,89196.5359347,89196.5377104,89196.54026,4.3252999894320965
4,551,completed,89196.5358449,89196.537882,89196.540747,4.902100001345389
3,552,completed,89196.5678068,89196.5698581,89196.570638,2.831200006767176
5,552,completed,89196.5677974,89196.5699125,89196.5711437,3.3462999999755993
2,552,completed,89196.5678687,89196.5699241,89196.5716035,3.734799989615567
0,552,completed,89196.5680543,89196.5700944,89196.5720838,4.029499992611818
4,552,completed,89196.5679439,89196.5702199,89196.5725735,4.629600007319823
1,552,completed,89196.5679639,89196.5702528,89196.5731085,5.144599999766797
2,553,completed,89196.5996399,89196.6019883,89196.6031095,3.4696000075200573
0,553,completed,89196.6000728,89196.6025586,89196.6036895,3.616699992562644
3,553,completed,89196.6000179,89196.6025268,89196.6042031,4.185199999483302
5,553,completed,89196.5997581,89196.6025666,89196.604729,4.970900001353584
4,553,completed,89196.5999712,89196.6026388,89196.6052862,5.315000002156012
1,553,completed,89196.5998723,89196.6026397,89196.6057946,5.922299998928793
3,554,completed,89196.6360287,89196.6382708,89196.6389113,2.882600005250424
4,554,completed,89196.6359785,89196.6381755,89196.6393923,3.413800004636869
5,554,completed,89196.6359155,89196.6383061,89196.6399206,4.005100010544993
1,554,completed,89196.6361945,89196.6383131,89196.6403787,4.184200006420724
0,554,completed,89196.6362737,89196.6383354,89196.6407912,4.517499997746199
2,554,completed,89196.6359263,89196.6383137,89196.6413189,5.392599996412173
4,555,completed,89196.6717391,89196.6742231,89196.6755652,3.826100000878796
5,555,completed,89196.6721001,89196.675024,89196.6760619,3.961800000979565
1,555,completed,89196.6721419,89196.6751297,89196.6765482,4.406300009577535
2,555,completed,89196.6722445,89196.6751973,89196.6770662,4.821700000320561
0,555,completed,89196.6723221,89196.6752276,89196.6775283,5.206200003158301
3,555,completed,89196.6724026,89196.6752531,89196.677989,5.58640000235755
2,556,completed,89196.7036967,89196.7059825,89196.7069737,3.276999996160157
0,556,completed,89196.7039636,89196.7062662,89196.7074736,3.5100000095553696
5,556,completed,89196.7041067,89196.7063337,89196.7079549,3.848200009088032
3,556,completed,89196.7038606,89196.7063991,89196.7084161,4.555499996058643
1,556,completed,89196.7040186,89196.7064637,89196.7089072,4.888600000413135
4,556,completed,89196.704271,89196.7065258,89196.7093408,5.069799997727387
3,557,completed,89196.7355418,89196.737447,89196.7382891,2.7473000081954524
1,557,completed,89196.7355708,89196.737558,89196.7388441,3.273299997090362
2,557,completed,89196.7356366,89196.7376624,89196.7392616,3.6249999975552782
5,557,completed,89196.7358083,89196.7377649,89196.7397119,3.903599994373508
4,557,completed,89196.7358657,89196.7378,89196.7401665,4.300800006603822
0,557,completed,89196.7358928,89196.737811,89196.740675,4.782199990586378
2,558,completed,89196.7670727,89196.7692013,89196.7699977,2.925000007962808
4,558,completed,89196.7671079,89196.7692547,89196.770514,3.406100004212931
1,558,completed,89196.7671837,89196.7693943,89196.7710186,3.8349000096786767
3,558,completed,89196.7672601,89196.769418,89196.77149,4.229900005157106
0,558,completed,89196.7669824,89196.7694229,89196.7719756,4.993199996533804
5,558,completed,89196.7670102,89196.769469,89196.7724419,5.431700003100559
5,559,completed,89196.7981248,89196.8003022,89196.8012143,3.0894999945303425
4,559,completed,89196.7981498,89196.800416,89196.8017452,3.595400004996918
1,559,completed,89196.7981845,89196.8005433,89196.8022244,4.039899999042973
0,559,completed,89196.7982955,89196.8007175,89196.8027627,4.467199993086979
2,559,completed,89196.7984127,89196.8007755,89196.8032239,4.811200007679872
3,559,completed,89196.7984683,89196.8007843,89196.8037106,5.242300001555122
4,560,completed,89196.8312927,89196.832989,89196.8343327,3.040000010514632
3,560,completed,89196.8315837,89196.8336655,89196.8349099,3.32620000699535
2,560,completed,89196.8316332,89196.8338167,89196.8353778,3.744600006029941
5,560,completed,89196.8315072,89196.8339101,89196.8358614,4.354200005764142
1,560,completed,89196.8316928,89196.8339095,89196.8363642,4.671400005463511
0,560,completed,89196.8317638,89196.8339275,89196.8368433,5.079499998828396
4,561,completed,89196.8649584,89196.8667862,89196.8675309,2.572500001406297
3,561,completed,89196.8649309,89196.8667367,89196.868079,3.148100004182197
5,561,completed,89196.8650144,89196.8669058,89196.8685185,3.5041000082856044
1,561,completed,89196.8650934,89196.8669933,89196.8690593,3.9659000030951574
2,561,completed,89196.8651502,89196.8670295,89196.8695422,4.3920000025536865
0,561,completed,89196.8652427,89196.867053,89196.8700212,4.778499991516583
0,562,completed,89196.8957742,89196.8977577,89196.8983422,2.5679999962449074
2,562,completed,89196.8958058,89196.8977863,89196.8988874,3.081600007135421
5,562,completed,89196.8957933,89196.8977586,89196.8993587,3.5653999948408455
1,562,completed,89196.8957459,89196.8977942,89196.8999757,4.229800004395656
3,562,completed,89196.9115148,89196.912855,89196.9135261,2.011300006415695
4,562,completed,89196.9115031,89196.9128345,89196.9141106,2.607500005979091
3,563,completed,89196.9424484,89196.9450016,89196.9457442,3.29579999379348
5,563,completed,89196.9425849,89196.9451893,89196.946272,3.687100004754029
4,563,completed,89196.942465,89196.9452319,89196.9467373,4.272299993317574
2,563,completed,89196.9425706,89196.9452229,89196.9472222,4.651600000215694
0,563,completed,89196.9427126,89196.9452519,89196.9477255,5.012900001020171
1,563,completed,89196.9428172,89196.9452743,89196.9483243,5.50709999515675
3,564,completed,89196.9735552,89196.9763782,89196.9778163,4.26109999534674
2,564,completed,89196.9739122,89196.9773523,89196.9783183,4.406099993502721
5,564,completed,89196.9739831,89196.9773944,89196.9788416,4.858499989495613
4,564,completed,89196.974066,89196.9774327,89196.9793185,5.252500006463379
1,564,completed,89196.9738792,89196.9775471,89196.9799045,6.025299997418188
0,564,completed,89196.9739882,89196.977587,89196.9803527,6.364500004565343
4,565,completed,89197.0048697,89197.0071793,89197.0080454,3.1756999960634857
2,565,completed,89197.0049554,89197.0073678,89197.0085974,3.6419999960344285
5,565,completed,89197.0050201,89197.007441,89197.0091047,4.084600004716776
1,565,completed,89197.0051237,89197.0074777,89197.0095413,4.417599993757904
3,565,completed,89197.0049166,89197.0074746,89197.01,5.08339999942109
0,565,completed,89197.0051051,89197.0075472,89197.0104325,5.327399994712323
4,566,completed,89197.0360548,89197.037307,89197.0391188,3.064000004087575
0,566,completed,89197.0366496,89197.0388441,89197.0396838,3.0341999954544008
1,566,completed,89197.0367109,89197.0389029,89197.0402225,3.5115999926347286
3,566,completed,89197.0366902,89197.0388924,89197.0406596,3.969400000642054
2,566,completed,89197.0368051,89197.0389508,89197.04108,4.274899998563342
5,566,completed,89197.0368555,89197.0389526,89197.0415411,4.685599997173995
0,567,completed,89197.0681974,89197.0697753,89197.0712412,3.043799995793961
1,567,completed,89197.0687496,89197.0707396,89197.0717568,3.007199993589893
5,567,completed,89197.0686321,89197.0708427,89197.0722501,3.6180000024614856
2,567,completed,89197.0686883,89197.0709186,89197.0727524,4.0640999941388145
3,567,completed,89197.0686782,89197.0709094,89197.0732612,4.583000001730397
4,567,completed,89197.0689332,89197.070965,89197.0737416,4.808400000911206
1,568,completed,89197.0993115,89197.1012362,89197.1019669,2.6553999923635274
0,568,completed,89197.0993117,89197.1013121,89197.1024591,3.147399998852052
4,568,completed,89197.0993483,89197.1013637,89197.1029431,3.594800000428222
5,568,completed,89197.099375,89197.1013871,89197.1034187,4.043699998874217
3,568,completed,89197.0995431,89197.1014762,89197.1038725,4.329399991547689
2,568,completed,89197.0994575,89197.1015,89197.1043406,4.883100002189167
0,569,completed,89197.1305847,89197.1329633,89197.133978,3.393299994058907
3,569,completed,89197.1306189,89197.1331533,89197.1345351,3.916200003004633
5,569,completed,89197.1311069,89197.1334334,89197.1349815,3.8746000063838437
1,569,completed,89197.1310978,89197.1334269,89197.1354717,4.373900010250509
2,569,completed,89197.1309616,89197.1335232,89197.1359395,4.977899996447377
4,569,completed,89197.131238,89197.1335842,89197.1364472,5.209199996897951
4,570,completed,89197.1622246,89197.1628701,89197.1634857,1.2610999983735383
2,570,completed,89197.1622209,89197.1628662,89197.163946,1.7250999953830615
3,570,completed,89197.1782355,89197.1788368,89197.1799943,1.758799990057014
0,570,completed,89197.1783318,89197.1790527,89197.1805089,2.177100002882071
5,570,completed,89197.1788795,89197.17975,89197.1810092,2.1296999912010506
1,570,completed,89197.1789219,89197.1798061,89197.181502,2.580100001068786
1,571,completed,89197.209771,89197.2121708,89197.2129995,3.2285000052070245
5,571,completed,89197.2097948,89197.2121913,89197.21354,3.745199996046722
4,571,completed,89197.2098504,89197.2122856,89197.2139553,4.104899999219924
2,571,completed,89197.2099618,89197.212431,89197.2144051,4.443300000275485
0,571,completed,89197.2099754,89197.2124716,89197.214845,4.869600001256913
3,571,completed,89197.2100849,89197.2124767,89197.215339,5.254100004094653
1,572,completed,89197.2417282,89197.2438973,89197.2447357,3.0075000104261562
2,572,completed,89197.2418507,89197.2441094,89197.245243,3.392300000996329
5,572,completed,89197.2417075,89197.244158,89197.245738,4.030500000226311
0,572,completed,89197.2419336,89197.2441541,89197.2462616,4.327999995439313
3,572,completed,89197.2417643,89197.2440742,89197.2467496,4.985300009138882
4,572,completed,89197.2417074,89197.2441548,89197.2472943,5.586900006164797
1,573,completed,89197.2730631,89197.2753031,89197.2763185,3.2553999917581677
2,573,completed,89197.2730994,89197.2757567,89197.2768305,3.7311000050976872
0,573,completed,89197.2735014,89197.2758125,89197.2773131,3.811699993093498
3,573,completed,89197.2735386,89197.2758403,89197.2778131,4.2744999955175444
4,573,completed,89197.2736005,89197.2758661,89197.2783637,4.763199991430156
5,573,completed,89197.2732214,89197.2758996,89197.2788559,5.6345000048168
2,574,completed,89197.3046761,89197.307311,89197.3082833,3.6071999929845333
4,574,completed,89197.3047568,89197.3074303,89197.3088055,4.048699993290938
5,574,completed,89197.3051701,89197.3077655,89197.3093349,4.164800004218705
3,574,completed,89197.3052198,89197.3077874,89197.3098446,4.624799999874085
0,574,completed,89197.3052637,89197.3077997,89197.3103712,5.107500008307397
1,574,completed,89197.3053079,89197.3078196,89197.3108882,5.580299999564886
3,575,completed,89197.3361856,89197.3381091,89197.3391522,2.966600004583597
5,575,completed,89197.3361492,89197.3382194,89197.3397198,3.5706000053323805
0,575,completed,89197.336213,89197.3384924,89197.3402032,3.9901999989524484
4,575,completed,89197.3365362,89197.3386311,89197.3407754,4.239200003212318
2,575,completed,89197.3365965,89197.3386759,89197.3414327,4.8362000088673085
1,575,completed,89197.3366368,89197.3386831,89197.3419458,5.309000000124797
1,576,completed,89197.367995,89197.3706904,89197.3714479,3.452900011325255
5,576,completed,89197.3680152,89197.3706981,89197.3719398,3.924599994206801
2,576,completed,89197.3683878,89197.3709172,89197.3724112,4.023400004371069
0,576,completed,89197.3684426,89197.3709269,89197.3728876,4.444999998668209
3,576,completed,89197.3684818,89197.3709361,89197.3733547,4.872899997280911
4,576,completed,89197.3683452,89197.3708778,89197.3738537,5.508500005817041
3,577,completed,89197.408334,89197.4105546,89197.4112865,2.9524999990826473
2,577,completed,89197.4083441,89197.4105989,89197.4117912,3.447099996265024
4,577,completed,89197.4083824,89197.4106799,89197.4122804,3.898000009940006
1,577,completed,89197.4084412,89197.4107533,89197.4127595,4.318300008890219
5,577,completed,89197.4085341,89197.4108002,89197.4132619,4.72779999836348
0,577,completed,89197.4086091,89197.4108245,89197.413782,5.172899996978231
5,578,completed,89197.4411354,89197.4433452,89197.4439844,2.848999996786006
4,578,completed,89197.4411376,89197.4433821,89197.4444811,3.343499993206933
3,578,completed,89197.4411879,89197.4434175,89197.4449791,3.7911999970674515
1,578,completed,89197.4412431,89197.4434578,89197.445463,4.219900001771748
2,578,completed,89197.4413979,89197.4434935,89197.4459181,4.520200003753416
0,578,completed,89197.4414812,89197.443502,89197.446389,4.907800001092255
1,579,completed,89197.4732411,89197.4753439,89197.4760254,2.7842999988934025
3,579,completed,89197.4731864,89197.4753041,89197.4765155,3.3290999999735504
4,579,completed,89197.4733539,89197.4754043,89197.4769611,3.6071999929845333
2,579,completed,89197.473453,89197.4754751,89197.477338,3.8849999982630834
0,579,completed,89197.4731926,89197.4754389,89197.4777512,4.558600005111657
5,579,completed,89197.4736631,89197.4755674,89197.4782421,4.579000000376254
3,580,completed,89197.5045167,89197.5070171,89197.507922,3.405299998121336
5,580,completed,89197.5046609,89197.5073253,89197.5084539,3.7929999962216243
4,580,completed,89197.5050163,89197.5074179,89197.5089127,3.8963999977568164
1,580,completed,89197.5050607,89197.5074345,89197.5093588,4.298100000596605
2,580,completed,89197.5049241,89197.5075125,89197.5098096,4.885500005912036
0,580,completed,89197.5049533,89197.5075727,89197.5102626,5.309300002409145
2,581,completed,89197.5362182,89197.5384596,89197.5392688,3.05060000391677
5,581,completed,89197.5362174,89197.5385463,89197.5398387,3.6212999984854832
1,581,completed,89197.5362803,89197.5385573,89197.540395,4.114700001082383
4,581,completed,89197.5364321,89197.5386621,89197.5409184,4.486300007556565
3,581,completed,89197.5365646,89197.5386917,89197.5414582,4.893599994829856
0,581,completed,89197.536339,89197.5386503,89197.5419548,5.615800007944927
5,582,completed,89197.5678502,89197.5702789,89197.5710537,3.2035000040195882
2,582,completed,89197.5678978,89197.5703958,89197.5715867,3.688899989356287
4,582,completed,89197.5680566,89197.5704654,89197.572101,4.044400004204363
1,582,completed,89197.5681417,89197.5704836,89197.572566,4.4243000011192635
3,582,completed,89197.56785,89197.5705196,89197.5730741,5.22409999393858
0,582,completed,89197.5679699,89197.5705676,89197.573571,5.601099997875281
2,583,completed,89197.6002185,89197.6023869,89197.603087,2.8684999997494742
5,583,completed,89197.6002852,89197.6024711,89197.603729,3.4438000002410263
0,583,completed,89197.6003126,89197.6024839,89197.6042716,3.958999994210899
4,583,completed,89197.6002257,89197.6025574,89197.6047933,4.567600000882521
1,583,completed,89197.6005179,89197.6025617,89197.6052657,4.74779999058228
3,583,completed,89197.6004905,89197.6026189,89197.6057338,5.243299994617701
2,584,completed,89197.6327548,89197.6362216,89197.636903,4.148200008785352
3,584,completed,89197.6327822,89197.6362904,89197.6374547,4.672499999287538
5,584,completed,89197.6327552,89197.6362585,89197.6379221,5.166899994947016
0,584,completed,89197.6328642,89197.6363573,89197.6383671,5.502899992279708
1,584,completed,89197.6329944,89197.6363857,89197.6388151,5.8206999965477735
4,584,completed,89197.6331167,89197.6364008,89197.6391818,6.065099994884804
0,585,completed,89197.6640707,89197.6659988,89197.6666832,2.612500000395812
5,585,completed,89197.6640255,89197.6660734,89197.6671985,3.173000004608184
3,585,completed,89197.6642506,89197.6661031,89197.6677269,3.476300000329502
1,585,completed,89197.6640112,89197.6660165,89197.6681667,4.155499991611578
2,585,completed,89197.6642599,89197.6661001,89197.6686485,4.388599991216324
4,585,completed,89197.6643451,89197.6661349,89197.6690925,4.747400002088398
1,586,completed,89197.6958925,89197.6971521,89197.6985563,2.663799998117611
2,586,completed,89197.6961799,89197.6979863,89197.6991041,2.9242000018712133
4,586,completed,89197.6960605,89197.6978999,89197.6997154,3.6548999923979864
3,586,completed,89197.6962301,89197.6980136,89197.7002317,4.001599998446181
0,586,completed,89197.6963011,89197.6981075,89197.7006792,4.378099998575635
5,586,completed,89197.6965436,89197.6983584,89197.7011142,4.570599994622171
5,587,completed,89197.7277563,89197.7282267,89197.7288258,1.0695000091800466
2,587,completed,89197.7439736,89197.7454777,89197.7461926,2.219000001787208
3,587,completed,89197.7440454,89197.7455418,89197.7467602,2.7147999935550615
0,587,completed,89197.7439848,89197.7455286,89197.747241,3.2561999978497624
1,587,completed,89197.7441013,89197.7456382,89197.7476899,3.588599996874109
4,587,completed,89197.7441644,89197.7456343,89197.748115,3.9505999884568155
5,588,completed,89197.7760186,89197.7777424,89197.7785418,2.52320000436157
2,588,completed,89197.7760654,89197.7778067,89197.7790415,2.976100004161708
0,588,completed,89197.7762252,89197.7780238,89197.779467,3.2418000046163797
3,588,completed,89197.7762872,89197.7780359,89197.7798393,3.5520999954314902
1,588,completed,89197.7760099,89197.7780213,89197.7802334,4.223500000080094
4,588,completed,89197.7761574,89197.7780797,89197.7805812,4.423799997312017
3,589,completed,89197.7962192,89197.7982914,89197.7990281,2.8088999970350415
4,589,completed,89197.7962623,89197.7983431,89197.7994977,3.235399999539368
2,589,completed,89197.7963306,89197.7984484,89197.7999441,3.613499997300096
0,589,completed,89197.7963509,89197.7984898,89197.8003747,4.023800007416867
1,589,completed,89197.7962346,89197.7984861,89197.8008022,4.567600000882521
5,589,completed,89197.7964153,89197.7985605,89197.8012199,4.804599986528046
5,590,completed,89197.8355837,89197.8374701,89197.8382081,2.624400003696792
1,590,completed,89197.8356068,89197.8375277,89197.8387025,3.0956999980844557
0,590,completed,89197.8355745,89197.8374699,89197.8391516,3.5770999966189265
2,590,completed,89197.8356812,89197.8376273,89197.8395839,3.902700002072379
4,590,completed,89197.8357727,89197.8376942,89197.8400624,4.289700009394437
3,590,completed,89197.835927,89197.8377169,89197.8405522,4.6252000029198825
1,591,completed,89197.8668469,89197.8691545,89197.869909,3.0621000041719526
4,591,completed,89197.8670896,89197.8693649,89197.870451,3.3613999985391274
5,591,completed,89197.8670551,89197.8693645,89197.8709475,3.8924000109545887
3,591,completed,89197.8668107,89197.8693314,89197.8713817,4.570999997667968
0,591,completed,89197.8668719,89197.8693842,89197.8718072,4.93530000676401
2,591,completed,89197.8670715,89197.8693611,89197.8722376,5.1660999888554215
0,592,completed,89197.8976111,89197.8996962,89197.9005759,2.9648000054294243
5,592,completed,89197.8977146,89197.899885,89197.9010488,3.334200009703636
2,592,completed,89197.8977539,89197.8999318,89197.9014937,3.7397999985842034
3,592,completed,89197.8978499,89197.8999552,89197.9018797,4.029800009448081
4,592,completed,89197.8975983,89197.899907,89197.9023126,4.714299997431226
1,592,completed,89197.8979207,89197.9000681,89197.9026956,4.774900007760152
3,593,completed,89197.9428148,89197.9436513,89197.9453625,2.5477000017417595
5,593,completed,89197.9428677,89197.9439711,89197.9459071,3.039400005945936
4,593,completed,89197.9434172,89197.9450642,89197.9463848,2.9675999976461753
1,593,completed,89197.9434643,89197.945132,89197.9467953,3.3309999998891726
0,593,completed,89197.9433482,89197.9451054,89197.9471772,3.8289999938569963
2,593,completed,89197.9435409,89197.9451951,89197.9476429,4.102000006241724
2,594,completed,89197.9753812,89197.9779111,89197.978597,3.21579999581445
0,594,completed,89197.9753737,89197.977939,89197.9791126,3.7389000062830746
3,594,completed,89197.9753945,89197.9779648,89197.9796059,4.211399995256215
1,594,completed,89197.9755963,89197.9780452,89197.9800389,4.44259999494534
5,594,completed,89197.9755635,89197.9781588,89197.9805379,4.974399998900481
4,594,completed,89197.9755031,89197.9781471,89197.980981,5.477900005644187
0,595,completed,89198.0080082,89198.0105161,89198.0113283,3.320099989650771
5,595,completed,89198.008269,89198.0106721,89198.0118896,3.620600007707253
2,595,completed,89198.0079631,89198.0107078,89198.0124172,4.4541000097524375
3,595,completed,89198.0082276,89198.0106913,89198.0129185,4.690899993875064
4,595,completed,89198.0083369,89198.010713,89198.013409,5.072100000688806
1,595,completed,89198.007963,89198.010708,89198.0139441,5.981100010103546
2,596,completed,89198.0386948,89198.0407723,89198.0418248,3.1300000118790194
0,596,completed,89198.038894,89198.0412222,89198.0423277,3.4336999960942194
5,596,completed,89198.0389614,89198.0412786,89198.042817,3.8555999926757067
3,596,completed,89198.039109,89198.0413429,89198.0433267,4.217699999571778
1,596,completed,89198.0391741,89198.0413493,89198.0438856,4.71149999066256
4,596,completed,89198.0390257,89198.0413176,89198.0443777,5.352000007405877
2,597,completed,89198.0696691,89198.0720972,89198.0733368,3.667699988000095
4,597,completed,89198.0700026,89198.0727483,89198.0738228,3.820199999609031
0,597,completed,89198.0700441,89198.0728049,89198.0743317,4.287600007955916
1,597,completed,89198.0701118,89198.0728897,89198.0749531,4.841300004045479
3,597,completed,89198.0704548,89198.0730058,89198.0754567,5.00189999002032
5,597,completed,89198.0704118,89198.0729999,89198.0760101,5.59830000565853
3,598,completed,89198.1016003,89198.1041362,89198.105129,3.5287000064272434
5,598,completed,89198.1018066,89198.1045386,89198.1057086,3.9019999967422336
0,598,completed,89198.1018722,89198.1045699,89198.106204,4.331799995270558
1,598,completed,89198.1019675,89198.1046205,89198.1069264,4.958899997291155
2,598,completed,89198.1019167,89198.1046187,89198.1074376,5.520899998373352
4,598,completed,89198.1020026,89198.1046177,89198.1079411,5.938499991316348
2,599,completed,89198.1336428,89198.1360838,89198.1368093,3.166499998769723
5,599,completed,89198.1336565,89198.1361121,89198.137314,3.657500012195669
4,599,completed,89198.1337281,89198.1362011,89198.1377838,4.055700002936646
1,599,completed,89198.1339633,89198.1363125,89198.1384014,4.438100004335865
3,599,completed,89198.1338549,89198.1362931,89198.1388994,5.044499994255602
0,599,completed,89198.1339643,89198.1363126,89198.1394243,5.460000000311993
1,600,completed,89198.1648136,89198.1674715,89198.1685993,3.7856999988434836
5,600,completed,89198.1649131,89198.1676483,89198.1691827,4.269600001862273
2,600,completed,89198.1653646,89198.1679739,89198.1696677,4.303099995013326
4,600,completed,89198.1652245,89198.1679275,89198.1701538,4.929300004732795
3,600,completed,89198.1652713,89198.1679512,89198.1706253,5.354000008082949
0,600,completed,89198.165209,89198.1680276,89198.1710078,5.798800004413351
0,601,completed,89198.1963191,89198.1985272,89198.199308,2.9888999997638166
2,601,completed,89198.1963789,89198.1986982,89198.199921,3.542100006598048
5,601,completed,89198.1964543,89198.1987227,89198.2004433,3.9889999898150563
1,601,completed,89198.196494,89198.1987517,89198.2009826,4.488599995966069
3,601,completed,89198.1965497,89198.1987842,89198.2014156,4.865899987635203
4,601,completed,89198.1965917,89198.1987936,89198.2018711,5.279399993014522
3,602,completed,89198.2441758,89198.2460218,89198.2467401,2.5642999971751124
2,602,completed,89198.2441611,89198.2460327,89198.2472262,3.0650999979116023
5,602,completed,89198.2443101,89198.2461841,89198.2477306,3.4204999974463135
4,602,completed,89198.2442625,89198.2461841,89198.2481808,3.9183000044431537
1,602,completed,89198.2444933,89198.2462419,89198.2486691,4.175800000666641
0,602,completed,89198.2445328,89198.2462556,89198.2490792,4.546399999526329
5,603,completed,89198.2761707,89198.2785782,89198.2793344,3.1636999920010567
2,603,completed,89198.2762099,89198.2786384,89198.2798585,3.648600002634339
3,603,completed,89198.2762526,89198.2786594,89198.2803244,4.0717999945627525
0,603,completed,89198.2761712,89198.2787688,89198.2808458,4.674600000726059
1,603,completed,89198.276386,89198.2787584,89198.2813373,4.9512999976286665
4,603,completed,89198.276529,89198.2788492,89198.2818473,5.318299998180009
4,604,completed,89198.3077639,89198.3099907,89198.311387,3.623099997639656
5,604,completed,89198.3082235,89198.3109984,89198.3118902,3.6666999949375167
0,604,completed,89198.3081632,89198.3109608,89198.3123875,4.224300006171688
3,604,completed,89198.3081903,89198.3109693,89198.312838,4.647699999623001
1,604,completed,89198.3082873,89198.3110181,89198.3132966,5.009300002711825
2,604,completed,89198.3083753,89198.3110471,89198.3137312,5.355900007998571
3,605,completed,89198.3432398,89198.3451637,89198.3459856,2.7457999967737123
1,605,completed,89198.3432654,89198.3453229,89198.3465299,3.2644999882904813
5,605,completed,89198.3432996,89198.3453522,89198.3470585,3.7588999985018745
2,605,completed,89198.3433313,89198.3453785,89198.347513,4.181700001936406
0,605,completed,89198.3434129,89198.3454249,89198.34801,4.597100007231347
4,605,completed,89198.3435297,89198.3454634,89198.3484806,4.950900009134784
1,606,completed,89198.3753333,89198.3782784,89198.3789595,3.626199992140755
4,606,completed,89198.3753301,89198.378278,89198.3795783,4.248199998983182
0,606,completed,89198.3753811,89198.3783515,89198.3800496,4.668499997933395
3,606,completed,89198.3754632,89198.3784054,89198.3804869,5.023699995945208
2,606,completed,89198.3755915,89198.3784425,89198.3809212,5.329700012225658
5,606,completed,89198.3756779,89198.3784624,89198.3813979,5.720000001019798
2,607,completed,89198.4069841,89198.4091141,89198.4106746,3.690500001539476
0,607,completed,89198.4074122,89198.4101714,89198.4111865,3.7742999993497506
5,607,completed,89198.4074505,89198.4102308,89198.4116579,4.207399993902072
1,607,completed,89198.4075524,89198.4102975,89198.4121331,4.580699998768978
3,607,completed,89198.4076295,89198.4104192,89198.4125857,4.9562000058358535
4,607,completed,89198.4076114,89198.410446,89198.4130043,5.392899998696521
4,608,completed,89198.4404219,89198.4425016,89198.4433801,2.958199998829514
0,608,completed,89198.4404469,89198.4426488,89198.4439152,3.468299997621216
2,608,completed,89198.4404866,89198.4427973,89198.4443889,3.9022999990265816
1,608,completed,89198.4405815,89198.4429088,89198.444887,4.305499998736195
3,608,completed,89198.4406963,89198.4429677,89198.445378,4.681700011133216
5,608,completed,89198.4408313,89198.4430071,89198.4458801,5.048799997894093
2,609,completed,89198.4721595,89198.4743115,89198.4751119,2.952399998321198
3,609,completed,89198.4722152,89198.474509,89198.4756199,3.40469999355264
1,609,completed,89198.4723419,89198.4745159,89198.4761014,3.7595000030705705
0,609,completed,89198.4721592,89198.4745116,89198.476499,4.339799997978844
4,609,completed,89198.4722997,89198.4746145,89198.4769171,4.61739998718258
5,609,completed,89198.4724614,89198.4746437,89198.4772925,4.831099999137223
1,610,completed,89198.5034465,89198.5053617,89198.5061654,2.718899995670654
3,610,completed,89198.503568,89198.5055471,89198.5067457,3.1776999967405573
4,610,completed,89198.5034473,89198.5056658,89198.5072353,3.788000001804903
5,610,completed,89198.5037814,89198.5056602,89198.5076885,3.9071000064723194
0,610,completed,89198.5037273,89198.5056354,89198.5081835,4.456199996639043
2,610,completed,89198.5034862,89198.505672,89198.5086302,5.143999995198101
5,611,completed,89198.5345821,89198.5365854,89198.5373306,2.748500002780929
3,611,completed,89198.5346042,89198.5366863,89198.5378902,3.285999991931021
4,611,completed,89198.5347624,89198.5367468,89198.5383616,3.5992000048281625
1,611,completed,89198.5348014,89198.5367749,89198.5388211,4.019699990749359
0,611,completed,89198.5349504,89198.5368056,89198.5392767,4.32629999704659
2,611,completed,89198.5345825,89198.5367383,89198.5397928,5.2103000052738935
1,612,completed,89198.5656885,89198.5674765,89198.5682646,2.5760999997146428
3,612,completed,89198.565673,89198.5675654,89198.5688799,3.2069000008050352
2,612,completed,89198.5657236,89198.5676664,89198.5693008,3.577199997380376
4,612,completed,89198.5657739,89198.5676767,89198.5697205,3.9466000016545877
5,612,completed,89198.5658446,89198.5677234,89198.570132,4.287399991881102
0,612,completed,89198.5658944,89198.5677674,89198.5705114,4.616999998688698
3,613,completed,89198.5976634,89198.5997678,89198.6006538,2.9903999966336414
4,613,completed,89198.5976908,89198.6000134,89198.6011476,3.4567999973660335
2,613,completed,89198.5977235,89198.6000442,89198.601617,3.893499990226701
0,613,completed,89198.5977847,89198.6001195,89198.6021125,4.327799993916415
5,613,completed,89198.5978681,89198.6001581,89198.6025552,4.687100008595735
1,613,completed,89198.5979487,89198.600173,89198.6030009,5.05219999467954
0,614,completed,89198.6296712,89198.6313507,89198.6323332,2.661999998963438
5,614,completed,89198.6297996,89198.6316176,89198.6328697,3.0700999923283234
2,614,completed,89198.6298201,89198.6317053,89198.6333575,3.5373999999137595
3,614,completed,89198.6300006,89198.6318301,89198.6338584,3.857800009427592
4,614,completed,89198.6299143,89198.6320009,89198.6343072,4.392899994854815
1,614,completed,89198.6298924,89198.6319986,89198.6348301,4.937699995934963
5,615,completed,89198.6774847,89198.6797138,89198.6804647,2.9799999902024865
0,615,completed,89198.6774889,89198.6796873,89198.6809872,3.4983000077772886
3,615,completed,89198.6775757,89198.6799045,89198.6814847,3.9090000063879415
2,615,completed,89198.6775866,89198.6799045,89198.6819668,4.380200000014156
4,615,completed,89198.6777502,89198.6799877,89198.6824518,4.701600002590567
1,615,completed,89198.6778363,89198.6800123,89198.6830444,5.208099988522008
1,616,completed,89198.7080356,89198.7101,89198.7110128,2.9772000125376508
5,616,completed,89198.7080244,89198.7102765,89198.7115844,3.560000011930242
4,616,completed,89198.7081643,89198.7104531,89198.7120604,3.8960999954724684
3,616,completed,89198.7084744,89198.7104945,89198.7124789,4.004499991424382
2,616,completed,89198.7085437,89198.7105185,89198.7129607,4.4169999891892076
0,616,completed,89198.7085126,89198.7105104,89198.7134612,4.94859999162145
2,617,completed,89198.7392497,89198.7407801,89198.7419358,2.6861000078497455
0,617,completed,89198.7395186,89198.7413486,89198.7425101,2.991499990457669
3,617,completed,89198.7395533,89198.7414289,89198.7429842,3.4309000038774684
1,617,completed,89198.7396983,89198.7415,89198.743491,3.7926999939372763
4,617,completed,89198.7396463,89198.741548,89198.7439789,4.332600001362152
5,617,completed,89198.7397553,89198.7415374,89198.7445486,4.793300002347678
5,618,completed,89198.7708788,89198.7734654,89198.7743611,3.4823000023607165
1,618,completed,89198.7712277,89198.773593,89198.7748748,3.647100005764514
3,618,completed,89198.7713286,89198.7736809,89198.7753522,4.023599991342053
4,618,completed,89198.7712707,89198.7736285,89198.7758294,4.558699991321191
2,618,completed,89198.7715255,89198.7737536,89198.7762159,4.6904000046197325
0,618,completed,89198.7714257,89198.7738233,89198.7766819,5.2561999909812585
5,619,completed,89198.8019596,89198.8041514,89198.8053567,3.3971000084420666
1,619,completed,89198.8021707,89198.8046568,89198.8058617,3.691000005346723
3,619,completed,89198.8023252,89198.8048081,89198.8063352,4.010000004200265
4,619,completed,89198.8024094,89198.8048406,89198.8067932,4.383799998322502
0,619,completed,89198.8024758,89198.8048932,89198.80727,4.794200009200722
2,619,completed,89198.8022751,89198.8049062,89198.8077534,5.478300008689985
2,620,completed,89198.8331412,89198.8350282,89198.836143,3.0017999961273745
4,620,completed,89198.8331766,89198.8352148,89198.8366781,3.5014999884879217
0,620,completed,89198.8335898,89198.8356187,89198.8371957,3.6059000121895224
3,620,completed,89198.8337128,89198.8356685,89198.8377424,4.029600007925183
1,620,completed,89198.8336435,89198.8358289,89198.8381771,4.533600003924221
5,620,completed,89198.8337023,89198.8358504,89198.8386342,4.931899995426647
3,621,completed,89198.864574,89198.866687,89198.8676538,3.079799993429333
1,621,completed,89198.8646665,89198.866924,89198.8682339,3.567399995517917
0,621,completed,89198.8652041,89198.8671284,89198.8687221,3.5179999977117404
2,621,completed,89198.8652327,89198.8671526,89198.8690789,3.846199993859045
5,621,completed,89198.8648401,89198.867157,89198.8695414,4.701300000306219
4,621,completed,89198.8652438,89198.8672557,89198.8700704,4.826599993975833
0,622,completed,89198.8955436,89198.8977527,89198.8984142,2.870600001187995
5,622,completed,89198.8955331,89198.8977613,89198.8989029,3.3697999897412956
1,622,completed,89198.8956028,89198.8978055,89198.899345,3.7422000023070723
4,622,completed,89198.8956932,89198.8979245,89198.8997826,4.089399997610599
2,622,completed,89198.8957826,89198.8980424,89198.9002513,4.468700004508719
3,622,completed,89198.9110334,89198.9119358,89198.9124125,1.3790999946650118
3,623,completed,89198.9424535,89198.9443885,89198.9451257,2.672200003871694
0,623,completed,89198.9425041,89198.9444549,89198.9456679,3.163799992762506
5,623,completed,89198.9427653,89198.9446049,89198.9461175,3.3522000012453645
2,623,completed,89198.942454,89198.9446176,89198.9465413,4.087299996172078
1,623,completed,89198.942731,89198.9445971,89198.9469565,4.225500000757165
4,623,completed,89198.942571,89198.9446534,89198.947381,4.80999999854248
4,624,completed,89198.9663829,89198.9685899,89198.9694218,3.038899987586774
2,624,completed,89198.9664359,89198.9687553,89198.9698877,3.4518000029493123
5,624,completed,89198.9664158,89198.9687552,89198.9704083,3.992500001913868
3,624,completed,89198.9666624,89198.9689417,89198.9708712,4.208800004562363
0,624,completed,89198.9665534,89198.9690016,89198.9713216,4.768200000398792
1,624,completed,89198.9665196,89198.9689929,89198.971696,5.176399994525127
0,625,completed,89198.9984077,89198.9997025,89199.0012306,2.822900001774542
4,625,completed,89198.9986866,89199.0007186,89199.0017465,3.0599000019719824
5,625,completed,89198.9987378,89199.0008171,89199.0022279,3.490100003546104
2,625,completed,89198.9987857,89199.0009096,89199.0027047,3.919000009773299
3,625,completed,89198.9988809,89199.0009551,89199.0032042,4.323299988755025
1,625,completed,89198.998918,89199.0009642,89199.0037276,4.809599995496683
0,626,completed,89199.030121,89199.0325753,89199.0336988,3.577800001949072
1,626,completed,89199.0302864,89199.0328517,89199.034225,3.9385999989463016
3,626,completed,89199.0306934,89199.0331039,89199.0347067,4.0133000002242625
4,626,completed,89199.0310322,89199.0332724,89199.0351359,4.103700004634447
2,626,completed,89199.030659,89199.0332664,89199.0356031,4.944100001011975
5,626,completed,89199.0310182,89199.0333172,89199.0360201,5.001900004572235
3,627,completed,89199.0610274,89199.0635659,89199.0642226,3.195199999026954
4,627,completed,89199.060998,89199.0635188,89199.0647966,3.7985999952070415
0,627,completed,89199.0610609,89199.0635826,89199.0653338,4.27289999788627
5,627,completed,89199.0609613,89199.0636068,89199.0658944,4.933100004564039
2,627,completed,89199.0617027,89199.0636425,89199.0663118,4.609099996741861
1,627,completed,89199.0610854,89199.0636526,89199.0667481,5.662700001266785
1,628,completed,89199.1082464,89199.1100792,89199.1107964,2.5499999901512638
5,628,completed,89199.1082651,89199.1101438,89199.1113035,3.0383999983314425
4,628,completed,89199.1082443,89199.1100949,89199.1117729,3.528599991113879
2,628,completed,89199.1083557,89199.1102184,89199.1122308,3.8751000101910904
0,628,completed,89199.1084003,89199.1102675,89199.1127249,4.324599998653866
3,628,completed,89199.1085649,89199.1102953,89199.1132307,4.665799991926178
5,629,completed,89199.1400813,89199.1429166,89199.1435527,3.47140000667423
4,629,completed,89199.1400814,89199.1429143,89199.1440648,3.9834000053815544
0,629,completed,89199.1401021,89199.142972,89199.1445435,4.441400000359863
3,629,completed,89199.1401857,89199.1430016,89199.1450334,4.847699994570576
1,629,completed,89199.1403446,89199.1430432,89199.1454731,5.128499993588775
2,629,completed,89199.1402372,89199.1430193,89199.1459403,5.703100003302097
1,630,completed,89199.1712173,89199.1729673,89199.1738181,2.600799998617731
0,630,completed,89199.1712654,89199.173047,89199.1743232,3.0578000005334616
4,630,completed,89199.1713857,89199.1732487,89199.1748076,3.421899993554689
5,630,completed,89199.1712263,89199.173256,89199.17531,4.0837000124156475
2,630,completed,89199.1714414,89199.1732499,89199.1757722,4.33080000220798
3,630,completed,89199.1712957,89199.1733558,89199.1762712,4.975500007276423
3,631,completed,89199.2027781,89199.2048987,89199.2057369,2.9587999888462946
2,631,completed,89199.2028167,89199.205032,89199.2062315,3.414799997699447
5,631,completed,89199.2028592,89199.2050387,89199.2067091,3.8499000074807554
0,631,completed,89199.2029394,89199.205173,89199.2071694,4.230000005918555
4,631,completed,89199.2030463,89199.2052173,89199.2076199,4.573600002913736
1,631,completed,89199.2031344,89199.2052303,89199.2081519,5.01750000694301
4,632,completed,89199.2337978,89199.2351858,89199.236296,2.4982000031741336
2,632,completed,89199.2338318,89199.2354445,89199.2368345,3.0027000029804185
0,632,completed,89199.2339076,89199.2356573,89199.2373148,3.4071999980369583
5,632,completed,89199.2342233,89199.2358703,89199.2377577,3.53440000617411
1,632,completed,89199.234152,89199.2359142,89199.2382339,4.081899998709559
3,632,completed,89199.2342855,89199.2359071,89199.238719,4.433499998413026
2,633,completed,89199.2656882,89199.2675541,89199.2685872,2.8989999991608784
0,633,completed,89199.2656977,89199.2676008,89199.2690958,3.3981000015046448
4,633,completed,89199.2657717,89199.2679097,89199.2695299,3.7582000077236444
1,633,completed,89199.2660469,89199.26822,89199.2700189,3.9720000058878213
3,633,completed,89199.2661504,89199.2682732,89199.2704745,4.32409999484662
5,633,completed,89199.2662558,89199.268311,89199.2709278,4.6719999954802915
0,634,completed,89199.2972054,89199.2990949,89199.2999197,2.71430000429973
4,634,completed,89199.2972051,89199.2993419,89199.3004652,3.260099998442456
5,634,completed,89199.2972794,89199.2993245,89199.3008863,3.6069000052521005
1,634,completed,89199.2973249,89199.2993712,89199.3015528,4.227899989928119
3,634,completed,89199.2974512,89199.2994268,89199.3020677,4.616500009433366
2,634,completed,89199.297246,89199.2994211,89199.3025221,5.276099996990524
4,635,completed,89199.3441453,89199.3463244,89199.3471163,2.9710000089835376
5,635,completed,89199.3442702,89199.346468,89199.3475951,3.3248999970965087
1,635,completed,89199.3441826,89199.3464354,89199.3481883,4.005700000561774
3,635,completed,89199.3442073,89199.346459,89199.3486462,4.438899995875545
0,635,completed,89199.3444049,89199.3465707,89199.3490822,4.677300006733276
2,635,completed,89199.3444914,89199.3465899,89199.3495094,5.017999996198341
2,636,completed,89199.376102,89199.377997,89199.3788715,2.7695000026142225
4,636,completed,89199.376128,89199.378082,89199.379383,3.2550000032642856
0,636,completed,89199.3761467,89199.3781674,89199.3798567,3.7100000045029446
3,636,completed,89199.3763581,89199.3783083,89199.3803359,3.977800006396137
5,636,completed,89199.3762743,89199.3782899,89199.3807947,4.520400005276315
1,636,completed,89199.3762328,89199.3782929,89199.3814364,5.203599997912534
4,637,completed,89199.407462,89199.4094203,89199.4102095,2.747499995166436
1,637,completed,89199.4074594,89199.4093848,89199.4108562,3.3968000061577186
2,637,completed,89199.4075737,89199.4096847,89199.4120619,4.488200007472187
3,637,completed,89199.4076895,89199.4096904,89199.4125359,4.8463999992236495
5,637,completed,89199.4078329,89199.4097342,89199.4129809,5.147999996552244
0,637,completed,89199.4074943,89199.4097452,89199.4134615,5.96719999157358
0,638,completed,89199.4391931,89199.4411717,89199.4419704,2.77730000379961
4,638,completed,89199.4391834,89199.4413482,89199.4424709,3.2875000033527613
3,638,completed,89199.4394244,89199.4414344,89199.4429667,3.5422999935690314
1,638,completed,89199.4392461,89199.4414473,89199.4436252,4.379100006190129
2,638,completed,89199.4393699,89199.4415215,89199.4440853,4.7153999912552536
5,638,completed,89199.4392855,89199.441517,89199.4445584,5.272900001727976
2,639,completed,89199.4708323,89199.4727187,89199.4735487,2.716400005738251
0,639,completed,89199.4708552,89199.4727967,89199.4740868,3.2315999997081235
3,639,completed,89199.4708727,89199.4728658,89199.4745797,3.707000010763295
1,639,completed,89199.4709418,89199.4730624,89199.4751851,4.24330000532791
4,639,completed,89199.4710296,89199.4730743,89199.4756945,4.6648999996250495
5,639,completed,89199.4710893,89199.473081,89199.4761843,5.095000000437722
3,640,completed,89199.5024313,89199.5043193,89199.5051616,2.730299995164387
2,640,completed,89199.5025549,89199.5046095,89199.505816,3.2611000060569495
5,640,completed,89199.502479,89199.5046433,89199.5062922,3.813200004515238
0,640,completed,89199.502443,89199.5046491,89199.5067547,4.3117000022903085
1,640,completed,89199.5027246,89199.5046761,89199.5071702,4.445600003236905
4,640,completed,89199.5026511,89199.5047791,89199.5076223,4.971200003637932
4,641,completed,89199.5409801,89199.5421722,89199.5436081,2.6279999874532223
3,641,completed,89199.541013,89199.5426794,89199.5441709,3.157900006044656
0,641,completed,89199.54124,89199.5431612,89199.5447396,3.4995999885722995
5,641,completed,89199.5414946,89199.5432506,89199.5452967,3.802100007305853
2,641,completed,89199.5416547,89199.5433095,89199.5459099,4.255199994076975
1,641,completed,89199.5415925,89199.5432777,89199.5464515,4.859000007854775
4,642,completed,89199.5725387,89199.5743387,89199.5755519,3.0131999956211075
0,642,completed,89199.5729946,89199.5749752,89199.5760305,3.0358999938471243
5,642,completed,89199.5730374,89199.5750154,89199.5765648,3.527399996528402
3,642,completed,89199.5730685,89199.5750378,89199.577035,3.9664999931119382
2,642,completed,89199.5729007,89199.5751493,89199.577534,4.633299991837703
1,642,completed,89199.5729263,89199.5751661,89199.578034,5.107700009830296
4,643,completed,89199.6039429,89199.6063182,89199.6073309,3.388000011909753
0,643,completed,89199.6040313,89199.6065543,89199.6078514,3.8200999988475814
3,643,completed,89199.6040477,89199.6068709,89199.608394,4.34629998926539
2,643,completed,89199.6044979,89199.6068684,89199.6088393,4.341399995610118
5,643,completed,89199.6045352,89199.6068739,89199.6092646,4.729400010546669
1,643,completed,89199.6044404,89199.6068539,89199.609696,5.255600000964478
1,644,completed,89199.6357948,89199.6378086,89199.6386241,2.829300006851554
4,644,completed,89199.6364632,89199.6380647,89199.6391304,2.667199994903058
5,644,completed,89199.6363803,89199.6380381,89199.6395948,3.214500000467524
0,644,completed,89199.6358888,89199.6380142,89199.6400238,4.135000010137446
2,644,completed,89199.635852,89199.6381411,89199.6404356,4.583599991747178
3,644,completed,89199.6358406,89199.638131,89199.640838,4.997399999410845
0,645,completed,89199.667866,89199.6703408,89199.6710148,3.1487999949604273
5,645,completed,89199.6678402,89199.6703136,89199.6715086,3.6684000078821555
1,645,completed,89199.6678318,89199.6702995,89199.6719783,4.146499995840713
3,645,completed,89199.6681046,89199.6704864,89199.6725154,4.41080000018701
4,645,completed,89199.6680222,89199.6705393,89199.6729982,4.975999996531755
2,645,completed,89199.6681677,89199.6705874,89199.6734966,5.328899991582148
1,646,completed,89199.6990813,89199.7015703,89199.7023864,3.3050999918486923
5,646,completed,89199.6990973,89199.7016213,89199.7028898,3.7924999924143776
4,646,completed,89199.699167,89199.7017596,89199.7033833,4.216300003463402
0,646,completed,89199.6991908,89199.7018688,89199.7038627,4.671899994718842
3,646,completed,89199.6994282,89199.7018796,89199.7043951,4.966899999999441
2,646,completed,89199.6995802,89199.7019062,89199.7048495,5.26930000341963
3,647,completed,89199.7302793,89199.7324492,89199.7332872,3.0078999989200383
4,647,completed,89199.7304765,89199.7327354,89199.7337818,3.305299993371591
5,647,completed,89199.7305371,89199.7327683,89199.7342464,3.7092999991727993
2,647,completed,89199.7306114,89199.7327911,89199.7347025,4.0911000105552375
1,647,completed,89199.7302974,89199.7328324,89199.7351157,4.818299988983199
0,647,completed,89199.7303511,89199.7328405,89199.7355343,5.183199988096021
3,648,completed,89199.777155,89199.778073,89199.7800277,2.872700002626516
4,648,completed,89199.7774172,89199.7795017,89199.7805151,3.097900000284426
0,648,completed,89199.7775067,89199.7796944,89199.7809708,3.464099994744174
1,648,completed,89199.7775804,89199.7797765,89199.7813995,3.8191000057850033
5,648,completed,89199.7777163,89199.7798705,89199.7818909,4.174600006081164
2,648,completed,89199.777718,89199.779943,89199.7824227,4.704699997091666
3,649,completed,89199.8079383,89199.8093613,89199.8106524,2.7141000027768314
4,649,completed,89199.8079599,89199.8098567,89199.8112245,3.2645999890519306
2,649,completed,89199.8083166,89199.8102444,89199.8117168,3.4002000029431656
1,649,completed,89199.8080836,89199.8102795,89199.8121946,4.111000002012588
0,649,completed,89199.8083662,89199.8103117,89199.8126183,4.252099999575876
5,649,completed,89199.8084108,89199.8103313,89199.813034,4.623200002242811
1,650,completed,89199.8398181,89199.8417421,89199.8430465,3.228400004445575
0,650,completed,89199.8402707,89199.8426392,89199.8435221,3.2513999904040247
3,650,completed,89199.840056,89199.8425273,89199.843953,3.8970000023255125
4,650,completed,89199.8402102,89199.8426368,89199.8443872,4.177000009804033
5,650,completed,89199.8402817,89199.8426397,89199.8449584,4.67670000216458
2,650,completed,89199.8404864,89199.8428681,89199.8455054,5.018999989260919
2,651,completed,89199.8714807,89199.87304,89199.8739265,2.445799997076392
1,651,completed,89199.8714803,89199.8732269,89199.8744733,2.993000001879409
5,651,completed,89199.8715872,89199.8733715,89199.8749713,3.384099996765144
0,651,completed,89199.8717207,89199.87339,89199.8754004,3.679699992062524
3,651,completed,89199.8715557,89199.8734107,89199.8758456,4.289900010917336
4,651,completed,89199.8716561,89199.8734562,89199.8762755,4.619400002411567
4,652,completed,89199.9031991,89199.9049384,89199.9056415,2.442400000290945
2,652,completed,89199.9032135,89199.9049545,89199.9061488,2.9352999990805984
1,652,completed,89199.903247,89199.9050151,89199.9066098,3.362800009199418
5,652,completed,89199.9033388,89199.9051189,89199.9071254,3.7866000056965277
3,652,completed,89199.9034137,89199.9051566,89199.907613,4.199300004984252
0,652,completed,89199.9034315,89199.9051771,89199.9080046,4.573099999106489
2,653,completed,89199.9348418,89199.9372542,89199.938287,3.4451999963494018
1,653,completed,89199.9348551,89199.9376057,89199.9388575,4.002400004537776
4,653,completed,89199.9353019,89199.9377437,89199.939444,4.142100005992688
3,653,completed,89199.9351583,89199.9378763,89199.9399149,4.756599999382161
5,653,completed,89199.935241,89199.9378805,89199.9404009,5.159899999853224
0,653,completed,89199.9353589,89199.9379141,89199.9408729,5.514000004041009
5,654,completed,89199.9665943,89199.968924,89199.9696131,3.0187999946065247
2,654,completed,89199.9665892,89199.9689371,89199.9701087,3.5194999945815653
3,654,completed,89199.9666267,89199.9689901,89199.9706227,3.9959999994607642
4,654,completed,89199.966768,89199.9690738,89199.971174,4.406000007293187
0,654,completed,89199.9668314,89199.9690813,89199.971733,4.901599997538142
1,654,completed,89199.9669447,89199.9691054,89199.9722476,5.302899997332133
3,655,completed,89199.9971269,89199.9990648,89199.9998323,2.705400009290315
4,655,completed,89199.9971605,89199.9991668,89200.0003307,3.170199997839518
1,655,completed,89199.9971891,89199.9992235,89200.0007802,3.591100001358427
2,655,completed,89199.9971115,89199.9992992,89200.0012134,4.101900005480275
5,655,completed,89199.9972706,89199.9993775,89200.0016499,4.379300007713027
0,655,completed,89199.9973936,89199.9994336,89200.0021083,4.714700000477023
4,656,completed,89200.0302116,89200.0322939,89200.0331183,2.9066999995848164
2,656,completed,89200.0302355,89200.0324501,89200.033677,3.4414999972796068
1,656,completed,89200.0302743,89200.0325019,89200.0341726,3.8982999976724386
0,656,completed,89200.0303955,89200.0326214,89200.034576,4.180500007350929
5,656,completed,89200.0303503,89200.0325998,89200.0350255,4.67519999074284
3,656,completed,89200.0305354,89200.032634,89200.0354835,4.948100002366118
3,657,completed,89200.0784412,89200.0803444,89200.0809706,2.529399993363768
1,657,completed,89200.0784065,89200.0802285,89200.0814687,3.0621999903814867
2,657,completed,89200.0784247,89200.0803682,89200.0819546,3.52990000101272
0,657,completed,89200.0784899,89200.080388,89200.0824854,3.9954999956535175
4,657,completed,89200.0785779,89200.08045,89200.0829556,4.377699995529838
5,657,completed,89200.0786577,89200.0804715,89200.0833873,4.729599997517653
2,658,completed,89200.0947588,89200.0967284,89200.0974979,2.7391000039642677
3,658,completed,89200.0947985,89200.0967925,89200.0980309,3.232400005799718
1,658,completed,89200.0947562,89200.0967342,89200.0985403,3.7841000012122095
4,658,completed,89200.0949349,89200.0968985,89200.0990048,4.06989999464713
0,658,completed,89200.095054,89200.0969191,89200.0994664,4.412399997818284
5,658,completed,89200.0948644,89200.096955,89200.0998888,5.024400001275353
5,659,completed,89200.1416414,89200.1439374,89200.1447702,3.1288000027416274
2,659,completed,89200.1416628,89200.1440369,89200.145292,3.62920000043232
0,659,completed,89200.141687,89200.1441562,89200.1457747,4.087699999217875
4,659,completed,89200.1417507,89200.1442191,89200.1463085,4.557799999020062
1,659,completed,89200.14179,89200.1442672,89200.1467912,5.00119999924209
3,659,completed,89200.1419122,89200.1442752,89200.1472919,5.379700000048615
1,660,completed,89200.1729807,89200.1748162,89200.1755008,2.520100009860471
3,660,completed,89200.1729803,89200.1748569,89200.1759824,3.0020999984117225
0,660,completed,89200.1730184,89200.17491,89200.1764923,3.473899996606633
2,660,completed,89200.1730737,89200.1749641,89200.1769696,3.8958999939495698
4,660,completed,89200.1731471,89200.1750112,89200.1774534,4.30630000482779
5,660,completed,89200.1733026,89200.1750477,89200.1779723,4.669700007070787
2,661,completed,89200.2051519,89200.2068372,89200.2075962,2.4443000002065673
5,661,completed,89200.2051957,89200.2069122,89200.2081202,2.9245000041555613
0,661,completed,89200.2052795,89200.2070214,89200.2085612,3.28169998829253
4,661,completed,89200.205378,89200.2070872,89200.2089594,3.5814000002574176
1,661,completed,89200.2051471,89200.2070822,89200.2094472,4.300100001273677
3,661,completed,89200.2055299,89200.2072094,89200.2099151,4.385199994430877
1,662,completed,89200.236719,89200.2392841,89200.2401076,3.388600001926534
3,662,completed,89200.2366982,89200.2393715,89200.2406171,3.9189000090118498
4,662,completed,89200.2372024,89200.2395891,89200.2411446,3.9421999972546473
5,662,completed,89200.236848,89200.2395967,89200.241674,4.826000003959052
0,662,completed,89200.2371589,89200.2395823,89200.2422281,5.069200007710606
2,662,completed,89200.2372546,89200.2396011,89200.2427292,5.47460000962019
5,663,completed,89200.2685502,89200.2705724,89200.2713472,2.797000008285977
2,663,completed,89200.2685945,89200.2707564,89200.2718381,3.2436000037705526
1,663,completed,89200.2686484,89200.270837,89200.2722999,3.6514999956125394
4,663,completed,89200.2686129,89200.2708469,89200.2727495,4.136599993216805
0,663,completed,89200.2687874,89200.2709221,89200.2732584,4.471000007470138
3,663,completed,89200.268845,89200.2709495,89200.2737815,4.936500001349486
3,664,completed,89200.2989396,89200.3009547,89200.3019239,2.9842999938409775
1,664,completed,89200.299009,89200.3012007,89200.3024682,3.4592000010889024
5,664,completed,89200.2990728,89200.30138,89200.3029693,3.896499998518266
4,664,completed,89200.2991585,89200.3014756,89200.3034401,4.281600005924702
2,664,completed,89200.2993534,89200.3015018,89200.3039643,4.610899995896034
0,664,completed,89200.299277,89200.3014872,89200.3044526,5.175600002985448
2,665,completed,89200.3301424,89200.3320456,89200.3330229,2.8805000038119033
5,665,completed,89200.3302334,89200.3324422,89200.3335544,3.320999996503815
4,665,completed,89200.330208,89200.3324475,89200.3340553,3.847300002234988
1,665,completed,89200.3302753,89200.3325174,89200.3345341,4.25879999238532
3,665,completed,89200.3304202,89200.3326242,89200.3350471,4.626900001312606
0,665,completed,89200.3305071,89200.33265,89200.3356143,5.107199991471134
1,666,completed,89200.3620165,89200.3642825,89200.3649845,2.9680000006919727
2,666,completed,89200.3620162,89200.364271,89200.3655002,3.48400000075344
4,666,completed,89200.3620496,89200.3643575,89200.3660014,3.9518000121461228
3,666,completed,89200.3621039,89200.3644453,89200.3664561,4.35220000508707
0,666,completed,89200.3621652,89200.3644788,89200.3670007,4.835500003537163
5,666,completed,89200.3622552,89200.364492,89200.3675553,5.300100005115382
3,667,completed,89200.4101605,89200.4120301,89200.4127642,2.6036999915959314
5,667,completed,89200.4101267,89200.4120242,89200.413266,3.1393000099342316
4,667,completed,89200.4102164,89200.4121176,89200.4137583,3.541899990523234
1,667,completed,89200.4103563,89200.4121943,89200.4142418,3.88550000207033
0,667,completed,89200.4101149,89200.4121541,89200.4146797,4.564799994113855
2,667,completed,89200.4103593,89200.4122722,89200.4151159,4.756599999382161
2,668,completed,89200.4412568,89200.4435661,89200.4444757,3.2189000048674643
3,668,completed,89200.4412888,89200.443718,89200.445096,3.8072000024840236
5,668,completed,89200.4417963,89200.4438402,89200.4456148,3.8185000012163073
0,668,completed,89200.4417333,89200.4438349,89200.4461287,4.3953999993391335
4,668,completed,89200.4417018,89200.4438476,89200.4466963,4.994500006432645
1,668,completed,89200.4414527,89200.4438506,89200.4471616,5.708899989258498
2,669,completed,89200.4663659,89200.4687158,89200.4694445,3.078599998843856
3,669,completed,89200.4663438,89200.4686577,89200.4699084,3.564600003301166
1,669,completed,89200.4663854,89200.4688273,89200.470328,3.9426000003004447
4,669,completed,89200.466466,89200.4689016,89200.4707678,4.3017999996664
0,669,completed,89200.466479,89200.468929,89200.4712234,4.744400008348748
5,669,completed,89200.4666171,89200.4689641,89200.4716741,5.057000002125278
0,670,completed,89200.504617,89200.5065832,89200.5074955,2.878500003134832
1,670,completed,89200.5046575,89200.5068146,89200.5080277,3.370199992787093
5,670,completed,89200.5047092,89200.5068745,89200.5085171,3.8078999932622537
3,670,completed,89200.5048287,89200.5070362,89200.5089548,4.126100000576116
2,670,completed,89200.5047751,89200.507028,89200.5094501,4.675000003771856
4,670,completed,89200.5049658,89200.5070588,89200.5099592,4.993399998056702
1,671,completed,89200.5288519,89200.5295155,89200.5301012,1.2492999958340079
0,671,completed,89200.5288678,89200.5295315,89200.5305585,1.6906999953789636
3,671,completed,89200.5445277,89200.5458094,89200.5464281,1.9004000059794635
5,671,completed,89200.5445227,89200.5458083,89200.5469563,2.4335999914910644
4,671,completed,89200.5445963,89200.5458751,89200.54749,2.893700002459809
2,671,completed,89200.5445601,89200.545873,89200.5479317,3.3716000034473836
0,672,completed,89200.5773031,89200.5796011,89200.5803051,3.001999997650273
3,672,completed,89200.5772966,89200.5796621,89200.5807994,3.5028000129386783
1,672,completed,89200.5773594,89200.5797266,89200.5812854,3.9259999903151765
2,672,completed,89200.5773804,89200.5797544,89200.5817434,4.363000000012107
5,672,completed,89200.5774384,89200.5798046,89200.5822267,4.788300007930957
4,672,completed,89200.5775326,89200.5798227,89200.5826979,5.165299997315742
3,673,completed,89200.60854,89200.6109925,89200.6116783,3.1383000023197383
1,673,completed,89200.6085216,89200.6109461,89200.6121809,3.6592999967979267
2,673,completed,89200.6087409,89200.6111593,89200.612702,3.9610999956494197
5,673,completed,89200.6085601,89200.6111092,89200.6131594,4.5993000094313174
4,673,completed,89200.6088845,89200.6111868,89200.6136043,4.719799995655194
0,673,completed,89200.6086463,89200.6111549,89200.6140028,5.356499998015352
5,674,completed,89200.6410494,89200.6431245,89200.6442818,3.232400005799718
4,674,completed,89200.6413577,89200.6435653,89200.6447738,3.416099993046373
2,674,completed,89200.6413945,89200.6436557,89200.6453816,3.9871000044513494
1,674,completed,89200.6414278,89200.6436605,89200.6458991,4.471299995202571
3,674,completed,89200.6416017,89200.6437048,89200.6463404,4.738699994049966
0,674,completed,89200.6417241,89200.6438223,89200.6467631,5.0389999960316345
3,675,completed,89200.6722217,89200.6746635,89200.6756255,3.403799986699596
0,675,completed,89200.6723923,89200.6749136,89200.6761529,3.7606000114465132
1,675,completed,89200.6726938,89200.6750207,89200.6765764,3.8825999945402145
4,675,completed,89200.6726446,89200.6750911,89200.6770176,4.373000003397465
5,675,completed,89200.6728633,89200.6750893,89200.6775148,4.651499999454245
2,675,completed,89200.6729082,89200.6751685,89200.6781649,5.25670000934042
2,676,completed,89200.7036507,89200.7072655,89200.7084289,4.77820000378415
3,676,completed,89200.7036815,89200.7075901,89200.7089284,5.246899992926046
5,676,completed,89200.7041206,89200.707709,89200.7094169,5.296300005284138
0,676,completed,89200.7036808,89200.7077284,89200.7099067,6.225899996934459
1,676,completed,89200.7040855,89200.7076983,89200.7103784,6.292900012340397
4,676,completed,89200.7042365,89200.707736,89200.7108582,6.621699998504482
2,677,completed,89200.7353843,89200.7367793,89200.7383018,2.9174999945098534
0,677,completed,89200.735716,89200.737539,89200.7388103,3.0943000019760802
5,677,completed,89200.7357843,89200.7376926,89200.7393109,3.5265999904368073
1,677,completed,89200.7359568,89200.7378577,89200.7397682,3.8114000053610653
4,677,completed,89200.7358181,89200.7378951,89200.740206,4.387900000438094
3,677,completed,89200.7358706,89200.7380511,89200.7406207,4.750100008095615
5,678,completed,89200.7670035,89200.7679141,89200.769788,2.784500000416301
3,678,completed,89200.7673193,89200.7691824,89200.7703321,3.0128000071272254
1,678,completed,89200.7674265,89200.7694563,89200.7708398,3.413300000829622
4,678,completed,89200.7673738,89200.7695621,89200.7712982,3.9243999926839024
0,678,completed,89200.7675965,89200.769596,89200.7717598,4.16330000734888
2,678,completed,89200.767496,89200.7696362,89200.7722075,4.711500005214475
5,679,completed,89200.7980524,89200.8002676,89200.8011455,3.093099992838688
4,679,completed,89200.7980755,89200.8003171,89200.8016448,3.569299995433539
3,679,completed,89200.7981526,89200.8005454,89200.8021134,3.960800007916987
0,679,completed,89200.7981835,89200.8006459,89200.8025841,4.400600009830669
1,679,completed,89200.7983681,89200.8006373,89200.8030718,4.7036999894771725
2,679,completed,89200.7984114,89200.8006576,89200.8035236,5.1122000004397705
4,680,completed,89200.8302775,89200.8321741,89200.8330564,2.778900001430884
2,680,completed,89200.8302397,89200.8322459,89200.8335854,3.3457000099588186
0,680,completed,89200.8306022,89200.8325264,89200.8340734,3.471199990599416
3,680,completed,89200.8302428,89200.8324915,89200.834521,4.2781999945873395
5,680,completed,89200.8306459,89200.8325523,89200.8350205,4.374600001028739
1,680,completed,89200.830614,89200.8325345,89200.8354918,4.877799990936182
0,681,completed,89200.8783768,89200.8795508,89200.8810968,2.7200000040465966
4,681,completed,89200.8786886,89200.880649,89200.8816034,2.914800003054552
1,681,completed,89200.8786105,89200.8806728,89200.8820792,3.4687000006670132
5,681,completed,89200.8787325,89200.8807306,89200.8825242,3.791700000874698
3,681,completed,89200.8788014,89200.8807934,89200.8829318,4.130400004214607
2,681,completed,89200.8789215,89200.8808426,89200.8833265,4.404999999678694
1,682,completed,89200.909985,89200.912077,89200.912924,2.9389999981503934
3,682,completed,89200.9100672,89200.9122699,89200.9134412,3.3739999926183373
4,682,completed,89200.9101135,89200.912317,89200.9139032,3.7897000001976267
0,682,completed,89200.9103376,89200.9124338,89200.9143817,4.044100001920015
5,682,completed,89200.9100231,89200.912417,89200.9149521,4.929000002448447
2,682,completed,89200.9102589,89200.9125212,89200.9155009,5.241999999270774
0,683,completed,89200.9409722,89200.9422668,89200.9436576,2.6854000025196
1,683,completed,89200.9410116,89200.9427061,89200.944175,3.1633999897167087
2,683,completed,89200.9413066,89200.9429927,89200.9446799,3.373300001840107
5,683,completed,89200.9413479,89200.9430883,89200.9451597,3.8117999938549474
3,683,completed,89200.9414548,89200.9431281,89200.9456409,4.186099991784431
4,683,completed,89200.9412883,89200.9432071,89200.9461344,4.8460999969393015
5,684,completed,89200.9725206,89200.9740616,89200.9751882,2.667599997948855
4,684,completed,89200.9725658,89200.9740441,89200.9757557,3.189900002325885
2,684,completed,89200.9728405,89200.9745131,89200.9762227,3.382199996849522
0,684,completed,89200.9729495,89200.9746335,89200.9766869,3.7373999948613346
3,684,completed,89200.9730694,89200.9747243,89200.9771688,4.099400000995956
1,684,completed,89200.9729297,89200.9748203,89200.9775876,4.657900004531257
4,685,completed,89201.0039372,89201.0055674,89201.0067927,2.855500002624467
2,685,completed,89201.0039518,89201.0056548,89201.0073092,3.3573999971849844
3,685,completed,89201.0043009,89201.0062417,89201.0078975,3.59660001413431
1,685,completed,89201.0043404,89201.0062952,89201.0084805,4.1400999907637015
0,685,completed,89201.0045455,89201.0064108,89201.0090333,4.487799989874475
5,685,completed,89201.004493,89201.0064115,89201.0095212,5.0282000011065975
3,686,completed,89201.0359547,89201.0368747,89201.0387217,2.7669999981299043
1,686,completed,89201.0362884,89201.0381787,89201.0393298,3.041399992071092
5,686,completed,89201.0364092,89201.0383881,89201.0398035,3.3943000016734004
0,686,completed,89201.0363232,89201.0385243,89201.0402865,3.963300012401305
4,686,completed,89201.0363577,89201.0385509,89201.0407822,4.424500002642162
2,686,completed,89201.0365212,89201.0385296,89201.0413015,4.7802999906707555
5,687,completed,89201.0666174,89201.0686837,89201.0694097,2.7922999870497733
0,687,completed,89201.0666365,89201.0686929,89201.0698836,3.2470999867655337
2,687,completed,89201.066692,89201.0687775,89201.0703508,3.6588000075425953
3,687,completed,89201.0667273,89201.0689039,89201.0709091,4.181800002697855
1,687,completed,89201.0668805,89201.068917,89201.071393,4.512500003329478
4,687,completed,89201.0668341,89201.0688995,89201.0717865,4.952400006004609
3,688,completed,89201.1019623,89201.1042182,89201.1049264,2.964100000099279
1,688,completed,89201.1019128,89201.1041434,89201.1054533,3.5404999944148585
0,688,completed,89201.1019761,89201.1042887,89201.1059236,3.9474999939557165
2,688,completed,89201.102027,89201.1043358,89201.1064038,4.376800003228709
5,688,completed,89201.1021997,89201.1044078,89201.1067998,4.600100000970997
4,688,completed,89201.1020643,89201.1044199,89201.107273,5.208700007642619
3,689,completed,89201.1329958,89201.1336013,89201.135595,2.599200000986457
4,689,completed,89201.1331502,89201.1346844,89201.1361411,2.990900000440888
5,689,completed,89201.1334708,89201.1352542,89201.1366884,3.217599994968623
0,689,completed,89201.1335146,89201.1353138,89201.1371775,3.6628999951062724
1,689,completed,89201.1335756,89201.1353631,89201.137691,4.115399991860613
2,689,completed,89201.1333121,89201.1353825,89201.138181,4.868899995926768
1,690,completed,89201.1648207,89201.1661453,89201.1675174,2.696700001251884
3,690,completed,89201.1648139,89201.1662042,89201.1680832,3.269299995736219
5,690,completed,89201.1651272,89201.166921,89201.1685879,3.460699997958727
0,690,completed,89201.1651824,89201.1670364,89201.1690994,3.9169999945443124
2,690,completed,89201.1653044,89201.1671248,89201.1695953,4.290900003979914
4,690,completed,89201.1652671,89201.1671662,89201.170132,4.864899994572625
2,691,completed,89201.1961479,89201.1977092,89201.1984641,2.316199999768287
4,691,completed,89201.1961376,89201.1978259,89201.1991276,2.9900000081397593
5,691,completed,89201.1962373,89201.1978424,89201.1997105,3.473200005828403
0,691,completed,89201.1963406,89201.1979126,89201.2002335,3.89290000020992
1,691,completed,89201.2117686,89201.212309,89201.2129614,1.1928000021725893
3,691,completed,89201.2120695,89201.2126074,89201.2134619,1.392399994074367
3,692,completed,89201.2435153,89201.2449209,89201.2460901,2.5748000043677166
4,692,completed,89201.2435903,89201.2451568,89201.2465861,2.99579999409616
1,692,completed,89201.2438581,89201.2456394,89201.2470262,3.168099996400997
5,692,completed,89201.2439648,89201.2457367,89201.2474664,3.501600003801286
2,692,completed,89201.2440063,89201.2457828,89201.247922,3.915699999197386
0,692,completed,89201.2438285,89201.2457916,89201.248441,4.612500008079223
4,693,completed,89201.2742665,89201.2747295,89201.2773018,3.0353000038303435
2,693,completed,89201.2747426,89201.2769518,89201.277834,3.0913999944459647
5,693,completed,89201.2747747,89201.2771058,89201.2782757,3.50099999923259
3,693,completed,89201.2747926,89201.2771461,89201.2787223,3.929700003936887
0,693,completed,89201.274818,89201.2772147,89201.2791217,4.303699999582022
1,693,completed,89201.2748571,89201.2772191,89201.2796822,4.825099997106008
1,694,completed,89201.3058564,89201.3074073,89201.3086693,2.8128999983891845
2,694,completed,89201.3059169,89201.3077258,89201.3092264,3.3094999962486327
5,694,completed,89201.3062735,89201.308163,89201.3097062,3.4327000030316412
3,694,completed,89201.306221,89201.3081978,89201.3101469,3.925899989553727
4,694,completed,89201.3063675,89201.3082658,89201.3105849,4.21739999728743
0,694,completed,89201.3063822,89201.3082862,89201.311137,4.754800000227988
0,695,completed,89201.3376194,89201.3399435,89201.340732,3.1125999958021566
4,695,completed,89201.3376735,89201.3400646,89201.3412994,3.625899989856407
5,695,completed,89201.3376562,89201.34013,89201.3417996,4.143400001339614
3,695,completed,89201.3377179,89201.3401473,89201.3422886,4.5707000099355355
1,695,completed,89201.3378886,89201.34024,89201.342812,4.92340000346303
2,695,completed,89201.3378871,89201.3402498,89201.3433157,5.428599994047545
1,696,completed,89201.3691295,89201.371206,89201.3720255,2.8959999908693135
0,696,completed,89201.3691265,89201.3712058,89201.3725492,3.4226999996462837
2,696,completed,89201.3691459,89201.3714185,89201.3730177,3.8717999996151775
5,696,completed,89201.369323,89201.3714309,89201.3734741,4.151099987211637
4,696,completed,89201.3693769,89201.3714555,89201.3739406,4.563700000289828
3,696,completed,89201.3692216,89201.3715129,89201.3744115,5.189899995457381
1,697,completed,89201.3993763,89201.401962,89201.402795,3.4186999982921407
2,697,completed,89201.3993916,89201.4020541,89201.4032465,3.8549000018974766
4,697,completed,89201.3994465,89201.4022182,89201.403693,4.2465000005904585
0,697,completed,89201.3995823,89201.4022956,89201.4041618,4.579500004183501
5,697,completed,89201.3996824,89201.4023116,89201.4046511,4.968699999153614
3,697,completed,89201.3997713,89201.4023626,89201.4051656,5.394299994804896
2,698,completed,89201.4319431,89201.4340952,89201.4348332,2.8900999895995483
3,698,completed,89201.4319331,89201.4340871,89201.4353075,3.3743999956641346
5,698,completed,89201.4320478,89201.4342905,89201.4357874,3.7395999970613047
1,698,completed,89201.432024,89201.434271,89201.4362291,4.205100005492568
4,698,completed,89201.43211,89201.4342976,89201.4366619,4.551900012302212
0,698,completed,89201.4323864,89201.4343451,89201.437093,4.706599997007288
2,699,completed,89201.4773815,89201.47831,89201.4801206,2.7391000039642677
4,699,completed,89201.4777372,89201.4797191,89201.4806398,2.902599997469224
1,699,completed,89201.4777487,89201.4797265,89201.4810931,3.344400000059977
3,699,completed,89201.4778409,89201.4798388,89201.4815401,3.6991999950259924
5,699,completed,89201.4779377,89201.4799116,89201.4820304,4.092700008186512
0,699,completed,89201.4779868,89201.4799313,89201.4825036,4.516799992416054
1,700,completed,89201.5086781,89201.5108737,89201.5115398,2.8617000061785802
5,700,completed,89201.5086589,89201.5109187,89201.5120267,3.3678000036161393
0,700,completed,89201.5086967,89201.5109235,89201.5124668,3.770100011024624
3,700,completed,89201.5087582,89201.5110081,89201.512939,4.180799995083362
2,700,completed,89201.5088219,89201.5110391,89201.513387,4.565099996398203
4,700,completed,89201.5089337,89201.5110595,89201.5138374,4.903699998976663
1,701,completed,89201.5357262,89201.5375887,89201.5383046,2.5784000026760623
2,701,completed,89201.5357678,89201.5376487,89201.5387747,3.00690000585746
4,701,completed,89201.5357942,89201.5377553,89201.5391981,3.4039000020129606
3,701,completed,89201.5358313,89201.5377871,89201.5396062,3.7749000039184466
5,701,completed,89201.5359745,89201.5378495,89201.5400307,4.056199992191978
0,701,completed,89201.536152,89201.5378849,89201.5404689,4.316899998229928
3,702,completed,89201.5731913,89201.5750974,89201.5758253,2.633999989484437
2,702,completed,89201.5731909,89201.5750799,89201.5763606,3.169699994032271
5,702,completed,89201.5732403,89201.5751834,89201.5768645,3.6242000060155988
4,702,completed,89201.5732923,89201.5752604,89201.5773349,4.042599990498275
0,702,completed,89201.5733984,89201.5752968,89201.5777775,4.379100006190129
1,702,completed,89201.5733594,89201.5752981,89201.5782356,4.876199993304908
3,703,completed,89201.6044077,89201.6066293,89201.6075086,3.100900008575991
4,703,completed,89201.6044673,89201.6067784,89201.608052,3.5846999962814152
2,703,completed,89201.604449,89201.6068272,89201.6084968,4.04780000098981
5,703,completed,89201.6044829,89201.6068793,89201.6089519,4.468999992241152
1,703,completed,89201.6046138,89201.6068973,89201.6093804,4.766600002767518
0,703,completed,89201.6047576,89201.606948,89201.6097681,5.010499997297302
1,704,completed,89201.6369741,89201.638178,89201.6394015,2.4274000024888664
3,704,completed,89201.6369646,89201.6381474,89201.6398634,2.898800012189895
0,704,completed,89201.6371888,89201.638423,89201.6402849,3.096100001130253
2,704,completed,89201.6376189,89201.6390738,89201.6407262,3.1072999991010875
4,704,completed,89201.6376761,89201.6391062,89201.6411286,3.4524999937275425
5,704,completed,89201.6377095,89201.6391387,89201.6415219,3.8123999984236434
0,705,completed,89201.6688089,89201.6703004,89201.6713576,2.548700009356253
5,705,completed,89201.6688427,89201.6704397,89201.6719391,3.096399988862686
2,705,completed,89201.6692473,89201.6708925,89201.6724322,3.1848999933572486
1,705,completed,89201.6689647,89201.6708041,89201.6729133,3.948600002331659
4,705,completed,89201.6692093,89201.6708691,89201.6733875,4.17820000438951
3,705,completed,89201.6689973,89201.6709245,89201.6738572,4.859900000155903
2,706,completed,89201.7006313,89201.7024785,89201.7034919,2.8605999978026375
3,706,completed,89201.7008551,89201.7027994,89201.7040451,3.1900000030873343
5,706,completed,89201.7008982,89201.702888,89201.7044471,3.548900000168942
0,706,completed,89201.700995,89201.7030328,89201.704821,3.8260000001173466
1,706,completed,89201.7010725,89201.7030407,89201.7052628,4.190299994661473
4,706,completed,89201.7008319,89201.7030252,89201.705724,4.892099997960031
1,707,completed,89201.7327179,89201.7344086,89201.735114,2.3960999969858676
4,707,completed,89201.7326204,89201.7345223,89201.7356221,3.001699995365925
0,707,completed,89201.7327843,89201.7345287,89201.7360722,3.2879000063985586
5,707,completed,89201.7326299,89201.7345396,89201.7365594,3.929500002413988
3,707,completed,89201.732642,89201.7345421,89201.7370372,4.395199997816235
2,707,completed,89201.7329057,89201.7346522,89201.7374185,4.512799991061911
4,708,completed,89201.7638326,89201.7651146,89201.7663399,2.507299999706447
5,708,completed,89201.7639126,89201.7655009,89201.7668714,2.95880000339821
3,708,completed,89201.7641854,89201.7658933,89201.7673311,3.1457000004593283
1,708,completed,89201.7642304,89201.7659196,89201.7678061,3.575700000510551
0,708,completed,89201.76429,89201.7659744,89201.7683056,4.015599988633767
2,708,completed,89201.764387,89201.7660542,89201.7688061,4.419099990627728
2,709,completed,89201.7955928,89201.7981782,89201.7993351,3.7423000030685216
3,709,completed,89201.7961789,89201.7987469,89201.7998742,3.695300008985214
5,709,completed,89201.7961179,89201.7987412,89201.8003585,4.240599999320693
1,709,completed,89201.7956632,89201.798681,89201.800815,5.151799996383488
0,709,completed,89201.796047,89201.7987276,89201.8012299,5.182900000363588
4,709,completed,89201.7956393,89201.798773,89201.8017891,6.149799999548122
1,710,completed,89201.8441253,89201.8462583,89201.8470822,2.9568999889306724
4,710,completed,89201.8441753,89201.8464034,89201.8476277,3.4524000075180084
3,710,completed,89201.8441379,89201.8464033,89201.8480905,3.952600003685802
0,710,completed,89201.8442059,89201.8464436,89201.8485404,4.334500001277775
2,710,completed,89201.8443231,89201.8465373,89201.8490997,4.776600006152876
5,710,completed,89201.8443752,89201.8465395,89201.8495242,5.149000004166737
2,711,completed,89201.8759544,89201.878035,89201.8789537,2.9992999916430563
5,711,completed,89201.8759829,89201.8780936,89201.879466,3.483099993900396
3,711,completed,89201.8761688,89201.8781754,89201.8799195,3.750700008822605
4,711,completed,89201.8759549,89201.8782024,89201.8804189,4.4639999978244305
1,711,completed,89201.8762848,89201.878203,89201.8809121,4.627299989806488
0,711,completed,89201.8761443,89201.8783004,89201.8813738,5.229500005953014
4,712,completed,89201.9080203,89201.9102108,89201.9109293,2.9089999879943207
1,712,completed,89201.9081036,89201.9103054,89201.9114711,3.3675000013317913
0,712,completed,89201.9079931,89201.9102915,89201.9119673,3.9741999935358763
3,712,completed,89201.9082673,89201.9103258,89201.9124592,4.191900006844662
5,712,completed,89201.9079933,89201.9103277,89201.9129383,4.944999993313104
2,712,completed,89201.9082208,89201.9103919,89201.9136048,5.383999989135191
2,713,completed,89201.9392166,89201.9409613,89201.9417471,2.5305000017397106
4,713,completed,89201.9392331,89201.9410364,89201.9422243,2.991200002725236
1,713,completed,89201.9393668,89201.9411847,89201.9426795,3.3127000060630962
3,713,completed,89201.9392953,89201.9411833,89201.9431149,3.8195999950403348
5,713,completed,89201.9392136,89201.9412058,89201.9434933,4.2797000060090795
0,713,completed,89201.9395041,89201.9413179,89201.9439307,4.426600004080683
4,714,completed,89201.963208,89201.9638704,89201.964424,1.2160000042058527
2,714,completed,89201.9631975,89201.9638541,89201.9648999,1.70240001170896
0,714,completed,89201.979052,89201.9810018,89201.981738,2.686000007088296
3,714,completed,89201.979037,89201.9810038,89201.9822665,3.2294999982696027
5,714,completed,89201.9792537,89201.9811286,89201.9827934,3.539700002875179
1,714,completed,89201.9794263,89201.9811874,89201.9832879,3.8616000092588365
1,715,completed,89202.0117551,89202.0136378,89202.0144328,2.677700002095662
0,715,completed,89202.0117546,89202.0137681,89202.014943,3.18840000545606
5,715,completed,89202.0118028,89202.013924,89202.0154198,3.616999994846992
4,715,completed,89202.0119854,89202.0139107,89202.0158456,3.860200013150461
3,715,completed,89202.0120381,89202.0139229,89202.0162916,4.253499995684251
2,715,completed,89202.0118526,89202.0139377,89202.0167025,4.849899996770546
5,716,completed,89202.0435205,89202.0452327,89202.0461821,2.661600010469556
3,716,completed,89202.0435955,89202.045423,89202.0467161,3.1205999985104427
2,716,completed,89202.0435789,89202.0456086,89202.0471871,3.6082000005990267
4,716,completed,89202.0437471,89202.0456568,89202.0476271,3.879999989294447
1,716,completed,89202.0439022,89202.0457025,89202.048049,4.146799998125061
0,716,completed,89202.043693,89202.0457156,89202.048526,4.832999999052845
3,717,completed,89202.0748709,89202.0765167,89202.0773389,2.4679999914951622
4,717,completed,89202.0748839,89202.0765353,89202.0778214,2.9375000012805685
1,717,completed,89202.0749272,89202.0767665,89202.0783143,3.387100005056709
2,717,completed,89202.0749844,89202.0767303,89202.0787591,3.774700002395548
0,717,completed,89202.0751912,89202.0768633,89202.0791672,3.9760000072419643
5,717,completed,89202.0751265,89202.0769378,89202.0795978,4.471299995202571
4,718,completed,89202.1065541,89202.1086346,89202.1095692,3.0150999955367297
1,718,completed,89202.1066252,89202.1087575,89202.110047,3.4217999927932397
3,718,completed,89202.1071314,89202.1090983,89202.1105196,3.3881999988807365
2,718,completed,89202.1070165,89202.1091923,89202.1109972,3.9806999993743375
0,718,completed,89202.107094,89202.1092065,89202.111422,4.327999995439313
5,718,completed,89202.1071597,89202.1092369,89202.1118633,4.703600003267638
3,719,completed,89202.1400732,89202.1418936,89202.1426814,2.608199996757321
1,719,completed,89202.1400987,89202.1419348,89202.1431333,3.034599998500198
0,719,completed,89202.1401558,89202.1420749,89202.1435696,3.4137999900849536
4,719,completed,89202.1403216,89202.1421874,89202.1439852,3.6636000004364178
5,719,completed,89202.1401178,89202.1422146,89202.1443962,4.278400010662153
2,719,completed,89202.1402347,89202.1422733,89202.1448358,4.60110000858549
4,720,completed,89202.1706967,89202.1724173,89202.1732373,2.5405999913346022
2,720,completed,89202.1707275,89202.1725324,89202.1737727,3.0452000064542517
5,720,completed,89202.1707701,89202.1726709,89202.1742873,3.517200006172061
0,720,completed,89202.1708172,89202.1727345,89202.1747774,3.9601999887963757
1,720,completed,89202.1708821,89202.1727713,89202.1752577,4.375599994091317
3,720,completed,89202.1710284,89202.1728148,89202.175759,4.730600005132146
2,721,completed,89202.2018709,89202.2039078,89202.2047058,2.834900005836971
4,721,completed,89202.2018937,89202.2040771,89202.2051852,3.2915000047069043
1,721,completed,89202.2019312,89202.2041278,89202.2056657,3.7345000018831342
0,721,completed,89202.2019767,89202.2041893,89202.206131,4.154299997026101
5,721,completed,89202.201996,89202.2042078,89202.2065856,4.589599993778393
3,721,completed,89202.202184,89202.2042561,89202.207088,4.904000001261011
3,722,completed,89202.2336018,89202.2359704,89202.2367864,3.1845999910729006
5,722,completed,89202.2336439,89202.2361148,89202.2372584,3.614499990362674
1,722,completed,89202.23381,89202.2362553,89202.2377225,3.9124999893829226
2,722,completed,89202.2338808,89202.2362633,89202.2381957,4.314899997552857
0,722,completed,89202.2336807,89202.23632,89202.2386892,5.008500011172146
4,722,completed,89202.2337087,89202.2363259,89202.2391889,5.480199994053692
2,723,completed,89202.2650042,89202.2654284,89202.2679196,2.9153999930713326
0,723,completed,89202.265369,89202.2674547,89202.2685043,3.1352999940281734
4,723,completed,89202.2654284,89202.2676032,89202.268994,3.565599996363744
3,723,completed,89202.2655013,89202.2677977,89202.2694752,3.9738999912515283
1,723,completed,89202.2655429,89202.2678501,89202.269929,4.386100001283921
5,723,completed,89202.2655631,89202.2678678,89202.270383,4.819900001166388
5,724,completed,89202.2966583,89202.2983255,89202.2993798,2.7215000009164214
2,724,completed,89202.2967075,89202.2984712,89202.2999837,3.2761999900685623
1,724,completed,89202.296789,89202.2987752,89202.3005185,3.729499992914498
3,724,completed,89202.2970566,89202.2988986,89202.3009838,3.9271999994525686
0,724,completed,89202.2970815,89202.2989419,89202.3014447,4.363200001535006
4,724,completed,89202.2971443,89202.2989678,89202.3019833,4.8390000010840595
1,725,completed,89202.3444309,89202.3464062,89202.34725,2.8191000019432977
4,725,completed,89202.3445591,89202.3466405,89202.347772,3.2128999882843345
0,725,completed,89202.3444893,89202.3466187,89202.3481891,3.6997999995946884
5,725,completed,89202.3446569,89202.3466858,89202.3486029,3.946000011637807
2,725,completed,89202.3444804,89202.3467169,89202.3491317,4.651299997931346
3,725,completed,89202.3448654,89202.3468234,89202.3496227,4.757300004712306
5,726,completed,89202.3754819,89202.3779098,89202.3785829,3.100999994785525
2,726,completed,89202.3755042,89202.3778833,89202.3791092,3.6050000053364784
0,726,completed,89202.3755742,89202.377991,89202.3796139,4.039699997520074
3,726,completed,89202.3756316,89202.3780386,89202.3800678,4.436199989868328
1,726,completed,89202.3757591,89202.378073,89202.3805241,4.764999990584329
4,726,completed,89202.3758205,89202.3780853,89202.3809841,5.163599998923019
0,727,completed,89202.4071185,89202.4096026,89202.4105293,3.410799996345304
2,727,completed,89202.4071446,89202.4096816,89202.4110516,3.906999991158955
5,727,completed,89202.4072262,89202.4100097,89202.4115478,4.321600004914217
1,727,completed,89202.4072492,89202.4100173,89202.4120508,4.801600007340312
4,727,completed,89202.4074254,89202.410082,89202.4125502,5.12479999451898
3,727,completed,89202.4074188,89202.4100827,89202.4130433,5.624500001431443
4,728,completed,89202.4388206,89202.4411013,89202.4418064,2.9858000052627176
3,728,completed,89202.438795,89202.4410406,89202.4424011,3.606099999160506
0,728,completed,89202.438795,89202.4410397,89202.4428827,4.087699999217875
1,728,completed,89202.4389787,89202.4411956,89202.4433875,4.408799999509938
5,728,completed,89202.4390145,89202.4412036,89202.4438095,4.794999986188486
2,728,completed,89202.4391534,89202.441215,89202.4441906,5.037199996877462
1,729,completed,89202.4706956,89202.4725734,89202.4732449,2.5492999993730336
0,729,completed,89202.4707378,89202.4726457,89202.4736974,2.9595999949378893
4,729,completed,89202.4707898,89202.472682,89202.4741301,3.340299997944385
3,729,completed,89202.4709635,89202.4727461,89202.4746511,3.6875999940093607
2,729,completed,89202.4708824,89202.4727307,89202.4751292,4.2468000028748065
5,729,completed,89202.4706876,89202.4725779,89202.4756425,4.954899995937012
0,730,completed,89202.5020597,89202.5035343,89202.5048272,2.767500001937151
1,730,completed,89202.5020695,89202.5039185,89202.5053982,3.328699996927753
3,730,completed,89202.5021871,89202.5042608,89202.5058401,3.652999992482364
2,730,completed,89202.5025001,89202.5044678,89202.506315,3.8149000029079616
4,730,completed,89202.5026278,89202.5045238,89202.5067584,4.130600005737506
5,730,completed,89202.5025923,89202.5045232,89202.5072177,4.625399989890866
1,731,completed,89202.5345935,89202.5363902,89202.5370916,2.4981000024126843
5,731,completed,89202.5345835,89202.5363738,89202.5375975,3.014000001712702
3,731,completed,89202.5346268,89202.5364772,89202.5380835,3.456699996604584
4,731,completed,89202.5346953,89202.5365902,89202.5385561,3.860800003167242
2,731,completed,89202.534749,89202.5366084,89202.5390217,4.272699996363372
0,731,completed,89202.5348412,89202.5366322,89202.5394667,4.625499990652315
1,732,completed,89202.5663208,89202.5683079,89202.5691359,2.8151000005891547
5,732,completed,89202.5665537,89202.5684677,89202.5696846,3.1309000041801482
2,732,completed,89202.5664563,89202.5686573,89202.5701273,3.670999998576008
3,732,completed,89202.5663058,89202.5686207,89202.5705348,4.228999998304062
0,732,completed,89202.5664335,89202.5686579,89202.5709778,4.5442999980878085
4,732,completed,89202.5663058,89202.5686917,89202.5714193,5.113499995786697
1,733,completed,89202.5970895,89202.5990998,89202.6002282,3.1386999908136204
2,733,completed,89202.5973907,89202.5996822,89202.600747,3.356300003360957
3,733,completed,89202.5974551,89202.5997706,89202.6012251,3.7700000102631748
4,733,completed,89202.5974457,89202.5997553,89202.6017312,4.285500006517395
0,733,completed,89202.597383,89202.5997759,89202.6022119,4.828899996937253
5,733,completed,89202.5975559,89202.5998091,89202.6026666,5.1106999890180305
5,734,completed,89202.643792,89202.6452804,89202.6463207,2.5287000025855377
1,734,completed,89202.6438734,89202.645771,89202.6468445,2.971100009744987
3,734,completed,89202.6438609,89202.6457694,89202.6473285,3.4675999922910705
2,734,completed,89202.6441561,89202.6458635,89202.6477798,3.623700002208352
4,734,completed,89202.6442379,89202.6458804,89202.6481866,3.9487000030931085
0,734,completed,89202.6441023,89202.6458267,89202.6486308,4.52850000874605
4,735,completed,89202.667835,89202.6696212,89202.6706381,2.8030999965267256
2,735,completed,89202.6681026,89202.6700659,89202.6711955,3.0929000058677047
0,735,completed,89202.6680623,89202.6700098,89202.6717223,3.660000002128072
3,735,completed,89202.6681818,89202.6701127,89202.672232,4.050199990160763
5,735,completed,89202.6682653,89202.6701342,89202.6727271,4.46179999562446
1,735,completed,89202.6683027,89202.6702851,89202.6732047,4.902000000583939
0,736,completed,89202.698873,89202.7009328,89202.7020274,3.1543999939458445
2,736,completed,89202.699218,89202.7014346,89202.70257,3.351999999722466
3,736,completed,89202.6991712,89202.7013994,89202.7030425,3.871299995807931
4,736,completed,89202.6993462,89202.7014581,89202.703529,4.182800010312349
1,736,completed,89202.6991944,89202.7014336,89202.7040062,4.811799997696653
5,736,completed,89202.6991532,89202.701625,89202.7044734,5.320199998095632
5,737,completed,89202.7300647,89202.73238,89202.7332827,3.2180000125663355
2,737,completed,89202.7301074,89202.7324923,89202.7338565,3.7490999966394156
3,737,completed,89202.7306255,89202.7328143,89202.7343267,3.701199995703064
1,737,completed,89202.7306551,89202.7328278,89202.7347941,4.139000011491589
4,737,completed,89202.7307108,89202.7328353,89202.73526,4.5492000062949955
0,737,completed,89202.74609,89202.7464515,89202.7470389,0.9488999930908903
2,738,completed,89202.7779918,89202.7796789,89202.7805005,2.5086999958148226
3,738,completed,89202.7780458,89202.7798039,89202.7810817,3.0358999938471243
5,738,completed,89202.7780944,89202.7798596,89202.7815496,3.4551999997347593
4,738,completed,89202.7781954,89202.7799162,89202.7820531,3.857700008666143
1,738,completed,89202.7779749,89202.7798947,89202.7825059,4.530999998678453
0,738,completed,89202.77839,89202.7800433,89202.7829672,4.577199986670166
1,739,completed,89202.8099686,89202.8116625,89202.8124469,2.478299997164868
4,739,completed,89202.809943,89202.8117947,89202.8130087,3.0657000024802983
5,739,completed,89202.8101188,89202.8118716,89202.8134819,3.363099996931851
0,739,completed,89202.8100071,89202.8119465,89202.8139371,3.930000006221235
2,739,completed,89202.8100341,89202.8119625,89202.8143665,4.332399999839254
3,739,completed,89202.8102119,89202.8120131,89202.8148372,4.625300003681332
5,740,completed,89202.8411271,89202.8426972,89202.8440078,2.880700005334802
1,740,completed,89202.8412969,89202.8434324,89202.8445292,3.2322999904863536
2,740,completed,89202.841471,89202.843427,89202.8449837,3.512699986458756
0,740,completed,89202.8415048,89202.8434629,89202.8454211,3.9163000037660822
3,740,completed,89202.8415578,89202.8435455,89202.8458736,4.315800004405901
4,740,completed,89202.8416635,89202.8435838,89202.8463585,4.694999995990656
5,741,completed,89202.8732131,89202.8751727,89202.8764822,3.2690999942133203
3,741,completed,89202.8732939,89202.8755838,89202.8769683,3.674399995361455
1,741,completed,89202.8735733,89202.8760256,89202.8774784,3.9050999912433326
0,741,completed,89202.8736054,89202.8760782,89202.8779495,4.344100001617335
2,741,completed,89202.8736985,89202.8761417,89202.8784165,4.717999996501021
4,741,completed,89202.8737422,89202.876153,89202.8788988,5.156600003829226
3,742,completed,89202.9054345,89202.9078016,89202.9090061,3.5715999983949587
0,742,completed,89202.9054254,89202.9077714,89202.9095455,4.120100013096817
4,742,completed,89202.9060463,89202.9084871,89202.9100138,3.9675000007264316
1,742,completed,89202.906213,89202.9085884,89202.9104802,4.267199998139404
2,742,completed,89202.9060975,89202.9085963,89202.9109469,4.849399992963299
5,742,completed,89202.906152,89202.9085732,89202.9114874,5.335399997420609
5,743,completed,89202.9376818,89202.9395568,89202.9412638,3.5820000048261136
4,743,completed,89202.9382812,89202.9407472,89202.9418307,3.549500004737638
2,743,completed,89202.9382147,89202.9408543,89202.942377,4.162299999734387
0,743,completed,89202.9381162,89202.9408749,89202.9428475,4.731299995910376
1,743,completed,89202.9386745,89202.9411151,89202.9433462,4.671700007747859
3,743,completed,89202.9384698,89202.9411592,89202.943815,5.345199999283068
5,744,completed,89202.9690259,89202.9707485,89202.9720193,2.993399990373291
3,744,completed,89202.9694546,89202.9715143,89202.9729992,3.544600011082366
0,744,completed,89202.969383,89202.9715187,89202.9735197,4.1366999939782545
4,744,completed,89202.9695343,89202.9715823,89202.9740154,4.48109999706503
1,744,completed,89202.9696748,89202.9716189,89202.9744987,4.823900002520531
2,744,completed,89202.9695841,89202.9715883,89202.9749866,5.402499999036081
4,745,completed,89202.9996541,89203.0019489,89203.0034516,3.797500001383014
5,745,completed,89202.9998531,89203.0027911,89203.0039789,4.125799998291768
2,745,completed,89203.0003763,89203.0029297,89203.0045257,4.149400003370829
1,745,completed,89203.0004347,89203.0029835,89203.0051638,4.729099993710406
3,745,completed,89203.0005144,89203.0030058,89203.0056828,5.168399991816841
0,745,completed,89203.0005845,89203.0030465,89203.0061269,5.542400002013892
0,746,completed,89203.0313427,89203.0337176,89203.0344239,3.0812000040896237
2,746,completed,89203.0313297,89203.0337883,89203.0351255,3.7958000029902905
4,746,completed,89203.0314152,89203.0338177,89203.0355719,4.15670000074897
5,746,completed,89203.0315366,89203.0338779,89203.0360732,4.5365999976638705
1,746,completed,89203.0316501,89203.0339136,89203.0366131,4.9629999994067475
3,746,completed,89203.0316394,89203.0339344,89203.0371487,5.50929999735672
0,747,completed,89203.0626142,89203.0644285,89203.0652097,2.595500001916662
1,747,completed,89203.062645,89203.0644737,89203.0657049,3.0599000019719824
3,747,completed,89203.0627759,89203.064671,89203.0662191,3.4431999956723303
5,747,completed,89203.0628518,89203.0647007,89203.0667281,3.876300004776567
2,747,completed,89203.0626261,89203.0646722,89203.0673893,4.763200005982071
4,747,completed,89203.0626848,89203.0647187,89203.0678398,5.155000006197952
5,748,completed,89203.1101698,89203.1125721,89203.1137076,3.537800002959557
2,748,completed,89203.1105654,89203.1132094,89203.114349,3.783599997404963
3,748,completed,89203.110586,89203.1132429,89203.1148077,4.221700000925921
0,748,completed,89203.1106208,89203.1132871,89203.1152896,4.668800000217743
4,748,completed,89203.1106923,89203.1133451,89203.1157898,5.097499990370125
1,748,completed,89203.1107555,89203.1133487,89203.1162144,5.45889999193605
0,749,completed,89203.1416735,89203.1435548,89203.1442024,2.5289000041084364
2,749,completed,89203.1416741,89203.143587,89203.1447412,3.0670999985886738
1,749,completed,89203.1417375,89203.1436908,89203.1452247,3.4871999960159883
3,749,completed,89203.1417779,89203.1436889,89203.1456558,3.8779000024078414
5,749,completed,89203.1417036,89203.1436782,89203.146105,4.401400001370348
4,749,completed,89203.1418603,89203.1437451,89203.1465962,4.7358999872813
3,750,completed,89203.1724981,89203.1759542,89203.1767203,4.222200004733168
5,750,completed,89203.1724727,89203.1760711,89203.1771869,4.714199996669777
2,750,completed,89203.1726363,89203.1761431,89203.1776232,4.986899992218241
1,750,completed,89203.1728594,89203.1762059,89203.178084,5.224599997745827
0,750,completed,89203.1726381,89203.1762634,89203.1785141,5.875999995623715
4,750,completed,89203.1727169,89203.1762887,89203.1789458,6.2289000052260235
5,751,completed,89203.2039793,89203.2059833,89203.206813,2.833699996699579
4,751,completed,89203.2040368,89203.206181,89203.2073006,3.263799997512251
0,751,completed,89203.2040661,89203.2062705,89203.2078191,3.7529999972321093
1,751,completed,89203.2041126,89203.2063437,89203.2083126,4.2000000103143975
2,751,completed,89203.2041354,89203.2063798,89203.2087904,4.6550000115530565
3,751,completed,89203.2042782,89203.2064016,89203.2092578,4.9795999948401
2,752,completed,89203.2419226,89203.2442662,89203.2450106,3.0879999976605177
0,752,completed,89203.2419238,89203.2443044,89203.2455179,3.5940999950980768
3,752,completed,89203.2420294,89203.2444253,89203.2460058,3.9763999957358465
1,752,completed,89203.2421799,89203.2444386,89203.2464904,4.310499993152916
4,752,completed,89203.2419909,89203.2444682,89203.2469727,4.981799997040071
5,752,completed,89203.2421251,89203.2445148,89203.2474537,5.3285999892978
1,753,completed,89203.2731192,89203.2748712,89203.2756911,2.571899996837601
0,753,completed,89203.2732439,89203.2750323,89203.2761898,2.945900007034652
3,753,completed,89203.2731125,89203.275038,89203.2766404,3.5279000003356487
5,753,completed,89203.2734174,89203.275118,89203.2771712,3.7537999887717888
2,753,completed,89203.2731997,89203.2751436,89203.2777137,4.514000000199303
4,753,completed,89203.2733378,89203.2752462,89203.2782539,4.916100006084889
3,754,completed,89203.3041756,89203.3059968,89203.3068258,2.6501999964239076
4,754,completed,89203.30417,89203.3060353,89203.3073518,3.1817999988561496
2,754,completed,89203.3042279,89203.3060745,89203.3078961,3.668200006359257
0,754,completed,89203.3042788,89203.3061492,89203.3083946,4.115799994906411
1,754,completed,89203.3044257,89203.3064068,89203.3088779,4.4521999952849
5,754,completed,89203.3043819,89203.3063879,89203.3093898,5.007899992051534
1,755,completed,89203.3358193,89203.3384414,89203.3391457,3.3263999939663336
4,755,completed,89203.3357909,89203.3384004,89203.3396229,3.832000002148561
0,755,completed,89203.3357905,89203.3384285,89203.3401074,4.316899998229928
5,755,completed,89203.3360845,89203.3385427,89203.3406112,4.526699995039962
2,755,completed,89203.3358929,89203.338648,89203.3411828,5.289900000207126
3,755,completed,89203.3359572,89203.3386632,89203.341709,5.7517999957781285
1,756,completed,89203.3675438,89203.3702158,89203.370954,3.410199991776608
4,756,completed,89203.3675761,89203.3702429,89203.3714526,3.8764999917475507
0,756,completed,89203.3676944,89203.3703506,89203.3719355,4.24110000312794
5,756,completed,89203.367877,89203.3703964,89203.3725679,4.690900008426979
2,756,completed,89203.3675487,89203.3704063,89203.3757442,8.195500005967915
3,756,completed,89203.3677981,89203.3704639,89203.3763985,8.600400004070252
2,757,completed,89203.3980422,89203.4001846,89203.4008609,2.8186999988975003
4,757,completed,89203.3980627,89203.4001364,89203.4014283,3.365600001416169
1,757,completed,89203.3979772,89203.4002906,89203.4018911,3.9139000000432134
3,757,completed,89203.398124,89203.4002747,89203.4024012,4.277200001524761
5,757,completed,89203.3981762,89203.4003022,89203.4028596,4.683399994974025
0,757,completed,89203.3979773,89203.4002866,89203.4034043,5.426999996416271
0,758,completed,89203.4301619,89203.4325844,89203.4332199,3.0580000020563602
1,758,completed,89203.4301628,89203.4326047,89203.4337448,3.5820000048261136
3,758,completed,89203.4302117,89203.4326397,89203.4342158,4.0041000029305
2,758,completed,89203.4302869,89203.4326996,89203.4347217,4.434800008311868
4,758,completed,89203.4303691,89203.4327134,89203.4352479,4.878799998550676
5,758,completed,89203.4304233,89203.4327209,89203.4358209,5.397600005380809
5,759,completed,89203.4622496,89203.4644752,89203.4651721,2.92250000347849
2,759,completed,89203.4622426,89203.4645382,89203.4656768,3.434199999901466
1,759,completed,89203.4622967,89203.4645629,89203.4661906,3.8938999932724983
0,759,completed,89203.4623447,89203.4646431,89203.4666563,4.311600001528859
3,759,completed,89203.4624218,89203.4646665,89203.4671377,4.7159000096144155
4,759,completed,89203.4625409,89203.4646976,89203.4676519,5.111000005854294
0,760,completed,89203.5104137,89203.5122066,89203.5130293,2.615599994896911
1,760,completed,89203.5105481,89203.5124375,89203.5135633,3.015199996298179
5,760,completed,89203.5106289,89203.5125281,89203.5140111,3.382199996849522
4,760,completed,89203.5104369,89203.5125324,89203.5144611,4.024199995910749
2,760,completed,89203.5104492,89203.51254,89203.5148785,4.4293000100879
3,760,completed,89203.5106034,89203.5125243,89203.5152615,4.65809999150224
2,761,completed,89203.5413669,89203.5436984,89203.5444065,3.0396000074688345
0,761,completed,89203.5413779,89203.5436947,89203.5449084,3.530500005581416
4,761,completed,89203.5414404,89203.543787,89203.5453876,3.9471999916713685
1,761,completed,89203.5414933,89203.5438455,89203.5458514,4.358100006356835
3,761,completed,89203.5414069,89203.5438756,89203.5462893,4.8823999968590215
5,761,completed,89203.5416346,89203.544029,89203.5466813,5.0466999964555725
1,762,completed,89203.5726375,89203.5735613,89203.5753177,2.6802000065799803
5,762,completed,89203.5726828,89203.5738411,89203.5758282,3.1453999981749803
3,762,completed,89203.5732725,89203.5749034,89203.5762224,2.949900008388795
2,762,completed,89203.5733148,89203.5749482,89203.5766856,3.370799997355789
0,762,completed,89203.5733697,89203.5749837,89203.5771478,3.778099999180995
4,762,completed,89203.5734459,89203.5750958,89203.5775387,4.092800008947961
1,763,completed,89203.6041656,89203.6056412,89203.6069391,2.7735000039683655
0,763,completed,89203.6042063,89203.6058172,89203.6074591,3.2528000010643154
3,763,completed,89203.6045818,89203.6064951,89203.6079378,3.356000001076609
2,763,completed,89203.604616,89203.6065448,89203.6084325,3.8165000005392358
4,763,completed,89203.6046771,89203.6065744,89203.6089497,4.2726000101538375
5,763,completed,89203.6047121,89203.6065829,89203.6094362,4.724099999293685
3,764,completed,89203.6360615,89203.63808,89203.6388856,2.824099996360019
5,764,completed,89203.6360386,89203.6380998,89203.6394007,3.3621000038692728
4,764,completed,89203.6361011,89203.6381533,89203.6398716,3.7704999995185062
1,764,completed,89203.6363584,89203.6383483,89203.6403461,3.98769999446813
2,764,completed,89203.6361883,89203.6384299,89203.6408509,4.66259999666363
0,764,completed,89203.6362555,89203.638445,89203.641295,5.039499999838881
5,765,completed,89203.6680291,89203.669372,89203.6706662,2.6371000130893663
4,765,completed,89203.6680292,89203.6696206,89203.6711647,3.1355000101029873
2,765,completed,89203.6684554,89203.6701234,89203.6716403,3.184900007909164
0,765,completed,89203.6684072,89203.6701272,89203.6720954,3.6881999985780567
1,765,completed,89203.6685056,89203.6701636,89203.6724933,3.98769999446813
3,765,completed,89203.6685824,89203.6702843,89203.6728876,4.305199996451847
1,766,completed,89203.6993221,89203.7012342,89203.702258,2.9359000036492944
4,766,completed,89203.6993928,89203.701364,89203.7027961,3.4032999974442646
5,766,completed,89203.6994493,89203.7014954,89203.703282,3.8327000074787065
3,766,completed,89203.699552,89203.7015789,89203.7037619,4.2098999983863905
0,766,completed,89203.6997437,89203.7016907,89203.7041689,4.4252000079723075
2,766,completed,89203.6996344,89203.7017328,89203.7045959,4.9614999879850075
1,767,completed,89203.7386999,89203.7406753,89203.7415458,2.845900002284907
0,767,completed,89203.7387182,89203.7407382,89203.7421472,3.4290000039618462
2,767,completed,89203.7387636,89203.7408365,89203.7426895,3.925899989553727
4,767,completed,89203.7387777,89203.7408692,89203.7431533,4.375600008643232
3,767,completed,89203.7389185,89203.7409402,89203.7436292,4.71069999912288
5,767,completed,89203.7389757,89203.7409554,89203.7440944,5.1186999917263165
5,768,completed,89203.770301,89203.7713521,89203.7728967,2.5957000034395605
0,768,completed,89203.7706349,89203.7722876,89203.7734096,2.7747000131057575
1,768,completed,89203.770678,89203.772434,89203.7738827,3.204699998605065
2,768,completed,89203.7706223,89203.7725079,89203.7742718,3.649499994935468
3,768,completed,89203.7708135,89203.772548,89203.7747531,3.939600006560795
4,768,completed,89203.770904,89203.7726467,89203.7752411,4.337099991971627
5,769,completed,89203.8022001,89203.8040802,89203.8050284,2.8282999992370605
3,769,completed,89203.8023113,89203.80445,89203.8054963,3.185000008670613
1,769,completed,89203.8022753,89203.8044263,89203.8059485,3.673200000775978
4,769,completed,89203.8023542,89203.8045021,89203.8063679,4.01370000327006
2,769,completed,89203.8025536,89203.8045765,89203.8067504,4.196800000499934
0,769,completed,89203.8024629,89203.8046258,89203.8072297,4.766800004290417
0,770,completed,89203.8341017,89203.8357541,89203.8370137,2.9119999962858856
2,770,completed,89203.8344188,89203.8363998,89203.8375033,3.0845000001136214
3,770,completed,89203.8344969,89203.8365001,89203.8379835,3.4865999914472923
1,770,completed,89203.8345993,89203.8365635,89203.8384555,3.8561999972444028
4,770,completed,89203.8346435,89203.8365938,89203.8389333,4.289799995603971
5,770,completed,89203.8347079,89203.8366343,89203.8393996,4.691699999966659
1,771,completed,89203.8665452,89203.8686801,89203.8694087,2.863500005332753
4,771,completed,89203.8665433,89203.8686712,89203.8699068,3.3634999999776483
2,771,completed,89203.8668555,89203.8688789,89203.8704111,3.5555999929783866
5,771,completed,89203.8668691,89203.8688823,89203.8708768,4.007700001238845
3,771,completed,89203.8665931,89203.8688936,89203.8712849,4.691800000728108
0,771,completed,89203.8666682,89203.8689158,89203.8717708,5.10260000010021
2,772,completed,89203.8972642,89203.900504,89203.9014198,4.155599992373027
3,772,completed,89203.8976455,89203.9008023,89203.9019718,4.326300011598505
4,772,completed,89203.897362,89203.9008131,89203.9025065,5.1444999990053475
5,772,completed,89203.8976448,89203.9007774,89203.90302,5.375199994887225
1,772,completed,89203.8973042,89203.9008363,89203.9035066,6.202400007168762
0,772,completed,89203.8975858,89203.9008558,89203.9039504,6.364599990774877
0,773,completed,89203.9441419,89203.9457598,89203.9465806,2.438699986669235
5,773,completed,89203.9441951,89203.9459322,89203.947081,2.885900001274422
2,773,completed,89203.9442334,89203.9459752,89203.9475743,3.3408999879611656
4,773,completed,89203.9443103,89203.9460281,89203.9480255,3.7152000004425645
1,773,completed,89203.9441744,89203.9460615,89203.9484674,4.2929999908665195
3,773,completed,89203.9444831,89203.9461589,89203.9489278,4.444699996383861
0,774,completed,89203.9753196,89203.9770651,89203.9778321,2.512500010197982
3,774,completed,89203.9753248,89203.9770406,89203.9784343,3.1095000013010576
4,774,completed,89203.975369,89203.9771916,89203.9793499,3.980899986345321
2,774,completed,89203.9755377,89203.9772873,89203.9797955,4.257799999322742
1,774,completed,89203.9754433,89203.9774348,89203.9802722,4.828899996937253
5,774,completed,89203.975477,89203.9774399,89203.9807811,5.304100006469525
4,775,completed,89204.0084886,89204.0102989,89204.0110704,2.5817999994615093
5,775,completed,89204.0085219,89204.0103515,89204.0115476,3.0257000034907833
3,775,completed,89204.008489,89204.0103792,89204.0119945,3.50550000439398
1,775,completed,89204.0087802,89204.0105383,89204.012476,3.6957999982405454
2,775,completed,89204.0088032,89204.0105914,89204.0129114,4.108199995243922
0,775,completed,89204.0085877,89204.0105919,89204.0133861,4.798400012077764
0,776,completed,89204.0395617,89204.041343,89204.0421188,2.557100000558421
3,776,completed,89204.0395304,89204.0414344,89204.0426454,3.1149999995250255
2,776,completed,89204.0396625,89204.0415014,89204.043109,3.446500006248243
1,776,completed,89204.0395377,89204.0415706,89204.0435944,4.05670001055114
5,776,completed,89204.0397773,89204.0415898,89204.0441444,4.3671000021276996
4,776,completed,89204.0398746,89204.0416857,89204.0446469,4.772300002514385
0,777,completed,89204.0713027,89204.073819,89204.0744178,3.115100000286475
5,777,completed,89204.071324,89204.0738234,89204.0749387,3.6146999918855727
3,777,completed,89204.0713049,89204.0738074,89204.0754409,4.135999988648109
1,777,completed,89204.0714296,89204.0739141,89204.0758347,4.405100000440143
2,777,completed,89204.0714361,89204.0739123,89204.076293,4.856900006416254
4,777,completed,89204.0715493,89204.0739348,89204.076832,5.282700003590435
4,778,completed,89204.1018516,89204.1042013,89204.1049905,3.138899992336519
3,778,completed,89204.1018893,89204.10422,89204.1055601,3.670799997053109
1,778,completed,89204.1020381,89204.1043557,89204.1060447,4.006600007414818
2,778,completed,89204.1021479,89204.1043978,89204.1065078,4.359899990959093
0,778,completed,89204.1018525,89204.1043909,89204.1070368,5.184299996471964
5,778,completed,89204.1022764,89204.1044093,89204.1075361,5.25970000308007
1,779,completed,89204.1332459,89204.1352694,89204.1362516,3.005699996720068
2,779,completed,89204.1332127,89204.1356584,89204.1367454,3.532699993229471
5,779,completed,89204.1336802,89204.1357271,89204.1372203,3.5401000059209764
0,779,completed,89204.1336556,89204.1357167,89204.1376037,3.9480999985244125
4,779,completed,89204.1337475,89204.1357378,89204.1380335,4.285999995772727
3,779,completed,89204.1332859,89204.135762,89204.1384943,5.208400005358271
5,780,completed,89204.1652406,89204.1678818,89204.1687852,3.544599996530451
2,780,completed,89204.1656542,89204.168198,89204.1692769,3.6226999945938587
3,780,completed,89204.1655748,89204.1681674,89204.1697664,4.191599990008399
4,780,completed,89204.1656187,89204.1681871,89204.1703035,4.6847999910824
1,780,completed,89204.165699,89204.1682075,89204.1708034,5.104399999254383
0,780,completed,89204.1654351,89204.1681948,89204.1713047,5.869599990546703
0,781,completed,89204.1967994,89204.1987625,89204.1994064,2.6070000021718442
3,781,completed,89204.1968452,89204.1987629,89204.1999113,3.0661000055260956
4,781,completed,89204.196799,89204.198751,89204.200401,3.6019999970449135
1,781,completed,89204.196956,89204.1988254,89204.2008708,3.9148000068962574
5,781,completed,89204.1970449,89204.198858,89204.2013396,4.294700003811158
2,781,completed,89204.1970749,89204.1988707,89204.2020402,4.965300002368167
3,782,completed,89204.2283491,89204.2306683,89204.2313079,2.95880000339821
5,782,completed,89204.2282895,89204.2306782,89204.2317783,3.4888000081991777
1,782,completed,89204.2283035,89204.2306408,89204.2322308,3.927300000214018
4,782,completed,89204.2283712,89204.2307145,89204.2326385,4.267299998900853
0,782,completed,89204.2285187,89204.2307926,89204.2330665,4.54780001018662
2,782,completed,89204.2284973,89204.2308278,89204.2337148,5.21749998733867
0,783,completed,89204.2650889,89204.2670703,89204.2677153,2.626399989821948
2,783,completed,89204.2650875,89204.2670439,89204.2683977,3.310200001578778
4,783,completed,89204.2651456,89204.2671222,89204.2688335,3.6878999962937087
5,783,completed,89204.2650887,89204.2671228,89204.2692696,4.180899995844811
3,783,completed,89204.265268,89204.2671609,89204.2696908,4.422800004249439
1,783,completed,89204.2652837,89204.2671833,89204.2701074,4.823700000997633
2,784,completed,89204.3069914,89204.3087494,89204.3096525,2.661100006662309
0,784,completed,89204.3069918,89204.3087289,89204.3101469,3.15509999927599
5,784,completed,89204.3070786,89204.3089088,89204.310599,3.5204000014346093
3,784,completed,89204.3070474,89204.3089366,89204.3110493,4.001900000730529
4,784,completed,89204.307197,89204.3091315,89204.3114807,4.283699992811307
1,784,completed,89204.3071875,89204.309126,89204.3119068,4.719299991847947
2,785,completed,89204.3380233,89204.3401522,89204.3410465,3.023199999006465
1,785,completed,89204.3384779,89204.3403357,89204.341621,3.1430999952135608
0,785,completed,89204.3380953,89204.3403183,89204.3420257,3.930399994715117
4,785,completed,89204.3384628,89204.3403313,89204.3424899,4.027099988888949
3,785,completed,89204.338087,89204.3403359,89204.3429605,4.873500001849607
5,785,completed,89204.3382905,89204.3403859,89204.3434696,5.179100000532344
3,786,completed,89204.3695118,89204.3727866,89204.3734937,3.9818999939598143
1,786,completed,89204.3694885,89204.372754,89204.3739976,4.509100006544031
4,786,completed,89204.3694891,89204.372789,89204.3745492,5.060099996626377
0,786,completed,89204.3697582,89204.3729067,89204.3750042,5.2460000006249174
5,786,completed,89204.369489,89204.3729564,89204.3754627,5.973699997412041
2,786,completed,89204.3696913,89204.3729905,89204.3760242,6.332899996777996
0,787,completed,89204.4001904,89204.4021336,89204.4032128,3.0223999929148704
4,787,completed,89204.4003165,89204.4025304,89204.4038178,3.501300001516938
3,787,completed,89204.4004595,89204.4026102,89204.4043732,3.9136999985203147
1,787,completed,89204.4005406,89204.4026858,89204.4048895,4.348899994511157
2,787,completed,89204.4003618,89204.4027662,89204.4055367,5.174899997655302
5,787,completed,89204.400268,89204.4027783,89204.4059891,5.721100009395741
3,788,completed,89204.4313832,89204.4337686,89204.4345161,3.1328999903053045
2,788,completed,89204.4314173,89204.4338674,89204.4352241,3.8067999994382262
1,788,completed,89204.4314728,89204.4339308,89204.4356845,4.211699997540563
5,788,completed,89204.4315298,89204.433976,89204.4361792,4.649399998015724
0,788,completed,89204.431691,89204.4340089,89204.4366345,4.943499996443279
4,788,completed,89204.4317376,89204.4340219,89204.4370791,5.341500000213273
2,789,completed,89204.4625797,89204.4643367,89204.4651933,2.6135999942198396
1,789,completed,89204.4626336,89204.4644728,89204.4657127,3.079100002651103
4,789,completed,89204.4626498,89204.4645573,89204.4662296,3.5798000026261434
5,789,completed,89204.46273,89204.4646385,89204.4667025,3.9724999951431528
0,789,completed,89204.4628385,89204.4646801,89204.4672192,4.380700003821403
3,789,completed,89204.4627883,89204.4646628,89204.4676997,4.911399999400601
4,790,completed,89204.5098184,89204.5121442,89204.5130352,3.2168000034289435
3,790,completed,89204.5097912,89204.5121121,89204.5136395,3.848299995297566
5,790,completed,89204.5102816,89204.5124021,89204.5141363,3.854700000374578
1,790,completed,89204.5103249,89204.5124373,89204.5146187,4.293800011510029
0,790,completed,89204.5104253,89204.5125989,89204.5150308,4.605499998433515
2,790,completed,89204.5104377,89204.5126005,89204.5154397,5.002000005333684
0,791,completed,89204.541062,89204.5431589,89204.5444048,3.342800002428703
1,791,completed,89204.5413757,89204.5438547,89204.5449412,3.565499995602295
3,791,completed,89204.5414833,89204.5439065,89204.545405,3.9217000012286007
4,791,completed,89204.5414354,89204.5439027,89204.5459374,4.502000010688789
2,791,completed,89204.5413956,89204.5440511,89204.5464943,5.098699999507517
5,791,completed,89204.541562,89204.5441013,89204.546954,5.392000006395392
2,792,completed,89204.5727342,89204.5761413,89204.5768593,4.125099992961623
1,792,completed,89204.5727341,89204.5760532,89204.5773815,4.647399997338653
3,792,completed,89204.5732718,89204.5762827,89204.5778333,4.561499998089857
0,792,completed,89204.5734165,89204.5763202,89204.5782739,4.857399995671585
5,792,completed,89204.5734652,89204.5763421,89204.5786888,5.223600004683249
4,792,completed,89204.5736503,89204.5764578,89204.5791518,5.501500010723248
3,793,completed,89204.6040697,89204.6055377,89204.6071763,3.1066000083228573
0,793,completed,89204.6044637,89204.6067553,89204.6077693,3.305599995655939
4,793,completed,89204.604495,89204.6067951,89204.6082906,3.7955999869154766
5,793,completed,89204.6045502,89204.6068455,89204.6088074,4.257199994754046
2,793,completed,89204.6045876,89204.6068923,89204.6093263,4.738699994049966
1,793,completed,89204.604694,89204.6069158,89204.6098125,5.118500004755333
4,794,completed,89204.6369844,89204.638959,89204.6395588,2.5744000013219193
2,794,completed,89204.6369543,89204.6389458,89204.6400583,3.10400000307709
0,794,completed,89204.6369408,89204.6388872,89204.6405556,3.614799992647022
3,794,completed,89204.6370681,89204.6390142,89204.6410602,3.9920999988680705
1,794,completed,89204.6371709,89204.6390851,89204.6416053,4.43440000526607
5,794,completed,89204.637198,89204.6390707,89204.6420907,4.892700002528727
1,795,completed,89204.6691332,89204.6712801,89204.6721402,3.0069999920669943
2,795,completed,89204.6693683,89204.6715414,89204.6726702,3.301899996586144
3,795,completed,89204.6693082,89204.6715158,89204.6731645,3.856299998005852
5,795,completed,89204.6692638,89204.6714869,89204.6736791,4.415300005348399
4,795,completed,89204.6691333,89204.6715823,89204.6741661,5.032799992477521
0,795,completed,89204.6691411,89204.6715743,89204.6746283,5.487199989147484
5,796,completed,89204.7002005,89204.701933,89204.7035342,3.3337000058963895
3,796,completed,89204.7005988,89204.7028489,89204.7040669,3.468099996098317
2,796,completed,89204.7006563,89204.7029572,89204.7045492,3.89290000020992
0,796,completed,89204.700708,89204.7029675,89204.7050557,4.3476999999256805
4,796,completed,89204.7005347,89204.7030247,89204.7055421,5.007400002796203
1,796,completed,89204.7007928,89204.7031795,89204.7060239,5.231100003584288
3,797,completed,89204.732055,89204.7351235,89204.736098,4.042999993544072
4,797,completed,89204.7320786,89204.7352828,89204.7365888,4.510200000368059
0,797,completed,89204.7325844,89204.735505,89204.7370639,4.479499999433756
2,797,completed,89204.7326012,89204.7355098,89204.7375618,4.960599995683879
5,797,completed,89204.7323504,89204.7355579,89204.7380774,5.727000010665506
1,797,completed,89204.7327316,89204.7356494,89204.7385653,5.833699993672781
5,798,completed,89204.7636941,89204.7663909,89204.7674026,3.70850000763312
1,798,completed,89204.7639548,89204.7668226,89204.7678833,3.9284999947994947
2,798,completed,89204.7640352,89204.7669392,89204.7683294,4.2942000000039116
3,798,completed,89204.7642276,89204.7669963,89204.7687683,4.540699999779463
4,798,completed,89204.7641919,89204.7669957,89204.7692153,5.02339999366086
0,798,completed,89204.7640926,89204.7669715,89204.7696144,5.521799990674481
3,799,completed,89204.8077671,89204.8099364,89204.8106568,2.889699986553751
2,799,completed,89204.8078408,89204.8100128,89204.8111696,3.3287999976892024
0,799,completed,89204.8077167,89204.8100865,89204.8115753,3.8586000009672716
4,799,completed,89204.8079732,89204.8101533,89204.8120693,4.0960999904200435
1,799,completed,89204.8079292,89204.8101197,89204.8125612,4.6319999964907765
5,799,completed,89204.8078153,89204.8101757,89204.8130439,5.22859999909997
0,800,completed,89204.8391501,89204.8409146,89204.841674,2.5238999951398
2,800,completed,89204.8391822,89204.841007,89204.8421903,3.008100000442937
5,800,completed,89204.8391488,89204.8409573,89204.8426668,3.5179999977117404
4,800,completed,89204.8392825,89204.8411139,89204.8431227,3.8401999918278307
3,800,completed,89204.839383,89204.8411618,89204.8436442,4.261199996108189
1,800,completed,89204.8392423,89204.8412124,89204.8441062,4.863900001510046
1,801,completed,89204.8710299,89204.8738051,89204.8744803,3.450400006840937
2,801,completed,89204.8710164,89204.8737843,89204.8750196,4.003200010629371
4,801,completed,89204.8711522,89204.8739029,89204.8755077,4.355500001111068
3,801,completed,89204.8710785,89204.8738733,89204.8759489,4.870399992796592
5,801,completed,89204.8714035,89204.8739752,89204.8763963,4.992799993488006
0,801,completed,89204.8713401,89204.8739577,89204.8768913,5.5511999962618575
5,802,completed,89204.901968,89204.9042329,89204.904986,3.01799998851493
0,802,completed,89204.9020375,89204.9043243,89204.9054941,3.45660001039505
4,802,completed,89204.9022222,89204.9043909,89204.9059462,3.72399999469053
2,802,completed,89204.901914,89204.9043777,89204.906411,4.497000001720153
1,802,completed,89204.9022884,89204.9044177,89204.9069306,4.642200001399033
3,802,completed,89204.9021748,89204.9044925,89204.9074368,5.2620000060414895
3,803,completed,89204.9336388,89204.935902,89204.9365974,2.958600001875311
2,803,completed,89204.9336519,89204.9359553,89204.9371533,3.5013999877264723
1,803,completed,89204.9336408,89204.9359022,89204.9376234,3.9825999992899597
4,803,completed,89204.933763,89204.9360053,89204.93805,4.28700000338722
5,803,completed,89204.9338962,89204.9360391,89204.9384834,4.587199990055524
0,803,completed,89204.9339595,89204.9360556,89204.93891,4.950499991537072
3,804,completed,89204.9644532,89204.9666065,89204.9673957,2.942500010249205
0,804,completed,89204.9644862,89204.9667196,89204.9678897,3.4034999989671633
4,804,completed,89204.964603,89204.9668834,89204.9683882,3.785199995036237
5,804,completed,89204.9646173,89204.9668969,89204.9688852,4.267900003469549
2,804,completed,89204.9647138,89204.9669337,89204.9693562,4.6424000029219314
1,804,completed,89204.9647921,89204.9669381,89204.969851,5.0589000020409
3,805,completed,89204.9958321,89204.9980406,89204.9987908,2.9587000026367605
5,805,completed,89204.9958837,89204.9981931,89204.9992999,3.4161999938078225
2,805,completed,89204.9958727,89204.9982533,89204.9997614,3.8886999973328784
1,805,completed,89204.9960789,89204.9983178,89205.0002003,4.121399993891828
0,805,completed,89204.9959373,89204.9982648,89205.0006565,4.719199991086498
4,805,completed,89204.9961174,89204.9983215,89205.0011958,5.0783999904524535
4,806,completed,89205.0431312,89205.0451549,89205.0459053,2.7740999939851463
2,806,completed,89205.0431501,89205.0452226,89205.0464172,3.267100008088164
1,806,completed,89205.0432258,89205.0452994,89205.0468835,3.657700013718568
3,806,completed,89205.0431214,89205.0453436,89205.0473992,4.277800006093457
0,806,completed,89205.0433232,89205.0454905,89205.0478442,4.520999995293096
5,806,completed,89205.0435761,89205.0455325,89205.0482387,4.66259999666363
0,807,completed,89205.074297,89205.0765862,89205.0774044,3.107399999862537
4,807,completed,89205.0746452,89205.0767774,89205.077898,3.2528000010643154
5,807,completed,89205.0747658,89205.0768381,89205.0783755,3.6096999974688515
1,807,completed,89205.0746571,89205.0768139,89205.0788562,4.199099988909438
3,807,completed,89205.0746873,89205.0768278,89205.079299,4.611700001987629
2,807,completed,89205.0744277,89205.0768239,89205.0798066,5.37889999395702
4,808,completed,89205.1056347,89205.1076277,89205.108857,3.2223000016529113
1,808,completed,89205.1059408,89205.1081616,89205.1093917,3.4508999960962683
2,808,completed,89205.1058989,89205.1081842,89205.1098965,3.9975999970920384
0,808,completed,89205.105971,89205.1084481,89205.1103872,4.416199997649528
5,808,completed,89205.1059909,89205.1084598,89205.1109083,4.917400001431815
3,808,completed,89205.1063652,89205.1085389,89205.111401,5.035800000769086
0,809,completed,89205.1367641,89205.1386549,89205.1400321,3.268000000389293
1,809,completed,89205.1369863,89205.1394101,89205.1405138,3.5274999972898513
3,809,completed,89205.1374776,89205.1396346,89205.1409815,3.5038999922107905
2,809,completed,89205.1375201,89205.1396757,89205.1415138,3.9936999964993447
5,809,completed,89205.1375943,89205.1396952,89205.1419592,4.364899999927729
4,809,completed,89205.1375525,89205.1396695,89205.1424025,4.849999997531995
5,810,completed,89205.1682946,89205.170585,89205.1714958,3.2012000010581687
2,810,completed,89205.1684599,89205.1708952,89205.1719882,3.528300003381446
4,810,completed,89205.168507,89205.1709472,89205.1724758,3.968800010625273
3,810,completed,89205.1687509,89205.171077,89205.173014,4.263099996023811
1,810,completed,89205.168635,89205.1710262,89205.1735402,4.905200010398403
0,810,completed,89205.1687116,89205.1710704,89205.1740432,5.331599997589365
1,811,completed,89205.2001611,89205.2023508,89205.2031071,2.945999993244186
0,811,completed,89205.2001516,89205.2023771,89205.2036799,3.528300003381446
4,811,completed,89205.20022,89205.2024608,89205.2042485,4.02849999954924
3,811,completed,89205.2003566,89205.2025421,89205.2047597,4.4030999997630715
5,811,completed,89205.2004769,89205.2025792,89205.2052376,4.760700001497753
2,811,completed,89205.2005146,89205.202582,89205.2056367,5.122100003063679
5,812,completed,89205.2314918,89205.2334973,89205.234175,2.68320000031963
3,812,completed,89205.2314994,89205.2334981,89205.2347022,3.202799998689443
0,812,completed,89205.2315586,89205.2335851,89205.2351667,3.6080999998375773
1,812,completed,89205.2316724,89205.2336518,89205.235588,3.915599998435937
4,812,completed,89205.231755,89205.2336769,89205.236087,4.331999996793456
2,812,completed,89205.2318346,89205.2336855,89205.2365839,4.74930000200402
4,813,completed,89205.2627246,89205.2644102,89205.2652042,2.479599992511794
0,813,completed,89205.263018,89205.2646864,89205.2657259,2.707899999222718
2,813,completed,89205.2630846,89205.2647448,89205.2662201,3.1355000101029873
1,813,completed,89205.2631382,89205.2647761,89205.2667155,3.577299998141825
5,813,completed,89205.2630931,89205.2647582,89205.2672395,4.146399995079264
3,813,completed,89205.2781441,89205.2785156,89205.2790741,0.9300000092480332
5,814,completed,89205.3093498,89205.3112669,89205.3122913,2.9415000026347116
2,814,completed,89205.3093698,89205.3114796,89205.3128047,3.4349000052316114
1,814,completed,89205.3097657,89205.3117934,89205.3132804,3.5147000016877428
4,814,completed,89205.3096969,89205.3118107,89205.3138316,4.134699993301183
0,814,completed,89205.3098535,89205.3118453,89205.3143306,4.477099995710887
3,814,completed,89205.3098926,89205.3118476,89205.3147546,4.862000001594424
1,815,completed,89205.345174,89205.3470207,89205.3478339,2.659899997524917
2,815,completed,89205.3452332,89205.3470941,89205.3483301,3.0968999926699325
4,815,completed,89205.3452797,89205.3472365,89205.3488527,3.572999994503334
0,815,completed,89205.3454521,89205.3472991,89205.3493601,3.907999998773448
3,815,completed,89205.3452956,89205.3473169,89205.3498153,4.5196999999461696
5,815,completed,89205.3453614,89205.3474835,89205.3502822,4.920799998217262
5,816,completed,89205.360946,89205.3632592,89205.3639468,3.0008000030647963
0,816,completed,89205.3610184,89205.3632408,89205.3644172,3.39880000683479
4,816,completed,89205.3611488,89205.3634145,89205.3648556,3.706799994688481
2,816,completed,89205.360985,89205.363417,89205.3653364,4.3513999989954755
3,816,completed,89205.3610978,89205.3634978,89205.3658288,4.730999993626028
1,816,completed,89205.3612577,89205.3634983,89205.3663284,5.070700004580431
1,817,completed,89205.408333,89205.4108641,89205.4116612,3.3282000076724216
5,817,completed,89205.4083326,89205.4108902,89205.4121437,3.8111000030767173
3,817,completed,89205.4083673,89205.4109819,89205.4126505,4.283200003555976
2,817,completed,89205.4084669,89205.4110594,89205.4131871,4.720199998700991
4,817,completed,89205.4087202,89205.4111232,89205.4136756,4.955399999744259
0,817,completed,89205.4085782,89205.411113,89205.4141828,5.604599995422177
5,818,completed,89205.4411139,89205.4428747,89205.4436315,2.5176000053761527
2,818,completed,89205.4413016,89205.4431,89205.4441107,2.80909999855794
4,818,completed,89205.4410756,89205.4431169,89205.4446099,3.5343000054126605
3,818,completed,89205.4410757,89205.4431228,89205.4450959,4.020199994556606
0,818,completed,89205.4411795,89205.4431657,89205.4455188,4.339299994171597
1,818,completed,89205.4411792,89205.4431674,89205.4458834,4.704199993284419
2,819,completed,89205.4732514,89205.4752186,89205.4759226,2.671199996257201
5,819,completed,89205.4732513,89205.4752567,89205.476433,3.1816999980947003
0,819,completed,89205.4732721,89205.4752787,89205.4769028,3.6306999973021448
4,819,completed,89205.4733988,89205.4753617,89205.4773913,3.992500001913868
1,819,completed,89205.4734653,89205.4754137,89205.4779005,4.43519999680575
3,819,completed,89205.4735272,89205.4754127,89205.4783939,4.866700008278713
0,820,completed,89205.5054206,89205.507375,89205.5082283,2.8076999878976494
1,820,completed,89205.5056377,89205.5077395,89205.5087173,3.0796000064583495
2,820,completed,89205.5054394,89205.5077419,89205.5091847,3.7452999968081713
4,820,completed,89205.5054907,89205.5078003,89205.5095685,4.077799996593967
5,820,completed,89205.5055,89205.5077928,89205.5100726,4.572599995299242
3,820,completed,89205.5056104,89205.5078599,89205.5105239,4.913500000839122
5,821,completed,89205.5369611,89205.538934,89205.5396471,2.685999992536381
2,821,completed,89205.5369829,89205.5390105,89205.5402384,3.2555000070715323
0,821,completed,89205.5370418,89205.5390705,89205.5407264,3.684600000269711
3,821,completed,89205.5371354,89205.5391343,89205.5412918,4.156399998464622
4,821,completed,89205.5372416,89205.5391539,89205.5418269,4.585299990139902
1,821,completed,89205.537263,89205.5391609,89205.5424264,5.16339999740012
0,822,completed,89205.5688121,89205.5709315,89205.5715845,2.772399995592423
5,822,completed,89205.5688133,89205.5709305,89205.572034,3.220700004021637
3,822,completed,89205.5688725,89205.5710227,89205.5724968,3.624299992225133
4,822,completed,89205.5689699,89205.5710945,89205.5729446,3.974699997343123
1,822,completed,89205.5690982,89205.5711189,89205.5734169,4.318700011936016
2,822,completed,89205.5691999,89205.5711337,89205.5741365,4.936600002110936
0,823,completed,89205.6007364,89205.6030823,89205.6040152,3.278800009866245
3,823,completed,89205.60076,89205.6030711,89205.6045902,3.8302000029943883
2,823,completed,89205.6007366,89205.6030749,89205.605173,4.436400005943142
1,823,completed,89205.6008091,89205.6033643,89205.6057741,4.965000000083819
5,823,completed,89205.6010004,89205.6033966,89205.6063056,5.305200000293553
4,823,completed,89205.6009163,89205.6036533,89205.606862,5.945700002484955
4,824,completed,89205.6317484,89205.6331471,89205.6348451,3.096699991147034
0,824,completed,89205.6320779,89205.6342814,89205.6353663,3.2884000102058053
1,824,completed,89205.6324394,89205.634468,89205.6358723,3.43290000455454
3,824,completed,89205.6325317,89205.6345004,89205.6362874,3.755700003239326
2,824,completed,89205.6324717,89205.6344923,89205.636906,4.434300004504621
5,824,completed,89205.6325964,89205.6345091,89205.6374214,4.824999996344559
4,825,completed,89205.663338,89205.6636986,89205.6642823,0.9443000017199665
2,825,completed,89205.6791873,89205.6811376,89205.6818155,2.628199988976121
0,825,completed,89205.6790103,89205.6810468,89205.6823294,3.319100011140108
1,825,completed,89205.6791278,89205.6811165,89205.6828186,3.6908000038238242
5,825,completed,89205.6790924,89205.6811178,89205.6833196,4.227199999149889
3,825,completed,89205.67933,89205.6812074,89205.6838086,4.478600007132627
2,826,completed,89205.7105081,89205.7128665,89205.713836,3.3278999908361584
5,826,completed,89205.7105354,89205.7129403,89205.714331,3.795600001467392
1,826,completed,89205.7110304,89205.713277,89205.7148024,3.7720000109402463
3,826,completed,89205.7110127,89205.7132755,89205.715317,4.304299989598803
4,826,completed,89205.711199,89205.713479,89205.7158073,4.608300005202182
0,826,completed,89205.7111151,89205.7134576,89205.7162457,5.130599995027296
5,827,completed,89205.7421802,89205.7444439,89205.7452052,3.024999998160638
2,827,completed,89205.7422844,89205.7445226,89205.745755,3.4706000005826354
0,827,completed,89205.7421229,89205.7444577,89205.7462516,4.1286999912699685
3,827,completed,89205.7424223,89205.7445645,89205.7467232,4.3009000073652714
1,827,completed,89205.7421024,89205.744473,89205.7472165,5.114100000355393
4,827,completed,89205.7426237,89205.7447058,89205.7476629,5.039199997554533
4,828,completed,89205.7737357,89205.7762064,89205.7768791,3.1433999974979088
1,828,completed,89205.773737,89205.7762203,89205.7773924,3.6554000107571483
2,828,completed,89205.7737618,89205.7762817,89205.7778873,4.125500010559335
0,828,completed,89205.7738233,89205.7763166,89205.7783817,4.558400003588758
3,828,completed,89205.774037,89205.7763729,89205.7789024,4.865399998379871
5,828,completed,89205.7740828,89205.7763864,89205.7793437,5.260899997665547
2,829,completed,89205.8050035,89205.8057473,89205.8082627,3.259199991589412
3,829,completed,89205.8057636,89205.8080208,89205.8088233,3.0597000004490837
1,829,completed,89205.8058781,89205.8081366,89205.8092627,3.384600000572391
5,829,completed,89205.8057311,89205.8082122,89205.8097411,4.010000004200265
4,829,completed,89205.8058628,89205.8082958,89205.810224,4.361200000857934
0,829,completed,89205.8059649,89205.8082037,89205.8106761,4.711199988378212
5,830,completed,89205.8378957,89205.8398348,89205.8407636,2.8679000097326934
3,830,completed,89205.8379271,89205.8400024,89205.841287,3.3599000016693026
0,830,completed,89205.8379533,89205.8400434,89205.841811,3.857700008666143
1,830,completed,89205.8380816,89205.8401389,89205.8422952,4.2135999974561855
4,830,completed,89205.838197,89205.8402097,89205.8427813,4.5842999970773235
2,830,completed,89205.8382838,89205.8402342,89205.8432148,4.931000003125519
0,831,completed,89205.8733987,89205.8762594,89205.8769567,3.5579999967012554
3,831,completed,89205.8733789,89205.8763436,89205.87746,4.08110000716988
1,831,completed,89205.8733974,89205.8763768,89205.8779659,4.56849999318365
4,831,completed,89205.8737954,89205.8764213,89205.8784363,4.640900006052107
2,831,completed,89205.8738401,89205.876437,89205.8788898,5.049700004747137
5,831,completed,89205.8738774,89205.8764362,89205.8794588,5.581400007940829
5,832,completed,89205.9056702,89205.9063477,89205.9083873,2.7171000110683963
3,832,completed,89205.9060068,89205.9078922,89205.9089783,2.971499998238869
1,832,completed,89205.9060423,89205.9080385,89205.9094097,3.367400000570342
4,832,completed,89205.9060894,89205.9081168,89205.9098335,3.7441000022226945
2,832,completed,89205.9063007,89205.9082427,89205.9102444,3.9437000086763874
0,832,completed,89205.9062169,89205.9082075,89205.9106587,4.44180000340566
2,833,completed,89205.9378504,89205.9399299,89205.9406287,2.778299996862188
3,833,completed,89205.9378388,89205.9399392,89205.9412016,3.362799994647503
0,833,completed,89205.9378925,89205.9399835,89205.9417223,3.829799999948591
4,833,completed,89205.9379621,89205.9400359,89205.9422428,4.280699999071658
1,833,completed,89205.9380493,89205.9400553,89205.94276,4.71069999912288
5,833,completed,89205.9382194,89205.9400766,89205.9432457,5.02629998663906
4,834,completed,89205.9689624,89205.9706033,89205.9714193,2.456899994285777
5,834,completed,89205.9689537,89205.9708159,89205.9719297,2.9760000034002587
2,834,completed,89205.9691922,89205.9708777,89205.9724257,3.2334999996237457
3,834,completed,89205.968995,89205.9708965,89205.9729301,3.9351000013994053
1,834,completed,89205.9690757,89205.9709593,89205.973394,4.318299994338304
0,834,completed,89205.9691557,89205.9709662,89205.9739569,4.801199989742599
0,835,completed,89206.0005685,89206.002665,89206.0035572,2.988699998240918
5,835,completed,89206.0006241,89206.0027686,89206.0041454,3.5213000082876533
3,835,completed,89206.0007088,89206.0028249,89206.0046981,3.9893000066513196
1,835,completed,89206.000947,89206.0029352,89206.0052099,4.262900009052828
4,835,completed,89206.0005949,89206.0029207,89206.0057221,5.127199998241849
2,835,completed,89206.0009026,89206.0030026,89206.0066832,5.780599996796809
2,836,completed,89206.0315437,89206.0337883,89206.0355259,3.9822000107960775
3,836,completed,89206.0320132,89206.0351503,89206.0360122,3.998999993200414
0,836,completed,89206.0320259,89206.0351922,89206.0364987,4.472800006624311
5,836,completed,89206.0321116,89206.0352367,89206.0369503,4.8386999987997115
4,836,completed,89206.0322654,89206.0352711,89206.0374158,5.150400000275113
1,836,completed,89206.0321431,89206.035249,89206.0378469,5.7037999940803275
1,837,completed,89206.0625204,89206.0644368,89206.0652551,2.7346999995643273
5,837,completed,89206.0627098,89206.0646994,89206.0657369,3.0270999995991588
3,837,completed,89206.0627481,89206.0647492,89206.0661931,3.4450000093784183
0,837,completed,89206.0628651,89206.0647659,89206.0665811,3.716000006534159
4,837,completed,89206.0629105,89206.0647727,89206.0670719,4.161400007433258
2,837,completed,89206.0781838,89206.0788115,89206.0793732,1.1894000053871423
5,838,completed,89206.1094341,89206.1114016,89206.1122108,2.776699999230914
0,838,completed,89206.1094199,89206.1114864,89206.1127308,3.310899992357008
3,838,completed,89206.1096464,89206.1117052,89206.1131974,3.5510000016074628
1,838,completed,89206.1094434,89206.111681,89206.1136531,4.209699996863492
2,838,completed,89206.1095041,89206.1117421,89206.1141176,4.6135000011418015
4,838,completed,89206.1095517,89206.1117992,89206.1145694,5.017699993913993
2,839,completed,89206.1402597,89206.1416764,89206.1430251,2.76540000049863
1,839,completed,89206.1405746,89206.1425312,89206.1435772,3.002600002218969
3,839,completed,89206.1403104,89206.1424821,89206.1440346,3.7241999962134287
4,839,completed,89206.1406262,89206.1425648,89206.1445518,3.9256000018212944
5,839,completed,89206.1407883,89206.1426776,89206.145017,4.228699996019714
0,839,completed,89206.1407513,89206.1428328,89206.1454638,4.712499998277053
0,840,completed,89206.1713331,89206.1730841,89206.1738226,2.489499995135702
2,840,completed,89206.1713469,89206.1731647,89206.1743,2.9531000036513433
5,840,completed,89206.1713726,89206.1732356,89206.1747377,3.3650999976089224
3,840,completed,89206.1715037,89206.1733389,89206.1752377,3.7339999980758876
4,840,completed,89206.1714465,89206.1733397,89206.1757127,4.266200005076826
1,840,completed,89206.1716238,89206.1733822,89206.1761456,4.52180000138469
4,841,completed,89206.2030314,89206.2063401,89206.2073178,4.286399998818524
0,841,completed,89206.203265,89206.2065991,89206.2079531,4.688100001658313
1,841,completed,89206.2030589,89206.2066926,89206.2084781,5.419199995230883
5,841,completed,89206.2030489,89206.2067343,89206.2089797,5.93079999089241
3,841,completed,89206.2030304,89206.2067502,89206.2094298,6.3993999938247725
2,841,completed,89206.2031942,89206.2067986,89206.2098953,6.701099991914816
4,842,completed,89206.2339085,89206.2360821,89206.2367711,2.862599998479709
0,842,completed,89206.2338929,89206.2360507,89206.2372505,3.357599998707883
5,842,completed,89206.2339412,89206.2362409,89206.2377199,3.778700003749691
1,842,completed,89206.2340029,89206.2362566,89206.2382091,4.2061999993165955
2,842,completed,89206.2341155,89206.2363217,89206.2386973,4.581799992593005
3,842,completed,89206.2342705,89206.2363201,89206.2391298,4.859299995587207
1,843,completed,89206.2654777,89206.2674334,89206.2683041,2.8263999993214384
5,843,completed,89206.2655588,89206.2676159,89206.2688174,3.2586000015726313
3,843,completed,89206.2655834,89206.2676533,89206.269305,3.721599990967661
2,843,completed,89206.2656655,89206.2677005,89206.2697902,4.124700004467741
4,843,completed,89206.265787,89206.2677373,89206.2702666,4.479600000195205
0,843,completed,89206.2658646,89206.2677799,89206.2707186,4.853999998886138
1,844,completed,89206.2966671,89206.2988578,89206.2995168,2.849700002116151
0,844,completed,89206.2967053,89206.2989031,89206.3000026,3.297299990663305
3,844,completed,89206.2966986,89206.2989007,89206.3004465,3.747900002053939
5,844,completed,89206.2968045,89206.2990219,89206.3009366,4.132100002607331
2,844,completed,89206.2969931,89206.2990786,89206.3014218,4.428700005519204
4,844,completed,89206.2968515,89206.2990681,89206.3018868,5.035300011513755
4,845,completed,89206.3282278,89206.330478,89206.3312526,3.0247999966377392
0,845,completed,89206.3282381,89206.3305879,89206.3317406,3.502499996102415
5,845,completed,89206.3282875,89206.3306545,89206.3322,3.912500003934838
2,845,completed,89206.3283272,89206.3306747,89206.3326798,4.3526000081328675
1,845,completed,89206.328423,89206.3307316,89206.3331539,4.730900007416494
3,845,completed,89206.3285022,89206.3307516,89206.333586,5.083799987914972
5,846,completed,89206.3606044,89206.3621951,89206.3629275,2.3230999941006303
3,846,completed,89206.3605771,89206.3621829,89206.3634263,2.8491999983089045
0,846,completed,89206.3605984,89206.3621969,89206.3638772,3.27879999531433
1,846,completed,89206.3607003,89206.3622858,89206.3644121,3.7117999891052023
2,846,completed,89206.3607034,89206.3623156,89206.3649063,4.202900003292598
4,846,completed,89206.3621446,89206.3626849,89206.3654227,3.2780999899841845
2,847,completed,89206.3989749,89206.4012143,89206.4021193,3.144399990560487
4,847,completed,89206.3989741,89206.4013492,89206.4026954,3.7213000032352284
1,847,completed,89206.3990407,89206.4013809,89206.4032031,4.162400000495836
0,847,completed,89206.3991721,89206.4014632,89206.4037069,4.534799998509698
3,847,completed,89206.3992405,89206.4014881,89206.4041317,4.891199991106987
5,847,completed,89206.3993654,89206.4015295,89206.4045784,5.21300001128111
0,848,completed,89206.4380673,89206.4399632,89206.4406052,2.5378999998793006
5,848,completed,89206.4380438,89206.4399598,89206.4411348,3.0910000059520826
2,848,completed,89206.4380806,89206.4400092,89206.4416774,3.5968000011052936
3,848,completed,89206.4381476,89206.4400614,89206.4421193,3.9717000036034733
1,848,completed,89206.4382807,89206.4400919,89206.4425823,4.301600012695417
4,848,completed,89206.4384103,89206.440115,89206.4430282,4.617899990989827
0,849,completed,89206.4692568,89206.4708918,89206.4716378,2.3809999984223396
2,849,completed,89206.4693037,89206.471033,89206.4721619,2.858200008631684
5,849,completed,89206.4692703,89206.4710775,89206.4726513,3.381000002264045
4,849,completed,89206.4693526,89206.4711278,89206.4731331,3.7804999883519486
3,849,completed,89206.4694538,89206.4711625,89206.4735906,4.136799994739704
1,849,completed,89206.4694704,89206.4712093,89206.4740427,4.57230000756681
5,850,completed,89206.5008108,89206.5027648,89206.5040197,3.2089000014821067
1,850,completed,89206.5009882,89206.5034518,89206.5045911,3.6029000038979575
3,850,completed,89206.5009667,89206.5034249,89206.5051039,4.137199997785501
0,850,completed,89206.5014283,89206.5034853,89206.5055417,4.113399991183542
4,850,completed,89206.5013614,89206.5034627,89206.5060715,4.710099994554184
2,850,completed,89206.5012816,89206.5034275,89206.5071004,5.8188000111840665
3,851,completed,89206.5319529,89206.5341926,89206.5349269,2.974000002723187
1,851,completed,89206.5319684,89206.5342798,89206.5354223,3.453900004387833
0,851,completed,89206.5322855,89206.5343286,89206.5359237,3.638199996203184
2,851,completed,89206.5324187,89206.5344005,89206.5364351,4.016400009277277
4,851,completed,89206.5323688,89206.5343918,89206.5369023,4.533499988610856
5,851,completed,89206.5323959,89206.5344007,89206.5374624,5.066500001703389
3,852,completed,89206.5636262,89206.5654451,89206.5660898,2.463600001647137
1,852,completed,89206.5636027,89206.5654235,89206.5665957,2.993000001879409
2,852,completed,89206.5636702,89206.5655302,89206.5670822,3.4119999909307808
5,852,completed,89206.5637479,89206.5655612,89206.5675253,3.7773999938508496
4,852,completed,89206.5639192,89206.5656214,89206.5680132,4.094000003533438
0,852,completed,89206.5639465,89206.5656338,89206.5685405,4.593999998178333
0,853,completed,89206.5955123,89206.5974603,89206.5981175,2.6052000030176714
1,853,completed,89206.5955132,89206.5975103,89206.5985856,3.072400009841658
3,853,completed,89206.5955544,89206.5975228,89206.599065,3.5105999995721504
4,853,completed,89206.5956257,89206.597568,89206.5995336,3.907899998011999
2,853,completed,89206.5957286,89206.5975902,89206.600051,4.322399996453896
5,853,completed,89206.5958279,89206.5976231,89206.6005577,4.7297999990405515
3,854,completed,89206.6427475,89206.6446699,89206.6453799,2.632400006405078
5,854,completed,89206.6427571,89206.644667,89206.6458842,3.127100004348904
2,854,completed,89206.6428215,89206.6447841,89206.6463405,3.5189999907743186
0,854,completed,89206.6428517,89206.6448336,89206.6467606,3.908899991074577
1,854,completed,89206.6429981,89206.6448849,89206.6472318,4.23370000498835
4,854,completed,89206.6429978,89206.6448876,89206.6477606,4.762800002936274
5,855,completed,89206.6734633,89206.6754984,89206.6762107,2.7473999944049865
4,855,completed,89206.6734704,89206.675578,89206.6767097,3.2393000001320615
0,855,completed,89206.6735212,89206.6756324,89206.6771815,3.660299989860505
2,855,completed,89206.6736082,89206.6756787,89206.6776453,4.037100006826222
1,855,completed,89206.6737975,89206.6757262,89206.6780729,4.2754000023705885
3,855,completed,89206.6737763,89206.6757299,89206.6784571,4.680800004280172
4,856,completed,89206.7048179,89206.7068243,89206.7076491,2.831200006767176
3,856,completed,89206.7048287,89206.7069314,89206.7081781,3.3493999944766983
1,856,completed,89206.7048481,89206.7069755,89206.7086835,3.835399998934008
5,856,completed,89206.7049081,89206.7070323,89206.7090811,4.1729999938979745
2,856,completed,89206.7049799,89206.7070906,89206.7095681,4.588200012221932
0,856,completed,89206.7050957,89206.7071216,89206.7100515,4.955800002790056
2,857,completed,89206.7361721,89206.7379987,89206.7388028,2.630699993460439
4,857,completed,89206.7361725,89206.7380109,89206.739308,3.1355000101029873
3,857,completed,89206.7362016,89206.7380863,89206.7398132,3.6115999973844737
5,857,completed,89206.7363342,89206.7381937,89206.7403562,4.021999993710779
1,857,completed,89206.7362486,89206.7381452,89206.7408405,4.591899996739812
0,857,completed,89206.7363765,89206.7382032,89206.7412738,4.897299993899651
3,858,completed,89206.7677387,89206.7705584,89206.7712883,3.5496000054990873
5,858,completed,89206.7677402,89206.7705529,89206.7718147,4.074500000569969
0,858,completed,89206.7678123,89206.770688,89206.7723242,4.511900013312697
4,858,completed,89206.7679533,89206.7707325,89206.7728148,4.861499997787178
2,858,completed,89206.7679921,89206.7707493,89206.7735606,5.568500011577271
1,858,completed,89206.7678705,89206.7707187,89206.7740644,6.19390000065323
3,859,completed,89206.7991693,89206.8014245,89206.8021444,2.97510001109913
2,859,completed,89206.7991702,89206.8014181,89206.8029072,3.7370000063674524
4,859,completed,89206.7992222,89206.8014182,89206.8034167,4.194499997538514
5,859,completed,89206.7993169,89206.8014813,89206.8039249,4.608000002917834
1,859,completed,89206.7992678,89206.8016045,89206.8044951,5.227300003753044
0,859,completed,89206.7994238,89206.8016257,89206.8049984,5.57459999981802
5,860,completed,89206.8301031,89206.8329963,89206.8339562,3.8531000027433038
3,860,completed,89206.8301982,89206.8332267,89206.8344101,4.211899999063462
0,860,completed,89206.8306266,89206.8333226,89206.8348803,4.25369999720715
1,860,completed,89206.8305907,89206.8333143,89206.8353966,4.805899996426888
4,860,completed,89206.8306853,89206.8334601,89206.8358678,5.182499997317791
2,860,completed,89206.8307119,89206.8334612,89206.8364054,5.693500002962537
4,861,completed,89206.8776428,89206.8794965,89206.8801224,2.479600007063709
0,861,completed,89206.8776115,89206.879397,89206.8806346,3.023100012796931
1,861,completed,89206.8776167,89206.8794359,89206.8810907,3.4739999973680824
3,861,completed,89206.8776906,89206.8795539,89206.8816066,3.916000001481734
2,861,completed,89206.8778729,89206.879659,89206.8821564,4.283499991288409
5,861,completed,89206.8778151,89206.879667,89206.8825922,4.777099995408207
5,862,completed,89206.8967786,89206.8984964,89206.8993154,2.536800006055273
2,862,completed,89206.8968072,89206.8986105,89206.8997905,2.9833000007783994
1,862,completed,89206.896872,89206.8987898,89206.9002394,3.367400000570342
0,862,completed,89206.8969081,89206.8988249,89206.9006716,3.7635000044247136
4,862,completed,89206.8970148,89206.8988862,89206.9010911,4.076299999724142
3,862,completed,89206.8969754,89206.8988871,89206.9014928,4.51739999698475
5,863,completed,89206.9447673,89206.9468939,89206.9475192,2.751899999566376
3,863,completed,89206.9448056,89206.9469156,89206.9480162,3.2105999998748302
1,863,completed,89206.9447663,89206.9468696,89206.9485269,3.760599996894598
4,863,completed,89206.9449296,89206.9470019,89206.9489366,4.007000010460615
0,863,completed,89206.9449722,89206.9470081,89206.9494206,4.448399995453656
2,863,completed,89206.9450548,89206.9470268,89206.9499113,4.856500003370456
3,864,completed,89206.9760483,89206.9782726,89206.9789437,2.8954000008525327
1,864,completed,89206.9759592,89206.9782134,89206.9794213,3.4620999940671027
5,864,completed,89206.9760198,89206.9782517,89206.9798901,3.8703000027453527
4,864,completed,89206.9761884,89206.9783552,89206.9804035,4.21509999432601
2,864,completed,89206.9759694,89206.9783769,89206.9808817,4.912300006253645
0,864,completed,89206.9762233,89206.978375,89206.9813809,5.157600011443719
2,865,completed,89207.0064744,89207.0084477,89207.0093924,2.9179999983171
4,865,completed,89207.0065278,89207.0087002,89207.0098894,3.361600000062026
0,865,completed,89207.006603,89207.008834,89207.0103514,3.7483999913092703
3,865,completed,89207.0065469,89207.0088561,89207.0108263,4.2794000037247315
1,865,completed,89207.0066942,89207.0089246,89207.0113064,4.612200005794875
5,865,completed,89207.0068456,89207.0089755,89207.0117626,4.916999998386018
3,866,completed,89207.0391463,89207.0411873,89207.0419342,2.787899997201748
0,866,completed,89207.0391458,89207.04117,89207.042471,3.3251999993808568
1,866,completed,89207.039195,89207.0412751,89207.042926,3.7309999897843227
5,866,completed,89207.03931,89207.0413295,89207.0433726,4.062600011820905
4,866,completed,89207.0393908,89207.0413466,89207.0438512,4.460399999516085
2,866,completed,89207.0394358,89207.0413578,89207.0443291,4.893299992545508
5,867,completed,89207.0714666,89207.0743535,89207.0749745,3.5079000081168488
3,867,completed,89207.0714531,89207.0743475,89207.0754562,4.003099995316006
2,867,completed,89207.071453,89207.0743563,89207.0759099,4.4569000019691885
1,867,completed,89207.0715849,89207.0744476,89207.076348,4.763100005220622
4,867,completed,89207.0717065,89207.0744879,89207.0767655,5.058999988250434
0,867,completed,89207.0717919,89207.0744968,89207.0771404,5.3484999953070655
2,868,completed,89207.1032994,89207.105068,89207.1059169,2.6174999948125333
5,868,completed,89207.1033753,89207.1051936,89207.1065016,3.1263000128092244
0,868,completed,89207.1033333,89207.105166,89207.107007,3.6737000045832247
3,868,completed,89207.1035311,89207.1053271,89207.1074636,3.9324999961536378
4,868,completed,89207.1032998,89207.1052978,89207.1079214,4.621600004611537
1,868,completed,89207.1035256,89207.1054197,89207.1084433,4.917700003716163
5,869,completed,89207.1357085,89207.1371315,89207.139252,3.543499988154508
4,869,completed,89207.1362236,89207.1387258,89207.1398261,3.60250000085216
1,869,completed,89207.1366217,89207.139089,89207.140316,3.6943000013707206
3,869,completed,89207.1366886,89207.1391131,89207.1408001,4.1114999912679195
2,869,completed,89207.1365807,89207.139183,89207.14137,4.789300000993535
0,869,completed,89207.1368692,89207.1392781,89207.1418776,5.008400010410696
0,870,completed,89207.1670039,89207.1688842,89207.169581,2.577099992777221
2,870,completed,89207.1670269,89207.1689458,89207.1700959,3.068999998504296
4,870,completed,89207.1670049,89207.1689346,89207.1705514,3.5465000109979883
1,870,completed,89207.1670872,89207.1690352,89207.1710631,3.975900006480515
3,870,completed,89207.1671386,89207.1690513,89207.1715754,4.436800008988939
5,870,completed,89207.1672722,89207.1690961,89207.1720637,4.791500003193505
1,871,completed,89207.1980604,89207.1999697,89207.2009683,2.9079000087222084
2,871,completed,89207.1984344,89207.2004046,89207.2014795,3.0451000056928024
4,871,completed,89207.1984768,89207.2004502,89207.2019729,3.4961000055773184
0,871,completed,89207.1985292,89207.2004601,89207.2025218,3.9926000026753172
3,871,completed,89207.1985883,89207.2004897,89207.2029931,4.404799998155795
5,871,completed,89207.1983269,89207.2005319,89207.2034833,5.156400002306327
4,872,completed,89207.2294731,89207.2314325,89207.2321107,2.6376000023446977
2,872,completed,89207.2295162,89207.2314626,89207.2326394,3.12320000375621
0,872,completed,89207.2295595,89207.2315227,89207.2330976,3.5380999906919897
5,872,completed,89207.2296274,89207.2315688,89207.2335532,3.925800003344193
3,872,completed,89207.2298754,89207.2316563,89207.234018,4.142600009799935
1,872,completed,89207.2457317,89207.246339,89207.2469705,1.2388000031933188
5,873,completed,89207.2774552,89207.2794649,89207.2800591,2.60389999311883
2,873,completed,89207.2774395,89207.2794612,89207.2807111,3.2715999986976385
1,873,completed,89207.2774393,89207.2794302,89207.2811894,3.750100004253909
0,873,completed,89207.2775881,89207.2795487,89207.2816576,4.069500006153248
4,873,completed,89207.2777172,89207.2795853,89207.2820882,4.370999988168478
3,873,completed,89207.2777936,89207.2796166,89207.2825469,4.753299988806248
3,874,completed,89207.3077094,89207.3098689,89207.3106012,2.891800002544187
2,874,completed,89207.3077553,89207.3098979,89207.3111786,3.4232999896630645
4,874,completed,89207.3078661,89207.3099578,89207.3116754,3.809299989370629
0,874,completed,89207.3078828,89207.3099658,89207.3121363,4.253499995684251
5,874,completed,89207.3077286,89207.3099737,89207.3125714,4.842800000915304
1,874,completed,89207.3078072,89207.3100182,89207.3130205,5.213299999013543
1,875,completed,89207.3397796,89207.3414259,89207.3427674,2.987799991387874
5,875,completed,89207.3402015,89207.3420823,89207.3432878,3.086299999267794
0,875,completed,89207.3402856,89207.3423101,89207.3437674,3.4817999985534698
2,875,completed,89207.3403862,89207.3423192,89207.3442282,3.8420000055339187
3,875,completed,89207.3404936,89207.3423389,89207.3446538,4.160199998295866
4,875,completed,89207.3404989,89207.3423849,89207.3452402,4.741299999295734
0,876,completed,89207.3715625,89207.3740226,89207.3749145,3.351999999722466
3,876,completed,89207.3719123,89207.3743104,89207.3753941,3.4817999985534698
5,876,completed,89207.3719482,89207.3743774,89207.375871,3.922799995052628
2,876,completed,89207.3720196,89207.374437,89207.3763217,4.302099987398833
4,876,completed,89207.3720966,89207.3744711,89207.3768174,4.720800003269687
1,876,completed,89207.3722444,89207.3744992,89207.3773404,5.0959999935003
4,877,completed,89207.4033277,89207.4038374,89207.4061506,2.822900001774542
3,877,completed,89207.4036904,89207.4055919,89207.406684,2.993600006448105
2,877,completed,89207.4037832,89207.4058604,89207.4071371,3.353899999638088
0,877,completed,89207.4038047,89207.4059025,89207.4076334,3.8286999915726483
5,877,completed,89207.4039055,89207.4059387,89207.4081355,4.22999999136664
1,877,completed,89207.4037496,89207.4059435,89207.4086785,4.928900001686998
3,878,completed,89207.4337242,89207.4355588,89207.4365209,2.7966999914497137
2,878,completed,89207.4337041,89207.4356992,89207.4370671,3.363000010722317
4,878,completed,89207.4337567,89207.4358507,89207.4375812,3.824500003247522
5,878,completed,89207.4341122,89207.4359846,89207.4380892,3.9770000003045425
0,878,completed,89207.434224,89207.4360229,89207.4386715,4.447500003152527
1,878,completed,89207.4341713,89207.4360131,89207.4391588,4.987499996786937
3,879,completed,89207.4696732,89207.4709777,89207.472282,2.608800001326017
4,879,completed,89207.4696917,89207.4710803,89207.4727748,3.083100004005246
2,879,completed,89207.4700518,89207.4718545,89207.4733134,3.261599995312281
5,879,completed,89207.4700841,89207.4719179,89207.4738264,3.7423000030685216
0,879,completed,89207.4701345,89207.4719488,89207.4743611,4.226599994581193
1,879,completed,89207.4702479,89207.4719783,89207.4749216,4.67370000842493
3,880,completed,89207.5009573,89207.5020926,89207.5037941,2.8368000057525933
2,880,completed,89207.5013104,89207.5032155,89207.5043156,3.0052000074647367
5,880,completed,89207.5013584,89207.5033239,89207.5048029,3.4445000055711716
4,880,completed,89207.5012849,89207.5033678,89207.5052611,3.976199994212948
1,880,completed,89207.5015479,89207.5034737,89207.5057443,4.196399997454137
0,880,completed,89207.5014755,89207.5034827,89207.5062084,4.7328999935416505
4,881,completed,89207.5327692,89207.5349508,89207.5357468,2.977600001031533
0,881,completed,89207.5328164,89207.5350451,89207.5362347,3.4183000097982585
5,881,completed,89207.5332068,89207.5351664,89207.5366724,3.4656000061659142
3,881,completed,89207.5333607,89207.5352025,89207.5371199,3.7591999862343073
2,881,completed,89207.5332965,89207.5352712,89207.5375515,4.255000007105991
1,881,completed,89207.5331862,89207.535263,89207.5379688,4.782599993632175
2,882,completed,89207.564685,89207.5667409,89207.5676677,2.9826999962097034
3,882,completed,89207.5647071,89207.5667761,89207.5681697,3.4625999978743494
0,882,completed,89207.5651124,89207.5671776,89207.5686528,3.540399993653409
4,882,completed,89207.5651728,89207.567208,89207.5690394,3.8666000036755577
1,882,completed,89207.5650864,89207.5672087,89207.569543,4.45659999968484
5,882,completed,89207.5652249,89207.5672334,89207.570006,4.78109999676235
4,883,completed,89207.5964024,89207.5980989,89207.5989112,2.508799996576272
0,883,completed,89207.5967942,89207.5984001,89207.5994724,2.6782000059029087
5,883,completed,89207.5967609,89207.5983826,89207.5999061,3.1451999966520816
1,883,completed,89207.5966965,89207.5984566,89207.6003,3.6035000084666535
2,883,completed,89207.6123909,89207.6132343,89207.6138715,1.4805999962845817
3,883,completed,89207.6126968,89207.6134107,89207.6143648,1.667999997152947
3,884,completed,89207.6434792,89207.6447551,89207.6464382,2.9590000049211085
2,884,completed,89207.6437525,89207.6459226,89207.6469392,3.1867000070633367
4,884,completed,89207.643833,89207.6460982,89207.6474391,3.606099999160506
0,884,completed,89207.6439197,89207.6462718,89207.6479353,4.015600003185682
1,884,completed,89207.643974,89207.6462701,89207.6483974,4.423399994266219
5,884,completed,89207.6440745,89207.6462819,89207.6489205,4.845999996177852
0,885,completed,89207.6746315,89207.675322,89207.6776072,2.9757000011159107
5,885,completed,89207.6753453,89207.6773233,89207.6781874,2.8421000024536625
1,885,completed,89207.6753819,89207.6774345,89207.6786643,3.2823999936226755
2,885,completed,89207.675423,89207.6775042,89207.6791474,3.7244000122882426
4,885,completed,89207.6754911,89207.6775476,89207.6796591,4.167999999481253
3,885,completed,89207.6755644,89207.6775664,89207.680199,4.634600001736544
3,886,completed,89207.7068065,89207.7082682,89207.7101288,3.322299991850741
2,886,completed,89207.7073297,89207.7097078,89207.710661,3.3313000021735206
5,886,completed,89207.7074019,89207.7097986,89207.7111406,3.738700004760176
4,886,completed,89207.707483,89207.7098655,89207.7117464,4.263399998308159
1,886,completed,89207.7074812,89207.7098642,89207.7122453,4.7640999982832
0,886,completed,89207.7075642,89207.7099016,89207.712761,5.19680000434164
0,887,completed,89207.7377329,89207.7392044,89207.7411286,3.395699997781776
4,887,completed,89207.7383071,89207.740756,89207.7417056,3.398500004550442
3,887,completed,89207.7383158,89207.7409031,89207.7421512,3.835399998934008
2,887,completed,89207.7383892,89207.7409094,89207.7426394,4.2501999996602535
1,887,completed,89207.7383485,89207.7408692,89207.7432233,4.874799997196533
5,887,completed,89207.7385243,89207.7409382,89207.7438175,5.293199996231124
2,888,completed,89207.7688283,89207.7698472,89207.7714826,2.6542999985395
3,888,completed,89207.7688515,89207.76998,89207.7720256,3.1740999984322116
5,888,completed,89207.769337,89207.7709567,89207.7724754,3.1383999885292724
4,888,completed,89207.769484,89207.7711459,89207.7729608,3.4767999895848334
0,888,completed,89207.7695402,89207.7711836,89207.7734109,3.87070000579115
1,888,completed,89207.769493,89207.7712145,89207.7738833,4.390300004160963
0,889,completed,89207.8001134,89207.8019115,89207.8028509,2.7375000063329935
4,889,completed,89207.8001444,89207.8019839,89207.8034793,3.3349000004818663
5,889,completed,89207.8001835,89207.8020571,89207.80403,3.846499996143393
2,889,completed,89207.8004069,89207.8022692,89207.8045533,4.146399995079264
1,889,completed,89207.8003042,89207.8022306,89207.8050851,4.7808999952394515
3,889,completed,89207.8005209,89207.8023104,89207.8056309,5.1099999982398
3,890,completed,89207.8312674,89207.8330185,89207.8339108,2.6433999883010983
4,890,completed,89207.8312557,89207.8330713,89207.8344565,3.2007999980123714
5,890,completed,89207.8315615,89207.8334048,89207.8349517,3.390199999557808
2,890,completed,89207.8313638,89207.8334587,89207.8354351,4.071300005307421
0,890,completed,89207.831321,89207.8334304,89207.8358968,4.575799990561791
1,890,completed,89207.8314981,89207.8334608,89207.8363279,4.829800003790297
4,891,completed,89207.8781615,89207.8789305,89207.8808042,2.642699997522868
1,891,completed,89207.8785335,89207.880071,89207.8813558,2.822299997205846
5,891,completed,89207.8787537,89207.8804902,89207.8818617,3.108000004431233
3,891,completed,89207.8786362,89207.8805328,89207.8823269,3.690700003062375
0,891,completed,89207.8785745,89207.8805335,89207.8827822,4.20769999618642
2,891,completed,89207.8787086,89207.8806127,89207.8832315,4.522900009760633
1,892,completed,89207.9093686,89207.9113731,89207.9121756,2.8069999971194193
4,892,completed,89207.9094349,89207.9114838,89207.9126732,3.2383000070694834
3,892,completed,89207.9095775,89207.9116004,89207.9131769,3.599399991799146
5,892,completed,89207.9093748,89207.9116512,89207.9136319,4.257099993992597
2,892,completed,89207.9097332,89207.9116689,89207.9141199,4.386700005852617
0,892,completed,89207.9093767,89207.9116477,89207.914628,5.251299997325987
5,893,completed,89207.9405751,89207.9424936,89207.94331,2.734900001087226
2,893,completed,89207.9406544,89207.942722,89207.9438549,3.2005000102799386
3,893,completed,89207.9406138,89207.9428402,89207.9442613,3.6474999942583963
4,893,completed,89207.9406138,89207.9428409,89207.9447281,4.114299998036586
1,893,completed,89207.9406995,89207.9428886,89207.945205,4.50549999368377
0,893,completed,89207.9407901,89207.9429053,89207.9456551,4.865000009885989
1,894,completed,89207.9747174,89207.9766073,89207.9773346,2.6172000070801005
5,894,completed,89207.9747339,89207.9766323,89207.9778064,3.0724999960511923
4,894,completed,89207.9747972,89207.9767739,89207.9782409,3.443699999479577
2,894,completed,89207.9748751,89207.9768148,89207.978845,3.9699000044493005
0,894,completed,89207.9746909,89207.976794,89207.9792977,4.606800008332357
3,894,completed,89207.9749019,89207.9769225,89207.9797179,4.816000000573695
0,895,completed,89208.0065148,89208.0088404,89208.0097396,3.2248000061372295
3,895,completed,89208.0066148,89208.0090384,89208.0102634,3.648600002634339
4,895,completed,89208.0065754,89208.0091291,89208.010763,4.187600003206171
5,895,completed,89208.0066931,89208.009144,89208.0112048,4.5116999972378835
2,895,completed,89208.0068566,89208.0092267,89208.0117746,4.918000006000511
1,895,completed,89208.0067877,89208.0092336,89208.0122023,5.4146000038599595
4,896,completed,89208.038271,89208.040481,89208.0413509,3.0799000087426975
5,896,completed,89208.0382481,89208.0407311,89208.0418829,3.634799999417737
2,896,completed,89208.0387741,89208.0409276,89208.042377,3.6029000038979575
1,896,completed,89208.0384143,89208.0409309,89208.0428332,4.418900003656745
0,896,completed,89208.0386676,89208.0408988,89208.0433237,4.656099990825169
3,896,completed,89208.0387351,89208.0409266,89208.0439083,5.173199999262579
1,897,completed,89208.0699193,89208.071506,89208.0728713,2.9519999952754006
3,897,completed,89208.0703034,89208.0723535,89208.073439,3.1355999963125214
0,897,completed,89208.0703465,89208.0724337,89208.0739207,3.574200003640726
2,897,completed,89208.0704207,89208.0725116,89208.0743637,3.943000003346242
5,897,completed,89208.0704624,89208.072542,89208.0748938,4.4313999969745055
4,897,completed,89208.0706019,89208.0725534,89208.0753687,4.766799989738502
4,898,completed,89208.1023449,89208.104691,89208.1056315,3.2865999964997172
2,898,completed,89208.1024199,89208.1048752,89208.1061561,3.7362000002758577
5,898,completed,89208.1024576,89208.104943,89208.1066431,4.18550000176765
1,898,completed,89208.1027398,89208.1051056,89208.107124,4.384200001368299
3,898,completed,89208.1026748,89208.1050772,89208.1075757,4.900900006759912
0,898,completed,89208.1025606,89208.1051368,89208.1080826,5.5219999921973795
0,899,completed,89208.1333694,89208.1352768,89208.1362007,2.83129999297671
5,899,completed,89208.1334398,89208.1354823,89208.1368259,3.3860999974422157
1,899,completed,89208.1334943,89208.1355317,89208.1374928,3.9985000039450824
4,899,completed,89208.1336492,89208.1355753,89208.1381173,4.468099999940023
2,899,completed,89208.1334665,89208.1354992,89208.1386431,5.176599996048026
3,899,completed,89208.1337094,89208.1356007,89208.1392247,5.515299999387935
