camera,seq,status,capture_s,enqueue_s,finish_s,latency_ms
1,0,completed,88460.1353294,88460.1382248,88460.1424675,7.138100001611747
0,0,completed,88460.1350695,88460.1383384,88460.145744,10.674499993911013
0,1,completed,88460.1678778,88460.1715177,88460.1751028,7.22499999392312
1,1,completed,88460.1679201,88460.1716211,88460.1785018,10.581700000329874
0,2,completed,88460.2055319,88460.2086942,88460.2112578,5.725899987737648
1,2,completed,88460.2055327,88460.2090095,88460.21353,7.997299995622598
1,3,completed,88460.2377787,88460.240716,88460.2434836,5.70490000245627
0,3,completed,88460.2377638,88460.2408416,88460.2458698,8.105999993858859
0,4,completed,88460.269689,88460.2719186,88460.2741855,4.496500012464821
1,4,completed,88460.2696646,88460.272009,88460.276207,6.5424000058555976
1,5,completed,88460.3006915,88460.3030702,88460.3057733,5.081800001789816
0,5,completed,88460.3006637,88460.3033919,88460.3079516,7.287899992661551
0,6,completed,88460.3345805,88460.3371874,88460.3393704,4.789900005562231
1,6,completed,88460.3345764,88460.3372316,88460.3414292,6.852799997432157
0,7,completed,88460.3692818,88460.3721268,88460.3744267,5.144900002051145
1,7,completed,88460.369272,88460.3723276,88460.3765261,7.254099997226149
0,8,completed,88460.4039161,88460.4063283,88460.4087015,4.785400000400841
1,8,completed,88460.4039217,88460.4067055,88460.4107902,6.8685000005643815
0,9,completed,88460.4317183,88460.4339287,88460.4361667,4.448400010005571
1,9,completed,88460.4317139,88460.4342135,88460.4380745,6.360599989420734
1,10,completed,88460.4679973,88460.4706176,88460.4727568,4.759499992360361
0,10,completed,88460.4679947,88460.4708698,88460.4755118,7.517100006225519
1,11,completed,88460.5012318,88460.504135,88460.5067449,5.51310001173988
0,11,completed,88460.5012204,88460.5042574,88460.5089561,7.7357000118354335
1,12,completed,88460.5359576,88460.5394003,88460.5415819,5.624299999908544
0,12,completed,88460.5359483,88460.5395194,88460.5438798,7.931499989354052
1,13,completed,88460.5705551,88460.5736762,88460.5763402,5.785100001958199
0,13,completed,88460.5705552,88460.5738859,88460.5789513,8.396100005484186
0,14,completed,88460.5984501,88460.6019834,88460.6043468,5.8966999931726605
1,14,completed,88460.5984512,88460.6021981,88460.6066293,8.178100004442967
0,15,completed,88460.6330902,88460.6367667,88460.6390135,5.923299991991371
1,15,completed,88460.6330913,88460.6369745,88460.6414759,8.384600005229004
0,16,completed,88460.6683735,88460.6717472,88460.6737965,5.423000009614043
1,16,completed,88460.6683748,88460.6718212,88460.6762638,7.8889999858802184
1,17,completed,88460.7029969,88460.7060745,88460.7081665,5.169600000954233
0,17,completed,88460.7029945,88460.7061417,88460.7106106,7.616100003360771
1,18,completed,88460.7377053,88460.7408491,88460.7429236,5.2183000079821795
0,18,completed,88460.7377122,88460.7411499,88460.7454222,7.709999990765937
0,19,completed,88460.7654985,88460.7688233,88460.7708917,5.393200000980869
1,19,completed,88460.7654982,88460.7691186,88460.7734457,7.947500009322539
0,20,completed,88460.8071917,88460.8103817,88460.8123698,5.178099992917851
1,20,completed,88460.8071929,88460.8107693,88460.8147871,7.594199996674433
1,21,completed,88460.8347995,88460.8376771,88460.839813,5.013500005588867
0,21,completed,88460.8348199,88460.8383646,88460.8418586,7.038700001430698
0,22,completed,88460.8694296,88460.8726176,88460.8747594,5.329799998435192
1,22,completed,88460.8694313,88460.8729491,88460.8766926,7.26129999384284
0,23,completed,88460.9041611,88460.9071344,88460.9091129,4.951800001435913
1,23,completed,88460.9041558,88460.9072008,88460.9112572,7.1013999986462295
0,24,completed,88460.9320477,88460.9347518,88460.9367235,4.675799995311536
1,24,completed,88460.9320475,88460.9347685,88460.9389431,6.895600003190339
1,25,completed,88460.9666648,88460.969311,88460.9712908,4.625999994459562
0,25,completed,88460.9666659,88460.9696264,88460.9732054,6.539499998325482
0,26,completed,88461.0017057,88461.0045062,88461.0066363,4.930600000079721
1,26,completed,88461.0017225,88461.0047584,88461.0088317,7.109199999831617
0,27,completed,88461.0304949,88461.0330164,88461.0350456,4.55070000316482
1,27,completed,88461.0304888,88461.0331301,88461.037594,7.105199998477474
0,28,completed,88461.0640418,88461.0675437,88461.0695411,5.499300008523278
1,28,completed,88461.0641776,88461.0676201,88461.0718255,7.647899998119101
1,29,completed,88461.0987055,88461.1016154,88461.1035691,4.863599999225698
0,29,completed,88461.0987051,88461.1016999,88461.1055086,6.80350000038743
0,30,completed,88461.133382,88461.1363716,88461.1384125,5.030500004068017
1,30,completed,88461.1334307,88461.1365115,88461.1408177,7.386999990558252
0,31,completed,88461.1682674,88461.1708472,88461.1728095,4.542099995887838
1,31,completed,88461.1682685,88461.171426,88461.174777,6.508499995106831
1,32,completed,88461.2028526,88461.2037708,88461.2045277,1.675099993008189
0,32,completed,88461.2028474,88461.2038107,88461.2053108,2.4634000001242384
0,33,completed,88461.2306814,88461.2316847,88461.2328416,2.1601999906124547
1,33,completed,88461.2307267,88461.2317795,88461.2333604,2.633700001752004
0,34,completed,88461.2654655,88461.2665999,88461.2679733,2.507800003513694
1,34,completed,88461.2654653,88461.2666703,88461.2687076,3.242299993871711
1,35,completed,88461.3062342,88461.3072926,88461.308454,2.2197999933268875
0,35,completed,88461.3062273,88461.3073135,88461.309826,3.598700001020916
0,36,completed,88461.3433491,88461.3443338,88461.3451584,1.8092999962391332
1,36,completed,88461.3433489,88461.344423,88461.3458119,2.462999997078441
0,37,completed,88461.3746788,88461.3754581,88461.376412,1.7331999988527969
1,37,completed,88461.3746793,88461.375528,88461.3771136,2.43429999682121
1,38,completed,88461.4064907,88461.4072408,88461.4079132,1.422500004991889
0,38,completed,88461.4064957,88461.4073232,88461.4085428,2.0471000025281683
0,39,completed,88461.4375382,88461.4383849,88461.4390197,1.4815000031376258
1,39,completed,88461.437541,88461.4385315,88461.4395441,2.003099987632595
0,40,completed,88461.4685016,88461.4691111,88461.4697156,1.2140000035287812
1,40,completed,88461.468491,88461.4692564,88461.4702357,1.7446999991079792
0,41,completed,88461.4994629,88461.5001405,88461.5008239,1.361000002361834
1,41,completed,88461.4994729,88461.5003438,88461.5013625,1.8895999965025112
0,42,completed,88461.5456491,88461.5465176,88461.5472234,1.5743000112706795
1,42,completed,88461.5456498,88461.5465806,88461.5478215,2.1717000054195523
0,43,completed,88461.5767979,88461.577583,88461.5783547,1.5568000089842826
1,43,completed,88461.5768111,88461.5777074,88461.578947,2.135899994755164
0,44,completed,88461.6058403,88461.6069142,88461.6079895,2.149199994164519
1,44,completed,88461.6058417,88461.6069728,88461.6088815,3.039799994439818
1,45,completed,88461.6366811,88461.6374773,88461.638325,1.6439000028185546
0,45,completed,88461.6366916,88461.637465,88461.6389444,2.25279999722261
1,46,completed,88461.6692873,88461.6701491,88461.6710382,1.7509000026620924
0,46,completed,88461.6692804,88461.670257,88461.6719243,2.643899992108345
0,47,completed,88461.6994602,88461.7006186,88461.7018057,2.345499990042299
1,47,completed,88461.6994596,88461.7009867,88461.7031596,3.700000001117587
0,48,completed,88461.7305197,88461.7314715,88461.7325815,2.061799998045899
1,48,completed,88461.7305771,88461.7317639,88461.7335161,2.9389999981503934
0,49,completed,88461.7703846,88461.7726718,88461.7747558,4.371200004243292
1,49,completed,88461.7707044,88461.7733367,88461.7763702,5.665799995767884
0,50,completed,88461.8113565,88461.8126273,88461.8146971,3.340600000228733
1,50,completed,88461.8113564,88461.8127371,88461.8163184,4.962000006344169
1,51,completed,88461.8414911,88461.8430096,88461.8450297,3.5385999944992363
0,51,completed,88461.8418881,88461.8436888,88461.846896,5.00790000660345
0,52,completed,88461.8649424,88461.8663739,88461.8682042,3.2617999968351796
1,52,completed,88461.864923,88461.866335,88461.8702624,5.339399998774752
0,53,completed,88461.9119186,88461.9134511,88461.9147235,2.8048999956808984
1,53,completed,88461.9122144,88461.9135619,88461.9158743,3.6599000013666227
1,54,completed,88461.9356493,88461.9368299,88461.9382207,2.5714000075822696
0,54,completed,88461.9358924,88461.9370432,88461.9395296,3.637200003140606
0,55,completed,88461.969034,88461.9707006,88461.9734252,4.391200011014007
1,55,completed,88461.9699711,88461.9721209,88461.9753325,5.361400006222539
0,56,completed,88462.0018853,88462.0028765,88462.0042935,2.408200001809746
1,56,completed,88462.0019785,88462.0033719,88462.0052066,3.228100002161227
0,57,completed,88462.0361796,88462.0375477,88462.0390942,2.914599986979738
1,57,completed,88462.0361653,88462.0376244,88462.0400777,3.9124000031733885
0,58,completed,88462.0654863,88462.0664414,88462.0676313,2.1450000058393925
1,58,completed,88462.065487,88462.0666356,88462.0685248,3.0377999937627465
0,59,completed,88462.0994201,88462.1013442,88462.1027261,3.3059999987017363
1,59,completed,88462.0994309,88462.1013981,88462.1040774,4.646500005037524
0,60,completed,88462.1332119,88462.1342081,88462.1352955,2.083600003970787
1,60,completed,88462.133212,88462.1343053,88462.1362623,3.050300001632422
0,61,completed,88462.1680053,88462.1692542,88462.1704339,2.4285999970743433
1,61,completed,88462.1680055,88462.1693545,88462.171861,3.8554999919142574
0,62,completed,88462.20279,88462.2039686,88462.2060352,3.2452000014018267
1,62,completed,88462.2027864,88462.2039519,88462.2068141,4.02770000800956
0,63,completed,88462.2373266,88462.2383538,88462.2395601,2.23349999578204
1,63,completed,88462.2373273,88462.2385046,88462.2402135,2.88620000355877
0,64,completed,88462.2652624,88462.2663557,88462.2674855,2.223099989350885
1,64,completed,88462.265164,88462.2665256,88462.268434,3.2700000010663643
0,65,completed,88462.2998792,88462.3009251,88462.3017285,1.8492999952286482
1,65,completed,88462.299886,88462.3009916,88462.3024888,2.6028000138467178
0,66,completed,88462.3345798,88462.3355385,88462.3364582,1.878400013083592
1,66,completed,88462.3345798,88462.3355181,88462.3372638,2.6840000064112246
0,67,completed,88462.3693322,88462.3702795,88462.3711348,1.8026000034296885
1,67,completed,88462.3693325,88462.370333,88462.372076,2.743499993812293
0,68,completed,88462.3970159,88462.3979035,88462.3987943,1.7783999937819317
1,68,completed,88462.397016,88462.3980505,88462.3995604,2.5443999911658466
1,69,completed,88462.4393205,88462.4406385,88462.4419812,2.660700003616512
0,69,completed,88462.4393684,88462.4406353,88462.4428008,3.4324000007472932
0,70,completed,88462.467177,88462.4682546,88462.4696134,2.4363999982597306
1,70,completed,88462.4671786,88462.4684193,88462.4705672,3.388600001926534
0,71,completed,88462.5039319,88462.5049203,88462.5059557,2.0237999997334555
1,71,completed,88462.5039326,88462.504992,88462.507084,3.151400000206195
1,72,completed,88462.536327,88462.5378141,88462.5390486,2.7216000016778708
0,72,completed,88462.5363677,88462.5378381,88462.5401067,3.739000007044524
0,73,completed,88462.5662741,88462.5676044,88462.569819,3.544899998814799
1,73,completed,88462.5668833,88462.5691866,88462.5712388,4.355500001111068
0,74,completed,88462.6012336,88462.6021942,88462.60346,2.226399999926798
1,74,completed,88462.6014208,88462.6025062,88462.6047321,3.3112999954028055
0,75,completed,88462.6406096,88462.6416405,88462.6429552,2.3456000053556636
1,75,completed,88462.6406101,88462.6418012,88462.6438246,3.214500000467524
0,76,completed,88462.6661743,88462.666944,88462.6679411,1.7667999927653
1,76,completed,88462.6661851,88462.6670421,88462.6690251,2.8400000010151416
0,77,completed,88462.7035621,88462.7046353,88462.7057257,2.163600001949817
1,77,completed,88462.7035624,88462.7048286,88462.7064656,2.90320000203792
0,78,completed,88462.7378234,88462.7386748,88462.7396143,1.7908999870996922
1,78,completed,88462.7378241,88462.7388377,88462.7402852,2.461099997162819
0,79,completed,88462.7702253,88462.7710821,88462.7720089,1.7836000042734668
1,79,completed,88462.770226,88462.7711452,88462.7728612,2.635200013173744
0,80,completed,88462.8002577,88462.8011266,88462.8022477,1.9900000042980537
1,80,completed,88462.80047,88462.8013827,88462.8029584,2.4884000013116747
0,81,completed,88462.8351946,88462.8362117,88462.8373905,2.195900000515394
1,81,completed,88462.835253,88462.8363722,88462.8381663,2.913300006184727
0,82,completed,88462.8789,88462.8795736,88462.8803517,1.451700009056367
1,82,completed,88462.8789106,88462.8796978,88462.8808613,1.9506999960867688
0,83,completed,88462.9013156,88462.9023997,88462.9034168,2.101200007018633
1,83,completed,88462.9013162,88462.902505,88462.9044937,3.1774999952176586
0,84,completed,88462.9312227,88462.9322983,88462.9339701,2.7473999944049865
1,84,completed,88462.9311877,88462.9324491,88462.9350439,3.8561999972444028
0,85,completed,88462.9712095,88462.9724824,88462.9742211,3.0115999979898334
1,85,completed,88462.9712377,88462.9726909,88462.9755874,4.349700000602752
0,86,completed,88462.9984064,88462.999736,88463.002056,3.649599995696917
1,86,completed,88462.9982652,88462.9996899,88463.0033313,5.066099998657592
0,87,completed,88463.0348269,88463.0358455,88463.0376258,2.798900008201599
1,87,completed,88463.0348234,88463.0359448,88463.038784,3.9606000063940883
0,88,completed,88463.0784738,88463.0803315,88463.0818341,3.3603000047151
1,88,completed,88463.0785527,88463.080336,88463.0826868,4.134100003284402
0,89,completed,88463.0993742,88463.1004883,88463.1017453,2.3710999957984313
1,89,completed,88463.0998455,88463.1009843,88463.1025169,2.6714000123320147
0,90,completed,88463.1460694,88463.1474462,88463.1484622,2.39280000096187
1,90,completed,88463.1460695,88463.1474657,88463.1492125,3.1429999944521114
0,91,completed,88463.1695599,88463.1707008,88463.1717192,2.159300012863241
1,91,completed,88463.169561,88463.1706648,88463.1724839,2.922899991972372
1,92,completed,88463.2030885,88463.2040245,88463.2048209,1.7324000073131174
0,92,completed,88463.203088,88463.2040067,88463.2053868,2.2987999982433394
0,93,completed,88463.2379238,88463.2389373,88463.2398622,1.938400004291907
1,93,completed,88463.2379236,88463.2389645,88463.2404974,2.5737999967532232
0,94,completed,88463.2732247,88463.2743176,88463.2756879,2.4631999986013398
1,94,completed,88463.2731886,88463.2748035,88463.2764681,3.279500000644475
1,95,completed,88463.3072994,88463.3090366,88463.3105032,3.2038000063039362
0,95,completed,88463.3073013,88463.309037,88463.3117108,4.409500004840083
1,96,completed,88463.3366922,88463.3378358,88463.3385744,1.8821999983629212
0,96,completed,88463.3366793,88463.3377784,88463.3393088,2.6294999988749623
0,97,completed,88463.3712314,88463.3722174,88463.3733918,2.1604000066872686
1,97,completed,88463.3712315,88463.3723229,88463.3740739,2.8424000047380105
0,98,completed,88463.3993335,88463.4002111,88463.401268,1.9345000036992133
1,98,completed,88463.3995051,88463.4005414,88463.40202,2.514899999368936
1,99,completed,88463.4345477,88463.4358675,88463.4369028,2.3550999903818592
0,99,completed,88463.4346487,88463.4358672,88463.4387394,4.090699992957525
0,100,completed,88463.467209,88463.4682669,88463.4695326,2.323599997907877
1,100,completed,88463.4672104,88463.4684466,88463.4702379,3.027499988093041
1,101,completed,88463.501891,88463.5031749,88463.5042579,2.3668999929213896
0,101,completed,88463.5021741,88463.5032768,88463.5051361,2.961999998660758
0,102,completed,88463.5366099,88463.53782,88463.5391593,2.549400000134483
1,102,completed,88463.53682,88463.5381251,88463.5402375,3.417500003706664
0,103,completed,88463.5662586,88463.5671807,88463.5681869,1.9283000001451
1,103,completed,88463.5662587,88463.5673991,88463.5690235,2.764799995929934
0,104,completed,88463.5991566,88463.6001805,88463.6012808,2.1241999929770827
1,104,completed,88463.5991574,88463.6003674,88463.6021691,3.0116999987512827
0,105,completed,88463.6337353,88463.6347899,88463.6356911,1.9558000058168545
1,105,completed,88463.6337533,88463.634919,88463.6365253,2.7719999925466254
0,106,completed,88463.6683782,88463.6692226,88463.670199,1.8207999964943156
1,106,completed,88463.6683729,88463.669394,88463.6709955,2.6225999899907038
0,107,completed,88463.70304,88463.7039286,88463.7047729,1.732900011120364
1,107,completed,88463.7030402,88463.7041073,88463.7056052,2.5650000025052577
0,108,completed,88463.7311562,88463.7321286,88463.7329511,1.7949000030057505
1,108,completed,88463.731151,88463.7321969,88463.7336484,2.497399997082539
0,109,completed,88463.766961,88463.7679351,88463.7689245,1.9634999916888773
1,109,completed,88463.7669647,88463.7680968,88463.7699328,2.968100001453422
0,110,completed,88463.811968,88463.8128404,88463.8136362,1.6681999986758456
1,110,completed,88463.8119631,88463.8129088,88463.8146852,2.7221000054851174
0,111,completed,88463.8314346,88463.8324504,88463.8331521,1.7174999957205728
1,111,completed,88463.8314352,88463.8324217,88463.8339829,2.5477000017417595
0,112,completed,88463.868867,88463.8701283,88463.8712295,2.3625000030733645
1,112,completed,88463.868865,88463.8701325,88463.8723535,3.4885000059148297
0,113,completed,88463.8977966,88463.8985802,88463.8995608,1.7642000020714477
1,113,completed,88463.9075289,88463.908223,88463.909146,1.6171000024769455
0,114,completed,88463.9321124,88463.9330839,88463.9340758,1.9634000054793432
1,114,completed,88463.9321151,88463.9334793,88463.9354356,3.3204999926965684
0,115,completed,88463.9659596,88463.9669827,88463.9679816,2.0220000005792826
1,115,completed,88463.9659587,88463.9671944,88463.9691364,3.1776999967405573
1,116,completed,88463.9966659,88463.997442,88463.9985955,1.9295999954920262
0,116,completed,88464.001739,88464.0026625,88464.0039631,2.2240999969653785
0,117,completed,88464.0429781,88464.0440589,88464.0451575,2.1794000058434904
1,117,completed,88464.0432242,88464.0443402,88464.0464059,3.1816999980947003
0,118,completed,88464.0716149,88464.0726868,88464.0734758,1.86089999624528
1,118,completed,88464.0715147,88464.0726898,88464.0742251,2.7104000037070364
0,119,completed,88464.0988104,88464.099742,88464.1007357,1.9253000064054504
1,119,completed,88464.098912,88464.0999132,88464.1013747,2.462699994794093
0,120,completed,88464.1336135,88464.1347078,88464.1358212,2.2077000030549243
1,120,completed,88464.1336567,88464.1348234,88464.1366331,2.976400006446056
0,121,completed,88464.1716956,88464.1724886,88464.173519,1.823400001740083
1,121,completed,88464.1716917,88464.1726045,88464.1743132,2.6214999961666763
0,122,completed,88464.2119042,88464.2126905,88464.2137237,1.8195000011473894
1,122,completed,88464.211938,88464.2128873,88464.2144619,2.5239000096917152
0,123,completed,88464.2306191,88464.2316686,88464.232978,2.358900004765019
1,123,completed,88464.2306319,88464.2317328,88464.2338335,3.201599989552051
1,124,completed,88464.2704087,88464.2712593,88464.2721832,1.774499993189238
0,124,completed,88464.2704092,88464.2712578,88464.2731486,2.7393999916967005
0,125,completed,88464.30035,88464.3013245,88464.302579,2.2289999906206504
1,125,completed,88464.3004304,88464.301642,88464.3034852,3.0547999922418967
0,126,completed,88464.3352436,88464.3363586,88464.3378855,2.6419000059831887
1,126,completed,88464.3353125,88464.3365182,88464.3394129,4.1003999940585345
0,127,completed,88464.3695053,88464.3705311,88464.3718782,2.3729000095045194
1,127,completed,88464.369537,88464.3706532,88464.3727313,3.19429999217391
0,128,completed,88464.3979232,88464.3992288,88464.4005963,2.673099996172823
1,128,completed,88464.3979079,88464.399294,88464.4015605,3.652600003988482
1,129,completed,88464.4358812,88464.4368207,88464.4377565,1.8753000040305778
0,129,completed,88464.4358794,88464.4368343,88464.4385132,2.6338000025134534
1,130,completed,88464.4699716,88464.4708106,88464.4717258,1.7541999986860901
0,130,completed,88464.4699727,88464.4710201,88464.4723216,2.3489000013796613
0,131,completed,88464.5018534,88464.502975,88464.5040763,2.2229000023799017
1,131,completed,88464.5018726,88464.5030587,88464.5053676,3.4949999972013757
1,132,completed,88464.5364758,88464.5377163,88464.5390704,2.594599995063618
0,132,completed,88464.5365636,88464.5377953,88464.5401627,3.599099989514798
0,133,completed,88464.5781062,88464.5789998,88464.5803831,2.276899991557002
1,133,completed,88464.5781061,88464.5792237,88464.5812388,3.132700003334321
0,134,completed,88464.609636,88464.6107205,88464.6121362,2.500200003851205
1,134,completed,88464.6096424,88464.6109172,88464.6135771,3.934699998353608
0,135,completed,88464.6399404,88464.6408073,88464.6419526,2.0121999987168238
1,135,completed,88464.6399382,88464.6410337,88464.6429434,3.0052000074647367
0,136,completed,88464.665423,88464.6666844,88464.6676876,2.26459999976214
1,136,completed,88464.6654326,88464.6667546,88464.6686172,3.184600005624816
0,137,completed,88464.7125219,88464.7133451,88464.7143355,1.8135999998776242
1,137,completed,88464.7125366,88464.7135546,88464.715108,2.5714000075822696
0,138,completed,88464.7445485,88464.7452325,88464.7460512,1.5026999899419025
1,138,completed,88464.7445308,88464.7453777,88464.7467445,2.2136999905342236
0,139,completed,88464.7776381,88464.7783131,88464.7791917,1.553599999169819
1,139,completed,88464.7776385,88464.7784161,88464.779921,2.2824999905424193
0,140,completed,88464.8079455,88464.8086449,88464.8094565,1.5110000094864517
1,140,completed,88464.8079537,88464.8088072,88464.8102717,2.31799999892246
0,141,completed,88464.8410642,88464.8421204,88464.843061,1.996800012420863
1,141,completed,88464.8410395,88464.8421406,88464.8439863,2.9467999993357807
0,142,completed,88464.8752161,88464.8763708,88464.8777992,2.5830999948084354
1,142,completed,88464.8752304,88464.8767083,88464.878966,3.735600010259077
0,143,completed,88464.8970742,88464.8979722,88464.898934,1.8598000024212524
1,143,completed,88464.8970654,88464.8980553,88464.8996712,2.605799993034452
0,144,completed,88464.9430509,88464.9439527,88464.9447098,1.6589000006206334
1,144,completed,88464.9430496,88464.9440251,88464.9454405,2.390900001046248
1,145,completed,88464.9743237,88464.9754002,88464.9765118,2.1881000138819218
0,145,completed,88464.9743746,88464.9754779,88464.9778117,3.4370999928796664
1,146,completed,88465.0044359,88465.0056269,88465.0067163,2.2804000036558136
0,146,completed,88465.0044448,88465.005664,88465.0075178,3.072999999858439
0,147,completed,88465.041557,88465.0423579,88465.0431962,1.6391999961342663
1,147,completed,88465.0415562,88465.0423908,88465.0440362,2.4799999955575913
0,148,completed,88465.0725559,88465.0734781,88465.0744428,1.8869000050472096
1,148,completed,88465.0725624,88465.0735553,88465.0753892,2.8268000023672357
0,149,completed,88465.1052632,88465.1061187,88465.1071432,1.879999996162951
1,149,completed,88465.1053212,88465.106229,88465.1079717,2.6504999987082556
0,150,completed,88465.1363829,88465.1376236,88465.1388752,2.4923000019043684
1,150,completed,88465.1363822,88465.1377172,88465.1400362,3.6540000000968575
1,151,completed,88465.1788685,88465.1796689,88465.1804199,1.5513999969698489
0,151,completed,88465.1788978,88465.1797054,88465.1811179,2.2201000101631507
1,152,completed,88465.1976362,88465.1994472,88465.2010062,3.3700000058161095
0,152,completed,88465.1976353,88465.1994214,88465.2026334,4.9980999901890755
1,153,completed,88465.2378017,88465.2388153,88465.2399506,2.148899991880171
0,153,completed,88465.2377951,88465.2389,88465.2409432,3.148100004182197
0,154,completed,88465.2712389,88465.2721309,88465.2733123,2.073400013614446
1,154,completed,88465.2712385,88465.2722944,88465.2743959,3.1574000022374094
0,155,completed,88465.3021203,88465.3028456,88465.3037481,1.6278000111924484
1,155,completed,88465.3021336,88465.303035,88465.3046281,2.4945000041043386
0,156,completed,88465.3381534,88465.3391532,88465.3401827,2.0293000125093386
1,156,completed,88465.3381353,88465.3391744,88465.3410407,2.9054000042378902
0,157,completed,88465.3759734,88465.376971,88465.3781774,2.203999989433214
1,157,completed,88465.3759608,88465.3771005,88465.3794052,3.4444000048097223
0,158,completed,88465.4070013,88465.4079486,88465.409402,2.4007000029087067
1,158,completed,88465.4070168,88465.408227,88465.4108937,3.876899994793348
0,159,completed,88465.4454477,88465.4462868,88465.4470851,1.6373999969800934
1,159,completed,88465.4454298,88465.4463519,88465.4477889,2.3590999917360023
0,160,completed,88465.475799,88465.4765321,88465.4773722,1.5731999883428216
1,160,completed,88465.4758029,88465.476638,88465.4780505,2.24760000128299
1,161,completed,88465.5075997,88465.5084511,88465.509183,1.5833000070415437
0,161,completed,88465.5076465,88465.5084363,88465.5099679,2.321399995707907
1,162,completed,88465.5387794,88465.5395466,88465.5403556,1.5761999966343865
0,162,completed,88465.538809,88465.5395677,88465.5411279,2.3188999912235886
0,163,completed,88465.5705462,88465.5715789,88465.5723733,1.827100000809878
1,163,completed,88465.5705859,88465.5716531,88465.5732031,2.6171999925281852
1,164,completed,88465.6108278,88465.611507,88465.6121344,1.3065999955870211
0,164,completed,88465.6108302,88465.6114928,88465.61264,1.8098000000463799
0,165,completed,88465.6413365,88465.6420053,88465.6427119,1.3753999955952168
1,165,completed,88465.6414261,88465.6421646,88465.6433537,1.9275999948149547
1,166,completed,88465.6743609,88465.6750962,88465.6757329,1.3719999988097697
0,166,completed,88465.6743614,88465.6751584,88465.6762617,1.9003000052180141
0,167,completed,88465.6985825,88465.6993235,88465.7000299,1.447400005417876
1,167,completed,88465.6985822,88465.6993667,88465.7007388,2.1566000068560243
0,168,completed,88465.7322399,88465.7331015,88465.7337474,1.5074999973876402
1,168,completed,88465.73224,88465.7331551,88465.7342964,2.0564000005833805
0,169,completed,88465.7640354,88465.764785,88465.7655206,1.4852000022074208
1,169,completed,88465.7640321,88465.7648743,88465.7663134,2.2812999959569424
0,170,completed,88465.8028181,88465.8034855,88465.8042521,1.4340000052470714
1,170,completed,88465.8028207,88465.8036629,88465.8049509,2.1301999950082973
0,171,completed,88465.834825,88465.835581,88465.8363252,1.5002000000094995
1,171,completed,88465.8348366,88465.8356394,88465.8368623,2.0256999996490777
0,172,completed,88465.8673202,88465.8678993,88465.8685371,1.2168999965069816
1,172,completed,88465.8672787,88465.8680528,88465.8691838,1.9050999981118366
1,173,completed,88465.9042238,88465.9050398,88465.9058459,1.6220999968936667
0,173,completed,88465.9042871,88465.9051079,88465.9064226,2.1355000062612817
0,174,completed,88465.932098,88465.9329996,88465.9337936,1.6955999890342355
1,174,completed,88465.9320943,88465.933034,88465.9344306,2.336299992748536
1,175,completed,88465.965575,88465.9672689,88465.9693097,3.734700003406033
0,175,completed,88465.9655746,88465.9679963,88465.9708253,5.250699992757291
0,176,completed,88466.0054085,88466.0065251,88466.0074018,1.9933000003220513
1,176,completed,88466.0054085,88466.0065777,88466.0083856,2.977099997224286
0,177,completed,88466.0391542,88466.0402981,88466.0413195,2.1653000003425404
1,177,completed,88466.0391561,88466.0403799,88466.042196,3.0398999952012673
1,178,completed,88466.069252,88466.071264,88466.0728962,3.6441999982343987
0,178,completed,88466.0692577,88466.0714012,88466.074105,4.8473000060766935
0,179,completed,88466.0984857,88466.0994116,88466.1006098,2.1241000067675486
1,179,completed,88466.0984872,88466.0996093,88466.1016702,3.1830000079935417
0,180,completed,88466.1346571,88466.1360128,88466.1367718,2.114699993398972
1,180,completed,88466.1346575,88466.1360594,88466.1374464,2.7888999902643263
0,181,completed,88466.1681738,88466.1691587,88466.1704917,2.3178999981610104
1,181,completed,88466.1681739,88466.1692219,88466.171104,2.9300999885890633
0,182,completed,88466.2024654,88466.2032968,88466.2041844,1.7190000071423128
1,182,completed,88466.2024648,88466.2034807,88466.2053954,2.930600006948225
0,183,completed,88466.2372491,88466.2380468,88466.2390808,1.8317000067327172
1,183,completed,88466.2372871,88466.2382785,88466.2400561,2.768999998806976
0,184,completed,88466.2634623,88466.2641131,88466.2651507,1.6883999924175441
1,184,completed,88466.2634636,88466.2642106,88466.2660367,2.573100005974993
1,185,completed,88466.2996975,88466.3007115,88466.3021523,2.4548000073991716
0,185,completed,88466.2996973,88466.3012103,88466.3037928,4.095500000403263
1,186,completed,88466.3449432,88466.3458222,88466.3465644,1.6211999900406227
0,186,completed,88466.3449025,88466.3458433,88466.3471922,2.289700001711026
1,187,completed,88466.3681671,88466.3691729,88466.3700942,1.9271000055596232
0,187,completed,88466.3681752,88466.3692824,88466.3708786,2.7034000086132437
1,188,completed,88466.4041974,88466.4053541,88466.4066034,2.405999999609776
0,188,completed,88466.4043585,88466.4055431,88466.4075506,3.19209998997394
0,189,completed,88466.4319717,88466.4331501,88466.43424,2.2682999988319352
1,189,completed,88466.431951,88466.4332125,88466.435377,3.4259999956702814
0,190,completed,88466.4631621,88466.4641516,88466.4650243,1.8622000061441213
1,190,completed,88466.4631624,88466.4642374,88466.4659457,2.783299991278909
0,191,completed,88466.5012887,88466.502421,88466.5034559,2.1672000002581626
1,191,completed,88466.5012893,88466.5025537,88466.5043472,3.057900001294911
0,192,completed,88466.5359196,88466.5370169,88466.5382508,2.3311999975703657
1,192,completed,88466.5359287,88466.5370696,88466.5391216,3.1928999960655347
0,193,completed,88466.5687559,88466.5701394,88466.5717669,3.0109999934211373
1,193,completed,88466.5687552,88466.5702194,88466.5727248,3.9696000021649525
0,194,completed,88466.5984018,88466.5991429,88466.6002928,1.8909999926108867
1,194,completed,88466.5984065,88466.5993533,88466.6011541,2.7476000104798004
0,195,completed,88466.6331285,88466.6340374,88466.6349397,1.8111999961547554
1,195,completed,88466.6332586,88466.6342366,88466.6358157,2.557100000558421
0,196,completed,88466.6769308,88466.6777797,88466.6785086,1.5778000088175759
1,196,completed,88466.6769401,88466.6778814,88466.6790527,2.112599991960451
1,197,completed,88466.7025318,88466.7034714,88466.704309,1.7771999991964549
0,197,completed,88466.7025572,88466.7034511,88466.7051482,2.590999996755272
0,198,completed,88466.7373123,88466.7382698,88466.7391776,1.8653000006452203
1,198,completed,88466.7372862,88466.7383122,88466.740001,2.7147999935550615
0,199,completed,88466.7698458,88466.770482,88466.7711268,1.281000004382804
1,199,completed,88466.7698595,88466.7705514,88466.7717836,1.9240999972680584
0,200,completed,88466.7997792,88466.8005936,88466.8015393,1.7600999999558553
1,200,completed,88466.7997781,88466.8007239,88466.8024824,2.7043000009143725
0,201,completed,88466.8345487,88466.8354743,88466.8362994,1.7507000011391938
1,201,completed,88466.8345348,88466.8355069,88466.8373605,2.825699993991293
0,202,completed,88466.865652,88466.8666998,88466.8673155,1.6635000065434724
1,202,completed,88466.8656541,88466.8667634,88466.8678872,2.233100007288158
0,203,completed,88466.9039078,88466.9047825,88466.9056897,1.781899991328828
1,203,completed,88466.9038943,88466.9048208,88466.9066328,2.7384999993955716
0,204,completed,88466.9316281,88466.9325649,88466.9333257,1.697599989711307
1,204,completed,88466.9316282,88466.9326655,88466.9339765,2.3482999968109652
0,205,completed,88466.9711697,88466.9720088,88466.9729369,1.7671999958110973
1,205,completed,88466.9712164,88466.9722476,88466.9740324,2.8160000074421987
0,206,completed,88467.0012106,88467.0020847,88467.0029162,1.705599992419593
1,206,completed,88467.0012108,88467.0022291,88467.0038432,2.632400006405078
1,207,completed,88467.0384531,88467.0391129,88467.0401003,1.6471999988425523
0,207,completed,88467.0392947,88467.0399138,88467.0407414,1.4467000000877306
0,208,completed,88467.0728115,88467.0735017,88467.074158,1.346500008367002
1,208,completed,88467.0728258,88467.0735499,88467.0747643,1.9385000050533563
1,209,completed,88467.0983711,88467.099349,88467.1000758,1.7047000001184642
0,209,completed,88467.0983718,88467.0993334,88467.100835,2.4631999986013398
0,210,completed,88467.1351834,88467.1360221,88467.136879,1.6956000035861507
1,210,completed,88467.1351832,88467.1361301,88467.1376669,2.4837000091793016
0,211,completed,88467.1691522,88467.1700037,88467.1707297,1.5774999919813126
1,211,completed,88467.1691528,88467.1701597,88467.1713492,2.1964000043226406
0,212,completed,88467.2041068,88467.2050251,88467.2057581,1.6513000009581447
1,212,completed,88467.2041069,88467.2051011,88467.2063826,2.2756999969715253
1,213,completed,88467.2319532,88467.2330065,88467.2336747,1.7214999970747158
0,213,completed,88467.2319529,88467.2330044,88467.2342699,2.3170000058598816
0,214,completed,88467.2667441,88467.2677782,88467.2687487,2.004599999054335
1,214,completed,88467.2667443,88467.2678882,88467.2694605,2.7162000042153522
0,215,completed,88467.3094706,88467.3103184,88467.3111248,1.6542000084882602
1,215,completed,88467.3094552,88467.3103861,88467.3117715,2.3163000005297363
0,216,completed,88467.3358691,88467.3366331,88467.3373495,1.480399994761683
1,216,completed,88467.3358602,88467.3367732,88467.3379595,2.099300007103011
0,217,completed,88467.369339,88467.3702056,88467.3710411,1.702100009424612
1,217,completed,88467.3693196,88467.3701984,88467.3717871,2.467500002239831
0,218,completed,88467.3982656,88467.3990111,88467.3996931,1.4274999994086102
1,218,completed,88467.3982709,88467.3991577,88467.4002403,1.9694000075105578
0,219,completed,88467.4353112,88467.4361214,88467.4367602,1.44900000304915
1,219,completed,88467.4353116,88467.4361785,88467.4374307,2.1190999977989122
0,220,completed,88467.4667487,88467.4678404,88467.4693129,2.564199996413663
1,220,completed,88467.4667478,88467.4679112,88467.4711034,4.355600001872517
1,221,completed,88467.4996277,88467.5006039,88467.5016636,2.0358999900054187
0,221,completed,88467.499628,88467.5006603,88467.5025905,2.9624999879160896
1,222,completed,88467.5364622,88467.5378874,88467.5393023,2.840100001776591
0,222,completed,88467.5363147,88467.5379738,88467.5403427,4.027999995741993
0,223,completed,88467.5777859,88467.5797429,88467.5818906,4.104700012248941
1,223,completed,88467.5777406,88467.5797435,88467.5834796,5.73900000017602
0,224,completed,88467.5989147,88467.6002993,88467.6022215,3.306800004793331
1,224,completed,88467.5988218,88467.6003426,88467.6037507,4.928900001686998
0,225,completed,88467.633252,88467.634486,88467.6357861,2.5341000000480562
1,225,completed,88467.6332497,88467.6345668,88467.6365604,3.3107000053860247
1,226,completed,88467.6710918,88467.6720453,88467.6727182,1.6264000005321577
0,226,completed,88467.6711151,88467.672044,88467.6734305,2.3153999936766922
0,227,completed,88467.7034746,88467.7044673,88467.7056532,2.1785999997518957
1,227,completed,88467.7034741,88467.7046537,88467.7063689,2.894800010835752
1,228,completed,88467.7338326,88467.7345858,88467.7351813,1.348699996015057
0,228,completed,88467.7338249,88467.7346047,88467.7358466,2.0216999982949346
0,229,completed,88467.766934,88467.7676838,88467.7684888,1.5547999937552959
1,229,completed,88467.7669342,88467.7677313,88467.7690427,2.108500004396774
0,230,completed,88467.7996696,88467.8005637,88467.8015581,1.8885000026784837
1,230,completed,88467.7996696,88467.8006495,88467.8022028,2.533199993195012
0,231,completed,88467.8415397,88467.8426683,88467.8437635,2.2237999946810305
1,231,completed,88467.8415441,88467.8426857,88467.8444333,2.8891999972984195
0,232,completed,88467.8668619,88467.8675522,88467.868582,1.7201000009663403
1,232,completed,88467.8668688,88467.8677203,88467.8695763,2.707499996176921
0,233,completed,88467.9052003,88467.9060814,88467.9070797,1.8794000061461702
1,233,completed,88467.9051991,88467.9061057,88467.9077048,2.505700002075173
0,234,completed,88467.9330332,88467.933904,88467.93472,1.6868000093381852
1,234,completed,88467.9330354,88467.9340791,88467.9352571,2.221700007794425
0,235,completed,88467.9756722,88467.9766855,88467.9778567,2.184500001021661
1,235,completed,88467.9756619,88467.9767332,88467.9787325,3.0706000106874853
0,236,completed,88468.0023715,88468.003154,88468.0038594,1.4879000082146376
1,236,completed,88468.0023725,88468.0032037,88468.0044501,2.077599987387657
1,237,completed,88468.0357814,88468.036629,88468.0374562,1.6748000052757561
0,237,completed,88468.0358101,88468.0366866,88468.0381102,2.3000999935902655
0,238,completed,88468.0716659,88468.0723283,88468.0729583,1.292400003876537
1,238,completed,88468.0716659,88468.0723746,88468.073507,1.8410999909974635
0,239,completed,88468.0983108,88468.0990843,88468.0998261,1.5153000131249428
1,239,completed,88468.0983121,88468.0991433,88468.1004196,2.1074999967822805
0,240,completed,88468.1330093,88468.1344723,88468.1352083,2.198999995016493
1,240,completed,88468.1329986,88468.1344547,88468.1357697,2.7711000002454966
0,241,completed,88468.165109,88468.165741,88468.1663631,1.2541000032797456
1,241,completed,88468.165114,88468.1657899,88468.1668909,1.7768999969121069
0,242,completed,88468.202492,88468.2033987,88468.2042842,1.7921999969985336
1,242,completed,88468.2024922,88468.2035488,88468.2048736,2.381400001468137
0,243,completed,88468.238572,88468.2393914,88468.2400832,1.5111999964574352
1,243,completed,88468.2385722,88468.2394404,88468.2406466,2.074399992125109
1,244,completed,88468.2649618,88468.2658679,88468.2665788,1.6170000017154962
0,244,completed,88468.2649555,88468.2658956,88468.2672968,2.3413000017171726
1,245,completed,88468.2996079,88468.3003606,88468.3016087,2.0007999992230907
0,245,completed,88468.2996068,88468.3002809,88468.3021877,2.5808999926084653
0,246,completed,88468.3355644,88468.3362613,88468.3368989,1.334500004304573
1,246,completed,88468.3355668,88468.3363492,88468.3374608,1.8940000009024516
1,247,completed,88468.367151,88468.3678681,88468.3684132,1.262200006749481
0,247,completed,88468.3671625,88468.3678186,88468.3688843,1.7217999993590638
0,248,completed,88468.4125271,88468.4131742,88468.4137428,1.2157000019215047
1,248,completed,88468.4125277,88468.4132176,88468.4142401,1.7124000005424023
0,249,completed,88468.4318054,88468.4327252,88468.4335186,1.7131999920820817
1,249,completed,88468.431817,88468.4327539,88468.4340848,2.2677999950246885
0,250,completed,88468.4757301,88468.4763175,88468.4769539,1.223799990839325
1,250,completed,88468.4757294,88468.4763697,88468.4775044,1.7749999969964847
0,251,completed,88468.5012487,88468.5019847,88468.5026666,1.41789999906905
1,251,completed,88468.5012495,88468.5020369,88468.5032461,1.996599996346049
1,252,completed,88468.5362386,88468.5375588,88468.5381931,1.9544999959180132
0,252,completed,88468.5362383,88468.5375494,88468.5387667,2.5284000003011897
0,253,completed,88468.5638478,88468.5645839,88468.5652538,1.4059999957680702
1,253,completed,88468.5638298,88468.5646135,88468.5658093,1.9794999971054494
0,254,completed,88468.5988189,88468.599801,88468.6004435,1.6246000013779849
1,254,completed,88468.5988192,88468.599828,88468.6009671,2.147900013369508
1,255,completed,88468.6358276,88468.6365338,88468.6371163,1.288700004806742
0,255,completed,88468.6358295,88468.6364923,88468.637602,1.7725000070640817
0,256,completed,88468.6657319,88468.66635,88468.6669686,1.236700001754798
1,256,completed,88468.6657153,88468.6664039,88468.6676571,1.941800001077354
0,257,completed,88468.7028786,88468.704009,88468.7048201,1.941499998793006
1,257,completed,88468.7029033,88468.7041957,88468.7054484,2.545099996495992
0,258,completed,88468.7340466,88468.7349292,88468.7356662,1.6195999924093485
1,258,completed,88468.7340001,88468.7349753,88468.7362395,2.2393999970518053
0,259,completed,88468.7648025,88468.765564,88468.766202,1.3995000044815242
1,259,completed,88468.7648025,88468.7656283,88468.7668064,2.003900008276105
0,260,completed,88468.8107566,88468.8114069,88468.812124,1.367400007438846
1,260,completed,88468.8107559,88468.8114963,88468.8127157,1.9597999926190823
1,261,completed,88468.8427409,88468.8435709,88468.8442192,1.4782999933231622
0,261,completed,88468.8427413,88468.8436038,88468.8447522,2.0109000033698976
0,262,completed,88468.8717608,88468.872716,88468.8736475,1.8867000035243109
1,262,completed,88468.8717966,88468.8727925,88468.8745947,2.7981000021100044
0,263,completed,88468.9046737,88468.9053237,88468.9059655,1.291799999307841
1,263,completed,88468.9046748,88468.9053738,88468.9064873,1.8125000060535967
0,264,completed,88468.9366061,88468.9372905,88468.9379253,1.319199989666231
1,264,completed,88468.936629,88468.9374584,88468.9384726,1.8435999954817817
0,265,completed,88468.96725,88468.968015,88468.9687062,1.4561999996658415
1,265,completed,88468.9672503,88468.9680394,88468.9693072,2.056899989838712
0,266,completed,88469.0010805,88469.0018319,88469.0025732,1.4927000011084601
1,266,completed,88469.0010806,88469.0019093,88469.003092,2.011399992625229
1,267,completed,88469.0441393,88469.0447391,88469.0453483,1.20900000911206
0,267,completed,88469.0441398,88469.0448639,88469.0461179,1.978100000997074
1,268,completed,88469.0764897,88469.0771949,88469.0779009,1.41119999170769
0,268,completed,88469.0765184,88469.0772668,88469.0785925,2.074099989840761
0,269,completed,88469.1071782,88469.1078469,88469.1087416,1.5633999864803627
1,269,completed,88469.1071641,88469.1078828,88469.1093395,2.1754000044893473
1,270,completed,88469.1383256,88469.139035,88469.1396519,1.3263000000733882
0,270,completed,88469.1383381,88469.1390499,88469.1403198,1.9816999993054196
0,271,completed,88469.1696875,88469.170367,88469.1711982,1.5106999926501885
1,271,completed,88469.1696959,88469.1704086,88469.1718806,2.1847000025445595
0,272,completed,88469.2007099,88469.2013214,88469.2020307,1.3208000018494204
1,272,completed,88469.2006979,88469.2013533,88469.2025512,1.8532999965827912
0,273,completed,88469.2318741,88469.2326728,88469.2334165,1.5424000011989847
1,273,completed,88469.2318636,88469.2327183,88469.2339211,2.057500008959323
0,274,completed,88469.2698175,88469.2704869,88469.2712817,1.4642000023741275
1,274,completed,88469.2698175,88469.2705349,88469.2719949,2.177400005166419
0,275,completed,88469.2999659,88469.3006362,88469.3014518,1.485899992985651
1,275,completed,88469.2999788,88469.3007076,88469.3019664,1.9876000005751848
0,276,completed,88469.3346151,88469.3354244,88469.3361276,1.5125000063562766
1,276,completed,88469.3346435,88469.3354882,88469.3366982,2.054700002190657
1,277,completed,88469.3666867,88469.3673511,88469.3680501,1.363400006084703
0,277,completed,88469.3666864,88469.3673785,88469.3687385,2.0520999969448894
1,278,completed,88469.3970953,88469.3976027,88469.3983489,1.253599999472499
0,278,completed,88469.4041717,88469.4049139,88469.4059734,1.8017000111285597
1,279,completed,88469.4334316,88469.434284,88469.4350005,1.5688999992562458
0,279,completed,88469.4336763,88469.4343758,88469.4358169,2.140600001439452
1,280,completed,88469.469706,88469.4703939,88469.4710575,1.3515000027837232
0,280,completed,88469.4697055,88469.4704548,88469.4718128,2.107299995259382
0,281,completed,88469.50133,88469.5020228,88469.5028194,1.4894000050844625
1,281,completed,88469.5013049,88469.5020456,88469.5033862,2.0813000010093674
0,282,completed,88469.536075,88469.5374727,88469.5383269,2.251900004921481
1,282,completed,88469.5360759,88469.537521,88469.5388624,2.7865000010933727
0,283,completed,88469.572126,88469.5727611,88469.5735276,1.401600005920045
1,283,completed,88469.5721262,88469.57281,88469.5740818,1.9556000042939559
0,284,completed,88469.5986397,88469.5996577,88469.6004684,1.8287000129930675
1,284,completed,88469.5986399,88469.5997241,88469.6010367,2.396800002316013
1,285,completed,88469.6332489,88469.6340812,88469.6347251,1.4761999918846413
0,285,completed,88469.6332721,88469.6340776,88469.6355202,2.2480999905383214
0,286,completed,88469.6772604,88469.6779608,88469.6786578,1.3974000030430034
1,286,completed,88469.6772798,88469.6779885,88469.6792371,1.9573000026866794
0,287,completed,88469.7028281,88469.7039679,88469.7046665,1.8383999995421618
1,287,completed,88469.7028276,88469.7040256,88469.7051952,2.367599998251535
0,288,completed,88469.7304434,88469.7311953,88469.7320801,1.6367000062018633
1,288,completed,88469.7304336,88469.73136,88469.7326912,2.2576000046683475
0,289,completed,88469.7726218,88469.7734763,88469.7740642,1.4423999964492396
1,289,completed,88469.7726218,88469.7734763,88469.7745896,1.9677999953273684
0,290,completed,88469.800073,88469.8010858,88469.801758,1.6849999956320971
1,290,completed,88469.80004,88469.8011116,88469.8022894,2.249400000437163
0,291,completed,88469.8347235,88469.8354861,88469.8361615,1.4380000066012144
1,291,completed,88469.8347152,88469.8356081,88469.8367073,1.9920999911846593
0,292,completed,88469.8715932,88469.8721954,88469.8727376,1.144399997428991
1,292,completed,88469.871575,88469.8722677,88469.8732217,1.6467000095872208
0,293,completed,88469.8971524,88469.8980475,88469.8987319,1.5795000072102994
1,293,completed,88469.8971529,88469.8981114,88469.8993256,2.1726999984821305
0,294,completed,88469.9339069,88469.9346545,88469.9353657,1.458800004911609
1,294,completed,88469.9339173,88469.9348209,88469.9360424,2.1250999998301268
0,295,completed,88469.9778836,88469.9785705,88469.9791987,1.3151000021025538
1,295,completed,88469.9778837,88469.9786396,88469.979705,1.8213000003015622
0,296,completed,88470.0013143,88470.0021734,88470.0030255,1.7112000059569255
1,296,completed,88470.0013148,88470.002284,88470.0036409,2.326100002392195
0,297,completed,88470.0362634,88470.037596,88470.0384244,2.1609999967040494
1,297,completed,88470.0362617,88470.0376842,88470.0391412,2.87949999619741
0,298,completed,88470.0720871,88470.0726826,88470.0733072,1.220100006321445
1,298,completed,88470.0720861,88470.0727317,88470.0738034,1.717299994197674
0,299,completed,88470.0986109,88470.0992658,88470.0999871,1.3762000016868114
1,299,completed,88470.0986383,88470.0994339,88470.1005164,1.8780999962473288
0,300,completed,88470.1332198,88470.1341915,88470.1349451,1.7252999969059601
1,300,completed,88470.1332426,88470.1342588,88470.1355532,2.3106000007828698
1,301,completed,88470.1717785,88470.172569,88470.1731769,1.3984000106574968
0,301,completed,88470.1717793,88470.1725398,88470.1737252,1.9459000031929463
1,302,completed,88470.209595,88470.2103951,88470.2111155,1.5205000090645626
0,302,completed,88470.209618,88470.2104169,88470.2116702,2.052200012258254
0,303,completed,88470.2374341,88470.2381667,88470.2388763,1.442200009478256
1,303,completed,88470.2374341,88470.2382512,88470.2393984,1.964299997780472
0,304,completed,88470.2694339,88470.2700412,88470.2706656,1.2316999927861616
1,304,completed,88470.2694336,88470.2700893,88470.2712031,1.7694999987725168
0,305,completed,88470.299922,88470.3006618,88470.3013384,1.41639998764731
1,305,completed,88470.2999224,88470.3007131,88470.3018645,1.942100003361702
0,306,completed,88470.3346511,88470.3354613,88470.3361971,1.5459999995073304
1,306,completed,88470.3346512,88470.3355467,88470.3367812,2.130000008037314
0,307,completed,88470.3679498,88470.3685365,88470.3694763,1.526499996543862
1,307,completed,88470.367951,88470.3686822,88470.3701788,2.2278000105870888
1,308,completed,88470.4041454,88470.4049152,88470.4056483,1.5029000060167164
0,308,completed,88470.4041452,88470.4049815,88470.4063593,2.214100008131936
0,309,completed,88470.4388676,88470.439741,88470.4407872,1.9196000066585839
1,309,completed,88470.4388644,88470.4398224,88470.4413763,2.511900005629286
0,310,completed,88470.4751704,88470.4757561,88470.4763697,1.1993000080110505
1,310,completed,88470.4751712,88470.4759279,88470.4769218,1.7506000003777444
0,311,completed,88470.5091275,88470.5099059,88470.510624,1.4965000009397045
1,311,completed,88470.5091106,88470.5099627,88470.5112027,2.0920999959344044
0,312,completed,88470.5371155,88470.5378091,88470.538455,1.339499998721294
1,312,completed,88470.5371051,88470.5378437,88470.5389922,1.8871000065701082
0,313,completed,88470.5725652,88470.5731505,88470.5737442,1.1789999989559874
1,313,completed,88470.572582,88470.5732125,88470.5742554,1.6734000091673806
0,314,completed,88470.5985935,88470.5994239,88470.6002656,1.6720999992685392
1,314,completed,88470.5986048,88470.5994936,88470.6009402,2.3354000004474074
0,315,completed,88470.6333466,88470.6341849,88470.6350162,1.669599994784221
1,315,completed,88470.633323,88470.6342734,88470.6356029,2.279899999848567
0,316,completed,88470.6760993,88470.6767812,88470.6773738,1.2744999985443428
1,316,completed,88470.6760932,88470.6768383,88470.6778913,1.7980999982682988
0,317,completed,88470.7027595,88470.703631,88470.7044521,1.692600009846501
1,317,completed,88470.7027596,88470.7036987,88470.7050105,2.2508999973069876
0,318,completed,88470.7304634,88470.7312664,88470.7324855,2.022100001340732
1,318,completed,88470.7304635,88470.7313565,88470.7330688,2.6052999892272055
0,319,completed,88470.7642277,88470.7650515,88470.766345,2.1172999986447394
1,319,completed,88470.7642344,88470.7650434,88470.7671349,2.900499996030703
0,320,completed,88470.8000158,88470.8011036,88470.8018703,1.854499991168268
1,320,completed,88470.8000216,88470.8011368,88470.8024724,2.4508000060450286
0,321,completed,88470.8442502,88470.8448974,88470.8455132,1.2629999982891604
1,321,completed,88470.8442505,88470.8449196,88470.8460067,1.7561999993631616
0,322,completed,88470.8650815,88470.8656969,88470.8663596,1.2780999968526885
1,322,completed,88470.8650905,88470.8657865,88470.8668937,1.8032000079983845
0,323,completed,88470.9061445,88470.9067783,88470.9074362,1.2916999985463917
1,323,completed,88470.9061523,88470.9068897,88470.9079579,1.8055999971693382
0,324,completed,88470.9319672,88470.9328069,88470.9337214,1.7541999986860901
1,324,completed,88470.9319631,88470.9329417,88470.9343389,2.3758000024827197
1,325,completed,88470.9704442,88470.9711355,88470.9717177,1.2735000054817647
0,325,completed,88470.9704437,88470.9711102,88470.9722057,1.7619999998714775
0,326,completed,88471.0086816,88471.0095968,88471.0104487,1.7671000096015632
1,326,completed,88471.0086841,88471.0097228,88471.0111264,2.442299999529496
0,327,completed,88471.0360289,88471.0368162,88471.0374951,1.466200003051199
1,327,completed,88471.0360411,88471.0368704,88471.0380508,2.0096999942325056
0,328,completed,88471.0724944,88471.0731263,88471.0737621,1.2677000049734488
1,328,completed,88471.0725003,88471.0731993,88471.0742684,1.7681000026641414
1,329,completed,88471.0986824,88471.0997782,88471.1006901,2.007699993555434
0,329,completed,88471.0986827,88471.0997683,88471.1012474,2.5647000002209097
0,330,completed,88471.1332031,88471.1339807,88471.1347095,1.5063999890116975
1,330,completed,88471.133183,88471.1340523,88471.1353063,2.123300000675954
0,331,completed,88471.1692656,88471.1699016,88471.1704866,1.220999998622574
1,331,completed,88471.169266,88471.1699605,88471.1709819,1.7158999980892986
1,332,completed,88471.202786,88471.2039724,88471.2047172,1.9312000076752156
0,332,completed,88471.202786,88471.2039637,88471.205464,2.67800000438001
1,333,completed,88471.2319274,88471.2330866,88471.2337345,1.807099994039163
0,333,completed,88471.2319275,88471.2330446,88471.234285,2.357499994104728
0,334,completed,88471.2692227,88471.269933,88471.2706067,1.3840000028721988
1,334,completed,88471.2691842,88471.2699551,88471.2711199,1.93569999828469
0,335,completed,88471.3066281,88471.3080754,88471.3089667,2.3385999957099557
1,335,completed,88471.306629,88471.3081736,88471.3096557,3.0266999965533614
1,336,completed,88471.3346694,88471.3355843,88471.3364372,1.7678000003797933
0,336,completed,88471.3346707,88471.3356275,88471.3371462,2.475500004948117
0,337,completed,88471.3716279,88471.3724463,88471.3731688,1.5409000043291599
1,337,completed,88471.3716283,88471.3724962,88471.3736967,2.0684000046458095
0,338,completed,88471.4113652,88471.4124944,88471.4139351,2.569900010712445
1,338,completed,88471.4113284,88471.4124628,88471.4146186,3.290199994808063
0,339,completed,88471.4401991,88471.4415296,88471.4430317,2.8325999883236364
1,339,completed,88471.4406269,88471.4424092,88471.4442695,3.6426000006031245
0,340,completed,88471.4674055,88471.4684407,88471.4694574,2.0518999954219908
1,340,completed,88471.4674281,88471.4686035,88471.4706996,3.271499997936189
0,341,completed,88471.5026995,88471.5033725,88471.5041601,1.4606000040657818
1,341,completed,88471.5027004,88471.5035964,88471.5048535,2.1530999947572127
1,342,completed,88471.5305927,88471.5311858,88471.5320225,1.4298000023700297
0,342,completed,88471.5434099,88471.5440932,88471.5449758,1.5659000055165961
0,343,completed,88471.5707695,88471.5718113,88471.5729299,2.1603999921353534
1,343,completed,88471.5709226,88471.572062,88471.573869,2.9463999962899834
0,344,completed,88471.5986735,88471.5996635,88471.6006868,2.0132999925408512
1,344,completed,88471.5987433,88471.5998517,88471.6016292,2.885900001274422
0,345,completed,88471.6335653,88471.6345402,88471.6358307,2.265400005853735
1,345,completed,88471.6335671,88471.6346517,88471.6368179,3.250800000387244
0,346,completed,88471.6677068,88471.668556,88471.6695413,1.8344999989494681
1,346,completed,88471.6676673,88471.668695,88471.6703621,2.6948000013362616
0,347,completed,88471.6988189,88471.6996751,88471.7004148,1.5959000011207536
1,347,completed,88471.698842,88471.6997032,88471.7011422,2.30020000890363
0,348,completed,88471.7342256,88471.7350164,88471.736126,1.9004000059794635
1,348,completed,88471.7342265,88471.7351807,88471.7371526,2.9261000017868355
1,349,completed,88471.7664802,88471.7672805,88471.7680437,1.563499987241812
0,349,completed,88471.7664788,88471.7672871,88471.7686998,2.2210000024642795
0,350,completed,88471.7979766,88471.798681,88471.7997752,1.7985999875236303
1,350,completed,88471.7980081,88471.7988208,88471.8011224,3.11429999419488
0,351,completed,88471.831488,88471.8327735,88471.8338424,2.354399999603629
1,351,completed,88471.8314888,88471.8328885,88471.8348523,3.3634999999776483
1,352,completed,88471.8677196,88471.8685534,88471.8697661,2.0464999979594722
0,352,completed,88471.8677255,88471.868593,88471.8706773,2.951800008304417
0,353,completed,88471.8982741,88471.8989148,88471.8995317,1.2575999862747267
1,353,completed,88471.898275,88471.8989784,88471.9002487,1.9736999965971336
0,354,completed,88471.9335793,88471.9343976,88471.9350576,1.4782999933231622
1,354,completed,88471.9335795,88471.934389,88471.9356842,2.1047000045655295
0,355,completed,88471.9679992,88471.9694005,88471.971469,3.4697999944910407
1,355,completed,88471.9691039,88471.9703814,88471.9731988,4.094899995834567
0,356,completed,88472.0014707,88472.0022458,88472.0030393,1.568600011523813
1,356,completed,88472.0014624,88472.0023544,88472.0036513,2.188899990869686
0,357,completed,88472.0371437,88472.0378452,88472.0385276,1.3839000021107495
1,357,completed,88472.0371557,88472.0379352,88472.0391437,1.9880000036209822
0,358,completed,88472.0689196,88472.0695022,88472.0702828,1.3632000045618042
1,358,completed,88472.0689432,88472.0695894,88472.0711558,2.212599996710196
1,359,completed,88472.098642,88472.0994417,88472.100212,1.5700000076321885
0,359,completed,88472.0986418,88472.0994621,88472.1008069,2.1650999988196418
0,360,completed,88472.1332443,88472.1340915,88472.1347965,1.5522000030614436
1,360,completed,88472.1332442,88472.1341561,88472.1354181,2.1739000076195225
0,361,completed,88472.178944,88472.1795672,88472.1802169,1.2729000009130687
1,361,completed,88472.1789283,88472.1796185,88472.1807267,1.7984000005526468
1,362,completed,88472.2027247,88472.2035606,88472.204316,1.5913000097498298
0,362,completed,88472.2027246,88472.2036255,88472.2049099,2.1852999925613403
0,363,completed,88472.2320658,88472.2329067,88472.2335528,1.4870000013615936
1,363,completed,88472.2320693,88472.2329595,88472.2341087,2.0394000021042302
0,364,completed,88472.269978,88472.2706257,88472.2712856,1.3076000032015145
1,364,completed,88472.2699782,88472.2706937,88472.2720391,2.06090000574477
0,365,completed,88472.2999081,88472.3007798,88472.3016275,1.719399995636195
1,365,completed,88472.2999326,88472.300888,88472.3025683,2.6357000024290755
1,366,completed,88472.3359824,88472.3368297,88472.3376502,1.6677999956300482
0,366,completed,88472.3359822,88472.3367827,88472.3385418,2.559599990490824
1,367,completed,88472.3843835,88472.3851537,88472.3858175,1.4340000052470714
0,367,completed,88472.3843827,88472.3851177,88472.3863608,1.978100000997074
1,368,completed,88472.4050365,88472.4059587,88472.4067065,1.6699999978300184
0,368,completed,88472.4050324,88472.405961,88472.4073237,2.2912999993423
0,369,completed,88472.4403076,88472.4410589,88472.4418855,1.57789999502711
1,369,completed,88472.4403079,88472.441107,88472.442412,2.1040999999968335
0,370,completed,88472.4681404,88472.4687678,88472.469387,1.2466000043787062
1,370,completed,88472.4681183,88472.4687988,88472.4699896,1.8712999881245196
0,371,completed,88472.5084988,88472.5095255,88472.5103973,1.898499991511926
1,371,completed,88472.5084991,88472.5096941,88472.5109683,2.4692000006325543
0,372,completed,88472.5361461,88472.5370306,88472.5378097,1.6636000073049217
1,372,completed,88472.5361711,88472.537135,88472.538417,2.2459000028902665
0,373,completed,88472.5736739,88472.5745199,88472.5751845,1.5106000064406544
1,373,completed,88472.5736748,88472.5745483,88472.5757479,2.0730999967781827
1,374,completed,88472.598571,88472.5994348,88472.6001702,1.5992000116966665
0,374,completed,88472.5985745,88472.5993887,88472.6007518,2.1772999898530543
0,375,completed,88472.640339,88472.6413022,88472.6421687,1.8296999915037304
1,375,completed,88472.6403392,88472.6413724,88472.6427898,2.4505999899702147
1,376,completed,88472.6766394,88472.6773833,88472.6781291,1.4896999928168952
0,376,completed,88472.6766712,88472.6774096,88472.6786908,2.019600011408329
0,377,completed,88472.7027257,88472.703569,88472.7043916,1.665899995714426
1,377,completed,88472.7027258,88472.7036416,88472.704982,2.256199994008057
0,378,completed,88472.7305424,88472.731353,88472.7321145,1.5721000090707093
1,378,completed,88472.7305361,88472.731494,88472.7327921,2.255999992485158
0,379,completed,88472.7692899,88472.7700603,88472.7708569,1.5669999993406236
1,379,completed,88472.7692823,88472.7701012,88472.7714565,2.1742000099038705
0,380,completed,88472.8000217,88472.8007867,88472.8016331,1.611400002730079
1,380,completed,88472.8000041,88472.8009522,88472.8023409,2.336799996555783
0,381,completed,88472.8432017,88472.8438594,88472.8445144,1.312699998379685
1,381,completed,88472.8432118,88472.8439903,88472.8450506,1.838799988036044
0,382,completed,88472.8663508,88472.8670068,88472.8676933,1.3424999924609438
1,382,completed,88472.8663515,88472.8670657,88472.8682611,1.9096000032732263
0,383,completed,88472.8978845,88472.8982741,88472.8988895,1.0049999982584268
1,383,completed,88472.9041615,88472.9049671,88472.9057372,1.5756999928271398
0,384,completed,88472.9319907,88472.9329179,88472.9337365,1.7457999929320067
1,384,completed,88472.9319905,88472.9329756,88472.9343777,2.3872000019764528
0,385,completed,88472.9763878,88472.9769572,88472.9775849,1.1971000058110803
1,385,completed,88472.9764046,88472.9770912,88472.978141,1.7363999941153452
0,386,completed,88473.0013989,88473.0021666,88473.0029675,1.5685999969718978
1,386,completed,88473.0014194,88473.0023345,88473.0037275,2.308100010850467
1,387,completed,88473.0366187,88473.0374791,88473.0382567,1.6380000015487894
0,387,completed,88473.0366315,88473.0374995,88473.0387946,2.1630999981425703
0,388,completed,88473.066932,88473.0676166,88473.0683394,1.4073999918764457
1,388,completed,88473.066931,88473.0677342,88473.0691189,2.187900012359023
0,389,completed,88473.0986035,88473.0992645,88473.1000352,1.4317000022856519
1,389,completed,88473.0986127,88473.0994479,88473.1006217,2.00899998890236
0,390,completed,88473.1332537,88473.134236,88473.1350802,1.826499996241182
1,390,completed,88473.1332541,88473.1342979,88473.1356623,2.408200001809746
0,391,completed,88473.1700019,88473.1706313,88473.1712466,1.244700004463084
1,391,completed,88473.1699982,88473.1706729,88473.1718451,1.8469000060576946
0,392,completed,88473.2026606,88473.2034069,88473.2043305,1.669899997068569
1,392,completed,88473.2026842,88473.2036244,88473.2049147,2.2305000020423904
0,393,completed,88473.2374783,88473.238241,88473.2390525,1.574199995957315
1,393,completed,88473.2374846,88473.2383794,88473.2398749,2.3902999964775518
0,394,completed,88473.2695671,88473.2702859,88473.2709796,1.4125000016065314
1,394,completed,88473.2695789,88473.2703183,88473.2716446,2.0656999986385927
0,395,completed,88473.299889,88473.3006674,88473.3014073,1.5182999923126772
1,395,completed,88473.2998903,88473.3007486,88473.3019601,2.069800000754185
0,396,completed,88473.3348193,88473.3356626,88473.3364258,1.606499994522892
1,396,completed,88473.3348187,88473.3358555,88473.3369718,2.153100009309128
0,397,completed,88473.3736864,88473.3744299,88473.3750659,1.3795000122627243
1,397,completed,88473.373689,88473.3744503,88473.3756313,1.9423000048846006
0,398,completed,88473.3970856,88473.3976181,88473.3983112,1.225600004545413
1,398,completed,88473.4040196,88473.4046818,88473.4053945,1.3749000063398853
0,399,completed,88473.4319034,88473.432829,88473.4348584,2.9550000035669655
1,399,completed,88473.4319039,88473.4329345,88473.4371191,5.215199998929165
0,400,completed,88473.4712081,88473.4719438,88473.4726385,1.4303999923868105
1,400,completed,88473.4711955,88473.4719814,88473.473324,2.128500011167489
0,401,completed,88473.5012742,88473.5020484,88473.502735,1.4608000055886805
1,401,completed,88473.5012744,88473.5020998,88473.5032789,2.0044999982928857
1,402,completed,88473.536131,88473.5369628,88473.5376787,1.5476999979000539
0,402,completed,88473.53615,88473.5369927,88473.5382483,2.0982999994885176
1,403,completed,88473.5676776,88473.5684117,88473.5690582,1.3805999915348366
0,403,completed,88473.5676774,88473.5684151,88473.5695729,1.8954999977722764
0,404,completed,88473.5987266,88473.6002012,88473.6008249,2.0982999994885176
1,404,completed,88473.5986882,88473.6001753,88473.6013594,2.671199996257201
0,405,completed,88473.6332383,88473.6339578,88473.6347695,1.5312000032281503
1,405,completed,88473.6332539,88473.6342133,88473.6353468,2.092900002025999
0,406,completed,88473.6651831,88473.6658307,88473.6664287,1.2455999967642128
1,406,completed,88473.6651832,88473.6658781,88473.6669375,1.7542999994475394
1,407,completed,88473.709535,88473.7104581,88473.7111726,1.637599998502992
0,407,completed,88473.7095512,88473.7104199,88473.7117224,2.1712000016123056
1,408,completed,88473.7374375,88473.7383026,88473.7389653,1.527799991890788
0,408,completed,88473.7374382,88473.7382727,88473.7395232,2.0850000000791624
0,409,completed,88473.7688076,88473.7694828,88473.7700791,1.271499990252778
1,409,completed,88473.7688338,88473.769507,88473.770583,1.749200004269369
0,410,completed,88473.7999451,88473.8014785,88473.8021308,2.1856999956071377
1,410,completed,88473.7999388,88473.8014862,88473.8026675,2.7286999975331128
1,411,completed,88473.8466697,88473.8474072,88473.8482216,1.5519000007770956
0,411,completed,88473.8466777,88473.8473599,88473.848923,2.2452999983215705
0,412,completed,88473.8709804,88473.8715882,88473.8721967,1.2163000064902008
1,412,completed,88473.8709645,88473.8716315,88473.8727216,1.7570999916642904
1,413,completed,88473.8972803,88473.8981727,88473.8988699,1.589599996805191
0,413,completed,88473.8972684,88473.8981545,88473.8996549,2.3864999966463074
1,414,completed,88473.9320452,88473.9330435,88473.9337442,1.6990000003715977
0,414,completed,88473.932046,88473.9330023,88473.9343248,2.2787999914726242
0,415,completed,88473.9707358,88473.9713346,88473.9719401,1.2043000024277717
1,415,completed,88473.9707565,88473.9714218,88473.9724339,1.6773999959696084
0,416,completed,88474.0013569,88474.0028403,88474.0034705,2.1135999995749444
1,416,completed,88474.0013568,88474.0028418,88474.0040453,2.688499997020699
1,417,completed,88474.0359788,88474.0367888,88474.0374328,1.4539999974658713
0,417,completed,88474.0359963,88474.0367752,88474.0380112,2.0149000047240406
0,418,completed,88474.0713853,88474.072058,88474.0726673,1.2819999974453822
1,418,completed,88474.0713991,88474.072112,88474.0731697,1.7706000071484596
0,419,completed,88474.0985896,88474.0994474,88474.1001905,1.6008999955374748
1,419,completed,88474.0985909,88474.0995375,88474.1007589,2.167999991797842
0,420,completed,88474.1365601,88474.1372082,88474.137858,1.297900002100505
1,420,completed,88474.1365529,88474.1373129,88474.1383664,1.8134999991161749
0,421,completed,88474.1710766,88474.1716544,88474.1723098,1.2331999896559864
1,421,completed,88474.1710771,88474.1718133,88474.1730323,1.9551999866962433
0,422,completed,88474.2026886,88474.2042188,88474.2049022,2.2136000043246895
1,422,completed,88474.2026899,88474.2042851,88474.2055702,2.8803000022890046
0,423,completed,88474.2373655,88474.2383197,88474.239033,1.6675000078976154
1,423,completed,88474.2373663,88474.2384042,88474.2397846,2.4182999914046377
0,424,completed,88474.2656209,88474.2664936,88474.2671987,1.5778000088175759
1,424,completed,88474.2656024,88474.266574,88474.2679508,2.3483999975724146
0,425,completed,88474.3001315,88474.3010509,88474.3019983,1.866799997515045
1,425,completed,88474.3001315,88474.3010982,88474.3027944,2.662900005816482
0,426,completed,88474.3356169,88474.3362881,88474.3369183,1.3013999996474013
1,426,completed,88474.3356025,88474.3363543,88474.3375027,1.9002000044565648
0,427,completed,88474.3673359,88474.3682203,88474.3690569,1.7210000078193843
1,427,completed,88474.3673363,88474.3682873,88474.3701808,2.8445000061765313
1,428,completed,88474.3971899,88474.3982369,88474.3989918,1.8018999980995432
0,428,completed,88474.3971857,88474.3981765,88474.3996614,2.4757000064710155
0,429,completed,88474.4319273,88474.4330778,88474.4340638,2.13649999932386
1,429,completed,88474.431928,88474.4331052,88474.4349113,2.9833000007783994
0,430,completed,88474.4710679,88474.4717016,88474.4723861,1.3181999966036528
1,430,completed,88474.4710617,88474.4717453,88474.4730561,1.994400008697994
0,431,completed,88474.5014374,88474.5023218,88474.5030556,1.618199996300973
1,431,completed,88474.5014379,88474.5023886,88474.5036333,2.1953999967081472
0,432,completed,88474.536117,88474.5369013,88474.5377715,1.6545000107726082
1,432,completed,88474.5361088,88474.5371324,88474.5383741,2.2652999905403703
0,433,completed,88474.5678261,88474.5684841,88474.5690777,1.2515999987954274
1,433,completed,88474.567826,88474.5685513,88474.5695677,1.7417000053683296
1,434,completed,88474.5985537,88474.6000564,88474.6006872,2.13350000558421
0,434,completed,88474.5985927,88474.6000692,88474.6012132,2.620500003104098
1,435,completed,88474.640376,88474.6415843,88474.6423684,1.9924000080209225
0,435,completed,88474.6403896,88474.6416158,88474.6430373,2.6477000064915046
0,436,completed,88474.6651871,88474.6657775,88474.6663676,1.1804999958258122
1,436,completed,88474.6652016,88474.665867,88474.6668523,1.6506999963894486
0,437,completed,88474.710404,88474.7110568,88474.7118093,1.40530000498984
1,437,completed,88474.7104169,88474.7111433,88474.7123238,1.9069000118179247
0,438,completed,88474.7315674,88474.7321629,88474.7328031,1.2357000086922199
1,438,completed,88474.7315864,88474.7322416,88474.7334309,1.8445000023348257
0,439,completed,88474.7748466,88474.7754686,88474.7761234,1.2768000015057623
1,439,completed,88474.7748466,88474.7755199,88474.7767021,1.8554999987827614
0,440,completed,88474.8008412,88474.8014152,88474.8021204,1.279199990676716
1,440,completed,88474.8008484,88474.8015653,88474.8026304,1.7819999920902774
0,441,completed,88474.8426088,88474.8432633,88474.8438553,1.2465000036172569
1,441,completed,88474.8425852,88474.8433188,88474.8444103,1.8251000001328066
0,442,completed,88474.8788975,88474.8795033,88474.8801529,1.2553999986266717
1,442,completed,88474.8788878,88474.879573,88474.8806958,1.808000000892207
0,443,completed,88474.8982128,88474.8989586,88474.8997931,1.5802999987499788
1,443,completed,88474.8982142,88474.899046,88474.9003906,2.1763999975519255
0,444,completed,88474.9330012,88474.9338167,88474.9345001,1.4989000046625733
1,444,completed,88474.9330187,88474.9338942,88474.9350738,2.0551000052364543
0,445,completed,88474.9670389,88474.9679351,88474.9689195,1.880600000731647
1,445,completed,88474.9670254,88474.968009,88474.9695327,2.507299999706447
0,446,completed,88475.0016768,88475.0024867,88475.0036588,1.9819999870378524
1,446,completed,88475.0016767,88475.0026199,88475.0043923,2.715599999646656
0,447,completed,88475.0322577,88475.0339223,88475.0349727,2.71499999507796
1,447,completed,88475.032257,88475.0341517,88475.0357853,3.528300003381446
0,448,completed,88475.0682659,88475.0689679,88475.0696457,1.3797999999951571
1,448,completed,88475.0682656,88475.0690364,88475.0703536,2.087999993818812
0,449,completed,88475.1052438,88475.1063991,88475.1071805,1.9366999913472682
1,449,completed,88475.1052451,88475.1064155,88475.107912,2.666900007170625
0,450,completed,88475.1425186,88475.1432181,88475.143834,1.3154000043869019
1,450,completed,88475.1425255,88475.1432491,88475.1443552,1.8296999915037304
0,451,completed,88475.1703149,88475.1710386,88475.1716529,1.3380000018514693
1,451,completed,88475.1703309,88475.1710593,88475.1721657,1.8348000012338161
0,452,completed,88475.2106039,88475.2114049,88475.212075,1.4710999967064708
1,452,completed,88475.210604,88475.2114193,88475.2126039,1.9998999923700467
0,453,completed,88475.2314926,88475.232105,88475.2327212,1.2285999982850626
1,453,completed,88475.2314821,88475.2321367,88475.2333736,1.8914999964181334
0,454,completed,88475.2746027,88475.2752467,88475.2758502,1.2475000112317502
1,454,completed,88475.2745952,88475.2752765,88475.2763914,1.7961999983526766
0,455,completed,88475.3008806,88475.3016132,88475.3022222,1.341600000159815
1,455,completed,88475.3008808,88475.3016458,88475.3027025,1.8217000033473596
1,456,completed,88475.3476524,88475.3484355,88475.3492454,1.592999993590638
0,456,completed,88475.3476716,88475.3485525,88475.3499391,2.2674999927403405
0,457,completed,88475.3713336,88475.3719475,88475.3725904,1.2568000092869624
1,457,completed,88475.3713091,88475.3720549,88475.3731363,1.8272000015713274
1,458,completed,88475.3983913,88475.3990474,88475.399893,1.5016999968793243
0,458,completed,88475.3983912,88475.399261,88475.4004109,2.019699997617863
0,459,completed,88475.4326769,88475.4331887,88475.433868,1.1910999892279506
1,459,completed,88475.4328341,88475.4334464,88475.4345296,1.6955000028247014
1,460,completed,88475.4653017,88475.4659442,88475.4669036,1.6019000031519681
0,460,completed,88475.4653207,88475.4660032,88475.4674506,2.1299000072758645
1,461,completed,88475.5022384,88475.5033528,88475.5041202,1.8817999953171238
0,461,completed,88475.5022385,88475.5033351,88475.5046895,2.450999993016012
0,462,completed,88475.5437551,88475.5445619,88475.5453187,1.5635999880032614
1,462,completed,88475.5437553,88475.5446072,88475.5459152,2.159900002880022
0,463,completed,88475.5691989,88475.5699201,88475.5707776,1.5787000011187047
1,463,completed,88475.5692101,88475.5700435,88475.5715235,2.3133999929996207
0,464,completed,88475.599479,88475.6001625,88475.6008943,1.4153000083751976
1,464,completed,88475.5994629,88475.6002032,88475.6014586,1.995699989493005
1,465,completed,88475.6344015,88475.6351159,88475.6358107,1.4091999910306185
0,465,completed,88475.6344506,88475.6352471,88475.636409,1.9583999965107068
0,466,completed,88475.6722524,88475.6728327,88475.6734603,1.2078999861842021
1,466,completed,88475.6722374,88475.6730088,88475.6739631,1.7256999999517575
0,467,completed,88475.7034369,88475.7040733,88475.7046872,1.2503000034485012
1,467,completed,88475.7034672,88475.7041309,88475.7052556,1.7883999971672893
0,468,completed,88475.7354866,88475.7371019,88475.7378078,2.3212000087369233
1,468,completed,88475.7354754,88475.7371064,88475.7384285,2.9531000036513433
0,469,completed,88475.7663854,88475.7670911,88475.7676981,1.312699998379685
1,469,completed,88475.7663843,88475.7671002,88475.7682421,1.857800001744181
0,470,completed,88475.8010334,88475.8019096,88475.8026657,1.632300001801923
1,470,completed,88475.8010424,88475.8019892,88475.8031833,2.1409000037238
1,471,completed,88475.8430191,88475.8437606,88475.8445952,1.5761000104248524
0,471,completed,88475.8430189,88475.8440918,88475.8452666,2.247699987492524
1,472,completed,88475.8688619,88475.8696911,88475.8703534,1.491499991971068
0,472,completed,88475.8688711,88475.8696708,88475.8709494,2.0783000072697178
0,473,completed,88475.8987226,88475.8993582,88475.9000257,1.3030999980401248
1,473,completed,88475.8987512,88475.8994503,88475.9005604,1.8091999954776838
0,474,completed,88475.9402969,88475.9410303,88475.9417862,1.4893000043230131
1,474,completed,88475.9402969,88475.9410853,88475.9423305,2.0336000015959144
0,475,completed,88475.9722673,88475.9730863,88475.974071,1.803699997253716
1,475,completed,88475.9722505,88475.9732396,88475.9748217,2.571200006059371
0,476,completed,88476.0028428,88476.0035359,88476.004217,1.37420000100974
1,476,completed,88476.0028428,88476.0035886,88476.0047914,1.9486000092001632
0,477,completed,88476.0377589,88476.0384459,88476.039086,1.327100006164983
1,477,completed,88476.0377591,88476.0385009,88476.0396278,1.8686999974306673
0,478,completed,88476.0710007,88476.0717409,88476.0725655,1.5647999971406534
1,478,completed,88476.0710025,88476.0718762,88476.0731686,2.166100006434135
0,479,completed,88476.1001487,88476.1007604,88476.1014387,1.2900000001536682
1,479,completed,88476.1001678,88476.1008267,88476.1019693,1.8014999950537458
0,480,completed,88476.1422899,88476.1429906,88476.1436477,1.3577999925473705
1,480,completed,88476.1422911,88476.1430968,88476.1442271,1.936000000569038
1,481,completed,88476.1664917,88476.1671308,88476.1679209,1.4291999978013337
0,481,completed,88476.166495,88476.1671637,88476.1684962,2.001200002268888
1,482,completed,88476.2043285,88476.2050028,88476.2057935,1.4650000084657222
0,482,completed,88476.2043243,88476.2050537,88476.2063899,2.0656000124290586
1,483,completed,88476.2320357,88476.2327843,88476.2335937,1.5580000035697594
0,483,completed,88476.2320551,88476.2328064,88476.2343272,2.2720999986631796
1,484,completed,88476.2699602,88476.2705719,88476.2712208,1.2605999945662916
0,484,completed,88476.2699682,88476.2706006,88476.2718741,1.9059000042034313
0,485,completed,88476.3015345,88476.3021853,88476.3030017,1.4671999961137772
1,485,completed,88476.3015166,88476.3023088,88476.3035265,2.0099000103073195
0,486,completed,88476.3461064,88476.3467982,88476.3474363,1.329899998381734
1,486,completed,88476.3461066,88476.3468477,88476.348046,1.939399997354485
0,487,completed,88476.370927,88476.3715677,88476.3722124,1.2854000087827444
1,487,completed,88476.3709143,88476.3716128,88476.372764,1.8496999982744455
1,488,completed,88476.3972127,88476.3985619,88476.3991441,1.931399994646199
0,488,completed,88476.3972181,88476.3985481,88476.3996999,2.481799994711764
0,489,completed,88476.4320053,88476.433463,88476.43422,2.214699998148717
1,489,completed,88476.4319696,88476.4335172,88476.4348852,2.9155999945942312
0,490,completed,88476.4756515,88476.4763168,88476.476927,1.275499991606921
1,490,completed,88476.4756694,88476.4763758,88476.4774496,1.7802000074880198
1,491,completed,88476.5013538,88476.5027626,88476.5033736,2.0197999983793125
0,491,completed,88476.5013705,88476.5027154,88476.5039475,2.5769999920157716
0,492,completed,88476.5358689,88476.5366247,88476.537293,1.4241000026231632
1,492,completed,88476.5358768,88476.536671,88476.5379248,2.047999994829297
0,493,completed,88476.5723228,88476.5730155,88476.5736948,1.3719999988097697
1,493,completed,88476.5723224,88476.573069,88476.574347,2.02460000582505
1,494,completed,88476.5984507,88476.5992199,88476.5999241,1.4733999996678904
0,494,completed,88476.5984642,88476.599196,88476.6005296,2.0653999963542446
0,495,completed,88476.6331483,88476.6338047,88476.6345516,1.4033000043127686
1,495,completed,88476.6331766,88476.633905,88476.635217,2.0404000097187236
0,496,completed,88476.6697781,88476.6704776,88476.6712415,1.4633999962825328
1,496,completed,88476.669797,88476.6705673,88476.6719059,2.1089000074425712
0,497,completed,88476.7027226,88476.7035704,88476.7043324,1.6097999905468896
1,497,completed,88476.7027097,88476.7036067,88476.7049385,2.228800003649667
0,498,completed,88476.7303539,88476.731241,88476.732178,1.8241000070702285
1,498,completed,88476.7303541,88476.7313075,88476.7326914,2.3373000003630295
0,499,completed,88476.7689693,88476.7696112,88476.7702053,1.2359999964246526
1,499,completed,88476.7689693,88476.7696743,88476.7706933,1.724000001559034
0,500,completed,88476.799837,88476.8005113,88476.8011481,1.3111000007484108
1,500,completed,88476.7998194,88476.8005339,88476.8016938,1.8743999971775338
0,501,completed,88476.8345356,88476.8353696,88476.836136,1.600399991730228
1,501,completed,88476.8345653,88476.8355141,88476.8367962,2.2309000050881878
0,502,completed,88476.8691316,88476.8697318,88476.8704509,1.3192999904276803
1,502,completed,88476.8691557,88476.8699143,88476.8709724,1.8166999943787232
1,503,completed,88476.9039402,88476.9047924,88476.9055848,1.6445999935967848
0,503,completed,88476.9039741,88476.9048009,88476.9061693,2.1951999951852486
1,504,completed,88476.938017,88476.9393573,88476.9405951,2.5781000003917143
0,504,completed,88476.9381575,88476.9395512,88476.9414909,3.3334000036120415
0,505,completed,88476.9800071,88476.9814415,88476.9826897,2.682599995750934
1,505,completed,88476.9800083,88476.9815165,88476.9835905,3.5822000063490123
1,506,completed,88477.0006787,88477.0018551,88477.0027715,2.09280000126455
0,506,completed,88477.0006397,88477.0020831,88477.0034936,2.853900004993193
0,507,completed,88477.0431547,88477.0441092,88477.0451697,2.0149999909335747
1,507,completed,88477.0431006,88477.0441844,88477.0459796,2.8790000069420785
0,508,completed,88477.0692381,88477.0701173,88477.0710914,1.8532999965827912
1,508,completed,88477.0692381,88477.0701394,88477.0718818,2.6437000051373616
0,509,completed,88477.0987008,88477.0995885,88477.1004433,1.7425000114599243
1,509,completed,88477.0986963,88477.0997103,88477.1012039,2.507600001990795
0,510,completed,88477.1333795,88477.1343193,88477.135319,1.9394999981159344
1,510,completed,88477.1333793,88477.1344061,88477.1361574,2.7781000098912045
0,511,completed,88477.16602,88477.1668256,88477.1677565,1.7364999948767945
1,511,completed,88477.1660202,88477.1668821,88477.1686046,2.5843999901553616
0,512,completed,88477.202883,88477.2036991,88477.2045824,1.6993999888654798
1,512,completed,88477.2027638,88477.2037282,88477.2052045,2.4407000018982217
0,513,completed,88477.2309134,88477.2319306,88477.2328398,1.9264000002294779
1,513,completed,88477.2308919,88477.2319491,88477.2335502,2.658299999893643
0,514,completed,88477.2774874,88477.2782216,88477.2790479,1.5604999935021624
1,514,completed,88477.2774879,88477.2783159,88477.2798231,2.3351999989245087
1,515,completed,88477.3015319,88477.3023552,88477.303022,1.4900999958626926
0,515,completed,88477.3015662,88477.3023374,88477.3043693,2.803100011078641
0,516,completed,88477.3449269,88477.3456835,88477.3464432,1.516300006187521
1,516,completed,88477.344923,88477.3458012,88477.3471434,2.2203999978955835
1,517,completed,88477.3733514,88477.374083,88477.3747877,1.4362999936565757
0,517,completed,88477.3733515,88477.374106,88477.3753498,1.9982999947387725
0,518,completed,88477.4040535,88477.4048881,88477.4056295,1.576000009663403
1,518,completed,88477.4040535,88477.4049314,88477.4062376,2.1840999979758635
1,519,completed,88477.431876,88477.4326411,88477.4332919,1.4158999983919784
0,519,completed,88477.4318883,88477.4325885,88477.433842,1.9537000043783337
1,520,completed,88477.475876,88477.4765827,88477.4772153,1.3392999971983954
0,520,completed,88477.4760186,88477.4766789,88477.477761,1.7423999961465597
0,521,completed,88477.5012445,88477.5021047,88477.5030094,1.7648999928496778
1,521,completed,88477.5012449,88477.5021261,88477.5035402,2.295300000696443
0,522,completed,88477.5429479,88477.5437084,88477.5444352,1.4873000036459416
1,522,completed,88477.542948,88477.5437616,88477.5450165,2.0684999908553436
0,523,completed,88477.5680648,88477.5686769,88477.5693429,1.2780999968526885
1,523,completed,88477.5680925,88477.5687679,88477.5698485,1.755999997840263
0,524,completed,88477.5984509,88477.5991861,88477.5998909,1.440000007278286
1,524,completed,88477.5984213,88477.5992186,88477.60045,2.0286999933887273
0,525,completed,88477.6331691,88477.6340807,88477.6348076,1.6385000053560361
1,525,completed,88477.6331691,88477.6341347,88477.6354916,2.3225000040838495
0,526,completed,88477.6699378,88477.6705684,88477.6711396,1.2017999979434535
1,526,completed,88477.6699382,88477.6706421,88477.671755,1.8168000096920878
0,527,completed,88477.7027057,88477.7037192,88477.7044258,1.7201000009663403
1,527,completed,88477.7027063,88477.7037601,88477.7051268,2.420500008156523
0,528,completed,88477.7384666,88477.7392686,88477.7399139,1.4473000046564266
1,528,completed,88477.7384667,88477.7393227,88477.7406165,2.149799998733215
0,529,completed,88477.7652657,88477.7661256,88477.7670081,1.7423999961465597
1,529,completed,88477.765266,88477.7661965,88477.7677646,2.4985999916680157
0,530,completed,88477.7998565,88477.8005791,88477.8013053,1.4488000015262514
1,530,completed,88477.7998953,88477.800617,88477.8018658,1.97049998678267
0,531,completed,88477.8344858,88477.8352916,88477.8361796,1.6937999898800626
1,531,completed,88477.8344872,88477.8353898,88477.8368374,2.3501999967265874
0,532,completed,88477.8670305,88477.8676055,88477.8682055,1.1749999976018444
1,532,completed,88477.8670214,88477.8676962,88477.8687604,1.7389999993611127
0,533,completed,88477.8970174,88477.8976899,88477.8983772,1.3598000077763572
1,533,completed,88477.8969849,88477.8977299,88477.898955,1.970099998288788
1,534,completed,88477.9319173,88477.9329699,88477.9336959,1.7786000098567456
0,534,completed,88477.9319549,88477.9329555,88477.9344447,2.48979999742005
0,535,completed,88477.9708457,88477.9714481,88477.9720576,1.2119000020902604
1,535,completed,88477.9708262,88477.9714876,88477.9725963,1.7700999887892976
0,536,completed,88478.0012565,88478.0019302,88478.0026727,1.4161999861244112
1,536,completed,88478.0012365,88478.0020995,88478.0034211,2.18460000178311
0,537,completed,88478.0430489,88478.0437905,88478.0445228,1.473900003475137
1,537,completed,88478.0430688,88478.0438868,88478.0450864,2.0175999961793423
0,538,completed,88478.0640504,88478.0649331,88478.065669,1.6185999993467703
1,538,completed,88478.0640696,88478.0650414,88478.0662826,2.2129999997559935
0,539,completed,88478.0986195,88478.0993565,88478.1000386,1.4190999936545268
1,539,completed,88478.0986198,88478.099444,88478.1006271,2.0072999905096367
0,540,completed,88478.140309,88478.1410468,88478.1419119,1.6029000107664615
1,540,completed,88478.1403199,88478.1412369,88478.1425853,2.2653999913018197
1,541,completed,88478.1657577,88478.166474,88478.1672903,1.5325999993365258
0,541,completed,88478.165777,88478.1664927,88478.1680673,2.2902999917278066
1,542,completed,88478.2027035,88478.203529,88478.204322,1.618499998585321
0,542,completed,88478.202703,88478.2035205,88478.2049789,2.275899998494424
0,543,completed,88478.2303913,88478.2312102,88478.2319002,1.5088999934960157
1,543,completed,88478.2303909,88478.2311997,88478.23249,2.099099991028197
0,544,completed,88478.2693799,88478.2700113,88478.2705923,1.212400005897507
1,544,completed,88478.2693801,88478.2700795,88478.2710716,1.6915000014705583
0,545,completed,88478.299884,88478.3011283,88478.3020768,2.192800006014295
1,545,completed,88478.2998846,88478.301208,88478.3027187,2.8340999997453764
0,546,completed,88478.3345038,88478.3350561,88478.3361946,1.690799996140413
1,546,completed,88478.3350513,88478.335907,88478.3368674,1.8160999898100272
0,547,completed,88478.3720431,88478.3727144,88478.3734136,1.370500001939945
1,547,completed,88478.3720282,88478.3727503,88478.3739907,1.9624999986262992
0,548,completed,88478.4108653,88478.4116478,88478.4124002,1.5349000022979453
1,548,completed,88478.4108598,88478.4117426,88478.4129989,2.1391000045696273
0,549,completed,88478.4319121,88478.4326587,88478.4334522,1.5400999982375652
1,549,completed,88478.4318953,88478.4327405,88478.4340234,2.1280999935697764
0,550,completed,88478.4757366,88478.4764998,88478.4772185,1.481900006183423
1,550,completed,88478.4757367,88478.4765539,88478.4779054,2.1686999971279874
0,551,completed,88478.5011849,88478.5018433,88478.5026946,1.5096999995876104
1,551,completed,88478.5012085,88478.5020266,88478.5033474,2.1388999884948134
0,552,completed,88478.536056,88478.536837,88478.5377552,1.6992000018944964
1,552,completed,88478.5360563,88478.537077,88478.5384668,2.4105000047711655
0,553,completed,88478.5674785,88478.5681086,88478.5688396,1.3611000031232834
1,553,completed,88478.5674859,88478.5682179,88478.5694622,1.976300001842901
1,554,completed,88478.5984308,88478.5992651,88478.6000832,1.6523999947821721
0,554,completed,88478.5984309,88478.5992855,88478.6006999,2.2689999896101654
0,555,completed,88478.6332463,88478.6340565,88478.6348225,1.5761999966343865
1,555,completed,88478.6332542,88478.6340343,88478.6354206,2.166399994166568
0,556,completed,88478.6656961,88478.6662887,88478.6668899,1.1938000097870827
1,556,completed,88478.6656789,88478.6663331,88478.6674962,1.8172999989474192
0,557,completed,88478.7026397,88478.703468,88478.7043325,1.6927999968174845
1,557,completed,88478.7026397,88478.7036035,88478.704949,2.3093000054359436
0,558,completed,88478.7492144,88478.7498827,88478.7505564,1.3420000032056123
1,558,completed,88478.7492165,88478.74993,88478.7513224,2.1058999991510063
0,559,completed,88478.7682479,88478.768981,88478.7696179,1.3699999981326982
1,559,completed,88478.7682479,88478.768987,88478.7701545,1.9065999949816614
1,560,completed,88478.7999003,88478.8007352,88478.8014958,1.5954999980749562
0,560,completed,88478.7999087,88478.8007351,88478.8022109,2.3021999950287864
1,561,completed,88478.8346622,88478.8357286,88478.8365282,1.8660000059753656
0,561,completed,88478.8346622,88478.8357164,88478.8372282,2.566000010119751
0,562,completed,88478.8714994,88478.8721757,88478.8728191,1.3196999934734777
1,562,completed,88478.8714996,88478.8722156,88478.8734825,1.9828999938908964
0,563,completed,88478.8973615,88478.898173,88478.8989502,1.5887000045040622
1,563,completed,88478.8973662,88478.8982486,88478.8995472,2.1809999889228493
1,564,completed,88478.933831,88478.9346044,88478.9354009,1.569899992318824
0,564,completed,88478.9338309,88478.9346053,88478.9359663,2.1354000054998323
0,565,completed,88478.9771236,88478.9776814,88478.9782773,1.1537000100361183
1,565,completed,88478.9771137,88478.9777582,88478.9787648,1.651099999435246
0,566,completed,88479.0014234,88479.0022407,88479.0031403,1.716900005703792
1,566,completed,88479.0014009,88479.0023116,88479.0038038,2.402900005108677
0,567,completed,88479.035983,88479.0368451,88479.0376124,1.6294000088237226
1,567,completed,88479.0359618,88479.03699,88479.0383704,2.4086000048555434
0,568,completed,88479.0675005,88479.0680677,88479.0686704,1.1699000024236739
1,568,completed,88479.0675295,88479.0681813,88479.0692511,1.7215999978361651
0,569,completed,88479.0985012,88479.099215,88479.099943,1.4417999918805435
1,569,completed,88479.098501,88479.0992664,88479.1005003,1.9993000023532659
0,570,completed,88479.1332764,88479.1339741,88479.1346988,1.4224000042304397
1,570,completed,88479.1333141,88479.1340713,88479.1353564,2.0422999950824305
0,571,completed,88479.1658703,88479.1664849,88479.1671047,1.2343999987933785
1,571,completed,88479.1658706,88479.1665276,88479.1678326,1.9619999948190525
0,572,completed,88479.2025898,88479.2035458,88479.2043798,1.7899999947985634
1,572,completed,88479.2025898,88479.2036764,88479.2050061,2.4163000052794814
0,573,completed,88479.2303958,88479.2310655,88479.2317223,1.326500001596287
1,573,completed,88479.2303544,88479.2311416,88479.2322921,1.9376999989617616
0,574,completed,88479.2697332,88479.270374,88479.2709857,1.2525000056484714
1,574,completed,88479.2697332,88479.2704185,88479.2715563,1.823099999455735
0,575,completed,88479.2997484,88479.3005264,88479.3011987,1.4503000129479915
1,575,completed,88479.2997479,88479.3005734,88479.3017904,2.042499996605329
0,576,completed,88479.3345007,88479.3351849,88479.3359493,1.4486000000033528
1,576,completed,88479.334495,88479.3352358,88479.3365948,2.0997999963583425
0,577,completed,88479.3660306,88479.3666528,88479.3672762,1.245600011316128
1,577,completed,88479.3660031,88479.3666721,88479.3677659,1.762799991411157
0,578,completed,88479.4040107,88479.4047433,88479.4054855,1.4747999957762659
1,578,completed,88479.4040256,88479.4048019,88479.4061117,2.08609999390319
0,579,completed,88479.4318287,88479.4325433,88479.4332408,1.412099998560734
1,579,completed,88479.4317882,88479.4326648,88479.4338196,2.031399999395944
1,580,completed,88479.4750512,88479.4756911,88479.4762341,1.182899999548681
0,580,completed,88479.475075,88479.4756595,88479.4767205,1.6455000004498288
0,581,completed,88479.5011252,88479.5018184,88479.5024996,1.3744000025326386
1,581,completed,88479.501104,88479.5018594,88479.5030341,1.930099999299273
0,582,completed,88479.5359015,88479.5366427,88479.5375469,1.6453999996883795
1,582,completed,88479.5359603,88479.5368457,88479.5381693,2.2089999984018505
0,583,completed,88479.5729101,88479.5735096,88479.5741144,1.2043000024277717
1,583,completed,88479.5729276,88479.5735944,88479.5746261,1.698499996564351
1,584,completed,88479.5985624,88479.599329,88479.5999825,1.4201000012690201
0,584,completed,88479.5985389,88479.5992854,88479.6005598,2.020900006755255
0,585,completed,88479.6333669,88479.6342975,88479.6350606,1.6937000036705285
1,585,completed,88479.6333672,88479.6344618,88479.6358932,2.525999996578321
0,586,completed,88479.6696095,88479.670202,88479.6707977,1.1882000108016655
1,586,completed,88479.6695914,88479.6702468,88479.6712863,1.6948999982560053
1,587,completed,88479.7026499,88479.7034567,88479.7042318,1.581899996381253
0,587,completed,88479.7026825,88479.7035585,88479.7048048,2.1222999930614606
0,588,completed,88479.730266,88479.7307275,88479.7313822,1.1162000009790063
1,588,completed,88479.7442177,88479.7447659,88479.7454186,1.2008999910904095
0,589,completed,88479.7682836,88479.7688913,88479.7694543,1.1706999939633533
1,589,completed,88479.7682573,88479.768941,88479.770002,1.7446999991079792
0,590,completed,88479.7997546,88479.8004903,88479.8011547,1.4001000090502203
1,590,completed,88479.7997525,88479.8005511,88479.8017369,1.9844000053126365
1,591,completed,88479.8415719,88479.8423723,88479.8430598,1.4878999936627224
0,591,completed,88479.84157,88479.8424092,88479.8435969,2.0268999942345545
0,592,completed,88479.8718267,88479.8724381,88479.8730574,1.2306999997235835
1,592,completed,88479.8718562,88479.8725238,88479.8735835,1.7272999975830317
0,593,completed,88479.910912,88479.9117332,88479.91251,1.5979999880073592
1,593,completed,88479.9109119,88479.9117495,88479.913095,2.18309999036137
0,594,completed,88479.9320051,88479.9327928,88479.9334786,1.4735000004293397
1,594,completed,88479.9320058,88479.9328656,88479.9341703,2.1644999942509457
0,595,completed,88479.9746812,88479.9752946,88479.9758979,1.216700009535998
1,595,completed,88479.9746831,88479.9753774,88479.9765787,1.895600013085641
0,596,completed,88480.0011944,88480.0019198,88480.0026125,1.4181000005919486
1,596,completed,88480.0012042,88480.0019773,88480.0031568,1.952599996002391
0,597,completed,88480.035941,88480.0368167,88480.0375778,1.6368000069633126
1,597,completed,88480.0359703,88480.0369345,88480.0381015,2.1312000026227906
1,598,completed,88480.0758171,88480.076565,88480.0772656,1.4484999992419034
0,598,completed,88480.0758169,88480.0765011,88480.0779155,2.0986000017728657
0,599,completed,88480.0985423,88480.0992937,88480.0999702,1.4279000024544075
1,599,completed,88480.0985424,88480.0993375,88480.1005498,2.0074000058230013
1,600,completed,88480.1402176,88480.1410719,88480.1418431,1.625500008231029
0,600,completed,88480.1402501,88480.1410543,88480.1424045,2.154400004656054
0,601,completed,88480.1657531,88480.1663991,88480.166966,1.2129000097047538
1,601,completed,88480.1657366,88480.1664325,88480.1676208,1.8841999990399927
0,602,completed,88480.2025848,88480.2034184,88480.2041889,1.604099990800023
1,602,completed,88480.2025837,88480.2034389,88480.2047901,2.206400007707998
0,603,completed,88480.2374509,88480.2382716,88480.2389253,1.4744000072823837
1,603,completed,88480.2374385,88480.2382912,88480.2394739,2.035400000750087
0,604,completed,88480.2694837,88480.2701148,88480.2707518,1.268099993467331
1,604,completed,88480.2695163,88480.2702157,88480.2712452,1.7288999952143058
0,605,completed,88480.299773,88480.3004543,88480.3011603,1.3872999988961965
1,605,completed,88480.2997729,88480.3005061,88480.3016798,1.9068999972660094
0,606,completed,88480.334595,88480.3356446,88480.3364316,1.836600000387989
1,606,completed,88480.3345695,88480.3356896,88480.3370682,2.498699992429465
0,607,completed,88480.3800194,88480.3806566,88480.3812778,1.2583999923663214
1,607,completed,88480.3800395,88480.3807577,88480.3817853,1.7457999929320067
0,608,completed,88480.4040007,88480.4047169,88480.4055055,1.5048000059323385
1,608,completed,88480.4039938,88480.4048614,88480.4060361,2.0422999950824305
1,609,completed,88480.4389178,88480.4398665,88480.4406706,1.7528000025777146
0,609,completed,88480.438837,88480.4398545,88480.4413684,2.5314000085927546
1,610,completed,88480.4767473,88480.4774451,88480.4780659,1.3185999996494502
0,610,completed,88480.4767471,88480.4774007,88480.4785662,1.8191000126535073
1,611,completed,88480.5012967,88480.5021303,88480.5027542,1.4575000095646828
0,611,completed,88480.5013252,88480.5020954,88480.5033028,1.9775999971898273
0,612,completed,88480.5430158,88480.5439192,88480.5446577,1.6419000021414831
1,612,completed,88480.543017,88480.5438498,88480.5452096,2.192599989939481
0,613,completed,88480.5664288,88480.5670514,88480.5676841,1.2552999978652224
1,613,completed,88480.5664224,88480.5670718,88480.5681814,1.7589999915799126
0,614,completed,88480.6042979,88480.6057273,88480.6065539,2.255999992485158
1,614,completed,88480.6042759,88480.6057056,88480.6071828,2.906900001107715
1,615,completed,88480.6331787,88480.6341648,88480.6347726,1.593900000443682
0,615,completed,88480.6332144,88480.6341344,88480.6353246,2.1102000027894974
1,616,completed,88480.6692718,88480.6699532,88480.6706164,1.3446000084513798
0,616,completed,88480.6692775,88480.6699971,88480.6711312,1.8536999996285886
0,617,completed,88480.7095009,88480.7103583,88480.7111672,1.6662999987602234
1,617,completed,88480.709499,88480.7103895,88480.7117884,2.289399999426678
0,618,completed,88480.7373777,88480.7382099,88480.7390336,1.6558999923290685
1,618,completed,88480.7373563,88480.7382897,88480.7396288,2.272500001708977
0,619,completed,88480.7703167,88480.7708963,88480.7716165,1.299800002016127
1,619,completed,88480.7703349,88480.7709808,88480.772301,1.96610001148656
0,620,completed,88480.7998727,88480.8005715,88480.8014544,1.5817000094102696
1,620,completed,88480.7998924,88480.8006477,88480.802035,2.1426000021165237
1,621,completed,88480.8475163,88480.8488246,88480.8496798,2.1635000011883676
0,621,completed,88480.8475152,88480.8488466,88480.8503814,2.8661999967880547
0,622,completed,88480.8714423,88480.8720346,88480.8726091,1.1667999933706596
1,622,completed,88480.8714345,88480.8720964,88480.8731758,1.7413000023225322
0,623,completed,88480.9041602,88480.9048805,88480.9056097,1.4494999923044816
1,623,completed,88480.9041605,88480.9050137,88480.906171,2.0105000003241003
0,624,completed,88480.9318441,88480.9326077,88480.9332764,1.4322999923024327
1,624,completed,88480.9318317,88480.9326468,88480.9338113,1.9795999978668988
0,625,completed,88480.9693483,88480.9699602,88480.9705365,1.1881999962497503
1,625,completed,88480.9693115,88480.9699692,88480.9710386,1.727099996060133
1,626,completed,88481.0014461,88481.0022297,88481.0029104,1.4643000031355768
0,626,completed,88481.0014671,88481.0022422,88481.00348,2.012900004046969
0,627,completed,88481.0359285,88481.0368322,88481.0375792,1.6506999963894486
1,627,completed,88481.0359359,88481.0368611,88481.0381486,2.2126999974716455
0,628,completed,88481.0723425,88481.0729515,88481.0735814,1.2389000039547682
1,628,completed,88481.0723723,88481.0730441,88481.0741998,1.8275000038556755
0,629,completed,88481.0983939,88481.0990724,88481.0997426,1.348699996015057
1,629,completed,88481.0983705,88481.0991512,88481.1003793,2.0088000019313768
1,630,completed,88481.1332249,88481.1341824,88481.1347985,1.5736000059405342
0,630,completed,88481.1332624,88481.134142,88481.1355324,2.2699999972246587
0,631,completed,88481.1700452,88481.1706684,88481.1712479,1.2027000047964975
1,631,completed,88481.170053,88481.1707429,88481.1717618,1.7088000022340566
0,632,completed,88481.2025608,88481.2032435,88481.2040148,1.4539999974658713
1,632,completed,88481.2025539,88481.2033619,88481.20459,2.0360999915283173
0,633,completed,88481.2442069,88481.2449772,88481.2457403,1.5334000054281205
1,633,completed,88481.2442067,88481.2450723,88481.2462836,2.0769000111613423
0,634,completed,88481.2687749,88481.2693686,88481.2700394,1.2644999951589853
1,634,completed,88481.268804,88481.2694698,88481.2705775,1.7735000001266599
0,635,completed,88481.299775,88481.3004396,88481.3011725,1.3974999892525375
1,635,completed,88481.2997708,88481.300501,88481.3017396,1.9688000029418617
1,636,completed,88481.3418631,88481.3428253,88481.3435373,1.67420000070706
0,636,completed,88481.3418612,88481.3428707,88481.3441269,2.265700008138083
0,637,completed,88481.3666312,88481.3673231,88481.3679361,1.3048999971942976
1,637,completed,88481.3666191,88481.3673856,88481.3684801,1.8610000115586445
0,638,completed,88481.4126202,88481.4134966,88481.4141762,1.556000002892688
1,638,completed,88481.4126203,88481.4135086,88481.4147043,2.083999992464669
0,639,completed,88481.4402666,88481.4412076,88481.4422664,1.9998000061605126
1,639,completed,88481.440267,88481.4412769,88481.4431076,2.8406000055838376
0,640,completed,88481.4677943,88481.4686834,88481.4696992,1.904899996588938
1,640,completed,88481.4677948,88481.4687759,88481.4705263,2.731500004301779
0,641,completed,88481.5013578,88481.5023837,88481.5033246,1.966799987712875
1,641,completed,88481.5013578,88481.502466,88481.5039454,2.587599999969825
0,642,completed,88481.5366228,88481.5374378,88481.538124,1.5011999930720776
1,642,completed,88481.5366229,88481.5374312,88481.5387113,2.0883999968646094
0,643,completed,88481.5664225,88481.5670673,88481.5676892,1.2667000119108707
1,643,completed,88481.5664346,88481.5671225,88481.568209,1.774400006979704
0,644,completed,88481.5996079,88481.6002303,88481.6008416,1.2336999934632331
1,644,completed,88481.5996186,88481.600288,88481.6014102,1.7916000069817528
0,645,completed,88481.634151,88481.6347117,88481.6353926,1.2415999954100698
1,645,completed,88481.6343729,88481.6349516,88481.6359348,1.5619000041624531
0,646,completed,88481.6679604,88481.6687443,88481.6694239,1.4635000115958974
1,646,completed,88481.6679583,88481.66884,88481.6699585,2.00020000920631
0,647,completed,88481.7033224,88481.703949,88481.7046137,1.2912999955005944
1,647,completed,88481.7033542,88481.7040516,88481.7051752,1.8209999980172142
0,648,completed,88481.7313335,88481.731987,88481.73265,1.3164999982109293
1,648,completed,88481.7313335,88481.7320401,88481.7331661,1.832599999033846
0,649,completed,88481.7665176,88481.7671511,88481.7678416,1.3239999971119687
1,649,completed,88481.7665105,88481.7672463,88481.7683884,1.8778999947244301
0,650,completed,88481.7998973,88481.8005419,88481.8012628,1.3654999929713085
1,650,completed,88481.799897,88481.8006133,88481.8018583,1.9612999894889072
0,651,completed,88481.8415126,88481.8423651,88481.8431723,1.6596999921603128
1,651,completed,88481.8415192,88481.842459,88481.8438467,2.3274999985005707
0,652,completed,88481.8693788,88481.8705228,88481.8711451,1.7663000035099685
1,652,completed,88481.8693793,88481.8705719,88481.8717166,2.3373000003630295
0,653,completed,88481.8970582,88481.8977437,88481.8984384,1.3802000030409545
1,653,completed,88481.8970673,88481.8978245,88481.8989802,1.912899999297224
0,654,completed,88481.9319524,88481.9327584,88481.9335157,1.5633000002708286
1,654,completed,88481.9319429,88481.9328117,88481.9340647,2.121800003806129
0,655,completed,88481.9654245,88481.9662611,88481.9672106,1.786100008757785
1,655,completed,88481.9653986,88481.9662748,88481.9680309,2.6322999910917133
1,656,completed,88482.0011406,88482.0019487,88482.0026536,1.512999995611608
0,656,completed,88482.0011508,88482.0019409,88482.0032071,2.056299999821931
1,657,completed,88482.0429537,88482.04382,88482.0445445,1.5907999913906679
0,657,completed,88482.042961,88482.0437496,88482.045102,2.1410000044852495
0,658,completed,88482.0637454,88482.0643909,88482.0652145,1.4691000105813146
1,658,completed,88482.0707382,88482.0713107,88482.0720642,1.3259999977890402
0,659,completed,88482.0983885,88482.099027,88482.0997615,1.372999991872348
1,659,completed,88482.0984312,88482.0992483,88482.100321,1.889800012577325
0,660,completed,88482.1331632,88482.1338893,88482.1346103,1.447100003133528
1,660,completed,88482.1331379,88482.133989,88482.1351666,2.0286999933887273
1,661,completed,88482.1679418,88482.1687987,88482.1695342,1.5924000035738572
0,661,completed,88482.167942,88482.1687206,88482.1700475,2.105499996105209
0,662,completed,88482.2026315,88482.203433,88482.2041941,1.5626000094925985
1,662,completed,88482.2026297,88482.203508,88482.204852,2.2222999978112057
1,663,completed,88482.2304605,88482.2311329,88482.2318057,1.3451999984681606
0,663,completed,88482.2444758,88482.2451413,88482.2457904,1.3145999982953072
0,664,completed,88482.2651404,88482.2659513,88482.2666713,1.5309000009438023
1,664,completed,88482.2651493,88482.266019,88482.2672448,2.0954999927198514
0,665,completed,88482.2998174,88482.3006004,88482.3013686,1.5512000099988654
1,665,completed,88482.2998178,88482.300701,88482.3020012,2.1834000071976334
0,666,completed,88482.3348061,88482.335649,88482.3363044,1.4983000000938773
1,666,completed,88482.3347774,88482.3356678,88482.3369534,2.175999994506128
0,667,completed,88482.3693906,88482.3705451,88482.3712295,1.8389000033494085
1,667,completed,88482.3693906,88482.3705931,88482.3718461,2.4554999981774017
1,668,completed,88482.4108966,88482.4118584,88482.4126415,1.744900000630878
0,668,completed,88482.4109104,88482.4117517,88482.4132951,2.38470001204405
0,669,completed,88482.4319449,88482.4327387,88482.4336423,1.6974000027403235
1,669,completed,88482.4319453,88482.4328595,88482.4343293,2.383999992161989
1,670,completed,88482.4664724,88482.467347,88482.4680127,1.5402999997604638
0,670,completed,88482.4664722,88482.4675093,88482.4685191,2.0469000010052696
1,671,completed,88482.5014145,88482.5022185,88482.5028966,1.4820999931544065
0,671,completed,88482.5013949,88482.5021849,88482.5034496,2.054700002190657
0,672,completed,88482.536075,88482.5369478,88482.5378055,1.7305000073974952
1,672,completed,88482.5360755,88482.5370206,88482.5384873,2.4118000001180917
1,673,completed,88482.570595,88482.5714558,88482.5722249,1.629899998079054
0,673,completed,88482.5705952,88482.5716162,88482.5727522,2.1569999953499064
1,674,completed,88482.5985967,88482.5993943,88482.6000524,1.4556999958585948
0,674,completed,88482.5986027,88482.5994028,88482.6006171,2.014400000916794
1,675,completed,88482.633215,88482.6340111,88482.6347155,1.5005000022938475
0,675,completed,88482.6331936,88482.6340155,88482.6352852,2.0915999921271577
0,676,completed,88482.6681974,88482.6693734,88482.6702851,2.0877000060863793
1,676,completed,88482.6681829,88482.669338,88482.6709043,2.721400000154972
1,677,completed,88482.7096075,88482.7104643,88482.7111161,1.5086000057635829
0,677,completed,88482.7096072,88482.710431,88482.7116444,2.03719999990426
0,678,completed,88482.731262,88482.7320159,88482.7326321,1.3700999988941476
1,678,completed,88482.7312627,88482.7320774,88482.7332002,1.937499997438863
0,679,completed,88482.7670305,88482.7676407,88482.7682404,1.2098999868612736
1,679,completed,88482.7670469,88482.7677278,88482.7687495,1.7025999986799434
0,680,completed,88482.7971633,88482.7978139,88482.7984189,1.2556000001495704
1,680,completed,88482.7971609,88482.7978713,88482.7989237,1.7628000059630722
0,681,completed,88482.8347304,88482.8355941,88482.8364827,1.752299998770468
1,681,completed,88482.8347314,88482.8357332,88482.8372305,2.4990999954752624
0,682,completed,88482.8691757,88482.8700121,88482.8706678,1.492099996539764
1,682,completed,88482.8691861,88482.8700257,88482.8712496,2.0634999964386225
0,683,completed,88482.904064,88482.9048086,88482.9054981,1.4340999914566055
1,683,completed,88482.9040643,88482.9048675,88482.9063801,2.3157999967224896
0,684,completed,88482.9318502,88482.9327232,88482.9333919,1.5417000104207546
1,684,completed,88482.9318506,88482.9327767,88482.9339735,2.1228999976301566
0,685,completed,88482.9666629,88482.9676922,88482.9683558,1.6928999975789338
1,685,completed,88482.9666727,88482.9677284,88482.968903,2.2303000005194917
0,686,completed,88483.0101795,88483.0107982,88483.0113989,1.2194000009912997
1,686,completed,88483.0101601,88483.0108099,88483.0118922,1.7320999904768541
0,687,completed,88483.0428957,88483.0437817,88483.0445031,1.607400001375936
1,687,completed,88483.0428909,88483.0438319,88483.0451057,2.2147999989101663
1,688,completed,88483.0707915,88483.0715956,88483.0722872,1.495700009400025
0,688,completed,88483.0708226,88483.0715694,88483.0728361,2.01349999406375
0,689,completed,88483.0985091,88483.0992707,88483.099924,1.414899990777485
1,689,completed,88483.0985094,88483.0993234,88483.1005022,1.9927999965148047
0,690,completed,88483.1331188,88483.1338548,88483.1347099,1.5910999936750159
1,690,completed,88483.1331206,88483.1339045,88483.1353144,2.193799999076873
0,691,completed,88483.167871,88483.1685624,88483.1692569,1.385900002787821
1,691,completed,88483.1679048,88483.1686579,88483.1698346,1.9298000115668401
0,692,completed,88483.2026549,88483.2033798,88483.2040697,1.414800004567951
1,692,completed,88483.2026545,88483.2034501,88483.2045987,1.9442000048002228
0,693,completed,88483.2372663,88483.2380068,88483.2386754,1.4091000048210844
1,693,completed,88483.2372666,88483.2380639,88483.2393915,2.124899998307228
0,694,completed,88483.2652029,88483.2658443,88483.2665714,1.3685000012628734
1,694,completed,88483.265196,88483.2659878,88483.2671991,2.0031000021845102
0,695,completed,88483.2997964,88483.3005079,88483.3011668,1.3704000011784956
1,695,completed,88483.2997789,88483.3005341,88483.3018546,2.07570000202395
0,696,completed,88483.3345942,88483.335393,88483.3361302,1.5359999961219728
1,696,completed,88483.3345945,88483.3354832,88483.3368651,2.2706000017933547
0,697,completed,88483.3692494,88483.3699559,88483.3705917,1.3423000054899603
1,697,completed,88483.3692653,88483.3700723,88483.3712935,2.0281999895814806
0,698,completed,88483.4040269,88483.404743,88483.4053508,1.3239000109024346
1,698,completed,88483.4040271,88483.4048003,88483.4058904,1.8632999999681488
0,699,completed,88483.4317894,88483.4325017,88483.4332618,1.4724000066053122
1,699,completed,88483.4317956,88483.4325941,88483.4338576,2.0619999995687976
0,700,completed,88483.4665743,88483.4672685,88483.4679309,1.356600012513809
1,700,completed,88483.4665784,88483.4673538,88483.4684888,1.910400009364821
1,701,completed,88483.5082845,88483.5090392,88483.5096895,1.405000002705492
0,701,completed,88483.5082847,88483.5090694,88483.5102218,1.9370999943930656
0,702,completed,88483.5358827,88483.5365837,88483.5373084,1.4257000002544373
1,702,completed,88483.535893,88483.5366564,88483.5378908,1.997800005483441
0,703,completed,88483.5706599,88483.5713654,88483.5721243,1.4644000038970262
1,703,completed,88483.57064,88483.5714064,88483.572729,2.0890000014333054
0,704,completed,88483.5983626,88483.5990539,88483.5997209,1.3583000109065324
1,704,completed,88483.598349,88483.5990841,88483.6002402,1.8911999941337854
0,705,completed,88483.6330832,88483.6338383,88483.634641,1.5578000020468608
1,705,completed,88483.6331089,88483.6339721,88483.6352233,2.114400005666539
0,706,completed,88483.6775785,88483.6782538,88483.6788735,1.2949999945703894
1,706,completed,88483.6775656,88483.6785318,88483.6793693,1.8037000118056312
0,707,completed,88483.702522,88483.7032744,88483.7039659,1.4438999933190644
1,707,completed,88483.702522,88483.7033426,88483.7045197,1.9976999901700765
0,708,completed,88483.7404717,88483.7411752,88483.7418468,1.3750999933108687
1,708,completed,88483.7404734,88483.7412514,88483.7423577,1.884299999801442
0,709,completed,88483.7650251,88483.7657423,88483.7663428,1.3176999927964061
1,709,completed,88483.7650254,88483.7657929,88483.7668587,1.833299989812076
0,710,completed,88483.7999318,88483.8010449,88483.8016232,1.691400000709109
1,710,completed,88483.799932,88483.8010628,88483.8021513,2.219300004071556
0,711,completed,88483.8450503,88483.8458178,88483.8464673,1.416999992216006
1,711,completed,88483.8450513,88483.8458713,88483.8470062,1.9548999989638105
0,712,completed,88483.8693863,88483.8703529,88483.8710261,1.6398000007029623
1,712,completed,88483.8694342,88483.8704422,88483.8716149,2.1807000011904165
0,713,completed,88483.9040839,88483.9048309,88483.905461,1.3771000085398555
1,713,completed,88483.904084,88483.9048918,88483.9060038,1.9198000081814826
1,714,completed,88483.9317537,88483.932471,88483.9331425,1.3887999957660213
0,714,completed,88483.9317986,88483.932479,88483.9337078,1.909200000227429
0,715,completed,88483.9664975,88483.9671276,88483.9678383,1.3407999940682203
1,715,completed,88483.9665288,88483.9673093,88483.9683768,1.847999999881722
0,716,completed,88484.0108283,88484.0114989,88484.0121313,1.3029999972786754
1,716,completed,88484.0108283,88484.0115512,88484.0126915,1.8631999992066994
0,717,completed,88484.0358575,88484.0366016,88484.0373557,1.498199999332428
1,717,completed,88484.0358721,88484.036776,88484.037974,2.1019000123487785
0,718,completed,88484.0706425,88484.0713265,88484.0721227,1.4802000077906996
1,718,completed,88484.0706434,88484.0714876,88484.0727153,2.071900002192706
0,719,completed,88484.0986002,88484.0996495,88484.1002661,1.665899995714426
1,719,completed,88484.0985816,88484.0997018,88484.1008205,2.2388999932445586
0,720,completed,88484.1333551,88484.1342587,88484.1349296,1.574499998241663
1,720,completed,88484.1333692,88484.1342841,88484.1355403,2.1711000008508563
0,721,completed,88484.176823,88484.1774936,88484.1781524,1.3293999945744872
1,721,completed,88484.1769208,88484.1776715,88484.1787019,1.7810999997891486
0,722,completed,88484.2026862,88484.2038333,88484.2044414,1.7551999917486683
1,722,completed,88484.2027092,88484.2038799,88484.204975,2.265799994347617
0,723,completed,88484.2305654,88484.2312795,88484.2318655,1.3001000043004751
1,723,completed,88484.2305738,88484.2312736,88484.2324027,1.828899999964051
0,724,completed,88484.2653695,88484.2663424,88484.2670531,1.6835999995237216
1,724,completed,88484.2653699,88484.2663601,88484.267703,2.333100012037903
1,725,completed,88484.2998866,88484.3007132,88484.3014438,1.5571999974781647
0,725,completed,88484.299892,88484.3007619,88484.3020381,2.14609999966342
0,726,completed,88484.334394,88484.3350941,88484.3357227,1.3286999892443419
1,726,completed,88484.3343943,88484.3351476,88484.336275,1.8806999869411811
0,727,completed,88484.369467,88484.3703253,88484.3710123,1.5453000087291002
1,727,completed,88484.3694317,88484.3703734,88484.3716007,2.1689999994123355
1,728,completed,88484.3969846,88484.3977357,88484.3983931,1.4085000002523884
0,728,completed,88484.3969944,88484.3977064,88484.3989565,1.9620999955805019
1,729,completed,88484.4319213,88484.4326957,88484.4333153,1.3940000062575564
0,729,completed,88484.4319242,88484.4327018,88484.4338364,1.9121999939670786
0,730,completed,88484.4663612,88484.4670391,88484.4676788,1.317600006586872
1,730,completed,88484.4663761,88484.4671132,88484.4683624,1.9863000052282587
0,731,completed,88484.5011647,88484.5018379,88484.5024849,1.3201999972807243
1,731,completed,88484.5011893,88484.5019187,88484.5031331,1.9438000017544255
0,732,completed,88484.5360904,88484.5367649,88484.5374448,1.3543999957619235
1,732,completed,88484.5360819,88484.5368558,88484.5380138,1.9318999984534457
1,733,completed,88484.5636643,88484.5641261,88484.5647396,1.0752999951364473
0,733,completed,88484.5707705,88484.5714592,88484.5721067,1.3362000026972964
0,734,completed,88484.5985909,88484.5993596,88484.6000502,1.4592999941669405
1,734,completed,88484.5985909,88484.5994353,88484.600613,2.022100001340732
0,735,completed,88484.6404188,88484.6413246,88484.6421299,1.7111000051954761
1,735,completed,88484.6404287,88484.6414061,88484.6428272,2.3985000007087365
1,736,completed,88484.6677647,88484.6685648,88484.6691727,1.4079999964451417
0,736,completed,88484.6677645,88484.6685158,88484.6697328,1.968299999134615
0,737,completed,88484.7027009,88484.7038698,88484.7045362,1.8353000050410628
1,737,completed,88484.702702,88484.7039504,88484.7050934,2.3914000048534945
1,738,completed,88484.730525,88484.7312456,88484.7318746,1.3495999883161858
0,738,completed,88484.7305429,88484.7312226,88484.7324207,1.877800008514896
0,739,completed,88484.7651851,88484.7660793,88484.7667257,1.5406000020448118
1,739,completed,88484.765187,88484.7661335,88484.7673368,2.149799998733215
0,740,completed,88484.7997261,88484.8004665,88484.8010805,1.3543999957619235
1,740,completed,88484.7997225,88484.8004975,88484.8015979,1.8754000047920272
0,741,completed,88484.8346029,88484.8352324,88484.8358741,1.2712000025203452
1,741,completed,88484.8345868,88484.8352843,88484.83638,1.7931999900611117
0,742,completed,88484.8695256,88484.8703222,88484.8714111,1.8854999943869188
1,742,completed,88484.8695346,88484.8705255,88484.872153,2.6184000016655773
1,743,completed,88484.8976556,88484.8987995,88484.8996008,1.945199997862801
0,743,completed,88484.8977396,88484.8988393,88484.9004486,2.709000007598661
0,744,completed,88484.931834,88484.9324712,88484.9331115,1.2774999922839925
1,744,completed,88484.9318578,88484.9325974,88484.9336355,1.7777000030037016
0,745,completed,88484.9735242,88484.9745221,88484.9751743,1.6500999918207526
1,745,completed,88484.9734975,88484.9745158,88484.9757452,2.2477000020444393
0,746,completed,88485.008225,88485.0088933,88485.0096666,1.44160000490956
1,746,completed,88485.0082403,88485.0090964,88485.0102228,1.9825000053970143
0,747,completed,88485.0358648,88485.0366596,88485.0373176,1.4528000028803945
1,747,completed,88485.035865,88485.0367088,88485.0378559,1.9908999965991825
0,748,completed,88485.0706325,88485.0713326,88485.0719658,1.333299995167181
1,748,completed,88485.0706579,88485.0713398,88485.072503,1.8451000069035217
0,749,completed,88485.0985387,88485.0995915,88485.1003096,1.7709000094328076
1,749,completed,88485.0985196,88485.0996505,88485.1008564,2.336799996555783
0,750,completed,88485.1330009,88485.1336469,88485.1343255,1.3246000016806647
1,750,completed,88485.1330127,88485.133759,88485.1349249,1.9122000085189939
0,751,completed,88485.1678486,88485.1685212,88485.1691594,1.3107999984640628
1,751,completed,88485.1678239,88485.1685588,88485.1696969,1.8730000010691583
0,752,completed,88485.2027268,88485.2038104,88485.204407,1.6802000027382746
1,752,completed,88485.2027537,88485.2038587,88485.2049737,2.2200000094017014
0,753,completed,88485.2306122,88485.2312463,88485.2318781,1.265900005819276
1,753,completed,88485.2306162,88485.2313356,88485.2324604,1.8442000000504777
0,754,completed,88485.2650957,88485.2658243,88485.2665208,1.4250999956857413
1,754,completed,88485.2650768,88485.2658747,88485.2671344,2.0575999951688573
0,755,completed,88485.2997455,88485.3004132,88485.3010402,1.2947000068379566
1,755,completed,88485.299769,88485.3004799,88485.3015471,1.7780999914975837
0,756,completed,88485.3346341,88485.3353047,88485.3359458,1.3117000053171068
1,756,completed,88485.334645,88485.3353792,88485.3364996,1.8546000064816326
0,757,completed,88485.3693626,88485.3704535,88485.3713507,1.9881000043824315
1,757,completed,88485.3693661,88485.3704846,88485.372496,3.129899996565655
0,758,completed,88485.4038889,88485.4046345,88485.4053252,1.436300008208491
1,758,completed,88485.403889,88485.4047292,88485.4061277,2.238700006273575
0,759,completed,88485.4317467,88485.4325244,88485.4332286,1.481900006183423
1,759,completed,88485.4317471,88485.4326089,88485.4337767,2.0296000002417713
0,760,completed,88485.4665237,88485.4674965,88485.468329,1.8052999948849902
1,760,completed,88485.4664956,88485.4675483,88485.4688847,2.389100001892075
0,761,completed,88485.5011152,88485.5018229,88485.5024954,1.3802000030409545
1,761,completed,88485.5011302,88485.5018696,88485.5029821,1.8519000004744157
0,762,completed,88485.5359265,88485.5368437,88485.5375489,1.6223999991780147
1,762,completed,88485.5359354,88485.5368861,88485.5381049,2.169500003219582
0,763,completed,88485.563647,88485.5644121,88485.5651051,1.4580999995814636
1,763,completed,88485.5636448,88485.5645025,88485.5656975,2.0527000015135854
0,764,completed,88485.6005816,88485.6012276,88485.6018299,1.2483000027714297
1,764,completed,88485.6005823,88485.6012721,88485.6024653,1.8830000044545159
0,765,completed,88485.6332152,88485.6339204,88485.634619,1.4038000081200153
1,765,completed,88485.6332056,88485.6339794,88485.6351646,1.9590000010794029
1,766,completed,88485.66767,88485.6684551,88485.6692311,1.5610999980708584
0,766,completed,88485.6676971,88485.6684546,88485.669852,2.1549000084633008
1,767,completed,88485.7023462,88485.7037067,88485.7044435,2.0972999918740243
0,767,completed,88485.702346,88485.7036583,88485.7050185,2.672499991604127
1,768,completed,88485.7370657,88485.7380923,88485.7389329,1.8672000005608425
0,768,completed,88485.7370751,88485.7381947,88485.7395087,2.4336000060429797
1,769,completed,88485.7661872,88485.7669187,88485.7675857,1.3984999968670309
0,769,completed,88485.766406,88485.7670811,88485.768103,1.6969999996945262
0,770,completed,88485.8008632,88485.8015368,88485.8021755,1.3122999953338876
1,770,completed,88485.8008635,88485.8015862,88485.8029486,2.0851000008406118
0,771,completed,88485.83478,88485.8356852,88485.8363878,1.607799989869818
1,771,completed,88485.8347803,88485.8356808,88485.8371839,2.403599995886907
0,772,completed,88485.8700965,88485.8709707,88485.8717044,1.6078999906312674
1,772,completed,88485.8700971,88485.8710353,88485.8728044,2.707299994654022
1,773,completed,88485.8986904,88485.8993832,88485.900026,1.3355999981286004
0,773,completed,88485.8986905,88485.8993557,88485.9006007,1.9101999932900071
0,774,completed,88485.9384118,88485.9396161,88485.9407167,2.3049000010360032
1,774,completed,88485.9384145,88485.9397435,88485.9414355,3.02100001135841
0,775,completed,88485.9799594,88485.9813315,88485.9820278,2.0683999900938943
1,775,completed,88485.979955,88485.9813419,88485.9825886,2.6336000009905547
0,776,completed,88486.0016611,88486.0025329,88486.0034199,1.758799990057014
1,776,completed,88486.0016611,88486.0026665,88486.0041838,2.522700000554323
0,777,completed,88486.0428338,88486.0436343,88486.0444204,1.5865999885136262
1,777,completed,88486.0428301,88486.0437568,88486.0449998,2.1696999901905656
0,778,completed,88486.0671288,88486.0677668,88486.0683619,1.2331000034464523
1,778,completed,88486.0671124,88486.0677877,88486.0688643,1.7519000102765858
0,779,completed,88486.0996488,88486.1003709,88486.1010369,1.3881000049877912
1,779,completed,88486.0996352,88486.1004151,88486.1016302,1.99500001326669
0,780,completed,88486.1339027,88486.1347117,88486.1354821,1.5793999918969348
1,780,completed,88486.1338776,88486.1348233,88486.1361303,2.2526999964611605
0,781,completed,88486.1691355,88486.1700505,88486.1709088,1.7733000131556764
1,781,completed,88486.1690038,88486.1701806,88486.1715926,2.588800009107217
1,782,completed,88486.2098299,88486.210819,88486.211762,1.9320999999763444
0,782,completed,88486.209845,88486.2108305,88486.2124429,2.5978999910876155
0,783,completed,88486.2307243,88486.2316191,88486.232503,1.778700010618195
1,783,completed,88486.230693,88486.231848,88486.2331724,2.4793999909888953
0,784,completed,88486.2723562,88486.2734547,88486.2743967,2.0404999959282577
1,784,completed,88486.2723627,88486.2734524,88486.27507,2.7073000092059374
0,785,completed,88486.3000201,88486.3007723,88486.3014182,1.3981000083731487
1,785,completed,88486.3000046,88486.3008168,88486.3019215,1.916900000651367
0,786,completed,88486.3347354,88486.335379,88486.3360074,1.2719999940600246
1,786,completed,88486.3347302,88486.3354456,88486.3365468,1.8165999936172739
1,787,completed,88486.365272,88486.3662404,88486.3669594,1.687399999354966
0,787,completed,88486.3654182,88486.3664698,88486.3675207,2.1025000023655593
0,788,completed,88486.3987943,88486.3994518,88486.4001256,1.3313000090420246
1,788,completed,88486.398834,88486.39954,88486.4006853,1.8512999959057197
1,789,completed,88486.4333463,88486.4340046,88486.4346397,1.2934000114910305
0,789,completed,88486.433388,88486.43408,88486.4351484,1.7604000022402033
0,790,completed,88486.4771478,88486.4777901,88486.4783679,1.2200999917695299
1,790,completed,88486.4771529,88486.4778455,88486.4788292,1.676300002145581
0,791,completed,88486.501269,88486.5019681,88486.502659,1.3900000049034134
1,791,completed,88486.5012764,88486.5020289,88486.5032522,1.9757999980356544
0,792,completed,88486.536081,88486.5368744,88486.5376142,1.5332000039052218
1,792,completed,88486.5360964,88486.5369518,88486.5382104,2.1140000026207417
0,793,completed,88486.5645874,88486.5652843,88486.5660092,1.4217999996617436
1,793,completed,88486.5646026,88486.5654697,88486.5666603,2.0576999959303066
1,794,completed,88486.5984429,88486.5992094,88486.5999257,1.482799998484552
0,794,completed,88486.5984836,88486.5991836,88486.6004913,2.0077000081073493
0,795,completed,88486.6340108,88486.6346814,88486.6353559,1.3450999977067113
1,795,completed,88486.6340413,88486.6347682,88486.6359079,1.8665999959921464
0,796,completed,88486.6686505,88486.669307,88486.6700311,1.3806000060867518
1,796,completed,88486.6686414,88486.6694035,88486.6706332,1.9918000034522265
1,797,completed,88486.7025748,88486.7033467,88486.7041988,1.6239999968092889
0,797,completed,88486.7025958,88486.7034101,88486.7047807,2.184900004067458
0,798,completed,88486.7310841,88486.7317263,88486.7324038,1.3196999934734777
1,798,completed,88486.7311134,88486.7318332,88486.7330282,1.9147999992128462
0,799,completed,88486.777217,88486.7778428,88486.7785321,1.3151000021025538
1,799,completed,88486.7772411,88486.7779294,88486.7791564,1.9153000030200928
0,800,completed,88486.8067635,88486.8075397,88486.8085575,1.7939999961527064
1,800,completed,88486.8067648,88486.8075911,88486.8091653,2.400500001385808
0,801,completed,88486.8354532,88486.8361209,88486.8368132,1.360000009299256
1,801,completed,88486.8354536,88486.8361923,88486.8374857,2.0321000047260895
0,802,completed,88486.8702134,88486.870897,88486.8715203,1.3068999978713691
1,802,completed,88486.8702147,88486.8709292,88486.8720357,1.8209999980172142
0,803,completed,88486.8992715,88486.8999376,88486.9006111,1.3395999994827434
1,803,completed,88486.8992727,88486.8999952,88486.9011501,1.8774000054690987
0,804,completed,88486.9325136,88486.9331244,88486.9337397,1.2261000083526596
1,804,completed,88486.9325119,88486.933182,88486.9342096,1.6977000050246716
1,805,completed,88486.9675551,88486.9683393,88486.9689208,1.3657000090461224
0,805,completed,88486.9676007,88486.9683118,88486.9694299,1.829200002248399
0,806,completed,88487.0024934,88487.0031644,88487.0038066,1.3132000021869317
1,806,completed,88487.0024696,88487.0032231,88487.004324,1.8543999904068187
0,807,completed,88487.0371219,88487.0377671,88487.0384183,1.29640000523068
1,807,completed,88487.0371222,88487.0378281,88487.0389528,1.8305999983567744
1,808,completed,88487.0717674,88487.0724379,88487.0730676,1.3001999905100092
0,808,completed,88487.0718668,88487.0725042,88487.0735888,1.7220000008819625
0,809,completed,88487.099428,88487.1001512,88487.1008068,1.3787999923806638
1,809,completed,88487.0994344,88487.1002151,88487.1013848,1.9503999938024208
0,810,completed,88487.1342361,88487.1348912,88487.1355536,1.3175000058254227
1,810,completed,88487.1343618,88487.1350489,88487.1361212,1.7594000091776252
0,811,completed,88487.1759629,88487.1766908,88487.1774218,1.4589000056730583
1,811,completed,88487.1759309,88487.1767622,88487.1780241,2.093199989758432
0,812,completed,88487.2034907,88487.204155,88487.2047714,1.2806999875465408
1,812,completed,88487.2034907,88487.2042137,88487.2053117,1.8209999980172142
0,813,completed,88487.2387678,88487.2397427,88487.240683,1.9152000022586435
1,813,completed,88487.23876,88487.2397592,88487.2414908,2.730800013523549
0,814,completed,88487.2652978,88487.2662016,88487.2670122,1.7144000012194738
1,814,completed,88487.265302,88487.266271,88487.2676057,2.3037000064505264
1,815,completed,88487.2999906,88487.3008426,88487.3018488,1.858199990238063
0,815,completed,88487.3000167,88487.3008997,88487.3025176,2.5008999946294352
0,816,completed,88487.3363131,88487.3372349,88487.3380026,1.6895000007934868
1,816,completed,88487.336311,88487.3373303,88487.3387809,2.4698999914107844
0,817,completed,88487.3634076,88487.3641138,88487.3648693,1.4616999978898093
1,817,completed,88487.3634164,88487.3642034,88487.3654788,2.062400002614595
0,818,completed,88487.3983336,88487.3990419,88487.3996897,1.3561000087065622
1,818,completed,88487.3983396,88487.3990944,88487.4002731,1.93349999608472
0,819,completed,88487.4327952,88487.4335204,88487.434191,1.395799990859814
1,819,completed,88487.4328006,88487.4335784,88487.4348026,2.0019999938085675
1,820,completed,88487.4666023,88487.4674311,88487.4681745,1.5721999952802435
0,820,completed,88487.4666308,88487.4675085,88487.4688613,2.2305000020423904
0,821,completed,88487.5023402,88487.5031704,88487.5039019,1.5617000026395544
1,821,completed,88487.5023408,88487.5032234,88487.5045591,2.2182999964570627
1,822,completed,88487.5362663,88487.5375121,88487.5384178,2.1514999971259385
0,822,completed,88487.5365937,88487.5376192,88487.5390759,2.4821999977575615
1,823,completed,88487.5640018,88487.564813,88487.5656367,1.6349000070476905
0,823,completed,88487.5640111,88487.5648442,88487.5662508,2.2396999993361533
1,824,completed,88487.5985937,88487.599429,88487.6001751,1.5814000071259215
0,824,completed,88487.5986071,88487.5993747,88487.6007973,2.1902000007685274
0,825,completed,88487.630768,88487.6314344,88487.6321352,1.367199991364032
1,825,completed,88487.6307759,88487.6316137,88487.6328164,2.0404999959282577
0,826,completed,88487.6756288,88487.6765028,88487.6772607,1.6318999987561256
1,826,completed,88487.6756357,88487.6765537,88487.6778954,2.2597000061068684
1,827,completed,88487.7022166,88487.7034701,88487.7046577,2.441100004944019
0,827,completed,88487.7023658,88487.7039421,88487.7056172,3.25140000495594
0,828,completed,88487.7305931,88487.7312487,88487.731988,1.3948999985586852
1,828,completed,88487.7382529,88487.7395031,88487.7408522,2.599300001747906
1,829,completed,88487.7652612,88487.7664167,88487.7673093,2.0481000101426616
0,829,completed,88487.7652551,88487.7663496,88487.7680022,2.7470999921206385
0,830,completed,88487.8000287,88487.8007441,88487.8016494,1.6207000007852912
1,830,completed,88487.8001246,88487.8010277,88487.8023945,2.2698999964632094
0,831,completed,88487.8356122,88487.8362935,88487.8369167,1.3045000087004155
1,831,completed,88487.8355992,88487.8363439,88487.8375583,1.9591000018408522
0,832,completed,88487.8720729,88487.8727091,88487.8733282,1.2552999978652224
1,832,completed,88487.8720542,88487.8727451,88487.8738602,1.8060000002151355
1,833,completed,88487.8979445,88487.8986664,88487.899238,1.2934999977005646
0,833,completed,88487.8979887,88487.8987304,88487.899734,1.7453000036766753
0,834,completed,88487.9328131,88487.9335444,88487.9341629,1.3498000043909997
1,834,completed,88487.9328186,88487.9336019,88487.9347065,1.8878999981097877
0,835,completed,88487.9690605,88487.9696698,88487.9702696,1.2090999953215942
1,835,completed,88487.9690779,88487.9698503,88487.9707603,1.6824000049382448
0,836,completed,88488.0023072,88488.0032011,88488.003913,1.6057999891927466
1,836,completed,88488.0023002,88488.0033113,88488.0045,2.1998000011080876
0,837,completed,88488.0349662,88488.0360484,88488.0376485,2.682300008018501
1,837,completed,88488.0349977,88488.0363311,88488.0388995,3.901799995219335
0,838,completed,88488.0676116,88488.0685564,88488.0695101,1.8985000060638413
1,838,completed,88488.0676128,88488.0687937,88488.0704934,2.8805999900214374
0,839,completed,88488.0988427,88488.0997909,88488.1007257,1.8830000044545159
1,839,completed,88488.0988964,88488.0999792,88488.1016065,2.7101000014226884
1,840,completed,88488.1424405,88488.1435716,88488.1443997,1.9592000026023015
0,840,completed,88488.1424394,88488.1436093,88488.1450978,2.6584000006550923
1,841,completed,88488.168314,88488.1697808,88488.1707131,2.3991000052774325
0,841,completed,88488.168332,88488.1698568,88488.1716074,3.275399998528883
0,842,completed,88488.2029728,88488.2040546,88488.2049229,1.9500999915180728
1,842,completed,88488.2029732,88488.2040712,88488.2055673,2.5941000058082864
0,843,completed,88488.2471628,88488.2480441,88488.248727,1.5641999925719574
1,843,completed,88488.2471921,88488.2480877,88488.2492907,2.0986000017728657
0,844,completed,88488.2679618,88488.2686699,88488.2692998,1.3380000018514693
1,844,completed,88488.2679624,88488.2687496,88488.2698001,1.8376999942120165
1,845,completed,88488.3012065,88488.3020111,88488.3028461,1.6396000137319788
0,845,completed,88488.3012068,88488.3020788,88488.3035394,2.3326000082306564
0,846,completed,88488.3349949,88488.3359695,88488.3368596,1.8646999960765243
1,846,completed,88488.3349987,88488.3360799,88488.3374727,2.474000008078292
0,847,completed,88488.3638531,88488.3647478,88488.3656805,1.8274000030942261
1,847,completed,88488.3638994,88488.3649207,88488.3663367,2.4372999905608594
1,848,completed,88488.3987852,88488.3996284,88488.4004061,1.6209000023081899
0,848,completed,88488.3987785,88488.3996671,88488.4010065,2.227999997558072
0,849,completed,88488.435828,88488.4365458,88488.4372592,1.4311999984784052
1,849,completed,88488.4358506,88488.4366475,88488.4379854,2.1348000009311363
0,850,completed,88488.4670253,88488.4682174,88488.4691675,2.1422000136226416
1,850,completed,88488.4670171,88488.4682323,88488.4698278,2.8106999961892143
1,851,completed,88488.5024754,88488.5032523,88488.5040411,1.5656999894417822
0,851,completed,88488.5024848,88488.5033297,88488.5047412,2.2563999955309555
0,852,completed,88488.5359787,88488.5369046,88488.5379856,2.0069000020157546
1,852,completed,88488.5359706,88488.5370638,88488.5388157,2.845099996193312
1,853,completed,88488.5638609,88488.565072,88488.5660735,2.212599996710196
0,853,completed,88488.563873,88488.5650353,88488.566784,2.910999988671392
0,854,completed,88488.6020425,88488.6027735,88488.6034498,1.4072999911149964
1,854,completed,88488.6020349,88488.6028346,88488.6039802,1.9452999986242503
0,855,completed,88488.6345587,88488.6355619,88488.636606,2.047300004051067
1,855,completed,88488.6345353,88488.6356582,88488.6373581,2.8227999864611775
0,856,completed,88488.6681425,88488.6692521,88488.6702973,2.1548000077018514
1,856,completed,88488.6681717,88488.6693663,88488.6710074,2.8356999973766506
0,857,completed,88488.7096736,88488.71072,88488.7114995,1.8259000062244013
1,857,completed,88488.7096656,88488.7106811,88488.7121901,2.524499999708496
0,858,completed,88488.7315707,88488.7323043,88488.7329773,1.4066000003367662
1,858,completed,88488.731586,88488.7323762,88488.7335436,1.9576000049710274
0,859,completed,88488.7667355,88488.7675399,88488.7682632,1.527700005681254
1,859,completed,88488.7667472,88488.7676418,88488.7687989,2.051699993899092
0,860,completed,88488.8010393,88488.8018139,88488.8025422,1.5029000060167164
1,860,completed,88488.8010354,88488.8019016,88488.8031296,2.0941999973729253
0,861,completed,88488.8356898,88488.8364222,88488.8372171,1.5272999880835414
1,861,completed,88488.8356724,88488.8365288,88488.8378236,2.1511999948415905
1,862,completed,88488.8638024,88488.8645681,88488.8652342,1.4318000030471012
0,862,completed,88488.8638149,88488.8646091,88488.8657526,1.9376999989617616
0,863,completed,88488.897257,88488.8980813,88488.8988196,1.5625999949406832
1,863,completed,88488.8972788,88488.8981744,88488.9000481,2.769300001091324
1,864,completed,88488.9399005,88488.9408437,88488.9416041,1.7035999917425215
0,864,completed,88488.9399251,88488.9408073,88488.9422154,2.290300006279722
0,865,completed,88488.9678347,88488.9686305,88488.9693243,1.489599992055446
1,865,completed,88488.9678351,88488.9686448,88488.9698862,2.051099989330396
0,866,completed,88489.0024248,88489.0033299,88489.0041216,1.6967999981716275
1,866,completed,88489.0024119,88489.0034623,88489.004669,2.257100000861101
0,867,completed,88489.037048,88489.0381416,88489.0390172,1.969200005987659
1,867,completed,88489.0370339,88489.0382689,88489.0396221,2.588200004538521
0,868,completed,88489.0677703,88489.0686679,88489.0692727,1.5024000022094697
1,868,completed,88489.0677725,88489.0686777,88489.0697831,2.0106000010855496
1,869,completed,88489.1015639,88489.1024625,88489.103119,1.5551000105915591
0,869,completed,88489.1015635,88489.1024768,88489.1036466,2.0831000001635402
1,870,completed,88489.1334953,88489.1346291,88489.1355084,2.0130999910179526
0,870,completed,88489.133494,88489.13461,88489.1361772,2.68320000031963
0,871,completed,88489.1778471,88489.1786225,88489.1793776,1.530499997898005
1,871,completed,88489.1778535,88489.1787259,88489.1799986,2.1450999920489267
0,872,completed,88489.2028378,88489.2037389,88489.2045163,1.6785000043455511
1,872,completed,88489.2028097,88489.2037678,88489.2052061,2.3963999992702156
0,873,completed,88489.2308219,88489.2318798,88489.2329132,2.091300004394725
1,873,completed,88489.2308218,88489.2320246,88489.2337597,2.937900004326366
1,874,completed,88489.2670932,88489.2679902,88489.2687843,1.691099998424761
0,874,completed,88489.2670963,88489.2680413,88489.2694,2.3037000064505264
0,875,completed,88489.3112716,88489.3121658,88489.3128749,1.6032999992603436
1,875,completed,88489.3112844,88489.3122531,88489.3138909,2.6064999983645976
0,876,completed,88489.3328182,88489.3335792,88489.3344511,1.632900006370619
1,876,completed,88489.3328179,88489.3337267,88489.3351679,2.350000009755604
0,877,completed,88489.3707481,88489.3714379,88489.3721512,1.40310000278987
1,877,completed,88489.3707558,88489.3715295,88489.3728229,2.067099994746968
0,878,completed,88489.4071809,88489.407931,88489.4085773,1.39639999542851
1,878,completed,88489.4071653,88489.4079701,88489.4091056,1.9403000042075291
0,879,completed,88489.4397996,88489.4404763,88489.4413264,1.52679999882821
1,879,completed,88489.4398146,88489.4405745,88489.4418678,2.053199990768917
0,880,completed,88489.4673016,88489.4680414,88489.4687666,1.464999993913807
1,880,completed,88489.4672659,88489.4680775,88489.4694015,2.1355999924708158
0,881,completed,88489.5008022,88489.5015061,88489.5021718,1.3696000096388161
1,881,completed,88489.5008233,88489.501614,88489.5028723,2.0490000024437904
0,882,completed,88489.5449566,88489.545843,88489.5465179,1.561299999593757
1,882,completed,88489.5449999,88489.5459501,88489.5470576,2.0576999959303066
0,883,completed,88489.5638522,88489.5646379,88489.5655176,1.6654000064590946
1,883,completed,88489.563843,88489.5647639,88489.5662959,2.4529000074835494
0,884,completed,88489.5983966,88489.5991518,88489.5998572,1.4605999895138666
1,884,completed,88489.5983972,88489.5992754,88489.6003776,1.9804000039584935
1,885,completed,88489.6330345,88489.6338041,88489.6344298,1.3953000016044825
0,885,completed,88489.6330624,88489.6337651,88489.6349867,1.924299998790957
0,886,completed,88489.6679258,88489.6686986,88489.669578,1.6522000078111887
1,886,completed,88489.667927,88489.6688865,88489.6702625,2.3355000012088567
0,887,completed,88489.7022437,88489.7033412,88489.7042284,1.9847000075969845
1,887,completed,88489.7022231,88489.7033616,88489.7049181,2.6950000028591603
0,888,completed,88489.7372838,88489.7379659,88489.7386202,1.3364000042201951
1,888,completed,88489.7372777,88489.7380286,88489.7391413,1.8636000022524968
0,889,completed,88489.7651263,88489.7660344,88489.7673055,2.1792000043205917
1,889,completed,88489.7651415,88489.7660947,88489.7681534,3.0119000002741814
0,890,completed,88489.7993795,88489.8002107,88489.8010027,1.6232000052696094
1,890,completed,88489.7993871,88489.8002983,88489.8016793,2.292199991643429
0,891,completed,88489.834502,88489.8352789,88489.8361971,1.695099999778904
1,891,completed,88489.8345014,88489.8353473,88489.8369567,2.4553000112064183
0,892,completed,88489.8710741,88489.8717055,88489.8722771,1.2030000070808455
1,892,completed,88489.871069,88489.8717573,88489.8727031,1.6341000009560958
0,893,completed,88489.9041528,88489.9050383,88489.905936,1.7832000012276694
1,893,completed,88489.9041719,88489.9051726,88489.9064924,2.320500003406778
0,894,completed,88489.9318642,88489.9326942,88489.9335907,1.7265000060433522
1,894,completed,88489.931846,88489.9327857,88489.9342462,2.40019999910146
0,895,completed,88489.968583,88489.9692846,88489.9702228,1.6398000007029623
1,895,completed,88489.9686018,88489.9693831,88489.9710562,2.454399989801459
0,896,completed,88490.0013895,88490.002441,88490.0034742,2.0846999977948144
1,896,completed,88490.0013959,88490.0025163,88490.0042189,2.822999987984076
0,897,completed,88490.0360358,88490.0369641,88490.0380185,1.9826999923679978
1,897,completed,88490.0360365,88490.0370213,88490.0387098,2.673300012247637
1,898,completed,88490.0721485,88490.073027,88490.0738285,1.680000001215376
0,898,completed,88490.072243,88490.0731352,88490.0744879,2.244899995275773
0,899,completed,88490.1032231,88490.1039307,88490.1048115,1.5884000022197142
1,899,completed,88490.1032445,88490.104017,88490.1064985,3.2539999956497923
