camera,seq,status,capture_s,enqueue_s,finish_s,latency_ms
1,0,completed,90034.2088677,90034.2098617,90034.2113506,2.482900003087707
0,0,completed,90034.2088638,90034.2100881,90034.212247,3.3832000044640154
1,1,completed,90034.2434353,90034.2443526,90034.2452678,1.8324999982723966
0,1,completed,90034.2434203,90034.2444351,90034.2459941,2.5737999967532232
1,2,completed,90034.2782708,90034.2792175,90034.2801108,1.839999997173436
0,2,completed,90034.2782779,90034.2793583,90034.2808716,2.593700002762489
0,3,completed,90034.312924,90034.3139096,90034.3147464,1.822400008677505
1,3,completed,90034.312928,90034.3140592,90034.3154463,2.518299996154383
0,4,completed,90034.3546007,90034.3554729,90034.3563653,1.764600005117245
1,4,completed,90034.3545962,90034.3555088,90034.3571609,2.5647000002209097
1,5,completed,90034.3754099,90034.3763951,90034.3772465,1.8365999858360738
0,5,completed,90034.3754098,90034.3764376,90034.3781159,2.7061000000685453
0,6,completed,90034.4101481,90034.4110632,90034.4119226,1.7745000077411532
1,6,completed,90034.4101482,90034.4112095,90034.4126274,2.479200004017912
0,7,completed,90034.4447919,90034.4457064,90034.4465622,1.7703000048641115
1,7,completed,90034.4448033,90034.4457298,90034.447378,2.5747000036062673
0,8,completed,90034.4795098,90034.4804784,90034.4813348,1.8249999993713573
1,8,completed,90034.4795233,90034.4805236,90034.4820459,2.522599999792874
1,9,completed,90034.5142589,90034.5152338,90034.5160832,1.824299994041212
0,9,completed,90034.5142711,90034.5153042,90034.516904,2.6329000102123246
0,10,completed,90034.542049,90034.5430028,90034.5439405,1.8915000109700486
1,10,completed,90034.5420743,90034.5430674,90034.5446647,2.5904000067384914
1,11,completed,90034.5769123,90034.5778742,90034.5787001,1.7877999925985932
0,11,completed,90034.5769112,90034.5779913,90034.5794207,2.5095000019064173
1,12,completed,90034.6115408,90034.6128702,90034.6136941,2.1532999962801114
0,12,completed,90034.6114935,90034.6129281,90034.6143809,2.887400012696162
1,13,completed,90034.6533223,90034.6543182,90034.655215,1.8927000055555254
0,13,completed,90034.653308,90034.6544511,90034.655911,2.603000000817701
0,14,completed,90034.6741266,90034.6751142,90034.6759877,1.8610999977681786
1,14,completed,90034.6809857,90034.6819943,90034.6828055,1.8197999888798222
1,15,completed,90034.7157127,90034.7171298,90034.7179402,2.2275000083027408
0,15,completed,90034.7157529,90034.7172021,90034.7186805,2.9275999986566603
1,16,completed,90034.743476,90034.744463,90034.7453562,1.8801999976858497
0,16,completed,90034.7434617,90034.7444892,90034.7462256,2.7639000036288053
0,17,completed,90034.7782292,90034.7792787,90034.780258,2.0287999941501766
1,17,completed,90034.7782315,90034.7794103,90034.7811169,2.8854000120190904
1,18,completed,90034.8128693,90034.8138279,90034.81482,1.9506999960867688
0,18,completed,90034.8128696,90034.8138284,90034.8155586,2.6890000008279458
0,19,completed,90034.8475856,90034.8485536,90034.8494254,1.8397999956505373
1,19,completed,90034.8475933,90034.8485943,90034.8501835,2.5902000052155927
0,20,completed,90034.882391,90034.8833653,90034.8842151,1.8240999925183132
1,20,completed,90034.8824303,90034.8834102,90034.8849551,2.524800001992844
0,21,completed,90034.9101031,90034.9111256,90034.9119687,1.8656000029295683
1,21,completed,90034.910094,90034.9111332,90034.91279,2.6959999959217384
1,22,completed,90034.9448513,90034.9459031,90034.9467641,1.9127999985357746
0,22,completed,90034.9448858,90034.9459378,90034.94747,2.584200003184378
0,23,completed,90034.9796106,90034.9805036,90034.9815099,1.8992999976035208
1,23,completed,90034.9796103,90034.9804998,90034.9822219,2.6116000080946833
0,24,completed,90035.0144302,90035.0154231,90035.0162942,1.8640000052982941
1,24,completed,90035.0144133,90035.0155514,90035.017013,2.5997000047937036
0,25,completed,90035.0420448,90035.0429928,90035.0438544,1.8096000130753964
1,25,completed,90035.0420719,90035.0430421,90035.0446276,2.5557000044500455
1,26,completed,90035.0768335,90035.0777847,90035.0786505,1.8169999966630712
0,26,completed,90035.0768334,90035.0777556,90035.0793819,2.548499993281439
0,27,completed,90035.1114693,90035.1124818,90035.1133863,1.9170000014128163
1,27,completed,90035.1114963,90035.112495,90035.1141003,2.6039999938802794
1,28,completed,90035.1461872,90035.1471458,90035.1480368,1.8495999975129962
0,28,completed,90035.1461666,90035.1471576,90035.1488225,2.6559000107226893
0,29,completed,90035.1809524,90035.1819149,90035.1827671,1.814700008253567
1,29,completed,90035.1809747,90035.1819844,90035.1834564,2.48170000850223
0,30,completed,90035.2088271,90035.2097774,90035.2106101,1.7829999997047707
1,30,completed,90035.2088084,90035.209789,90035.211377,2.5686000008136034
1,31,completed,90035.2504674,90035.2514237,90035.2524422,1.9748000049730763
0,31,completed,90035.2504714,90035.2516449,90035.2531853,2.7139000012539327
0,32,completed,90035.278208,90035.2788111,90035.2791935,0.9854999952949584
1,32,completed,90035.2782225,90035.278805,90035.2794794,1.2568999954964966
0,33,completed,90035.3130098,90035.3132326,90035.3135945,0.5846999993082136
1,33,completed,90035.3130374,90035.313291,90035.3138963,0.8588999917265028
0,34,completed,90035.3476709,90035.3478993,90035.348297,0.6261000089580193
1,34,completed,90035.3476715,90035.3479406,90035.3486152,0.9436999971512705
1,35,completed,90035.3753963,90035.375679,90035.3760134,0.6170999986352399
0,35,completed,90035.3753968,90035.3756715,90035.3763085,0.9117000008700415
0,36,completed,90035.4100795,90035.4102979,90035.4106314,0.5518999969353899
1,36,completed,90035.4100945,90035.4103167,90035.410945,0.8505000005243346
1,37,completed,90035.4448326,90035.4450728,90035.4454712,0.6386000022757798
0,37,completed,90035.4448476,90035.4450904,90035.4457515,0.9038999996846542
0,38,completed,90035.4797399,90035.4803594,90035.480753,1.0131000017281622
1,38,completed,90035.4797689,90035.4804053,90035.481082,1.3131000014254823
0,39,completed,90035.5142334,90035.5144466,90035.5147877,0.5543000006582588
1,39,completed,90035.5142156,90035.5144308,90035.515103,0.8874000050127506
0,40,completed,90035.5421328,90035.542411,90035.5427955,0.6627000111620873
1,40,completed,90035.5421564,90035.5424096,90035.543172,1.0156000062124804
1,41,completed,90035.5768033,90035.577055,90035.5774418,0.6384999869624153
0,41,completed,90035.5768086,90035.5770568,90035.577736,0.9274000040022656
1,42,completed,90035.611494,90035.6117562,90035.6121124,0.6184000085340813
0,42,completed,90035.6114785,90035.6117331,90035.6124757,0.9972000116249546
0,43,completed,90035.6463246,90035.6466852,90035.6470323,0.7076999900164083
1,43,completed,90035.6463126,90035.6467287,90035.6473343,1.021699994453229
1,44,completed,90035.6811208,90035.6817945,90035.6822142,1.0934000019915402
0,44,completed,90035.6810993,90035.681799,90035.6825974,1.4980999985709786
1,45,completed,90035.7088653,90035.7091071,90035.7095018,0.636500000837259
0,45,completed,90035.7088726,90035.7091113,90035.7098528,0.9802000131458044
1,46,completed,90035.743479,90035.7437063,90035.7440426,0.563599998713471
0,46,completed,90035.7434555,90035.7436903,90035.744366,0.9104999917326495
0,47,completed,90035.7782521,90035.7785313,90035.7789863,0.7342000026255846
1,47,completed,90035.77825,90035.7785611,90035.779339,1.0889999975915998
0,48,completed,90035.8129854,90035.8132261,90035.813614,0.6285999988904223
1,48,completed,90035.8129825,90035.8132494,90035.8139167,0.9341999975731596
0,49,completed,90035.8547021,90035.8551177,90035.8555354,0.8333000005222857
1,49,completed,90035.854772,90035.8551815,90035.8558615,1.0894999868469313
1,50,completed,90035.8754182,90035.8756582,90035.8761164,0.6982000049902126
0,50,completed,90035.8754183,90035.8757159,90035.8764481,1.0297999979229644
0,51,completed,90035.9172909,90035.9175947,90035.9181063,0.8153999951900914
1,51,completed,90035.9174715,90035.9177635,90035.9185121,1.0406000073999166
1,52,completed,90035.9448943,90035.9452052,90035.9456776,0.7832999981474131
0,52,completed,90035.9449144,90035.945237,90035.9460085,1.0941000073216856
1,53,completed,90035.9795491,90035.9797583,90035.9801263,0.5772000004071742
0,53,completed,90035.9795784,90035.9798288,90035.9803891,0.8107000030577183
0,54,completed,90036.0142878,90036.0145066,90036.0148554,0.567600000067614
1,54,completed,90036.0142879,90036.0145088,90036.0152093,0.9214000019710511
0,55,completed,90036.0422029,90036.0425657,90036.0429464,0.7435000006807968
1,55,completed,90036.042255,90036.0426148,90036.043233,0.9780000109458342
1,56,completed,90036.076795,90036.0770454,90036.0774383,0.643299994408153
0,56,completed,90036.0767958,90036.0770768,90036.0777412,0.945399995543994
1,57,completed,90036.1116841,90036.1119492,90036.1123318,0.6476999988080934
0,57,completed,90036.1116767,90036.1119151,90036.1126464,0.9696999914012849
0,58,completed,90036.1463022,90036.1466334,90036.1470155,0.7133000035537407
1,58,completed,90036.1463022,90036.1466522,90036.1473355,1.033300010021776
1,59,completed,90036.1809405,90036.1812217,90036.1815845,0.6439999997382984
0,59,completed,90036.1809404,90036.181222,90036.1818511,0.9107000078074634
0,60,completed,90036.208696,90036.2089242,90036.2092966,0.6006000039633363
1,60,completed,90036.208735,90036.2089796,90036.2095895,0.8545000018784776
1,61,completed,90036.2433853,90036.243599,90036.2439493,0.5640000017592683
0,61,completed,90036.2434135,90036.2436719,90036.2443042,0.8907000010367483
1,62,completed,90036.2782497,90036.278755,90036.2791429,0.8932000055210665
0,62,completed,90036.2782912,90036.2788625,90036.2794589,1.1677000002237037
1,63,completed,90036.312883,90036.3131566,90036.3135693,0.6862999871373177
0,63,completed,90036.3128822,90036.3131567,90036.3138798,0.9976000001188368
1,64,completed,90036.347535,90036.3478001,90036.3481416,0.6066000059945509
0,64,completed,90036.3475352,90036.3478002,90036.3484799,0.9447000047657639
0,65,completed,90036.382373,90036.3825961,90036.3830841,0.7111000013537705
1,65,completed,90036.3823774,90036.382629,90036.3833791,1.0017000022344291
0,66,completed,90036.4101031,90036.4103269,90036.4107264,0.6233000021893531
1,66,completed,90036.4101024,90036.4103262,90036.4110386,0.9361999982502311
1,67,completed,90036.4478761,90036.4480867,90036.4484569,0.5807999987155199
0,67,completed,90036.4478556,90036.4480679,90036.4488074,0.9518000006210059
1,68,completed,90036.4864098,90036.4866625,90036.4871177,0.7079000060912222
0,68,completed,90036.4864481,90036.4867064,90036.4874319,0.9837999969022349
0,69,completed,90036.5086779,90036.5089135,90036.509204,0.5261000042082742
1,69,completed,90036.5086839,90036.5088979,90036.5094518,0.7678999972995371
0,70,completed,90036.5517667,90036.5519771,90036.5523301,0.5634000117424875
1,70,completed,90036.5517624,90036.5520044,90036.5525792,0.8167999912984669
1,71,completed,90036.5768935,90036.5772047,90036.5775589,0.665400002617389
0,71,completed,90036.5768937,90036.5771945,90036.577842,0.9483000030741096
0,72,completed,90036.6116347,90036.6118483,90036.6122201,0.5853999900864437
1,72,completed,90036.611652,90036.6118724,90036.6125344,0.8823999960441142
1,73,completed,90036.6462219,90036.6465166,90036.6469142,0.6923000037204474
0,73,completed,90036.6462202,90036.6465166,90036.6472217,1.0015000007115304
1,74,completed,90036.6809423,90036.6812422,90036.6816186,0.6763000128557906
0,74,completed,90036.6809421,90036.6812627,90036.6819226,0.980499986326322
0,75,completed,90036.7088249,90036.7091005,90036.7094576,0.6327000010060146
1,75,completed,90036.7088182,90036.7090966,90036.7097245,0.906300003407523
0,76,completed,90036.7435231,90036.7438095,90036.7445015,0.9783999994397163
1,76,completed,90036.7435233,90036.7438099,90036.7447844,1.2610999983735383
0,77,completed,90036.7782284,90036.7784955,90036.7788936,0.6652000010944903
1,77,completed,90036.7782285,90036.7784946,90036.7791569,0.9283999970648438
1,78,completed,90036.8128546,90036.813117,90036.8134772,0.622600011411123
0,78,completed,90036.8128545,90036.8131169,90036.8138198,0.9652999870013446
0,79,completed,90036.8477026,90036.8480522,90036.8485568,0.8541999995941296
1,79,completed,90036.847748,90036.8480998,90036.848874,1.1260000028414652
0,80,completed,90036.8824539,90036.8829789,90036.8834749,1.0209999891230837
1,80,completed,90036.8824461,90036.8830529,90036.8837316,1.2854999949922785
0,81,completed,90036.9100596,90036.9102938,90036.9106837,0.6240999937290326
1,81,completed,90036.9100828,90036.9103181,90036.9109841,0.9013000089908019
1,82,completed,90036.9449865,90036.9452658,90036.9456096,0.6231000006664544
0,82,completed,90036.9449671,90036.945282,90036.9459335,0.9663999953772873
0,83,completed,90036.9796365,90036.9799191,90036.980239,0.6025000038789585
1,83,completed,90036.9796394,90036.9799092,90036.9805414,0.901999999769032
0,84,completed,90037.0142767,90037.0145281,90037.0148715,0.5947999889031053
1,84,completed,90037.0142975,90037.0145211,90037.0151939,0.8964000007836148
1,85,completed,90037.0490516,90037.0493956,90037.0498124,0.760800001444295
0,85,completed,90037.0490427,90037.0494081,90037.0501528,1.1100999981863424
1,86,completed,90037.0768775,90037.0771296,90037.0774775,0.5999999993946403
0,86,completed,90037.0768655,90037.0771301,90037.0778148,0.9492999961366877
0,87,completed,90037.1184541,90037.1187569,90037.1191477,0.6935999990673736
1,87,completed,90037.1184502,90037.1187606,90037.1195128,1.062600000295788
0,88,completed,90037.1461882,90037.1464582,90037.1467938,0.6055999983800575
1,88,completed,90037.1461883,90037.1464582,90037.1470938,0.9054999973159283
0,89,completed,90037.1810115,90037.1812932,90037.1816365,0.6250000005820766
1,89,completed,90037.1810116,90037.1812933,90037.181909,0.8974000083981082
1,90,completed,90037.208721,90037.2090019,90037.2094121,0.6910999945830554
0,90,completed,90037.2087194,90037.2090025,90037.209752,1.0325999901397154
0,91,completed,90037.2434679,90037.2437279,90037.2443187,0.8508000028086826
1,91,completed,90037.2434936,90037.2438072,90037.245278,1.7843999958131462
1,92,completed,90037.2781981,90037.2784328,90037.27882,0.6219000060809776
0,92,completed,90037.2782243,90037.2784563,90037.2791116,0.8873000042513013
0,93,completed,90037.3129435,90037.3135337,90037.3139988,1.0553000029176474
1,93,completed,90037.3129283,90037.31352,90037.314252,1.3236999948276207
1,94,completed,90037.3475571,90037.3478322,90037.3482,0.6428999913623556
0,94,completed,90037.3475653,90037.3478445,90037.3485436,0.978299998678267
0,95,completed,90037.3754145,90037.375705,90037.3761015,0.6870000070193782
1,95,completed,90037.3754229,90037.375735,90037.3764085,0.9855999960564077
0,96,completed,90037.4101778,90037.4104944,90037.4110341,0.8563000010326505
1,96,completed,90037.4101803,90037.4106087,90037.4114013,1.2210000131744891
0,97,completed,90037.4448297,90037.4450694,90037.4454283,0.5985999887343496
1,97,completed,90037.4448172,90037.4450763,90037.445748,0.9308000007877126
1,98,completed,90037.4796603,90037.4799457,90037.4803441,0.6837999972049147
0,98,completed,90037.4796603,90037.4799692,90037.4806348,0.9744999988470227
0,99,completed,90037.5142217,90037.5144446,90037.5148045,0.5827999993925914
1,99,completed,90037.5142165,90037.5144432,90037.5151145,0.897999998414889
1,100,completed,90037.5420959,90037.5423247,90037.5426914,0.5954999942332506
0,100,completed,90037.5420563,90037.5423663,90037.543043,0.9867000044323504
1,101,completed,90037.5767954,90037.5770254,90037.5774322,0.636800003121607
0,101,completed,90037.5768037,90037.5770583,90037.5777747,0.9710000013001263
1,102,completed,90037.6116014,90037.6121029,90037.6125311,0.9297000069636852
0,102,completed,90037.6116011,90037.6121022,90037.6128739,1.2728000001516193
0,103,completed,90037.6462462,90037.646818,90037.647553,1.3067999971099198
1,103,completed,90037.6463086,90037.6468742,90037.6478425,1.533899994683452
1,104,completed,90037.6808884,90037.6811814,90037.6815003,0.6118999881437048
0,104,completed,90037.6808823,90037.681187,90037.6817624,0.8800999930826947
1,105,completed,90037.7088389,90037.7090446,90037.7094555,0.6165999948279932
0,105,completed,90037.7088615,90037.7091353,90037.7097656,0.9041000012075529
0,106,completed,90037.7433972,90037.7436198,90037.7439628,0.5655999993905425
1,106,completed,90037.7433978,90037.7436198,90037.7442852,0.8873999904608354
0,107,completed,90037.7783013,90037.7788048,90037.7791687,0.8673999982420355
1,107,completed,90037.7783013,90037.7788221,90037.7794522,1.1509000032674521
0,108,completed,90037.819963,90037.820224,90037.820621,0.6580000044777989
1,108,completed,90037.8199611,90037.8202469,90037.8209204,0.9592999995220453
1,109,completed,90037.8475855,90037.8478356,90037.8481793,0.5937999958405271
0,109,completed,90037.8475804,90037.8478357,90037.8484957,0.9152999991783872
1,110,completed,90037.8824801,90037.8830599,90037.8833795,0.8993999945232645
0,110,completed,90037.8824805,90037.8830197,90037.8836389,1.1584000021684915
1,111,completed,90037.9100908,90037.9103435,90037.9106901,0.5993000086164102
0,111,completed,90037.9100912,90037.9103436,90037.9110229,0.9317000076407567
1,112,completed,90037.9447572,90037.9449593,90037.9453458,0.5885999999009073
0,112,completed,90037.9447953,90037.9450224,90037.9456661,0.8707999950274825
0,113,completed,90037.9795268,90037.9797635,90037.9802231,0.6963000050745904
1,113,completed,90037.9795545,90037.9798179,90037.9805548,1.0003000061260536
0,114,completed,90038.0142485,90038.0144879,90038.014871,0.6225000106496736
1,114,completed,90038.014258,90038.0144877,90038.0152201,0.9621000062907115
1,115,completed,90038.0491246,90038.0499141,90038.0504734,1.3487999967765063
0,115,completed,90038.0491232,90038.0498754,90038.0507763,1.6531000001123175
1,116,completed,90038.0769023,90038.0771625,90038.0775439,0.6415999960154295
0,116,completed,90038.0768832,90038.0771451,90038.0779255,1.042299991240725
0,117,completed,90038.1116963,90038.1122243,90038.112685,0.9887000051094219
1,117,completed,90038.111693,90038.1123896,90038.1129797,1.2867000041296706
0,118,completed,90038.1461884,90038.1464535,90038.1468304,0.6419999990612268
1,118,completed,90038.1462068,90038.1464875,90038.1471635,0.956700008828193
0,119,completed,90038.1809871,90038.1814808,90038.1818413,0.8541999995941296
1,119,completed,90038.1810358,90038.1815309,90038.1820967,1.0609000019030645
1,120,completed,90038.2087081,90038.2089714,90038.2093228,0.614699994912371
0,120,completed,90038.2086886,90038.2089504,90038.2095935,0.9048999927472323
1,121,completed,90038.2434615,90038.2437021,90038.2440464,0.5849000008311123
0,121,completed,90038.2434614,90038.243702,90038.2443614,0.8999999990919605
1,122,completed,90038.2783177,90038.278534,90038.2789554,0.637700009974651
0,122,completed,90038.2783434,90038.2786336,90038.2792876,0.9442000009585172
1,123,completed,90038.3129314,90038.3131963,90038.3135867,0.6552999984705821
0,123,completed,90038.3129315,90038.3131983,90038.3138476,0.9161000052699819
1,124,completed,90038.3475359,90038.3477541,90038.3481198,0.5838999932166189
0,124,completed,90038.347562,90038.3477828,90038.348433,0.8710000111022964
1,125,completed,90038.3753759,90038.3756685,90038.3760374,0.6615000020246953
0,125,completed,90038.3753764,90038.3756672,90038.3763459,0.9695000044303015
1,126,completed,90038.4101553,90038.4104267,90038.4108294,0.6741000106558204
0,126,completed,90038.4101656,90038.4104618,90038.4111414,0.975800008745864
1,127,completed,90038.4447896,90038.4449954,90038.4453503,0.5606999911833555
0,127,completed,90038.4448356,90038.4450498,90038.4456466,0.8109999907901511
1,128,completed,90038.4796666,90038.4801482,90038.4804798,0.8131999929901212
0,128,completed,90038.4796366,90038.4801518,90038.480757,1.120400003856048
0,129,completed,90038.5143299,90038.5150268,90038.5154432,1.1132999934488907
1,129,completed,90038.5143463,90038.5150172,90038.5157644,1.4181000005919486
1,130,completed,90038.5421744,90038.542401,90038.5427823,0.607900001341477
0,130,completed,90038.542169,90038.5424409,90038.5431033,0.9343000128865242
0,131,completed,90038.5768654,90038.5771712,90038.5775756,0.7101999945007265
1,131,completed,90038.5768656,90038.5772099,90038.5779472,1.0815999994520098
1,132,completed,90038.6114326,90038.6116419,90038.6120119,0.5793000018456951
0,132,completed,90038.611463,90038.6116852,90038.6123403,0.8773000008659437
1,133,completed,90038.6463093,90038.6467763,90038.6473647,1.0553999891271815
0,133,completed,90038.6463051,90038.6468381,90038.6476837,1.378599990857765
1,134,completed,90038.6810959,90038.6816009,90038.6820135,0.9176000021398067
0,134,completed,90038.6810962,90038.6816013,90038.6823785,1.2822999997297302
0,135,completed,90038.7087865,90038.7090146,90038.7093705,0.5839999939780682
1,135,completed,90038.7087672,90038.7090089,90038.7096272,0.8600000001024455
1,136,completed,90038.7434375,90038.743665,90038.7441034,0.6658999918727204
0,136,completed,90038.7434733,90038.7437584,90038.7444966,1.0233000066364184
0,137,completed,90038.7781618,90038.7784027,90038.7788489,0.6870999932289124
1,137,completed,90038.7781513,90038.7784206,90038.7791589,1.0076000035041943
0,138,completed,90038.8129351,90038.8134343,90038.8139158,0.9807000024011359
1,138,completed,90038.8129804,90038.813502,90038.8141679,1.187499990919605
1,139,completed,90038.847668,90038.8480013,90038.8484166,0.7485999958589673
0,139,completed,90038.8476469,90038.8480419,90038.8487737,1.1267999943811446
1,140,completed,90038.8753613,90038.8755982,90038.8760488,0.6874999962747097
0,140,completed,90038.8754077,90038.8756564,90038.8763685,0.9607999963918701
1,141,completed,90038.9101179,90038.9103726,90038.910804,0.6861000001663342
0,141,completed,90038.9101438,90038.9103955,90038.9111737,1.0298999986844137
1,142,completed,90038.9449039,90038.9451078,90038.9455046,0.6006999901728705
0,142,completed,90038.9449018,90038.9451578,90038.9458533,0.9514999983366579
1,143,completed,90038.9797701,90038.9802535,90038.9806805,0.9103999909712002
0,143,completed,90038.9797683,90038.9803049,90038.9809912,1.222899998538196
1,144,completed,90039.014225,90039.0144955,90039.0148437,0.6186999962665141
0,144,completed,90039.0142072,90039.0144955,90039.0151347,0.927500004763715
0,145,completed,90039.0421492,90039.042451,90039.0428263,0.67710000439547
1,145,completed,90039.0421445,90039.0424696,90039.0431221,0.9776000079000369
1,146,completed,90039.0768142,90039.0770764,90039.0774428,0.6285999988904223
0,146,completed,90039.0768016,90039.077073,90039.0777953,0.9937000140780583
1,147,completed,90039.1115478,90039.1120407,90039.1124426,0.8948000031523407
0,147,completed,90039.1115878,90039.1120393,90039.1127228,1.1349999986123294
0,148,completed,90039.1463041,90039.1467588,90039.1472742,0.9701000089989975
1,148,completed,90039.1463039,90039.1467593,90039.1477362,1.4323000068543479
0,149,completed,90039.180952,90039.1812346,90039.1816221,0.6701000093016773
1,149,completed,90039.1809907,90039.1812622,90039.181912,0.9213000012096018
1,150,completed,90039.2087421,90039.2089762,90039.2093754,0.6332999910227954
0,150,completed,90039.2087294,90039.2089891,90039.2096332,0.9037999989232048
1,151,completed,90039.2433893,90039.2436523,90039.243991,0.6016999977873638
0,151,completed,90039.2433893,90039.2436511,90039.2443045,0.9151999984169379
0,152,completed,90039.2783131,90039.2785782,90039.2789827,0.6695999909425154
1,152,completed,90039.2783023,90039.2786087,90039.2793353,1.033000007737428
0,153,completed,90039.3129502,90039.3134933,90039.3139637,1.0135000047739595
1,153,completed,90039.3129821,90039.3136011,90039.3142568,1.2747000000672415
0,154,completed,90039.3475406,90039.3477669,90039.3481258,0.585199988563545
1,154,completed,90039.3475619,90039.3477904,90039.3485226,0.960700010182336
0,155,completed,90039.382328,90039.3826644,90039.3829999,0.671899993903935
1,155,completed,90039.3823487,90039.382643,90039.3832828,0.9340999968117103
0,156,completed,90039.4101213,90039.4103537,90039.4107209,0.5996000109007582
1,156,completed,90039.4101297,90039.4103585,90039.4110624,0.9327000007033348
1,157,completed,90039.4448884,90039.4454699,90039.4460204,1.1320000048726797
0,157,completed,90039.4448864,90039.4454636,90039.4462999,1.4134999946691096
0,158,completed,90039.4794929,90039.4797379,90039.4801139,0.6209999992279336
1,158,completed,90039.4794932,90039.4797394,90039.4804085,0.9153000137303025
1,159,completed,90039.5142179,90039.5144574,90039.5148802,0.66230000811629
0,159,completed,90039.5142473,90039.5145216,90039.5151804,0.9331000037491322
0,160,completed,90039.5421344,90039.5423374,90039.5426991,0.5646999925374985
1,160,completed,90039.5421141,90039.5423845,90039.5429806,0.8665000059409067
1,161,completed,90039.5767784,90039.5771232,90039.5774742,0.6958000012673438
0,161,completed,90039.5767781,90039.5771224,90039.5778122,1.0341000015614554
0,162,completed,90039.6114866,90039.6119569,90039.6124279,0.9413000079803169
1,162,completed,90039.6115162,90039.6120393,90039.6127108,1.194599986774847
1,163,completed,90039.646199,90039.6464372,90039.6467481,0.549100004718639
0,163,completed,90039.6462212,90039.6464323,90039.6470509,0.82970000221394
0,164,completed,90039.6753358,90039.6759042,90039.6762253,0.8895000064512715
1,164,completed,90039.6753412,90039.6759237,90039.6764685,1.1272999981883913
0,165,completed,90039.7086683,90039.7088901,90039.7092413,0.5730000120820478
1,165,completed,90039.7086919,90039.7089329,90039.7095231,0.8311999990837649
1,166,completed,90039.743613,90039.74389,90039.7442764,0.6634000019403175
0,166,completed,90039.743613,90039.743886,90039.744582,0.9690000006230548
1,167,completed,90039.7781754,90039.7784171,90039.7787821,0.606699992204085
0,167,completed,90039.7781762,90039.778445,90039.779137,0.9608000109437853
0,168,completed,90039.812843,90039.8130998,90039.8135411,0.698099989676848
1,168,completed,90039.8128749,90039.813126,90039.8138104,0.9354999929200858
0,169,completed,90039.8476968,90039.8479758,90039.8483585,0.661700003547594
1,169,completed,90039.847697,90039.8479755,90039.8486523,0.9552999981679022
0,170,completed,90039.8824759,90039.8829782,90039.8833812,0.9052999957930297
1,170,completed,90039.882476,90039.8829937,90039.8836663,1.190299997688271
0,171,completed,90039.9102615,90039.9105044,90039.9109222,0.6606999959331006
1,171,completed,90039.9102229,90039.9105082,90039.9111832,0.9603000071365386
1,172,completed,90039.9448277,90039.9450443,90039.9454371,0.6093999982113019
0,172,completed,90039.9448726,90039.9451228,90039.9457974,0.9247999987564981
1,173,completed,90039.9795735,90039.9798372,90039.9802611,0.6876000115880743
0,173,completed,90039.9795678,90039.9799152,90039.9805786,1.0108000133186579
0,174,completed,90040.0142829,90040.0144882,90040.0148961,0.6131999980425462
1,174,completed,90040.0143125,90040.0145669,90040.0152006,0.8880999957909808
0,175,completed,90040.0420397,90040.04232,90040.0426893,0.6495999987237155
1,175,completed,90040.0420588,90040.0423166,90040.0430156,0.9567999950377271
0,176,completed,90040.0768114,90040.0770743,90040.077454,0.6426000036299229
1,176,completed,90040.0768123,90040.0770742,90040.0778376,1.0252999927615747
1,177,completed,90040.1114607,90040.1117275,90040.1120843,0.6235999899217859
0,177,completed,90040.1114605,90040.1117248,90040.1123545,0.893999997060746
1,178,completed,90040.1463955,90040.1467305,90040.1471894,0.7938999915495515
0,178,completed,90040.1463959,90040.1467683,90040.1475258,1.1299000034341589
0,179,completed,90040.1808609,90040.1810774,90040.181416,0.5551000067498535
1,179,completed,90040.1808903,90040.1811141,90040.1817166,0.8262999908765778
0,180,completed,90040.2087609,90040.2090345,90040.2093779,0.6169999978737906
1,180,completed,90040.2087505,90040.209035,90040.2096365,0.8860000089043751
1,181,completed,90040.24339,90040.2438846,90040.2445227,1.1326999956509098
0,181,completed,90040.2433897,90040.2438846,90040.2448241,1.4343999937409535
0,182,completed,90040.2781022,90040.2783488,90040.2787257,0.6235000037122518
1,182,completed,90040.2781262,90040.2783767,90040.279092,0.9657999908085912
0,183,completed,90040.3129093,90040.3133558,90040.3138017,0.8923999994294718
1,183,completed,90040.3129014,90040.3134846,90040.314035,1.1336000025039539
0,184,completed,90040.3476292,90040.3479412,90040.348307,0.6777999951737002
1,184,completed,90040.3476588,90040.3479376,90040.3486323,0.9734999912325293
0,185,completed,90040.3753686,90040.3755998,90040.3760302,0.6616000027861446
1,185,completed,90040.3753638,90040.3757245,90040.3764029,1.0390999959781766
0,186,completed,90040.4101082,90040.4103631,90040.4107462,0.6379999977070838
1,186,completed,90040.4101137,90040.4103636,90040.4110334,0.9197000035783276
0,187,completed,90040.4448338,90040.4451298,90040.4454797,0.6459000142058358
1,187,completed,90040.444833,90040.4451316,90040.4458063,0.9733000042615458
0,188,completed,90040.4865166,90040.4868163,90040.4871717,0.6551000114995986
1,188,completed,90040.4865152,90040.4867935,90040.4875325,1.0173000046052039
0,189,completed,90040.5141805,90040.5143867,90040.5147818,0.6012999947415665
1,189,completed,90040.5142141,90040.5144492,90040.5150776,0.8634999976493418
1,190,completed,90040.5421123,90040.5423324,90040.542716,0.6036999984644353
0,190,completed,90040.5420988,90040.5423603,90040.5430577,0.9588999964762479
0,191,completed,90040.5767437,90040.5769806,90040.5773937,0.6500000017695129
1,191,completed,90040.5767631,90040.5770164,90040.5777009,0.9377999958815053
0,192,completed,90040.6114496,90040.6117359,90040.6120765,0.6269000004976988
1,192,completed,90040.6114835,90040.6117324,90040.6124022,0.9186999959638342
0,193,completed,90040.6462657,90040.6465031,90040.6468925,0.6267999997362494
1,193,completed,90040.6462385,90040.6465405,90040.6472193,0.98079998861067
1,194,completed,90040.6808731,90040.6811065,90040.6815305,0.6573999999091029
0,194,completed,90040.6809017,90040.6811515,90040.6818535,0.9518000006210059
0,195,completed,90040.7086208,90040.7088456,90040.7092466,0.6258000066736713
1,195,completed,90040.708646,90040.7089036,90040.7095567,0.9107000078074634
0,196,completed,90040.7434198,90040.7436938,90040.7441006,0.680800003465265
1,196,completed,90040.7434197,90040.7436939,90040.7444821,1.0623999987728894
0,197,completed,90040.7850375,90040.7852914,90040.7860058,0.9682999952929094
1,197,completed,90040.7850476,90040.7853805,90040.7863158,1.2681999942287803
0,198,completed,90040.8128163,90040.8131503,90040.8136161,0.7998000073712319
1,198,completed,90040.8128164,90040.8131496,90040.8139425,1.1261000036029145
1,199,completed,90040.8475121,90040.8477524,90040.8481394,0.6273000035434961
0,199,completed,90040.8475346,90040.8477741,90040.8484468,0.912199990125373
1,200,completed,90040.8753206,90040.8755791,90040.8760634,0.7428000099025667
0,200,completed,90040.87532,90040.8755787,90040.8764245,1.1044999992009252
0,201,completed,90040.9100612,90040.910275,90040.9106283,0.5670999962603673
1,201,completed,90040.9100906,90040.9103326,90040.9109511,0.8605000039096922
1,202,completed,90040.9447917,90040.944978,90040.945347,0.5552999937208369
0,202,completed,90040.9447826,90040.9450639,90040.9456496,0.8670000097481534
1,203,completed,90040.9795484,90040.9797638,90040.9801314,0.5830000009154901
0,203,completed,90040.9795708,90040.9798102,90040.9804701,0.8992999937618151
1,204,completed,90041.0141986,90041.0144488,90041.0147979,0.5993000086164102
0,204,completed,90041.0142174,90041.0144855,90041.0151094,0.8919999963836744
1,205,completed,90041.0421018,90041.0423359,90041.0428007,0.6988999957684427
0,205,completed,90041.0421047,90041.0423823,90041.0431097,1.0049999982584268
0,206,completed,90041.0768643,90041.0771741,90041.0776029,0.7385999924736097
1,206,completed,90041.0768603,90041.0771732,90041.0779223,1.061999995727092
1,207,completed,90041.1115096,90041.1120181,90041.1124036,0.893999997060746
0,207,completed,90041.1114961,90041.112042,90041.1126922,1.196099998196587
1,208,completed,90041.1462979,90041.1465006,90041.1469102,0.6122999911895022
0,208,completed,90041.1463236,90041.146573,90041.1472311,0.9074999979929999
1,209,completed,90041.1809348,90041.1811747,90041.1815139,0.5791000003227964
0,209,completed,90041.1808915,90041.1811317,90041.1818505,0.9589999972376972
1,210,completed,90041.2087925,90041.2090796,90041.2094303,0.6378000107361004
0,210,completed,90041.2087924,90041.2090793,90041.2097553,0.9629000123823062
1,211,completed,90041.2519346,90041.2521449,90041.2524806,0.5459999956656247
0,211,completed,90041.2519232,90041.2521382,90041.2527398,0.8165999897755682
0,212,completed,90041.2783328,90041.278581,90041.2789648,0.6320000102277845
1,212,completed,90041.278322,90041.2786003,90041.2793855,1.063500007148832
0,213,completed,90041.312844,90041.3130756,90041.3134814,0.6373999931383878
1,213,completed,90041.3128378,90041.3131072,90041.3138346,0.9968000085791573
1,214,completed,90041.3476143,90041.3478892,90041.3482434,0.629100002697669
0,214,completed,90041.3476143,90041.3478887,90041.3485896,0.9753000049386173
1,215,completed,90041.3823672,90041.3826332,90041.3830074,0.640199999907054
0,215,completed,90041.382366,90041.3826334,90041.3833196,0.9535999997751787
0,216,completed,90041.4101425,90041.410345,90041.4107613,0.6187999970279634
1,216,completed,90041.4101801,90041.4104375,90041.4110617,0.8815999899525195
0,217,completed,90041.4448786,90041.4453532,90041.4459052,1.026600002660416
1,217,completed,90041.4449074,90041.4453886,90041.4462032,1.295800000661984
1,218,completed,90041.4794791,90041.4797168,90041.4800793,0.600200000917539
0,218,completed,90041.4795051,90041.4797468,90041.4803749,0.8698000019649044
0,219,completed,90041.514192,90041.5144019,90041.514784,0.5919999966863543
1,219,completed,90041.5141908,90041.5144353,90041.5150797,0.8889000018825755
0,220,completed,90041.5420382,90041.5423248,90041.542688,0.6498000002466142
1,220,completed,90041.5420383,90041.5423264,90041.5430014,0.9630999993532896
1,221,completed,90041.5767661,90041.5770383,90041.5773673,0.6011999939801171
0,221,completed,90041.576766,90041.5770351,90041.5776516,0.8856000058585778
1,222,completed,90041.6115232,90041.6118328,90041.6122399,0.7167000003391877
0,222,completed,90041.6115232,90041.6118371,90041.6125178,0.9945999918272719
0,223,completed,90041.6461646,90041.6463951,90041.646759,0.5944000004092231
1,223,completed,90041.6461928,90041.6464126,90041.6471217,0.9289000008720905
1,224,completed,90041.680988,90041.6811607,90041.681883,0.8950000046752393
0,224,completed,90041.6809599,90041.6816422,90041.6823631,1.4032000035513192
1,225,completed,90041.7086286,90041.7089076,90041.7092405,0.6119000026956201
0,225,completed,90041.7086322,90041.7089073,90041.709538,0.9057999996002764
0,226,completed,90041.7434551,90041.743687,90041.7440885,0.6333999917842448
1,226,completed,90041.7434562,90041.7437199,90041.7444008,0.9446000040043145
1,227,completed,90041.7781259,90041.7784026,90041.7788018,0.675899995258078
0,227,completed,90041.7781497,90041.7783972,90041.7791128,0.9630999993532896
1,228,completed,90041.8128513,90041.8130652,90041.8134275,0.5762000073445961
0,228,completed,90041.8128827,90041.8131215,90041.8137127,0.8299999899463728
0,229,completed,90041.8476139,90041.848044,90041.8486726,1.0586999997030944
1,229,completed,90041.847617,90041.8481479,90041.8489885,1.371499995002523
0,230,completed,90041.8753907,90041.8756008,90041.876026,0.635299991699867
1,230,completed,90041.8753865,90041.8756128,90041.8763645,0.977999996393919
1,231,completed,90041.910104,90041.910316,90041.9106955,0.5915000074310228
0,231,completed,90041.9101277,90041.9103424,90041.9109997,0.8720000041648746
0,232,completed,90041.9448653,90041.9454648,90041.9460162,1.1509000032674521
1,232,completed,90041.9448298,90041.9454584,90041.9463427,1.5128999948501587
0,233,completed,90041.9795528,90041.9797943,90041.9803574,0.8046000002650544
1,233,completed,90041.9795532,90041.9798127,90041.9809101,1.3569000002462417
1,234,completed,90042.0143143,90042.0145712,90042.0149491,0.6348000024445355
0,234,completed,90042.0143139,90042.0145677,90042.0152231,0.9091999963857234
0,235,completed,90042.0419703,90042.0422233,90042.0425698,0.5995000101393089
1,235,completed,90042.0419855,90042.0422434,90042.0428641,0.8786000107647851
1,236,completed,90042.0768215,90042.0770783,90042.0774701,0.6486000056611374
0,236,completed,90042.0768375,90042.0770974,90042.0778002,0.9626999963074923
1,237,completed,90042.1115687,90042.1117825,90042.1121355,0.5668000085279346
0,237,completed,90042.1115596,90042.1117737,90042.1124369,0.8773000008659437
1,238,completed,90042.1462772,90042.1465864,90042.1469897,0.7125000120140612
0,238,completed,90042.1462772,90042.1465867,90042.1473276,1.0504000092623755
0,239,completed,90042.1809772,90042.1812167,90042.1818309,0.8536999957868829
1,239,completed,90042.1809896,90042.1812272,90042.1823172,1.3275999954203144
1,240,completed,90042.2087272,90042.208979,90042.2094064,0.6791999912820756
0,240,completed,90042.2087009,90042.209015,90042.2097663,1.0654000070644543
0,241,completed,90042.2434131,90042.2436528,90042.2440271,0.6139999895822257
1,241,completed,90042.2434383,90042.2436674,90042.2444104,0.9720999951241538
1,242,completed,90042.2780916,90042.2783231,90042.2786834,0.5917999951634556
0,242,completed,90042.278104,90042.2783541,90042.2790001,0.8960999984992668
1,243,completed,90042.312965,90042.313415,90042.3138498,0.8847999997669831
0,243,completed,90042.3129512,90042.3135414,90042.3141365,1.18530000327155
1,244,completed,90042.347587,90042.3481105,90042.3487252,1.138200008426793
0,244,completed,90042.3475871,90042.3481104,90042.3490386,1.4515000075334683
0,245,completed,90042.3754257,90042.3757037,90042.3761577,0.7320000004256144
1,245,completed,90042.3754066,90042.3757022,90042.3764568,1.0502000077394769
0,246,completed,90042.4116424,90042.4118698,90042.4121807,0.5383000097936019
1,246,completed,90042.4116768,90042.4119125,90042.4124623,0.7855000003473833
1,247,completed,90042.4448541,90042.4453372,90042.4458789,1.0248000035062432
0,247,completed,90042.4448427,90042.4453339,90042.4461469,1.3041999918641523
0,248,completed,90042.4795136,90042.4798127,90042.480409,0.8953999931691214
1,248,completed,90042.4795422,90042.4798107,90042.480876,1.3337999989744276
0,249,completed,90042.5212313,90042.5214722,90042.5218661,0.6348000024445355
1,249,completed,90042.5212522,90042.5215808,90042.5221685,0.9163000067928806
0,250,completed,90042.5422454,90042.542508,90042.5428762,0.6307999865384772
1,250,completed,90042.5422406,90042.5425311,90042.543201,0.9603999933460727
0,251,completed,90042.5839133,90042.5843903,90042.5849768,1.063500007148832
1,251,completed,90042.5839057,90042.58446,90042.5852664,1.360700000077486
1,252,completed,90042.6114685,90042.6117093,90042.612091,0.6224999960977584
0,252,completed,90042.6114906,90042.6117319,90042.6123547,0.8641000022180378
0,253,completed,90042.6462544,90042.6467817,90042.647312,1.0576000058790669
1,253,completed,90042.6462787,90042.6469074,90042.6475895,1.3107999984640628
1,254,completed,90042.680951,90042.6812716,90042.6816511,0.7001000049058348
0,254,completed,90042.6809522,90042.6812945,90042.6819764,1.0241999989375472
1,255,completed,90042.7086503,90042.7089013,90042.7092622,0.6119000026956201
0,255,completed,90042.7086636,90042.7089116,90042.7095335,0.8699000027263537
0,256,completed,90042.7433609,90042.7436408,90042.7440263,0.665400002617389
1,256,completed,90042.7433819,90042.7436568,90042.7443283,0.9464000031584874
1,257,completed,90042.7782397,90042.7784808,90042.7788095,0.5698000022675842
0,257,completed,90042.7782274,90042.7784792,90042.7790944,0.8669999951962382
0,258,completed,90042.8128531,90042.8130826,90042.8138132,0.96010000561364
1,258,completed,90042.8128945,90042.8131502,90042.8140851,1.1905999999726191
0,259,completed,90042.8475799,90042.8478363,90042.8481677,0.5877999938093126
1,259,completed,90042.8475728,90042.8478153,90042.8485003,0.9274999902117997
0,260,completed,90042.8753475,90042.8755688,90042.8759655,0.6180000054882839
1,260,completed,90042.8753865,90042.8756321,90042.8763387,0.9522000036668032
1,261,completed,90042.9100497,90042.9102707,90042.9106634,0.6137000018497929
0,261,completed,90042.9100461,90042.9102694,90042.9109295,0.8833999891066924
0,262,completed,90042.9448848,90042.9450851,90042.9455223,0.6374999938998371
1,262,completed,90042.9449182,90042.9451316,90042.9458227,0.9045000042533502
0,263,completed,90042.9795157,90042.9797545,90042.9801445,0.628800000413321
1,263,completed,90042.9795266,90042.9797803,90042.9804776,0.9509999945294112
0,264,completed,90043.014228,90043.0144527,90043.0147922,0.564200003282167
1,264,completed,90043.0142795,90043.0144923,90043.0150711,0.7916000031400472
1,265,completed,90043.0420212,90043.0423077,90043.0426551,0.6338999955914915
0,265,completed,90043.0420177,90043.0423076,90043.04302,1.00229999225121
1,266,completed,90043.076836,90043.0771126,90043.077639,0.8030000026337802
0,266,completed,90043.0768559,90043.0772557,90043.0780291,1.1731999984476715
1,267,completed,90043.1115328,90043.1120782,90043.1124233,0.8904999995138496
0,267,completed,90043.1115326,90043.1120808,90043.1126949,1.1623000027611852
1,268,completed,90043.1462609,90043.1464983,90043.1468775,0.6165999948279932
0,268,completed,90043.1462608,90043.1464982,90043.1472227,0.9619000047678128
1,269,completed,90043.1808736,90043.1811444,90043.1817273,0.8537000103387982
0,269,completed,90043.1808812,90043.1811468,90043.1822145,1.3333000097190961
0,270,completed,90043.20867,90043.2089065,90043.2092503,0.5802999949082732
1,270,completed,90043.20866,90043.2089574,90043.2095748,0.9147999953711405
1,271,completed,90043.2434766,90043.2437522,90043.2441237,0.6471000087913126
0,271,completed,90043.2434766,90043.2437524,90043.2444188,0.9422000002814457
0,272,completed,90043.2781618,90043.2784197,90043.2788026,0.64080000447575
1,272,completed,90043.2781613,90043.2784381,90043.2791328,0.971500005107373
0,273,completed,90043.3128526,90043.3130921,90043.3135123,0.6597000028705224
1,273,completed,90043.3128525,90043.3130921,90043.3144381,1.585599995451048
1,274,completed,90043.3561074,90043.3564051,90043.3567163,0.6088999944040552
0,274,completed,90043.3560989,90043.3563906,90043.357099,1.000100004603155
0,275,completed,90043.3753727,90043.3756576,90043.3761557,0.7829999958630651
1,275,completed,90043.3754154,90043.3757191,90043.3765452,1.1297999881207943
0,276,completed,90043.4100742,90043.410312,90043.4107345,0.6602999928873032
1,276,completed,90043.410102,90043.4103711,90043.4110085,0.9065000049304217
0,277,completed,90043.444847,90043.4454651,90043.4459513,1.1042999976780266
1,277,completed,90043.4448417,90043.4455419,90043.4462452,1.4035000058356673
1,278,completed,90043.4795113,90043.4797973,90043.4804087,0.897399993846193
0,278,completed,90043.4795288,90043.4798538,90043.4808349,1.3060999917797744
0,279,completed,90043.5142374,90043.5144435,90043.5147887,0.5513000069186091
1,279,completed,90043.514262,90043.5145021,90043.5150719,0.8098999969661236
0,280,completed,90043.5420576,90043.5422889,90043.54268,0.6223999953363091
1,280,completed,90043.5420723,90043.542307,90043.5429559,0.8836000051815063
0,281,completed,90043.5838573,90043.5843971,90043.5849238,1.0665000008884817
1,281,completed,90043.5838561,90043.584397,90043.5852459,1.3898000033805147
0,282,completed,90043.6114786,90043.6120755,90043.6123925,0.9139000030700117
1,282,completed,90043.6115165,90043.6120899,90043.6126337,1.1172000085934997
0,283,completed,90043.6462369,90043.6464883,90043.6469125,0.6756000075256452
1,283,completed,90043.6462585,90043.6465226,90043.6472139,0.9553999989293516
1,284,completed,90043.6808432,90043.6810715,90043.6815892,0.746000005165115
0,284,completed,90043.6808303,90043.6810592,90043.6821,1.2697000056505203
1,285,completed,90043.7088273,90043.7093201,90043.7096972,0.8699000027263537
0,285,completed,90043.7088274,90043.7093371,90043.7100192,1.1918000091100112
1,286,completed,90043.7434086,90043.7436325,90043.7439936,0.5850000015925616
0,286,completed,90043.7433438,90043.7436173,90043.7443213,0.9774999925866723
1,287,completed,90043.7853423,90043.7856338,90043.7861258,0.7834999996703118
0,287,completed,90043.7853351,90043.7856912,90043.7864565,1.1214000114705414
1,288,completed,90043.8128976,90043.813174,90043.8135171,0.6195000023581088
0,288,completed,90043.812924,90043.8131761,90043.8137808,0.8568000048398972
0,289,completed,90043.8477174,90043.8482875,90043.8487133,0.9959000017261133
1,289,completed,90043.8477176,90043.8482362,90043.8489848,1.2672000011662021
1,290,completed,90043.8754995,90043.875799,90043.8761958,0.6962999905226752
0,290,completed,90043.8754995,90043.8757991,90043.876536,1.036499990732409
0,291,completed,90043.9100626,90043.910288,90043.9106395,0.5768999981228262
1,291,completed,90043.9100965,90043.9103113,90043.9109192,0.8227000071201473
1,292,completed,90043.9447207,90043.9449177,90043.9453218,0.6010999932186678
0,292,completed,90043.9447809,90043.9450141,90043.9456539,0.8729999972274527
0,293,completed,90043.9795745,90043.9798742,90043.9802537,0.6792000058339909
1,293,completed,90043.9795642,90043.9798903,90043.9806216,1.0574000043561682
0,294,completed,90044.0141904,90044.0147075,90044.015052,0.8615999977337196
1,294,completed,90044.0141903,90044.0147206,90044.0153143,1.1240000021643937
0,295,completed,90044.0421121,90044.0426502,90044.0430537,0.9416000102646649
1,295,completed,90044.0421029,90044.0426689,90044.0433179,1.2149999965913594
0,296,completed,90044.0837889,90044.0842688,90044.0850076,1.2187000102130696
1,296,completed,90044.083784,90044.0844751,90044.0853701,1.5860999992582947
0,297,completed,90044.1114184,90044.1116865,90044.1120799,0.6615000020246953
1,297,completed,90044.1114185,90044.1117192,90044.1123637,0.9451999940210953
0,298,completed,90044.1469562,90044.1471995,90044.1475649,0.6087000074330717
1,298,completed,90044.1469727,90044.1472209,90044.1478958,0.9231000003637746
0,299,completed,90044.1809539,90044.1813201,90044.181655,0.7010999979684129
1,299,completed,90044.180954,90044.1813196,90044.182004,1.0500000062165782
0,300,completed,90044.2155302,90044.2157367,90044.2161123,0.5820999940624461
1,300,completed,90044.2155712,90044.2158265,90044.2163705,0.7993000035639852
1,301,completed,90044.2433514,90044.2436167,90044.2440226,0.6712000031257048
0,301,completed,90044.2433513,90044.2436167,90044.2443383,0.9870000067166984
1,302,completed,90044.2781822,90044.2784189,90044.2788368,0.6546000076923519
0,302,completed,90044.2782003,90044.2785053,90044.2792106,1.010299994959496
1,303,completed,90044.3129288,90044.3131655,90044.3135754,0.6465999904321507
0,303,completed,90044.312914,90044.3131518,90044.3139239,1.0099000064656138
1,304,completed,90044.3545555,90044.3550526,90044.3556306,1.0750999936135486
0,304,completed,90044.3545281,90044.3551657,90044.3559409,1.4128000038908795
1,305,completed,90044.3754117,90044.3757011,90044.376104,0.6922999891685322
0,305,completed,90044.3754052,90044.3757014,90044.3764802,1.0749999928520992
0,306,completed,90044.4100872,90044.4103103,90044.4106581,0.5708999960916117
1,306,completed,90044.4101059,90044.4103471,90044.410949,0.8431000023847446
0,307,completed,90044.4448982,90044.4454066,90044.4458625,0.9642999939387664
1,307,completed,90044.4448888,90044.4454658,90044.4461857,1.2968999944860116
1,308,completed,90044.4795768,90044.4798138,90044.4801959,0.6190999993123114
0,308,completed,90044.4795814,90044.4798181,90044.4805618,0.9804000001167879
0,309,completed,90044.5142558,90044.5147286,90044.5151366,0.8808000129647553
1,309,completed,90044.5142701,90044.5147559,90044.5153979,1.127800001995638
0,310,completed,90044.5420428,90044.5422331,90044.5426315,0.5886999861104414
1,310,completed,90044.5420553,90044.5422811,90044.5429426,0.8873000042513013
0,311,completed,90044.5768003,90044.5770618,90044.5775267,0.7264000014401972
1,311,completed,90044.5768012,90044.5770748,90044.5779105,1.1092999920947477
0,312,completed,90044.6113548,90044.611581,90044.6119416,0.5868000007467344
1,312,completed,90044.6113821,90044.6116421,90044.6121978,0.8156999974744394
0,313,completed,90044.6461903,90044.6467283,90044.6471637,0.9734000050229952
1,313,completed,90044.6461903,90044.6467168,90044.6474247,1.2343999987933785
0,314,completed,90044.6879044,90044.6882605,90044.6887729,0.8685000066179782
1,314,completed,90044.6879043,90044.6882602,90044.6891979,1.2936000130139291
0,315,completed,90044.7086941,90044.709131,90044.7095262,0.8320999913848937
1,315,completed,90044.7086845,90044.7091875,90044.7097906,1.1060999968321994
1,316,completed,90044.7434696,90044.7436873,90044.7440867,0.6170999986352399
0,316,completed,90044.7434508,90044.7437044,90044.7443808,0.9299999946961179
1,317,completed,90044.7851433,90044.7854606,90044.7858594,0.7160999957704917
0,317,completed,90044.7851416,90044.7854613,90044.7862049,1.0632999910740182
0,318,completed,90044.8127254,90044.8129342,90044.8132737,0.5482999986270443
1,318,completed,90044.8127579,90044.8129665,90044.8136469,0.8890000026440248
1,319,completed,90044.8474692,90044.847754,90044.8481517,0.6825000018579885
0,319,completed,90044.8474691,90044.8477516,90044.8486011,1.1320000048726797
1,320,completed,90044.8756552,90044.87612,90044.876695,1.039800001308322
0,320,completed,90044.8756552,90044.8761843,90044.8770863,1.4310999977169558
0,321,completed,90044.9100825,90044.9103467,90044.9107322,0.6496999994851649
1,321,completed,90044.91008,90044.9103497,90044.9110127,0.9327000007033348
1,322,completed,90044.9448661,90044.945335,90044.9457997,0.9335999930044636
0,322,completed,90044.9448664,90044.9454329,90044.9461159,1.2495000119088218
0,323,completed,90044.9866101,90044.9872546,90044.987817,1.2069000076735392
1,323,completed,90044.9866104,90044.9872544,90044.9881144,1.5039999998407438
0,324,completed,90045.0142404,90045.0144926,90045.0148379,0.5974999949103221
1,324,completed,90045.01424,90045.0144925,90045.0151683,0.9282999963033944
1,325,completed,90045.0420545,90045.0423096,90045.042657,0.6025000038789585
0,325,completed,90045.0420545,90045.042311,90045.042906,0.851500008138828
1,326,completed,90045.0768248,90045.0770844,90045.0774926,0.6678000063402578
0,326,completed,90045.0768534,90045.0771009,90045.077824,0.9706000128062442
1,327,completed,90045.1115134,90045.1117488,90045.1120998,0.5863999977009371
0,327,completed,90045.1115012,90045.1117383,90045.112415,0.9138000023085624
0,328,completed,90045.1532334,90045.153758,90045.1541859,0.9525000059511513
1,328,completed,90045.1532636,90045.1537951,90045.1544398,1.1761999921873212
0,329,completed,90045.1810473,90045.1813228,90045.1817751,0.727800012100488
1,329,completed,90045.1810391,90045.1813705,90045.1821125,1.073399995220825
1,330,completed,90045.2156315,90045.2158752,90045.2163236,0.6921000021975487
0,330,completed,90045.215617,90045.2158912,90045.2167469,1.1299000034341589
1,331,completed,90045.2434434,90045.2436678,90045.2440766,0.6332000048132613
0,331,completed,90045.2434189,90045.2437075,90045.2443535,0.934600000618957
1,332,completed,90045.278113,90045.2783456,90045.2787335,0.6205000099726021
0,332,completed,90045.2781362,90045.2784103,90045.2791114,0.975200004177168
1,333,completed,90045.3127401,90045.3129786,90045.3133026,0.5625000048894435
0,333,completed,90045.312726,90045.3129661,90045.3135725,0.8464999991701916
0,334,completed,90045.3475037,90045.3477558,90045.3480974,0.5936999950790778
1,334,completed,90045.3475038,90045.3477558,90045.3484085,0.9046999912243336
0,335,completed,90045.3753245,90045.3755974,90045.3760418,0.7173000049078837
1,335,completed,90045.3753249,90045.3756294,90045.3764951,1.1702000047080219
1,336,completed,90045.4100105,90045.4102658,90045.4106285,0.6180000054882839
0,336,completed,90045.4100101,90045.4102711,90045.4109972,0.9871000074781477
0,337,completed,90045.4447862,90045.4450226,90045.445434,0.6477999995695427
1,337,completed,90045.4448036,90045.4450351,90045.4457644,0.9608000109437853
0,338,completed,90045.4794944,90045.4797632,90045.4801651,0.6706999993184581
1,338,completed,90045.4794946,90045.4798298,90045.4805298,1.035199995385483
0,339,completed,90045.5141724,90045.5144484,90045.5148137,0.6413000082829967
1,339,completed,90045.5141778,90045.5144782,90045.5150971,0.9193000005325302
0,340,completed,90045.5441047,90045.5443967,90045.545206,1.1012999893864617
1,340,completed,90045.5441077,90045.5444145,90045.5455564,1.448700000764802
1,341,completed,90045.5767021,90045.576942,90045.5773947,0.6925999914528802
0,341,completed,90045.5767563,90045.5770613,90045.5777388,0.9825000015553087
1,342,completed,90045.6113632,90045.6115852,90045.6119203,0.5570999928750098
0,342,completed,90045.611353,90045.6115835,90045.612198,0.8450000023003668
1,343,completed,90045.6461087,90045.6463598,90045.646681,0.5722999921999872
0,343,completed,90045.646124,90045.6463342,90045.6470307,0.9066999919014052
0,344,completed,90045.6808655,90045.681136,90045.6815766,0.7111000013537705
1,344,completed,90045.6808831,90045.6812083,90045.6819031,1.0200000106124207
1,345,completed,90045.7156561,90045.7158761,90045.7162281,0.5720000044675544
0,345,completed,90045.7156566,90045.7159083,90045.7165251,0.868499992066063
0,346,completed,90045.7433763,90045.7436197,90045.7439821,0.6057999999029562
1,346,completed,90045.7433987,90045.7436459,90045.7442703,0.8716000011190772
0,347,completed,90045.778091,90045.7783954,90045.7789255,0.8344999951077625
1,347,completed,90045.778091,90045.7783954,90045.7792808,1.1897999938810244
1,348,completed,90045.8127745,90045.8130143,90045.8133892,0.6147000094642863
0,348,completed,90045.8127707,90045.8130104,90045.8136736,0.902900006622076
0,349,completed,90045.8425651,90045.8428351,90045.8433688,0.8036999934120104
1,349,completed,90045.8425449,90045.8428331,90045.8436516,1.1066999868489802
1,350,completed,90045.8894843,90045.889731,90045.8900402,0.555899998289533
0,350,completed,90045.8894934,90045.8897299,90045.890334,0.8405999979004264
1,351,completed,90045.9101923,90045.9104411,90045.9107518,0.5594999965978786
0,351,completed,90045.9101923,90045.9104424,90045.9109922,0.7999000081326813
1,352,completed,90045.9449658,90045.9452594,90045.9456248,0.6590000120922923
0,352,completed,90045.944966,90045.9452843,90045.9459197,0.9537000005366281
0,353,completed,90045.9797304,90045.9799913,90045.9804354,0.7049999985611066
1,353,completed,90045.9797404,90045.9800331,90045.9807884,1.0480000055395067
1,354,completed,90046.0145108,90046.0147956,90046.0151362,0.625400003627874
0,354,completed,90046.0145104,90046.0147744,90046.0154806,0.9702000097604468
1,355,completed,90046.0423421,90046.0425991,90046.0429449,0.6027999916113913
0,355,completed,90046.0423482,90046.0425971,90046.043253,0.904799991985783
0,356,completed,90046.0769915,90046.0772939,90046.077739,0.7475000020349398
1,356,completed,90046.0770122,90046.0774114,90046.078178,1.1658000003080815
1,357,completed,90046.1117706,90046.111992,90046.1123837,0.6131000118330121
0,357,completed,90046.1117829,90046.112054,90046.1126991,0.9162000060314313
1,358,completed,90046.1464307,90046.1467138,90046.1471009,0.6701999955112115
0,358,completed,90046.1464309,90046.1467114,90046.1474406,1.0097000049427152
1,359,completed,90046.1882236,90046.1886197,90046.1891547,0.9311000030720606
0,359,completed,90046.1882676,90046.1886792,90046.1896332,1.365600008284673
1,360,completed,90046.2089711,90046.2092808,90046.2096548,0.6836999964434654
0,360,completed,90046.2089893,90046.2092947,90046.209949,0.9597000025678426
0,361,completed,90046.2507619,90046.2511687,90046.2517219,0.9600000048521906
1,361,completed,90046.2507619,90046.2512616,90046.2521133,1.3514000020222738
0,362,completed,90046.2855181,90046.2858564,90046.286239,0.7208999886643142
1,362,completed,90046.2855264,90046.2858169,90046.2865903,1.0639000101946294
0,363,completed,90046.3135877,90046.3142255,90046.3149649,1.3771999947493896
1,363,completed,90046.3135875,90046.3142975,90046.3154333,1.8457999976817518
1,364,completed,90046.3411881,90046.3416341,90046.3422566,1.068499987013638
0,364,completed,90046.3411887,90046.3416477,90046.3427564,1.567700004670769
1,365,completed,90046.3757906,90046.3761468,90046.3766072,0.8166000043274835
0,365,completed,90046.3757943,90046.3761849,90046.3769545,1.1602000013226643
0,366,completed,90046.4106068,90046.4111076,90046.4116465,1.0397000005468726
1,366,completed,90046.4106081,90046.4111278,90046.4120807,1.4725999935762957
0,367,completed,90046.4453945,90046.4458091,90046.4463373,0.9428000048501417
1,367,completed,90046.4453947,90046.4458947,90046.4468237,1.428999996278435
1,368,completed,90046.481609,90046.4819219,90046.482276,0.6670000002486631
0,368,completed,90046.4816115,90046.4819828,90046.4825454,0.9338999952888116
1,369,completed,90046.5077422,90046.5081091,90046.5085603,0.8181000011973083
0,369,completed,90046.5146606,90046.5149848,90046.5155605,0.8998999983305112
0,370,completed,90046.5424595,90046.5427421,90046.5431918,0.7323000027099624
1,370,completed,90046.5424869,90046.5429002,90046.5435151,1.0282000002916902
0,371,completed,90046.5769251,90046.5771418,90046.5775799,0.6547999946633354
1,371,completed,90046.5769505,90046.5772394,90046.5778848,0.934299998334609
0,372,completed,90046.6119185,90046.6122582,90046.612726,0.80750000779517
1,372,completed,90046.6119473,90046.612307,90046.6131119,1.1646000057226047
1,373,completed,90046.6464976,90046.6467508,90046.6471591,0.6615000020246953
0,373,completed,90046.6465298,90046.6468221,90046.6474821,0.9523000044282526
0,374,completed,90046.6881097,90046.6884519,90046.6889322,0.8225000055972487
1,374,completed,90046.6881104,90046.688495,90046.6892717,1.1612999951466918
0,375,completed,90046.7089948,90046.7093303,90046.7097818,0.7869999972172081
1,375,completed,90046.7089951,90046.7093624,90046.7101341,1.1389999999664724
0,376,completed,90046.744235,90046.7445938,90046.7450805,0.8454999915556982
1,376,completed,90046.7442348,90046.7446189,90046.7454467,1.2119000020902604
0,377,completed,90046.7783792,90046.778643,90046.7792847,0.9054999973159283
1,377,completed,90046.7783744,90046.7787872,90046.7796167,1.2423000007402152
1,378,completed,90046.8131357,90046.8134701,90046.8139301,0.7944000099087134
0,378,completed,90046.813135,90046.8134695,90046.8143423,1.2072999961674213
1,379,completed,90046.8478359,90046.8483258,90046.8489172,1.0812999971676618
0,379,completed,90046.8478358,90046.8483515,90046.8493068,1.4709999959450215
1,380,completed,90046.8826423,90046.8829218,90046.8833516,0.7093000021995977
0,380,completed,90046.8826449,90046.88294,90046.8837426,1.097699991078116
1,381,completed,90046.9172928,90046.9175552,90046.9179508,0.6579999899258837
0,381,completed,90046.9172931,90046.9176391,90046.9183163,1.0231999913230538
0,382,completed,90046.9454806,90046.9461941,90046.9471241,1.6434999997727573
1,382,completed,90046.9454804,90046.946228,90046.9477142,2.233799998066388
0,383,completed,90046.9799529,90046.9802419,90046.9807584,0.8054999925661832
1,383,completed,90046.97996,90046.9803339,90046.9811768,1.2168000102974474
0,384,completed,90047.0216513,90047.0219478,90047.0225085,0.8571999933337793
1,384,completed,90047.0216527,90047.0220858,90047.0229446,1.2919000000692904
0,385,completed,90047.0424271,90047.0427295,90047.0431103,0.6832000071881339
1,385,completed,90047.0424415,90047.0427483,90047.0434843,1.0427999950479716
1,386,completed,90047.077116,90047.077602,90047.078243,1.1269999959040433
0,386,completed,90047.0771167,90047.0776548,90047.0787328,1.6160999948624521
0,387,completed,90047.1117656,90047.1121016,90047.1125628,0.7972000021254644
1,387,completed,90047.1117655,90047.1121336,90047.113019,1.2534999987110496
1,388,completed,90047.1464281,90047.1466796,90047.147137,0.7089000137057155
0,388,completed,90047.1464282,90047.1467751,90047.1474258,0.9976000001188368
0,389,completed,90047.1811499,90047.1814589,90047.181913,0.7630999898537993
1,389,completed,90047.1811339,90047.1815086,90047.1822517,1.1177999986102805
0,390,completed,90047.208937,90047.2092843,90047.2096817,0.7446999952662736
1,390,completed,90047.2089449,90047.2092714,90047.2100435,1.09859999793116
0,391,completed,90047.243606,90047.243897,90047.2442253,0.6193000008352101
1,391,completed,90047.2436064,90047.2438978,90047.2445159,0.9094999986700714
1,392,completed,90047.2855293,90047.285984,90047.2865095,0.9801999985938892
0,392,completed,90047.2855283,90047.2860569,90047.2869056,1.3773000100627542
0,393,completed,90047.3131153,90047.3134502,90047.3138326,0.7173000049078837
1,393,completed,90047.3131153,90047.3134748,90047.3141685,1.0532000014791265
1,394,completed,90047.3478471,90047.3481511,90047.3488708,1.0236999951303005
0,394,completed,90047.3478547,90047.3481728,90047.3491654,1.3106999977026135
0,395,completed,90047.3756921,90047.3761379,90047.3766451,0.9529999952064827
1,395,completed,90047.3757125,90047.3761393,90047.3770467,1.334200002020225
0,396,completed,90047.410417,90047.4107451,90047.4112004,0.7833999989088625
1,396,completed,90047.4104153,90047.4108136,90047.4116093,1.1940000113099813
0,397,completed,90047.4451316,90047.4453936,90047.44578,0.6483999895863235
1,397,completed,90047.445144,90047.4454511,90047.4461821,1.0381000029155985
1,398,completed,90047.4868071,90047.4871291,90047.4875943,0.7871999987401068
0,398,completed,90047.4867917,90047.4871238,90047.4879463,1.1546000023372471
0,399,completed,90047.5144244,90047.5147356,90047.5150999,0.6755000067641959
1,399,completed,90047.5144188,90047.5147191,90047.5154632,1.044400007231161
1,400,completed,90047.5493063,90047.5496802,90047.550126,0.8196999988285825
0,400,completed,90047.5493232,90047.5497774,90047.5504743,1.1511000047903508
1,401,completed,90047.5770316,90047.577272,90047.5777465,0.7149000011850148
0,401,completed,90047.5770272,90047.5773344,90047.5781133,1.0861000046133995
1,402,completed,90047.6117951,90047.6122212,90047.6126889,0.8937999955378473
0,402,completed,90047.6117945,90047.6122114,90047.6130413,1.246800005901605
0,403,completed,90047.6465025,90047.6468176,90047.64729,0.7874999864725396
1,403,completed,90047.6465028,90047.6468416,90047.6476732,1.1704000062309206
0,404,completed,90047.6881353,90047.6884475,90047.6889206,0.7852999988244846
1,404,completed,90047.6881356,90047.6885358,90047.6893212,1.185600005555898
0,405,completed,90047.7089562,90047.7092611,90047.7096681,0.71189999289345
1,405,completed,90047.7089373,90047.709261,90047.7100789,1.1415999906603247
0,406,completed,90047.7444317,90047.7448173,90047.7453003,0.8685999928275123
1,406,completed,90047.7444326,90047.7449078,90047.7456484,1.215800002682954
0,407,completed,90047.7785094,90047.7788819,90047.7792748,0.7654000073671341
1,407,completed,90047.7785097,90047.7789268,90047.7796025,1.0927999974228442
1,408,completed,90047.8132063,90047.8138429,90047.8146544,1.4481000107480213
0,408,completed,90047.8132066,90047.8138703,90047.815122,1.9154000037815422
0,409,completed,90047.8478265,90047.8481189,90047.8489986,1.172100004623644
1,409,completed,90047.8478266,90047.8481199,90047.8493857,1.559099997393787
1,410,completed,90047.8756291,90047.8759167,90047.8763486,0.7194999925559387
0,410,completed,90047.8756252,90047.8759501,90047.8766387,1.0135000047739595
0,411,completed,90047.9102487,90047.9105323,90047.9109468,0.698099989676848
1,411,completed,90047.9102481,90047.9105562,90047.9112776,1.0294999956386164
0,412,completed,90047.9520959,90047.9524107,90047.9528132,0.7173000049078837
1,412,completed,90047.9520962,90047.9524478,90047.9531412,1.045000011799857
0,413,completed,90047.9797806,90047.9801552,90047.9806047,0.8241000032285228
1,413,completed,90047.9797807,90047.9802093,90047.9809625,1.1818000057246536
0,414,completed,90048.0145153,90048.0148404,90048.0152861,0.7707999902777374
1,414,completed,90048.0145348,90048.0148919,90048.0156628,1.1280000035185367
0,415,completed,90048.0422384,90048.0424966,90048.0428785,0.6400999991456047
1,415,completed,90048.0422383,90048.0425216,90048.0431977,0.9594000002834946
0,416,completed,90048.0770091,90048.077274,90048.0776903,0.6811999919591472
1,416,completed,90048.0770213,90048.0773332,90048.0780539,1.0325999901397154
1,417,completed,90048.1187655,90048.1190925,90048.1196102,0.8447000000160187
0,417,completed,90048.1187633,90048.1191256,90048.1200238,1.2605000083567575
1,418,completed,90048.146441,90048.1467111,90048.1470622,0.6212000007508323
0,418,completed,90048.1464432,90048.1466887,90048.1473685,0.9252999880118296
0,419,completed,90048.1812004,90048.1814801,90048.1818951,0.6947000074433163
1,419,completed,90048.1811864,90048.1814751,90048.1822093,1.0228999890387058
1,420,completed,90048.2088612,90048.209093,90048.2094316,0.5704000068362802
0,420,completed,90048.2088568,90048.2090896,90048.2097439,0.8871000027284026
1,421,completed,90048.2437755,90048.2440128,90048.2444325,0.6569999968633056
0,421,completed,90048.2437761,90048.2440582,90048.2447526,0.9764999995240942
1,422,completed,90048.2853818,90048.2856508,90048.2860899,0.7080999930622056
0,422,completed,90048.2853902,90048.2857271,90048.2863824,0.992199988104403
1,423,completed,90048.3132308,90048.3135114,90048.313982,0.7512000011047348
0,423,completed,90048.3132141,90048.3135436,90048.3142974,1.0832999978447333
1,424,completed,90048.3478165,90048.3480564,90048.3484662,0.6496999994851649
0,424,completed,90048.3478188,90048.3480935,90048.3492833,1.4645000046584755
0,425,completed,90048.3762796,90048.376584,90048.3773059,1.026300000376068
1,425,completed,90048.3762885,90048.3766551,90048.3778324,1.5438999980688095
0,426,completed,90048.4173652,90048.4178051,90048.4182389,0.873700002557598
1,426,completed,90048.4173851,90048.4178262,90048.4186882,1.30310001259204
1,427,completed,90048.4450582,90048.4453955,90048.4458509,0.7926999969640747
0,427,completed,90048.4450682,90048.4453826,90048.4461687,1.1004999978467822
0,428,completed,90048.4803908,90048.4808807,90048.4814695,1.0786999919218943
1,428,completed,90048.4803883,90048.4808548,90048.4819897,1.6013999993447214
1,429,completed,90048.521707,90048.5220909,90048.5227783,1.0712999937823042
0,429,completed,90048.5217075,90048.5221529,90048.5232613,1.5538000006927177
0,430,completed,90048.5426046,90048.5431051,90048.543727,1.1223999899812043
1,430,completed,90048.542609,90048.5431929,90048.5442923,1.6832999972393736
1,431,completed,90048.5846744,90048.58506,90048.5856773,1.002899996819906
0,431,completed,90048.5846386,90048.5851236,90048.5860295,1.3908999972045422
1,432,completed,90048.6118753,90048.6123321,90048.6128571,0.9817999962251633
0,432,completed,90048.6118755,90048.6123332,90048.6132293,1.3537999911932275
1,433,completed,90048.6467694,90048.6471797,90048.6476689,0.8994999952847138
0,433,completed,90048.6467694,90048.6472147,90048.6479992,1.2297999928705394
1,434,completed,90048.6884598,90048.6891796,90048.6898306,1.3707999896723777
0,434,completed,90048.6884596,90048.6893267,90048.6902478,1.7881999956443906
1,435,completed,90048.709105,90048.7093788,90048.709823,0.7179999956861138
0,435,completed,90048.7091045,90048.7094245,90048.7101793,1.0748000058811158
1,436,completed,90048.750706,90048.7510388,90048.7514778,0.7717999978922307
0,436,completed,90048.7507066,90048.7510825,90048.7518173,1.1107000027550384
0,437,completed,90048.7783649,90048.778664,90048.7790319,0.6670000002486631
1,437,completed,90048.7783708,90048.7786567,90048.7793502,0.9793999925022945
1,438,completed,90048.8132627,90048.8135214,90048.8139715,0.708799998392351
0,438,completed,90048.8132707,90048.8135631,90048.8143174,1.0466999956406653
0,439,completed,90048.8550656,90048.855635,90048.8564578,1.3921999925514683
1,439,completed,90048.855065,90048.85565,90048.8568125,1.7475000058766454
0,440,completed,90048.8756917,90048.876058,90048.876571,0.8793000015430152
1,440,completed,90048.8756918,90048.8761558,90048.8769675,1.2756999931298196
1,441,completed,90048.9103004,90048.9106057,90048.9109465,0.646099986624904
0,441,completed,90048.9103146,90048.9106151,90048.9112868,0.9721999958856031
0,442,completed,90048.9446897,90048.9449235,90048.9452736,0.5838999932166189
1,442,completed,90048.9447202,90048.9449714,90048.9455497,0.8295000006910414
0,443,completed,90048.9797919,90048.9802083,90048.9806317,0.8398000063607469
1,443,completed,90048.9798089,90048.9801728,90048.9812097,1.4007999998284504
1,444,completed,90049.0143366,90049.0145546,90049.0149697,0.633100004051812
0,444,completed,90049.0143521,90049.0145832,90049.0153007,0.9486000053584576
1,445,completed,90049.0422533,90049.0426994,90049.0430382,0.7849000103306025
0,445,completed,90049.0422392,90049.0427048,90049.043328,1.0887999960687011
0,446,completed,90049.0839351,90049.0844789,90049.0849193,0.9841999999480322
1,446,completed,90049.0839355,90049.084519,90049.0852596,1.324099997873418
0,447,completed,90049.1115889,90049.1119319,90049.1124548,0.8658999868202955
1,447,completed,90049.1116156,90049.1119707,90049.1128942,1.2786000006599352
1,448,completed,90049.1464456,90049.1469427,90049.147391,0.9454000100959092
0,448,completed,90049.1464807,90049.1469238,90049.1478908,1.4100999978836626
1,449,completed,90049.1880829,90049.1885317,90049.1889951,0.9122000046772882
0,449,completed,90049.1880829,90049.1885319,90049.1893561,1.2732000031974167
1,450,completed,90049.2088121,90049.2090814,90049.2093621,0.5499999970197678
0,450,completed,90049.2087967,90049.2090688,90049.2096187,0.822000001790002
0,451,completed,90049.2436801,90049.2439038,90049.2442204,0.5402999959187582
1,451,completed,90049.2436929,90049.2439084,90049.2445181,0.8251999970525503
1,452,completed,90049.2780223,90049.2782379,90049.278591,0.5686999938916415
0,452,completed,90049.2780448,90049.2782916,90049.2789168,0.8720000041648746
0,453,completed,90049.3128045,90049.3132161,90049.3135522,0.7476999890059233
1,453,completed,90049.3128049,90049.3132466,90049.3138402,1.0353000106988475
0,454,completed,90049.3476917,90049.3479222,90049.3482459,0.5541999998968095
1,454,completed,90049.3477037,90049.3479233,90049.348584,0.8803000091575086
1,455,completed,90049.3754049,90049.3756232,90049.3759427,0.5378000059863552
0,455,completed,90049.3754049,90049.3756232,90049.3762397,0.8347999973921105
0,456,completed,90049.4101431,90049.4103414,90049.4107018,0.5587000050581992
1,456,completed,90049.4101216,90049.4103207,90049.4110127,0.8911000040825456
1,457,completed,90049.4453729,90049.4458481,90049.4462794,0.9065000049304217
0,457,completed,90049.4453741,90049.4459252,90049.4466062,1.232099995831959
0,458,completed,90049.4797361,90049.480062,90049.4806176,0.8815000037429854
1,458,completed,90049.4797382,90049.4800549,90049.4808903,1.152099997852929
1,459,completed,90049.5141096,90049.5143379,90049.5146688,0.5591999943135306
0,459,completed,90049.5140987,90049.5143309,90049.5149695,0.8707999950274825
1,460,completed,90049.5423521,90049.5425513,90049.5428708,0.5186999915167689
0,460,completed,90049.5423214,90049.5425535,90049.5432417,0.9202999935951084
1,461,completed,90049.5770197,90049.5772799,90049.5776271,0.6074000120861456
0,461,completed,90049.5770314,90049.5772904,90049.5779714,0.9399999980814755
1,462,completed,90049.6116254,90049.6118278,90049.6122149,0.5895000067539513
0,462,completed,90049.6116431,90049.6118462,90049.6125104,0.8672999974805862
0,463,completed,90049.6464594,90049.6466941,90049.6470279,0.568500006920658
1,463,completed,90049.6464571,90049.6466941,90049.6473398,0.8826999983284622
0,464,completed,90049.6811241,90049.6813688,90049.6818008,0.6767000013496727
1,464,completed,90049.6811528,90049.6814218,90049.6820754,0.9225999965565279
1,465,completed,90049.7088859,90049.7090598,90049.7094624,0.5764999950770289
0,465,completed,90049.7088854,90049.7095155,90049.7098088,0.9234000026481226
0,466,completed,90049.7435626,90049.7437682,90049.7441189,0.5563000013353303
1,466,completed,90049.7435508,90049.7438154,90049.744413,0.8621999877505004
0,467,completed,90049.7783145,90049.7785427,90049.7788776,0.5630999949062243
1,467,completed,90049.7783147,90049.778539,90049.7791789,0.8642000029794872
0,468,completed,90049.820163,90049.8203983,90049.8208216,0.658600009046495
1,468,completed,90049.8201634,90049.820459,90049.8211467,0.9832999930949882
0,469,completed,90049.8435812,90049.8438575,90049.8442983,0.717100003384985
1,469,completed,90049.8435969,90049.8438899,90049.8446135,1.0165999992750585
1,470,completed,90049.8856405,90049.8858842,90049.886255,0.6145000079413876
0,470,completed,90049.8856474,90049.8858989,90049.8865714,0.9239999926649034
0,471,completed,90049.9103451,90049.9107558,90049.9111828,0.8377000049222261
1,471,completed,90049.9103447,90049.9107468,90049.9115127,1.1680000025080517
1,472,completed,90049.9449956,90049.9452673,90049.9456367,0.6410999922081828
0,472,completed,90049.9449954,90049.9452875,90049.945937,0.9415999957127497
0,473,completed,90049.9870174,90049.9874264,90049.9878699,0.8525000012014061
1,473,completed,90049.9870175,90049.9874734,90049.9882295,1.2120000028517097
1,474,completed,90050.009883,90050.0101322,90050.0104497,0.56669999321457
0,474,completed,90050.0098834,90050.0101476,90050.0107311,0.8477000083075836
0,475,completed,90050.0421622,90050.0424091,90050.0427784,0.6162000063341111
1,475,completed,90050.0421848,90050.0424289,90050.0430725,0.8877000072970986
1,476,completed,90050.0769455,90050.0772544,90050.0776364,0.6909000076120719
0,476,completed,90050.0769452,90050.0772457,90050.0779629,1.0177000076510012
0,477,completed,90050.1119253,90050.1122863,90050.1127778,0.8524999866494909
1,477,completed,90050.1119109,90050.1123044,90050.1133144,1.4035000058356673
1,478,completed,90050.1463807,90050.1466598,90050.1470162,0.6355000077746809
0,478,completed,90050.1463803,90050.146651,90050.1473721,0.9917999996105209
1,479,completed,90050.1810852,90050.181358,90050.1817194,0.6341999978758395
0,479,completed,90050.1810981,90050.1813721,90050.1820143,0.916199991479516
1,480,completed,90050.2089448,90050.2092129,90050.2096011,0.6562999915331602
0,480,completed,90050.208945,90050.2091874,90050.2099137,0.9686999983387068
1,481,completed,90050.2442494,90050.2448465,90050.2453581,1.108700002077967
0,481,completed,90050.2442491,90050.2448028,90050.2458895,1.6404000052716583
0,482,completed,90050.2784459,90050.2787691,90050.2792514,0.8055000071180984
1,482,completed,90050.2784452,90050.278803,90050.279695,1.2497999996412545
0,483,completed,90050.3132292,90050.3135826,90050.3141046,0.8754000009503216
1,483,completed,90050.3132292,90050.3136324,90050.3144145,1.18530000327155
1,484,completed,90050.3479308,90050.3482193,90050.3486068,0.6760000105714425
0,484,completed,90050.3479684,90050.3483046,90050.3490242,1.0557999921729788
0,485,completed,90050.3756447,90050.3759441,90050.3764037,0.758999987738207
1,485,completed,90050.3756442,90050.3759383,90050.3767191,1.07489999209065
1,486,completed,90050.4105519,90050.4110907,90050.4116008,1.0488999978406355
0,486,completed,90050.4105522,90050.4110448,90050.4121386,1.5864000015426427
1,487,completed,90050.4451753,90050.4455153,90050.4459979,0.8225999918067828
0,487,completed,90050.4452133,90050.445538,90050.4464517,1.2384000001475215
1,488,completed,90050.4869916,90050.4874507,90050.4880014,1.0097999911522493
0,488,completed,90050.4869929,90050.487496,90050.4884031,1.410199998645112
1,489,completed,90050.5147593,90050.5151502,90050.5156155,0.8562000002712011
0,489,completed,90050.5147589,90050.515129,90050.5160754,1.3164999982109293
0,490,completed,90050.5424071,90050.5427715,90050.5433139,0.9067999926628545
1,490,completed,90050.5424073,90050.5428442,90050.5437403,1.3329999928828329
1,491,completed,90050.5772539,90050.5776096,90050.5781873,0.9333999914815649
0,491,completed,90050.5772729,90050.5776473,90050.5785729,1.3000000035390258
0,492,completed,90050.6116435,90050.6119242,90050.6123909,0.7474000012734905
1,492,completed,90050.6116515,90050.611989,90050.6127427,1.09119999979157
0,493,completed,90050.6469411,90050.6474014,90050.6480395,1.0983999964082614
1,493,completed,90050.6469414,90050.6474099,90050.6485403,1.5988999948604032
0,494,completed,90050.6810332,90050.6813546,90050.6819724,0.9391999919898808
1,494,completed,90050.681021,90050.6813655,90050.6823237,1.3027000095462427
1,495,completed,90050.7088867,90050.7090953,90050.7094555,0.5687999946530908
0,495,completed,90050.7089079,90050.7091502,90050.7098094,0.9014999959617853
0,496,completed,90050.7435015,90050.743698,90050.7440954,0.5939000111538917
1,496,completed,90050.7435233,90050.7437222,90050.744384,0.8607000054325908
1,497,completed,90050.7783096,90050.7785266,90050.7789118,0.6021999870426953
0,497,completed,90050.7782986,90050.7785254,90050.7792154,0.9168000106001273
0,498,completed,90050.8129688,90050.8134039,90050.8140324,1.0635999933583662
1,498,completed,90050.81295,90050.8133947,90050.814319,1.3689999905182049
0,499,completed,90050.8561324,90050.8565524,90050.8571319,0.9995000000344589
1,499,completed,90050.8561329,90050.856687,90050.8574333,1.3004000065848231
1,500,completed,90050.8754841,90050.8756841,90050.876288,0.803899994934909
0,500,completed,90050.8755018,90050.8757523,90050.8765854,1.0836000001290813
1,501,completed,90050.9102373,90050.9104497,90050.9107993,0.5620000010821968
0,501,completed,90050.9102665,90050.910507,90050.9111545,0.8880000095814466
0,502,completed,90050.9446129,90050.9448141,90050.9451798,0.5668999947374687
1,502,completed,90050.9446377,90050.9448473,90050.9454483,0.8106000022962689
0,503,completed,90050.980856,90050.9811379,90050.9815934,0.7374000124400482
1,503,completed,90050.9808563,90050.9811606,90050.981956,1.0997000063071027
0,504,completed,90051.0143626,90051.0145903,90051.014978,0.6154000002425164
1,504,completed,90051.0143496,90051.0146159,90051.0152985,0.9489000076428056
0,505,completed,90051.0422278,90051.0424333,90051.0428243,0.596500001847744
1,505,completed,90051.0422184,90051.0424522,90051.0431309,0.912499992409721
1,506,completed,90051.0768231,90051.0770373,90051.0773847,0.5615999980363995
0,506,completed,90051.0768202,90051.0770393,90051.0777722,0.9520000021439046
0,507,completed,90051.1116152,90051.1118305,90051.1122952,0.6799999973736703
1,507,completed,90051.1116609,90051.1118828,90051.1125877,0.9267999994335696
1,508,completed,90051.1463124,90051.146569,90051.1468941,0.5817000055685639
0,508,completed,90051.1463004,90051.146543,90051.147241,0.9406000026501715
0,509,completed,90051.181143,90051.1814346,90051.1818685,0.7255000091390684
1,509,completed,90051.1811367,90051.1814424,90051.1821865,1.0497999901417643
0,510,completed,90051.2087725,90051.2089252,90051.2093795,0.606999994488433
1,510,completed,90051.215691,90051.2158513,90051.2162138,0.5227999936323613
1,511,completed,90051.2434349,90051.2436329,90051.2440596,0.6246999982977286
0,511,completed,90051.2434624,90051.2436879,90051.2443729,0.9104999917326495
0,512,completed,90051.278282,90051.2785301,90051.2788618,0.5798000056529418
1,512,completed,90051.2782828,90051.2785059,90051.2791794,0.8965999877545983
1,513,completed,90051.3132215,90051.313478,90051.3138177,0.596199999563396
0,513,completed,90051.3132345,90051.3134699,90051.3141293,0.8947999886004254
0,514,completed,90051.3476845,90051.3478971,90051.3483122,0.6277000065892935
1,514,completed,90051.3477147,90051.3479511,90051.3486352,0.9205000096699223
1,515,completed,90051.3755184,90051.3757736,90051.3764956,0.9771999903023243
0,515,completed,90051.3754879,90051.3757213,90051.3767929,1.304999997955747
0,516,completed,90051.4101907,90051.4104022,90051.4107545,0.5638000002363697
1,516,completed,90051.4102013,90051.4104206,90051.4110812,0.8799000061117113
0,517,completed,90051.4450146,90051.445254,90051.4456143,0.5996999971102923
1,517,completed,90051.4450088,90051.4452768,90051.4460327,1.0238999966531992
0,518,completed,90051.4797493,90051.4801313,90051.480558,0.8087000023806468
1,518,completed,90051.4797758,90051.4802576,90051.4808999,1.1240999883739278
0,519,completed,90051.5144688,90051.5146649,90051.5150008,0.5320000054780394
1,519,completed,90051.5144936,90051.514684,90051.5152911,0.7975000044098124
0,520,completed,90051.5418829,90051.5421858,90051.5425179,0.6350000039674342
1,520,completed,90051.5419042,90051.5421909,90051.5427738,0.8696000004420057
0,521,completed,90051.5766079,90051.5768712,90051.5772302,0.6222999945748597
1,521,completed,90051.5766085,90051.576886,90051.5775225,0.9139999892795458
0,522,completed,90051.6115619,90051.6117586,90051.6121198,0.5578999989666045
1,522,completed,90051.6115859,90051.6117839,90051.6124092,0.8232999971369281
1,523,completed,90051.6464657,90051.6468274,90051.6471788,0.713100002030842
0,523,completed,90051.6464752,90051.6468289,90051.6475089,1.033699998515658
0,524,completed,90051.680952,90051.6811418,90051.6814742,0.5222000036155805
1,524,completed,90051.6809808,90051.6812012,90051.6817433,0.7624999998370185
1,525,completed,90051.708832,90051.7090488,90051.709409,0.5769999988842756
0,525,completed,90051.7088333,90051.70905,90051.7097037,0.8704000065336004
1,526,completed,90051.7435632,90051.7437909,90051.7441235,0.5603000026894733
0,526,completed,90051.7435697,90051.7437889,90051.744458,0.8882999973138794
0,527,completed,90051.7783159,90051.7785117,90051.7788609,0.5450000026030466
1,527,completed,90051.7783433,90051.7785426,90051.779132,0.7886999956099316
0,528,completed,90051.813095,90051.8133119,90051.8137382,0.6431999936467037
1,528,completed,90051.813077,90051.8133779,90051.814071,0.9940000018104911
0,529,completed,90051.8477136,90051.847913,90051.8482612,0.5475999932968989
1,529,completed,90051.847739,90051.847954,90051.8485413,0.8022999973036349
1,530,completed,90051.8756913,90051.876119,90051.8767838,1.0925000096904114
0,530,completed,90051.8757195,90051.8761709,90051.8770487,1.3291999930515885
0,531,completed,90051.9172869,90051.9177699,90051.9183011,1.0141999955521896
1,531,completed,90051.9172965,90051.9177968,90051.9185965,1.3000000035390258
1,532,completed,90051.9450323,90051.9452329,90051.9457264,0.694099988322705
0,532,completed,90051.945065,90051.9453232,90051.9461546,1.0895999876083806
1,533,completed,90051.9798769,90051.9804191,90051.9807683,0.8913999918149784
0,533,completed,90051.9798752,90051.9804194,90051.9810434,1.1681999894790351
0,534,completed,90052.0144224,90052.0146262,90052.0149834,0.5610000080196187
1,534,completed,90052.014437,90052.0146447,90052.0152299,0.7928999984869733
0,535,completed,90052.0423115,90052.042595,90052.0429365,0.6250000005820766
1,535,completed,90052.0423263,90052.0426219,90052.0432616,0.9353000059491023
0,536,completed,90052.0768537,90052.077084,90052.0773816,0.527900003362447
1,536,completed,90052.076854,90052.077084,90052.0776753,0.8212999964598566
1,537,completed,90052.1117006,90052.1119107,90052.1122604,0.5597999988822266
0,537,completed,90052.1117312,90052.1119319,90052.1125819,0.8507000020472333
0,538,completed,90052.1463475,90052.1467689,90052.1471297,0.7821999897714704
1,538,completed,90052.1463559,90052.1467667,90052.1474893,1.1334000009810552
1,539,completed,90052.1808097,90052.1810586,90052.181423,0.6132999988039955
0,539,completed,90052.1808098,90052.1810586,90052.1817774,0.9675999899627641
0,540,completed,90052.208893,90052.2091032,90052.2094499,0.5568999913521111
1,540,completed,90052.2088886,90052.2091019,90052.2097539,0.8652999968035147
1,541,completed,90052.2435076,90052.2436947,90052.2440344,0.5268000095384195
0,541,completed,90052.2435491,90052.2437415,90052.2443323,0.7831999973859638
0,542,completed,90052.2782888,90052.278525,90052.2788855,0.5967000033706427
1,542,completed,90052.2782872,90052.2785536,90052.2791549,0.8677000005263835
0,543,completed,90052.313009,90052.3134575,90052.3140208,1.0117999918293208
1,543,completed,90052.3130085,90052.3134677,90052.3142775,1.269000000320375
0,544,completed,90052.3476153,90052.3478362,90052.3481514,0.5361000075936317
1,544,completed,90052.3476245,90052.3478451,90052.348469,0.8444999984931201
0,545,completed,90052.3755142,90052.3757477,90052.3760796,0.5653999978676438
1,545,completed,90052.3755382,90052.37575,90052.3768334,1.2952000106452033
1,546,completed,90052.4101162,90052.4103273,90052.4107267,0.6105000065872446
0,546,completed,90052.4101493,90052.4103731,90052.4110452,0.8958999969763681
1,547,completed,90052.4448989,90052.4452777,90052.4456558,0.7569000008516014
0,547,completed,90052.4449169,90052.4452966,90052.4459648,1.0479000047780573
1,548,completed,90052.4796846,90052.4801301,90052.4805391,0.8545000018784776
0,548,completed,90052.4796839,90052.4801249,90052.4808599,1.1759999906644225
0,549,completed,90052.5145708,90052.515062,90052.5154839,0.913099996978417
1,549,completed,90052.5145522,90052.5150247,90052.5157585,1.2063000031048432
1,550,completed,90052.5423425,90052.5426041,90052.5428935,0.5509999900823459
0,550,completed,90052.542346,90052.5425929,90052.5432163,0.8702999912202358
1,551,completed,90052.5769397,90052.5771753,90052.5775101,0.5704000068362802
0,551,completed,90052.5769928,90052.5772289,90052.577778,0.7852000126149505
1,552,completed,90052.6118929,90052.6124402,90052.6128019,0.9090000094147399
0,552,completed,90052.6119141,90052.6124807,90052.6131315,1.2174000003142282
0,553,completed,90052.6464555,90052.646811,90052.6471395,0.6839999987278134
1,553,completed,90052.6464449,90052.6468046,90052.6474346,0.989699998172
1,554,completed,90052.6812561,90052.6817005,90052.6821977,0.9416000102646649
0,554,completed,90052.6812378,90052.6817381,90052.6826117,1.373899998725392
1,555,completed,90052.7087476,90052.7089874,90052.7093125,0.5648999940603971
0,555,completed,90052.7087457,90052.7089876,90052.7095821,0.8363999950233847
0,556,completed,90052.7435963,90052.7438065,90052.7441671,0.5707999953301623
1,556,completed,90052.7436023,90052.7438153,90052.7444998,0.8974999946076423
1,557,completed,90052.7782304,90052.7784644,90052.7788066,0.5762000073445961
0,557,completed,90052.7782399,90052.778474,90052.7791395,0.8995999960461631
1,558,completed,90052.8130471,90052.813283,90052.8136753,0.6281999958446249
0,558,completed,90052.81307,90052.813289,90052.8139471,0.8770999993430451
1,559,completed,90052.8477845,90052.8482027,90052.8487026,0.9180999913951382
0,559,completed,90052.8478018,90052.8482229,90052.8490543,1.2524999910965562
1,560,completed,90052.8754872,90052.8757325,90052.8760851,0.5978999979561195
0,560,completed,90052.8755069,90052.8757708,90052.8770221,1.5151999978115782
1,561,completed,90052.9101488,90052.9103872,90052.9107471,0.5983000010019168
0,561,completed,90052.9101858,90052.9104124,90052.911052,0.8661999891046435
1,562,completed,90052.952101,90052.9525721,90052.9531482,1.047199999447912
0,562,completed,90052.9521533,90052.9526909,90052.9534135,1.2602000060724095
0,563,completed,90052.9866409,90052.9868864,90052.987281,0.6400999991456047
1,563,completed,90052.9866664,90052.9869279,90052.9875721,0.905699998838827
1,564,completed,90053.0144938,90053.0148881,90053.0154277,0.9338999952888116
0,564,completed,90053.0145352,90053.015007,90053.0157315,1.1962999997194856
1,565,completed,90053.0422541,90053.0425639,90053.042871,0.6168999971123412
0,565,completed,90053.0422538,90053.0425956,90053.043212,0.9582000056980178
1,566,completed,90053.0769123,90053.0771798,90053.077564,0.6517000001622364
0,566,completed,90053.076906,90053.077216,90053.0778638,0.9578000026522204
1,567,completed,90053.1114782,90053.1116817,90053.1119902,0.5120000132592395
0,567,completed,90053.1114685,90053.1116737,90053.1122952,0.8266999939223751
1,568,completed,90053.1462203,90053.1464281,90053.1467193,0.49900000158231705
0,568,completed,90053.1462278,90053.1464323,90053.1470088,0.7810000097379088
1,569,completed,90053.1810033,90053.1812275,90053.1815457,0.5424000119091943
0,569,completed,90053.1810196,90053.1812476,90053.1819649,0.9452999947825447
1,570,completed,90053.2087629,90053.2088961,90053.2092401,0.4771999956574291
0,570,completed,90053.2157059,90053.2158519,90053.2161689,0.46300000394694507
0,571,completed,90053.2435209,90053.243776,90053.2442735,0.7525999972131103
1,571,completed,90053.2435454,90053.2437948,90053.244716,1.1706000077538192
0,572,completed,90053.2782742,90053.2785141,90053.2788646,0.5903999990550801
1,572,completed,90053.2782769,90053.2785107,90053.2791926,0.9157000022241846
1,573,completed,90053.3129371,90053.3133829,90053.3139375,1.000400006887503
0,573,completed,90053.3129372,90053.3134084,90053.3141976,1.2604000075953081
0,574,completed,90053.3477746,90053.348355,90053.3488468,1.0722000006353483
1,574,completed,90053.3477614,90053.3483397,90053.3491587,1.397300002281554
1,575,completed,90053.375518,90053.3757727,90053.3761134,0.5953999934718013
0,575,completed,90053.3755316,90053.3757852,90053.3768077,1.276099996175617
0,576,completed,90053.4101912,90053.41042,90053.4107433,0.5520999984582886
1,576,completed,90053.4101839,90053.4104189,90053.4110449,0.8609999931650236
1,577,completed,90053.4448508,90053.4450697,90053.4454401,0.5892999906791374
0,577,completed,90053.4448644,90053.4450823,90053.4457729,0.9085000056074932
0,578,completed,90053.4795595,90053.4797531,90053.4801366,0.5770999996457249
1,578,completed,90053.4795881,90053.479816,90053.4805468,0.9586999949533492
0,579,completed,90053.5143738,90053.514605,90053.5149707,0.5968999903416261
1,579,completed,90053.5143956,90053.514624,90053.5152982,0.902600004337728
1,580,completed,90053.542345,90053.5426618,90053.543034,0.6890000076964498
0,580,completed,90053.5423451,90053.5426869,90053.543312,0.966899999184534
1,581,completed,90053.5769079,90053.5771356,90053.5776032,0.6952999974600971
0,581,completed,90053.576908,90053.5771533,90053.5781325,1.2244999961694703
1,582,completed,90053.611487,90053.611699,90053.6120149,0.527900003362447
0,582,completed,90053.6114761,90053.6116901,90053.6123175,0.8413999894401059
1,583,completed,90053.6464861,90053.6468827,90053.6474651,0.9790000040084124
0,583,completed,90053.6465247,90053.6468958,90053.6480551,1.5303999971365556
1,584,completed,90053.6880191,90053.6883126,90053.6887204,0.7012999994913116
0,584,completed,90053.6880233,90053.688358,90053.6890668,1.043500000378117
1,585,completed,90053.7087941,90053.7093776,90053.7097866,0.992499990388751
0,585,completed,90053.708794,90053.7093764,90053.7100703,1.2762999976985157
1,586,completed,90053.7435736,90053.7437821,90053.7441141,0.5404999974416569
0,586,completed,90053.743605,90053.7438325,90053.7444237,0.8187000057660043
0,587,completed,90053.7782015,90053.778411,90053.7787523,0.5508000031113625
1,587,completed,90053.7782259,90053.7784554,90053.7790369,0.8110000053420663
1,588,completed,90053.8129179,90053.8131705,90053.8135862,0.6683000101475045
0,588,completed,90053.8129358,90053.8131921,90053.8139186,0.9828000038396567
1,589,completed,90053.8476914,90053.8479469,90053.8483133,0.6218999915290624
0,589,completed,90053.847685,90053.847958,90053.8486254,0.9404000011272728
0,590,completed,90053.8757823,90053.8760644,90053.8764934,0.7111000013537705
1,590,completed,90053.8757897,90053.8761217,90053.8774334,1.643700001295656
0,591,completed,90053.910236,90053.9104694,90053.9108845,0.6485000048996881
1,591,completed,90053.9102532,90053.9105119,90053.9111945,0.9413000079803169
1,592,completed,90053.9449922,90053.9452353,90053.9455907,0.5984999879729003
0,592,completed,90053.9450003,90053.9452559,90053.9458828,0.8825000113574788
0,593,completed,90053.9797012,90053.9799297,90053.9803407,0.6394999945769086
1,593,completed,90053.9797335,90053.9799546,90053.9806293,0.8957999962149188
0,594,completed,90054.0143049,90054.0145067,90054.0148165,0.5115999956615269
1,594,completed,90054.0142823,90054.0144884,90054.0151178,0.8354999881703407
1,595,completed,90054.0422339,90054.0425097,90054.0428226,0.5886999861104414
0,595,completed,90054.0422401,90054.0424894,90054.0431434,0.9033000096678734
0,596,completed,90054.0766571,90054.0769328,90054.0772882,0.6311000033747405
1,596,completed,90054.0766542,90054.0769398,90054.0775852,0.9309999877586961
0,597,completed,90054.1115729,90054.1120075,90054.1124625,0.8895999926608056
1,597,completed,90054.1115647,90054.1120236,90054.1127266,1.1618999997153878
0,598,completed,90054.146501,90054.1467018,90054.1470851,0.5841000092914328
1,598,completed,90054.1465242,90054.1467532,90054.147422,0.8977999968919903
0,599,completed,90054.1809856,90054.1811884,90054.1815184,0.5327999970177189
1,599,completed,90054.1810159,90054.1812536,90054.1819144,0.8985000022221357
0,600,completed,90054.2156954,90054.21611,90054.216594,0.898600002983585
1,600,completed,90054.2156908,90054.21611,90054.2168899,1.1990999919362366
0,601,completed,90054.2436011,90054.2438505,90054.2441722,0.5710999976145104
1,601,completed,90054.2436011,90054.2438502,90054.24447,0.8689000096637756
1,602,completed,90054.2781702,90054.27837,90054.2787052,0.534999999217689
0,602,completed,90054.2781861,90054.2783847,90054.2789927,0.8066000009421259
0,603,completed,90054.3199251,90054.3201514,90054.3205105,0.5853999900864437
1,603,completed,90054.3199162,90054.3201493,90054.3208089,0.8927000017138198
0,604,completed,90054.3477825,90054.3480842,90054.3484086,0.6260999944061041
1,604,completed,90054.3477967,90054.3481035,90054.3487003,0.9035999974003062
1,605,completed,90054.3824805,90054.3826982,90054.3834207,0.9401999996043742
0,605,completed,90054.3824614,90054.3826819,90054.3837829,1.3214999926276505
1,606,completed,90054.4101223,90054.4103373,90054.4106916,0.5692999984603375
0,606,completed,90054.4101382,90054.4103487,90054.4109789,0.840700013213791
0,607,completed,90054.4449146,90054.4451208,90054.4454687,0.5540999991353601
1,607,completed,90054.4449696,90054.4451675,90054.4457774,0.807800010079518
0,608,completed,90054.4796638,90054.4798781,90054.4802072,0.5434000049717724
1,608,completed,90054.4796838,90054.4798977,90054.4805093,0.8254999993368983
1,609,completed,90054.5143101,90054.5145716,90054.5148977,0.5876000068383291
0,609,completed,90054.5143099,90054.5145718,90054.5151644,0.8545000018784776
0,610,completed,90054.5490333,90054.5492297,90054.5495528,0.5194999976083636
1,610,completed,90054.5490513,90054.5492977,90054.5498488,0.7975000044098124
1,611,completed,90054.5850868,90054.5853991,90054.5857151,0.6282999966060743
0,611,completed,90054.5850852,90054.5853728,90054.5859735,0.8882999973138794
1,612,completed,90054.6116254,90054.6118776,90054.6122023,0.5769000126747414
0,612,completed,90054.6116564,90054.6118913,90054.6124852,0.8288000099128112
0,613,completed,90054.6463128,90054.6465214,90054.6468522,0.5394000036176294
1,613,completed,90054.6463557,90054.6465529,90054.6471501,0.7944000099087134
0,614,completed,90054.6810737,90054.6814935,90054.681842,0.7683000003453344
1,614,completed,90054.681112,90054.6815884,90054.6821277,1.0156999924220145
1,615,completed,90054.7088236,90054.7090246,90054.7093819,0.5583000020124018
0,615,completed,90054.7088398,90054.7090382,90054.709666,0.8261999901151285
1,616,completed,90054.7435037,90054.7437242,90054.7440656,0.5619000003207475
0,616,completed,90054.7435016,90054.7437232,90054.7443665,0.8649000083096325
1,617,completed,90054.7782868,90054.778543,90054.778896,0.6091999966884032
0,617,completed,90054.7782923,90054.778589,90054.7791472,0.8548999903723598
0,618,completed,90054.8129728,90054.8131956,90054.8135368,0.5639999872073531
1,618,completed,90054.812973,90054.8131956,90054.8138591,0.8861000096658245
1,619,completed,90054.8477042,90054.8479865,90054.8483436,0.6393999938154593
0,619,completed,90054.8477177,90054.8479763,90054.8486394,0.9217000042553991
0,620,completed,90054.8755719,90054.8757861,90054.8761069,0.534999999217689
1,620,completed,90054.8756141,90054.8758267,90054.8764145,0.8003999973880127
0,621,completed,90054.910172,90054.910416,90054.9107281,0.5560999998124316
1,621,completed,90054.9102036,90054.9104334,90054.9110212,0.8175999973900616
0,622,completed,90054.9449168,90054.9452126,90054.9455696,0.6527999939862639
1,622,completed,90054.9448988,90054.9451965,90054.9459032,1.004400008241646
0,623,completed,90054.9796587,90054.9798636,90054.9802212,0.5625000048894435
1,623,completed,90054.9796785,90054.9799113,90054.9805266,0.8480999968014657
0,624,completed,90055.0213114,90055.0215316,90055.021862,0.5505999870365486
1,624,completed,90055.0213473,90055.021562,90055.0221827,0.8354000019608065
1,625,completed,90055.0421676,90055.0424602,90055.0427856,0.6180000054882839
0,625,completed,90055.0421841,90055.0424742,90055.0430574,0.8732999995118007
1,626,completed,90055.0768812,90055.0771174,90055.0775135,0.6322999979602173
0,626,completed,90055.0768767,90055.0771456,90055.077862,0.9853000083239749
1,627,completed,90055.1115553,90055.111955,90055.1124804,0.9251000010408461
0,627,completed,90055.1115855,90055.1120579,90055.112795,1.2094999983673915
0,628,completed,90055.1462897,90055.1465303,90055.1468676,0.5778999911854044
1,628,completed,90055.1462896,90055.1465471,90055.1471501,0.8605000039096922
0,629,completed,90055.1810922,90055.1815104,90055.1818509,0.7587000000057742
1,629,completed,90055.1810647,90055.1815152,90055.1821565,1.091800004360266
1,630,completed,90055.2086134,90055.2088677,90055.2092283,0.6148999964352697
0,630,completed,90055.2086244,90055.2088771,90055.2095758,0.9514000121271238
1,631,completed,90055.2436804,90055.2438808,90055.2442307,0.5502999993041158
0,631,completed,90055.2437099,90055.2439655,90055.2445446,0.8347000111825764
1,632,completed,90055.2879541,90055.2881722,90055.2885219,0.5678000015905127
0,632,completed,90055.2879962,90055.2882065,90055.2887939,0.7977000059327111
1,633,completed,90055.3130581,90055.3134693,90055.3138532,0.7951000006869435
0,633,completed,90055.3130977,90055.3135511,90055.3141412,1.043500000378117
1,634,completed,90055.3476073,90055.3478278,90055.3482859,0.6786000012652948
0,634,completed,90055.3476309,90055.3478498,90055.3486029,0.9720000089146197
1,635,completed,90055.3755267,90055.3757627,90055.3761101,0.5834000039612874
0,635,completed,90055.3755413,90055.3757727,90055.3764256,0.8842999959597364
0,636,completed,90055.4101781,90055.4104208,90055.4107817,0.603599997702986
1,636,completed,90055.410166,90055.4104091,90055.4111349,0.9688999998616055
0,637,completed,90055.4447969,90055.4450062,90055.4453707,0.5738000036217272
1,637,completed,90055.4448095,90055.4450127,90055.4457017,0.8921999979065731
1,638,completed,90055.479694,90055.4799173,90055.48028,0.586000009207055
0,638,completed,90055.4796959,90055.4799175,90055.4806059,0.910000002477318
1,639,completed,90055.5146494,90055.5148005,90055.5151674,0.5180000007385388
0,639,completed,90055.5146344,90055.5150577,90055.5154645,0.8301000052597374
1,640,completed,90055.5422446,90055.5424515,90055.542792,0.5473999917740002
0,640,completed,90055.5422448,90055.5424523,90055.543175,0.9301999962190166
1,641,completed,90055.5769576,90055.5771731,90055.5775313,0.5737000028602779
0,641,completed,90055.5769379,90055.5771574,90055.577829,0.8911000040825456
1,642,completed,90055.6115198,90055.6117538,90055.6121506,0.6308000010903925
0,642,completed,90055.6115452,90055.611781,90055.6124794,0.9342000121250749
0,643,completed,90055.646444,90055.6466417,90055.6470012,0.5572000081883743
1,643,completed,90055.646472,90055.6467047,90055.6473313,0.8593000093242154
0,644,completed,90055.6810606,90055.681453,90055.6818043,0.7436999876517802
1,644,completed,90055.6810622,90055.6815183,90055.682115,1.0527999984333292
0,645,completed,90055.7089397,90055.7092218,90055.7096202,0.680500001180917
1,645,completed,90055.7089398,90055.7092382,90055.7099433,1.003500001388602
1,646,completed,90055.7435181,90055.7437386,90055.7440693,0.5511999916052446
0,646,completed,90055.7435342,90055.7437503,90055.7443628,0.8286000083899125
1,647,completed,90055.7779793,90055.7785395,90055.7791421,1.1628000065684319
0,647,completed,90055.778031,90055.7785879,90055.7795509,1.5199000044958666
0,648,completed,90055.8199304,90055.8201539,90055.8205261,0.5956999957561493
1,648,completed,90055.8199797,90055.8202108,90055.8208746,0.89490000391379
0,649,completed,90055.8407982,90055.8410497,90055.8414113,0.6130999972810969
1,649,completed,90055.8407972,90055.8410497,90055.8417296,0.9323999984189868
1,650,completed,90055.8827641,90055.8830547,90055.883362,0.5978999979561195
0,650,completed,90055.8827585,90055.8830541,90055.8836642,0.905699998838827
1,651,completed,90055.9098058,90055.9100824,90055.9104127,0.6069000082788989
0,651,completed,90055.9098058,90055.9100822,90055.9107118,0.906000001123175
1,652,completed,90055.9449575,90055.9451659,90055.9455304,0.5728999967686832
0,652,completed,90055.9449785,90055.9451996,90055.9458721,0.8935999940149486
0,653,completed,90055.9795864,90055.9798038,90055.9801404,0.5539999983739108
1,653,completed,90055.9796009,90055.9798107,90055.9803992,0.7982999959494919
1,654,completed,90056.0074007,90056.007625,90056.0079639,0.5632000102195889
0,654,completed,90056.0074006,90056.007625,90056.0082974,0.8967999892774969
0,655,completed,90056.0418036,90056.0419839,90056.0424538,0.6501999887404963
1,655,completed,90056.0491898,90056.0493371,90056.0496801,0.49029999354388565
1,656,completed,90056.0765919,90056.0768583,90056.0772591,0.6672000017715618
0,656,completed,90056.076592,90056.0768374,90056.0775792,0.9872000082395971
1,657,completed,90056.1116902,90056.112351,90056.1128569,1.1666999926092103
0,657,completed,90056.1117074,90056.1123467,90056.1133104,1.6029999969759956
0,658,completed,90056.1461642,90056.1463865,90056.146692,0.5277999880490825
1,658,completed,90056.1461537,90056.1463813,90056.1469886,0.8348999981535599
1,659,completed,90056.1810565,90056.1812954,90056.1816597,0.6031999946571887
0,659,completed,90056.1810651,90056.1813224,90056.181932,0.866900008986704
1,660,completed,90056.2158816,90056.2161205,90056.2164767,0.5951000057393685
0,660,completed,90056.2158814,90056.2161199,90056.2167778,0.8964000007836148
0,661,completed,90056.2432453,90056.2434886,90056.2438886,0.6433000089600682
1,661,completed,90056.2432778,90056.2435279,90056.2442449,0.9671000007074326
1,662,completed,90056.2780102,90056.2782641,90056.2786052,0.5950000049779192
0,662,completed,90056.2779987,90056.27826,90056.2789334,0.9347000013804063
1,663,completed,90056.3198782,90056.320144,90056.320533,0.6548000092152506
0,663,completed,90056.3198629,90056.320163,90056.3208665,1.0036000021500513
0,664,completed,90056.3477489,90056.3481812,90056.348563,0.8140999998431653
1,664,completed,90056.3477432,90056.348179,90056.3488727,1.1294999858364463
0,665,completed,90056.3754583,90056.3757123,90056.3760764,0.6181000062497333
1,665,completed,90056.3754633,90056.3757604,90056.3763512,0.8878999942680821
0,666,completed,90056.4101389,90056.4103574,90056.4110195,0.8805999968899414
1,666,completed,90056.4101669,90056.4104111,90056.4113086,1.1417000059736893
1,667,completed,90056.445081,90056.4452914,90056.4456198,0.5387999990489334
0,667,completed,90056.4450652,90056.4452817,90056.4459353,0.8701000042492524
1,668,completed,90056.486703,90056.4870049,90056.4873939,0.6908999930601567
0,668,completed,90056.4867031,90056.487028,90056.4877518,1.0486999963177368
0,669,completed,90056.5082889,90056.5085041,90056.5089921,0.7031999994069338
1,669,completed,90056.5083246,90056.5085755,90056.5092923,0.9677000052761286
0,670,completed,90056.5422096,90056.5424663,90056.5428259,0.6163000070955604
1,670,completed,90056.5422099,90056.5424667,90056.5431991,0.9891999943647534
1,671,completed,90056.5768949,90056.5771089,90056.5774427,0.5477999948197976
0,671,completed,90056.5769231,90056.577156,90056.5777509,0.8278000022983178
0,672,completed,90056.6117445,90056.6121665,90056.6125162,0.7716999971307814
1,672,completed,90056.6117577,90056.61226,90056.6127832,1.0255000088363886
0,673,completed,90056.6464501,90056.6466865,90056.6470654,0.6152999994810671
1,673,completed,90056.6464459,90056.6466794,90056.6473713,0.9254000033251941
0,674,completed,90056.6807756,90056.6812651,90056.6816682,0.8926000009523705
1,674,completed,90056.6807758,90056.681325,90056.6819579,1.1820999934570864
0,675,completed,90056.7087915,90056.7089895,90056.709332,0.5404999974416569
1,675,completed,90056.7088158,90056.709012,90056.7096164,0.8005999989109114
0,676,completed,90056.7435139,90056.7437533,90056.7440861,0.5722000059904531
1,676,completed,90056.743514,90056.7437531,90056.7444005,0.8864999981597066
1,677,completed,90056.7783532,90056.7787576,90056.7791071,0.7538999925600365
0,677,completed,90056.7783846,90056.778757,90056.779415,1.0304000024916604
1,678,completed,90056.8129104,90056.8131393,90056.813469,0.5586000042967498
0,678,completed,90056.8129107,90056.8131393,90056.8137243,0.8135999960359186
0,679,completed,90056.8477634,90056.8479623,90056.8483378,0.574399993638508
1,679,completed,90056.8477817,90056.8479786,90056.8486599,0.8782000077189878
1,680,completed,90056.8753449,90056.8755588,90056.8759044,0.5594999965978786
0,680,completed,90056.8753442,90056.8755887,90056.8761828,0.8385999972233549
0,681,completed,90056.9103583,90056.9107707,90056.9113876,1.029300008667633
1,681,completed,90056.9104004,90056.9108998,90056.9117228,1.3223999994806945
0,682,completed,90056.9518234,90056.9520364,90056.9523692,0.5457999941427261
1,682,completed,90056.9518571,90056.9520599,90056.9527379,0.8808000129647553
0,683,completed,90056.9797905,90056.9801205,90056.9804384,0.647900000330992
1,683,completed,90056.9798125,90056.9801354,90056.9807243,0.9118000016314909
1,684,completed,90057.0144919,90057.0149244,90057.0153435,0.8515999943483621
0,684,completed,90057.014519,90057.0150227,90057.015622,1.1030000023311004
1,685,completed,90057.0421681,90057.0423891,90057.042741,0.5728999967686832
0,685,completed,90057.0421687,90057.042393,90057.0430802,0.9114999993471429
0,686,completed,90057.0769698,90057.0771981,90057.0775949,0.625100001343526
1,686,completed,90057.0770166,90057.0772591,90057.077905,0.8883999980753288
0,687,completed,90057.1115698,90057.1117708,90057.1121382,0.5683999916072935
1,687,completed,90057.111562,90057.111765,90057.1124433,0.8812999876681715
1,688,completed,90057.1462508,90057.1464842,90057.1467968,0.54600001021754
0,688,completed,90057.1462869,90057.146495,90057.1470707,0.7838000019546598
0,689,completed,90057.1811692,90057.1814174,90057.1818021,0.6329000025289133
1,689,completed,90057.1811802,90057.1814482,90057.1820246,0.8443999977316707
1,690,completed,90057.2088448,90057.2090767,90057.2093858,0.5410000012489036
0,690,completed,90057.208849,90057.2090757,90057.2096445,0.7955000037327409
0,691,completed,90057.2435081,90057.2437613,90057.2440804,0.5723000067519024
1,691,completed,90057.2435145,90057.2437649,90057.2443916,0.8770999993430451
1,692,completed,90057.2780092,90057.278461,90057.2788323,0.8230999956140295
0,692,completed,90057.2780021,90057.2785097,90057.279118,1.1158999986946583
1,693,completed,90057.3130828,90057.3133406,90057.3137063,0.6235000037122518
0,693,completed,90057.3131014,90057.3133522,90057.3139888,0.8874000050127506
0,694,completed,90057.3546131,90057.3549037,90057.3553122,0.6990999972913414
1,694,completed,90057.3546141,90057.354969,90057.3556329,1.0188000014750287
0,695,completed,90057.3756546,90057.3759442,90057.3763335,0.6789000035496429
1,695,completed,90057.3756549,90057.3760037,90057.3766771,1.0221999982604757
0,696,completed,90057.410333,90057.4105846,90057.4109635,0.6304999988060445
1,696,completed,90057.4103331,90057.4106006,90057.4119878,1.654700012295507
1,697,completed,90057.4449933,90057.4452176,90057.445543,0.5496999947354198
0,697,completed,90057.4449799,90057.4452033,90057.4458648,0.8849000005284324
0,698,completed,90057.4796765,90057.4799809,90057.4802941,0.6175999878905714
1,698,completed,90057.4796973,90057.4799566,90057.4806321,0.9348000021418557
1,699,completed,90057.5144089,90057.5146188,90057.5149659,0.5570000066654757
0,699,completed,90057.5144555,90057.5146567,90057.5152901,0.8345999958692119
0,700,completed,90057.5492222,90057.5494577,90057.5498771,0.6548999954247847
1,700,completed,90057.5492916,90057.5495215,90057.5501567,0.8651000098325312
1,701,completed,90057.5765547,90057.5767695,90057.5770858,0.5310999986249954
0,701,completed,90057.5765233,90057.576753,90057.5773453,0.822000001790002
0,702,completed,90057.6116872,90057.6119344,90057.612299,0.6118000019341707
1,702,completed,90057.6117174,90057.6120095,90057.6126263,0.9089000086532906
0,703,completed,90057.6534724,90057.6536942,90057.6540731,0.6007000047247857
1,703,completed,90057.6534416,90057.6536758,90057.6543788,0.9371999913128093
0,704,completed,90057.6810039,90057.6814123,90057.6816852,0.6813000072725117
1,704,completed,90057.6810158,90057.6814211,90057.6819589,0.9430999925825745
1,705,completed,90057.7087679,90057.708975,90057.709281,0.513100007083267
0,705,completed,90057.7087712,90057.7089756,90057.7095225,0.751299987314269
0,706,completed,90057.7432376,90057.7434948,90057.7439325,0.6948999944142997
1,706,completed,90057.7432335,90057.7435259,90057.7443146,1.0810999956447631
0,707,completed,90057.7783314,90057.7785866,90057.778918,0.5865999992238358
1,707,completed,90057.7783505,90057.7785994,90057.7792443,0.8938000100897625
1,708,completed,90057.8129494,90057.8131789,90057.8135421,0.5927000020164996
0,708,completed,90057.8129686,90057.8131959,90057.8138256,0.8569999918108806
1,709,completed,90057.8477917,90057.8479954,90057.8483178,0.5261000042082742
0,709,completed,90057.8477681,90057.8479857,90057.8486338,0.865699999849312
0,710,completed,90057.8753992,90057.8756411,90057.8759726,0.5734000005759299
1,710,completed,90057.8753993,90057.875641,90057.8762393,0.8400000078836456
1,711,completed,90057.9100926,90057.9102923,90057.9106629,0.5703000060748309
0,711,completed,90057.9101106,90057.9103358,90057.910961,0.8503999997628853
0,712,completed,90057.9522734,90057.9525494,90057.9529943,0.7208999886643142
1,712,completed,90057.9523008,90057.9525648,90057.9533543,1.0535000037634745
0,713,completed,90057.9797874,90057.9801723,90057.9805937,0.8062999986577779
1,713,completed,90057.9797869,90057.9801808,90057.9810911,1.3041999918641523
0,714,completed,90058.0142701,90058.0144582,90058.0148438,0.5737000028602779
1,714,completed,90058.014263,90058.0145041,90058.0151413,0.8782999939285219
0,715,completed,90058.0421096,90058.0423587,90058.0426771,0.5674999993061647
1,715,completed,90058.0421246,90058.0423628,90058.0430315,0.9068999934243038
1,716,completed,90058.0768244,90058.0770276,90058.0774186,0.5941999988863245
0,716,completed,90058.0768289,90058.0770819,90058.0777283,0.8994000090751797
1,717,completed,90058.1115725,90058.1118,90058.112161,0.5884999991394579
0,717,completed,90058.1115834,90058.1118071,90058.1124457,0.862300003063865
1,718,completed,90058.1463287,90058.1465346,90058.1469443,0.6156000017654151
0,718,completed,90058.1463533,90058.1466024,90058.1472257,0.8723999926587567
0,719,completed,90058.1810218,90058.1812565,90058.1815783,0.556500002858229
1,719,completed,90058.1810218,90058.1812565,90058.1818429,0.821099994936958
0,720,completed,90058.2089126,90058.2091953,90058.2096403,0.7276999967871234
1,720,completed,90058.2089358,90058.2092046,90058.209989,1.0532000014791265
0,721,completed,90058.2435201,90058.243715,90058.2441179,0.5977999971946701
1,721,completed,90058.243562,90058.243815,90058.2444434,0.8814000029815361
1,722,completed,90058.2781786,90058.2783934,90058.278759,0.5803999956697226
0,722,completed,90058.2782176,90058.2784377,90058.2790726,0.8549999911338091
1,723,completed,90058.3129307,90058.3134223,90058.3137469,0.8162000012816861
0,723,completed,90058.3129345,90058.3134012,90058.3139929,1.0583999974187464
1,724,completed,90058.3407852,90058.3409963,90058.3413464,0.5612000095425174
0,724,completed,90058.340817,90058.3410574,90058.3416415,0.824499991722405
1,725,completed,90058.3751538,90058.3753324,90058.375679,0.5251999973552302
0,725,completed,90058.3822337,90058.3823976,90058.3827206,0.48689999675843865
1,726,completed,90058.4098888,90058.4101558,90058.4104982,0.6093999982113019
0,726,completed,90058.4098677,90058.4101536,90058.4108157,0.9480000007897615
0,727,completed,90058.4447889,90058.4450889,90058.4454335,0.6446000043069944
1,727,completed,90058.4447889,90058.4450834,90058.4457435,0.9545999928377569
0,728,completed,90058.4793135,90058.479582,90058.4799288,0.6152999994810671
1,728,completed,90058.4793135,90058.479584,90058.4802683,0.9547999943606555
0,729,completed,90058.5143294,90058.514789,90058.5151733,0.843899993924424
1,729,completed,90058.5143472,90058.5148969,90058.5155008,1.1535999947227538
0,730,completed,90058.5491016,90058.5493504,90058.5497539,0.6523000047309324
1,730,completed,90058.5490895,90058.5493436,90058.5500586,0.9691000013845041
1,731,completed,90058.58399,90058.5842258,90058.58458,0.5899999960092828
0,731,completed,90058.583971,90058.58421,90058.5848872,0.9162000060314313
1,732,completed,90058.6116546,90058.6121794,90058.6124683,0.8136999967973679
0,732,completed,90058.6116542,90058.6121802,90058.6127451,1.0909000120591372
0,733,completed,90058.6462422,90058.646463,90058.6468248,0.5825999978696927
1,733,completed,90058.6462578,90058.6464827,90058.6471373,0.8794999885139987
1,734,completed,90058.6809158,90058.6811075,90058.6814458,0.5300000048009679
0,734,completed,90058.680952,90058.6811581,90058.6817059,0.7539000071119517
1,735,completed,90058.7088457,90058.7090563,90058.7093826,0.5368999991333112
0,735,completed,90058.7088617,90058.7090705,90058.7096689,0.8072000055108219
1,736,completed,90058.7504822,90058.7507783,90058.751134,0.6518000009236857
0,736,completed,90058.7505074,90058.7507722,90058.7514315,0.924100007978268
1,737,completed,90058.777935,90058.7781685,90058.7785464,0.6113999988883734
0,737,completed,90058.7779335,90058.7782037,90058.7788734,0.9399000118719414
1,738,completed,90058.8127975,90058.8132928,90058.8137949,0.9973999985959381
0,738,completed,90058.8127975,90058.8134408,90058.8141181,1.3206000003265217
0,739,completed,90058.8478326,90058.8480341,90058.8483841,0.5514999938895926
1,739,completed,90058.8478189,90058.8480206,90058.8486772,0.858300001709722
0,740,completed,90058.8756685,90058.8758722,90058.8762578,0.5893000052310526
1,740,completed,90058.8756832,90058.8758966,90058.8765722,0.8889999880921096
1,741,completed,90058.9171907,90058.9174364,90058.9177813,0.5906000005779788
0,741,completed,90058.9172219,90058.9174611,90058.91797,0.7480999920517206
0,742,completed,90058.9449587,90058.9454274,90058.9458968,0.9380999981658533
1,742,completed,90058.9449997,90058.9455143,90058.9461599,1.1602000013226643
1,743,completed,90058.9798206,90058.9800688,90058.9803932,0.5726000090362504
0,743,completed,90058.9797933,90058.9800844,90058.9806949,0.9016000112751499
0,744,completed,90059.014303,90059.0145128,90059.0148268,0.5238000012468547
1,744,completed,90059.0143327,90059.0145432,90059.0150758,0.7430999976349995
1,745,completed,90059.0422598,90059.0424843,90059.0427881,0.5283000064082444
0,745,completed,90059.0422599,90059.0424842,90059.0430612,0.8013000042410567
1,746,completed,90059.0764911,90059.0767001,90059.0770322,0.5411000020103529
0,746,completed,90059.0764644,90059.0767059,90059.0773493,0.8849000005284324
1,747,completed,90059.1115985,90059.1120453,90059.1124139,0.8153999951900914
0,747,completed,90059.1116092,90059.1121222,90059.1126726,1.0633999918354675
1,748,completed,90059.1462658,90059.1464848,90059.146813,0.5472000048030168
0,748,completed,90059.1462635,90059.1464912,90059.1470979,0.8343999943463132
1,749,completed,90059.1806683,90059.1809163,90059.1813297,0.6614000012632459
0,749,completed,90059.1806779,90059.1809225,90059.181614,0.9360999974887818
0,750,completed,90059.2157402,90059.2162098,90059.2166006,0.8604000031482428
1,750,completed,90059.2157511,90059.2162815,90059.216917,1.1659000010695308
1,751,completed,90059.2436293,90059.2438608,90059.2442015,0.5721999914385378
0,751,completed,90059.2436292,90059.2438608,90059.2444707,0.8414999902015552
1,752,completed,90059.2783059,90059.2785744,90059.2788864,0.5804999964311719
0,752,completed,90059.27838,90059.2786198,90059.2791931,0.8130999922286719
1,753,completed,90059.3128965,90059.3130803,90059.3134028,0.5062999989604577
0,753,completed,90059.3129438,90059.3131301,90059.3136652,0.7213999924715608
0,754,completed,90059.3473553,90059.3476881,90059.3482345,0.8792000007815659
1,754,completed,90059.3473696,90059.3477828,90059.3486445,1.2749000015901402
0,755,completed,90059.3826745,90059.3829122,90059.3832692,0.5947000026935712
1,755,completed,90059.3827134,90059.3829092,90059.3835712,0.8577999979024753
0,756,completed,90059.409863,90059.4101315,90059.4104821,0.6190999993123114
1,756,completed,90059.409882,90059.410147,90059.4107722,0.8901999972295016
1,757,completed,90059.4449709,90059.4454088,90059.4458506,0.8796999900368974
0,757,completed,90059.4450071,90059.4455391,90059.4461075,1.1003999970853329
1,758,completed,90059.479463,90059.4796648,90059.4800358,0.5728000105591491
0,758,completed,90059.479464,90059.4797034,90059.4803463,0.8822999952826649
1,759,completed,90059.5143326,90059.514536,90059.5148785,0.5459000094560906
0,759,completed,90059.514356,90059.5145574,90059.5152005,0.8444999984931201
0,760,completed,90059.5420442,90059.5422592,90059.5426113,0.5670999962603673
1,760,completed,90059.5420321,90059.542249,90059.5429183,0.8861999958753586
1,761,completed,90059.5765632,90059.5767886,90059.5771386,0.5754000012530014
0,761,completed,90059.5765479,90059.5768057,90059.5774441,0.8961999992607161
0,762,completed,90059.6117114,90059.6120067,90059.6123971,0.6857000116724521
1,762,completed,90059.6117227,90059.6120268,90059.6127917,1.0689999908208847
1,763,completed,90059.6463267,90059.6468221,90059.647271,0.9442999871680513
0,763,completed,90059.6463266,90059.6468071,90059.6475932,1.266599996597506
0,764,completed,90059.6810847,90059.6814269,90059.6817633,0.6786000012652948
1,764,completed,90059.6810846,90059.6814268,90059.6821496,1.065000004018657
0,765,completed,90059.7087312,90059.708955,90059.7092974,0.5662000039592385
1,765,completed,90059.7087059,90059.7089235,90059.7095715,0.8655999990878627
0,766,completed,90059.7432471,90059.7434095,90059.7439073,0.6601999921258539
1,766,completed,90059.7432212,90059.7437972,90059.7441914,0.9701999952085316
0,767,completed,90059.7779065,90059.77815,90059.7784853,0.5787999980384484
1,767,completed,90059.777908,90059.7781499,90059.7788438,0.9357999952044338
1,768,completed,90059.812908,90059.8131584,90059.8134613,0.5532999930437654
0,768,completed,90059.8128909,90059.8131418,90059.8137227,0.8318000036524609
1,769,completed,90059.8477066,90059.8479179,90059.8482473,0.5406999989645556
0,769,completed,90059.8476865,90059.8478994,90059.8485587,0.8722000056877732
1,770,completed,90059.8754902,90059.8757246,90059.8760561,0.5659000016748905
0,770,completed,90059.8754934,90059.8757333,90059.8763763,0.8828999998513609
1,771,completed,90059.9102797,90059.9107313,90059.9110733,0.7936000038171187
0,771,completed,90059.9102967,90059.9107187,90059.9113633,1.0665999870980158
0,772,completed,90059.9449486,90059.9451202,90059.9455127,0.5641000025207177
1,772,completed,90059.945001,90059.9451882,90059.945807,0.8059999963734299
1,773,completed,90059.9795122,90059.97974,90059.9800881,0.5758999905083328
0,773,completed,90059.9796094,90059.9798086,90059.9803915,0.7820999890100211
0,774,completed,90060.0074197,90060.0075813,90060.0079502,0.5304999940562993
1,774,completed,90060.0144439,90060.0146727,90060.0151122,0.6682999955955893
1,775,completed,90060.0420601,90060.0422687,90060.0426111,0.5510000046342611
0,775,completed,90060.0420711,90060.0423072,90060.0429036,0.832499994430691
0,776,completed,90060.0764988,90060.0767003,90060.0770854,0.5865999992238358
1,776,completed,90060.0765245,90060.0767789,90060.0773914,0.866900008986704
1,777,completed,90060.1114836,90060.1117094,90060.1120333,0.5496999947354198
0,777,completed,90060.1114836,90060.1117093,90060.1123454,0.8617999992566183
0,778,completed,90060.1462266,90060.1466615,90060.147166,0.9393999935127795
1,778,completed,90060.1462514,90060.1466613,90060.1474454,1.1939999967580661
1,779,completed,90060.1807495,90060.1811396,90060.1815153,0.7658000104129314
0,779,completed,90060.1807164,90060.1812799,90060.1818255,1.109099990571849
0,780,completed,90060.2089967,90060.2092205,90060.2095347,0.5379999929573387
1,780,completed,90060.209017,90060.2092589,90060.2098389,0.8219000010285527
1,781,completed,90060.2436659,90060.2441571,90060.2445236,0.8577000116929412
0,781,completed,90060.2436658,90060.2441586,90060.2448098,1.1440000089351088
1,782,completed,90060.2781813,90060.2783835,90060.2787732,0.5918999959249049
0,782,completed,90060.2781748,90060.2783796,90060.2791127,0.9378999966429546
1,783,completed,90060.3130036,90060.3135058,90060.3138927,0.8891000034054741
0,783,completed,90060.3130298,90060.313467,90060.3142098,1.1799999920185655
1,784,completed,90060.3477817,90060.3482223,90060.3486872,0.9055000118678436
0,784,completed,90060.347782,90060.348274,90060.3489732,1.1912000045413151
1,785,completed,90060.3820241,90060.3822702,90060.3826418,0.6176999886520207
0,785,completed,90060.3820241,90060.3822697,90060.3829474,0.923299987334758
1,786,completed,90060.4101935,90060.4104114,90060.4108063,0.6127999949967489
0,786,completed,90060.4102199,90060.4104368,90060.4111201,0.9002000006148592
1,787,completed,90060.4447742,90060.4449771,90060.445309,0.5347999976947904
0,787,completed,90060.4447797,90060.445009,90060.4456371,0.857399994856678
1,788,completed,90060.4796892,90060.479987,90060.4803749,0.6856999971205369
0,788,completed,90060.4796715,90060.4800466,90060.4807063,1.0348000068916008
0,789,completed,90060.514436,90060.5148877,90060.5152749,0.8388999995077029
1,789,completed,90060.514436,90060.5148878,90060.5156127,1.1766999959945679
0,790,completed,90060.5422065,90060.5424186,90060.5427662,0.5596999981207773
1,790,completed,90060.5421989,90060.5424653,90060.5430307,0.8318000036524609
1,791,completed,90060.5764942,90060.5767789,90060.5771711,0.6769000028725713
0,791,completed,90060.5765108,90060.5767879,90060.5774909,0.9800999978324398
0,792,completed,90060.6117072,90060.6120977,90060.6124219,0.7146999996621162
1,792,completed,90060.6116843,90060.612131,90060.6127307,1.0463999933563173
0,793,completed,90060.6464242,90060.6466753,90060.6470304,0.6062000029487535
1,793,completed,90060.6464263,90060.6467252,90060.647277,0.8507000020472333
0,794,completed,90060.6808889,90060.6810972,90060.681412,0.5231000104686245
1,794,completed,90060.6809071,90060.6811088,90060.6816957,0.7885999948484823
0,795,completed,90060.7088637,90060.7092909,90060.7096572,0.7935000030556694
1,795,completed,90060.7088922,90060.7093582,90060.709944,1.051800005370751
0,796,completed,90060.743488,90060.7436889,90060.7440706,0.582600012421608
1,796,completed,90060.7435021,90060.7437506,90060.7444161,0.9140000038314611
1,797,completed,90060.7781144,90060.7783358,90060.7786713,0.5568999913521111
0,797,completed,90060.7781087,90060.778331,90060.7789894,0.8806999976513907
1,798,completed,90060.8129065,90060.8131275,90060.8135599,0.6533999985549599
0,798,completed,90060.8129366,90060.8131776,90060.8139346,0.9979999886127189
1,799,completed,90060.8475403,90060.8477469,90060.8480887,0.5483999993884936
0,799,completed,90060.8475408,90060.8477482,90060.8483942,0.8534000080544502
0,800,completed,90060.8754399,90060.8757092,90060.8760872,0.647299995762296
1,800,completed,90060.8754402,90060.875709,90060.8764495,1.0093000018969178
1,801,completed,90060.9101328,90060.910394,90060.9107115,0.5786999972769991
0,801,completed,90060.9101327,90060.9103931,90060.9110237,0.8910000033210963
0,802,completed,90060.9449076,90060.9454604,90060.9459632,1.0556000052019954
1,802,completed,90060.9449099,90060.9454174,90060.9462229,1.313000000664033
0,803,completed,90060.9862201,90060.9864754,90060.986833,0.6128999957581982
1,803,completed,90060.9862317,90060.9865026,90060.9872595,1.027800011797808
1,804,completed,90061.0141615,90061.0143733,90061.0146879,0.526399991940707
0,804,completed,90061.0141675,90061.0143749,90061.0149615,0.7939999923110008
1,805,completed,90061.0421369,90061.0423423,90061.0427199,0.5830000009154901
0,805,completed,90061.0421457,90061.0423668,90061.0429857,0.8399999933317304
1,806,completed,90061.0767425,90061.0769494,90061.0772511,0.5086000019218773
0,806,completed,90061.0767271,90061.0769313,90061.077545,0.8178999996744096
1,807,completed,90061.1115757,90061.1120321,90061.1123455,0.7698000117670745
0,807,completed,90061.1115521,90061.1120114,90061.1126345,1.0823999909916893
1,808,completed,90061.1533726,90061.1538237,90061.1542336,0.8609999931650236
0,808,completed,90061.1533716,90061.1538181,90061.1544919,1.1203000030945987
1,809,completed,90061.1809183,90061.1811274,90061.1815179,0.599599996348843
0,809,completed,90061.1809187,90061.1811613,90061.1818127,0.893999997060746
1,810,completed,90061.2084726,90061.2087317,90061.2091031,0.6304999988060445
0,810,completed,90061.2084586,90061.208787,90061.2093835,0.9248999995179474
1,811,completed,90061.2434711,90061.2437314,90061.2440856,0.6145000079413876
0,811,completed,90061.2434709,90061.2437332,90061.2443397,0.8688000089023262
1,812,completed,90061.2781871,90061.2783908,90061.2787374,0.5502999993041158
0,812,completed,90061.2781853,90061.2783954,90061.279056,0.8706999942660332
0,813,completed,90061.3130502,90061.3132761,90061.3136257,0.5755000020144507
1,813,completed,90061.313064,90061.3132738,90061.3139566,0.8926000009523705
0,814,completed,90061.3476484,90061.3478708,90061.3482062,0.5577999982051551
1,814,completed,90061.3476624,90061.3478864,90061.3484908,0.8283999923150986
1,815,completed,90061.3754232,90061.3756661,90061.3760105,0.5872999900020659
0,815,completed,90061.3754283,90061.3756981,90061.3763836,0.9552999981679022
1,816,completed,90061.409852,90061.4100708,90061.4104775,0.6255000043893233
0,816,completed,90061.4098791,90061.4101173,90061.4107327,0.8535999950254336
0,817,completed,90061.4450394,90061.445554,90061.4461507,1.1112999927718192
1,817,completed,90061.4450505,90061.4456472,90061.4464556,1.4051000034669414
0,818,completed,90061.4796171,90061.4798801,90061.4801898,0.5726999952457845
1,818,completed,90061.479599,90061.4798745,90061.4805433,0.9443000017199665
1,819,completed,90061.5139572,90061.5141752,90061.5146063,0.6490999949164689
0,819,completed,90061.5139766,90061.5142184,90061.5149191,0.9424999880138785
0,820,completed,90061.5420964,90061.5423025,90061.5426722,0.5758000042987987
1,820,completed,90061.5421062,90061.5423339,90061.5429544,0.8482000121148303
1,821,completed,90061.5768347,90061.5770854,90061.5774981,0.6634000019403175
0,821,completed,90061.5768409,90061.5771374,90061.5778945,1.0536000045249239
0,822,completed,90061.6115296,90061.6117413,90061.6120803,0.5506999877979979
1,822,completed,90061.61155,90061.6117559,90061.6124058,0.8557999972254038
1,823,completed,90061.6461928,90061.646479,90061.6468915,0.6986999942455441
0,823,completed,90061.6462248,90061.6464718,90061.6471795,0.9546999935992062
0,824,completed,90061.6808811,90061.6810757,90061.6814656,0.5845000123372301
1,824,completed,90061.6809119,90061.6811256,90061.6817808,0.8689000096637756
1,825,completed,90061.7087066,90061.7089469,90061.7093232,0.6166000093799084
0,825,completed,90061.708725,90061.708948,90061.7096158,0.8908000017981976
0,826,completed,90061.7433857,90061.743571,90061.7439595,0.5738000036217272
1,826,completed,90061.7434108,90061.7436228,90061.7442277,0.8168999920599163
1,827,completed,90061.7781104,90061.7783437,90061.7787057,0.5952999927103519
0,827,completed,90061.7781037,90061.7783587,90061.7790732,0.9695000044303015
1,828,completed,90061.8128498,90061.8131002,90061.8134212,0.5713999998988584
0,828,completed,90061.812849,90061.8130896,90061.8137219,0.8729000110179186
1,829,completed,90061.8406835,90061.8409324,90061.8413116,0.6280999950831756
0,829,completed,90061.8406816,90061.8409164,90061.8416105,0.9289000008720905
1,830,completed,90061.8754059,90061.8756302,90061.8760122,0.6062999891582876
0,830,completed,90061.8754222,90061.875675,90061.8763356,0.913399999262765
0,831,completed,90061.9100412,90061.9102283,90061.9105668,0.5256000004010275
1,831,completed,90061.9100703,90061.9102957,90061.9108339,0.763599993661046
1,832,completed,90061.9448337,90061.9450463,90061.9453786,0.544899987289682
0,832,completed,90061.9448607,90061.9450681,90061.9461152,1.254500006325543
1,833,completed,90061.9796038,90061.9798714,90061.9802237,0.6198999908519909
0,833,completed,90061.979608,90061.9798673,90061.9805525,0.9445000032428652
0,834,completed,90062.0143971,90062.0148517,90062.0151877,0.7905999955255538
1,834,completed,90062.014397,90062.0148905,90062.0154417,1.0446999949635938
1,835,completed,90062.0420744,90062.0422985,90062.0426467,0.5723000067519024
0,835,completed,90062.042099,90062.0423179,90062.0429053,0.8062999986577779
0,836,completed,90062.0765136,90062.0767587,90062.0770764,0.5628000071737915
1,836,completed,90062.0765136,90062.0767584,90062.0773811,0.8674999990034848
1,837,completed,90062.1114805,90062.111685,90062.1120524,0.571900003706105
0,837,completed,90062.1114946,90062.1116982,90062.1123855,0.890900002559647
0,838,completed,90062.1463537,90062.1466014,90062.1469814,0.6277000065892935
1,838,completed,90062.1463719,90062.1466174,90062.1472451,0.8731999987503514
1,839,completed,90062.1809146,90062.1811422,90062.1814779,0.563299996429123
0,839,completed,90062.1808965,90062.1811663,90062.1818113,0.9148000099230558
1,840,completed,90062.2086881,90062.2089304,90062.2092719,0.5838000070070848
0,840,completed,90062.2087058,90062.208949,90062.2095788,0.8729999972274527
1,841,completed,90062.2431326,90062.2434117,90062.2437506,0.6180000054882839
0,841,completed,90062.2431325,90062.2434118,90062.2440909,0.9583999926690012
1,842,completed,90062.2781622,90062.2783687,90062.2787194,0.5571999936364591
0,842,completed,90062.2781902,90062.2784084,90062.2790252,0.8349999989150092
0,843,completed,90062.3128308,90062.3130786,90062.3134282,0.5973999941488728
1,843,completed,90062.3128354,90062.3130797,90062.3137192,0.883800006704405
1,844,completed,90062.3475318,90062.3477677,90062.3481044,0.5725999944843352
0,844,completed,90062.3475321,90062.3477637,90062.3483758,0.8436999924015254
1,845,completed,90062.3753703,90062.3755724,90062.3758886,0.5183000030228868
0,845,completed,90062.3753965,90062.3756131,90062.3761805,0.7839999889256433
1,846,completed,90062.4167681,90062.4170423,90062.417405,0.6369000038830563
0,846,completed,90062.4167679,90062.4170658,90062.4176844,0.9165000083157793
1,847,completed,90062.4448097,90062.4450353,90062.4453911,0.5814000032842159
0,847,completed,90062.4448097,90062.4450552,90062.4460534,1.2436999968485907
0,848,completed,90062.479668,90062.4799005,90062.4802447,0.5766999965999275
1,848,completed,90062.4796736,90062.4798832,90062.4805728,0.899200007552281
1,849,completed,90062.521178,90062.5214043,90062.5217416,0.563599998713471
0,849,completed,90062.5211786,90062.5214271,90062.5220175,0.8388999995077029
1,850,completed,90062.5421169,90062.5425754,90062.5429541,0.8372000011149794
0,850,completed,90062.5421082,90062.5426228,90062.5432136,1.1054000060539693
0,851,completed,90062.5838553,90062.5841063,90062.5844654,0.610099988989532
1,851,completed,90062.5838451,90062.5841112,90062.5847679,0.9227999980794266
0,852,completed,90062.611534,90062.6117288,90062.6120559,0.5219000013312325
1,852,completed,90062.6115629,90062.611775,90062.6123891,0.8262000046670437
1,853,completed,90062.6463666,90062.6466661,90062.6470674,0.7007999956840649
0,853,completed,90062.6463667,90062.6466907,90062.6473197,0.9529999952064827
1,854,completed,90062.6809308,90062.6811345,90062.681461,0.5302000063238665
0,854,completed,90062.6809335,90062.6811333,90062.6817557,0.8222000033129007
0,855,completed,90062.7088734,90062.7091343,90062.7094628,0.589400005992502
1,855,completed,90062.7088848,90062.709148,90062.7097245,0.8397000055992976
0,856,completed,90062.7434432,90062.7436587,90062.7440306,0.5874000053154305
1,856,completed,90062.7434534,90062.7436665,90062.7442982,0.8448000007774681
0,857,completed,90062.7782705,90062.778494,90062.7788308,0.5603000026894733
1,857,completed,90062.7783253,90062.7785253,90062.7791279,0.8025999995879829
1,858,completed,90062.8126083,90062.8128723,90062.8132158,0.6074999982956797
0,858,completed,90062.8125949,90062.81287,90062.8134933,0.8984000014606863
0,859,completed,90062.8477947,90062.8483194,90062.8487126,0.9178999898722395
1,859,completed,90062.8478086,90062.8483877,90062.8490381,1.2295000051381066
0,860,completed,90062.8755264,90062.8757442,90062.8761149,0.5884999991394579
1,860,completed,90062.8755381,90062.8758001,90062.8764791,0.9410000056959689
0,861,completed,90062.910073,90062.9103181,90062.9106836,0.6105999927967787
1,861,completed,90062.9101066,90062.9103651,90062.9109838,0.8772000001044944
0,862,completed,90062.9449053,90062.9451604,90062.9455256,0.6202999938977882
1,862,completed,90062.9449053,90062.9452131,90062.946444,1.5387000021291897
0,863,completed,90062.9797071,90062.9799533,90062.9802935,0.5863999977009371
1,863,completed,90062.9797069,90062.9799425,90062.9805673,0.8603999885963276
1,864,completed,90063.0143374,90063.0145595,90063.0149293,0.5918999959249049
0,864,completed,90063.0143659,90063.0146304,90063.015214,0.8480999968014657
1,865,completed,90063.042062,90063.0423183,90063.0426738,0.6118000019341707
0,865,completed,90063.042062,90063.0423181,90063.04295,0.8880000095814466
1,866,completed,90063.0767214,90063.0770728,90063.0775942,0.8728000102564692
0,866,completed,90063.0767617,90063.0771219,90063.0779056,1.1439000081736594
1,867,completed,90063.1114499,90063.1116813,90063.1120133,0.5633999971905723
0,867,completed,90063.1114848,90063.1117243,90063.1123245,0.8397000055992976
0,868,completed,90063.1463029,90063.1465375,90063.146884,0.5811000009998679
1,868,completed,90063.1463321,90063.1465551,90063.1471485,0.8163999882526696
0,869,completed,90063.1809789,90063.1812362,90063.1816306,0.6517000001622364
1,869,completed,90063.1810204,90063.1812841,90063.1819182,0.8977999968919903
0,870,completed,90063.2087989,90063.2092184,90063.2096531,0.8541999995941296
1,870,completed,90063.2088334,90063.2092615,90063.209967,1.1336000025039539
0,871,completed,90063.243565,90063.2439656,90063.2443239,0.7589000015286729
1,871,completed,90063.2435914,90063.2440463,90063.2446036,1.0122000094270334
1,872,completed,90063.2780665,90063.2784281,90063.2789004,0.8338999905390665
0,872,completed,90063.2780777,90063.2784464,90063.2792524,1.1746999953174964
0,873,completed,90063.3130439,90063.3132997,90063.3136342,0.590300012845546
1,873,completed,90063.313046,90063.3133083,90063.3139352,0.8892000041669235
1,874,completed,90063.3546151,90063.3548664,90063.3552679,0.6527999939862639
0,874,completed,90063.3546084,90063.3548824,90063.3555471,0.9387000027345493
0,875,completed,90063.3754333,90063.3756312,90063.3759807,0.5474000063259155
1,875,completed,90063.3754537,90063.3756515,90063.3763014,0.8476999937556684
0,876,completed,90063.4171437,90063.4176024,90063.4179527,0.8089999901130795
1,876,completed,90063.4171434,90063.4176021,90063.4183118,1.1683999910019338
0,877,completed,90063.4445231,90063.4447651,90063.445128,0.6049000076018274
1,877,completed,90063.4445208,90063.4447764,90063.4454681,0.9473000100115314
1,878,completed,90063.4795815,90063.4798086,90063.4801649,0.5834000039612874
0,878,completed,90063.4796076,90063.4798199,90063.4804686,0.8609999931650236
0,879,completed,90063.5142625,90063.5145169,90063.5148341,0.571600001421757
1,879,completed,90063.5142629,90063.5145179,90063.5151432,0.8802999946055934
1,880,completed,90063.5420748,90063.5423698,90063.5427232,0.6483999895863235
0,880,completed,90063.5421059,90063.5424261,90063.5429842,0.8783000084804371
1,881,completed,90063.5767924,90063.5769996,90063.5773373,0.5449000018415973
0,881,completed,90063.576793,90063.5770404,90063.5776217,0.8286999945994467
0,882,completed,90063.6114087,90063.6116754,90063.6120414,0.6327000010060146
1,882,completed,90063.6114449,90063.6117137,90063.6123386,0.8936999947763979
0,883,completed,90063.6463634,90063.646805,90063.6471682,0.8048000017879531
1,883,completed,90063.6463281,90063.6468481,90063.6474603,1.1321999918436632
0,884,completed,90063.6809473,90063.6811515,90063.681492,0.5447000003186986
1,884,completed,90063.6809588,90063.6811599,90063.6818077,0.8489000028930604
0,885,completed,90063.708719,90063.708942,90063.7092887,0.5697000015061349
1,885,completed,90063.7087253,90063.7089399,90063.709568,0.8426999993389472
0,886,completed,90063.7433393,90063.7435845,90063.7439511,0.6118000019341707
1,886,completed,90063.7433393,90063.7435859,90063.7443305,0.9912000095937401
0,887,completed,90063.7781958,90063.7786447,90063.7791947,0.9988999954657629
1,887,completed,90063.7782188,90063.7786931,90063.7794824,1.2636000028578565
0,888,completed,90063.8129449,90063.8133933,90063.8137527,0.807800010079518
1,888,completed,90063.8129838,90063.813407,90063.8140971,1.1132999934488907
1,889,completed,90063.8475187,90063.8477419,90063.8481014,0.5826999986311421
0,889,completed,90063.8475121,90063.8477378,90063.8484044,0.8923000132199377
1,890,completed,90063.8824241,90063.882972,90063.8834582,1.0341000015614554
0,890,completed,90063.8824336,90063.8830355,90063.8837144,1.2808000028599054
1,891,completed,90063.9100649,90063.9102499,90063.9105961,0.5311999993864447
0,891,completed,90063.910116,90063.9103365,90063.9108591,0.7430999976349995
1,892,completed,90063.9449642,90063.9454776,90063.9458204,0.8562000002712011
0,892,completed,90063.9450016,90063.9455229,90063.9465193,1.5177000022958964
0,893,completed,90063.9862066,90063.9864896,90063.9869951,0.788499994087033
1,893,completed,90063.9862388,90063.9865351,90063.9873935,1.1547000030986965
1,894,completed,90064.014149,90064.014343,90064.0146727,0.5237000004854053
0,894,completed,90064.0141864,90064.0143822,90064.0150189,0.832499994430691
1,895,completed,90064.0420473,90064.0422549,90064.0425698,0.5225000058999285
0,895,completed,90064.0420422,90064.0422709,90064.0428694,0.8271999977296218
0,896,completed,90064.0766432,90064.0768539,90064.077203,0.5597999988822266
1,896,completed,90064.0766609,90064.0768714,90064.0775067,0.8458000083919615
0,897,completed,90064.111638,90064.1120133,90064.112337,0.6989999965298921
1,897,completed,90064.1115808,90064.1119984,90064.1126343,1.0535000037634745
0,898,completed,90064.14626,90064.1466817,90064.1471086,0.8486000006087124
1,898,completed,90064.1462812,90064.1467482,90064.1474167,1.135500002419576
1,899,completed,90064.1809861,90064.1814418,90064.1819517,0.9656000038376078
0,899,completed,90064.1809482,90064.1814158,90064.1822269,1.2787000014213845
