camera,seq,status,capture_s,enqueue_s,finish_s,latency_ms
3,0,completed,89586.5672166,89586.569967,89586.5882625,21.045899993623607
4,0,completed,89586.5672064,89586.5702136,89586.6056041,38.39770000195131
0,0,completed,89586.5672895,89586.5701489,89586.6230025,55.71299999428447
1,0,completed,89586.5673589,89586.5703182,89586.6403724,73.01349999033846
5,0,completed,89586.5672064,89586.5704351,89586.6577527,90.54630000900943
2,0,completed,89586.5673071,89586.5704745,89586.6759835,108.67639999196399
0,1,completed,89586.6019718,89586.6047779,89586.6935283,91.55650000320747
3,1,completed,89586.6019278,89586.6048334,89586.7109099,108.98209999140818
5,1,completed,89586.6018812,89586.6049714,89586.7286383,126.7571000062162
2,1,completed,89586.6018346,89586.6049592,89586.7457147,143.88009998947382
1,1,completed,89586.6018491,89586.6051672,89586.7628897,161.04059999634046
4,1,completed,89586.6018201,89586.6051614,89586.7803383,178.51820000214502
4,2,completed,89586.6365538,89586.6392893,89586.7980717,161.51790000731125
0,2,completed,89586.6366022,89586.6394421,89586.8155738,178.9716000057524
5,2,completed,89586.6366643,89586.6394232,89586.8334194,196.75510001252405
2,2,completed,89586.6366798,89586.6394869,89586.8509329,214.2530999990413
1,2,completed,89586.6365826,89586.6399131,89586.8682432,231.66060000949074
3,2,completed,89586.6367033,89586.6399019,89586.8857622,249.0589000080945
3,3,completed,89586.6713409,89586.6742721,89586.9031353,231.79440000967588
2,3,completed,89586.6713121,89586.6742607,89586.9208229,249.51080000028014
5,3,completed,89586.6715521,89586.6743937,89586.9381279,266.5757999930065
0,3,completed,89586.6715187,89586.6744686,89586.955369,283.8503000093624
4,3,completed,89586.6712954,89586.6747039,89586.972796,301.5006000059657
1,3,completed,89586.6716136,89586.674895,89586.9899814,318.36779999139253
0,4,completed,89586.6990318,89586.7015641,89587.0073315,308.29970000195317
4,4,completed,89586.6992269,89586.7016813,89587.0248292,325.6022999994457
5,4,completed,89586.6990325,89586.7017521,89587.0425998,343.5673000058159
1,4,completed,89586.6992339,89586.7018043,89587.0598947,360.6607999972766
3,4,completed,89586.699093,89586.7021092,89587.0776574,378.56440000177827
2,4,completed,89586.6992788,89586.7023182,89587.0957097,396.4309000002686
0,5,completed,89586.7338011,89586.7363542,89587.1128233,379.0222000097856
1,5,completed,89586.734013,89586.7365785,89587.130465,396.45200000086334
5,5,completed,89586.7340669,89586.7365877,89587.1479334,413.86650000640657
3,5,completed,89586.734096,89586.7365667,89587.1656974,431.6014000069117
2,5,completed,89586.7337939,89586.7367945,89587.1831176,449.32369999878574
4,5,completed,89586.7340349,89586.7369895,89587.2005116,466.4766999921994
1,6,completed,89586.7685531,89586.771592,89587.2181754,449.6223000023747
3,6,completed,89586.7684777,89586.7715601,89587.2360675,467.58979999867734
4,6,completed,89586.7685993,89586.7717031,89587.2535485,484.9491999921156
2,6,completed,89586.7686418,89586.7716917,89587.2708969,502.25510000018403
5,6,completed,89586.7686851,89586.7717386,89587.2884159,519.730799991521
0,6,completed,89586.7685099,89586.7717654,89587.3058814,537.3715000023367
0,7,completed,89586.8033597,89586.8060682,89587.323587,520.227300003171
4,7,completed,89586.8033243,89586.8061207,89587.3413592,538.034900004277
1,7,completed,89586.8033862,89586.8061921,89587.3590151,555.6288999941899
3,7,completed,89586.8034619,89586.8062138,89587.3763016,572.8397000057157
5,7,completed,89586.8034563,89586.8062373,89587.3938404,590.3840999962995
2,7,completed,89586.8035365,89586.8062437,89587.4113908,607.8543000039645
3,8,completed,89586.8379103,89586.8406826,89587.428639,590.7287000009092
2,8,completed,89586.8381588,89586.8408221,89587.4460398,607.8809999889927
4,8,completed,89586.8382165,89586.8408172,89587.4637082,625.4917000042042
5,8,completed,89586.8381268,89586.8408132,89587.4808824,642.755600012606
0,8,completed,89586.8382812,89586.8409253,89587.4984218,660.1405999972485
1,8,completed,89586.8382716,89586.8410104,89587.5160687,677.7970999974059
1,9,completed,89586.8656214,89586.8685531,89587.5337451,668.1237000011606
4,9,completed,89586.8656403,89586.86861,89587.5513774,685.7370999932755
2,9,completed,89586.8655788,89586.8686761,89587.5690209,703.4420999989379
3,9,completed,89586.8656965,89586.8687218,89587.5863998,720.7033000013325
0,9,completed,89586.8656191,89586.8687631,89587.6052794,739.6602999942843
5,9,completed,89586.8656978,89586.8687731,89587.6222727,756.5748999913922
4,10,completed,89586.9073655,89586.9100345,89587.6397572,732.3917000030633
3,10,completed,89586.9074914,89586.9100877,89587.6569212,749.4298000092385
2,10,completed,89586.9074227,89586.9101185,89587.6746232,767.2005000058562
1,10,completed,89586.9074669,89586.9101487,89587.6917353,784.2684000061126
0,10,completed,89586.9074212,89586.9103849,89587.709428,802.0068000041647
5,10,completed,89586.9073406,89586.9104067,89587.7265571,819.2165000073146
3,11,completed,89586.9351805,89586.9379187,89587.7437532,808.572699999786
4,11,completed,89586.9354153,89586.9381359,89587.7609665,825.5512000032468
2,11,completed,89586.9354828,89586.9382875,89587.7783304,842.8475999971852
1,11,completed,89586.9351891,89586.9383227,89587.7959687,860.7795999996597
5,11,completed,89586.9355534,89586.9383825,89587.8140167,878.4632999886526
0,11,completed,89586.9356063,89586.9385318,89587.8317949,896.1886000033701
0,12,completed,89586.9698116,89586.9723994,89587.8488465,879.0348999900743
4,12,completed,89586.9698459,89586.97252,89587.8665762,896.7302999953972
2,12,completed,89586.9698869,89586.972696,89587.8846235,914.7365999961039
1,12,completed,89586.9699718,89586.9727401,89587.9023912,932.4193999927957
3,12,completed,89586.9698309,89586.9727402,89587.9204583,950.6274000013946
5,12,completed,89586.9699291,89586.9728208,89587.938484,968.5548999987077
4,13,completed,89587.0045564,89587.0071761,89587.9555838,951.0273999912897
1,13,completed,89587.0045437,89587.0072828,89587.9730173,968.4736000053817
3,13,completed,89587.0046796,89587.0075099,89587.9903358,985.6562000059057
2,13,completed,89587.0046337,89587.0075056,89588.0078702,1003.2365000079153
5,13,completed,89587.0045937,89587.0075906,89588.0256908,1021.0971000051359
0,13,completed,89587.0046944,89587.0076228,89588.0427865,1038.0920999887167
0,14,completed,89587.0324913,89587.0350992,89588.0604452,1027.9539000039222
3,14,completed,89587.0324914,89587.0351846,89588.0779594,1045.4680000111694
2,14,completed,89587.0325345,89587.0351915,89588.0957418,1063.2073000015225
5,14,completed,89587.0325029,89587.0351956,89588.1136447,1081.1418000084814
4,14,completed,89587.0325653,89587.0353722,89588.1314115,1098.8461999950232
1,14,completed,89587.0393725,89587.041521,89588.1484053,1109.0327999991132
0,15,completed,89587.0672488,89587.0697749,89588.1656081,1098.3592999982648
1,15,completed,89587.0671924,89587.06975,89588.1826938,1115.501399995992
2,15,completed,89587.0672027,89587.0698257,89588.200316,1133.113300005789
3,15,completed,89587.0672978,89587.0698755,89588.2176856,1150.387800007593
4,15,completed,89587.0673453,89587.0698931,89588.2351855,1167.8401999961352
5,15,completed,89587.067276,89587.069896,89588.2529637,1185.6876999954693
2,16,completed,89587.10192,89587.104632,89588.2704966,1168.5766000009608
0,16,completed,89587.1019791,89587.1048449,89588.2877174,1185.7383000024129
3,16,completed,89587.101882,89587.1048859,89588.3055857,1203.703699997277
1,16,completed,89587.1020062,89587.10494,89588.3233015,1221.295299998019
4,16,completed,89587.1020221,89587.1049711,89588.3408,1238.7778999982402
5,16,completed,89587.1019144,89587.1050069,89588.3579791,1256.064699991839
4,17,completed,89587.1366523,89587.1394453,89588.3754597,1238.807399990037
3,17,completed,89587.1367395,89587.1394961,89588.3926167,1255.877200004761
1,17,completed,89587.1368469,89587.1395322,89588.4102367,1273.3898000005865
2,17,completed,89587.1366992,89587.1395446,89588.4280098,1291.3106000050902
0,17,completed,89587.1367818,89587.139625,89588.4455284,1308.746599999722
5,17,completed,89587.1367505,89587.1396484,89588.4631981,1326.4476000040304
4,18,completed,89587.1712844,89587.1739032,89588.4805431,1309.2586999991909
1,18,completed,89587.1712419,89587.1742418,89588.4979062,1326.6643000097247
3,18,completed,89587.1714452,89587.1742935,89588.5150815,1343.636299992795
0,18,completed,89587.1713198,89587.1742463,89588.5321264,1360.8065999869723
2,18,completed,89587.1713961,89587.1743668,89588.5496628,1378.2666999904905
5,18,completed,89587.1713526,89587.1744241,89588.5668675,1395.514900010312
0,19,completed,89587.1991165,89587.2016578,89588.5844422,1385.3256999864243
3,19,completed,89587.1991358,89587.201688,89588.602118,1402.9822000011336
1,19,completed,89587.1992211,89587.2017225,89588.6204604,1421.2392999907024
2,19,completed,89587.1992208,89587.2017539,89588.6378331,1438.6123000003863
5,19,completed,89587.1991767,89587.2018024,89588.6552652,1456.0884999955306
4,19,completed,89587.205968,89587.2080321,89588.6725715,1466.6035000118427
4,20,completed,89587.2336753,89587.2361115,89588.6896307,1455.9554000006756
2,20,completed,89587.2337297,89587.2363001,89588.7072522,1473.5224999894854
5,20,completed,89587.2338286,89587.2364393,89588.7245793,1490.7507000025362
0,20,completed,89587.233719,89587.2364767,89588.7420248,1508.3058000018355
3,20,completed,89587.2337835,89587.2365642,89588.7593799,1525.5963999952655
1,20,completed,89587.2337622,89587.2367099,89588.7769135,1543.151299993042
0,21,completed,89587.2684048,89587.270994,89588.7941837,1525.7789000024786
3,21,completed,89587.2685221,89587.2710179,89588.8115042,1542.98209999979
4,21,completed,89587.2685442,89587.2711172,89588.8288935,1560.3493000089657
2,21,completed,89587.2685528,89587.2712297,89588.8466795,1578.1266999983927
5,21,completed,89587.2685954,89587.2715241,89588.8638714,1595.2759999927366
1,21,completed,89587.2684643,89587.2715612,89588.8819954,1613.5311000107322
1,22,completed,89587.3033526,89587.306115,89588.8995576,1596.2049999943702
5,22,completed,89587.3034145,89587.3061474,89588.9173836,1613.9690999989398
0,22,completed,89587.3034078,89587.3062373,89588.9347911,1631.3832999876468
3,22,completed,89587.3035774,89587.3063036,89588.952899,1649.3215999944368
2,22,completed,89587.3034773,89587.3065753,89588.9706212,1667.1439000056125
4,22,completed,89587.3034928,89587.3067002,89588.9879125,1684.4197000027634
4,23,completed,89587.3379017,89587.3404648,89589.0063793,1668.4776000038255
5,23,completed,89587.3378629,89587.340582,89589.0239423,1686.0793999949237
3,23,completed,89587.3379464,89587.3408692,89589.0412674,1703.3209999935934
0,23,completed,89587.337889,89587.3409412,89589.058629,1720.740000004298
1,23,completed,89587.3380209,89587.34094,89589.0759829,1737.9619999992428
2,23,completed,89587.3380198,89587.3409782,89589.0933337,1755.313900008332
2,24,completed,89587.3657028,89587.3686034,89589.1108665,1745.1637000049232
1,24,completed,89587.3656384,89587.3688838,89589.1286598,1763.0213999946136
5,24,completed,89587.365889,89587.3689364,89589.146422,1780.5330000119284
3,24,completed,89587.3659098,89587.3690209,89589.1646243,1798.7144999933662
0,24,completed,89587.3658769,89587.3690068,89589.1816184,1815.741500002332
4,24,completed,89587.3659356,89587.3690201,89589.1994081,1833.4725000022445
1,25,completed,89587.4003735,89587.403123,89589.2173219,1816.9483999954537
0,25,completed,89587.4004039,89587.4032107,89589.2345249,1834.1210000071442
4,25,completed,89587.4004238,89587.4032621,89589.2521382,1851.7143999924883
5,25,completed,89587.4004557,89587.4033033,89589.2697425,1869.286799992551
3,25,completed,89587.400525,89587.4035528,89589.2869726,1886.447600001702
2,25,completed,89587.4004845,89587.4037248,89589.3053025,1904.81799999543
3,26,completed,89587.4350645,89587.4377286,89589.3225854,1887.5209000107134
5,26,completed,89587.4351538,89587.4377704,89589.3402095,1905.0557000009576
1,26,completed,89587.4351585,89587.437961,89589.3575963,1922.4378000071738
4,26,completed,89587.4350911,89587.4380251,89589.3749607,1939.8696000134805
2,26,completed,89587.435055,89587.4382906,89589.3922449,1957.1899000002304
0,26,completed,89587.4352006,89587.4385422,89589.4101789,1974.9783000006573
3,27,completed,89587.4699503,89587.4725757,89589.427815,1957.8647000016645
0,27,completed,89587.4698428,89587.4726001,89589.4455482,1975.7054000074277
1,27,completed,89587.4698855,89587.472717,89589.4632114,1993.3258999953978
4,27,completed,89587.4699322,89587.4727151,89589.4808422,2010.9100000117905
2,27,completed,89587.4699807,89587.4730955,89589.4980433,2028.0626000021584
5,27,completed,89587.4698613,89587.4730783,89589.5154221,2045.5608000047505
5,28,completed,89587.4975682,89587.4999845,89589.5331239,2035.555700000259
2,28,completed,89587.4979571,89587.5003067,89589.550146,2052.18889999378
4,28,completed,89587.504562,89587.5070153,89589.5673526,2062.7906000008807
3,28,completed,89587.5045843,89587.5070808,89589.5849586,2080.3742999996757
1,28,completed,89587.5045399,89587.5074304,89589.6021001,2097.5602000107756
0,28,completed,89587.5045198,89587.5074917,89589.6195714,2115.051600005245
1,29,completed,89587.5324971,89587.5351709,89589.6378128,2105.315700013307
5,29,completed,89587.5324245,89587.5351702,89589.6547861,2122.3616000061156
0,29,completed,89587.5323604,89587.5354389,89589.6720969,2139.736500001163
3,29,completed,89587.5324522,89587.5355099,89589.6895765,2157.1242999925744
2,29,completed,89587.5324064,89587.5355283,89589.7067999,2174.3934999976773
4,29,completed,89587.5324778,89587.5357261,89589.7238895,2191.4116999978432
5,30,completed,89587.5671772,89587.569895,89589.7410804,2173.9031999895815
4,30,completed,89587.5670738,89587.5701493,89589.7594014,2192.3276000015903
1,30,completed,89587.5670268,89587.5701639,89589.7772625,2210.2357000112534
2,30,completed,89587.5671466,89587.5702848,89589.7944477,2227.3010999924736
3,30,completed,89587.5670892,89587.5703344,89589.8121128,2245.0236000004224
0,30,completed,89587.5671322,89587.5704618,89589.8295703,2262.4381000059657
4,31,completed,89587.6017617,89587.6044976,89589.8472305,2245.4687999997986
5,31,completed,89587.6019111,89587.6046845,89589.8645978,2262.686699992628
2,31,completed,89587.6018883,89587.6046843,89589.8829233,2281.0349999926984
3,31,completed,89587.6018348,89587.6047076,89589.9007849,2298.9500999974553
1,31,completed,89587.6017752,89587.6048132,89589.9183903,2316.6150999895763
0,31,completed,89587.6020076,89587.6050222,89589.9359581,2333.9505000039935
0,32,completed,89587.6365565,89587.6384706,89589.9521806,2315.6240999960573
1,32,completed,89587.6365361,89587.6384314,89589.9683467,2331.8105999933323
3,32,completed,89587.6365918,89587.6385625,89589.9845377,2347.945900008199
4,32,completed,89587.6367312,89587.6386403,89590.0009385,2364.2073000082746
5,32,completed,89587.6366615,89587.6387579,89590.017055,2380.393500003265
2,32,completed,89587.6366248,89587.638731,89590.0332353,2396.6104999999516
4,33,completed,89587.6642869,89587.6652418,89590.049775,2385.488100000657
2,33,completed,89587.66424,89587.665177,89590.0661618,2401.921800003038
5,33,completed,89587.6644414,89587.6653722,89590.0828341,2418.3926999976393
3,33,completed,89587.6781128,89587.6791306,89590.0991594,2421.046599993133
0,33,completed,89587.6781387,89587.6791302,89590.1154355,2437.29680000979
1,33,completed,89587.6781691,89587.6792766,89590.1324809,2454.3118000001414
5,34,completed,89587.6990102,89587.700469,89590.1493135,2450.303300007363
2,34,completed,89587.6992178,89587.7010625,89590.1655428,2466.325000001234
4,34,completed,89587.6992002,89587.7010893,89590.1817081,2482.5079000002006
3,34,completed,89587.6992801,89587.7011514,89590.1977448,2498.4646999946563
1,34,completed,89587.6993342,89587.7011877,89590.214194,2514.8597999941558
0,34,completed,89587.6993616,89587.7011993,89590.2300537,2530.6921000010334
1,35,completed,89587.7337244,89587.7355924,89590.2467044,2512.9799999995157
3,35,completed,89587.7337294,89587.7355572,89590.2628491,2529.1197000042303
4,35,completed,89587.7338518,89587.735734,89590.2788436,2544.9917999940226
2,35,completed,89587.7338202,89587.7357837,89590.2954998,2561.679600010393
0,35,completed,89587.7337912,89587.7358342,89590.3115059,2577.714700004435
5,35,completed,89587.7339184,89587.735904,89590.3274529,2593.534500003443
2,36,completed,89587.7684581,89587.7706533,89590.3436597,2575.2015999896685
0,36,completed,89587.7684286,89587.7706406,89590.360017,2591.5883999987273
5,36,completed,89587.7684809,89587.7707183,89590.3760818,2607.6008999953046
1,36,completed,89587.7685338,89587.7708125,89590.3920607,2623.5269000026165
3,36,completed,89587.7687117,89587.7708433,89590.4081896,2639.477899996564
4,36,completed,89587.7686119,89587.7708291,89590.4241264,2655.5145000020275
2,37,completed,89587.803157,89587.8049804,89590.4401582,2637.00119999703
0,37,completed,89587.8031894,89587.8051052,89590.4562665,2653.0770999961533
5,37,completed,89587.8032266,89587.8052192,89590.4722572,2669.030600009137
3,37,completed,89587.8033239,89587.805268,89590.488297,2684.9730999965686
1,37,completed,89587.8032717,89587.8054027,89590.5048838,2701.612099990598
4,37,completed,89587.8033489,89587.8054326,89590.5212338,2717.8849000047194
3,38,completed,89587.8378971,89587.8397348,89590.5373648,2699.4676999893272
1,38,completed,89587.8379373,89587.839971,89590.5536053,2715.667999989819
4,38,completed,89587.8379187,89587.8399597,89590.5700755,2732.1568000043044
5,38,completed,89587.838007,89587.8400163,89590.5862825,2748.2754999946337
0,38,completed,89587.838071,89587.8400713,89590.6027685,2764.6974999952363
2,38,completed,89587.8381435,89587.840091,89590.6192691,2781.1255999986315
2,39,completed,89587.8656218,89587.8676771,89590.6353853,2769.7635000076843
4,39,completed,89587.8656597,89587.8677347,89590.6527368,2787.077100001625
5,39,completed,89587.8656962,89587.8677928,89590.6689075,2803.2113000081154
1,39,completed,89587.8657334,89587.867917,89590.6850793,2819.3459000031
3,39,completed,89587.8658203,89587.8679171,89590.7017272,2835.906899999827
0,39,completed,89587.8658352,89587.8679507,89590.7178755,2852.040300000226
0,40,completed,89587.9003642,89587.9023122,89590.7341376,2833.773399994243
1,40,completed,89587.9004482,89587.9024963,89590.7505812,2850.1329999999143
4,40,completed,89587.9004043,89587.9024995,89590.7666073,2866.2029999977676
5,40,completed,89587.900438,89587.9025359,89590.7827743,2882.336299997405
2,40,completed,89587.9005178,89587.9025772,89590.7993466,2898.8288000109605
3,40,completed,89587.9005919,89587.9026211,89590.8157945,2915.2025999937905
0,41,completed,89587.9351148,89587.9371833,89590.8323814,2897.2666000045137
4,41,completed,89587.9350989,89587.9371905,89590.8484319,2913.3330000040587
3,41,completed,89587.9351375,89587.937302,89590.8650042,2929.866699996637
1,41,completed,89587.935165,89587.9373723,89590.8813446,2946.1795999959577
2,41,completed,89587.9353234,89587.9374046,89590.8977253,2962.401900003897
5,41,completed,89587.935248,89587.9374159,89590.914074,2978.826000005938
2,42,completed,89587.9698482,89587.9720092,89590.9304213,2960.5731000046944
5,42,completed,89587.9698748,89587.9720609,89590.9467758,2976.901000001817
0,42,completed,89587.9698883,89587.9721323,89590.9632942,2993.4059000079287
3,42,completed,89587.9698406,89587.9722376,89590.9798972,3010.056600003736
4,42,completed,89587.9700219,89587.9722885,89590.9959879,3025.9660000010626
1,42,completed,89587.9699321,89587.9722997,89591.0123873,3042.455200004042
0,43,completed,89588.0045835,89588.0065605,89591.0283595,3023.775999987265
4,43,completed,89588.0045741,89588.0065836,89591.0443692,3039.7950999904424
5,43,completed,89588.0046922,89588.0067192,89591.0605513,3055.8591000008164
3,43,completed,89588.0046655,89588.006749,89591.0768357,3072.1702000009827
1,43,completed,89588.0046018,89588.0067932,89591.0929151,3088.3133000024827
2,43,completed,89588.0047747,89588.0068724,89591.109168,3104.3932999891695
1,44,completed,89588.0322506,89588.0340768,89591.1265582,3094.307600011234
2,44,completed,89588.0322686,89588.0340569,89591.142851,3110.582399996929
4,44,completed,89588.0324566,89588.0344351,89591.1602384,3127.781799994409
3,44,completed,89588.032354,89588.034388,89591.176932,3144.5780000067316
5,44,completed,89588.032618,89588.0344603,89591.1937525,3161.1344999982975
0,44,completed,89588.0324095,89588.0344337,89591.209746,3177.336499997182
4,45,completed,89588.067025,89588.0687304,89591.226061,3159.035999997286
2,45,completed,89588.0670639,89588.0690166,89591.242476,3175.4120999976294
3,45,completed,89588.0671711,89588.0691611,89591.2585366,3191.3654999952996
1,45,completed,89588.0672522,89588.0692749,89591.274746,3207.4938000005204
0,45,completed,89588.0673079,89588.0692998,89591.2915087,3224.2008000030182
5,45,completed,89588.0674304,89588.0692995,89591.307823,3240.3925999969942
0,46,completed,89588.1017824,89588.1026679,89591.3242303,3222.447899999679
2,46,completed,89588.1018575,89588.1030015,89591.3403481,3238.4905999933835
3,46,completed,89588.1018453,89588.1030022,89591.3567615,3254.9162000068463
5,47,completed,89588.1365691,89588.1372997,89591.3729151,3236.346000005142
4,47,completed,89588.1365322,89588.1373231,89591.3887154,3252.183199991123
1,48,completed,89588.1712463,89588.1722468,89591.4048026,3233.556299994234
0,48,completed,89588.1712616,89588.1722276,89591.4215695,3250.307900001644
1,49,completed,89588.1990671,89588.1995881,89591.4381105,3239.043400011724
2,49,completed,89588.2005281,89588.200975,89591.454589,3254.0608999988763
3,50,completed,89588.2339109,89588.2346109,89591.4706964,3236.785500004771
4,50,completed,89588.2354593,89588.2359044,89591.4873197,3251.860399992438
5,51,completed,89588.2685895,89588.2691878,89591.5035571,3234.967600001255
2,51,completed,89588.2707422,89588.2712757,89591.5197939,3249.051700011478
0,52,completed,89588.3032116,89588.3037353,89591.5361984,3232.9868000088027
3,52,completed,89588.3058025,89588.3062377,89591.5526212,3246.818699990399
1,53,completed,89588.3379574,89588.3384888,89591.5689359,3230.9784999961266
4,53,completed,89588.3410593,89588.3415495,89591.5852374,3244.178099994315
5,54,completed,89588.3659277,89588.3664129,89591.6013927,3235.465000005206
3,55,completed,89588.4004494,89588.4014051,89591.618455,3218.005600007018
4,55,completed,89588.4004896,89588.4014082,89591.6345416,3234.0519999997923
1,55,completed,89588.4105743,89588.411197,89591.6506745,3240.1001999969594
2,56,completed,89588.435195,89588.4359874,89591.6672921,3232.0971000008285
0,57,completed,89588.47675,89588.4776515,89591.6833562,3206.606199993985
5,57,completed,89588.4768006,89588.4776715,89591.699806,3223.005400010152
4,57,completed,89588.4808186,89588.4812275,89591.7158027,3234.984099995927
1,58,completed,89588.5045726,89588.5050787,89591.731726,3227.1534000028623
3,59,completed,89588.5323503,89588.5329288,89591.7479551,3215.604800003348
0,59,completed,89588.5330211,89588.5334992,89591.7639092,3230.8881000062684
2,60,completed,89588.5740894,89588.5747655,89591.7800657,3205.9762999997474
5,60,completed,89588.5756031,89588.5759838,89591.7962671,3220.6639999931213
0,61,completed,89588.6017814,89588.6023733,89591.8127286,3210.947200001101
3,61,completed,89588.6024213,89588.6029395,89591.8288888,3226.467499989667
1,62,completed,89588.6365144,89588.637016,89591.8455175,3209.0030999970622
2,62,completed,89588.6380719,89588.6384802,89591.8619902,3223.9183000056073
5,63,completed,89588.6712688,89588.6718235,89591.8781791,3206.9102999957977
4,63,completed,89588.6727649,89588.673178,89591.8945052,3221.740300010424
4,64,completed,89588.7061585,89588.7067266,89591.910559,3204.400499991607
2,64,completed,89588.7074505,89588.7079926,89591.9264514,3219.0008999896236
5,65,completed,89588.7337167,89588.7343254,89591.9427807,3209.0640000096755
0,65,completed,89588.7422895,89588.7427011,89591.9590236,3216.7340999876615
3,66,completed,89588.768465,89588.7694975,89591.9748915,3206.4264999935403
1,67,completed,89588.803138,89588.8039085,89591.9912257,3188.087699993048
0,67,completed,89588.8032054,89588.8039968,89592.0071827,3203.9772999996785
3,68,completed,89588.8378496,89588.8386078,89592.023164,3185.3144000051543
4,68,completed,89588.8379432,89588.8386574,89592.0395319,3201.5887000015937
2,69,completed,89588.865763,89588.8665092,89592.0560527,3190.289700010908
5,69,completed,89588.8657776,89588.8666145,89592.0721126,3206.334999995306
1,70,completed,89588.900549,89588.9012961,89592.0884434,3187.8944000054616
5,71,completed,89588.9351898,89588.9367588,89592.1048761,3169.6862999961013
1,71,completed,89588.935132,89588.9368251,89592.1208591,3185.727100004442
0,71,completed,89588.9351989,89588.9368201,89592.1370537,3201.854800005094
3,72,completed,89588.9698233,89588.9703458,89592.1533594,3183.536100012134
2,72,completed,89588.9708251,89588.9712506,89592.169994,3199.1688999987673
4,73,completed,89589.0045907,89589.0051149,89592.1866286,3182.0378999982495
4,74,completed,89589.0323719,89589.0330743,89592.2025961,3170.224200002849
5,74,completed,89589.0324318,89589.0331205,89592.2186851,3186.25329999486
0,75,completed,89589.0670864,89589.0678552,89592.234722,3167.635599995265
3,75,completed,89589.0672875,89589.0680452,89592.2507822,3183.494700002484
2,76,completed,89589.1087323,89589.1094646,89592.2671227,3158.3903999999166
1,76,completed,89589.1087198,89589.1095657,89592.2839444,3175.2245999959996
1,77,completed,89589.1365452,89589.1372757,89592.2999049,3163.359700003639
2,77,completed,89589.1366629,89589.137387,89592.3160532,3179.3903000070713
5,78,completed,89589.1712321,89589.172554,89592.3320203,3160.788200009847
3,78,completed,89589.1714003,89589.1726051,89592.3483984,3176.998100010678
0,79,completed,89589.1991066,89589.2004299,89592.3645228,3165.416199990432
4,79,completed,89589.1999446,89589.2007196,89592.3807056,3180.7609999959823
1,80,completed,89589.2338849,89589.2343513,89592.3968496,3162.9647000081604
0,80,completed,89589.2347335,89589.2352309,89592.4129196,3178.186100005405
4,81,completed,89589.2685072,89589.2690149,89592.4294831,3160.975899998448
5,81,completed,89589.2699333,89589.2703485,89592.4459259,3175.9925999940606
3,82,completed,89589.3030897,89589.3035892,89592.4619751,3158.8854000001447
2,82,completed,89589.3055097,89589.3059523,89592.4784227,3172.913000002154
3,83,completed,89589.3383064,89589.3389917,89592.4943722,3156.065800008946
5,83,completed,89589.3404013,89589.3408054,89592.5104946,3170.093300010194
1,84,completed,89589.3658188,89589.3663139,89592.5264843,3160.6655000068713
2,85,completed,89589.4005179,89589.401414,89592.5427059,3142.1880000125384
4,85,completed,89589.4004374,89589.4015213,89592.5589623,3158.52489999088
3,86,completed,89589.4351482,89589.4360279,89592.5751127,3139.964499991038
0,86,completed,89589.4351735,89589.4360949,89592.5912887,3156.1152000067523
0,87,completed,89589.4700264,89589.4706577,89592.6076795,3137.6530999987153
1,87,completed,89589.4700075,89589.4709484,89592.623715,3153.707499994198
2,88,completed,89589.5045633,89589.5053181,89592.6398881,3135.324800008675
4,88,completed,89589.5046554,89589.5053757,89592.6559759,3151.3204999937443
5,89,completed,89589.5323187,89589.5329821,89592.6728351,3140.516400002525
2,90,completed,89589.5669838,89589.5677577,89592.6890366,3122.0527999976184
5,90,completed,89589.5670355,89589.567874,89592.7052053,3138.169799989555
4,90,completed,89589.5677605,89589.5683445,89592.7220248,3154.2642999993404
3,91,completed,89589.6017971,89589.6023149,89592.7378719,3136.0748000006424
1,91,completed,89589.6024603,89589.6029581,89592.7552698,3152.809500010335
0,92,completed,89589.6365422,89589.6370828,89592.7716891,3135.146900007385
1,92,completed,89589.6380282,89589.6384428,89592.788108,3150.0797999906354
5,93,completed,89589.6713391,89589.6718307,89592.804143,3132.803900007275
0,93,completed,89589.6722965,89589.6727381,89592.8202967,3148.0002000025706
3,94,completed,89589.6990962,89589.6995764,89592.8362792,3137.182999998913
2,95,completed,89589.7410058,89589.7423089,89592.8526816,3111.6757999989204
4,95,completed,89589.7410631,89589.7424084,89592.8687043,3127.641200000653
5,95,completed,89589.7415433,89589.7426461,89592.8850465,3143.5032000008505
4,96,completed,89589.7685661,89589.7693956,89592.9009875,3132.4214000051143
1,97,completed,89589.8032111,89589.8042323,89592.917597,3114.385900000343
2,97,completed,89589.8034873,89589.8043467,89592.9334518,3129.9644999962766
3,97,completed,89589.8123731,89589.8129963,89592.9494157,3137.04260000668
0,98,completed,89589.8379926,89589.8388352,89592.9655309,3127.538299988373
5,99,completed,89589.8658598,89589.8669275,89592.9815933,3115.733500002534
4,99,completed,89589.86587,89589.8670103,89592.9972825,3131.412500006263
2,100,completed,89589.9075061,89589.9086198,89593.0135433,3106.037199991988
3,100,completed,89589.9076031,89589.9087177,89593.0296241,3122.02100000286
1,100,completed,89589.9186376,89589.919113,89593.0458607,3127.223100003903
0,101,completed,89589.9422228,89589.9431159,89593.061726,3119.503199995961
0,102,completed,89589.9700585,89589.9710016,89593.0775764,3107.517900003586
1,102,completed,89589.9700319,89589.9710324,89593.0934086,3123.376700008521
4,103,completed,89590.0046796,89590.0057548,89593.1097456,3105.066000003717
3,103,completed,89590.0048526,89590.0058905,89593.1260452,3121.192599995993
5,104,completed,89590.0327248,89590.0333864,89593.1421264,3109.4015999988187
2,104,completed,89590.0335494,89590.0342856,89593.1582692,3124.7197999909986
4,105,completed,89590.067305,89590.0683471,89593.174737,3107.4319999897853
2,105,completed,89590.067386,89590.0683459,89593.1908705,3123.484499999904
3,106,completed,89590.101805,89590.1025186,89593.2074039,3105.598900001496
5,106,completed,89590.1018323,89590.1025496,89593.2233628,3121.5304999932414
1,107,completed,89590.1366943,89590.137754,89593.2392876,3102.5932999909855
0,107,completed,89590.1366092,89590.1377235,89593.2555146,3118.9053999987664
2,108,completed,89590.1712981,89590.172054,89593.2715128,3100.214699996286
5,108,completed,89590.1715586,89590.1722197,89593.2877057,3116.147099994123
4,109,completed,89590.1994339,89590.2002447,89593.3038626,3104.42870001134
3,109,completed,89590.1994876,89590.2003108,89593.3205094,3121.02180000511
1,110,completed,89590.2336174,89590.2343294,89593.336812,3103.194600000279
0,110,completed,89590.23387,89590.2345093,89593.3531985,3119.3285000044852
3,111,completed,89590.2684487,89590.2691718,89593.3691903,3100.741600006586
1,111,completed,89590.268475,89590.2692142,89593.3857036,3117.2285999928135
2,112,completed,89590.3031319,89590.3038694,89593.4021751,3099.043199996231
4,112,completed,89590.3031838,89590.3039437,89593.4182041,3115.020299999742
0,113,completed,89590.3450127,89590.3463496,89593.4342704,3089.257700004964
2,113,completed,89590.3448976,89590.3463252,89593.450763,3105.8653999934904
5,113,completed,89590.3448738,89590.3463206,89593.4667127,3121.838899998693
0,114,completed,89590.3656382,89590.3661742,89593.4830168,3117.378599999938
1,115,completed,89590.4005465,89590.4013219,89593.4999276,3099.3811000080314
5,115,completed,89590.4005123,89590.4014543,89593.5158747,3115.362399999867
4,116,completed,89590.4351102,89590.4359444,89593.5318704,3096.7602000018815
3,116,completed,89590.43511,89590.4359415,89593.5497713,3114.661299987347
2,116,completed,89590.4403788,89590.4408797,89593.5656741,3125.295299993013
0,117,completed,89590.4698623,89590.4705389,89593.5814517,3111.5893999958644
5,117,completed,89590.4725146,89590.4730146,89593.5977711,3125.256500003161
3,118,completed,89590.5047354,89590.505313,89593.6138279,3109.092500002589
1,118,completed,89590.5052095,89590.5058036,89593.6306737,3125.4641999985324
4,119,completed,89590.5324431,89590.532945,89593.6467793,3114.3362000002526
3,119,completed,89590.5375945,89590.538086,89593.6631058,3125.511300007929
1,120,completed,89590.5672931,89590.567862,89593.6798482,3112.5551000004634
4,120,completed,89590.5703561,89590.5709879,89593.6957446,3125.388500004192
5,121,completed,89590.6020517,89590.6026752,89593.7115148,3109.4631000014488
0,121,completed,89590.6030171,89590.6037852,89593.7278184,3124.8013000003994
2,122,completed,89590.6369125,89590.6377145,89593.7437055,3106.7929999990156
4,123,completed,89590.6712466,89590.6723263,89593.7599178,3088.67119999195
5,123,completed,89590.6713838,89590.6725281,89593.7755858,3104.2020000022603
2,123,completed,89590.6716605,89590.6728064,89593.7914864,3119.8259000084363
1,124,completed,89590.7061402,89590.7072464,89593.8076302,3101.490000000922
3,124,completed,89590.7061571,89590.7072331,89593.8245496,3118.392500007758
0,125,completed,89590.733921,89590.734967,89593.8405601,3106.6390999912983
0,126,completed,89590.7684939,89590.7697841,89593.8569138,3088.4198999992805
1,126,completed,89590.7685128,89590.7697802,89593.873143,3104.6302000031574
4,126,completed,89590.7686905,89590.7699073,89593.8889825,3120.2919999923324
2,127,completed,89590.8104147,89590.8114669,89593.9052185,3094.803800006048
5,127,completed,89590.81061,89590.8116456,89593.9217599,3111.149899996235
3,127,completed,89590.8160952,89590.8169368,89593.9381188,3122.023599993554
0,128,completed,89590.8380664,89590.8387664,89593.9541476,3116.081200001645
4,128,completed,89590.8487154,89590.8493376,89593.9702998,3121.584399996209
3,129,completed,89590.8727161,89590.8734851,89593.9864729,3113.7567999976454
1,130,completed,89590.9005805,89590.9016854,89594.0023091,3101.7285999987507
2,130,completed,89590.9005879,89590.9016857,89594.0181419,3117.553999996744
5,131,completed,89590.9352591,89590.9363146,89594.0345282,3099.269099999219
2,131,completed,89590.935266,89590.9363108,89594.0504434,3115.1774000027217
5,132,completed,89590.9699959,89590.9710023,89594.0666938,3096.6979000077117
0,132,completed,89590.9700632,89590.9711484,89594.0826957,3112.6324999931967
3,133,completed,89591.0046197,89591.0056158,89594.0985079,3093.888199990033
4,133,completed,89591.0045905,89591.0056915,89594.1150192,3110.4287000052864
1,134,completed,89591.0324453,89591.0334585,89594.1311263,3098.6809999885736
0,134,completed,89591.0325409,89591.0335501,89594.147214,3114.6730999898864
4,135,completed,89591.0672201,89591.0681868,89594.1631238,3095.903699999326
5,135,completed,89591.0672564,89591.0682752,89594.180336,3113.0796000070404
1,136,completed,89591.1091101,89591.1106971,89594.19673,3087.6198999903863
3,136,completed,89591.1091411,89591.1106552,89594.2130513,3103.910200006794
2,136,completed,89591.1095987,89591.1109213,89594.2296801,3120.0814000039827
1,137,completed,89591.1366185,89591.1373474,89594.2456568,3109.038300011889
2,137,completed,89591.1431591,89591.14391,89594.2615632,3118.4040999942226
4,138,completed,89591.1714427,89591.1723439,89594.2779099,3106.467200006591
3,138,completed,89591.1775679,89591.178682,89594.294045,3116.4771000039764
5,139,completed,89591.1993215,89591.200416,89594.3101483,3110.826800009818
0,139,completed,89591.2100397,89591.210578,89594.3266598,3116.6201000014553
4,140,completed,89591.2338126,89591.2345429,89594.3425014,3108.688799999072
3,141,completed,89591.2684303,89591.2691605,89594.3588306,3090.400300003239
2,141,completed,89591.2685592,89591.2692381,89594.3746917,3106.1324999900535
1,141,completed,89591.2751442,89591.2759779,89594.3905962,3115.451999998186
0,142,completed,89591.3031191,89591.3036024,89594.4071004,3103.981299995212
5,142,completed,89591.3081446,89591.3088727,89594.4233551,3115.210500007379
0,143,completed,89591.3379273,89591.3385197,89594.4394303,3101.502999998047
2,143,completed,89591.3405726,89591.341098,89594.4556191,3115.0464999955148
3,144,completed,89591.3656773,89591.3662721,89594.4719029,3106.225600000471
4,145,completed,89591.4004714,89591.4014884,89594.487937,3087.465599994175
5,145,completed,89591.4004659,89591.4016003,89594.5041863,3103.720399987651
1,145,completed,89591.4050324,89591.4056387,89594.5207239,3115.6915000028675
0,146,completed,89591.4352189,89591.4358408,89594.5364911,3101.2722000014037
1,146,completed,89591.4383426,89591.4389732,89594.5528045,3114.461899996968
2,147,completed,89591.4699239,89591.4705899,89594.5687179,3098.7939999904484
3,147,completed,89591.4709492,89591.4715186,89594.5846702,3113.721000001533
4,148,completed,89591.504908,89591.5057334,89594.6008245,3095.916499994928
5,148,completed,89591.5048628,89591.5057885,89594.6166867,3111.8239000061294
2,149,completed,89591.5323991,89591.5330153,89594.6325718,3100.1726999966195
0,149,completed,89591.5364221,89591.5370143,89594.648526,3112.103899999056
3,150,completed,89591.5671992,89591.5676942,89594.665382,3098.182800007635
1,150,completed,89591.5691819,89591.5696671,89594.68189,3112.7081000013277
5,151,completed,89591.6016821,89591.6028939,89594.6976792,3095.9971000120277
4,151,completed,89591.6020126,89591.6031004,89594.7141067,3112.0941000117455
4,152,completed,89591.6364571,89591.6372352,89594.7297986,3093.3415000035893
3,152,completed,89591.6364676,89591.6372492,89594.7462973,3109.8296999989543
1,153,completed,89591.6713378,89591.6725278,89594.7625112,3091.173399996478
2,153,completed,89591.6713135,89591.6724964,89594.7785764,3107.262899997295
0,154,completed,89591.7059409,89591.7068311,89594.7947992,3088.858299990534
5,154,completed,89591.7059589,89591.706825,89594.8107016,3104.742700001225
1,155,completed,89591.7336912,89591.7344573,89594.8268994,3093.2081999926595
4,155,completed,89591.7336971,89591.7344707,89594.842892,3109.19489999651
0,156,completed,89591.779412,89591.7800588,89594.8599179,3080.505899997661
3,156,completed,89591.7793993,89591.7800012,89594.8761018,3096.7024999990826
2,156,completed,89591.7803699,89591.7809726,89594.8920183,3111.64839999401
5,157,completed,89591.8093698,89591.8103262,89594.9081563,3098.7865000060992
0,157,completed,89591.8129513,89591.8135257,89594.9245928,3111.6414999996778
3,158,completed,89591.8385173,89591.8393707,89594.9406223,3102.1049999981187
1,159,completed,89591.8658438,89591.8665092,89594.9568593,3091.0155000019586
2,159,completed,89591.8658174,89591.8664923,89594.9728495,3107.0321000006516
5,160,completed,89591.9008491,89591.9019849,89594.9889986,3088.1495000066934
4,160,completed,89591.9008268,89591.9019686,89595.0050996,3104.2728000029456
2,161,completed,89591.9352723,89591.9358976,89595.0213114,3086.039100002381
4,161,completed,89591.9353718,89591.936025,89595.0374436,3102.0717999927
5,162,completed,89591.9700558,89591.9706866,89595.0537356,3083.67979999457
0,162,completed,89591.9700409,89591.97076,89595.0694912,3099.4502999965334
3,162,completed,89591.9750957,89591.9755412,89595.0857574,3110.6616999895778
1,163,completed,89592.0048162,89592.0054029,89595.1014756,3096.65939999104
0,164,completed,89592.0326224,89592.0334227,89595.1174628,3084.8403999989387
3,164,completed,89592.032673,89592.0334201,89595.1332924,3100.6194000074174
5,165,completed,89592.0741856,89592.0752607,89595.1493252,3075.139599997783
2,165,completed,89592.0742761,89592.075285,89595.1657642,3091.488100006245
4,165,completed,89592.0743267,89592.0753936,89595.1821865,3107.8597999876365
1,166,completed,89592.1020503,89592.102935,89595.198437,3096.3866999954917
5,166,completed,89592.1050767,89592.1055395,89595.2150111,3109.9343999958364
1,167,completed,89592.1364443,89592.1369053,89595.2308967,3094.4523999933153
0,167,completed,89592.1372477,89592.1377488,89595.2467801,3109.532400005264
2,168,completed,89592.1714061,89592.172001,89595.2630569,3091.6508000082104
3,168,completed,89592.1714656,89592.1721734,89595.2792663,3107.8007000032812
4,169,completed,89592.1993268,89592.1998257,89595.2954389,3096.1121000000276
5,170,completed,89592.2338812,89592.2345431,89595.311815,3077.9337999993004
4,170,completed,89592.2339181,89592.2345726,89595.327555,3093.636899997364
0,170,completed,89592.2349236,89592.2353865,89595.3435677,3108.6440999933984
3,171,completed,89592.2687579,89592.269477,89595.3599944,3091.2364999967394
2,171,completed,89592.2687278,89592.2694581,89595.3761474,3107.419600011781
1,172,completed,89592.3033292,89592.303821,89595.3924093,3089.0800999914063
5,173,completed,89592.338013,89592.3391038,89595.4084206,3070.4075999965426
2,173,completed,89592.3380464,89592.3391801,89595.42451,3086.4636000042083
1,173,completed,89592.3381725,89592.3392861,89595.4405311,3102.3585999937495
0,174,completed,89592.3659948,89592.3667443,89595.456447,3090.4522000055294
3,174,completed,89592.36604,89592.3668712,89595.4726694,3106.629400004749
4,175,completed,89592.4013159,89592.4021291,89595.4885819,3087.2660000022734
1,175,completed,89592.401295,89592.4021691,89595.5046988,3103.4037999925204
0,175,completed,89592.4131603,89592.4138306,89595.5219114,3108.751100007794
4,176,completed,89592.435829,89592.4364831,89595.5376963,3101.867300007143
5,177,completed,89592.4702811,89592.4711752,89595.5536883,3083.407199999783
3,177,completed,89592.4703578,89592.4712845,89595.5698176,3099.4597999961115
3,178,completed,89592.4979642,89592.4985569,89595.5860395,3088.0753000092227
2,178,completed,89592.5048493,89592.5054036,89595.6023548,3097.5054999871645
5,179,completed,89592.5325001,89592.5332093,89595.6187428,3086.242699995637
1,179,completed,89592.5325562,89592.5332819,89595.6347845,3102.2282999911113
4,180,completed,89592.5674085,89592.5680229,89595.6509475,3083.5389999992913
2,180,completed,89592.5673698,89592.5680793,89595.6669992,3099.629399992409
0,181,completed,89592.6091041,89592.6097527,89595.6840124,3074.9082999973325
3,181,completed,89592.6090257,89592.609702,89595.7005103,3091.4845999941463
1,182,completed,89592.6365868,89592.6371633,89595.7165787,3079.9918999982765
0,182,completed,89592.636684,89592.6372637,89595.7327116,3096.027599996887
2,182,completed,89592.6400863,89592.6405681,89595.7493779,3109.2916000052355
4,183,completed,89592.6711921,89592.6716853,89595.7651283,3093.936200006283
5,183,completed,89592.6730659,89592.6735455,89595.7810202,3107.9542999941623
2,184,completed,89592.6992023,89592.6996794,89595.7969033,3097.7009999915026
5,184,completed,89592.7055753,89592.7066444,89595.8127039,3107.1285999933025
4,185,completed,89592.73406,89592.7345762,89595.8283816,3094.3216000014218
3,185,completed,89592.738178,89592.7391337,89595.8444773,3106.2992999941343
1,186,completed,89592.7687138,89592.7692274,89595.8619192,3093.2054000004428
0,186,completed,89592.7719067,89592.7724461,89595.8781661,3106.2593999959063
1,187,completed,89592.7986229,89592.7990006,89595.8944867,3095.863800001098
0,188,completed,89592.8379938,89592.8389073,89595.9107056,3072.7118000068003
5,188,completed,89592.8380932,89592.8389403,89595.9268385,3088.745300003211
3,188,completed,89592.8381388,89592.8390967,89595.9437049,3105.5660999991233
2,189,completed,89592.8659167,89592.8663065,89595.9594022,3093.485499994131
4,189,completed,89592.8689092,89592.8696249,89595.9754784,3106.569199997466
5,190,completed,89592.900711,89592.9011761,89595.991958,3091.247000003932
4,190,completed,89592.901313,89592.9019621,89596.0081277,3106.814700004179
1,191,completed,89592.9354257,89592.9360184,89596.0240415,3088.6158000066644
2,191,completed,89592.9354009,89592.936053,89596.0398743,3104.473400002462
3,192,completed,89592.9699386,89592.9705554,89596.0563671,3086.428499998874
0,192,completed,89592.9700503,89592.9706744,89596.0724398,3102.3894999962067
5,193,completed,89592.9997875,89593.0003464,89596.0893062,3089.5186999987345
4,193,completed,89592.9997898,89593.0005321,89596.1053716,3105.5818000022555
2,194,completed,89593.0325245,89593.0332147,89596.1219861,3089.4616000005044
3,194,completed,89593.0325052,89593.0331952,89596.1388097,3106.304500004626
1,195,completed,89593.0673058,89593.0678977,89596.1548858,3087.58000000671
0,195,completed,89593.0672941,89593.0679636,89596.171378,3104.0839000052074
0,196,completed,89593.1018707,89593.1026528,89596.1884993,3086.628599994583
1,196,completed,89593.1020015,89593.102723,89596.2044602,3102.4586999992607
3,197,completed,89593.1366525,89593.1373352,89596.2204216,3083.7690999906044
4,197,completed,89593.136705,89593.1373894,89596.2364273,3099.7223000013037
5,197,completed,89593.1423511,89593.1428273,89596.2525407,3110.1896000036504
2,198,completed,89593.1713588,89593.1717885,89596.2685851,3097.2263000003295
4,198,completed,89593.1749942,89593.1755142,89596.2854254,3110.431199995219
2,199,completed,89593.1991107,89593.19957,89596.3015714,3102.460699999938
3,200,completed,89593.2338114,89593.2344823,89596.3185467,3084.7352999990107
5,200,completed,89593.233892,89593.2345748,89596.3342466,3100.354599999264
1,200,completed,89593.2395049,89593.2399795,89596.3502979,3110.7929999998305
0,201,completed,89593.2686073,89593.2692167,89596.3666111,3098.0038000125205
2,201,completed,89593.2717559,89593.2725569,89596.3825927,3110.8367999986513
5,202,completed,89593.3035412,89593.3041838,89596.398485,3094.943799995235
4,202,completed,89593.3042347,89593.3049334,89596.4143816,3110.1468999986537
1,203,completed,89593.3382187,89593.3389375,89596.4306598,3092.4411000014516
3,203,completed,89593.3382544,89593.3389512,89596.4468274,3108.572999990429
0,204,completed,89593.3657487,89593.3662451,89596.4629295,3097.180800003116
3,204,completed,89593.3694235,89593.3699707,89596.4788512,3109.42769999383
1,205,completed,89593.40079,89593.4014168,89596.4948062,3094.016200004262
2,205,completed,89593.4023643,89593.4030874,89596.5107059,3108.3416000037687
0,206,completed,89593.4356301,89593.4363948,89596.5269609,3091.3308000017423
4,206,completed,89593.4356929,89593.4366986,89596.5429018,3107.208899993566
2,207,completed,89593.4700925,89593.4709334,89596.5589675,3088.8749999867287
5,207,completed,89593.4701426,89593.4709999,89596.5750043,3104.861700005131
1,208,completed,89593.5048915,89593.5055429,89596.5908315,3085.9400000044843
0,208,completed,89593.5048462,89593.5055994,89596.6068683,3102.0221000071615
5,209,completed,89593.5326557,89593.5341053,89596.6231014,3090.445699999691
4,209,completed,89593.5326648,89593.5340215,89596.638913,3106.2481999979354
2,210,completed,89593.5673582,89593.5681001,89596.6547809,3087.4227000022074
3,210,completed,89593.5673698,89593.5681014,89596.6706685,3103.2986999925924
5,211,completed,89593.6020306,89593.6031543,89596.6868042,3084.7735999996075
0,211,completed,89593.6019948,89593.6031805,89596.7033962,3101.401399995666
3,211,completed,89593.614148,89593.6150871,89596.7195566,3105.4086000076495
1,212,completed,89593.636888,89593.6373135,89596.7359068,3099.0187999996124
3,213,completed,89593.6784357,89593.679047,89596.7522827,3073.8470000069356
4,213,completed,89593.6785001,89593.6791486,89596.7681085,3089.6083999978146
1,213,completed,89593.6800576,89593.6805797,89596.7842413,3104.1837000084342
4,214,completed,89593.6991831,89593.6995924,89596.8000367,3100.853600000846
5,215,completed,89593.7409114,89593.7415034,89596.8165655,3075.6541000009747
0,215,completed,89593.740781,89593.7415001,89596.8324542,3091.673200004152
2,215,completed,89593.7439301,89593.7444643,89596.848369,3104.4389000016963
4,216,completed,89593.7686277,89593.7690249,89596.8641932,3095.5654999997932
5,216,completed,89593.7758337,89593.7764411,89596.8800444,3104.210699995747
2,217,completed,89593.803365,89593.8037607,89596.8959745,3092.6095000031637
1,217,completed,89593.8078707,89593.8084693,89596.9119395,3104.068800006644
3,218,completed,89593.8380772,89593.8384846,89596.9285993,3090.5220999993617
0,218,completed,89593.8407959,89593.8413847,89596.9450178,3104.2218999937177
0,219,completed,89593.8659294,89593.8664001,89596.9609715,3095.042100001592
4,220,completed,89593.900625,89593.9013554,89596.9774052,3076.7802000045776
1,220,completed,89593.9007073,89593.9014837,89596.9932016,3092.494299999089
2,220,completed,89593.9055822,89593.9066039,89597.0093854,3103.8032000069506
5,221,completed,89593.9357508,89593.9365294,89597.0254476,3089.6968000015477
3,221,completed,89593.9383013,89593.9388229,89597.0412995,3102.998199989088
0,222,completed,89593.9699566,89593.9704377,89597.0570383,3087.081699995906
4,222,completed,89593.9706119,89593.9711148,89597.0729144,3102.302500003134
1,223,completed,89594.0047953,89594.0054894,89597.0901817,3085.3863999946043
3,223,completed,89594.0047593,89594.005415,89597.1062249,3101.4655999897514
2,224,completed,89594.032633,89594.033135,89597.1230695,3090.436500002397
5,224,completed,89594.0347553,89594.0353482,89597.1392056,3104.45030000119
2,225,completed,89594.0741858,89594.074852,89597.1554006,3081.2147999968147
5,225,completed,89594.074182,89594.0749147,89597.1716794,3097.4973999982467
0,226,completed,89594.1021267,89594.1032047,89597.1878886,3085.761900001671
3,226,completed,89594.1020132,89594.1031367,89597.2045215,3102.50829999859
4,227,completed,89594.1367981,89594.1379459,89597.2204608,3083.6627000098815
1,227,completed,89594.1368785,89594.1379998,89597.2368146,3099.936099999468
4,228,completed,89594.1645742,89594.1652016,89597.2526807,3088.1064999994123
0,228,completed,89594.1805153,89594.1813174,89597.2690247,3088.5093999968376
5,228,completed,89594.1806312,89594.1814866,89597.2854869,3104.8557000030996
1,229,completed,89594.2061925,89594.2066202,89597.3016212,3095.4286999913165
3,230,completed,89594.2341815,89594.235301,89597.3176281,3083.446600008756
2,230,completed,89594.2343355,89594.2353896,89597.3333539,3099.0183999965666
2,231,completed,89594.2755426,89594.2761304,89597.3491267,3073.5841000132496
1,231,completed,89594.2757417,89594.2763353,89597.3650043,3089.2625999986194
4,231,completed,89594.2782175,89594.2786713,89597.3810455,3102.8280000027735
3,232,completed,89594.3102789,89594.311155,89597.3969518,3086.672899997211
5,232,completed,89594.3104318,89594.3113731,89597.4128284,3102.396600006614
0,233,completed,89594.3380441,89594.3385515,89597.4291707,3091.126599989366
4,233,completed,89594.3427214,89594.3431243,89597.4452462,3102.5248000078136
3,234,completed,89594.365932,89594.3664087,89597.4612323,3095.300300003146
2,235,completed,89594.4009693,89594.4019877,89597.4774574,3076.488100006827
1,235,completed,89594.4008461,89594.4019697,89597.4933635,3092.517400000361
0,235,completed,89594.4074131,89594.4081138,89597.5092185,3101.805400001467
5,236,completed,89594.4350764,89594.4357639,89597.5254385,3090.3621000034036
0,236,completed,89594.4396512,89594.440248,89597.5413472,3101.695999997901
2,237,completed,89594.4701092,89594.4705608,89597.5573721,3087.2628999932203
3,237,completed,89594.4721271,89594.4726443,89597.5734519,3101.3247999944724
4,238,completed,89594.5116634,89594.5123208,89597.5901306,3078.467200000887
5,238,completed,89594.511702,89594.5123533,89597.6058382,3094.1362000012305
1,239,completed,89594.5324375,89594.532872,89597.6222804,3089.8428999935277
0,239,completed,89594.5366986,89594.537715,89597.638184,3101.485399994999
1,240,completed,89594.5675363,89594.5681193,89597.6544694,3086.9330999994418
2,240,completed,89594.5688962,89594.5693315,89597.6707467,3101.850499995635
4,241,completed,89594.6021797,89594.6028715,89597.6869636,3084.7839000052772
3,241,completed,89594.6021931,89594.6029486,89597.7027814,3100.5883000034373
5,242,completed,89594.6367061,89594.6378899,89597.7193617,3082.6555999956327
2,242,completed,89594.6368038,89594.6380393,89597.7359523,3099.148500012234
0,243,completed,89594.6714065,89594.6719927,89597.7518619,3080.4554000060307
3,243,completed,89594.6714621,89594.6721462,89597.7676473,3096.1852000036743
5,244,completed,89594.6990605,89594.6996631,89597.783531,3084.470499990857
1,244,completed,89594.6991179,89594.6998366,89597.8003396,3101.2216999952216
4,245,completed,89594.7340253,89594.7345084,89597.8166822,3082.6569000055315
4,246,completed,89594.7756534,89594.7765221,89597.8336612,3058.0078000057256
1,246,completed,89594.7756918,89594.7767011,89597.8496987,3074.006900002132
3,246,completed,89594.7756666,89594.7766691,89597.8662974,3090.630799997598
2,246,completed,89594.778818,89594.7793767,89597.8824671,3103.6490999977104
0,247,completed,89594.8035257,89594.8042472,89597.8987023,3095.1765999925556
5,248,completed,89594.8381066,89594.8388071,89597.9147689,3076.6622999944957
1,248,completed,89594.838329,89594.8390612,89597.9306887,3092.3596999928122
4,248,completed,89594.843117,89594.8438891,89597.9465768,3103.4597999969264
0,249,completed,89594.8727413,89594.873147,89597.9625644,3089.823100002832
3,249,completed,89594.876374,89594.87694,89597.9786679,3102.293899995857
2,250,completed,89594.9007075,89594.9016821,89597.9946709,3093.9634000096703
5,250,completed,89594.9085116,89594.9091308,89598.0108611,3102.349499997217
0,251,completed,89594.9356849,89594.9361113,89598.0270087,3091.3237999920966
3,251,completed,89594.9409123,89594.9415643,89598.0428345,3101.922200003173
1,252,completed,89594.9770056,89594.9776922,89598.0587413,3081.7357000050833
2,252,completed,89594.9769477,89594.9776782,89598.0749442,3097.9965000005905
5,253,completed,89595.0044403,89595.004899,89598.0905909,3086.150599992834
4,253,completed,89595.0053322,89595.0058916,89598.1067529,3101.4206999971066
2,254,completed,89595.039662,89595.0403274,89598.1231127,3083.4507000108715
4,254,completed,89595.0396337,89595.0404113,89598.1394335,3099.7997999947984
5,255,completed,89595.0671485,89595.0676001,89598.1556612,3088.5126999928616
0,255,completed,89595.0697144,89595.0701447,89598.172151,3102.4366000056034
1,256,completed,89595.1089518,89595.1096345,89598.1886827,3079.730900004506
3,256,completed,89595.1089072,89595.1096337,89598.2048603,3095.953099997132
0,257,completed,89595.1367212,89595.1374181,89598.2224965,3085.775300001842
3,257,completed,89595.1367159,89595.1374334,89598.2382983,3101.5824000060093
2,258,completed,89595.1716808,89595.1725231,89598.2542056,3082.524799989187
5,258,completed,89595.1715626,89595.1725476,89598.2709325,3099.3699000100605
1,259,completed,89595.1992657,89595.200009,89598.2872434,3087.977700008196
4,259,completed,89595.1993498,89595.2001229,89598.3031784,3103.828600011184
1,260,completed,89595.2339883,89595.234602,89598.320264,3086.2756999995327
5,260,completed,89595.2338772,89595.2346435,89598.336256,3102.378800002043
2,261,completed,89595.2687977,89595.2694662,89598.3527583,3083.9605999935884
0,261,completed,89595.2688292,89595.2695006,89598.3686761,3099.846900004195
3,262,completed,89595.3035103,89595.3044324,89598.3846142,3081.1038999963785
4,262,completed,89595.3035578,89595.3046911,89598.40046,3096.902200006298
4,263,completed,89595.3380974,89595.3394022,89598.4169442,3078.8467999955174
5,263,completed,89595.3381954,89595.3394916,89598.4326986,3094.50319998723
0,263,completed,89595.3438732,89595.3443892,89598.4491539,3105.280699994182
3,264,completed,89595.3660751,89595.3665015,89598.4653137,3099.238599999808
2,264,completed,89595.3764781,89595.3770523,89598.4810089,3104.5307999884244
1,265,completed,89595.4005546,89595.4013829,89598.4972862,3096.7316000023857
2,266,completed,89595.4353013,89595.4360774,89598.5137349,3078.4335999924224
5,266,completed,89595.4352715,89595.4361766,89598.5297567,3094.485199995688
1,266,completed,89595.4407518,89595.4412781,89598.5453921,3104.640300007304
0,267,completed,89595.4702198,89595.4708346,89598.5615204,3091.3006000046153
3,267,completed,89595.4728728,89595.4733958,89598.5775648,3104.69199999352
1,268,completed,89595.5050625,89595.5062198,89598.5933533,3088.2908000057796
4,268,completed,89595.5048335,89595.5062892,89598.6093252,3104.491699996288
0,269,completed,89595.5325814,89595.5334108,89598.6251793,3092.597900002147
4,269,completed,89595.5378889,89595.5385211,89598.6411271,3103.238199997577
5,270,completed,89595.5738435,89595.5746558,89598.6574169,3083.5733999992954
3,270,completed,89595.5740574,89595.5747613,89598.6733285,3099.2710999998963
3,271,completed,89595.6020377,89595.6025279,89598.6892009,3087.163200005307
2,271,completed,89595.602661,89595.603335,89598.706047,3103.3860000025015
1,272,completed,89595.6368024,89595.6374355,89598.7226795,3085.877100005746
5,272,completed,89595.6368152,89595.6374917,89598.7387904,3101.9751999992877
4,273,completed,89595.6782976,89595.67922,89598.7550368,3076.7391999979736
2,273,completed,89595.6784349,89595.6792621,89598.7714566,3093.021700013196
0,273,completed,89595.6842373,89595.6846589,89598.7875098,3103.2724999968195
3,274,completed,89595.7007451,89595.7013862,89598.8033337,3102.588599998853
0,275,completed,89595.7340933,89595.7347535,89598.8200791,3085.985800003982
1,275,completed,89595.734119,89595.7347766,89598.8360503,3101.9312999997055
4,276,completed,89595.7686813,89595.7693114,89598.8518873,3083.205999995698
2,276,completed,89595.7686924,89595.7693249,89598.8681239,3099.4314999989
5,277,completed,89595.8031218,89595.8043561,89598.8842563,3081.1345000111032
2,277,completed,89595.8034927,89595.8045346,89598.9000151,3096.5223999955924
5,278,completed,89595.8310793,89595.831488,89598.9166083,3085.5290000035893
4,278,completed,89595.8453163,89595.8468394,89598.9327163,3087.4000000039814
3,278,completed,89595.8452881,89595.8468425,89598.9485606,3103.2724999968195
1,279,completed,89595.8657551,89595.8662141,89598.9656111,3099.8559999861754
1,280,completed,89595.9007076,89595.9013424,89598.9815108,3080.803200005903
0,280,completed,89595.9008134,89595.9014557,89598.9972271,3096.413699997356
0,281,completed,89595.9355306,89595.9366244,89599.0131997,3077.6690999919083
5,281,completed,89595.9355796,89595.9366614,89599.0290439,3093.4642999927746
2,282,completed,89595.9700922,89595.9709142,89599.0453338,3075.241599988658
3,282,completed,89595.9702004,89595.9709889,89599.0617873,3091.5869000018574
4,282,completed,89595.9757717,89595.9767053,89599.0777583,3101.9865999987815
5,283,completed,89596.0048941,89596.0052815,89599.0937458,3088.851699998486
4,283,completed,89596.008345,89596.0088528,89599.1097542,3101.4092000114033
1,284,completed,89596.0325478,89596.0333981,89599.1256169,3093.0690999957733
2,285,completed,89596.0672679,89596.0680442,89599.1417431,3074.47520000278
3,285,completed,89596.0672157,89596.0680175,89599.1578491,3090.6334000028437
0,285,completed,89596.072707,89596.0737508,89599.174273,3101.565999997547
5,286,completed,89596.1020656,89596.1024767,89599.1903464,3088.2808000023942
4,286,completed,89596.105601,89596.1066753,89599.2064547,3100.8537000016076
3,287,completed,89596.1436792,89596.1448371,89599.223011,3079.33179999236
2,287,completed,89596.1437246,89596.1448929,89599.2388481,3095.1234999956796
1,288,completed,89596.1715081,89596.1723387,89599.2554105,3083.9024000015343
0,288,completed,89596.1717757,89596.1725572,89599.2711975,3099.421799997799
0,289,completed,89596.1992953,89596.2000375,89599.2873668,3088.0714999948395
1,289,completed,89596.2046613,89596.2051795,89599.3036362,3098.97490000003
3,290,completed,89596.2341223,89596.2349011,89599.3198372,3085.714900007588
4,290,completed,89596.2366352,89596.2371841,89599.335858,3099.222800010466
5,291,completed,89596.2688668,89596.2699312,89599.3517633,3082.896499996423
2,291,completed,89596.2689437,89596.269988,89599.368204,3099.260300004971
2,292,completed,89596.3019039,89596.3033583,89599.3844159,3082.511999993585
4,292,completed,89596.3101763,89596.3106807,89599.4013231,3091.1467999976594
3,293,completed,89596.3381097,89596.3385914,89599.4174633,3079.353599998285
5,293,completed,89596.3380718,89596.3389648,89599.4333045,3095.232699997723
1,294,completed,89596.3658133,89596.3663198,89599.449491,3083.6777000076836
0,294,completed,89596.3668056,89596.3675231,89599.4655437,3098.7381000013556
2,295,completed,89596.4006508,89596.4015229,89599.4815391,3080.88829999906
5,295,completed,89596.4006705,89596.4015658,89599.4972235,3096.5529999957653
4,296,completed,89596.4353904,89596.436459,89599.5136391,3078.2486999960383
1,296,completed,89596.4354215,89596.4364709,89599.5293963,3093.974799994612
0,297,completed,89596.469958,89596.4706004,89599.5455694,3075.611399995978
3,297,completed,89596.4700802,89596.4707568,89599.5616229,3091.542699999991
3,298,completed,89596.5048664,89596.505896,89599.5775992,3072.7327999920817
1,298,completed,89596.5048808,89596.5059299,89599.5935721,3088.691299999482
2,298,completed,89596.5109208,89596.5115417,89599.6097216,3098.800799998571
0,299,completed,89596.532621,89596.5330392,89599.6256893,3093.0682999896817
4,300,completed,89596.5672214,89596.5679727,89599.641734,3074.512600011076
2,300,completed,89596.5672337,89596.5679772,89599.6582847,3091.0509999957867
5,301,completed,89596.6019266,89596.602623,89599.6741826,3072.256000014022
1,301,completed,89596.6019385,89596.602669,89599.6900706,3088.1321000051685
0,301,completed,89596.6071368,89596.6077268,89599.7059868,3098.8500000094064
5,302,completed,89596.636591,89596.6370863,89599.722019,3085.427999991225
4,302,completed,89596.6391177,89596.6397051,89599.738372,3099.25430000294
2,303,completed,89596.6715381,89596.6722439,89599.7550401,3083.5020000085933
3,303,completed,89596.6715106,89596.672342,89599.7715005,3099.989900001674
5,304,completed,89596.6992329,89596.6996793,89599.7875412,3088.308299993514
0,304,completed,89596.7036308,89596.7041532,89599.8037669,3100.1361000089673
3,305,completed,89596.734189,89596.7347214,89599.8201156,3085.9266000043135
1,305,completed,89596.7361239,89596.7366833,89599.8361117,3099.9878000002354
3,306,completed,89596.7755257,89596.7761057,89599.8518492,3076.3235000049463
4,306,completed,89596.7756752,89596.7762894,89599.8681805,3092.505299995537
4,307,completed,89596.8034244,89596.804098,89599.8843702,3080.945800000336
1,307,completed,89596.8034634,89596.8041506,89599.9004174,3096.953999993275
0,308,completed,89596.8381444,89596.8393237,89599.9173941,3079.2497000074945
5,308,completed,89596.8382617,89596.8393919,89599.9332664,3095.0046999932965
4,309,completed,89596.8658329,89596.8664788,89599.9497358,3083.9028999907896
2,309,completed,89596.8657985,89596.8664479,89599.9658165,3100.0179999973625
2,310,completed,89596.9005962,89596.9015658,89599.9819255,3081.329300010111
5,310,completed,89596.9006826,89596.901642,89599.9980976,3097.414999996545
3,311,completed,89596.9353891,89596.9360958,89600.0143592,3078.97009998851
1,311,completed,89596.9354287,89596.9361522,89600.0304494,3095.020699998713
0,312,completed,89596.9700593,89596.9706798,89600.0467337,3076.6743999993196
0,313,completed,89597.0048792,89597.0061453,89600.0626698,3057.790599996224
1,313,completed,89597.0049586,89597.0064161,89600.0786279,3073.669300007168
4,313,completed,89597.0050094,89597.0064095,89600.0947544,3089.7449999902165
2,313,completed,89597.0095777,89597.0101461,89600.1108707,3101.292999999714
5,314,completed,89597.0325229,89597.0333847,89600.1266215,3094.098600005964
3,315,completed,89597.0673332,89597.0686373,89600.1423763,3075.043100005132
0,315,completed,89597.0674507,89597.0686899,89600.1587691,3091.318400009186
4,315,completed,89597.0732457,89597.0747135,89600.1748626,3101.616900006775
1,316,completed,89597.1020445,89597.1024777,89600.1907527,3088.7081999971997
3,316,completed,89597.106487,89597.107678,89600.206953,3100.4660000035074
2,317,completed,89597.1367932,89597.1375464,89600.2230709,3086.2777000002097
5,317,completed,89597.1393984,89597.1399558,89600.2399063,3100.5079000024125
5,318,completed,89597.1784603,89597.1792808,89600.2559913,3077.5310000026366
2,318,completed,89597.1784942,89597.1793359,89600.2720654,3093.5712000064086
0,319,completed,89597.1992341,89597.1996638,89600.2880828,3088.848700004746
3,319,completed,89597.2047473,89597.2053056,89600.3041126,3099.3653000041377
4,320,completed,89597.2339297,89597.2344672,89600.3204099,3086.4801999996416
1,320,completed,89597.2370935,89597.2376339,89600.3366183,3099.5247999962885
4,321,completed,89597.2687502,89597.269641,89600.3532083,3084.458099998301
0,321,completed,89597.2695071,89597.2703482,89600.3694647,3099.9575999885565
5,322,completed,89597.3033025,89597.3038951,89600.3859058,3082.6032999902964
1,322,completed,89597.3034208,89597.3040419,89600.4020786,3098.6578000010923
2,323,completed,89597.3449601,89597.3460447,89600.4182716,3073.3115000039106
3,323,completed,89597.345053,89597.3461515,89600.4343535,3089.3004999961704
2,324,completed,89597.3660405,89597.3666877,89600.4508927,3084.852200001478
1,324,completed,89597.3660389,89597.366697,89600.4669323,3100.893399998313
4,325,completed,89597.4073066,89597.4080787,89600.4833214,3076.0147999972105
3,325,completed,89597.4072919,89597.4080675,89600.5001037,3092.8118000010727
5,325,completed,89597.4131028,89597.413668,89600.5159027,3102.799900007085
0,326,completed,89597.4354129,89597.4362366,89600.5319081,3096.495200006757
4,327,completed,89597.4701021,89597.471388,89600.5478745,3077.772400007234
3,327,completed,89597.4701448,89597.4714125,89600.5636146,3093.4698000055505
1,328,completed,89597.5047554,89597.5054426,89600.5797516,3074.9961999972584
2,328,completed,89597.5048485,89597.5055097,89600.5962858,3091.4372999977786
0,328,completed,89597.5094594,89597.5100137,89600.6124039,3102.944500002195
5,329,completed,89597.5326919,89597.5331027,89600.6281586,3095.466699989629
2,330,completed,89597.5673847,89597.5679902,89600.6445079,3077.123199997004
0,330,completed,89597.5674228,89597.5681114,89600.6604015,3092.978700005915
3,330,completed,89597.5737854,89597.574606,89600.6767315,3102.9460999998264
4,331,completed,89597.6022057,89597.602868,89600.6940398,3091.834100006963
5,331,completed,89597.6061032,89597.6067576,89600.7100577,3103.9544999948703
1,332,completed,89597.6367396,89597.6371875,89600.7261186,3089.3789999972796
0,332,completed,89597.6384017,89597.638969,89600.7431103,3104.708600003505
1,333,completed,89597.671529,89597.6722681,89600.7591738,3087.6448000053642
2,333,completed,89597.6715783,89597.6723244,89600.7749472,3103.368900003261
4,334,completed,89597.7061383,89597.7067466,89600.7914389,3085.300600010669
3,334,completed,89597.7062525,89597.7068954,89600.8073256,3101.073100013309
5,335,completed,89597.7340391,89597.7348009,89600.8236012,3089.5620999945095
2,335,completed,89597.7361773,89597.7367159,89600.8394237,3103.246400001808
3,336,completed,89597.7687886,89597.7693414,89600.8554257,3086.6371000010986
0,336,completed,89597.7688295,89597.7694316,89600.8713847,3102.5552000064636
5,337,completed,89597.8103049,89597.8109219,89600.8876567,3077.3517999914475
1,337,completed,89597.8103453,89597.8109782,89600.9034406,3093.095300006098
4,337,completed,89597.8169027,89597.8181553,89600.9195845,3102.681800010032
4,338,completed,89597.8381154,89597.8388721,89600.9355313,3097.415900003398
1,339,completed,89597.8660833,89597.8665483,89600.9514482,3085.3648999909637
3,339,completed,89597.8666235,89597.8672107,89600.9675263,3100.9027999971295
0,340,completed,89597.9005707,89597.9011836,89600.9832233,3082.652600001893
2,340,completed,89597.9006209,89597.9012233,89600.9992125,3098.591599991778
1,341,completed,89597.935352,89597.9364371,89601.0153333,3079.9813000048744
5,341,completed,89597.9355244,89597.9365424,89601.0312278,3095.703400002094
0,342,completed,89597.9700689,89597.9708895,89601.0473861,3077.3172000044724
4,342,completed,89597.9702211,89597.970993,89601.0634657,3093.2446000078926
3,343,completed,89598.0047287,89598.0054697,89601.0792757,3074.546999996528
2,343,completed,89598.0047479,89598.0054657,89601.0957884,3091.040499988594
5,343,completed,89598.0110885,89598.0117309,89601.1116446,3100.5560999910813
0,344,completed,89598.0324873,89598.0328982,89601.1275973,3095.1099999947473
3,345,completed,89598.0673482,89598.068167,89601.1435737,3076.2255000008736
1,345,completed,89598.0674692,89598.0682142,89601.1595275,3092.0582999970065
5,346,completed,89598.1021149,89598.1030675,89601.1752208,3073.1058999954257
2,346,completed,89598.102193,89598.1031273,89601.1914856,3089.2925999942236
4,346,completed,89598.1069779,89598.1075379,89601.2073599,3100.382000004174
2,347,completed,89598.1365466,89598.1369455,89601.2233568,3086.810199994943
4,347,completed,89598.1396369,89598.1401346,89601.2392125,3099.575600004755
5,348,completed,89598.1713585,89598.1718153,89601.2561321,3084.7735999996075
0,348,completed,89598.1724273,89598.1731096,89601.272144,3099.7167000023182
1,349,completed,89598.1991681,89598.1995922,89601.2885692,3089.401099990937
3,349,completed,89598.2051512,89598.2059921,89601.3045501,3099.39889999805
0,350,completed,89598.2340472,89598.2349204,89601.3205616,3086.514399998123
3,350,completed,89598.2385376,89598.2391378,89601.3365112,3097.9736000008415
2,351,completed,89598.2688909,89598.2698487,89601.3526874,3083.7964999955148
5,351,completed,89598.2711656,89598.2716717,89601.3689084,3097.742800004198
4,352,completed,89598.3036091,89598.3048067,89601.3851667,3081.55760000227
1,352,completed,89598.3033629,89598.304823,89601.401805,3098.4421000030125
1,353,completed,89598.3311432,89598.3320532,89601.4179164,3086.7731999896932
5,353,completed,89598.338092,89598.338863,89601.434282,3096.189999996568
2,354,completed,89598.3658887,89598.3663278,89601.4506335,3084.744799998589
0,354,completed,89598.3689573,89598.3695047,89601.4665082,3097.5508999981685
3,355,completed,89598.4005933,89598.4016667,89601.4827025,3082.1091999969212
4,355,completed,89598.4007579,89598.4017537,89601.4994745,3098.716599997715
4,356,completed,89598.4424354,89598.4433176,89601.5155485,3073.1131000065943
5,356,completed,89598.442615,89598.4434255,89601.5317019,3089.086899999529
0,357,completed,89598.4701792,89598.4713958,89601.5482413,3078.0621000012616
3,357,completed,89598.470248,89598.4714872,89601.5643838,3094.1357999981847
1,358,completed,89598.5048254,89598.5057962,89601.5801034,3075.278000003891
2,358,completed,89598.5049155,89598.5058151,89601.5962668,3091.3512999977684
5,359,completed,89598.5323826,89598.5330247,89601.6123555,3079.9728999991203
2,359,completed,89598.5324636,89598.5331161,89601.6281979,3095.734300004551
1,359,completed,89598.5456327,89598.5462823,89601.6440476,3098.414899999625
0,360,completed,89598.5674656,89598.5682091,89601.6598306,3092.3649999895133
1,361,completed,89598.6019544,89598.6025825,89601.6757955,3073.841100005666
3,361,completed,89598.6020197,89598.6026905,89601.6916551,3089.635399999679
4,362,completed,89598.6368384,89598.6379211,89601.7079291,3071.0907000029692
0,362,completed,89598.6368081,89598.6379378,89601.7236455,3086.8373999983305
4,363,completed,89598.6716096,89598.6724236,89601.7395585,3067.9489000031026
5,363,completed,89598.6716101,89598.6724369,89601.7566743,3085.064200000488
3,363,completed,89598.6735219,89598.6741036,89601.7725593,3099.0374000102747
3,364,completed,89598.6993078,89598.7000526,89601.7885965,3089.288700008183
1,365,completed,89598.7338523,89598.7343724,89601.8050722,3071.2198999972316
2,365,completed,89598.734028,89598.7345852,89601.8219009,3087.8728999960003
5,365,completed,89598.738999,89598.7395546,89601.8378856,3098.8866000116104
4,366,completed,89598.7686379,89598.7690722,89601.8549771,3086.33920000284
2,366,completed,89598.7716592,89598.7721773,89601.871128,3099.4687999918824
0,367,completed,89598.8035354,89598.8044177,89601.8873836,3083.8481999962823
3,367,completed,89598.8044563,89598.8048769,89601.9032854,3098.8290999957826
0,368,completed,89598.83106,89598.8314597,89601.9192235,3088.163499996881
1,368,completed,89598.8380715,89598.8384348,89601.9357179,3097.6464000123087
4,369,completed,89598.8657823,89598.866237,89601.951822,3086.0397000069497
2,369,completed,89598.86838,89598.8688983,89601.9677223,3099.3423000036273
2,370,completed,89598.907643,89598.9085477,89601.9837521,3076.1091000022134
5,370,completed,89598.9076479,89598.9085937,89602.0001061,3092.4581999861402
4,371,completed,89598.9352127,89598.9358856,89602.0161647,3080.95200000389
5,371,completed,89598.9352451,89598.9359367,89602.0319686,3096.723499998916
3,371,completed,89598.9488099,89598.9499261,89602.0483912,3099.581300004502
1,372,completed,89598.970012,89598.9704252,89602.0643498,3094.3377999938093
0,373,completed,89599.0062551,89599.006901,89602.0803028,3074.0476999926614
1,373,completed,89599.0062963,89599.0069425,89602.096463,3090.166699999827
0,374,completed,89599.0324301,89599.0329924,89602.1125327,3080.1026000117417
5,374,completed,89599.0325188,89599.0331635,89602.1283006,3095.7818000024417
2,375,completed,89599.0673944,89599.0680881,89602.1444877,3077.0933000021614
3,375,completed,89599.0674853,89599.0681843,89602.1604546,3092.9693000070984
4,376,completed,89599.1019024,89599.102588,89602.1762802,3074.377800003276
5,376,completed,89599.1019389,89599.102622,89602.1922082,3090.2692999952706
1,377,completed,89599.1367079,89599.1374026,89602.2084925,3071.784599989769
4,377,completed,89599.1368127,89599.1374864,89602.2243092,3087.4964999966323
2,377,completed,89599.1420117,89599.1425472,89602.240256,3098.244300010265
0,378,completed,89599.1783416,89599.1794362,89602.2575992,3079.2576000094414
3,378,completed,89599.1783373,89599.1794077,89602.2735306,3095.1932999887504
5,379,completed,89599.199352,89599.2002544,89602.2898037,3090.451700001722
3,380,completed,89599.2338785,89599.2345966,89602.305697,3071.818500000518
4,380,completed,89599.2339157,89599.2346275,89602.3217531,3087.837400002172
2,380,completed,89599.2390888,89599.2398326,89602.3379358,3098.847000001115
1,381,completed,89599.2686253,89599.2694721,89602.3547526,3086.1273000045912
0,381,completed,89599.2714222,89599.2719517,89602.3704494,3099.0271999908146
0,382,completed,89599.3033674,89599.3038575,89602.3865729,3083.205499991891
1,382,completed,89599.3039578,89599.3045579,89602.4024987,3098.540899998625
4,383,completed,89599.3379509,89599.3386134,89602.4184566,3080.50570001069
3,383,completed,89599.3380147,89599.3386632,89602.4346313,3096.616599999834
5,384,completed,89599.3658589,89599.3662626,89602.4514064,3085.5474999989383
2,384,completed,89599.3684004,89599.3689727,89602.4675,3099.099600003683
2,385,completed,89599.4005207,89599.401034,89602.4836352,3083.114499997464
4,385,completed,89599.401539,89599.4021387,89602.4997782,3098.2392000005348
3,386,completed,89599.4353582,89599.4359964,89602.5159521,3080.593899998348
5,386,completed,89599.4354109,89599.4360479,89602.531939,3096.5280999953393
0,387,completed,89599.4699886,89599.4711068,89602.5481374,3078.14879999205
1,387,completed,89599.4700721,89599.4712495,89602.5641642,3094.0921000001254
2,388,completed,89599.50472,89599.5054499,89602.5801835,3075.463500004844
5,388,completed,89599.5047862,89599.5055102,89602.596834,3092.047799989814
1,389,completed,89599.5325045,89599.5331968,89602.6128635,3080.3589999995893
4,389,completed,89599.5324829,89599.5331824,89602.629134,3096.6511000005994
3,390,completed,89599.5672564,89599.5679075,89602.6450613,3077.8049000073224
0,390,completed,89599.5672786,89599.5679413,89602.6608398,3093.5611999884713
3,391,completed,89599.6020706,89599.6030199,89602.6765374,3074.466799997026
1,391,completed,89599.6020841,89599.60306,89602.6924566,3090.372499995283
2,392,completed,89599.6366506,89599.6373458,89602.7084815,3071.830899993074
0,392,completed,89599.6366611,89599.6373791,89602.7245511,3087.889999995241
4,392,completed,89599.6420868,89599.642865,89602.7411217,3099.0349000057904
2,393,completed,89599.6712249,89599.6716381,89602.7578104,3086.5855000010924
5,393,completed,89599.6744058,89599.6749271,89602.7739628,3099.5569999940926
1,394,completed,89599.6992806,89599.6999404,89602.7903182,3091.037599995616
0,395,completed,89599.7338537,89599.7345448,89602.8062276,3072.373899995
5,395,completed,89599.7338908,89599.7345668,89602.8226267,3088.7359000043944
4,395,completed,89599.7386714,89599.739796,89602.8388096,3100.138199995854
2,396,completed,89599.7685969,89599.7690267,89602.8547574,3086.160499995458
3,396,completed,89599.7717096,89599.772255,89602.8708598,3099.1501999960747
5,397,completed,89599.8034609,89599.8038819,89602.8874388,3083.977899994352
0,397,completed,89599.80403,89599.8046312,89602.9035599,3099.5299000060186
1,398,completed,89599.8380599,89599.8387125,89602.9198629,3081.8030000082217
3,398,completed,89599.8381184,89599.8387704,89602.9359006,3097.782199998619
3,399,completed,89599.8659138,89599.866354,89602.9520735,3086.1597000039183
4,399,completed,89599.868397,89599.8688153,89602.9682293,3099.832299994887
4,400,completed,89599.9006511,89599.9021211,89602.9842094,3083.558300000732
1,400,completed,89599.9007207,89599.9022174,89603.0005681,3099.8474000080023
5,401,completed,89599.9353272,89599.9360543,89603.0164375,3081.1103000014555
0,401,completed,89599.9353713,89599.9360614,89603.0331717,3097.8003999916837
2,402,completed,89599.9699066,89599.9705615,89603.0492754,3079.36879999761
4,402,completed,89599.9699522,89599.9706148,89603.0652436,3095.2913999935845
5,403,completed,89600.0047636,89600.0062402,89603.0814061,3076.6425000038
2,403,completed,89600.0049499,89600.0063328,89603.0974691,3092.519199999515
3,404,completed,89600.0324598,89600.0331235,89603.1136174,3081.157599997823
1,404,completed,89600.0325243,89600.0331813,89603.129445,3096.9207000016468
0,405,completed,89600.0674426,89600.068269,89603.1455486,3078.106000000844
1,406,completed,89600.1020295,89600.103698,89603.1612983,3059.2687999887858
0,406,completed,89600.1021941,89600.1038091,89603.1774608,3075.266699990607
4,406,completed,89600.1021228,89600.1037783,89603.1935771,3091.4542999962578
2,407,completed,89600.1366327,89600.1372756,89603.2094733,3072.840599998017
5,407,completed,89600.1367648,89600.1373813,89603.2254748,3088.709999996354
3,407,completed,89600.1426517,89600.1432273,89603.2417316,3099.0798999991966
0,408,completed,89600.1714408,89600.1719826,89603.2582368,3086.7960000032326
4,408,completed,89600.1750768,89600.1755886,89603.2739663,3098.8894999900367
1,409,completed,89600.1991897,89600.1996351,89603.2906907,3091.5010000026086
3,410,completed,89600.2340219,89600.2351334,89603.3065972,3072.575300000608
2,410,completed,89600.2340894,89600.2351715,89603.3226803,3088.5909000062384
5,410,completed,89600.2401258,89600.2408378,89603.3388481,3098.722299997462
5,411,completed,89600.2686192,89600.2691846,89603.3549009,3086.281700001564
2,411,completed,89600.2722687,89600.2728066,89603.3710827,3098.813999997219
0,412,completed,89600.3032601,89600.3037105,89603.3873956,3084.135500001139
3,412,completed,89600.30433,89600.3047547,89603.4033238,3098.993799998425
1,413,completed,89600.3386988,89600.3393448,89603.4190691,3080.3702999983216
4,413,completed,89600.338708,89600.3393455,89603.4355241,3096.816100005526
4,414,completed,89600.366206,89600.3668281,89603.451765,3085.5589999991935
0,414,completed,89600.3697316,89600.3705041,89603.467944,3098.212400000193
5,415,completed,89600.400892,89600.4014761,89603.4844394,3083.5473999904934
1,415,completed,89600.402308,89600.4029031,89603.5003444,3098.0363999988185
3,416,completed,89600.435522,89600.4363013,89603.5162163,3080.6943000061437
2,416,completed,89600.4355186,89600.4363376,89603.5323672,3096.8485999910627
2,417,completed,89600.4699496,89600.470622,89603.5493296,3079.380000010133
1,417,completed,89600.4699781,89600.4707239,89603.5651713,3095.193200002541
4,418,completed,89600.5047898,89600.5054528,89603.5813132,3076.5233999991324
3,418,completed,89600.5047503,89600.5054301,89603.5973029,3092.5526000064565
0,419,completed,89600.5395803,89600.5405937,89603.6131304,3073.5501000017393
5,419,completed,89600.5396043,89600.5406486,89603.6291164,3089.5121000066865
4,420,completed,89600.567135,89600.5681803,89603.6450352,3077.900199990836
3,420,completed,89600.5672419,89600.5684033,89603.6609087,3093.6667999922065
1,421,completed,89600.6035765,89600.604216,89603.676996,3073.4194999968167
2,421,completed,89600.6036169,89600.6042555,89603.6930603,3089.443399992888
0,422,completed,89600.6366415,89600.6372819,89603.7093422,3072.700700009591
5,422,completed,89600.6368126,89600.6374317,89603.725065,3088.2524000044214
0,423,completed,89600.6714851,89600.672142,89603.7410576,3069.572499996866
2,423,completed,89600.6714952,89600.6721717,89603.7570532,3085.557999991579
3,423,completed,89600.6770475,89600.6779622,89603.7739265,3096.8790000042645
4,424,completed,89600.6992326,89600.6996863,89603.7901366,3090.9039999969536
1,425,completed,89600.7340501,89600.735037,89603.8061276,3072.077499993611
5,425,completed,89600.7340977,89600.735092,89603.8219749,3087.877199999639
0,426,completed,89600.7686855,89600.7695382,89603.8377839,3069.0983999957098
1,426,completed,89600.7686709,89600.7695175,89603.8542649,3085.5940000037663
2,426,completed,89600.7752226,89600.7758347,89603.8703932,3095.1706000050763
4,427,completed,89600.8033697,89600.8037714,89603.8865653,3083.195599989267
3,427,completed,89600.8075463,89600.8081368,89603.902729,3095.1826999953482
5,428,completed,89600.8380396,89600.8384901,89603.9186609,3080.6213000032585
2,428,completed,89600.839647,89600.8402756,89603.9351671,3095.520100003341
3,429,completed,89600.8658907,89600.8662974,89603.9518574,3085.9666999895126
0,429,completed,89600.8716564,89600.8723363,89603.9680395,3096.3830999971833
5,430,completed,89600.9005637,89600.9011815,89603.9841523,3083.5886000131723
1,430,completed,89600.9036451,89600.9041759,89604.0002987,3096.6536000050837
4,431,completed,89600.9352047,89600.9357916,89604.0163617,3081.1570000078063
1,432,completed,89600.9699951,89600.970769,89604.0323796,3062.384500008193
4,432,completed,89600.970036,89600.971063,89604.0489737,3078.937700003735
3,432,completed,89600.9700322,89600.9710571,89604.0651053,3095.073100004811
0,433,completed,89601.0045592,89601.0052958,89604.0813597,3076.800499999081
2,433,completed,89601.0046382,89601.0052742,89604.0978626,3093.224399999599
5,434,completed,89601.0325001,89601.0335533,89604.1139648,3081.4646999933757
1,434,completed,89601.0326184,89601.0336728,89604.1299769,3097.3585000028834
0,435,completed,89601.0670941,89601.0676863,89604.1456582,3078.5640999965835
4,435,completed,89601.0672026,89601.0678068,89604.1618606,3094.6580000018002
3,436,completed,89601.1070262,89601.1076607,89604.1777354,3070.709199993871
2,436,completed,89601.1070574,89601.1077058,89604.1940038,3086.946399998851
5,436,completed,89601.1118932,89601.112455,89604.209896,3098.002800004906
0,437,completed,89601.1368911,89601.1376221,89604.2260169,3089.1257999901427
3,438,completed,89601.1712771,89601.171889,89604.242125,3070.8479000022635
1,438,completed,89601.1713485,89601.1719717,89604.2582048,3086.856300011277
5,438,completed,89601.1754773,89601.1760652,89604.2746481,3099.170800007414
2,439,completed,89601.1991947,89601.1996528,89604.2908924,3091.6976999869803
4,440,completed,89601.2337689,89601.2343353,89604.3069237,3073.1548000039766
2,440,completed,89601.2339242,89601.2344993,89604.322929,3089.0048000001116
5,441,completed,89601.2686427,89601.2693323,89604.3391873,3070.5445999919903
4,441,completed,89601.2687487,89601.2694504,89604.355495,3086.746300003142
0,441,completed,89601.2723712,89601.272895,89604.3716789,3099.3077000021003
1,442,completed,89601.3031786,89601.3036129,89604.3879298,3084.751199989114
3,442,completed,89601.3047565,89601.3053729,89604.4041897,3099.433199997293
3,443,completed,89601.3367818,89601.3373375,89604.4202885,3083.5067000007257
0,443,completed,89601.3380467,89601.3384196,89604.4364981,3098.4514000010677
2,444,completed,89601.3660781,89601.3665793,89604.4525493,3086.471199989319
5,444,completed,89601.3691265,89601.3695575,89604.4684915,3099.3650000018533
4,445,completed,89601.4005345,89601.4009973,89604.4845369,3084.002399991732
1,445,completed,89601.4020613,89601.402612,89604.500605,3098.5436999908416
5,446,completed,89601.4354208,89601.4361104,89604.5166202,3081.199399995967
1,446,completed,89601.4354782,89601.4361457,89604.5327549,3097.27670000575
2,447,completed,89601.4768994,89601.4774721,89604.5489214,3072.0219999930123
0,447,completed,89601.4770065,89601.477673,89604.5650422,3088.035699998727
3,447,completed,89601.4829407,89601.48355,89604.5813011,3098.360399992089
4,448,completed,89601.5048288,89601.5056704,89604.5974381,3092.609300001641
4,449,completed,89601.5325855,89601.5332728,89604.6135181,3080.932600001688
5,449,completed,89601.5327076,89601.5333479,89604.629564,3096.8564000068
0,450,completed,89601.5671293,89601.5677907,89604.6456398,3078.5104999959003
3,450,completed,89601.5670987,89601.5677902,89604.661798,3094.6992999961367
1,450,completed,89601.5803686,89601.5810175,89604.677755,3097.386399997049
2,451,completed,89601.6019905,89601.6024834,89604.6940409,3092.0503999950597
5,452,completed,89601.6366536,89601.6372749,89604.7099189,3073.265300001367
2,452,completed,89601.6366198,89601.6373263,89604.726061,3089.441199990688
1,453,completed,89601.6713533,89601.6725226,89604.7421629,3070.8096000016667
0,453,completed,89601.6714303,89601.6725845,89604.7580516,3086.621299997205
3,454,completed,89601.6990498,89601.6997856,89604.7740264,3074.9766000080854
1,454,completed,89601.6991178,89601.6999041,89604.7906814,3091.5635999990627
0,455,completed,89601.7340511,89601.7350636,89604.8068565,3072.805400006473
4,455,completed,89601.7340426,89601.7351097,89604.8232131,3089.1704999958165
5,456,completed,89601.7685628,89601.7694943,89604.8392915,3070.7286999968346
4,456,completed,89601.7686135,89601.7695249,89604.8558053,3087.1918000048026
3,456,completed,89601.7727531,89601.7735116,89604.8721654,3099.412299998221
3,457,completed,89601.8033313,89601.8039313,89604.8882227,3084.891399994376
1,457,completed,89601.8052896,89601.805875,89604.9040578,3098.7681999977212
2,458,completed,89601.8381262,89601.839478,89604.9203768,3082.250599996769
5,458,completed,89601.8382155,89601.839476,89604.9368897,3098.6741999950027
4,459,completed,89601.8658303,89601.8662232,89604.953134,3087.3036999983015
2,459,completed,89601.8713344,89601.8719316,89604.9694408,3098.106400007964
0,460,completed,89601.9004021,89601.901433,89604.9856514,3085.249299998395
3,460,completed,89601.9035391,89601.9041085,89605.0014564,3097.917299994151
0,461,completed,89601.9351748,89601.9356311,89605.0176143,3082.439499994507
1,461,completed,89601.9359429,89601.9365235,89605.0334589,3097.515999994357
2,462,completed,89601.9699265,89601.9705167,89605.0498083,3079.881800003932
4,462,completed,89601.9700227,89601.9706312,89605.0662291,3096.2064000050304
2,463,completed,89601.9977351,89601.9981733,89605.0832525,3085.5174000025727
5,463,completed,89602.0116435,89602.0121623,89605.0989445,3087.301000006846
4,464,completed,89602.0391483,89602.0398856,89605.1148476,3075.699299995904
5,464,completed,89602.0391942,89602.0398787,89605.1310536,3091.859399995883
1,465,completed,89602.0671421,89602.067765,89605.1472289,3080.086799993296
3,465,completed,89602.0671049,89602.0677398,89605.163415,3096.31010000885
1,466,completed,89602.1019494,89602.102597,89605.1796406,3077.6912000001175
0,466,completed,89602.1020359,89602.1026669,89605.1956925,3093.65660000185
5,467,completed,89602.1367598,89602.1378501,89605.211772,3075.012199988123
0,467,completed,89602.1368863,89602.1378856,89605.2276948,3090.808500011917
3,468,completed,89602.1713387,89602.1719564,89605.2437865,3072.4477999901865
2,468,completed,89602.1713662,89602.1719849,89605.2600581,3088.6919000040507
4,468,completed,89602.1764806,89602.1770533,89605.2764945,3100.013899995247
5,469,completed,89602.1992762,89602.1999832,89605.2929737,3093.697499993141
1,470,completed,89602.2338975,89602.2344705,89605.3086942,3074.796699991566
4,470,completed,89602.2338828,89602.234539,89605.3249664,3091.0835999966366
2,470,completed,89602.2405237,89602.241441,89605.3408338,3100.310099995113
0,471,completed,89602.2686609,89602.2690505,89605.3567967,3088.1358000042383
3,471,completed,89602.2737985,89602.2743343,89605.3727102,3098.9116999990074
5,472,completed,89602.3102748,89602.3109835,89605.3891427,3078.867900010664
3,472,completed,89602.3103067,89602.3110099,89605.4049729,3094.6661999914795
4,473,completed,89602.3381756,89602.339464,89605.4216488,3083.4731999930227
2,473,completed,89602.3383263,89602.3395969,89605.4376606,3099.334300000919
1,474,completed,89602.3728765,89602.3736297,89605.453568,3080.691499999375
0,474,completed,89602.3729209,89602.3737508,89605.4699881,3097.0671999966726
0,475,completed,89602.4006157,89602.4011971,89605.4861476,3085.5318999965675
1,475,completed,89602.4027193,89602.4033756,89605.5023534,3099.6341000136454
4,476,completed,89602.4353189,89602.4365497,89605.5183801,3083.061199999065
3,476,completed,89602.4353967,89602.4365937,89605.5343563,3098.9595999999437
5,477,completed,89602.4699027,89602.4707587,89605.5505386,3080.635899998015
2,477,completed,89602.4698394,89602.4707587,89605.566935,3097.0955999946455
4,478,completed,89602.5047772,89602.5056435,89605.5836137,3078.8365000043996
2,478,completed,89602.5048273,89602.5056643,89605.5994088,3094.581500001368
5,479,completed,89602.5349133,89602.5355974,89605.6155605,3080.647199996747
3,479,completed,89602.53502,89602.5356663,89605.6317539,3096.733900005347
1,480,completed,89602.5671675,89602.567764,89605.6476646,3080.497099988861
0,480,completed,89602.5672589,89602.5678719,89605.6635573,3096.29839999252
2,481,completed,89602.6021226,89602.6035117,89605.6801125,3077.989900004468
5,481,completed,89602.6021244,89602.6035387,89605.6960796,3093.955200005439
1,482,completed,89602.6366867,89602.6373366,89605.7120298,3075.3430999902776
4,482,completed,89602.6366726,89602.6373283,89605.7284079,3091.735299996799
3,483,completed,89602.6713129,89602.6719509,89605.7443136,3073.0006999947364
0,483,completed,89602.6714197,89602.6720655,89605.760737,3089.3173000076786
1,484,completed,89602.6991847,89602.7000274,89605.776951,3077.7663000044413
3,484,completed,89602.6991456,89602.6999955,89605.793363,3094.217400008347
0,485,completed,89602.7337224,89602.7343628,89605.8093771,3075.6547000055434
2,485,completed,89602.7337924,89602.7344348,89605.8262621,3092.4697000009473
2,486,completed,89602.7687193,89602.7693761,89605.8421248,3073.4054999920772
4,486,completed,89602.7688137,89602.7694667,89605.8583057,3089.4920000137063
5,486,completed,89602.7742302,89602.7749662,89605.8746415,3100.411300009
1,487,completed,89602.803217,89602.8036739,89605.890768,3087.5510000041686
0,487,completed,89602.8064962,89602.8070642,89605.9068981,3100.4018999956315
5,488,completed,89602.8381618,89602.8385558,89605.9234287,3085.266900001443
4,488,completed,89602.838981,89602.8395298,89605.9392556,3100.274600001285
2,489,completed,89602.8659288,89602.8663532,89605.9551362,3089.207400000305
3,489,completed,89602.8711256,89602.8719995,89605.971286,3100.1604000048246
5,490,completed,89602.9008043,89602.9013455,89605.9872703,3086.4659999933792
0,490,completed,89602.9038828,89602.9044775,89606.0031205,3099.2376999929547
1,491,completed,89602.9458684,89602.9465033,89606.0193714,3073.5030000068946
3,491,completed,89602.9459449,89602.946602,89606.0353493,3089.404400001513
3,492,completed,89602.9700884,89602.9707933,89606.0514451,3081.3567000004696
4,492,completed,89602.9700735,89602.9707982,89606.067461,3097.387500005425
1,493,completed,89603.0047002,89603.0058798,89606.0840038,3079.30359999591
4,493,completed,89603.0047752,89603.0060595,89606.0998179,3095.042700006161
5,494,completed,89603.032415,89603.0328445,89606.1161593,3083.744300005492
0,494,completed,89603.0333543,89603.0338848,89606.1322752,3098.920899996301
4,495,completed,89603.0674007,89603.068068,89606.148308,3080.9072999982163
2,495,completed,89603.0673521,89603.0680344,89606.1647145,3097.362400003476
5,496,completed,89603.1019247,89603.1026258,89606.1806027,3078.6780000053113
2,496,completed,89603.1019143,89603.1026167,89606.1966581,3094.7438000002876
1,497,completed,89603.1366998,89603.1373909,89606.2128949,3076.1951000022236
3,497,completed,89603.1366927,89603.1373794,89606.228957,3092.2642999939853
0,498,completed,89603.1714089,89603.1726556,89606.2448803,3073.4713999991072
1,498,completed,89603.1713712,89603.1726306,89606.2611,3089.728799997829
0,499,completed,89603.1990914,89603.2001844,89606.2774066,3078.315199993085
4,499,completed,89603.1992255,89603.2004499,89606.2936987,3094.4732000061776
2,499,completed,89603.2097513,89603.210319,89606.3096596,3099.9082999915117
5,500,completed,89603.2339962,89603.2346706,89606.3259513,3091.9550999969942
3,501,completed,89603.2758442,89603.2768347,89606.3418675,3066.023299994413
0,501,completed,89603.2758053,89603.2768325,89606.3578145,3082.0092000067234
4,501,completed,89603.2759361,89603.2769173,89606.3745398,3098.603699996602
1,502,completed,89603.3035128,89603.3040158,89606.3904151,3086.902299997746
3,502,completed,89603.3068002,89603.3073086,89606.4068595,3100.059299991699
2,503,completed,89603.3380272,89603.3388386,89606.423329,3085.3017999907024
5,503,completed,89603.3390676,89603.3396656,89606.4394377,3100.370100000873
5,504,completed,89603.365858,89603.3666405,89606.4563231,3090.465100001893
2,504,completed,89603.3713504,89603.3719498,89606.472169,3100.8185999962734
0,505,completed,89603.4075047,89603.4082239,89606.4882251,3080.720400001155
3,505,completed,89603.4076412,89603.4083063,89606.5046184,3096.977199995308
1,506,completed,89603.4352348,89603.4356688,89606.5213333,3086.0985000035726
4,506,completed,89603.4358022,89603.4363789,89606.5371013,3101.2991000025067
4,507,completed,89603.4700402,89603.4707951,89606.5536095,3083.5692999971798
0,507,completed,89603.4701303,89603.4709018,89606.5698164,3099.6861000021454
5,508,completed,89603.5115491,89603.5124272,89606.585723,3074.173899993184
1,508,completed,89603.511611,89603.5125072,89606.6017186,3090.10760000092
3,508,completed,89603.5164452,89603.51703,89606.6184175,3101.9722999917576
2,509,completed,89603.5332371,89603.5341899,89606.6343775,3101.1404000018956
1,510,completed,89603.5740993,89603.57482,89606.6503331,3076.2337999913143
2,510,completed,89603.5741049,89603.5748208,89606.6668438,3092.738899998949
4,511,completed,89603.6018535,89603.60255,89606.6837536,3081.9000999908894
3,511,completed,89603.6019198,89603.6026054,89606.7003723,3098.4524999948917
0,512,completed,89603.6367137,89603.6373093,89606.7161464,3079.432699989411
5,512,completed,89603.6367863,89603.6373703,89606.7324806,3095.6942999910098
4,513,completed,89603.6712917,89603.67189,89606.7490785,3077.7868000004673
3,513,completed,89603.6714276,89603.6720658,89606.765048,3093.620400002692
1,513,completed,89603.6773052,89603.6778448,89606.7811833,3103.8780999951996
2,514,completed,89603.699124,89603.6995813,89606.7982201,3099.096099991584
0,515,completed,89603.7338028,89603.7344458,89606.814109,3080.3062000049977
5,515,completed,89603.7338561,89603.7345403,89606.830495,3096.638899995014
2,516,completed,89603.7686788,89603.7695643,89606.8468167,3078.1378999963636
0,516,completed,89603.7687097,89603.7696117,89606.8626639,3093.9541999978246
3,516,completed,89603.7741212,89603.7747834,89606.8789384,3104.81720000098
4,517,completed,89603.8032802,89603.8036868,89606.8951526,3091.87240000756
1,517,completed,89603.8063127,89603.806813,89606.9112424,3104.9296999990474
5,518,completed,89603.8379576,89603.8388342,89606.9273827,3089.425099999062
0,518,completed,89603.8380298,89603.8389054,89606.9441101,3106.0803000000305
1,519,completed,89603.8659117,89603.8667248,89606.9599736,3094.0618999884464
2,519,completed,89603.8706043,89603.8711446,89606.9762175,3105.61320000852
4,520,completed,89603.9002314,89603.9007005,89606.9925851,3092.353700005333
3,520,completed,89603.9029474,89603.9034987,89607.0087909,3105.843500001356
5,521,completed,89603.9353212,89603.9364752,89607.0248596,3089.538400003221
2,521,completed,89603.9355859,89603.9366466,89607.0412969,3105.710999996518
3,522,completed,89603.9700501,89603.9706558,89607.057269,3087.2188999928767
0,522,completed,89603.9700972,89603.9707218,89607.0732543,3103.157100005774
5,523,completed,89604.0046235,89604.0051834,89607.0896412,3085.01769999566
1,523,completed,89604.0047908,89604.0053553,89607.1055233,3100.7324999955017
4,523,completed,89604.0165837,89604.0171317,89607.1222258,3105.6421000103
1,524,completed,89604.0326498,89604.0334803,89607.1385512,3105.901399991126
4,525,completed,89604.0671844,89604.0678571,89607.1545348,3087.3504000046523
3,525,completed,89604.0671962,89604.0678637,89607.1705185,3103.3222999976715
0,526,completed,89604.1020186,89604.102711,89607.1866726,3084.654000005685
2,526,completed,89604.1020477,89604.1027394,89607.2026516,3100.603900005808
5,526,completed,89604.1142382,89604.1147705,89607.2190242,3104.7860000107903
1,527,completed,89604.1435694,89604.1439672,89607.2351605,3091.5911000047345
0,527,completed,89604.1458664,89604.1464191,89607.2511362,3105.2697999984957
4,528,completed,89604.1713715,89604.1717658,89607.2674605,3096.0890000133077
3,528,completed,89604.1780048,89604.1786684,89607.2841011,3106.096300005447
2,529,completed,89604.1991186,89604.1995691,89607.3003955,3101.276900008088
5,530,completed,89604.2336602,89604.2342402,89607.3165745,3082.9143000009935
0,530,completed,89604.2337054,89604.2343796,89607.3327736,3099.0682000119705
3,531,completed,89604.2684452,89604.2690497,89607.3485431,3080.0979000050575
1,531,completed,89604.2684869,89604.2691491,89607.3646543,3096.1674000136554
5,531,completed,89604.274872,89604.2755365,89607.3804856,3105.6136000115657
4,532,completed,89604.3102513,89604.3108963,89607.3965279,3086.276599991834
2,532,completed,89604.3102413,89604.3108917,89607.4125589,3102.3176000016974
2,533,completed,89604.3379054,89604.3382983,89607.4287736,3090.868200000841
5,533,completed,89604.3393618,89604.3397751,89607.4446739,3105.3121000004467
4,534,completed,89604.3658847,89604.3665308,89607.4603749,3094.490199990105
0,534,completed,89604.3719019,89604.3727906,89607.476833,3104.931099995156
1,535,completed,89604.4006663,89604.4012533,89607.4927057,3092.0393999986118
3,535,completed,89604.4044306,89604.4050883,89607.5086982,3104.267600007006
3,536,completed,89604.4352616,89604.4356472,89607.524885,3089.6234000101686
0,536,completed,89604.4366737,89604.4372475,89607.5407676,3104.0939000085928
2,537,completed,89604.4698403,89604.4703448,89607.5566981,3086.857800008147
5,537,completed,89604.4698152,89604.4705504,89607.5727062,3102.8909999877214
4,538,completed,89604.5045122,89604.5051305,89607.5887588,3084.246600003098
1,538,completed,89604.504601,89604.5052498,89607.6044951,3099.8940999998013
5,539,completed,89604.5323918,89604.5328023,89607.6205169,3088.1250999955228
1,539,completed,89604.5329801,89604.5335733,89607.6369478,3103.967699993518
2,540,completed,89604.5671793,89604.5677662,89607.6529775,3085.798200001591
0,540,completed,89604.5672897,89604.5678691,89607.6687743,3101.4845999889076
4,541,completed,89604.601932,89604.6026594,89607.6846847,3082.7526999928523
3,541,completed,89604.601889,89604.6026424,89607.7011229,3099.2339000076754
4,542,completed,89604.6366087,89604.6373035,89607.7173352,3080.726499989396
5,542,completed,89604.6366502,89604.6373641,89607.733281,3096.6307999915443
0,543,completed,89604.6711891,89604.6718123,89607.7496182,3078.429100001813
3,543,completed,89604.6712924,89604.6718857,89607.7658245,3094.532100003562
1,543,completed,89604.6779634,89604.6786429,89607.7822409,3104.277499995078
2,544,completed,89604.7003865,89604.700794,89607.7984543,3098.067800005083
5,544,completed,89604.7101319,89604.7107274,89607.8151617,3105.0297999900067
2,545,completed,89604.7339152,89604.7343732,89607.8317975,3097.8822999895783
0,546,completed,89604.7754732,89604.7764615,89607.8476838,3072.210600003018
1,546,completed,89604.7755013,89604.7764636,89607.8634967,3087.995399997453
3,546,completed,89604.7756262,89604.7765761,89607.8795968,3103.9706000010483
1,547,completed,89604.8033347,89604.8037259,89607.8959728,3092.6381000026595
0,547,completed,89604.8071138,89604.8075619,89607.9118498,3104.7360000084154
4,548,completed,89604.8379939,89604.8388629,89607.9281008,3090.1068999955896
5,548,completed,89604.8395297,89604.8400663,89607.9441729,3104.6432000002824
4,549,completed,89604.865892,89604.8663285,89607.9600013,3094.1093000001274
3,549,completed,89604.8723997,89604.8730174,89607.9757513,3103.3515999879455
3,550,completed,89604.9007717,89604.9013281,89607.9921955,3091.4237999968464
1,550,completed,89604.9043219,89604.9049977,89608.0081198,3103.7978999956977
2,551,completed,89604.9352215,89604.9356212,89608.0246031,3089.3816000025254
5,551,completed,89604.9370846,89604.937488,89608.0406428,3103.558200004045
4,552,completed,89604.9766129,89604.9773772,89608.0565162,3079.9032999930205
2,552,completed,89604.9766648,89604.9774112,89608.0728838,3096.2190000136616
0,553,completed,89605.0046545,89605.005292,89608.0892538,3084.5993000111775
3,553,completed,89605.0047077,89605.0054338,89608.1049602,3100.2524999930756
0,554,completed,89605.0321666,89605.0326404,89608.1212091,3089.0425000106916
1,554,completed,89605.0337191,89605.0343685,89608.1373337,3103.614599996945
4,555,completed,89605.067913,89605.0690207,89608.1533219,3085.4088999913074
2,555,completed,89605.0680203,89605.069151,89608.1691815,3101.161200000206
2,556,completed,89605.1018996,89605.1026501,89608.1854897,3083.59009999549
5,556,completed,89605.1019999,89605.1026664,89608.2013193,3099.3194000038784
4,556,completed,89605.1151102,89605.115747,89608.2174628,3102.35260000627
5,557,completed,89605.1365928,89605.1370255,89608.2332665,3096.673699998064
3,558,completed,89605.1713311,89605.1719856,89608.2490746,3077.743499990902
1,558,completed,89605.1713942,89605.1720585,89608.2649108,3093.516599998111
1,559,completed,89605.1991433,89605.1998726,89608.2809876,3081.844300002558
0,559,completed,89605.1990955,89605.1997729,89608.2967025,3097.607000003336
5,560,completed,89605.2409052,89605.2415701,89608.3130276,3072.122400000808
0,560,completed,89605.2408515,89605.2415197,89608.3298744,3089.0229000069667
3,560,completed,89605.2440129,89605.2445933,89608.345759,3101.746100001037
2,561,completed,89605.2684643,89605.2689039,89608.3616228,3093.158500007121
4,562,completed,89605.3035792,89605.3043232,89608.3775502,3073.9710000052582
5,562,completed,89605.3035834,89605.3043274,89608.393289,3089.7055999957956
1,562,completed,89605.3089318,89605.3093596,89608.4092732,3100.341400000616
4,563,completed,89605.3310054,89605.331408,89608.4251068,3094.1013999981806
2,563,completed,89605.3448785,89605.3453832,89608.4410569,3096.1784000101034
0,564,completed,89605.3659802,89605.3665755,89608.4573671,3091.386899992358
3,564,completed,89605.3729974,89605.3737467,89608.4733764,3100.3789999958826
3,565,completed,89605.4074351,89605.4081349,89608.4892221,3081.787000002805
5,565,completed,89605.4074213,89605.408274,89608.5054356,3098.014300005161
4,566,completed,89605.4353724,89605.436219,89608.5214286,3086.0562000016216
2,566,completed,89605.4379617,89605.4385305,89608.5371888,3099.2270999995526
0,567,completed,89605.4721418,89605.4727434,89608.5534841,3081.342300007236
1,567,completed,89605.4722399,89605.4728351,89608.5694868,3097.246899997117
1,568,completed,89605.5044773,89605.5051153,89608.5857779,3081.300600009854
0,568,completed,89605.5045415,89605.5052063,89608.6016917,3097.1501999883913
4,569,completed,89605.5324985,89605.5328813,89608.618444,3085.9455000027083
3,569,completed,89605.5345897,89605.535029,89608.6344395,3099.849800011725
5,570,completed,89605.5669159,89605.5675904,89608.6503056,3083.389699997497
2,570,completed,89605.5672993,89605.5680708,89608.6664592,3099.1598999971757
4,571,completed,89605.6018737,89605.6026267,89608.6823074,3080.4337000008672
2,571,completed,89605.6018935,89605.6026401,89608.6980748,3096.1813000030816
5,572,completed,89605.6366329,89605.6375995,89608.7143497,3077.7168000058737
3,572,completed,89605.6367627,89605.6376885,89608.7307239,3093.9611999929184
1,573,completed,89605.6713528,89605.6720024,89608.7467196,3075.36680001067
0,573,completed,89605.6714704,89605.6720983,89608.7629461,3091.475699999137
5,574,completed,89605.6992756,89605.7000639,89608.778756,3079.4804000033764
2,574,completed,89605.6993752,89605.7001986,89608.7947501,3095.3749000036623
4,575,completed,89605.7337858,89605.7344492,89608.8110572,3077.2714000049746
1,575,completed,89605.7338351,89605.7345275,89608.8271051,3093.269999997574
3,575,completed,89605.7446526,89605.7455988,89608.8436251,3098.9724999963073
0,576,completed,89605.7686349,89605.7690454,89608.8600417,3091.406799998367
0,577,completed,89605.8105659,89605.8115861,89608.876015,3065.449100002297
1,577,completed,89605.8104898,89605.8116591,89608.8919841,3081.494300000486
3,577,completed,89605.8106522,89605.8117791,89608.9082868,3097.6345999952173
2,578,completed,89605.838002,89605.8387146,89608.9239917,3085.989699990023
2,579,completed,89605.8659773,89605.8666337,89608.9402048,3074.227500008419
4,579,completed,89605.866014,89605.8666681,89608.9563251,3090.311100007966
1,580,completed,89605.9004807,89605.9013158,89608.9724931,3072.0123999926727
5,580,completed,89605.9005339,89605.901355,89608.9887896,3088.2557000004454
0,580,completed,89605.9071328,89605.90775,89609.005006,3097.873200007598
5,581,completed,89605.9354189,89605.93599,89609.0211984,3085.779500004719
4,581,completed,89605.9394573,89605.9399815,89609.0372709,3097.8135999903316
2,582,completed,89605.9700204,89605.9705161,89609.0540374,3084.0170000010403
3,582,completed,89605.9714716,89605.9719007,89609.0699008,3098.429199992097
0,583,completed,89606.0047224,89606.0054711,89609.08609,3081.367599996156
5,583,completed,89606.0047976,89606.0055929,89609.1021812,3097.3835999902803
1,584,completed,89606.0325285,89606.0329575,89609.118597,3086.0684999934165
3,584,completed,89606.0356121,89606.0361746,89609.1347274,3099.1153000068152
3,585,completed,89606.0671812,89606.0676703,89609.1511982,3084.0170000010403
4,585,completed,89606.0677604,89606.0683624,89609.1669742,3099.2138000001432
4,586,completed,89606.1017373,89606.1024613,89609.1830555,3081.31819999835
1,586,completed,89606.1017975,89606.1025443,89609.1990715,3097.273999999743
0,587,completed,89606.1366551,89606.1372889,89609.2157591,3079.1040000040084
5,587,completed,89606.1367046,89606.1373827,89609.2318068,3095.102200008114
4,588,completed,89606.171362,89606.1720947,89609.2479672,3076.6052000108175
2,588,completed,89606.1714502,89606.172118,89609.2640565,3092.606300007901
2,589,completed,89606.1992064,89606.1999603,89609.2799631,3080.756700001075
5,589,completed,89606.1992763,89606.2000624,89609.2962912,3097.0148999913363
1,590,completed,89606.2340809,89606.2349717,89609.3121202,3078.039300002274
3,590,completed,89606.2341936,89606.2350151,89609.3280535,3093.8598999928217
1,591,completed,89606.2686274,89606.2693045,89609.3444711,3075.843700004043
0,591,completed,89606.2687196,89606.2694115,89609.3608659,3092.146299997694
4,592,completed,89606.3034204,89606.3042351,89609.376843,3073.4226000058698
0,592,completed,89606.303541,89606.3042918,89609.3931376,3089.596599995275
2,592,completed,89606.3099043,89606.3105973,89609.4097088,3099.8045000014827
5,593,completed,89606.3380039,89606.3387632,89609.4255364,3087.5324999942677
3,593,completed,89606.342071,89606.3425911,89609.4414457,3099.3746999884024
0,594,completed,89606.3657811,89606.3665993,89609.4578041,3092.0230000047013
4,595,completed,89606.4004543,89606.4012006,89609.4738611,3073.406800001976
1,595,completed,89606.4004967,89606.4012767,89609.4901546,3089.657900010934
3,595,completed,89606.4074253,89606.4083231,89609.5061237,3098.6984000046505
2,596,completed,89606.4351245,89606.4355255,89609.5220209,3086.8963999964762
5,596,completed,89606.4397444,89606.4408514,89609.5380702,3098.325799990562
5,597,completed,89606.4696959,89606.4701058,89609.554921,3085.2251000032993
2,597,completed,89606.4723656,89606.4728835,89609.5708616,3098.49600000598
0,598,completed,89606.5048562,89606.5058284,89609.5874713,3082.615099992836
3,598,completed,89606.5049965,89606.5060033,89609.6036876,3098.6910999927204
1,599,completed,89606.5325273,89606.5329199,89609.6198528,3087.3254999896744
4,599,completed,89606.5374598,89606.5382981,89609.6360144,3098.55460000108
4,600,completed,89606.5675404,89606.5682096,89609.6518856,3084.3451999971876
0,600,completed,89606.5700664,89606.570617,89609.6677594,3097.6930000033462
5,601,completed,89606.6019564,89606.6027328,89609.6844478,3082.4913999967976
1,601,completed,89606.6029076,89606.6033275,89609.7010729,3098.1653000053484
3,602,completed,89606.6365609,89606.6371749,89609.7170086,3080.447699991055
2,602,completed,89606.6365848,89606.637209,89609.7333146,3096.7298000032315
2,603,completed,89606.6670442,89606.668092,89609.7497906,3082.7464000030886
1,603,completed,89606.6782591,89606.678713,89609.7656075,3087.3484000039753
4,603,completed,89606.6840514,89606.6853116,89609.7818266,3097.7751999889733
3,604,completed,89606.706042,89606.7065153,89609.7976913,3091.6492999967886
0,604,completed,89606.7163942,89606.7169712,89609.8137247,3097.3304999934044
5,605,completed,89606.7406348,89606.7414049,89609.8300389,3089.4041000137804
3,606,completed,89606.768583,89606.7692798,89609.8467641,3078.1811000051675
4,606,completed,89606.7686396,89606.7693307,89609.8626047,3093.965099993511
1,606,completed,89606.7820447,89606.782803,89609.8786852,3096.6405000071973
2,607,completed,89606.8035626,89606.803966,89609.8948553,3091.2926999881165
0,608,completed,89606.8413993,89606.8426579,89609.9107295,3069.3301999999676
5,608,completed,89606.8414911,89606.8426908,89609.9267508,3085.2597000048263
2,609,completed,89606.8656811,89606.8662833,89609.9424305,3076.749400002882
0,609,completed,89606.8657158,89606.8663489,89609.9583714,3092.655600004946
4,610,completed,89606.9004507,89606.9012188,89609.974127,3073.67629998771
3,610,completed,89606.9004525,89606.9012439,89609.9909799,3090.5273999960627
5,611,completed,89606.9352687,89606.9359084,89610.007092,3071.8232999934116
1,611,completed,89606.9352934,89606.9359329,89610.0231154,3087.8220000013243
1,612,completed,89606.9699673,89606.9706152,89610.0391437,3069.1764000075636
0,612,completed,89606.9700777,89606.9707026,89610.0549982,3084.920499997679
2,612,completed,89606.9765317,89606.9773156,89610.0707247,3094.1929999971762
4,613,completed,89607.0116944,89607.0123679,89610.0867766,3075.0821999972686
3,613,completed,89607.0117283,89607.012383,89610.1031043,3091.3759999966715
5,614,completed,89607.0409616,89607.0413656,89610.11932,3078.358400001889
2,614,completed,89607.0415709,89607.0420699,89610.1352934,3093.72250000888
3,615,completed,89607.0742082,89607.074982,89610.1518157,3077.607499988517
0,615,completed,89607.0742597,89607.0750402,89610.1678862,3093.6264999909326
5,616,completed,89607.1021615,89607.1026479,89610.1843831,3082.2215999942273
1,616,completed,89607.1058361,89607.1069222,89610.200586,3094.7499000030803
4,617,completed,89607.1363251,89607.1367713,89610.2168459,3080.5207999947015
1,617,completed,89607.1388301,89607.1394017,89610.2332628,3094.432700003381
4,618,completed,89607.1712547,89607.1720325,89610.2494872,3078.232499989099
3,618,completed,89607.1713423,89607.1720462,89610.2654915,3094.1491999983555
0,619,completed,89607.199236,89607.1996595,89610.2814716,3082.235599998967
2,619,completed,89607.202885,89607.2038591,89610.2971903,3094.305299993721
5,620,completed,89607.2339793,89607.2344098,89610.3134291,3079.4498000032036
1,620,completed,89607.2353606,89607.2359901,89610.3296146,3094.254000010551
4,621,completed,89607.2686587,89607.269254,89610.3454037,3076.744999998482
0,621,completed,89607.2687443,89607.2693358,89610.3622436,3093.4992999973474
2,622,completed,89607.3033499,89607.3040672,89610.3780708,3074.720899996464
3,622,completed,89607.3033432,89607.3040444,89610.3942965,3090.9533000085503
5,623,completed,89607.337913,89607.3388311,89610.4103413,3072.428300001775
0,623,completed,89607.337977,89607.3388987,89610.4263005,3088.323499992839
1,624,completed,89607.3658608,89607.3664551,89610.4425201,3076.659300000756
3,624,completed,89607.365902,89607.3666096,89610.4582974,3092.3953999881633
4,625,completed,89607.4005765,89607.4014791,89610.4740514,3073.474899996654
5,625,completed,89607.4006509,89607.4015581,89610.4901693,3089.51839999645
2,626,completed,89607.4354127,89607.4359817,89610.5066624,3071.2497000058647
2,627,completed,89607.4700623,89607.4712533,89610.5228153,3052.7530000108527
5,627,completed,89607.4700232,89607.4713263,89610.5391932,3069.1700000024866
4,627,completed,89607.4701169,89607.4714763,89610.5550399,3084.9230000021635
1,628,completed,89607.5047109,89607.505579,89610.5708211,3066.110200001276
0,628,completed,89607.5046224,89607.5055375,89610.5872522,3082.6298000029055
3,628,completed,89607.5089393,89607.5095119,89610.6036537,3094.714400009252
3,629,completed,89607.5325842,89607.5331559,89610.6193585,3086.774299998069
2,630,completed,89607.5673926,89607.5679797,89610.6350841,3067.6914999930887
0,630,completed,89607.5674228,89607.5682787,89610.6514099,3083.9871000061976
5,630,completed,89607.5729898,89607.5735194,89610.6676691,3094.679300003918
4,631,completed,89607.6019305,89607.6023929,89610.684167,3082.23650000582
1,631,completed,89607.6047318,89607.6052925,89610.7005616,3095.8297999895876
5,632,completed,89607.6365785,89607.6370043,89610.7167464,3080.167899999651
1,632,completed,89607.6371951,89607.6377893,89610.7332391,3096.0439999907976
2,633,completed,89607.6711982,89607.6718445,89610.7490397,3077.8414999949746
0,633,completed,89607.6712135,89607.6720007,89610.7649639,3093.750400003046
4,633,completed,89607.6850309,89607.6856558,89610.7808174,3095.786499994574
3,634,completed,89607.7063113,89607.7067333,89610.7971005,3090.7891999959247
4,635,completed,89607.7408159,89607.7415187,89610.8130091,3072.193200001493
5,635,completed,89607.7408273,89607.741517,89610.8289809,3088.153599994257
3,636,completed,89607.7685029,89607.7692006,89610.8452311,3076.7282000015257
0,636,completed,89607.7684828,89607.7692477,89610.861487,3093.004199996358
2,637,completed,89607.8029489,89607.8035853,89610.87824,3075.2911000017775
1,637,completed,89607.8030832,89607.8037532,89610.8945771,3091.4939000067534
2,638,completed,89607.8379758,89607.8386198,89610.9109614,3072.9856000107247
5,638,completed,89607.8380394,89607.83868,89610.9277054,3089.665999999852
0,639,completed,89607.8653798,89607.8660664,89610.9441153,3078.7354999920353
1,639,completed,89607.8654618,89607.8661304,89610.9600906,3094.6287999977358
3,640,completed,89607.9004878,89607.9011872,89610.976095,3075.607200007653
1,640,completed,89607.9006328,89607.9013674,89610.9925991,3091.966300009517
0,641,completed,89607.9355354,89607.9362907,89611.0086298,3073.0943999951705
4,641,completed,89607.9355716,89607.9363308,89611.0246411,3089.069499998004
5,642,completed,89607.9699825,89607.9706122,89611.0412348,3071.2522999965586
4,642,completed,89607.9698557,89607.9706511,89611.0572046,3087.3489000077825
3,642,completed,89607.9759828,89607.9766925,89611.0734996,3097.5168000004487
3,643,completed,89608.0047043,89608.0052338,89611.0898611,3085.1568000070984
1,643,completed,89608.0084009,89608.0091697,89611.1058596,3097.458699994604
2,644,completed,89608.0323573,89608.0327532,89611.1224894,3090.1320999983
5,645,completed,89608.0671447,89608.0677775,89611.1384171,3071.272399989539
4,645,completed,89608.0672395,89608.0678654,89611.1545167,3087.277200000244
2,645,completed,89608.0730899,89608.0736128,89611.1702839,3097.194000001764
0,646,completed,89608.1021588,89608.1026254,89611.1867657,3084.606899996288
3,646,completed,89608.105214,89608.1057833,89611.2028464,3097.6324000075692
0,647,completed,89608.1365898,89608.1369804,89611.2188715,3082.281700000749
1,647,completed,89608.1375504,89608.138107,89611.2351946,3097.644199995557
2,648,completed,89608.1711094,89608.1717425,89611.251077,3079.9675999878673
4,648,completed,89608.1712316,89608.1718432,89611.2669975,3095.7658999977866
2,649,completed,89608.1990591,89608.1996836,89611.2831724,3084.1132999921683
5,649,completed,89608.2015319,89608.2021174,89611.2988341,3097.302199996193
5,650,completed,89608.2408288,89608.2414619,89611.3149354,3074.1066000045976
4,650,completed,89608.2407725,89608.241454,89611.331735,3090.962500005844
1,651,completed,89608.2686562,89608.2693129,89611.3474893,3078.833099993062
3,651,completed,89608.2686521,89608.2693306,89611.3631802,3094.528100002208
0,652,completed,89608.3034228,89608.30413,89611.3804849,3077.06209999742
1,652,completed,89608.3034833,89608.3043286,89611.3964595,3092.9762000014307
5,653,completed,89608.3379285,89608.3387246,89611.4125685,3074.640000006184
0,653,completed,89608.3379208,89608.3387,89611.4286095,3090.6887000019196
2,654,completed,89608.365819,89608.3665134,89611.44462,3078.8009999960195
3,654,completed,89608.3658351,89608.3665376,89611.4607372,3094.902099997853
5,655,completed,89608.4005193,89608.4012897,89611.4766453,3076.125999999931
4,655,completed,89608.4005305,89608.4013536,89611.4924858,3091.955299998517
4,656,completed,89608.4351181,89608.4357162,89611.5085978,3073.4797000041
1,656,completed,89608.4351457,89608.4359353,89611.5243421,3089.196400003857
2,656,completed,89608.4413738,89608.4421327,89611.54102,3099.6462000039173
0,657,completed,89608.4700859,89608.4705007,89611.5570804,3086.9945000013104
3,657,completed,89608.4735923,89608.4741471,89611.5728172,3099.2248999973526
3,658,completed,89608.5046378,89608.5051188,89611.5893598,3084.7219999996014
5,658,completed,89608.5057087,89608.5062608,89611.6054786,3099.7698999999557
4,659,completed,89608.5323388,89608.53278,89611.6218054,3089.466600009473
2,659,completed,89608.5374548,89608.538011,89611.6379398,3100.4850000026636
0,660,completed,89608.5670923,89608.5675236,89611.6538587,3086.7663999961223
1,660,completed,89608.5697079,89608.5703706,89611.6697595,3100.051600005827
1,661,completed,89608.6018004,89608.6026573,89611.6855303,3083.7298999977065
0,661,completed,89608.6020912,89608.6031566,89611.7016017,3099.5105000038166
3,662,completed,89608.636464,89608.6371424,89611.7176266,3081.1626000067918
4,662,completed,89608.6365248,89608.6371675,89611.7340951,3097.5703000003705
5,663,completed,89608.6712464,89608.6718988,89611.7503248,3079.0783999982523
2,663,completed,89608.6713034,89608.6720192,89611.7660574,3094.754000005196
4,664,completed,89608.7059342,89608.7065788,89611.7818515,3075.917299996945
2,664,completed,89608.7060888,89608.7068077,89611.7979079,3091.819100009161
5,664,completed,89608.7145948,89608.7152058,89611.8138684,3099.2736000043806
3,665,completed,89608.7407082,89608.7411385,89611.8301058,3089.397600007942
1,665,completed,89608.7469422,89608.7475538,89611.8467729,3099.8306999972556
0,666,completed,89608.7685198,89608.7690078,89611.8629891,3094.469300005585
5,666,completed,89608.7790061,89608.7796283,89611.8798437,3100.8375999954296
2,667,completed,89608.8031891,89608.8037214,89611.8963174,3093.128299995442
1,668,completed,89608.8375866,89608.8382928,89611.9120677,3074.48110000405
4,668,completed,89608.8375488,89608.8383134,89611.9281396,3090.5907999986084
3,668,completed,89608.8439528,89608.8447532,89611.9440976,3100.144800002454
0,669,completed,89608.8658506,89608.8662332,89611.9599023,3094.05169999809
0,670,completed,89608.9004749,89608.9013133,89611.9758552,3075.3802999970503
1,670,completed,89608.9005078,89608.9012926,89611.9920302,3091.522399990936
3,671,completed,89608.9353284,89608.9361302,89612.0080959,3072.767500008922
2,671,completed,89608.9354764,89608.9362161,89612.0241375,3088.661100002355
4,672,completed,89608.9700164,89608.9714754,89612.0401959,3070.1795000059064
2,672,completed,89608.9700031,89608.9714388,89612.0560954,3086.0923000000184
1,672,completed,89608.9726766,89608.9732005,89612.0720882,3099.4116000074428
5,673,completed,89609.0046695,89609.0052503,89612.0891614,3084.4918999937363
0,673,completed,89609.0054104,89609.0061362,89612.1052798,3099.869400000898
4,674,completed,89609.0375426,89609.0386433,89612.1213107,3083.768099997542
5,674,completed,89609.0393799,89609.0397826,89612.1381215,3098.7415999989025
2,675,completed,89609.0670675,89609.0674777,89612.1543868,3087.3193000006722
3,675,completed,89609.0701709,89609.0707072,89612.1703873,3100.216399994679
0,676,completed,89609.1018774,89609.1023438,89612.1865784,3084.700999999768
5,676,completed,89609.1025001,89609.1031435,89612.202452,3099.9519000033615
3,677,completed,89609.1364833,89609.1370717,89612.2187813,3082.29800000845
1,677,completed,89609.1365635,89609.1371771,89612.2345886,3098.0251000000862
4,678,completed,89609.1713666,89609.1720508,89612.2505633,3079.196699996828
3,678,completed,89609.1712986,89609.1720364,89612.2666039,3095.3052999975625
4,679,completed,89609.1992516,89609.2001947,89612.2826457,3083.3941000018967
1,679,completed,89609.1993628,89609.2003662,89612.2985286,3099.1657999984454
0,680,completed,89609.2339865,89609.2346308,89612.3144712,3080.4847000108566
5,680,completed,89609.2339978,89609.2346603,89612.3304757,3096.4779000059934
4,681,completed,89609.268612,89609.269416,89612.3466975,3078.0855000048177
2,681,completed,89609.2686126,89609.2694058,89612.3623889,3093.7762999965344
5,682,completed,89609.3034119,89609.3041233,89612.3782001,3074.7882000141544
2,682,completed,89609.3035017,89609.3042542,89612.3945619,3091.0602000076324
3,683,completed,89609.3379079,89609.3386263,89612.4113362,3073.4283000056166
1,683,completed,89609.3380295,89609.3387958,89612.4275101,3089.4805999996606
0,684,completed,89609.3727169,89609.3734255,89612.4437123,3070.995399990352
1,684,completed,89609.3727766,89609.3734498,89612.459579,3086.8024000083096
4,684,completed,89609.3771458,89609.3780705,89612.4755871,3098.441299996921
0,685,completed,89609.4006675,89609.4011484,89612.4915729,3090.905400007614
5,686,completed,89609.4352419,89609.4359686,89612.5074897,3072.247799995239
2,686,completed,89609.4352836,89609.4361483,89612.5235342,3088.2505999907153
3,686,completed,89609.4416853,89609.4425014,89612.539596,3097.910700002103
0,687,completed,89609.4697882,89609.4702033,89612.5556956,3085.9073999890825
4,687,completed,89609.4742727,89609.4749607,89612.5717434,3097.4706999986665
1,688,completed,89609.5045535,89609.5051109,89612.5877579,3083.204399998067
3,688,completed,89609.5063004,89609.5068387,89612.6039417,3097.6413000025786
2,689,completed,89609.5323894,89609.5327704,89612.6199748,3087.5854000041727
5,689,completed,89609.5383767,89609.5389375,89612.6359876,3097.6109000039287
5,690,completed,89609.567225,89609.567931,89612.6523899,3085.164899996016
2,690,completed,89609.5711613,89609.5720601,89612.6682519,3097.0906000002287
0,691,completed,89609.6018157,89609.6022935,89612.6841782,3082.3624999902677
3,691,completed,89609.60386,89609.6044179,89612.7006094,3096.7493999924045
1,692,completed,89609.6435324,89609.6441846,89612.7163638,3072.831400000723
4,692,completed,89609.6434956,89609.644151,89612.7320682,3088.5725999978604
4,693,completed,89609.6714109,89609.6724143,89612.7484473,3077.0363999909023
0,693,completed,89609.6713194,89609.6723929,89612.7643223,3093.002900001011
5,694,completed,89609.7061526,89609.7068872,89612.7800168,3073.8641999923857
1,694,completed,89609.7062582,89609.7070217,89612.7965805,3090.322299991385
3,695,completed,89609.7407062,89609.741339,89612.8127028,3071.996600003331
2,695,completed,89609.7407449,89609.7413837,89612.8284811,3087.736200002837
1,696,completed,89609.7685513,89609.7691923,89612.8442874,3075.736099999631
2,696,completed,89609.7686687,89609.7692866,89612.8602928,3091.62410000863
3,697,completed,89609.8032147,89609.803889,89612.8761406,3072.925899992697
4,697,completed,89609.8033044,89609.804004,89612.8923446,3089.0401999931782
0,697,completed,89609.8139472,89609.814371,89612.9084311,3094.4839000003412
5,698,completed,89609.8380971,89609.8384689,89612.9249772,3086.8801000033272
3,699,completed,89609.8656571,89609.8662271,89612.9411167,3075.459600004251
4,699,completed,89609.8657658,89609.8663466,89612.9573471,3091.581300002872
2,700,completed,89609.9004924,89609.9012318,89612.9730384,3072.545999995782
1,700,completed,89609.9005133,89609.901269,89612.9892766,3088.7632999947527
0,701,completed,89609.9350695,89609.9356762,89613.0050869,3070.017399993958
5,701,completed,89609.9351907,89609.9357607,89613.0212576,3086.066900010337
0,702,completed,89609.9698748,89609.9708678,89613.0371713,3067.296500012162
2,702,completed,89609.9699428,89609.9709259,89613.0534638,3083.5209999931976
4,702,completed,89609.9744037,89609.9755024,89613.0692853,3094.881599987275
3,703,completed,89610.0046908,89610.005131,89613.0853924,3080.701600003522
5,703,completed,89610.0072822,89610.0078217,89613.1016153,3094.333100001677
1,704,completed,89610.0323385,89610.0327454,89613.117588,3085.249499999918
0,705,completed,89610.0671505,89610.068108,89613.1337018,3066.5512999985367
1,705,completed,89610.0672909,89610.0682316,89613.1496371,3082.3461999971187
2,705,completed,89610.0709541,89610.0714923,89613.1655921,3094.6380000095814
4,706,completed,89610.1018151,89610.1022729,89613.1816186,3079.8035000043456
3,706,completed,89610.1033587,89610.1037916,89613.197742,3094.3833000055747
5,707,completed,89610.1371301,89610.137807,89613.213769,3076.6388999909395
2,707,completed,89610.1370974,89610.1377355,89613.2296616,3092.564199992921
0,708,completed,89610.1712057,89610.1718327,89613.245475,3074.269300006563
3,708,completed,89610.1712479,89610.1718601,89613.2618829,3090.635000000475
5,709,completed,89610.1992718,89610.1997257,89613.2781404,3078.8686000014422
1,709,completed,89610.2008008,89610.2013826,89613.2941722,3093.371399998432
4,710,completed,89610.24072,89610.2413478,89613.3099297,3069.209699999192
1,710,completed,89610.2407856,89610.241437,89613.3259049,3085.1192999980412
4,711,completed,89610.2684275,89610.2690144,89613.341782,3073.35449999664
3,711,completed,89610.2685374,89610.2691317,89613.3576659,3089.12849999615
0,712,completed,89610.303273,89610.3044922,89613.3739219,3070.6489000003785
2,712,completed,89610.3033851,89610.3045358,89613.3897852,3086.400100000901
5,713,completed,89610.3380143,89610.3388226,89613.405927,3067.9127000039443
1,713,completed,89610.3380202,89610.338843,89613.4220605,3084.040300003835
4,714,completed,89610.3657648,89610.3664066,89613.4386628,3072.898000013083
0,714,completed,89610.3658691,89610.3664972,89613.4547988,3088.929699995788
3,715,completed,89610.4005279,89610.4013677,89613.4707723,3070.244400005322
2,715,completed,89610.4006283,89610.4014206,89613.4871914,3086.563099990599
5,716,completed,89610.4354158,89610.4361693,89613.503323,3067.9071999911685
0,716,completed,89610.435465,89610.4362068,89613.5193187,3083.8536999945063
3,717,completed,89610.4700005,89610.4709488,89613.5353173,3065.316799998982
1,717,completed,89610.4699592,89610.4711159,89613.5514535,3081.494300000486
4,717,completed,89610.4742653,89610.4747005,89613.5674501,3093.1848000036553
5,718,completed,89610.5047829,89610.5054136,89613.5839078,3079.1249000030803
2,718,completed,89610.5068719,89610.5075084,89613.5998228,3092.950899997959
2,719,completed,89610.5325428,89610.5330126,89613.6156419,3083.099099996616
5,720,completed,89610.5671312,89610.5677396,89613.6319022,3064.7709999902872
4,720,completed,89610.5672772,89610.5678372,89613.6477319,3080.4547000007005
1,720,completed,89610.5710783,89610.5716326,89613.6634771,3092.3987999995006
0,721,completed,89610.6154978,89610.6162036,89613.6796627,3064.164900002652
3,721,completed,89610.6154361,89610.6161829,89613.6958964,3080.460299999686
3,722,completed,89610.6365833,89610.6373446,89613.712236,3075.6527000048663
2,722,completed,89610.6365833,89610.6373768,89613.7286741,3092.090799997095
5,723,completed,89610.6711246,89610.671708,89613.7447087,3073.5840999986976
0,723,completed,89610.6712188,89610.6718404,89613.7607809,3089.5621000090614
4,724,completed,89610.6991378,89610.6996584,89613.7771847,3078.0469000019366
1,724,completed,89610.7008449,89610.7014498,89613.7929965,3092.151599994395
1,725,completed,89610.7405183,89610.741198,89613.8093085,3068.790200006333
5,725,completed,89610.7405716,89610.7412403,89613.826014,3085.4423999990104
2,726,completed,89610.7685741,89610.7692348,89613.8422922,3073.7181000004057
0,726,completed,89610.7686016,89610.7692937,89613.8585285,3089.9269000074128
4,726,completed,89610.7812246,89610.7818342,89613.8745378,3093.313200006378
3,727,completed,89610.8100513,89610.8104954,89613.8906345,3080.5832000041846
4,727,completed,89610.8132482,89610.8136827,89613.9067515,3093.5033000132535
5,728,completed,89610.8379534,89610.8383532,89613.9231441,3085.190700003295
3,728,completed,89610.8455383,89610.8461213,89613.939569,3094.0306999982568
0,729,completed,89610.865637,89610.866108,89613.9557869,3090.1499000028707
1,730,completed,89610.9111032,89610.9119476,89613.9719208,3060.8176000096137
2,730,completed,89610.9111568,89610.9119849,89613.9879513,3076.7945000116015
2,731,completed,89610.9353156,89610.9361379,89614.004075,3068.7594000046374
5,731,completed,89610.9353914,89610.9362929,89614.0204471,3085.0557000085246
1,732,completed,89610.9698864,89610.9706183,89614.0363138,3066.4274000009755
0,732,completed,89610.9699685,89610.9707376,89614.0526517,3082.683200002066
3,732,completed,89610.9763911,89610.9773092,89614.0684206,3092.029499995988
1,733,completed,89611.0054632,89611.0059145,89614.0845025,3079.039300006116
0,733,completed,89611.0088523,89611.0095612,89614.1005786,3091.726300001028
4,734,completed,89611.032391,89611.032917,89614.1174146,3085.02359999693
5,735,completed,89611.0672741,89611.0681455,89614.1333325,3066.058399999747
4,735,completed,89611.0674032,89611.0682204,89614.1494457,3082.0424999983516
3,735,completed,89611.0737537,89611.0745211,89614.1662068,3092.453100005514
3,736,completed,89611.1018172,89611.102319,89614.1820308,3080.2135999983875
1,736,completed,89611.1061592,89611.1070386,89614.1981728,3092.0135999913327
2,737,completed,89611.1365822,89611.136981,89614.2142866,3077.7044000133174
5,737,completed,89611.1387165,89611.1392951,89614.2300928,3091.376299998956
2,738,completed,89611.1716422,89611.1724398,89614.2460056,3074.363399995491
4,738,completed,89611.1718732,89611.1725359,89614.2622554,3090.382199996384
0,739,completed,89611.1990832,89611.1994866,89614.2782832,3079.199999992852
3,739,completed,89611.2030931,89611.2037458,89614.293966,3090.8728999929735
0,740,completed,89611.2341031,89611.2345123,89614.3099817,3075.8786000078544
1,740,completed,89611.2353793,89611.2359143,89614.3257602,3090.380900001037
4,741,completed,89611.2684859,89611.2691212,89614.3418704,3073.384500006796
2,741,completed,89611.2685601,89611.2691885,89614.3581624,3089.602300009574
5,742,completed,89611.3102244,89611.311003,89614.3747371,3064.512700002524
2,742,completed,89611.3102607,89611.3109714,89614.390776,3080.5152999964776
5,743,completed,89611.3380764,89611.3390675,89614.4068925,3068.8160999998217
4,743,completed,89611.3380607,89611.3391022,89614.4233087,3085.248000003048
1,744,completed,89611.3657264,89611.3666453,89614.4397304,3074.003999994602
3,744,completed,89611.3658217,89611.3666469,89614.4563485,3090.526799991494
0,745,completed,89611.4006833,89611.4014465,89614.4722083,3071.524999992107
1,745,completed,89611.4006813,89611.4015747,89614.4882363,3087.5550000055227
5,746,completed,89611.4352091,89611.435913,89614.504096,3068.886900000507
0,746,completed,89611.4352616,89611.4359627,89614.5204367,3085.1751000009244
2,747,completed,89611.4700157,89611.4706778,89614.5364844,3066.468699995312
3,747,completed,89611.4700619,89611.4708312,89614.5526394,3082.5774999975692
5,748,completed,89611.5044787,89611.5052839,89614.5689415,3064.4628000009106
4,748,completed,89611.5045129,89611.5053069,89614.5849996,3080.4866999969818
4,749,completed,89611.5324509,89611.5331815,89614.6010186,3068.5677000001306
1,749,completed,89611.5324863,89611.5332056,89614.6175781,3085.0918000069214
2,750,completed,89611.5670933,89611.5676858,89614.6335502,3066.4569000073243
0,750,completed,89611.567172,89611.5678097,89614.6497183,3082.5463000073796
3,750,completed,89611.5731625,89611.5740341,89614.6660714,3092.9088999982923
3,751,completed,89611.6018968,89611.6025787,89614.6823373,3080.440499994438
5,751,completed,89611.6057021,89611.6062595,89614.6988974,3093.195299996296
4,752,completed,89611.6366422,89611.6371689,89614.7153201,3078.67790000455
2,752,completed,89611.6381386,89611.6387345,89614.7314883,3093.3497000078205
0,753,completed,89611.6713394,89611.6719627,89614.747961,3076.621600004728
1,753,completed,89611.6714757,89611.6721572,89614.7640878,3092.6120999938576
1,754,completed,89611.706046,89611.7067915,89614.7799181,3073.8720999943325
0,754,completed,89611.7061016,89611.706877,89614.7960613,3089.9597000097856
3,755,completed,89611.7334326,89611.7340256,89614.8121751,3078.742500001681
4,755,completed,89611.7343568,89611.7349729,89614.8280498,3093.6929999879794
5,756,completed,89611.7685812,89611.7691477,89614.8439172,3075.336000008974
2,756,completed,89611.7686782,89611.7692942,89614.8608286,3092.1503999998095
2,757,completed,89611.8029206,89611.8036371,89614.8768375,3073.916900000768
4,757,completed,89611.8032288,89611.8039736,89614.8926765,3089.4477000110783
3,758,completed,89611.8449165,89611.845659,89614.9086913,3063.7748000008287
5,758,completed,89611.8449323,89611.8456652,89614.9246562,3079.7239000094123
1,758,completed,89611.8469662,89611.8475336,89614.9412775,3094.311299995752
0,759,completed,89611.8657124,89611.8661467,89614.9573237,3091.611299998476
2,760,completed,89611.9075612,89611.9086941,89614.9733139,3065.752700000303
5,760,completed,89611.9075611,89611.9086844,89614.9892435,3081.6823999921326
1,760,completed,89611.9123511,89611.9128956,89615.0053337,3092.982599991956
4,761,completed,89611.9352721,89611.9357715,89615.0216199,3086.347799995565
3,762,completed,89611.9699955,89611.9708048,89615.0373955,3067.399999999907
0,762,completed,89611.9699409,89611.9709738,89615.0539645,3084.0235999930883
0,763,completed,89612.0046342,89612.005482,89615.0700782,3065.444000007119
1,763,completed,89612.0046241,89612.0054951,89615.0861531,3081.5290000027744
3,763,completed,89612.0083742,89612.0089111,89615.1021314,3093.7571999966167
2,764,completed,89612.0321853,89612.0328148,89615.1188653,3086.6799999930663
4,765,completed,89612.0669857,89612.0676322,89615.1349321,3067.9463999986183
2,765,completed,89612.0670959,89612.0677247,89615.1510933,3083.9973999973154
1,765,completed,89612.0725031,89612.0737685,89615.1668475,3094.344400000409
5,766,completed,89612.1154227,89612.1167869,89615.1828537,3067.4310000031255
0,766,completed,89612.1156685,89612.1169758,89615.1988867,3083.2182000012835
4,766,completed,89612.1216563,89612.1234215,89615.215877,3094.220699989819
5,767,completed,89612.1383977,89612.1392089,89615.2316177,3093.220000009751
3,768,completed,89612.1713852,89612.1721125,89615.2474409,3076.055700003053
2,768,completed,89612.1715015,89612.1721825,89615.2635602,3092.0587000000523
0,769,completed,89612.1990561,89612.1994582,89615.2794214,3080.365300003905
5,769,completed,89612.202653,89612.2033133,89615.2955279,3092.874900001334
3,770,completed,89612.2338239,89612.2342367,89615.311454,3077.6301000005333
1,770,completed,89612.2347855,89612.2353091,89615.327295,3092.509499998414
3,771,completed,89612.2685032,89612.2692107,89615.3429801,3074.476900001173
4,771,completed,89612.2685338,89612.2692543,89615.3590042,3090.470399998594
4,772,completed,89612.3031644,89612.3038926,89615.3750439,3071.8794999993406
1,772,completed,89612.3032701,89612.3040046,89615.3912533,3087.983199991868
0,773,completed,89612.337823,89612.3384325,89615.4077111,3069.888099998934
5,773,completed,89612.3379196,89612.3385452,89615.4236522,3085.7325999968452
4,774,completed,89612.3657348,89612.3668268,89615.4395944,3073.8596000010148
2,774,completed,89612.3658333,89612.366921,89615.4567267,3090.8933999889996
5,775,completed,89612.4005324,89612.4013793,89615.4724484,3071.9160000007832
2,775,completed,89612.4006029,89612.4015275,89615.4887099,3088.1070000032196
1,776,completed,89612.435246,89612.4361606,89615.5052222,3069.976200000383
3,776,completed,89612.4352459,89612.4361923,89615.5217392,3086.49330001208
0,777,completed,89612.4699339,89612.4709291,89615.5378992,3067.965299997013
1,777,completed,89612.4699799,89612.4709811,89615.5539701,3083.9902000006987
4,777,completed,89612.4757885,89612.4763713,89615.5701493,3094.3607999943197
0,778,completed,89612.504615,89612.50503,89615.586033,3081.4180000015767
5,778,completed,89612.507723,89612.5082808,89615.602621,3094.8979999957373
2,779,completed,89612.5324749,89612.5329449,89615.6185495,3086.074599996209
0,780,completed,89612.5670871,89612.5677112,89615.6344936,3067.4064999911934
3,780,completed,89612.5671364,89612.5677609,89615.65072,3083.5836000042036
4,780,completed,89612.5719461,89612.5724518,89615.666765,3094.8189000046114
1,781,completed,89612.6019421,89612.6025923,89615.682588,3080.6459000014
3,781,completed,89612.6041738,89612.6048787,89615.6984525,3094.278699994902
5,782,completed,89612.6436093,89612.6444178,89615.7148621,3071.252800000366
2,782,completed,89612.6436592,89612.6444397,89615.7307091,3087.0499000011478
5,783,completed,89612.6713811,89612.6721044,89615.7468596,3075.478500002646
2,783,completed,89612.6713675,89612.6721437,89615.7628454,3091.477899986785
0,784,completed,89612.7060867,89612.7068403,89615.7784982,3072.4115000048187
3,784,completed,89612.706023,89612.7069089,89615.7942576,3088.2345999998506
4,785,completed,89612.7336664,89612.7344098,89615.8104921,3076.825700001791
1,785,completed,89612.7336374,89612.7344334,89615.8263945,3092.7571000065655
4,786,completed,89612.7685337,89612.7691516,89615.8424622,3073.9285000017844
0,786,completed,89612.7686303,89612.7692294,89615.8584187,3089.7884000005433
1,787,completed,89612.8032117,89612.8040782,89615.8743588,3071.147100010421
5,787,completed,89612.8032775,89612.8041541,89615.8903791,3087.1016000019154
2,788,completed,89612.8473132,89612.8481223,89615.9065617,3059.2484999942826
3,788,completed,89612.8473435,89612.8482428,89615.9229175,3075.5739999876823
1,788,completed,89612.8475853,89612.8483703,89615.9387452,3091.159899995546
2,789,completed,89612.865676,89612.8661594,89615.9549135,3089.2374999966705
3,790,completed,89612.9075123,89612.9082297,89615.9718172,3064.304900006391
4,790,completed,89612.9074742,89612.9082271,89615.9880571,3080.5829000019003
0,790,completed,89612.9092262,89612.9097531,89616.004835,3095.6087999948068
5,791,completed,89612.9350652,89612.9354832,89616.0207713,3085.706099998788
3,791,completed,89612.9413558,89612.9419892,89616.0368401,3095.4843000072287
4,792,completed,89612.9698914,89612.9702682,89616.0529587,3083.067300001858
2,792,completed,89612.9732459,89612.9737733,89616.068887,3095.6411000079243
0,793,completed,89613.0115667,89613.012232,89616.0849236,3073.3569000003627
1,793,completed,89613.011712,89613.0123698,89616.1010295,3089.3174999946496
5,794,completed,89613.0322703,89613.0326551,89616.1170788,3084.808500003419
0,794,completed,89613.0392223,89613.0396445,89616.1331293,3093.9070000022184
2,795,completed,89613.0673458,89613.0680011,89616.1491331,3081.7873000050895
4,795,completed,89613.0694923,89613.0700256,89616.1653138,3095.821499999147
5,796,completed,89613.1087385,89613.1093781,89616.1813895,3072.6509999949485
3,796,completed,89613.1090465,89613.1096235,89616.1972849,3088.238399999682
0,797,completed,89613.136374,89613.136934,89616.2131722,3076.7982000106713
1,797,completed,89613.1365343,89613.1371616,89616.2291797,3092.6454000000376
1,798,completed,89613.171256,89613.1718253,89616.2449765,3073.7205000041286
2,798,completed,89613.1714074,89613.1719696,89616.2609805,3089.5730999909574
3,799,completed,89613.199049,89613.1997028,89616.2767955,3077.7464999991935
4,799,completed,89613.199097,89613.1997894,89616.2927905,3093.6934999917867
5,800,completed,89613.2337405,89613.234396,89616.3087126,3074.972100002924
2,800,completed,89613.2338004,89613.2344366,89616.325372,3091.571600001771
0,801,completed,89613.275309,89613.2759897,89616.3413669,3066.05789999594
3,801,completed,89613.2753889,89613.2761105,89616.3572998,3081.9109000003664
5,801,completed,89613.2783397,89613.2789032,89616.3735296,3095.189899991965
1,802,completed,89613.3032794,89613.3037618,89616.3894005,3086.121100001037
4,803,completed,89613.3378452,89613.3385621,89616.4052612,3067.4159999907715
1,803,completed,89613.3379339,89613.3386223,89616.4215239,3083.5900000092806
3,804,completed,89613.3657932,89613.36664,89616.4375182,3071.7249999870546
4,804,completed,89613.3658212,89613.3667131,89616.4533915,3087.570300005609
0,805,completed,89613.4003592,89613.4009413,89616.4692791,3068.9199000044027
2,805,completed,89613.4005188,89613.4011034,89616.4860606,3085.5417999991914
5,805,completed,89613.4061508,89613.4067625,89616.5021599,3096.009100001538
1,806,completed,89613.4351524,89613.4355519,89616.5179527,3082.800300006056
4,806,completed,89613.4389131,89613.4394226,89616.5345784,3095.665299988468
0,807,completed,89613.4698575,89613.4703382,89616.5506666,3080.8091000071727
3,807,completed_after_window,89613.4709974,89613.4715595,89616.5666356,3095.638200000394
5,808,shutdown_backlog,89613.5046213,89613.5054898,,
2,808,shutdown_backlog,89613.5046213,89613.5054818,,
0,809,shutdown_backlog,89613.5324517,89613.5328748,,
3,809,shutdown_backlog,89613.5355117,89613.5360314,,
1,810,shutdown_backlog,89613.5671657,89613.5676271,,
4,810,shutdown_backlog,89613.5677529,89613.5684519,,
2,811,shutdown_backlog,89613.6019719,89613.6026707,,
5,811,shutdown_backlog,89613.6019113,89613.602677,,
5,812,shutdown_backlog,89613.6365057,89613.6371459,,
2,812,shutdown_backlog,89613.6366272,89613.6372169,,
1,813,shutdown_backlog,89613.6711332,89613.6717688,,
4,813,shutdown_backlog,89613.6711937,89613.6718589,,
0,813,shutdown_backlog,89613.6799466,89613.6805054,,
3,814,shutdown_backlog,89613.6991478,89613.6995875,,
3,815,shutdown_backlog,89613.73372,89613.7343976,,
2,815,shutdown_backlog,89613.7337982,89613.7345725,,
0,816,shutdown_backlog,89613.7684719,89613.7692077,,
5,816,shutdown_backlog,89613.7685779,89613.7693201,,
4,817,shutdown_backlog,89613.8108806,89613.8119351,,
1,817,shutdown_backlog,89613.8110024,89613.8120539,,
5,818,shutdown_backlog,89613.8383649,89613.8396708,,
1,818,shutdown_backlog,89613.8385038,89613.839924,,
2,818,shutdown_backlog,89613.8425333,89613.8433178,,
0,819,shutdown_backlog,89613.8657422,89613.8662227,,
4,820,shutdown_backlog,89613.9004349,89613.9010322,,
3,820,shutdown_backlog,89613.9004995,89613.9011034,,
4,821,shutdown_backlog,89613.9352826,89613.9361497,,
5,821,shutdown_backlog,89613.9352509,89613.9361654,,
3,821,shutdown_backlog,89613.9397659,89613.9405644,,
0,822,shutdown_backlog,89613.9698104,89613.9704113,,
1,822,shutdown_backlog,89613.9721801,89613.9728495,,
2,823,shutdown_backlog,89614.011544,89614.0120013,,
5,824,shutdown_backlog,89614.0322406,89614.0329153,,
2,824,shutdown_backlog,89614.0322981,89614.0329387,,
1,824,shutdown_backlog,89614.0367307,89614.037636,,
0,825,shutdown_backlog,89614.0671272,89614.0675054,,
3,825,shutdown_backlog,89614.0686574,89614.0691786,,
0,826,shutdown_backlog,89614.1019271,89614.1027715,,
1,826,shutdown_backlog,89614.1020586,89614.1028375,,
5,827,shutdown_backlog,89614.1365148,89614.1370862,,
4,827,shutdown_backlog,89614.1366696,89614.1372561,,
3,828,shutdown_backlog,89614.1713707,89614.1722131,,
4,828,shutdown_backlog,89614.1714482,89614.1722905,,
1,829,shutdown_backlog,89614.1989007,89614.199519,,
3,829,shutdown_backlog,89614.1990009,89614.1996197,,
2,830,shutdown_backlog,89614.2337646,89614.2349526,,
5,830,shutdown_backlog,89614.233809,89614.2350006,,
2,831,shutdown_backlog,89614.2685115,89614.2694588,,
4,831,shutdown_backlog,89614.2685728,89614.2695006,,
3,832,shutdown_backlog,89614.3031373,89614.3039491,,
0,832,shutdown_backlog,89614.3031299,89614.3040783,,
0,833,shutdown_backlog,89614.3378703,89614.338695,,
1,833,shutdown_backlog,89614.3378912,89614.3386461,,
4,833,shutdown_backlog,89614.3421119,89614.3426792,,
2,834,shutdown_backlog,89614.3657585,89614.3663427,,
5,835,shutdown_backlog,89614.4004765,89614.401339,,
2,835,shutdown_backlog,89614.4005181,89614.401353,,
5,836,shutdown_backlog,89614.4351695,89614.4360365,,
4,836,shutdown_backlog,89614.435216,89614.4361458,,
1,836,shutdown_backlog,89614.4400213,89614.4406333,,
3,837,shutdown_backlog,89614.4698032,89614.4702338,,
0,837,shutdown_backlog,89614.472491,89614.4731781,,
1,838,shutdown_backlog,89614.5115254,89614.5126689,,
5,838,shutdown_backlog,89614.5116346,89614.5127048,,
0,839,shutdown_backlog,89614.5323758,89614.5328153,,
2,839,shutdown_backlog,89614.5366904,89614.5371899,,
3,840,shutdown_backlog,89614.5670859,89614.567714,,
5,840,shutdown_backlog,89614.5691674,89614.5697086,,
4,841,shutdown_backlog,89614.6020597,89614.6024911,,
2,842,shutdown_backlog,89614.636569,89614.6374757,,
1,842,shutdown_backlog,89614.6366006,89614.6375566,,
4,842,shutdown_backlog,89614.6367228,89614.6376298,,
0,843,shutdown_backlog,89614.6716125,89614.6723944,,
3,843,shutdown_backlog,89614.6717652,89614.6724859,,
5,844,shutdown_backlog,89614.6991817,89614.699995,,
3,844,shutdown_backlog,89614.6991219,89614.7000209,,
4,845,shutdown_backlog,89614.7336839,89614.7343281,,
2,845,shutdown_backlog,89614.7336713,89614.7343154,,
1,846,shutdown_backlog,89614.7683165,89614.7689334,,
0,846,shutdown_backlog,89614.7683955,89614.7690341,,
0,847,shutdown_backlog,89614.8101255,89614.8109108,,
1,847,shutdown_backlog,89614.8101312,89614.8109142,,
3,847,shutdown_backlog,89614.8124162,89614.8129493,,
4,848,shutdown_backlog,89614.8380139,89614.8389088,,
5,848,shutdown_backlog,89614.8442711,89614.8454208,,
2,849,shutdown_backlog,89614.8660035,89614.8664601,,
4,850,shutdown_backlog,89614.9003425,89614.9010442,,
2,850,shutdown_backlog,89614.9003544,89614.901075,,
5,851,shutdown_backlog,89614.935087,89614.9357671,,
3,851,shutdown_backlog,89614.9350465,89614.9357572,,
1,851,shutdown_backlog,89614.9415727,89614.9422824,,
0,852,shutdown_backlog,89614.9699848,89614.9705573,,
2,852,shutdown_backlog,89614.9735248,89614.9740328,,
5,853,shutdown_backlog,89615.0045271,89615.00515,,
1,853,shutdown_backlog,89615.0055906,89615.0064542,,
4,854,shutdown_backlog,89615.0326333,89615.0334329,,
3,854,shutdown_backlog,89615.0377086,89615.0386464,,
0,855,shutdown_backlog,89615.06709,89615.0674847,,
1,856,shutdown_backlog,89615.101868,89615.1027426,,
0,856,shutdown_backlog,89615.101931,89615.1028518,,
3,856,shutdown_backlog,89615.1027148,89615.1036276,,
4,857,shutdown_backlog,89615.1363924,89615.1370757,,
2,857,shutdown_backlog,89615.1363689,89615.1371509,,
2,858,shutdown_backlog,89615.164125,89615.16455,,
1,858,shutdown_backlog,89615.1711893,89615.1716048,,
5,859,shutdown_backlog,89615.199043,89615.2002062,,
0,859,shutdown_backlog,89615.199294,89615.2003956,,
5,860,shutdown_backlog,89615.2336492,89615.2343042,,
4,860,shutdown_backlog,89615.2336437,89615.2342986,,
2,861,shutdown_backlog,89615.268425,89615.2690661,,
3,861,shutdown_backlog,89615.2683943,89615.2690503,,
5,862,shutdown_backlog,89615.3032822,89615.304448,,
0,862,shutdown_backlog,89615.3033462,89615.3044786,,
3,863,shutdown_backlog,89615.3380529,89615.3388808,,
1,863,shutdown_backlog,89615.33811,89615.3389776,,
4,864,shutdown_backlog,89615.3658991,89615.3667013,,
3,864,shutdown_backlog,89615.3659103,89615.3666713,,
4,865,shutdown_backlog,89615.4005441,89615.4011786,,
1,865,shutdown_backlog,89615.4005189,89615.4011574,,
5,866,shutdown_backlog,89615.4351409,89615.4358112,,
0,866,shutdown_backlog,89615.4351242,89615.4357987,,
4,866,shutdown_backlog,89615.4398967,89615.440626,,
2,867,shutdown_backlog,89615.4699433,89615.4705481,,
5,867,shutdown_backlog,89615.4726588,89615.4731837,,
2,868,shutdown_backlog,89615.5049585,89615.5060557,,
1,868,shutdown_backlog,89615.5056654,89615.5065783,,
3,869,shutdown_backlog,89615.5327324,89615.5335172,,
0,869,shutdown_backlog,89615.5381014,89615.5386497,,
1,870,shutdown_backlog,89615.574067,89615.574988,,
4,870,shutdown_backlog,89615.5741579,89615.5750213,,
0,871,shutdown_backlog,89615.6019042,89615.6023132,,
5,871,shutdown_backlog,89615.6028007,89615.6032971,,
0,872,shutdown_backlog,89615.6364117,89615.6370369,,
2,872,shutdown_backlog,89615.6365773,89615.6371535,,
4,873,shutdown_backlog,89615.6712914,89615.6720059,,
3,873,shutdown_backlog,89615.6712591,89615.6720209,,
1,874,shutdown_backlog,89615.7060685,89615.7069914,,
3,874,shutdown_backlog,89615.7061558,89615.7071079,,
5,875,shutdown_backlog,89615.7408953,89615.7415714,,
2,875,shutdown_backlog,89615.7408624,89615.7415479,,
5,876,shutdown_backlog,89615.7684806,89615.7691164,,
2,876,shutdown_backlog,89615.7685191,89615.769177,,
3,877,shutdown_backlog,89615.8032217,89615.8039816,,
0,877,shutdown_backlog,89615.8033156,89615.8040771,,
1,878,shutdown_backlog,89615.8381202,89615.8387777,,
4,878,shutdown_backlog,89615.8381792,89615.8388369,,
0,879,shutdown_backlog,89615.8658107,89615.8664041,,
4,879,shutdown_backlog,89615.8659309,89615.8665167,,
5,880,shutdown_backlog,89615.9002891,89615.9008338,,
1,880,shutdown_backlog,89615.900455,89615.9010291,,
2,880,shutdown_backlog,89615.9067979,89615.9075792,,
3,881,shutdown_backlog,89615.9347518,89615.9352058,,
1,881,shutdown_backlog,89615.9390129,89615.9395791,,
2,882,shutdown_backlog,89615.9698792,89615.9704234,,
3,882,shutdown_backlog,89615.9720705,89615.972615,,
0,883,shutdown_backlog,89616.0152686,89616.0159531,,
4,883,shutdown_backlog,89616.0152585,89616.0159585,,
5,884,shutdown_backlog,89616.0322946,89616.0327129,,
3,884,shutdown_backlog,89616.037068,89616.0376151,,
4,885,shutdown_backlog,89616.0667186,89616.0672533,,
2,885,shutdown_backlog,89616.0690757,89616.0696283,,
0,886,shutdown_backlog,89616.1018618,89616.1025289,,
1,886,shutdown_backlog,89616.1019427,89616.1025852,,
5,887,shutdown_backlog,89616.1367537,89616.1377204,,
0,887,shutdown_backlog,89616.136898,89616.1378942,,
2,888,shutdown_backlog,89616.1713376,89616.1720995,,
4,888,shutdown_backlog,89616.1713287,89616.1721233,,
5,889,shutdown_backlog,89616.1991488,89616.199815,,
3,889,shutdown_backlog,89616.1991534,89616.1998122,,
0,890,shutdown_backlog,89616.2407073,89616.2413765,,
1,890,shutdown_backlog,89616.2406693,89616.2413633,,
2,891,shutdown_backlog,89616.2685843,89616.2692704,,
1,891,shutdown_backlog,89616.2685986,89616.2693444,,
4,892,shutdown_backlog,89616.3032107,89616.3038844,,
3,892,shutdown_backlog,89616.3031509,89616.3038902,,
5,892,shutdown_backlog,89616.3089515,89616.3095348,,
2,893,shutdown_backlog,89616.3379609,89616.3384183,,
0,893,shutdown_backlog,89616.3415812,89616.3421154,,
3,894,shutdown_backlog,89616.3658018,89616.3662381,,
1,895,shutdown_backlog,89616.4005165,89616.4014014,,
5,895,shutdown_backlog,89616.4009591,89616.4015678,,
4,895,shutdown_backlog,89616.4055445,89616.4062001,,
1,896,shutdown_backlog,89616.4350733,89616.4354931,,
3,896,shutdown_backlog,89616.4377339,89616.4382294,,
4,897,shutdown_backlog,89616.4767114,89616.4774139,,
0,897,shutdown_backlog,89616.4767779,89616.4774608,,
2,898,shutdown_backlog,89616.5046254,89616.5052626,,
5,898,shutdown_backlog,89616.5047322,89616.505466,,
1,899,shutdown_backlog,89616.539438,89616.5406519,,
4,899,shutdown_backlog,89616.5395413,89616.5407174,,
