camera,seq,status,capture_s,enqueue_s,finish_s,latency_ms
4,0,completed,90102.5207948,90102.5238228,90102.526619,5.82419999409467
0,0,completed,90102.5208287,90102.5236906,90102.528874,8.045299997320399
1,0,completed,90102.5209987,90102.5239212,90102.5307901,9.791400007088669
5,0,completed,90102.5210326,90102.5241091,90102.5326272,11.594600000535138
2,0,completed,90102.52106,90102.5242658,90102.5345064,13.446400000248104
3,0,completed,90102.5210517,90102.5243027,90102.5369418,15.89010001043789
0,1,completed,90102.5547904,90102.5582493,90102.5603079,5.517500001587905
5,1,completed,90102.5547199,90102.5582837,90102.5622481,7.528200003434904
4,1,completed,90102.5548073,90102.5583391,90102.5644502,9.642900011385791
2,1,completed,90102.5546896,90102.5583757,90102.5664164,11.72680000308901
1,1,completed,90102.5547405,90102.5584079,90102.5684494,13.708900005440228
3,1,completed,90102.5546896,90102.5584369,90102.5705799,15.890299997408874
5,2,completed,90102.5943715,90102.597033,90102.5989794,4.607900002156384
1,2,completed,90102.5942869,90102.5970594,90102.6009404,6.653500007814728
3,2,completed,90102.594359,90102.5970735,90102.6029209,8.561900001950562
4,2,completed,90102.5943405,90102.5970953,90102.6047697,10.429200003272854
2,2,completed,90102.5942824,90102.5974573,90102.6065523,12.269900005776435
0,2,completed,90102.5944144,90102.597529,90102.6084514,14.037000000826083
3,3,completed,90102.6261722,90102.6286953,90102.630738,4.565800001728348
4,3,completed,90102.6260862,90102.6288985,90102.6326243,6.538099987665191
5,3,completed,90102.6260765,90102.6291019,90102.6345154,8.438899996690452
2,3,completed,90102.6261097,90102.629124,90102.6365193,10.409599999547936
0,3,completed,90102.6261675,90102.6291831,90102.6384097,12.242199998581782
1,3,completed,90102.6261555,90102.6292908,90102.6404096,14.254100009566173
0,4,completed,90102.6528121,90102.6554567,90102.6574587,4.646600005798973
1,4,completed,90102.6528628,90102.6555024,90102.6592887,6.425900006433949
3,4,completed,90102.6529082,90102.6556206,90102.6611534,8.245199991506524
4,4,completed,90102.6529422,90102.6557159,90102.6631759,10.233699998934753
5,4,completed,90102.6528403,90102.6559334,90102.6651598,12.31950000510551
2,4,completed,90102.6528285,90102.6559777,90102.6671857,14.357200008817017
5,5,completed,90102.6876413,90102.6905517,90102.6925454,4.90410000202246
1,5,completed,90102.6875409,90102.6905057,90102.6946253,7.084400000167079
2,5,completed,90102.6876456,90102.6906582,90102.6966591,9.013499991851859
4,5,completed,90102.6875406,90102.6908098,90102.6986457,11.105099998530932
3,5,completed,90102.6875799,90102.6908608,90102.7006522,13.07230000384152
0,5,completed,90102.6875633,90102.6909071,90102.7027955,15.232199992169626
1,6,completed,90102.7223398,90102.725207,90102.7272329,4.893099991022609
0,6,completed,90102.7224023,90102.7252769,90102.7292699,6.8675999937113374
4,6,completed,90102.7224187,90102.7252646,90102.731172,8.75330000417307
5,6,completed,90102.7223853,90102.7252818,90102.7332025,10.81720000365749
2,6,completed,90102.7223218,90102.7256639,90102.7350311,12.70930000464432
3,6,completed,90102.7224586,90102.7257,90102.7371825,14.723900007084012
2,7,completed,90102.7499738,90102.7521528,90102.7542106,4.236799999489449
3,7,completed,90102.7499634,90102.7521932,90102.7560456,6.082200008677319
4,7,completed,90102.7570149,90102.7594111,90102.7614766,4.461700009414926
5,7,completed,90102.7571171,90102.7595591,90102.7634658,6.34870000067167
1,7,completed,90102.7570914,90102.7596098,90102.7654988,8.40740000421647
0,7,completed,90102.757056,90102.7597584,90102.7673662,10.310199999366887
3,8,completed,90102.7851793,90102.7881995,90102.7902302,5.050899999332614
5,8,completed,90102.7853366,90102.7883477,90102.7925829,7.2462999960407615
4,8,completed,90102.7853076,90102.7883978,90102.794812,9.50439998996444
0,8,completed,90102.7851774,90102.7886083,90102.7970545,11.877099997946061
2,8,completed,90102.7852043,90102.7886549,90102.7995434,14.339100001961924
1,8,completed,90102.7852543,90102.7886471,90102.8020829,16.828599997097626
5,9,completed,90102.8195099,90102.8224167,90102.8245577,5.047800004831515
3,9,completed,90102.8195596,90102.82252,90102.8265291,6.969499998376705
1,9,completed,90102.8194606,90102.8228923,90102.8284132,8.9525999937905
4,9,completed,90102.8194603,90102.8229015,90102.8302097,10.749399996711873
2,9,completed,90102.8194925,90102.8229138,90102.8320833,12.5908000045456
0,9,completed,90102.8195397,90102.8230238,90102.8341909,14.651200006483123
4,10,completed,90102.8541492,90102.8566461,90102.8586266,4.47740001254715
3,10,completed,90102.8541644,90102.8566672,90102.860629,6.4645999955246225
0,10,completed,90102.8542994,90102.8568424,90102.8627303,8.430899993982166
1,10,completed,90102.8542611,90102.8569186,90102.8646395,10.378399994806387
5,10,completed,90102.8542209,90102.8572619,90102.866671,12.450099995476194
2,10,completed,90102.8542023,90102.8573491,90102.8688159,14.613599996664561
3,11,completed,90102.8886778,90102.8912829,90102.8932455,4.567700001643971
5,11,completed,90102.8886775,90102.8913123,90102.8952935,6.615999998757616
4,11,completed,90102.8886423,90102.8912382,90102.8971848,8.542499999748543
1,11,completed,90102.8889763,90102.8916234,90102.8990905,10.11419999122154
0,11,completed,90102.8887177,90102.8917877,90102.9010554,12.337699998170137
2,11,completed,90102.8889308,90102.8919985,90102.9030486,14.117799990344793
2,12,completed,90102.9238388,90102.9264959,90102.9285736,4.734800008009188
5,12,completed,90102.9237128,90102.9264944,90102.9306289,6.916099999216385
4,12,completed,90102.9237299,90102.9264946,90102.9324985,8.768600004259497
0,12,completed,90102.9238768,90102.9266131,90102.934524,10.647199989762157
3,12,completed,90102.9237973,90102.9268196,90102.9363163,12.518999996245839
1,12,completed,90102.9237735,90102.92686,90102.9381718,14.398299987078644
0,13,completed,90102.9515376,90102.9542271,90102.9563573,4.81969999964349
5,13,completed,90102.9516259,90102.9543022,90102.958395,6.769100000383332
2,13,completed,90102.9515863,90102.9545806,90102.9602494,8.663100001285784
3,13,completed,90102.9515376,90102.9546255,90102.962058,10.520399999222718
4,13,completed,90102.9516491,90102.9546208,90102.9638449,12.19580000906717
1,13,completed,90102.9515763,90102.9547049,90102.9656661,14.089800009969622
3,14,completed,90102.9861652,90102.9890634,90102.9910167,4.851500008953735
1,14,completed,90102.9862582,90102.9890458,90102.9929977,6.739499993273057
5,14,completed,90102.9861664,90102.9890997,90102.9949269,8.760500000789762
0,14,completed,90102.986182,90102.989189,90102.9968833,10.701300008804537
2,14,completed,90102.9862052,90102.989387,90102.9988878,12.68260000506416
4,14,completed,90102.9862293,90102.9894376,90103.0010394,14.81009999406524
1,15,completed,90103.0211604,90103.0238144,90103.0257336,4.5731999998679385
2,15,completed,90103.0210203,90103.0238316,90103.0278748,6.854499995824881
0,15,completed,90103.0210996,90103.0241049,90103.0297495,8.649900002637878
5,15,completed,90103.0210389,90103.024156,90103.0317962,10.75729999865871
4,15,completed,90103.0210203,90103.0242138,90103.0336661,12.645800001337193
3,15,completed,90103.0210792,90103.0242373,90103.0357974,14.718200007337146
4,16,completed,90103.0555216,90103.0586202,90103.0605656,5.043999990448356
5,16,completed,90103.0554862,90103.0585826,90103.0626923,7.206099995528348
3,16,completed,90103.0555065,90103.0586491,90103.0646718,9.165300012682565
1,16,completed,90103.0555929,90103.0586881,90103.066718,11.125100005301647
2,16,completed,90103.0555771,90103.0586644,90103.0685156,12.938499989104457
0,16,completed,90103.0555878,90103.0586853,90103.0705541,14.966300004743971
2,17,completed,90103.0902694,90103.0929854,90103.0952295,4.960100006428547
4,17,completed,90103.0903699,90103.0931238,90103.0973453,6.97539999964647
3,17,completed,90103.090278,90103.0931474,90103.0993504,9.072400003788061
5,17,completed,90103.0904241,90103.0933291,90103.1011911,10.766999999759719
0,17,completed,90103.0903232,90103.0936768,90103.103168,12.84480000322219
1,17,completed,90103.090347,90103.0940062,90103.1051718,14.82479998958297
1,18,completed,90103.1181731,90103.1205678,90103.1226924,4.519299996900372
4,18,completed,90103.1181557,90103.1207074,90103.1246425,6.486800004495308
5,18,completed,90103.1182316,90103.1207272,90103.1266286,8.396999997785315
0,18,completed,90103.1182193,90103.1208349,90103.1285932,10.373900004196912
3,18,completed,90103.1181457,90103.1214219,90103.1303505,12.20479999028612
2,18,completed,90103.1319544,90103.1341044,90103.136181,4.226599994581193
0,19,completed,90103.1528233,90103.155361,90103.1573452,4.52190000214614
3,19,completed,90103.1528077,90103.1553895,90103.1594219,6.614199999603443
1,19,completed,90103.1528933,90103.1555136,90103.1614234,8.530100007192232
5,19,completed,90103.1529042,90103.1555961,90103.1633058,10.40159999683965
2,19,completed,90103.1529324,90103.1556808,90103.1650561,12.123699998483062
4,19,completed,90103.1528543,90103.1562941,90103.1671518,14.29749999078922
2,20,completed,90103.1944997,90103.1973097,90103.199273,4.773300010128878
4,20,completed,90103.1946396,90103.1973203,90103.2012788,6.639200000790879
5,20,completed,90103.1945259,90103.1973756,90103.2033168,8.790899999439716
3,20,completed,90103.1946257,90103.1974647,90103.205334,10.70830000389833
1,20,completed,90103.194549,90103.1976945,90103.2071406,12.591599996085279
0,20,completed,90103.1945646,90103.1977421,90103.208965,14.40040000306908
3,21,completed,90103.2221937,90103.2247517,90103.2267621,4.568400006974116
2,21,completed,90103.2222311,90103.2248301,90103.2286676,6.436499999836087
4,21,completed,90103.2222919,90103.2252187,90103.2305809,8.288999990327284
0,21,completed,90103.2222054,90103.2252164,90103.232486,10.280599992256612
5,21,completed,90103.2222774,90103.2253392,90103.2344347,12.15730000694748
1,21,completed,90103.2223312,90103.2253963,90103.2362891,13.957899995148182
2,22,completed,90103.2569417,90103.2600762,90103.2633666,6.4248999988194555
1,22,completed,90103.2569172,90103.2602349,90103.2659395,9.02230000065174
5,22,completed,90103.2570171,90103.260376,90103.2683808,11.363700003130361
4,22,completed,90103.2569933,90103.2604295,90103.2708433,13.8499999884516
3,22,completed,90103.2570213,90103.2604535,90103.2729308,15.909499998087995
0,22,completed,90103.2569064,90103.2620654,90103.2748701,17.963699996471405
0,23,completed,90103.2849707,90103.2876945,90103.2896834,4.712699999799952
4,23,completed,90103.2849309,90103.2878024,90103.291648,6.717099997331388
2,23,completed,90103.285002,90103.2878272,90103.2936656,8.663599990541115
1,23,completed,90103.2850353,90103.2878731,90103.2956857,10.65039999957662
5,23,completed,90103.2851047,90103.2878943,90103.2976285,12.523800003691576
3,23,completed,90103.2850684,90103.2886034,90103.2996548,14.586399993277155
4,24,completed,90103.3195127,90103.3221111,90103.3240772,4.564499991829507
2,24,completed,90103.3195492,90103.3221622,90103.3261498,6.600600012461655
0,24,completed,90103.3195852,90103.3222228,90103.3279895,8.404299995163456
3,24,completed,90103.31963,90103.3223106,90103.3298257,10.19570000062231
1,24,completed,90103.31964,90103.3223955,90103.331775,12.134999997215346
5,24,completed,90103.3195601,90103.3224416,90103.333665,14.104899993981235
3,25,completed,90103.3613481,90103.3640667,90103.3662961,4.947999987052754
4,25,completed,90103.3614506,90103.3641102,90103.3684032,6.952600000659004
2,25,completed,90103.3613884,90103.3643184,90103.3703707,8.982300001662225
1,25,completed,90103.3613304,90103.3643949,90103.3723987,11.068299994803965
5,25,completed,90103.3613447,90103.3644865,90103.3744397,13.095000002067536
0,25,completed,90103.3614115,90103.3645759,90103.3765818,15.170300001045689
1,26,completed,90103.3889809,90103.3914793,90103.3934358,4.454900001292117
5,26,completed,90103.3888828,90103.3915261,90103.3954501,6.567299991729669
3,26,completed,90103.3888819,90103.3915754,90103.3975114,8.62950000737328
2,26,completed,90103.3889397,90103.3916547,90103.399402,10.46229999337811
0,26,completed,90103.3889254,90103.391683,90103.4014543,12.528899998869747
4,26,completed,90103.3889755,90103.3916816,90103.4033633,14.38780000898987
1,27,completed,90103.4237611,90103.4265184,90103.4287141,4.95299999602139
3,27,completed,90103.4238672,90103.4269631,90103.4307674,6.900199994561262
0,27,completed,90103.4238114,90103.4270298,90103.4326903,8.878900000127032
2,27,completed,90103.4238284,90103.4270562,90103.4347031,10.874700004933402
5,27,completed,90103.4237783,90103.4271201,90103.4365319,12.753600007272325
4,27,completed,90103.4238962,90103.4274397,90103.4384248,14.52860000426881
2,28,completed,90103.4585018,90103.4610498,90103.4631393,4.637499994714744
4,28,completed,90103.4585843,90103.4611078,90103.465086,6.501700001535937
0,28,completed,90103.4585267,90103.4614444,90103.4670781,8.551400009309873
3,28,completed,90103.4586084,90103.4615555,90103.469076,10.46759999007918
5,28,completed,90103.4584778,90103.4615226,90103.4710051,12.527300001238473
1,28,completed,90103.4585529,90103.4615646,90103.4730226,14.469699992332608
1,29,completed,90103.4861639,90103.4888109,90103.4909395,4.775599998538382
4,29,completed,90103.486189,90103.4888909,90103.4930211,6.832099999883212
0,29,completed,90103.4863002,90103.4889671,90103.4951005,8.800299998256378
2,29,completed,90103.4861812,90103.4889451,90103.4970983,10.91709999309387
5,29,completed,90103.4862313,90103.4892591,90103.4989251,12.693799988483079
3,29,completed,90103.4862455,90103.4893217,90103.5008209,14.57539999682922
4,30,completed,90103.5209144,90103.5234147,90103.5253402,4.425799997989088
5,30,completed,90103.5208193,90103.523405,90103.5279968,7.177499996032566
2,30,completed,90103.5209192,90103.5234642,90103.5299173,8.998099991003983
0,30,completed,90103.5208831,90103.5235338,90103.5319197,11.036600000807084
3,30,completed,90103.5208298,90103.5235261,90103.5337399,12.910099991131574
1,30,completed,90103.5209672,90103.5244834,90103.5356004,14.633200000389479
1,31,completed,90103.5624848,90103.5650356,90103.5669764,4.491600004257634
2,31,completed,90103.5625109,90103.5650353,90103.5689248,6.41390000237152
3,31,completed,90103.5625469,90103.5650951,90103.5709723,8.425400010310113
5,31,completed,90103.5625983,90103.5651753,90103.5729906,10.392299998784438
4,31,completed,90103.5625716,90103.5655687,90103.5748218,12.250199986738153
0,31,completed,90103.5626511,90103.5656252,90103.5769482,14.297100002295338
0,32,completed,90103.5903324,90103.5926222,90103.5933672,3.034800000023097
1,32,completed,90103.5903341,90103.5926364,90103.593862,3.5279000003356487
3,32,completed,90103.5903938,90103.5928367,90103.594301,3.9072000072337687
4,32,completed,90103.5906538,90103.5929408,90103.594731,4.077200006577186
2,32,completed,90103.5905049,90103.5929488,90103.5951714,4.666499997256324
5,32,completed,90103.5904925,90103.5929295,90103.5956148,5.122299990034662
4,33,completed,90103.6180423,90103.6198702,90103.6207761,2.7337999927112833
2,33,completed,90103.6181481,90103.620249,90103.6212624,3.1143000087467954
1,33,completed,90103.6181357,90103.6203143,90103.6217142,3.578499992727302
0,33,completed,90103.6183174,90103.6203364,90103.6221664,3.8490000006277114
3,33,completed,90103.6182241,90103.6203104,90103.6225763,4.352199990535155
5,33,completed,90103.6182024,90103.6203098,90103.62299,4.787600002600811
3,34,completed,90103.6528289,90103.6550475,90103.655798,2.9691000090679154
1,34,completed,90103.6529094,90103.6551729,90103.656275,3.365600001416169
4,34,completed,90103.6531151,90103.655302,90103.6567448,3.6297000042395666
5,34,completed,90103.6529525,90103.6552547,90103.657202,4.249500008882023
2,34,completed,90103.6528304,90103.6553252,90103.6576572,4.826800010050647
0,34,completed,90103.6531754,90103.6554042,90103.6581265,4.951099996105768
4,35,completed,90103.6875358,90103.6893595,90103.6901122,2.5764000019989908
0,35,completed,90103.6874822,90103.6895112,90103.6906212,3.1390000076498836
5,35,completed,90103.6877474,90103.6896227,90103.6910895,3.3420999970985577
2,35,completed,90103.6875166,90103.6895922,90103.6915426,4.026000009616837
1,35,completed,90103.6876138,90103.6896662,90103.6920353,4.4215000089025125
3,35,completed,90103.6876894,90103.6897071,90103.6925216,4.83219999296125
2,36,completed,90103.7222883,90103.7245415,90103.7252191,2.9307999939192086
1,36,completed,90103.7222753,90103.7245276,90103.7257123,3.4370000066701323
0,36,completed,90103.7223661,90103.7246523,90103.7262062,3.8400999910663813
3,36,completed,90103.7223444,90103.7247038,90103.7266596,4.315199999837205
5,36,completed,90103.7224441,90103.724737,90103.7271245,4.680400001234375
4,36,completed,90103.7225626,90103.7247489,90103.7276046,5.042000004323199
3,37,completed,90103.7567784,90103.7596545,90103.7604186,3.6401999968802556
0,37,completed,90103.7568607,90103.7597568,90103.7609334,4.072700001415797
1,37,completed,90103.7567872,90103.7598263,90103.7614444,4.6571999992011115
2,37,completed,90103.7568309,90103.759901,90103.7619027,5.071799998404458
5,37,completed,90103.7569813,90103.7599779,90103.7623601,5.378799993195571
4,37,completed,90103.7571049,90103.7599902,90103.7628084,5.703500006347895
5,38,completed,90103.7846516,90103.7864921,90103.7872856,2.634000004036352
3,38,completed,90103.7846859,90103.786591,90103.7877995,3.11360000341665
4,38,completed,90103.7847307,90103.7866549,90103.7882367,3.5059999936493114
1,38,completed,90103.7846657,90103.7867685,90103.788731,4.065299988724291
2,38,completed,90103.7849062,90103.7867917,90103.7892092,4.302999994251877
0,38,completed,90103.7848671,90103.7868649,90103.7897391,4.872000004979782
1,39,completed,90103.819526,90103.8216487,90103.8223983,2.8722999995807186
4,39,completed,90103.8195877,90103.8217257,90103.8229116,3.3239000040339306
3,39,completed,90103.8196432,90103.8218329,90103.8234157,3.7725000001955777
0,39,completed,90103.8195323,90103.8217805,90103.8238865,4.354200005764142
5,39,completed,90103.8198273,90103.821891,90103.824361,4.53370000468567
2,39,completed,90103.8200648,90103.822011,90103.8248266,4.76179999532178
1,40,completed,90103.8541181,90103.8551157,90103.8570612,2.9431000002659857
2,40,completed,90103.8540924,90103.8553638,90103.8575805,3.4881000028690323
5,40,completed,90103.8540572,90103.8566681,90103.8581009,4.043699998874217
4,40,completed,90103.8547267,90103.8569242,90103.8585622,3.8354999996954575
0,40,completed,90103.8547476,90103.8569391,90103.8590228,4.27520000084769
3,40,completed,90103.8548644,90103.856977,90103.859473,4.60860000748653
1,41,completed,90103.8889857,90103.8909512,90103.8918146,2.8289000038057566
0,41,completed,90103.8890775,90103.8911127,90103.8923412,3.263699996750802
5,41,completed,90103.8889859,90103.8911076,90103.8928297,3.8437999901361763
3,41,completed,90103.8890263,90103.8911862,90103.8933448,4.3184999958612025
2,41,completed,90103.8890199,90103.8912209,90103.8938344,4.81450000370387
4,41,completed,90103.8891606,90103.891274,90103.8942916,5.130999998073094
1,42,completed,90103.9236123,90103.9255638,90103.9263339,2.7216000016778708
5,42,completed,90103.9237116,90103.925827,90103.9268321,3.1204999977489933
0,42,completed,90103.9238089,90103.9258781,90103.9272958,3.4868999937316403
3,42,completed,90103.9236447,90103.925922,90103.9277444,4.099700003280304
2,42,completed,90103.923884,90103.9259215,90103.9281953,4.311299999244511
4,42,completed,90103.9236293,90103.9259154,90103.9286373,5.008000007364899
1,43,completed,90103.9513766,90103.9532398,90103.954073,2.696399998967536
5,43,completed,90103.9514233,90103.9533729,90103.9545814,3.1581000075675547
2,43,completed,90103.9514176,90103.9534573,90103.9550595,3.6419000098248944
3,43,completed,90103.9514796,90103.9534787,90103.9555191,4.039499995997176
0,43,completed,90103.9516088,90103.9536656,90103.9559667,4.357900004833937
4,43,completed,90103.9516792,90103.9536632,90103.9564005,4.721299992525019
5,44,completed,90103.9861302,90103.9885341,90103.9891973,3.0670999985886738
4,44,completed,90103.986368,90103.9885107,90103.9896815,3.3134999976027757
2,44,completed,90103.9861558,90103.988628,90103.9901466,3.9908000035211444
1,44,completed,90103.9862641,90103.9886735,90103.9905881,4.32399999408517
3,44,completed,90103.9863291,90103.9886922,90103.991095,4.765900011989288
0,44,completed,90103.9861671,90103.9887276,90103.9916283,5.461200009449385
0,45,completed,90104.0208529,90104.0226401,90104.0235337,2.6808000111486763
3,45,completed,90104.0208394,90104.0227896,90104.0241372,3.297800009022467
5,45,completed,90104.0209092,90104.0228078,90104.0245863,3.6771000013686717
4,45,completed,90104.0209605,90104.022962,90104.0250507,4.0902000037021935
2,45,completed,90104.0210083,90104.0229963,90104.0255442,4.53590000688564
1,45,completed,90104.0210936,90104.0232776,90104.0265419,5.448300013085827
5,46,completed,90104.0555178,90104.0574155,90104.0582266,2.708799991523847
4,46,completed,90104.0555597,90104.0574813,90104.0587554,3.1956999882822856
0,46,completed,90104.0556578,90104.0576825,90104.0592243,3.566500003216788
2,46,completed,90104.0556392,90104.0576738,90104.0596811,4.041899999720044
1,46,completed,90104.055555,90104.0577042,90104.0601062,4.551200006972067
3,46,completed,90104.0557025,90104.0577967,90104.0605331,4.830599995329976
1,47,completed,90104.0903769,90104.0923114,90104.0930459,2.6689999940572307
0,47,completed,90104.0904097,90104.0924611,90104.0936709,3.2611999922664836
4,47,completed,90104.0904524,90104.0925524,90104.0941877,3.7352999934228137
3,47,completed,90104.0904277,90104.0925324,90104.0946331,4.205400007776916
2,47,completed,90104.0905313,90104.0925933,90104.0950793,4.5479999971576035
5,47,completed,90104.090491,90104.0925842,90104.0955269,5.0359000015305355
4,48,completed,90104.1180874,90104.120484,90104.1212403,3.1528999970760196
2,48,completed,90104.1181212,90104.1206071,90104.1217464,3.625199999078177
0,48,completed,90104.1180784,90104.1207398,90104.1222015,4.123099992284551
5,48,completed,90104.1181444,90104.1207688,90104.1226465,4.5021000114502385
1,48,completed,90104.1182192,90104.120736,90104.1230868,4.867600000579841
3,48,completed,90104.1183494,90104.1208094,90104.1235209,5.171500000869855
1,49,completed,90104.15282,90104.1547337,90104.1554796,2.659599995240569
4,49,completed,90104.1527964,90104.1546845,90104.1559968,3.200399994966574
5,49,completed,90104.1528659,90104.1549332,90104.1564735,3.6075999960303307
2,49,completed,90104.15296,90104.1549668,90104.1569884,4.0283999987877905
0,49,completed,90104.1529042,90104.155029,90104.1575053,4.601099994033575
3,49,completed,90104.1529466,90104.1550576,90104.1579077,4.961099999491125
5,50,completed,90104.1875693,90104.1898144,90104.1906381,3.0687999969813973
3,50,completed,90104.1876737,90104.1900248,90104.1911733,3.4996000031242147
1,50,completed,90104.1878515,90104.1901161,90104.1916669,3.8154000067152083
0,50,completed,90104.1877174,90104.190144,90104.1921191,4.401700003654696
2,50,completed,90104.1876046,90104.1902137,90104.1925988,4.994200004148297
4,50,completed,90104.1879899,90104.1902386,90104.1930446,5.054699999163859
5,51,completed,90104.2222395,90104.2246004,90104.2253861,3.1466000073123723
3,51,completed,90104.2224024,90104.2247656,90104.2258881,3.4856999991461635
0,51,completed,90104.2222802,90104.2248268,90104.2263566,4.076400000485592
1,51,completed,90104.2222562,90104.224864,90104.2268493,4.593100005877204
4,51,completed,90104.2224744,90104.2248868,90104.227305,4.830599995329976
2,51,completed,90104.2223462,90104.2249129,90104.2277906,5.444399997941218
5,52,completed,90104.2570248,90104.2587712,90104.2596441,2.6193000085186213
2,52,completed,90104.2570749,90104.2589866,90104.2601677,3.0928000051062554
1,52,completed,90104.2571337,90104.2590215,90104.2606378,3.5041000082856044
0,52,completed,90104.2571845,90104.2591385,90104.2610911,3.9065999881131575
3,52,completed,90104.25729,90104.259161,90104.2615525,4.262500006007031
4,52,completed,90104.2573798,90104.2592335,90104.2619999,4.620100007741712
0,53,completed,90104.2846583,90104.2862282,90104.2871952,2.5368999922648072
2,53,completed,90104.2846534,90104.2863383,90104.2876891,3.035700006876141
3,53,completed,90104.2847637,90104.2864942,90104.2881591,3.395400010049343
1,53,completed,90104.2849212,90104.2867291,90104.2886286,3.707399999257177
4,53,completed,90104.2851102,90104.2867648,90104.2890715,3.9612999971723184
5,53,completed,90104.2853715,90104.286879,90104.2895268,4.155300004640594
1,54,completed,90104.3196427,90104.3217081,90104.3224753,2.8326000028755516
5,54,completed,90104.3196197,90104.3216987,90104.3229956,3.3758999925339594
0,54,completed,90104.3196811,90104.3219053,90104.3234832,3.802100007305853
4,54,completed,90104.3195791,90104.3218764,90104.3239661,4.38699999358505
2,54,completed,90104.3198332,90104.3219305,90104.3244721,4.63889999082312
3,54,completed,90104.3197813,90104.3219918,90104.32499,5.208699993090704
0,55,completed,90104.3543465,90104.3563309,90104.3570541,2.70759999693837
3,55,completed,90104.3542945,90104.3562812,90104.3575966,3.302100012660958
4,55,completed,90104.3543244,90104.3564018,90104.3580726,3.7481999897863716
5,55,completed,90104.3544592,90104.356487,90104.3585988,4.13960000150837
1,55,completed,90104.3544167,90104.3565435,90104.3590829,4.666200009523891
2,55,completed,90104.3543859,90104.3565637,90104.3595541,5.168199990293942
5,56,completed,90104.3890771,90104.3909359,90104.391894,2.8168999997433275
1,56,completed,90104.3890927,90104.3913016,90104.3924686,3.3758999925339594
0,56,completed,90104.3892486,90104.3913204,90104.3930016,3.7529999972321093
4,56,completed,90104.3891825,90104.3913702,90104.3935114,4.328900002292357
2,56,completed,90104.3890768,90104.3913835,90104.394015,4.93819999974221
3,56,completed,90104.3891566,90104.3914159,90104.3945345,5.377900000894442
3,57,completed,90104.4237359,90104.4254784,90104.4264629,2.7269999991403893
2,57,completed,90104.4237525,90104.4257953,90104.4270216,3.2690999942133203
4,57,completed,90104.4238033,90104.4257029,90104.4274888,3.685500007122755
0,57,completed,90104.4238733,90104.4257939,90104.4280068,4.133499998715706
1,57,completed,90104.4237466,90104.4258182,90104.4285585,4.811899998458102
5,57,completed,90104.4239713,90104.4263182,90104.4290536,5.082300005597062
0,58,completed,90104.4514665,90104.4531552,90104.4541431,2.6765999937197194
1,58,completed,90104.4514888,90104.4531498,90104.4547018,3.213000003597699
5,58,completed,90104.4516546,90104.4536206,90104.4551981,3.5435000027064234
4,58,completed,90104.4516082,90104.4537491,90104.455716,4.1077999921981245
3,58,completed,90104.4517316,90104.4537798,90104.456197,4.465400008484721
2,58,completed,90104.451549,90104.4538187,90104.4567707,5.221699990215711
4,59,completed,90104.4862051,90104.4877714,90104.4888341,2.629000009619631
2,59,completed,90104.4862876,90104.487974,90104.4895095,3.221899998607114
5,59,completed,90104.4861908,90104.4881932,90104.4900465,3.855699993437156
3,59,completed,90104.4863236,90104.4884242,90104.4906915,4.367900008219294
0,59,completed,90104.4863979,90104.488446,90104.4913902,4.992300004232675
1,59,completed,90104.4862372,90104.4884679,90104.4920435,5.8062999887624756
3,60,completed,90104.5209381,90104.5227683,90104.523803,2.8649000014411286
1,60,completed,90104.5209532,90104.5228887,90104.5245079,3.5547000006772578
4,60,completed,90104.5211424,90104.523051,90104.5251318,3.9893999928608537
5,60,completed,90104.5210285,90104.5230375,90104.525739,4.710499997599982
0,60,completed,90104.5209905,90104.5231246,90104.5270059,6.015400009346195
2,60,completed,90104.5210583,90104.5231664,90104.5277453,6.6870000009657815
1,61,completed,90104.5623961,90104.5641702,90104.5651265,2.7304000104777515
3,61,completed,90104.562444,90104.564251,90104.5658084,3.3644000068306923
0,61,completed,90104.5626205,90104.5644302,90104.5664155,3.794999996898696
4,61,completed,90104.5625214,90104.5644039,90104.5670206,4.499200003920123
2,61,completed,90104.5624657,90104.5644471,90104.5676055,5.139799992321059
5,61,completed,90104.5625738,90104.5645122,90104.568191,5.617200004053302
4,62,completed,90104.5903752,90104.5921374,90104.5930801,2.7049000054830685
1,62,completed,90104.5904481,90104.592254,90104.5937237,3.2756000000517815
0,62,completed,90104.5904713,90104.5923996,90104.5943373,3.8659999991068617
3,62,completed,90104.5904,90104.5923712,90104.5949713,4.571299999952316
5,62,completed,90104.5905653,90104.5924844,90104.595604,5.038700008299202
2,62,completed,90104.590603,90104.5925213,90104.5961821,5.579099990427494
3,63,completed,90104.6180532,90104.6198742,90104.6208635,2.810299993143417
1,63,completed,90104.6180474,90104.6200628,90104.6215133,3.465899993898347
5,63,completed,90104.6181332,90104.6201416,90104.6221232,3.9899999974295497
2,63,completed,90104.6182479,90104.6201859,90104.6227721,4.524200005107559
4,63,completed,90104.6181945,90104.6202623,90104.6234075,5.212999996729195
0,63,completed,90104.6180788,90104.6202496,90104.6239867,5.907899991143495
0,64,completed,90104.6527056,90104.6545036,90104.6554554,2.7497999981278554
5,64,completed,90104.6526983,90104.6546668,90104.6560771,3.378800000064075
3,64,completed,90104.6528659,90104.654683,90104.6566802,3.8142999983392656
2,64,completed,90104.6527592,90104.6547686,90104.6572704,4.511199993430637
4,64,completed,90104.6527459,90104.654815,90104.6578637,5.117799999425188
1,64,completed,90104.6528246,90104.654821,90104.6584551,5.630500003462657
5,65,completed,90104.6875449,90104.6892441,90104.6901818,2.6368999970145524
0,65,completed,90104.6875234,90104.6894122,90104.6908382,3.314799992949702
2,65,completed,90104.6875607,90104.6894486,90104.6914628,3.902099997503683
4,65,completed,90104.6876874,90104.6895044,90104.6920797,4.3923000048380345
1,65,completed,90104.6876309,90104.6895951,90104.6927228,5.091899991384707
3,65,completed,90104.6877625,90104.6897075,90104.6933672,5.604699996183626
3,66,completed,90104.7221712,90104.7241341,90104.7250432,2.8719999972963706
1,66,completed,90104.7221712,90104.7241953,90104.7256762,3.505000000586733
2,66,completed,90104.7222639,90104.724314,90104.7262762,4.012300007161684
0,66,completed,90104.7222975,90104.7243161,90104.7268732,4.575699989800341
4,66,completed,90104.7222465,90104.7244416,90104.7274613,5.214800010435283
5,66,completed,90104.7223424,90104.7244778,90104.7281411,5.798700003651902
3,67,completed,90104.7569163,90104.7587481,90104.7597146,2.798300003632903
4,67,completed,90104.7569326,90104.7589878,90104.7603625,3.4299000108148903
5,67,completed,90104.7570041,90104.7589951,90104.7609684,3.9643000054638833
0,67,completed,90104.7569149,90104.7589771,90104.7616072,4.6922999899834394
2,67,completed,90104.7571028,90104.7589316,90104.7622873,5.1844999979948625
1,67,completed,90104.7570272,90104.7591115,90104.7629129,5.885699996724725
4,68,completed,90104.784886,90104.7868018,90104.788168,3.2820000051287934
1,68,completed,90104.7848478,90104.7868552,90104.7904308,5.583000005572103
5,68,completed,90104.7847252,90104.7867682,90104.7914009,6.675699987681583
2,68,completed,90104.7847865,90104.78685,90104.7923117,7.525200009695254
3,68,completed,90104.7847682,90104.7868419,90104.7931521,8.383899999898858
0,68,completed,90104.7847439,90104.7867733,90104.7938278,9.083899989491329
5,69,completed,90104.8264508,90104.8287568,90104.8295904,3.1395999976666644
0,69,completed,90104.8265474,90104.8287096,90104.8304013,3.8538999942829832
1,69,completed,90104.8264989,90104.8287626,90104.8310519,4.552999991574325
3,69,completed,90104.8264505,90104.8287067,90104.8317872,5.33670000731945
2,69,completed,90104.8264764,90104.8287678,90104.8324178,5.941399998846464
4,69,completed,90104.8266009,90104.8288868,90104.8332277,6.626799993682653
4,70,completed,90104.8544009,90104.8566645,90104.8574904,3.0894999945303425
1,70,completed,90104.8544508,90104.8567099,90104.8582582,3.807399989455007
2,70,completed,90104.8543488,90104.8565993,90104.8589045,4.5556999975815415
0,70,completed,90104.8543315,90104.8566703,90104.8595861,5.2546000079018995
3,70,completed,90104.8545119,90104.8567911,90104.8603199,5.808000001707114
5,70,completed,90104.8543311,90104.8568264,90104.8613011,6.970000002183951
2,71,completed,90104.8890788,90104.8913884,90104.8922086,3.1297999958042055
3,71,completed,90104.8891591,90104.8913429,90104.8929413,3.7822000012965873
4,71,completed,90104.8890454,90104.8913267,90104.8936556,4.610199990565889
1,71,completed,90104.8890473,90104.8914658,90104.8943935,5.346199992345646
5,71,completed,90104.8891288,90104.8915048,90104.8950272,5.898399991565384
0,71,completed,90104.8891433,90104.8915196,90104.8962278,7.084500000928529
1,72,completed,90104.9238756,90104.926385,90104.9271489,3.273299997090362
5,72,completed,90104.9237847,90104.9263352,90104.9278478,4.063100001076236
2,72,completed,90104.9237854,90104.9263345,90104.9285361,4.750699998112395
0,72,completed,90104.9238122,90104.9263447,90104.929185,5.372800005716272
4,72,completed,90104.9239353,90104.9263919,90104.9298828,5.947500001639128
3,72,completed,90104.923838,90104.9263746,90104.9307061,6.868099997518584
4,73,completed,90104.951455,90104.9536757,90104.9546383,3.1832999957259744
0,73,completed,90104.951629,90104.9539294,90104.9552718,3.642800002126023
5,73,completed,90104.9514241,90104.9540146,90104.9558623,4.438200005097315
2,73,completed,90104.951474,90104.9540102,90104.9565159,5.04190000356175
3,73,completed,90104.9515762,90104.9541078,90104.9571661,5.589899999904446
1,73,completed,90104.9515274,90104.9541256,90104.9577634,6.2360000010812655
4,74,completed,90104.9864387,90104.9885632,90104.989408,2.969299996038899
3,74,completed,90104.9865263,90104.9886327,90104.9901315,3.605200006859377
5,74,completed,90104.9864625,90104.9885569,90104.9907336,4.2710999987320974
0,74,completed,90104.9866549,90104.988722,90104.9913414,4.686500004027039
1,74,completed,90104.9864179,90104.9887525,90104.9919368,5.5188999976962805
2,74,completed,90104.9866059,90104.9887931,90104.9925391,5.933199994615279
3,75,completed,90105.0209617,90105.0232521,90105.0242319,3.270200002589263
2,75,completed,90105.0210756,90105.023507,90105.0248936,3.8179999974090606
5,75,completed,90105.0210001,90105.0236173,90105.0254699,4.4698000128846616
1,75,completed,90105.0210529,90105.023658,90105.0261038,5.050899999332614
0,75,completed,90105.0212223,90105.0236776,90105.0272016,5.979299996397458
4,75,completed,90105.0211397,90105.0236714,90105.0279592,6.819500005804002
3,76,completed,90105.0555232,90105.0578839,90105.0587519,3.228699992178008
1,76,completed,90105.0555689,90105.0578646,90105.0593907,3.821799997240305
0,76,completed,90105.0555101,90105.0580046,90105.0599827,4.472599990549497
2,76,completed,90105.0556128,90105.0581536,90105.0605832,4.9703999975463375
4,76,completed,90105.0556631,90105.0581477,90105.0611877,5.524599997443147
5,76,completed,90105.0556365,90105.0581572,90105.0617788,6.142300000647083
3,77,completed,90105.0899942,90105.0918047,90105.0927787,2.784500000416301
0,77,completed,90105.0901186,90105.0920169,90105.0934058,3.2872000010684133
1,77,completed,90105.0900189,90105.0921167,90105.0939915,3.9726000104565173
5,77,completed,90105.0899942,90105.092107,90105.0945844,4.590199998347089
2,77,completed,90105.0901786,90105.0922196,90105.0951527,4.974099996616133
4,77,completed,90105.0901652,90105.0922174,90105.0957309,5.5656999902566895
2,78,completed,90105.1180502,90105.1200091,90105.1209571,2.906900001107715
0,78,completed,90105.1181657,90105.1202231,90105.1215916,3.425899994908832
4,78,completed,90105.1182177,90105.1202748,90105.1221885,3.9707999967504293
5,78,completed,90105.1183113,90105.1203111,90105.1227682,4.4569000019691885
1,78,completed,90105.1181047,90105.1203593,90105.1233527,5.248000001301989
3,78,completed,90105.1180837,90105.1204021,90105.123984,5.900300006032921
1,79,completed,90105.1527705,90105.1548828,90105.1558026,3.03209999401588
3,79,completed,90105.1527822,90105.1548599,90105.1564568,3.6745999968843535
4,79,completed,90105.1529787,90105.1551763,90105.1570822,4.103500003111549
2,79,completed,90105.153069,90105.155212,90105.1576869,4.617899990989827
0,79,completed,90105.152856,90105.1551916,90105.1582948,5.438799998955801
5,79,completed,90105.1529065,90105.1551696,90105.1589674,6.060899992007762
0,80,completed,90105.1876201,90105.1894065,90105.1902361,2.6159999979427084
2,80,completed,90105.1875457,90105.1895413,90105.19089,3.344299999298528
3,80,completed,90105.1875457,90105.1895354,90105.1915017,3.9560000004712492
5,80,completed,90105.1877245,90105.1895761,90105.1921076,4.383099992992356
4,80,completed,90105.1876122,90105.1896,90105.1927024,5.090200007543899
1,80,completed,90105.1875843,90105.1895889,90105.1934183,5.833999995957129
4,81,completed,90105.222434,90105.2249389,90105.2258363,3.4023000043816864
2,81,completed,90105.2226264,90105.2250585,90105.2264693,3.8428999978350475
1,81,completed,90105.2225068,90105.225088,90105.2270764,4.569600001559593
0,81,completed,90105.2226742,90105.2250745,90105.2277107,5.036499991547316
5,81,completed,90105.2224551,90105.225097,90105.2283573,5.9022000059485435
3,81,completed,90105.2225421,90105.2251331,90105.2292936,6.751499997335486
2,82,completed,90105.2570944,90105.2589165,90105.2596447,2.550299992435612
1,82,completed,90105.2570552,90105.258835,90105.260282,3.226800006814301
4,82,completed,90105.2569875,90105.258976,90105.2608838,3.896299996995367
5,82,completed,90105.2569659,90105.2589501,90105.261482,4.516100001637824
3,82,completed,90105.2570033,90105.2589874,90105.2620451,5.041800002800301
0,82,completed,90105.2571344,90105.2590463,90105.262631,5.496600002516061
5,83,completed,90105.2849509,90105.2866743,90105.287646,2.6951000036206096
1,83,completed,90105.2851175,90105.2869236,90105.2882848,3.1673000048613176
2,83,completed,90105.2849294,90105.2869384,90105.2889053,3.9758999919285998
0,83,completed,90105.2849385,90105.286959,90105.2895466,4.608100003679283
3,83,completed,90105.2850015,90105.2870378,90105.290144,5.142499998328276
4,83,completed,90105.2850684,90105.2870419,90105.2907457,5.677299996023066
2,84,completed,90105.3194555,90105.321551,90105.3223464,2.890900010243058
3,84,completed,90105.3195853,90105.3216237,90105.3230098,3.4244999988004565
1,84,completed,90105.3195314,90105.3216406,90105.3236182,4.086799992364831
0,84,completed,90105.3196065,90105.3216516,90105.3242939,4.687400010880083
4,84,completed,90105.3194507,90105.3215525,90105.3249071,5.456400002003647
5,84,completed,90105.3196755,90105.3216932,90105.3254927,5.817199999000877
3,85,completed,90105.3538862,90105.355831,90105.3568556,2.969399996800348
1,85,completed,90105.3539353,90105.356,90105.3575296,3.5943000111728907
0,85,completed,90105.3539696,90105.3560917,90105.3581861,4.216500004986301
5,85,completed,90105.3539939,90105.356105,90105.3587946,4.800700000487268
2,85,completed,90105.3541089,90105.3562911,90105.3594012,5.29229998937808
4,85,completed,90105.3540791,90105.3562787,90105.3600767,5.99760000477545
5,86,completed,90105.3890758,90105.3907997,90105.3920808,3.004999991389923
2,86,completed,90105.3891001,90105.3911489,90105.3928478,3.74770000053104
1,86,completed,90105.3893578,90105.3913116,90105.3934998,4.142000005231239
4,86,completed,90105.3892117,90105.3913307,90105.39417,4.958299992722459
3,86,completed,90105.3892665,90105.3914389,90105.3948199,5.553399998461828
0,86,completed,90105.3893193,90105.3915724,90105.3955017,6.182400000398047
4,87,completed,90105.4236202,90105.4255397,90105.4263999,2.7796999929705635
2,87,completed,90105.4237463,90105.4256923,90105.4270329,3.2865999964997172
3,87,completed,90105.4237019,90105.4257239,90105.4276803,3.978399996412918
0,87,completed,90105.4236737,90105.425723,90105.4282657,4.5919999975012615
5,87,completed,90105.4235739,90105.4257682,90105.4288482,5.274299997836351
1,87,completed,90105.4235752,90105.4257462,90105.4294282,5.853000009665266
3,88,completed,90105.4514224,90105.4531792,90105.4540558,2.633399999467656
5,88,completed,90105.4514043,90105.4531849,90105.4546871,3.282800011220388
2,88,completed,90105.4513798,90105.4532987,90105.4552856,3.905799996573478
1,88,completed,90105.4514556,90105.4533966,90105.4559125,4.456899987417273
0,88,completed,90105.4515024,90105.4534859,90105.4565211,5.018700001528487
4,88,completed,90105.4515806,90105.453493,90105.4571247,5.544100000406615
4,89,completed,90105.4860513,90105.4879847,90105.4888138,2.7624999929685146
5,89,completed,90105.4861242,90105.4880009,90105.4894515,3.3273000008193776
0,89,completed,90105.4860287,90105.488052,90105.4900491,4.0203999960795045
2,89,completed,90105.4860884,90105.4880946,90105.4906383,4.549900011625141
3,89,completed,90105.4861972,90105.4881492,90105.4912289,5.031699998653494
1,89,completed,90105.4862515,90105.4881858,90105.4918386,5.587100007687695
4,90,completed,90105.5208651,90105.5228665,90105.5237305,2.8654000052483752
2,90,completed,90105.5208362,90105.5229468,90105.524352,3.5157999955117702
1,90,completed,90105.5209988,90105.5230611,90105.52505,4.051199997775257
5,90,completed,90105.5209332,90105.5230764,90105.5257618,4.82860000920482
0,90,completed,90105.5208481,90105.5231119,90105.526417,5.568900000071153
3,90,completed,90105.5209662,90105.5231328,90105.5276671,6.700900004943833
1,91,completed,90105.5556803,90105.5577719,90105.5586816,3.001299992320128
4,91,completed,90105.5557824,90105.5579311,90105.5593244,3.5420000058365986
0,91,completed,90105.5557319,90105.5579825,90105.5598997,4.167799997958355
2,91,completed,90105.5559035,90105.5580951,90105.560376,4.472499989788048
3,91,completed,90105.5556428,90105.5580861,90105.5608813,5.238500001723878
5,91,completed,90105.5558578,90105.5580948,90105.5614802,5.622399999992922
4,92,completed,90105.5903691,90105.5922585,90105.592986,2.6169000047957525
0,92,completed,90105.5904179,90105.5923365,90105.5936216,3.2036999909905717
3,92,completed,90105.5904524,90105.5924245,90105.5940568,3.604399986215867
1,92,completed,90105.5905007,90105.5924166,90105.5946332,4.132500005653128
5,92,completed,90105.5903382,90105.5924576,90105.5950692,4.7310000081779435
2,92,completed,90105.5906056,90105.5925696,90105.5954993,4.89370001014322
3,93,completed,90105.6247582,90105.6270223,90105.6277424,2.984199993079528
0,93,completed,90105.6248907,90105.6270231,90105.62845,3.559300006600097
2,93,completed,90105.6247762,90105.627127,90105.6289687,4.192499996861443
5,93,completed,90105.6247625,90105.6270375,90105.6295404,4.777900001499802
1,93,completed,90105.6248211,90105.6272006,90105.6303188,5.4976999963400885
4,93,completed,90105.6249411,90105.6271978,90105.6309055,5.964399999356829
3,94,completed,90105.6527654,90105.6547349,90105.6557329,2.967500011436641
0,94,completed,90105.652746,90105.6550119,90105.6563978,3.6517999978968874
4,94,completed,90105.6529885,90105.6550841,90105.6568665,3.8779999886173755
5,94,completed,90105.6527825,90105.6551921,90105.657338,4.555500010610558
2,94,completed,90105.6528552,90105.6552239,90105.6578167,4.961500002536923
1,94,completed,90105.6529001,90105.6552938,90105.6584534,5.553299997700378
2,95,completed,90105.6874909,90105.6893475,90105.690121,2.6301000034436584
5,95,completed,90105.6874501,90105.6894962,90105.6906393,3.1891999969957396
3,95,completed,90105.6877027,90105.6896042,90105.6910958,3.3930999925360084
4,95,completed,90105.6876275,90105.6896452,90105.6915567,3.92920000012964
0,95,completed,90105.6874415,90105.689641,90105.6921321,4.690599991590716
1,95,completed,90105.6875331,90105.689646,90105.6927529,5.219799990300089
0,96,completed,90105.7223488,90105.7244852,90105.7253975,3.048700004001148
3,96,completed,90105.7223858,90105.7246477,90105.7258857,3.4998999908566475
4,96,completed,90105.7225163,90105.724727,90105.7263627,3.846400009933859
1,96,completed,90105.7224147,90105.7246724,90105.727019,4.604300003848039
2,96,completed,90105.7225621,90105.7247915,90105.7276559,5.093800005852245
5,96,completed,90105.722451,90105.7247103,90105.7281802,5.729200012865476
2,97,completed,90105.7570103,90105.7588757,90105.7597562,2.7458999975351617
4,97,completed,90105.7570379,90105.7590141,90105.7602856,3.247700005886145
1,97,completed,90105.7571562,90105.7591508,90105.7608737,3.717500003403984
3,97,completed,90105.7570976,90105.7592412,90105.7613108,4.213199994410388
5,97,completed,90105.7570669,90105.7592267,90105.7617583,4.691399997682311
0,97,completed,90105.7572055,90105.7592076,90105.7623648,5.1592999952845275
5,98,completed,90105.7845312,90105.7864779,90105.7873506,2.8194000042276457
0,98,completed,90105.7845167,90105.7865265,90105.7882049,3.6881999985780567
3,98,completed,90105.7845599,90105.7866104,90105.7888478,4.287899995688349
2,98,completed,90105.7848811,90105.7868265,90105.7894204,4.539300003671087
4,98,completed,90105.7846418,90105.7868701,90105.7899619,5.320099997334182
1,98,completed,90105.7846102,90105.7868619,90105.7907122,6.10199999937322
2,99,completed,90105.8264651,90105.828439,90105.8293184,2.853300000424497
4,99,completed,90105.8265242,90105.8285666,90105.8298794,3.355199994985014
3,99,completed,90105.8265592,90105.8286444,90105.8303739,3.814700001385063
1,99,completed,90105.8264857,90105.8287297,90105.8309824,4.496699999435805
0,99,completed,90105.826612,90105.828739,90105.8315918,4.979799996362999
5,99,completed,90105.826678,90105.8287442,90105.8320662,5.388200006564148
1,100,completed,90105.8541717,90105.8561783,90105.8571018,2.9300999885890633
4,100,completed,90105.854172,90105.8562602,90105.8576703,3.4982999932253733
5,100,completed,90105.8543397,90105.8562757,90105.8582084,3.8686999905621633
0,100,completed,90105.8542359,90105.8563357,90105.8588695,4.633600008673966
3,100,completed,90105.8547102,90105.8564318,90105.8593741,4.663899992010556
2,100,completed,90105.8544639,90105.8564787,90105.8598307,5.366800003685057
0,101,completed,90105.8889,90105.8908427,90105.8917978,2.8977999900234863
4,101,completed,90105.8890061,90105.891006,90105.8923218,3.315699999802746
1,101,completed,90105.8889345,90105.8910041,90105.8929237,3.989199991337955
5,101,completed,90105.8890508,90105.8910819,90105.8934724,4.421599995112047
2,101,completed,90105.8889611,90105.8911386,90105.8939793,5.01819999772124
3,101,completed,90105.8891222,90105.8912158,90105.8945312,5.409000004874542
0,102,completed,90105.9235908,90105.9256485,90105.9264734,2.882600005250424
5,102,completed,90105.9235561,90105.9256823,90105.9269494,3.3933000086108223
2,102,completed,90105.9235633,90105.9255853,90105.9273996,3.836299991235137
4,102,completed,90105.9237196,90105.925795,90105.9278972,4.1775999998208135
1,102,completed,90105.9236615,90105.9258557,90105.9285171,4.855599996517412
3,102,completed,90105.9236272,90105.9259169,90105.9289837,5.356499998015352
5,103,completed,90105.9512958,90105.953233,90105.9539672,2.6713999977800995
1,103,completed,90105.9513496,90105.9532941,90105.9546311,3.2815000013215467
4,103,completed,90105.9513744,90105.953403,90105.9550727,3.6983000027248636
3,103,completed,90105.9515762,90105.9534754,90105.9555378,3.9615999994566664
0,103,completed,90105.9514037,90105.9534751,90105.9561228,4.719099990325049
2,103,completed,90105.9515128,90105.9534527,90105.956624,5.111199992825277
0,104,completed,90105.9862266,90105.9881408,90105.9889982,2.7716000040527433
4,104,completed,90105.9863749,90105.9882173,90105.9895824,3.207499990821816
3,104,completed,90105.986391,90105.9883049,90105.9901063,3.715300001204014
2,104,completed,90105.9862021,90105.9883332,90105.9906193,4.4172000052640215
1,104,completed,90105.9862496,90105.9883752,90105.9913289,5.0792999973054975
5,104,completed,90105.9863034,90105.9884388,90105.9918724,5.569000000832602
0,105,completed,90106.0277824,90106.0299066,90106.0309938,3.211400005966425
1,105,completed,90106.0278154,90106.0300745,90106.0316523,3.836899995803833
4,105,completed,90106.0277677,90106.0300687,90106.0321338,4.366100009065121
5,105,completed,90106.0279652,90106.030157,90106.0325988,4.633599994122051
2,105,completed,90106.0280036,90106.0301569,90106.0330963,5.092699997476302
3,105,completed,90106.0278559,90106.0302115,90106.0336176,5.761699998402037
0,106,completed,90106.0552549,90106.0570258,90106.0580429,2.7879999979631975
2,106,completed,90106.0552964,90106.0572581,90106.0585834,3.2869999995455146
5,106,completed,90106.0552547,90106.0573039,90106.05913,3.875299997162074
1,106,completed,90106.0553413,90106.057446,90106.059835,4.49369999114424
3,106,completed,90106.0554605,90106.0574448,90106.0603526,4.892099997960031
4,106,completed,90106.0554105,90106.0574338,90106.0608907,5.480199994053692
5,107,completed,90106.0902179,90106.0919933,90106.0929151,2.6972000050591305
3,107,completed,90106.0902546,90106.0924322,90106.0934363,3.1816999980947003
0,107,completed,90106.0903837,90106.092429,90106.0940188,3.635100001702085
1,107,completed,90106.0904855,90106.0924533,90106.0947372,4.251699996530078
4,107,completed,90106.0904191,90106.0924366,90106.0952363,4.8171999951591715
2,107,completed,90106.0902377,90106.0924225,90106.0957413,5.503599997609854
5,108,completed,90106.1180363,90106.1201649,90106.1211622,3.125899995211512
2,108,completed,90106.1181563,90106.1204127,90106.1219409,3.784600005019456
0,108,completed,90106.1181035,90106.1204949,90106.1226073,4.503799995291047
3,108,completed,90106.1180769,90106.1205308,90106.1230925,5.015599992475472
4,108,completed,90106.1180574,90106.1205373,90106.1235598,5.502400003024377
1,108,completed,90106.1182252,90106.1205885,90106.124166,5.940799994277768
0,109,completed,90106.152513,90106.154362,90106.1553245,2.811500002280809
2,109,completed,90106.1525193,90106.1543985,90106.1558945,3.3752000017557293
5,109,completed,90106.1524695,90106.1544972,90106.1564362,3.966700009186752
3,109,completed,90106.1526418,90106.1546473,90106.1570094,4.367600005934946
4,109,completed,90106.1525898,90106.154631,90106.157529,4.939200007356703
1,109,completed,90106.1527211,90106.1546864,90106.1582312,5.5100999888964
4,110,completed,90106.1872209,90106.1891725,90106.1898796,2.6587000029394403
5,110,completed,90106.1871966,90106.1892294,90106.1903992,3.202599997166544
1,110,completed,90106.1873157,90106.189244,90106.1910227,3.707000010763295
3,110,completed,90106.1871413,90106.1891258,90106.1915145,4.373199990368448
2,110,completed,90106.1873507,90106.189364,90106.1919668,4.616100006387569
0,110,completed,90106.1871172,90106.1893871,90106.1925422,5.4250000102911144
3,111,completed,90106.2222024,90106.2242646,90106.2250417,2.8393000102369115
1,111,completed,90106.2222166,90106.2243095,90106.2256922,3.4755999949993566
0,111,completed,90106.2222715,90106.2244438,90106.2263049,4.033400007756427
2,111,completed,90106.222309,90106.2244782,90106.2268074,4.498399997828528
4,111,completed,90106.2224767,90106.2245438,90106.2273381,4.861399997025728
5,111,completed,90106.2224272,90106.2245353,90106.2278099,5.382699993788265
3,112,completed,90106.2568933,90106.2586247,90106.2595522,2.658900004462339
5,112,completed,90106.2569297,90106.2590068,90106.260056,3.126299998257309
4,112,completed,90106.2570251,90106.2590618,90106.2605459,3.5208000044804066
1,112,completed,90106.2569459,90106.2590801,90106.261187,4.24110000312794
0,112,completed,90106.2571471,90106.2590764,90106.2617816,4.634500000975095
2,112,completed,90106.2570952,90106.2591429,90106.2622262,5.130999998073094
4,113,completed,90106.2846652,90106.2861766,90106.2869939,2.3286999930860475
1,113,completed,90106.2846846,90106.2862077,90106.2876674,2.9827999969711527
5,113,completed,90106.2848281,90106.2864902,90106.2881257,3.297599992947653
0,113,completed,90106.2847057,90106.2864798,90106.2887068,4.001099994638935
2,113,completed,90106.2847317,90106.2864802,90106.2892753,4.543600007309578
3,113,completed,90106.298616,90106.2991922,90106.2998818,1.2658000050578266
1,114,completed,90106.3197379,90106.3222034,90106.3232896,3.551699992385693
4,114,completed,90106.3198148,90106.3223641,90106.323838,4.023200002848171
2,114,completed,90106.3197742,90106.32235,90106.3243563,4.582099994877353
3,114,completed,90106.3198479,90106.3223643,90106.3249007,5.052799999248236
0,114,completed,90106.3197022,90106.3224937,90106.3255837,5.881500008399598
5,114,completed,90106.3197021,90106.322482,90106.3260924,6.390300011844374
0,115,completed,90106.3544002,90106.3563732,90106.3573863,2.9861000075470656
4,115,completed,90106.3544956,90106.3565024,90106.3579634,3.4678000083658844
1,115,completed,90106.3544485,90106.3565116,90106.3586349,4.186399994068779
5,115,completed,90106.3544157,90106.3566295,90106.3591942,4.778500006068498
3,115,completed,90106.3546345,90106.3566406,90106.3597622,5.127699987497181
2,115,completed,90106.3545388,90106.3567051,90106.3603283,5.789499991806224
3,116,completed,90106.3889587,90106.3907325,90106.3917216,2.762899996014312
2,116,completed,90106.3889408,90106.3910059,90106.39228,3.3392000041203573
1,116,completed,90106.3891152,90106.3910456,90106.3929597,3.8444999954663217
4,116,completed,90106.3889839,90106.3910627,90106.393504,4.520100002991967
5,116,completed,90106.3890382,90106.3911351,90106.393986,4.94780000008177
0,116,completed,90106.3891604,90106.3911406,90106.3946588,5.498400001670234
4,117,completed,90106.4237109,90106.4254357,90106.4263682,2.657300006831065
2,117,completed,90106.4237848,90106.4257464,90106.4270189,3.2340999896405265
3,117,completed,90106.4238237,90106.4257968,90106.4276406,3.816900003585033
0,117,completed,90106.4238077,90106.4258523,90106.4282486,4.440899996552616
5,117,completed,90106.4237117,90106.4258755,90106.4287078,4.996100004063919
1,117,completed,90106.423725,90106.4258901,90106.429308,5.583000005572103
3,118,completed,90106.4514552,90106.4532246,90106.4542273,2.7720999933080748
0,118,completed,90106.4514689,90106.4534172,90106.4548693,3.400399989914149
5,118,completed,90106.4516691,90106.4535607,90106.4554157,3.7465999921550974
2,118,completed,90106.4515211,90106.4536373,90106.4561409,4.619800005457364
4,118,completed,90106.451613,90106.4536285,90106.4566773,5.064299999503419
1,118,completed,90106.451492,90106.4536202,90106.4573432,5.851200010511093
2,119,completed,90106.4862333,90106.4883377,90106.4893767,3.1433999974979088
5,119,completed,90106.4862624,90106.48841,90106.4899511,3.6887000023853034
4,119,completed,90106.4862196,90106.4883459,90106.490501,4.281399989849888
0,119,completed,90106.4862874,90106.4885246,90106.4910946,4.807200006325729
3,119,completed,90106.4863686,90106.4885199,90106.4918098,5.44120000267867
1,119,completed,90106.4863309,90106.4885385,90106.492284,5.953100000624545
3,120,completed,90106.5209806,90106.5230178,90106.5239968,3.016199989360757
4,120,completed,90106.521017,90106.5232072,90106.5245545,3.537500000675209
5,120,completed,90106.5211008,90106.5231906,90106.5251016,4.000799992354587
1,120,completed,90106.5209327,90106.5232872,90106.5256182,4.685499996412545
2,120,completed,90106.5209427,90106.5232898,90106.5262154,5.272700000205077
0,120,completed,90106.5210393,90106.5231753,90106.5266679,5.628600003547035
1,121,completed,90106.5555562,90106.5575397,90106.5582972,2.74100000387989
0,121,completed,90106.5556026,90106.5575722,90106.5588208,3.218199999537319
4,121,completed,90106.5555623,90106.5574917,90106.5592637,3.7013999972259626
5,121,completed,90106.5555271,90106.5576609,90106.5597381,4.210999992210418
3,121,completed,90106.5557395,90106.5576994,90106.5603435,4.603999987011775
2,121,completed,90106.5557087,90106.5577956,90106.5609216,5.212899995967746
4,122,completed,90106.5902466,90106.5921194,90106.592936,2.689400003873743
0,122,completed,90106.5903274,90106.5922933,90106.5934002,3.0727999983355403
3,122,completed,90106.5903983,90106.5924069,90106.594022,3.623700002208352
2,122,completed,90106.5902615,90106.5923971,90106.5946252,4.3637000053422526
5,122,completed,90106.5904897,90106.5924567,90106.5950508,4.56109999504406
1,122,completed,90106.5903251,90106.5924895,90106.5954851,5.160000000614673
3,123,completed,90106.6181986,90106.620399,90106.6213063,3.107700002146885
0,123,completed,90106.618219,90106.6204135,90106.6218445,3.625500001362525
5,123,completed,90106.6182985,90106.6205644,90106.6224047,4.10619999456685
1,123,completed,90106.6183192,90106.6205917,90106.6229414,4.622199994628318
2,123,completed,90106.6181825,90106.6205979,90106.6235814,5.3989000007277355
4,123,completed,90106.6183627,90106.6206701,90106.6240253,5.662600000505336
3,124,completed,90106.6527344,90106.6546341,90106.6555928,2.8583999956026673
2,124,completed,90106.6527523,90106.6547814,90106.6562501,3.497800003970042
4,124,completed,90106.6528918,90106.6549168,90106.6567833,3.8915000041015446
0,124,completed,90106.6528024,90106.654916,90106.6572709,4.46850000298582
5,124,completed,90106.6528659,90106.6549415,90106.657794,4.928099995595403
1,124,completed,90106.6529534,90106.6550375,90106.6582972,5.343800003174692
4,125,completed,90106.6875307,90106.689285,90106.6901874,2.656700002262369
1,125,completed,90106.6876019,90106.6895638,90106.6907185,3.1165999971562997
0,125,completed,90106.6875608,90106.689613,90106.6911973,3.6364999978104606
3,125,completed,90106.6876636,90106.6896455,90106.6918158,4.152200010139495
5,125,completed,90106.6877968,90106.6896932,90106.6923321,4.535300002316944
2,125,completed,90106.6878344,90106.6897777,90106.6930651,5.230700000538491
4,126,completed,90106.7222616,90106.7242554,90106.725167,2.905399989685975
0,126,completed,90106.7223005,90106.7243884,90106.7257514,3.4508999960962683
1,126,completed,90106.7222436,90106.7243705,90106.7262475,4.003900001407601
5,126,completed,90106.7223364,90106.7244793,90106.7267414,4.404999999678694
3,126,completed,90106.7223738,90106.7245485,90106.7274199,5.0460999918868765
2,126,completed,90106.7224707,90106.7245967,90106.7281669,5.696199994417839
3,127,completed,90106.7570043,90106.7590744,90106.7599146,2.910299997893162
1,127,completed,90106.7571314,90106.7591927,90106.7604552,3.3238000032724813
0,127,completed,90106.7569167,90106.7591711,90106.7609318,4.015099999378435
2,127,completed,90106.7569417,90106.7591827,90106.7615925,4.6507999941241
5,127,completed,90106.7569659,90106.7592522,90106.7620578,5.091900005936623
4,127,completed,90106.7570541,90106.7592785,90106.7625274,5.473299999721348
2,128,completed,90106.7848931,90106.7867793,90106.7876477,2.754599991021678
1,128,completed,90106.7848932,90106.7869255,90106.7881765,3.2833000004757196
4,128,completed,90106.7849234,90106.7870155,90106.7887959,3.872500004945323
5,128,completed,90106.7849945,90106.7870947,90106.7892631,4.268599994247779
3,128,completed,90106.7850955,90106.7870992,90106.7898855,4.789999991771765
0,128,completed,90106.7849517,90106.7871664,90106.7904658,5.514100004802458
5,129,completed,90106.8265096,90106.8285405,90106.8293658,2.8562000079546124
1,129,completed,90106.8265104,90106.828648,90106.829922,3.4116000024368986
4,129,completed,90106.826517,90106.828664,90106.830545,4.028000010293908
0,129,completed,90106.8265463,90106.8286251,90106.8310168,4.470500003662892
2,129,completed,90106.8266716,90106.8287364,90106.8315652,4.893599994829856
3,129,completed,90106.8266181,90106.8287446,90106.8321807,5.5625999957555905
1,130,completed,90106.8542138,90106.8563132,90106.8570495,2.8356999973766506
0,130,completed,90106.8542591,90106.8563792,90106.8575932,3.3340999943902716
2,130,completed,90106.8542848,90106.8565555,90106.8582807,3.995899998699315
3,130,completed,90106.8542271,90106.8564257,90106.8588686,4.641499996068887
5,130,completed,90106.8543667,90106.856436,90106.8593336,4.966899999999441
4,130,completed,90106.8544387,90106.8565464,90106.8599457,5.506999994395301
1,131,completed,90106.8889169,90106.8908677,90106.8915517,2.6347999955760315
4,131,completed,90106.8888606,90106.8908541,90106.8922621,3.4014999982900918
5,131,completed,90106.8888607,90106.8908519,90106.8927396,3.8789000100223348
3,131,completed,90106.8890497,90106.8909981,90106.8934452,4.395500000100583
0,131,completed,90106.888945,90106.891022,90106.8939539,5.008899999666028
2,131,completed,90106.8891499,90106.8910564,90106.8945893,5.439400003524497
5,132,completed,90106.9237179,90106.9257763,90106.9264317,2.7138000004924834
1,132,completed,90106.9237784,90106.9257758,90106.9269325,3.1541000062134117
0,132,completed,90106.9236785,90106.9258017,90106.9273789,3.7004000041633844
2,132,completed,90106.9238457,90106.9258653,90106.9279809,4.13519999710843
3,132,completed,90106.923695,90106.925845,90106.9285371,4.8420999955851585
4,132,completed,90106.9239405,90106.9259553,90106.9291487,5.208200003835373
4,133,completed,90106.9514324,90106.9536662,90106.9543631,2.9306999931577593
3,133,completed,90106.9514347,90106.9536062,90106.9550824,3.6477000103332102
1,133,completed,90106.9515111,90106.9537591,90106.9555696,4.0585000097053126
0,133,completed,90106.9515521,90106.9538324,90106.9560682,4.516100001637824
5,133,completed,90106.9516349,90106.9538579,90106.9565539,4.9189999990630895
2,133,completed,90106.9516869,90106.9538692,90106.9571643,5.477399987285025
2,134,completed,90106.9861107,90106.9880733,90106.9889761,2.86539999069646
3,134,completed,90106.9860487,90106.9881355,90106.9896978,3.6491000064415857
4,134,completed,90106.9860287,90106.9881669,90106.990247,4.218299989588559
1,134,completed,90106.9862387,90106.9882463,90106.9908197,4.581000001053326
5,134,completed,90106.9861297,90106.9882436,90106.9913522,5.222499996307306
0,134,completed,90106.9862889,90106.9882446,90106.9919022,5.613299988908693
1,135,completed,90107.0210094,90107.0232682,90107.023972,2.962599988677539
5,135,completed,90107.0211662,90107.0233776,90107.0244801,3.313900000648573
4,135,completed,90107.0211327,90107.023395,90107.024959,3.8263000024016947
2,135,completed,90107.0210753,90107.0232466,90107.0256236,4.5482999994419515
3,135,completed,90107.0211221,90107.0234471,90107.0263237,5.201599997235462
0,135,completed,90107.021009,90107.0234821,90107.0268472,5.83819999883417
2,136,completed,90107.055508,90107.057355,90107.0582633,2.755299996351823
0,136,completed,90107.0554624,90107.0573417,90107.0587761,3.3136999991256744
5,136,completed,90107.0556426,90107.0575769,90107.0592471,3.6045000015292317
4,136,completed,90107.0555927,90107.057567,90107.059711,4.118299999390729
3,136,completed,90107.0555086,90107.0576266,90107.0602379,4.72930000978522
1,136,completed,90107.0557082,90107.0576447,90107.0606647,4.956499993568286
1,137,completed,90107.0902835,90107.0921544,90107.0929508,2.667299995664507
2,137,completed,90107.0903448,90107.092155,90107.0936251,3.2802999921841547
3,137,completed,90107.0903009,90107.0923642,90107.094244,3.9431000041076913
5,137,completed,90107.0904734,90107.0924006,90107.0947946,4.321199987316504
4,137,completed,90107.0903965,90107.0925138,90107.0952971,4.9005999899236485
0,137,completed,90107.0905267,90107.0924922,90107.095849,5.3222999995341524
2,138,completed,90107.1181944,90107.1205102,90107.1215663,3.3719000057317317
1,138,completed,90107.1181215,90107.1203683,90107.122222,4.100500009371899
5,138,completed,90107.1181496,90107.1206256,90107.1227367,4.5870999892940745
0,138,completed,90107.1181079,90107.120721,90107.1232784,5.170500007807277
4,138,completed,90107.1182342,90107.1207355,90107.1237774,5.543200008105487
3,138,completed,90107.1184091,90107.1207643,90107.1244348,6.025700000463985
0,139,completed,90107.1526937,90107.1545335,90107.1553482,2.6545000000623986
4,139,completed,90107.1527255,90107.1546124,90107.1558453,3.119800006970763
3,139,completed,90107.1527595,90107.154686,90107.1564233,3.6638000019593164
2,139,completed,90107.1527896,90107.1547591,90107.1570489,4.259299996192567
5,139,completed,90107.152877,90107.1548422,90107.1574846,4.607599999872036
1,139,completed,90107.1528458,90107.1549214,90107.1580217,5.175900005269796
4,140,completed,90107.1873867,90107.1894209,90107.1901618,2.7751000015996397
3,140,completed,90107.1874288,90107.1895522,90107.1908919,3.463100001681596
1,140,completed,90107.1875054,90107.1895638,90107.1914289,3.9235000003827736
5,140,completed,90107.1876454,90107.189555,90107.1919567,4.311299999244511
0,140,completed,90107.1874211,90107.1896024,90107.192463,5.04190000356175
2,140,completed,90107.187565,90107.189646,90107.1931643,5.599299998721108
5,141,completed,90107.222273,90107.2241393,90107.2250529,2.779899994493462
0,141,completed,90107.2223229,90107.2243133,90107.2255791,3.2562000124016777
4,141,completed,90107.2223832,90107.2244405,90107.2260182,3.635000000940636
2,141,completed,90107.2224299,90107.2245655,90107.2266181,4.188200007774867
1,141,completed,90107.2223583,90107.2246198,90107.2270326,4.674299998441711
3,141,completed,90107.2222667,90107.2246951,90107.2276564,5.389700003433973
0,142,completed,90107.2569558,90107.258834,90107.259643,2.687200001673773
1,142,completed,90107.2569846,90107.2589142,90107.2602257,3.2410999992862344
2,142,completed,90107.2571602,90107.2590739,90107.2608249,3.6647000088123605
3,142,completed,90107.2569244,90107.2590969,90107.2613898,4.465399993932806
5,142,completed,90107.2571159,90107.2590724,90107.2618211,4.705199986346997
4,142,completed,90107.2570315,90107.2591288,90107.2622646,5.233099989709444
4,143,completed,90107.291702,90107.2935147,90107.2943197,2.617699996335432
1,143,completed,90107.2917778,90107.2936796,90107.2948401,3.0623000056948513
2,143,completed,90107.2917071,90107.293793,90107.2954429,3.7357999972300604
0,143,completed,90107.2918869,90107.2938327,90107.2959433,4.056400008266792
5,143,completed,90107.2917188,90107.2937967,90107.296413,4.694200004450977
3,143,completed,90107.2918691,90107.293886,90107.2970279,5.158800006029196
0,144,completed,90107.3279248,90107.3296846,90107.3303551,2.4302999954670668
3,144,completed,90107.327964,90107.3297126,90107.3309972,3.0332000023918226
1,144,completed,90107.3277511,90107.3297212,90107.3314398,3.688699987833388
2,144,completed,90107.3277905,90107.3297687,90107.3320579,4.267399999662302
5,144,completed,90107.3277729,90107.3297541,90107.3325585,4.78560000192374
4,144,completed,90107.327833,90107.3297956,90107.3330577,5.224699998507276
1,145,completed,90107.3541654,90107.3561203,90107.3569321,2.7666999958455563
4,145,completed,90107.354106,90107.3562254,90107.3574625,3.3565000048838556
0,145,completed,90107.3542056,90107.3562609,90107.357997,3.79139999859035
3,145,completed,90107.3543194,90107.3563089,90107.3586178,4.298400002880953
5,145,completed,90107.3541062,90107.3563254,90107.3590626,4.956399992806837
2,145,completed,90107.354241,90107.3564083,90107.3596984,5.457400009618141
0,146,completed,90107.3890017,90107.3907767,90107.3917002,2.6985000004060566
3,146,completed,90107.3889829,90107.3907766,90107.3923344,3.3515000104671344
4,146,completed,90107.3891696,90107.3910184,90107.3929135,3.743900000699796
2,146,completed,90107.3890177,90107.3911258,90107.3935085,4.49079999816604
1,146,completed,90107.389076,90107.3912242,90107.3940154,4.939399994327687
5,146,completed,90107.3891033,90107.3912463,90107.3944611,5.357800007914193
1,147,completed,90107.4238838,90107.4259935,90107.4266657,2.7818999951705337
3,147,completed,90107.4238036,90107.426059,90107.4273677,3.5640999994939193
2,147,completed,90107.4239132,90107.4260103,90107.4281276,4.21440000354778
0,147,completed,90107.4237451,90107.4260956,90107.4286135,4.868400006671436
4,147,completed,90107.4237258,90107.4260957,90107.4292135,5.487699992954731
5,147,completed,90107.4237166,90107.4260156,90107.4297129,5.9963000094285235
5,148,completed,90107.4514842,90107.4532916,90107.4541619,2.677699987543747
0,148,completed,90107.4515133,90107.4534181,90107.4546983,3.185000008670613
3,148,completed,90107.4515501,90107.4534744,90107.4553847,3.8346000073943287
2,148,completed,90107.4516898,90107.453594,90107.4560735,4.383699997561052
1,148,completed,90107.4517308,90107.4537072,90107.4566583,4.927499991026707
4,148,completed,90107.4516145,90107.4536973,90107.4573452,5.730700009735301
5,149,completed,90107.4861677,90107.4880946,90107.4888464,2.67869999515824
2,149,completed,90107.4862531,90107.4881995,90107.4893801,3.1270000035874546
3,149,completed,90107.4862069,90107.4882034,90107.4898505,3.643600008217618
0,149,completed,90107.4861835,90107.4882188,90107.4903165,4.1329999949084595
4,149,completed,90107.4863695,90107.4883052,90107.490914,4.544499999610707
1,149,completed,90107.4864123,90107.4883145,90107.491413,5.000699995434843
2,150,completed,90107.520905,90107.5229804,90107.5236002,2.695200004382059
1,150,completed,90107.5208295,90107.522904,90107.5241018,3.2722999894758686
0,150,completed,90107.5208395,90107.5229047,90107.5246019,3.762400010600686
5,150,completed,90107.5210177,90107.5230767,90107.5250786,4.060899998876266
3,150,completed,90107.5209531,90107.5230753,90107.5255706,4.6175000024959445
4,150,completed,90107.5208536,90107.5230858,90107.5261623,5.308699997840449
3,151,completed,90107.5555347,90107.5574564,90107.5581871,2.6523999986238778
5,151,completed,90107.5555448,90107.5574712,90107.5587433,3.198500009602867
1,151,completed,90107.5555543,90107.5573903,90107.5592591,3.704800008563325
2,151,completed,90107.5557486,90107.5576258,90107.5597175,3.968899996834807
4,151,completed,90107.5555088,90107.5577065,90107.5602997,4.790899998624809
0,151,completed,90107.5556471,90107.5577089,90107.560792,5.144900002051145
1,152,completed,90107.5903595,90107.5922995,90107.5929447,2.5851999962469563
3,152,completed,90107.5903659,90107.5922852,90107.5935027,3.136799990897998
5,152,completed,90107.5903937,90107.5921766,90107.5939801,3.586400009226054
2,152,completed,90107.5905169,90107.5923481,90107.594461,3.9440999971702695
0,152,completed,90107.5905627,90107.5923866,90107.5949657,4.402999999001622
4,152,completed,90107.5904387,90107.592472,90107.5956124,5.17369998851791
1,153,completed,90107.6181157,90107.6201305,90107.6208803,2.7646000089589506
0,153,completed,90107.6180812,90107.6201289,90107.62144,3.358800007845275
5,153,completed,90107.6182561,90107.6202589,90107.6219284,3.672299993922934
2,153,completed,90107.6181543,90107.620235,90107.622415,4.260700006852858
4,153,completed,90107.6180563,90107.6202717,90107.6230122,4.9559000035515055
3,153,completed,90107.6182112,90107.6203538,90107.6235184,5.307200000970624
3,154,completed,90107.6527541,90107.6545037,90107.6554219,2.667799999471754
4,154,completed,90107.6527797,90107.6546895,90107.6561125,3.3327999990433455
0,154,completed,90107.6528225,90107.6547069,90107.6566206,3.79810000595171
2,154,completed,90107.6529404,90107.6548195,90107.6571063,4.1658999980427325
1,154,completed,90107.6528042,90107.6549044,90107.6575788,4.774600005475804
5,154,completed,90107.652881,90107.6549319,90107.65805,5.168999996385537
5,155,completed,90107.687462,90107.6893462,90107.6901662,2.704200000152923
3,155,completed,90107.6876187,90107.6895291,90107.6906442,3.0255000019678846
0,155,completed,90107.687518,90107.689579,90107.6910948,3.5767999943345785
1,155,completed,90107.6874745,90107.6896053,90107.6915662,4.091700000572018
2,155,completed,90107.6875374,90107.6896542,90107.6920284,4.490999999688938
4,155,completed,90107.6876529,90107.6896618,90107.6926559,5.0029999983962625
4,156,completed,90107.72218,90107.7240952,90107.7249828,2.802800008794293
5,156,completed,90107.722193,90107.7241567,90107.7255074,3.3144000044558197
2,156,completed,90107.7222582,90107.7242134,90107.7260042,3.7460000021383166
0,156,completed,90107.7224015,90107.7243425,90107.7264815,4.079999998793937
1,156,completed,90107.722285,90107.7244284,90107.7269515,4.666499997256324
3,156,completed,90107.7223518,90107.7244548,90107.7274376,5.085800003143959
0,157,completed,90107.7570404,90107.7587972,90107.7596309,2.5904999929480255
4,157,completed,90107.7570883,90107.7589783,90107.7603284,3.2401000062236562
5,157,completed,90107.7569898,90107.7589959,90107.7607782,3.7884000048507005
1,157,completed,90107.7569898,90107.7591032,90107.7612326,4.2428000015206635
3,157,completed,90107.7571964,90107.7591396,90107.7616646,4.468200000701472
2,157,completed,90107.7571592,90107.7592049,90107.7621155,4.956299992045388
0,158,completed,90107.7847242,90107.7865362,90107.7872565,2.5323000008938834
1,158,completed,90107.7846789,90107.7864591,90107.7877813,3.1023999908939004
4,158,completed,90107.7848542,90107.7867047,90107.7883632,3.5090000019408762
3,158,completed,90107.7848673,90107.7866989,90107.7888311,3.9638000016566366
5,158,completed,90107.7847956,90107.7868507,90107.789338,4.542399998172186
2,158,completed,90107.7847565,90107.7868344,90107.7897772,5.020700002205558
4,159,completed,90107.8212652,90107.8234156,90107.8242638,2.998600000864826
3,159,completed,90107.8211911,90107.8233221,90107.824775,3.5839000047417358
0,159,completed,90107.8212233,90107.8234933,90107.8252407,4.017400002339855
1,159,completed,90107.8213326,90107.823699,90107.8257394,4.4067999988328665
5,159,completed,90107.8212053,90107.8236865,90107.8264096,5.204300003242679
2,159,completed,90107.8212808,90107.8237412,90107.8270244,5.743600006098859
5,160,completed,90107.8541668,90107.856075,90107.8569759,2.80909999855794
0,160,completed,90107.8542241,90107.8561955,90107.8575497,3.325600002426654
1,160,completed,90107.8542943,90107.8562282,90107.8580795,3.785199995036237
3,160,completed,90107.8541379,90107.856247,90107.8586006,4.462700002477504
2,160,completed,90107.8541378,90107.8562513,90107.8591207,4.982900005416013
4,160,completed,90107.8543656,90107.8562626,90107.8596253,5.25970000308007
4,161,completed,90107.8888284,90107.8905527,90107.8914429,2.6145000010728836
0,161,completed,90107.8888483,90107.8906942,90107.8920036,3.1553000007988885
1,161,completed,90107.8889066,90107.8907753,90107.8924716,3.5650000063469633
5,161,completed,90107.8889589,90107.8909691,90107.893095,4.136100003961474
2,161,completed,90107.8890148,90107.8910152,90107.8936158,4.600999993272126
3,161,completed,90107.8891014,90107.8910127,90107.8940718,4.9703999975463375
2,162,completed,90107.9237593,90107.9258012,90107.9265843,2.825000003213063
1,162,completed,90107.9237872,90107.9259167,90107.9271576,3.370400008861907
0,162,completed,90107.923867,90107.9259749,90107.9276738,3.8067999994382262
4,162,completed,90107.9239242,90107.9260298,90107.9281591,4.234899999573827
3,162,completed,90107.923748,90107.9260253,90107.9286447,4.89670000388287
5,162,completed,90107.9240614,90107.9261676,90107.9292628,5.201399995712563
4,163,completed,90107.9513789,90107.953465,90107.9544139,3.0350000015459955
1,163,completed,90107.9515365,90107.9534833,90107.9552942,3.7577000039163977
3,163,completed,90107.9513891,90107.9534711,90107.9559461,4.557000007480383
0,163,completed,90107.9513686,90107.9534569,90107.9566429,5.274299997836351
2,163,completed,90107.9516619,90107.9535874,90107.9573161,5.654199994751252
5,163,completed,90107.9514772,90107.9536026,90107.9582518,6.7745999986073
3,164,completed,90107.9861414,90107.9880233,90107.9888524,2.710999993723817
1,164,completed,90107.986115,90107.9881907,90107.9893854,3.2703999895602465
0,164,completed,90107.9862347,90107.9882082,90107.9898603,3.6256000021239743
5,164,completed,90107.9861509,90107.9882575,90107.9904706,4.319699990446679
2,164,completed,90107.98626,90107.9882785,90107.9908867,4.626699999789707
4,164,completed,90107.9863067,90107.9883111,90107.9913704,5.063700009486638
3,165,completed,90108.020924,90108.0230123,90108.0237446,2.8205999988131225
0,165,completed,90108.0209616,90108.0231542,90108.0242633,3.3016999950632453
1,165,completed,90108.0209169,90108.0231801,90108.0248116,3.894699999364093
5,165,completed,90108.0210276,90108.0231669,90108.0254337,4.406099993502721
2,165,completed,90108.0211835,90108.0232478,90108.025926,4.742500008433126
4,165,completed,90108.0211261,90108.0232848,90108.0265569,5.43080001079943
5,166,completed,90108.0555537,90108.0576764,90108.0585858,3.03209999401588
4,166,completed,90108.0555362,90108.0577915,90108.0592216,3.6853999918093905
3,166,completed,90108.0556034,90108.0578024,90108.0597051,4.101699989405461
1,166,completed,90108.0556994,90108.057848,90108.060182,4.482599993934855
0,166,completed,90108.0556394,90108.0579203,90108.0606526,5.013200003304519
2,166,completed,90108.0557324,90108.0579473,90108.0611077,5.37530001020059
3,167,completed,90108.0903284,90108.0921625,90108.0929469,2.6185000024270266
4,167,completed,90108.0902608,90108.0921406,90108.0935991,3.3382999972673133
1,167,completed,90108.0902896,90108.0921171,90108.0940273,3.7376999971456826
5,167,completed,90108.0904527,90108.0924077,90108.0946903,4.237600005581044
0,167,completed,90108.0905179,90108.0924471,90108.0951194,4.601499997079372
2,167,completed,90108.0903876,90108.0924281,90108.0956089,5.221300001721829
3,168,completed,90108.1181485,90108.120524,90108.1213146,3.1660999957239255
2,168,completed,90108.1181602,90108.1204999,90108.1219813,3.821100006462075
5,168,completed,90108.1182215,90108.1205774,90108.1229423,4.720800003269687
4,168,completed,90108.1184357,90108.1207392,90108.1237089,5.273200004012324
0,168,completed,90108.1182809,90108.1207627,90108.1242829,6.001999994623475
1,168,completed,90108.1183544,90108.1208041,90108.1249331,6.5787000057753175
2,169,completed,90108.1528205,90108.1548509,90108.1556901,2.8695999935735017
0,169,completed,90108.1528498,90108.1550057,90108.1562842,3.4344000014243647
5,169,completed,90108.152866,90108.1550768,90108.1569226,4.056599995237775
4,169,completed,90108.1528845,90108.1551183,90108.157557,4.672499999287538
3,169,completed,90108.1530237,90108.1552096,90108.1580786,5.054900000686757
1,169,completed,90108.1529767,90108.1552007,90108.1586382,5.661499992129393
3,170,completed,90108.1875466,90108.1893309,90108.1901392,2.5925999943865463
5,170,completed,90108.1875465,90108.1894798,90108.190831,3.2844999950611964
2,170,completed,90108.1877673,90108.1896691,90108.1912885,3.521200007526204
1,170,completed,90108.1876091,90108.1896784,90108.1917683,4.159200005233288
0,170,completed,90108.1877201,90108.189693,90108.192263,4.542900001979433
4,170,completed,90108.1876217,90108.1897214,90108.1929573,5.335599998943508
0,171,completed,90108.2223612,90108.2243749,90108.2251742,2.812999999150634
1,171,completed,90108.2223583,90108.2244569,90108.2257191,3.3607999939704314
2,171,completed,90108.2224069,90108.224533,90108.2261898,3.7829000066267326
3,171,completed,90108.2225456,90108.2246029,90108.2266631,4.117499993299134
4,171,completed,90108.2224395,90108.2246073,90108.2272576,4.8181000020122156
5,171,completed,90108.2226558,90108.224762,90108.2279289,5.273100003250875
3,172,completed,90108.2568833,90108.2586352,90108.2595306,2.6473000034457073
2,172,completed,90108.2569146,90108.2588554,90108.2601436,3.228999994462356
5,172,completed,90108.2569367,90108.2590167,90108.2607547,3.8179999974090606
1,172,completed,90108.257158,90108.2590247,90108.261228,4.070000009960495
0,172,completed,90108.2570726,90108.259072,90108.2617137,4.641100007575005
4,172,completed,90108.2569646,90108.2590747,90108.2622834,5.318800001987256
1,173,completed,90108.2848501,90108.2866935,90108.2874596,2.6095000066561624
4,173,completed,90108.2848,90108.2867667,90108.2881703,3.3703000081004575
0,173,completed,90108.2847987,90108.2868152,90108.288564,3.7653000035788864
3,173,completed,90108.284931,90108.2868573,90108.2890148,4.083799998625182
5,173,completed,90108.2850191,90108.2870267,90108.2894786,4.459499992663041
2,173,completed,90108.2850497,90108.2870312,90108.2899776,4.927899994072504
4,174,completed,90108.3195,90108.3215139,90108.3224311,2.9310999962035567
3,174,completed,90108.319522,90108.3217203,90108.3230114,3.4893999982159585
5,174,completed,90108.3195777,90108.3217037,90108.323484,3.9063000003807247
1,174,completed,90108.3196244,90108.3217076,90108.3240154,4.390999994939193
2,174,completed,90108.3194989,90108.3217717,90108.3245245,5.02559999586083
0,174,completed,90108.3197019,90108.3218052,90108.3250803,5.378399990149774
0,175,completed,90108.3544401,90108.3563418,90108.3570512,2.6111000042874366
3,175,completed,90108.3545313,90108.3563885,90108.357597,3.065699987928383
4,175,completed,90108.3543367,90108.3563221,90108.3583195,3.9828000008128583
5,175,completed,90108.3543096,90108.3564411,90108.358952,4.642399988370016
1,175,completed,90108.3543204,90108.3565276,90108.3594971,5.176699996809475
2,175,completed,90108.3544899,90108.3566011,90108.3600032,5.513299998710863
1,176,completed,90108.3888011,90108.390594,90108.3915023,2.7012000064132735
4,176,completed,90108.3888315,90108.390839,90108.3922252,3.3937000116566196
5,176,completed,90108.3889337,90108.3909201,90108.3928984,3.9646999939577654
2,176,completed,90108.3889321,90108.3909689,90108.3934171,4.484999997657724
3,176,completed,90108.3890485,90108.3909704,90108.3939771,4.92859999940265
0,176,completed,90108.3890027,90108.3910555,90108.3945671,5.564399994909763
3,177,completed,90108.4236507,90108.4257049,90108.4266016,2.950900001451373
1,177,completed,90108.4236381,90108.4259857,90108.4271626,3.5245000035502017
5,177,completed,90108.4237459,90108.4260185,90108.4277521,4.0062000043690205
2,177,completed,90108.4238047,90108.4259954,90108.4282564,4.451700006029569
4,177,completed,90108.423684,90108.4260753,90108.4289162,5.232200011960231
0,177,completed,90108.4238922,90108.4260839,90108.4294078,5.515600001672283
4,178,completed,90108.4514219,90108.4534588,90108.4542006,2.7786999999079853
2,178,completed,90108.4514261,90108.4534581,90108.4547479,3.3218000025954098
5,178,completed,90108.4515043,90108.4535877,90108.4552955,3.7911999970674515
3,178,completed,90108.4516044,90108.4536544,90108.4557513,4.146899998886511
0,178,completed,90108.4516653,90108.4536897,90108.4562927,4.6273999905679375
1,178,completed,90108.4514788,90108.4536793,90108.4568492,5.370400001993403
1,179,completed,90108.4861709,90108.4879931,90108.4889043,2.733400004217401
4,179,completed,90108.4862192,90108.4881867,90108.489516,3.2968000014079735
3,179,completed,90108.4861628,90108.4882376,90108.4900403,3.877499999362044
0,179,completed,90108.4863752,90108.4883683,90108.4905828,4.207600009976886
2,179,completed,90108.4862791,90108.4883977,90108.4911108,4.831699989154004
5,179,completed,90108.486522,90108.4884478,90108.4916604,5.138399996212684
0,180,completed,90108.5209086,90108.5229892,90108.5237718,2.863200003048405
5,180,completed,90108.5209273,90108.5230202,90108.5243619,3.4346000029472634
1,180,completed,90108.5209562,90108.5230619,90108.5248958,3.939600006560795
4,180,completed,90108.5209941,90108.5231399,90108.5254444,4.450299995369278
2,180,completed,90108.5210303,90108.5232225,90108.526015,4.984699990018271
3,180,completed,90108.5210962,90108.5232327,90108.5265413,5.445100003271364
4,181,completed,90108.5556129,90108.557719,90108.5585219,2.909000002546236
5,181,completed,90108.5556443,90108.5576866,90108.5591015,3.457200000411831
1,181,completed,90108.5557213,90108.5577877,90108.5596131,3.8918000063858926
3,181,completed,90108.5555859,90108.5577918,90108.5601288,4.542900001979433
2,181,completed,90108.5555853,90108.5577784,90108.5606409,5.055600006016903
0,181,completed,90108.5557335,90108.5578402,90108.5611428,5.409299992606975
5,182,completed,90108.5971209,90108.5990742,90108.5999062,2.785300006507896
4,182,completed,90108.5971652,90108.5992904,90108.6004764,3.311199994641356
2,182,completed,90108.5972238,90108.5993234,90108.601011,3.7872000102652237
3,182,completed,90108.5973296,90108.599354,90108.6015127,4.183099998044781
1,182,completed,90108.5971832,90108.5993826,90108.6019694,4.786199991940521
0,182,completed,90108.5971573,90108.5993919,90108.6024338,5.276500000036322
2,183,completed,90108.6180495,90108.6201756,90108.6210718,3.022299992153421
4,183,completed,90108.6181206,90108.6201953,90108.6217114,3.590799999074079
3,183,completed,90108.6180797,90108.620191,90108.6222743,4.194599998299964
0,183,completed,90108.6181989,90108.6203429,90108.6229196,4.720700002508238
1,183,completed,90108.6181641,90108.6203838,90108.6234953,5.331199994543567
5,183,completed,90108.6182801,90108.6204049,90108.6240854,5.805300010251813
1,184,completed,90108.6529935,90108.6551715,90108.6558897,2.8962000069441274
5,184,completed,90108.6528999,90108.6551923,90108.65642,3.5200999991502613
4,184,completed,90108.652883,90108.655212,90108.6569129,4.029899995657615
0,184,completed,90108.6528793,90108.6552059,90108.6574106,4.531300000962801
2,184,completed,90108.6529712,90108.6552105,90108.6579195,4.948299989337102
3,184,completed,90108.6530679,90108.6553254,90108.6584418,5.373899999540299
0,185,completed,90108.6876373,90108.6895341,90108.6902852,2.6479000080144033
4,185,completed,90108.6875939,90108.6895687,90108.6908013,3.207400004612282
5,185,completed,90108.6876549,90108.6895377,90108.6913574,3.7025000056019053
1,185,completed,90108.6877958,90108.6897368,90108.6919423,4.146500010392629
3,185,completed,90108.6878263,90108.6897428,90108.6924701,4.643799999030307
2,185,completed,90108.687734,90108.6898262,90108.6929782,5.244199986918829
0,186,completed,90108.7222355,90108.7244464,90108.7252725,3.037000002223067
2,186,completed,90108.7223551,90108.7246506,90108.7258085,3.4534000005805865
5,186,completed,90108.7224459,90108.7246874,90108.7262862,3.8403000071411952
4,186,completed,90108.7222472,90108.7247298,90108.7267819,4.534699997748248
3,186,completed,90108.7223902,90108.7246826,90108.727286,4.895799997029826
1,186,completed,90108.7222579,90108.7247458,90108.7278236,5.565700004808605
3,187,completed,90108.7569429,90108.7589298,90108.759608,2.665099993464537
0,187,completed,90108.7569192,90108.7588774,90108.7601443,3.2251000084215775
5,187,completed,90108.7568772,90108.7590158,90108.7605996,3.722400011611171
1,187,completed,90108.7570573,90108.759061,90108.7610514,3.994099999545142
4,187,completed,90108.7568775,90108.7590186,90108.7615096,4.632099997252226
2,187,completed,90108.757038,90108.759083,90108.7619536,4.9156000022776425
2,188,completed,90108.7847892,90108.7868378,90108.7874628,2.6735999999800697
5,188,completed,90108.7849311,90108.7868466,90108.7879701,3.0390000029001385
4,188,completed,90108.7847653,90108.7868187,90108.7884901,3.7248000007821247
3,188,completed,90108.7847654,90108.7868079,90108.7889368,4.1713999962667
1,188,completed,90108.7848608,90108.7867795,90108.7894222,4.561399997328408
0,188,completed,90108.7850487,90108.7869578,90108.7898971,4.848399999900721
0,189,completed,90108.819449,90108.8214191,90108.8223266,2.8775999962817878
4,189,completed,90108.8194656,90108.8216215,90108.8228584,3.3928000048035756
1,189,completed,90108.8195634,90108.8216928,90108.8233658,3.802399995038286
3,189,completed,90108.8195945,90108.8217234,90108.8238561,4.261599999153987
2,189,completed,90108.8195271,90108.8217279,90108.8243348,4.807699995581061
5,189,completed,90108.8197569,90108.8218078,90108.8248178,5.060900002717972
4,190,completed,90108.8542356,90108.8560946,90108.8569246,2.6890000008279458
1,190,completed,90108.8542565,90108.8562136,90108.8574917,3.235199998016469
2,190,completed,90108.8542938,90108.856344,90108.8579452,3.65139999485109
5,190,completed,90108.8543511,90108.8563915,90108.8584051,4.054000004543923
0,190,completed,90108.8544472,90108.8564557,90108.8589085,4.461299991817214
3,190,completed,90108.8544055,90108.8564572,90108.8594199,5.014400012441911
0,191,completed,90108.8888567,90108.8909159,90108.891614,2.7572999970288947
2,191,completed,90108.8888569,90108.8910028,90108.8921354,3.278500007581897
4,191,completed,90108.8891072,90108.8910145,90108.8926166,3.5094000049866736
3,191,completed,90108.8888999,90108.8910061,90108.8930904,4.190499996184371
1,191,completed,90108.8890038,90108.8909779,90108.8936313,4.627500005881302
5,191,completed,90108.8889156,90108.8910104,90108.8941268,5.2112000121269375
4,192,completed,90108.9235981,90108.9255142,90108.9263465,2.74840000201948
3,192,completed,90108.9235865,90108.925562,90108.9269175,3.3309999998891726
1,192,completed,90108.9236568,90108.9256156,90108.9274005,3.743699999176897
5,192,completed,90108.9236959,90108.9258574,90108.9279511,4.25520000862889
0,192,completed,90108.923833,90108.9258488,90108.9284504,4.617400001734495
2,192,completed,90108.923747,90108.9258533,90108.9289111,5.164100002730265
0,193,completed,90108.951346,90108.9532515,90108.9540203,2.674300005310215
1,193,completed,90108.9513677,90108.9533231,90108.9545728,3.205099987098947
3,193,completed,90108.9514255,90108.9534199,90108.9550779,3.6524000024655834
5,193,completed,90108.9513421,90108.9534691,90108.9555446,4.2025000002468005
2,193,completed,90108.9515058,90108.953504,90108.9560265,4.520700007560663
4,193,completed,90108.9516071,90108.9535836,90108.9565313,4.924200009554625
1,194,completed,90108.9930494,90108.9949637,90108.9957875,2.7380999963497743
0,194,completed,90108.9930515,90108.9949953,90108.9963193,3.267799998866394
2,194,completed,90108.993221,90108.9951925,90108.9967919,3.5709000076167285
3,194,completed,90108.9930887,90108.9952301,90108.9972276,4.13890001073014
4,194,completed,90108.993066,90108.9952034,90108.9977567,4.6907000069040805
5,194,completed,90108.9932904,90108.9952392,90108.9982573,4.966899999999441
4,195,completed,90109.0211139,90109.0234067,90109.0240846,2.9706999921472743
0,195,completed,90109.0210511,90109.0233509,90109.024673,3.6219000030541793
5,195,completed,90109.0210114,90109.0234584,90109.0251556,4.144200007431209
3,195,completed,90109.0210116,90109.0235074,90109.0256314,4.619800005457364
1,195,completed,90109.0210762,90109.0235597,90109.026144,5.067799997050315
2,195,completed,90109.0212247,90109.0235674,90109.0265992,5.374500004108995
3,196,completed,90109.0552498,90109.057294,90109.0581463,2.89649999467656
2,196,completed,90109.0552797,90109.0572919,90109.0594243,4.144599995925091
5,196,completed,90109.0553366,90109.0574806,90109.0599991,4.662500010454096
4,196,completed,90109.0554607,90109.0575281,90109.0605623,5.101600007037632
1,196,completed,90109.0554308,90109.0575156,90109.061067,5.636200003209524
0,196,completed,90109.0553166,90109.0575029,90109.0615433,6.226700003026053
2,197,completed,90109.0833234,90109.0837464,90109.0844201,1.0966999980155379
3,197,completed,90109.0902746,90109.0917815,90109.0925131,2.2384999901987612
1,197,completed,90109.0902999,90109.0918994,90109.0930227,2.722800010815263
5,197,completed,90109.0904442,90109.0920511,90109.093508,3.063800002564676
0,197,completed,90109.0903749,90109.0921022,90109.0939997,3.6247999960323796
4,197,completed,90109.0903496,90109.0921005,90109.0945188,4.169200008618645
1,198,completed,90109.1181269,90109.120407,90109.1212154,3.0885000014677644
2,198,completed,90109.1182986,90109.1206402,90109.1217509,3.452299992204644
4,198,completed,90109.1181228,90109.1207315,90109.1222254,4.102599996258505
5,198,completed,90109.1182171,90109.1207349,90109.1226788,4.461700009414926
0,198,completed,90109.1181449,90109.1207337,90109.1231352,4.990300003555603
3,198,completed,90109.1181893,90109.1207257,90109.1235805,5.391200000303797
3,199,completed,90109.152708,90109.1543816,90109.1552625,2.5545000098645687
2,199,completed,90109.1527695,90109.1546407,90109.1557984,3.0288999987533316
1,199,completed,90109.1527599,90109.1546602,90109.1562678,3.5079000081168488
5,199,completed,90109.1528651,90109.1547646,90109.1567547,3.8896000041859224
4,199,completed,90109.1528339,90109.1548679,90109.1572221,4.388199988170527
0,199,completed,90109.1529684,90109.1549023,90109.1576324,4.664000007323921
3,200,completed,90109.187444,90109.1893003,90109.1900869,2.642899999045767
4,200,completed,90109.1874944,90109.1894619,90109.1905791,3.08470000163652
5,200,completed,90109.1875111,90109.1895153,90109.1910419,3.530800007865764
1,200,completed,90109.1877107,90109.1895531,90109.1915193,3.808599998592399
2,200,completed,90109.1875296,90109.1896012,90109.1920023,4.472699991310947
0,200,completed,90109.1876034,90109.1896241,90109.1924406,4.837200001929887
4,201,completed,90109.2223752,90109.2243474,90109.225093,2.7178000018466264
5,201,completed,90109.2223382,90109.2243242,90109.2256215,3.2833000004757196
2,201,completed,90109.2223171,90109.224538,90109.2261356,3.8185000012163073
3,201,completed,90109.2224591,90109.2245624,90109.2266231,4.16399999812711
0,201,completed,90109.222409,90109.2245717,90109.2271083,4.699299999629147
1,201,completed,90109.2225179,90109.2245688,90109.2276017,5.083800002466887
5,202,completed,90109.2568313,90109.2586453,90109.2595776,2.746300000580959
0,202,completed,90109.2568621,90109.2588491,90109.2600698,3.20770000689663
3,202,completed,90109.2569014,90109.2590145,90109.2605428,3.6413999914657325
4,202,completed,90109.2570548,90109.2590549,90109.2610029,3.9481000130763277
2,202,completed,90109.2569552,90109.2591031,90109.2614601,4.504899989115074
1,202,completed,90109.2569165,90109.2591207,90109.2619208,5.004299993743189
0,203,completed,90109.2848358,90109.2871479,90109.2877819,2.9460999940056354
3,203,completed,90109.2848079,90109.2870667,90109.2883394,3.5314999986439943
1,203,completed,90109.2848956,90109.2871447,90109.2888339,3.938300011213869
2,203,completed,90109.284804,90109.2870869,90109.2893142,4.510200000368059
4,203,completed,90109.2849573,90109.2871936,90109.2898348,4.87750000320375
5,203,completed,90109.2849293,90109.2872998,90109.2903365,5.407199991168454
4,204,completed,90109.3263037,90109.3280482,90109.3289881,2.6843999949051067
0,204,completed,90109.3263729,90109.3283414,90109.3295948,3.221899998607114
3,204,completed,90109.3263934,90109.3283162,90109.3301153,3.7219000078039244
1,204,completed,90109.3263217,90109.3282969,90109.3306042,4.2824999982258305
2,204,completed,90109.3265336,90109.3284174,90109.3310984,4.564799994113855
5,204,completed,90109.3265679,90109.3284924,90109.3316658,5.097899993415922
0,205,completed,90109.3542229,90109.356226,90109.3570648,2.841900000930764
1,205,completed,90109.3542729,90109.3564492,90109.3576612,3.388299999642186
2,205,completed,90109.3544344,90109.3565267,90109.3581646,3.730199998244643
5,205,completed,90109.3543733,90109.3565251,90109.358757,4.383699997561052
4,205,completed,90109.3542364,90109.3565185,90109.3592129,4.976500000339001
3,205,completed,90109.3543107,90109.3566121,90109.3597345,5.423800001153722
4,206,completed,90109.3889273,90109.3907718,90109.391465,2.537699998356402
1,206,completed,90109.388833,90109.3907085,90109.3919818,3.1487999949604273
0,206,completed,90109.3888329,90109.3907379,90109.3924369,3.603999997721985
2,206,completed,90109.388885,90109.3908748,90109.3928633,3.978300010203384
5,206,completed,90109.3890548,90109.3909634,90109.393425,4.3701999966287985
3,206,completed,90109.389056,90109.3910112,90109.3938816,4.825600000913255
5,207,completed,90109.4238173,90109.4259906,90109.4266311,2.8137999906903133
4,207,completed,90109.4237487,90109.4258901,90109.4271528,3.404099988983944
2,207,completed,90109.423707,90109.4260029,90109.4276171,3.910100000211969
0,207,completed,90109.4239273,90109.426064,90109.4281155,4.188200007774867
3,207,completed,90109.4238718,90109.4261246,90109.4285824,4.710599998361431
1,207,completed,90109.4237687,90109.4261141,90109.4290337,5.264999999781139
1,208,completed,90109.4514511,90109.4533823,90109.4542325,2.781399991363287
3,208,completed,90109.4514434,90109.4535145,90109.4548125,3.3690999989630654
4,208,completed,90109.4516751,90109.4536645,90109.4553204,3.645299992058426
5,208,completed,90109.4516124,90109.4536683,90109.4557796,4.167200007941574
2,208,completed,90109.451495,90109.4536815,90109.456307,4.811999999219552
0,208,completed,90109.4515177,90109.4537774,90109.4567645,5.246800006716512
1,209,completed,90109.4861437,90109.488094,90109.4888015,2.6577999960863963
3,209,completed,90109.4861001,90109.4880359,90109.4893018,3.2017000048654154
0,209,completed,90109.4863236,90109.4882585,90109.489799,3.475400008028373
2,209,completed,90109.486128,90109.4882627,90109.4902696,4.1416000021854416
4,209,completed,90109.4861897,90109.4883073,90109.4907197,4.530000005615875
5,209,completed,90109.4862618,90109.4883337,90109.4913094,5.047599988756701
3,210,completed,90109.5208327,90109.5228261,90109.5235957,2.7629999967757612
4,210,completed,90109.5208559,90109.5227843,90109.5241376,3.2817000028444454
5,210,completed,90109.5208411,90109.5230088,90109.5247447,3.903599994373508
2,210,completed,90109.5209939,90109.5231109,90109.5252732,4.279299988411367
0,210,completed,90109.5209668,90109.5230978,90109.5258051,4.838299995753914
1,210,completed,90109.5209109,90109.5231034,90109.5263532,5.4422999965026975
0,211,completed,90109.555465,90109.5573347,90109.5582314,2.7664000081131235
4,211,completed,90109.5555085,90109.5574304,90109.5594679,3.9594000118086115
1,211,completed,90109.5555341,90109.557577,90109.5600268,4.492699998081662
5,211,completed,90109.5556908,90109.5576772,90109.5607264,5.0355999992461875
3,211,completed,90109.5555554,90109.5576725,90109.561289,5.7336000027135015
2,211,completed,90109.5557893,90109.5576939,90109.5618451,6.055800011381507
4,212,completed,90109.5902885,90109.592053,90109.5929097,2.6212000084342435
1,212,completed,90109.5902733,90109.5921893,90109.5934083,3.1350000062957406
0,212,completed,90109.5905203,90109.5924,90109.5938658,3.3454999938840047
5,212,completed,90109.5904469,90109.5924432,90109.5945686,4.121700010728091
3,212,completed,90109.5903482,90109.5924496,90109.5950985,4.750299995066598
2,212,completed,90109.5903241,90109.5924356,90109.595564,5.239899997832254
5,213,completed,90109.6180216,90109.6199497,90109.6209263,2.904699998907745
3,213,completed,90109.6180072,90109.6199805,90109.6215412,3.5340000031283125
4,213,completed,90109.6180814,90109.6201533,90109.6220474,3.966000003856607
0,213,completed,90109.6181041,90109.6201834,90109.6225424,4.438300005858764
2,213,completed,90109.618162,90109.6202511,90109.623024,4.862000001594424
1,213,completed,90109.6182553,90109.6203766,90109.6235217,5.26640001044143
4,214,completed,90109.6529349,90109.6551493,90109.6559115,2.9765999934170395
0,214,completed,90109.6529203,90109.6552705,90109.6564821,3.561800011084415
2,214,completed,90109.6529566,90109.6553305,90109.6569714,4.0148000116460025
5,214,completed,90109.6530538,90109.6553882,90109.657478,4.424200000357814
1,214,completed,90109.6532583,90109.655401,90109.6579522,4.693900002166629
3,214,completed,90109.6531821,90109.6554526,90109.6584526,5.270499998005107
0,215,completed,90109.6875166,90109.6895703,90109.6901757,2.6591000059852377
1,215,completed,90109.6874828,90109.6894403,90109.690687,3.2041999947978184
5,215,completed,90109.687601,90109.6895668,90109.6912511,3.650099999504164
3,215,completed,90109.687697,90109.6895734,90109.691792,4.094999996596016
4,215,completed,90109.6874711,90109.6894794,90109.6923226,4.851500008953735
2,215,completed,90109.687667,90109.6896647,90109.6928243,5.157299994607456
4,216,completed,90109.729134,90109.7309617,90109.7317649,2.630900009535253
5,216,completed,90109.729222,90109.7311941,90109.7323063,3.0842999985907227
1,216,completed,90109.7291149,90109.7312555,90109.7328308,3.71590000577271
0,216,completed,90109.729352,90109.7312792,90109.7334192,4.067200003191829
2,216,completed,90109.7291539,90109.7313048,90109.733879,4.725100006908178
3,216,completed,90109.7292995,90109.7312753,90109.7343461,5.046599995694123
2,217,completed,90109.7500111,90109.7520103,90109.7527997,2.7886000025318936
1,217,completed,90109.749999,90109.7519057,90109.753387,3.387999997357838
3,217,completed,90109.7500553,90109.7522139,90109.7539381,3.882799996063113
5,217,completed,90109.7501046,90109.7523493,90109.7544829,4.378300000098534
0,217,completed,90109.7502703,90109.752359,90109.755035,4.764699988299981
4,217,completed,90109.7503237,90109.7523647,90109.7555845,5.2607999969040975
2,218,completed,90109.794204,90109.7959456,90109.7967627,2.558699998189695
3,218,completed,90109.7942025,90109.7960092,90109.7972835,3.081000002566725
4,218,completed,90109.7942504,90109.7962144,90109.7977322,3.4817999985534698
5,218,completed,90109.7944317,90109.7963234,90109.7983535,3.92180000199005
1,218,completed,90109.7943576,90109.7963256,90109.7990228,4.6652000019093975
0,218,completed,90109.7943057,90109.7963249,90109.799671,5.365300006815232
0,219,completed,90109.8194395,90109.8211306,90109.822203,2.763500000583008
1,219,completed,90109.8196311,90109.8215754,90109.8227837,3.1525999947916716
3,219,completed,90109.8194889,90109.8215284,90109.8233307,3.84180000401102
5,219,completed,90109.819524,90109.8216341,90109.8238754,4.3513999989954755
4,219,completed,90109.8196608,90109.8217792,90109.8244171,4.756299997097813
2,219,completed,90109.8197375,90109.821804,90109.8249725,5.235000004176982
2,220,completed,90109.8542593,90109.8562885,90109.8571488,2.8894999995827675
4,220,completed,90109.8542933,90109.8563536,90109.857813,3.519699996104464
1,220,completed,90109.8542383,90109.8562983,90109.8584735,4.235200001858175
3,220,completed,90109.8542271,90109.8564685,90109.8590233,4.796199995325878
5,220,completed,90109.8544583,90109.856541,90109.8595569,5.098599998746067
0,220,completed,90109.8543812,90109.8565577,90109.8601221,5.740900000091642
1,221,completed,90109.8889621,90109.8907907,90109.8917772,2.8151000005891547
5,221,completed,90109.889032,90109.8910414,90109.8924078,3.37579999177251
3,221,completed,90109.8890688,90109.8911398,90109.8930045,3.9357000059681013
0,221,completed,90109.8889937,90109.8911569,90109.893617,4.623299988452345
4,221,completed,90109.8891308,90109.8911856,90109.8941343,5.003500002203509
2,221,completed,90109.8892792,90109.8913195,90109.8946397,5.360499999369495
5,222,completed,90109.9306132,90109.9324656,90109.9333311,2.7178999880561605
1,222,completed,90109.9307309,90109.9326482,90109.9338961,3.1652000034227967
0,222,completed,90109.9305436,90109.9326867,90109.9343464,3.802799998084083
3,222,completed,90109.9305624,90109.9327106,90109.9348012,4.2388000001665205
2,222,completed,90109.9305308,90109.9327238,90109.9352696,4.738799994811416
4,222,completed,90109.9306787,90109.9327828,90109.9357965,5.117799999425188
3,223,completed,90109.9514157,90109.9534378,90109.9541251,2.7094000106444582
4,223,completed,90109.9514547,90109.9534411,90109.9546551,3.200399994966574
1,223,completed,90109.9515283,90109.9534995,90109.9552084,3.6801000096602365
2,223,completed,90109.951415,90109.9535109,90109.9557505,4.335499994340353
0,223,completed,90109.9516074,90109.9535835,90109.956271,4.663600004278123
5,223,completed,90109.9515745,90109.9536117,90109.9568178,5.243300009169616
2,224,completed,90109.9861559,90109.9880417,90109.9888309,2.674999996088445
4,224,completed,90109.9861316,90109.9881569,90109.9893372,3.205599990906194
5,224,completed,90109.9861314,90109.9881836,90109.989817,3.685599993332289
1,224,completed,90109.986217,90109.9881858,90109.9903161,4.099099998711608
3,224,completed,90109.986354,90109.9883714,90109.9908286,4.474600005778484
0,224,completed,90109.9862916,90109.988344,90109.9913854,5.093800005852245
0,225,completed,90110.020958,90110.0236611,90110.024485,3.52700000803452
3,225,completed,90110.0209621,90110.0235898,90110.0251242,4.162099998211488
1,225,completed,90110.0209967,90110.0235812,90110.0256652,4.668499997933395
4,225,completed,90110.0211497,90110.0237571,90110.0262179,5.0682000000961125
2,225,completed,90110.0210825,90110.0237558,90110.0266952,5.612699998891912
5,225,completed,90110.0212181,90110.0238094,90110.0272321,6.013999998685904
4,226,completed,90110.0555063,90110.0573054,90110.0582013,2.694999988307245
3,226,completed,90110.0555292,90110.0573832,90110.0587864,3.2571999909123406
2,226,completed,90110.055568,90110.0575118,90110.0598856,4.317600003560074
5,226,completed,90110.0556507,90110.0575299,90110.0603663,4.715599992778152
0,226,completed,90110.0557431,90110.0576987,90110.060832,5.088899997645058
1,226,completed,90110.0557079,90110.0576924,90110.0612216,5.513700001756661
0,227,completed,90110.0903765,90110.0921113,90110.0931135,2.737000002525747
1,227,completed,90110.0904095,90110.0923379,90110.0936877,3.278200005297549
4,227,completed,90110.0905689,90110.0926458,90110.0941726,3.603699995437637
2,227,completed,90110.0905191,90110.0926169,90110.0946476,4.12849998974707
3,227,completed,90110.0904851,90110.0926492,90110.0951344,4.64930001180619
5,227,completed,90110.0906473,90110.0926994,90110.0956979,5.050599997048266
4,228,completed,90110.1182465,90110.1208974,90110.1217774,3.5308999940752983
5,228,completed,90110.1182123,90110.1208799,90110.1224343,4.222000003210269
2,228,completed,90110.1182123,90110.1209506,90110.1229781,4.7657999966759235
1,228,completed,90110.1182888,90110.1210099,90110.1235757,5.286899991915561
0,228,completed,90110.1185772,90110.1210461,90110.1240834,5.506200002855621
3,228,completed,90110.1185545,90110.1211163,90110.1247378,6.183299992699176
2,229,completed,90110.1527166,90110.1544989,90110.1553934,2.676799995242618
1,229,completed,90110.152751,90110.1547159,90110.1559224,3.1713999924249947
5,229,completed,90110.1527751,90110.1547348,90110.1564595,3.6843999987468123
0,229,completed,90110.1529529,90110.1548694,90110.1570177,4.06479999946896
4,229,completed,90110.15288,90110.1549457,90110.1574835,4.603500012308359
3,229,completed,90110.1528336,90110.155002,90110.15797,5.136399995535612
1,230,completed,90110.1944051,90110.1963605,90110.1971137,2.7085999900009483
2,230,completed,90110.1944161,90110.1964671,90110.1976797,3.2635999959893525
5,230,completed,90110.1944438,90110.1965063,90110.1981835,3.739699997822754
0,230,completed,90110.1945189,90110.1965864,90110.1986458,4.126900006667711
4,230,completed,90110.1945682,90110.1966202,90110.1991394,4.571200013742782
3,230,completed,90110.1946494,90110.1966439,90110.1996203,4.970900001353584
2,231,completed,90110.2222955,90110.2242059,90110.2250381,2.742600001511164
5,231,completed,90110.2222767,90110.2242692,90110.2255416,3.2648999913362786
0,231,completed,90110.2223613,90110.2243948,90110.226007,3.6457000096561387
4,231,completed,90110.2224424,90110.224455,90110.226462,4.019600004539825
1,231,completed,90110.2223898,90110.2245131,90110.2269253,4.535500003839843
3,231,completed,90110.2224895,90110.2245588,90110.2274482,4.958700010320172
1,232,completed,90110.2567995,90110.2586683,90110.2594961,2.6966000004904345
2,232,completed,90110.2568278,90110.2588609,90110.2601156,3.2878000056371093
3,232,completed,90110.2568568,90110.2588819,90110.2606449,3.7881000025663525
5,232,completed,90110.2569874,90110.2589044,90110.2612131,4.225700002280064
4,232,completed,90110.2569259,90110.2589898,90110.2617319,4.805999997188337
0,232,completed,90110.2570492,90110.2590184,90110.26224,5.190800002310425
0,233,completed,90110.2847421,90110.286541,90110.2873997,2.6575999945634976
1,233,completed,90110.2847282,90110.2867667,90110.287916,3.187800000887364
4,233,completed,90110.2848178,90110.286855,90110.288408,3.590199994505383
5,233,completed,90110.2847815,90110.2868539,90110.2889061,4.124600003706291
2,233,completed,90110.2849957,90110.2868665,90110.2893818,4.386100001283921
3,233,completed,90110.2849432,90110.286952,90110.2898692,4.926000008708797
5,234,completed,90110.3195338,90110.3216837,90110.3225488,3.0150000093271956
1,234,completed,90110.3196276,90110.3218501,90110.3231197,3.4921000042231753
0,234,completed,90110.3195465,90110.3219107,90110.3236422,4.095700001926161
2,234,completed,90110.3195951,90110.3220183,90110.3241458,4.55070000316482
4,234,completed,90110.3196785,90110.3220365,90110.3246449,4.9663999961921945
3,234,completed,90110.3197345,90110.3220808,90110.3251516,5.417100008344278
3,235,completed,90110.3542142,90110.3559797,90110.3568476,2.633399999467656
4,235,completed,90110.3542496,90110.3561057,90110.357364,3.1143999949563295
0,235,completed,90110.3543322,90110.3562413,90110.3578997,3.5674999962793663
1,235,completed,90110.3544049,90110.3563126,90110.3583529,3.947999997762963
2,235,completed,90110.3543036,90110.3563818,90110.3588003,4.496699999435805
5,235,completed,90110.3545207,90110.3564415,90110.3592908,4.7701000003144145
3,236,completed,90110.3888307,90110.3907298,90110.3915186,2.687899992452003
0,236,completed,90110.3889093,90110.3906913,90110.3920724,3.163100001984276
4,236,completed,90110.3888757,90110.3907423,90110.3925299,3.654200001619756
5,236,completed,90110.3889743,90110.3908806,90110.3930287,4.054399993037805
1,236,completed,90110.3890333,90110.3909762,90110.3934646,4.431299996213056
2,236,completed,90110.3891305,90110.3910303,90110.3939222,4.791700004716404
4,237,completed,90110.4237928,90110.4259494,90110.4267284,2.9356000013649464
0,237,completed,90110.4237598,90110.4259335,90110.4272448,3.484999993816018
2,237,completed,90110.423844,90110.4260561,90110.4277449,3.900899988366291
3,237,completed,90110.4239341,90110.4261814,90110.4282123,4.2781999945873395
1,237,completed,90110.4237801,90110.426151,90110.428684,4.903900000499561
5,237,completed,90110.4237372,90110.4259456,90110.4291957,5.458499988890253
0,238,completed,90110.4513273,90110.4526118,90110.4533386,2.0112999918637797
2,238,completed,90110.4513271,90110.4526814,90110.4538852,2.558099993620999
4,238,completed,90110.4514044,90110.4527976,90110.4544363,3.0319000070448965
5,238,completed,90110.4513754,90110.4528501,90110.4550465,3.671099999337457
1,238,completed,90110.4651759,90110.4658522,90110.466476,1.3001000043004751
3,238,completed,90110.4652017,90110.4659226,90110.4669974,1.79569999454543
3,239,completed,90110.48618,90110.4881509,90110.4889776,2.7975999983027577
1,239,completed,90110.4861835,90110.4882994,90110.4895583,3.374799998709932
4,239,completed,90110.4861916,90110.4883759,90110.4900588,3.8672000082442537
5,239,completed,90110.4863881,90110.4883772,90110.4905727,4.184599994914606
2,239,completed,90110.4862719,90110.488421,90110.4911239,4.852000012760982
0,239,completed,90110.4863093,90110.4884484,90110.4917055,5.396199994720519
3,240,completed,90110.5278122,90110.5297518,90110.5306919,2.8796999977203086
4,240,completed,90110.527805,90110.5298035,90110.5312664,3.4613999887369573
0,240,completed,90110.5279968,90110.5300412,90110.5317476,3.7508000095840544
2,240,completed,90110.5279489,90110.5300331,90110.5322141,4.2652000120142475
1,240,completed,90110.5278658,90110.5301319,90110.5326867,4.8208999942289665
5,240,completed,90110.5278531,90110.5301191,90110.5331889,5.335800000466406
1,241,completed,90110.555585,90110.5573788,90110.5582036,2.618600003188476
2,241,completed,90110.5556371,90110.5574811,90110.5587122,3.07510000129696
0,241,completed,90110.5555682,90110.5576096,90110.5591683,3.6000999971292913
5,241,completed,90110.5556648,90110.5576504,90110.5602096,4.54479998734314
3,241,completed,90110.5557994,90110.5577064,90110.5606693,4.869900003541261
4,241,completed,90110.555741,90110.5577809,90110.5611343,5.393300001742318
1,242,completed,90110.5902213,90110.592145,90110.5929216,2.7002999995602295
5,242,completed,90110.5902044,90110.5920691,90110.5934857,3.281299999798648
4,242,completed,90110.5903217,90110.5923121,90110.5940475,3.725799993844703
0,242,completed,90110.5903704,90110.5923452,90110.5945295,4.1591000044718385
3,242,completed,90110.590263,90110.5923701,90110.5949921,4.729099993710406
2,242,completed,90110.5904878,90110.592457,90110.5954752,4.987399996025488
3,243,completed,90110.6180121,90110.6199819,90110.6209011,2.888999995775521
4,243,completed,90110.6180292,90110.6199954,90110.6216518,3.6225999938324094
0,243,completed,90110.6180968,90110.6202078,90110.6222696,4.172800006926991
2,243,completed,90110.6182719,90110.6203159,90110.6229324,4.660499995225109
5,243,completed,90110.6181571,90110.6203065,90110.6234682,5.311100001563318
1,243,completed,90110.6182179,90110.6203231,90110.6240379,5.819999991217628
2,244,completed,90110.6527701,90110.6547233,90110.6555089,2.7388000016799197
1,244,completed,90110.6527831,90110.6546715,90110.6560318,3.248699998948723
5,244,completed,90110.6528771,90110.6548265,90110.6566014,3.724299996974878
4,244,completed,90110.6528461,90110.6548323,90110.6571458,4.299699998227879
3,244,completed,90110.6530139,90110.6549933,90110.6576884,4.67449999996461
0,244,completed,90110.6529583,90110.655007,90110.6582009,5.2426000038394704
0,245,completed,90110.6874581,90110.689445,90110.6901651,2.706999992369674
4,245,completed,90110.6873972,90110.6893796,90110.6906748,3.277600000728853
1,245,completed,90110.6875433,90110.6895621,90110.6911956,3.652300001704134
2,245,completed,90110.6874282,90110.689568,90110.6917158,4.287599993404001
5,245,completed,90110.6874961,90110.689612,90110.6923384,4.842299997108057
3,245,completed,90110.6876389,90110.6896794,90110.6928031,5.164200003491715
0,246,completed,90110.7224399,90110.7246951,90110.7253682,2.9283000039868057
4,246,completed,90110.7222082,90110.7245935,90110.7259447,3.7365000025602058
2,246,completed,90110.7222334,90110.724656,90110.7264355,4.202099997201003
3,246,completed,90110.7222506,90110.7247428,90110.7269711,4.720500000985339
1,246,completed,90110.7222768,90110.7247914,90110.727496,5.219200000283308
5,246,completed,90110.7223618,90110.7248266,90110.7282106,5.848800006788224
5,247,completed,90110.756897,90110.7588232,90110.7598227,2.925699998741038
1,247,completed,90110.7569674,90110.7589452,90110.7603792,3.4118000039597973
4,247,completed,90110.7568873,90110.7590847,90110.7608515,3.964200004702434
0,247,completed,90110.7569821,90110.7591198,90110.7613624,4.38029998622369
2,247,completed,90110.7571094,90110.7591294,90110.7619099,4.800499998964369
3,247,completed,90110.7570825,90110.7591381,90110.7624138,5.331299995305017
2,248,completed,90110.7846991,90110.7864637,90110.7872757,2.5766000035218894
1,248,completed,90110.7847077,90110.7866015,90110.7877714,3.0637000018032268
0,248,completed,90110.7847994,90110.7868003,90110.7882717,3.472299998975359
4,248,completed,90110.7847483,90110.7868277,90110.7886964,3.9481000130763277
5,248,completed,90110.7849307,90110.78685,90110.7893675,4.436799994437024
3,248,completed,90110.7848502,90110.7868304,90110.7898094,4.959199999575503
3,249,completed,90110.8195051,90110.8215309,90110.8224788,2.973700000438839
4,249,completed,90110.8194544,90110.8217175,90110.8231285,3.6740999930771068
0,249,completed,90110.8195531,90110.821721,90110.823684,4.130900008021854
1,249,completed,90110.8196198,90110.8217834,90110.8241619,4.5421000104397535
5,249,completed,90110.8194545,90110.8218377,90110.8246797,5.225200002314523
2,249,completed,90110.8197046,90110.8218331,90110.8252357,5.531100003281608
4,250,completed,90110.8611408,90110.8632336,90110.8640526,2.911799994762987
3,250,completed,90110.8611353,90110.8632503,90110.8646706,3.5352999984752387
1,250,completed,90110.8611421,90110.8633163,90110.8651891,4.04700000945013
2,250,completed,90110.8612366,90110.8633989,90110.8656799,4.443300000275485
5,250,completed,90110.8611845,90110.8633976,90110.8661693,4.9848000053316355
0,250,completed,90110.8612911,90110.8634015,90110.8667153,5.42420000419952
1,251,completed,90110.8888713,90110.8910889,90110.8917851,2.9137999954400584
2,251,completed,90110.8889319,90110.8910653,90110.8923173,3.3853999921120703
3,251,completed,90110.8888965,90110.8910125,90110.8928079,3.9114000101108104
5,251,completed,90110.8888714,90110.8911827,90110.893268,4.39659999392461
0,251,completed,90110.8889694,90110.8912343,90110.8937539,4.784500008099712
4,251,completed,90110.8890056,90110.8912216,90110.8942988,5.293200010783039
2,252,completed,90110.9307196,90110.9327092,90110.9334405,2.7208999963477254
5,252,completed,90110.9307617,90110.932783,90110.9339598,3.1980999920051545
0,252,completed,90110.9306763,90110.932873,90110.9344379,3.761599989957176
3,252,completed,90110.9306765,90110.9328889,90110.9349088,4.2323000088799745
1,252,completed,90110.9308487,90110.9328679,90110.9354348,4.586100010783412
4,252,completed,90110.9308938,90110.932874,90110.9359441,5.050299994763918
0,253,completed,90110.9513529,90110.9533146,90110.9540463,2.693400005227886
3,253,completed,90110.9514144,90110.9534266,90110.95454,3.125600007479079
4,253,completed,90110.9515052,90110.9534937,90110.9550282,3.5229999921284616
5,253,completed,90110.9513565,90110.9534418,90110.9555122,4.1557000076863915
1,253,completed,90110.9514633,90110.9535584,90110.9560991,4.635799996322021
2,253,completed,90110.9515688,90110.9535622,90110.9566819,5.1131000072928146
5,254,completed,90110.9861214,90110.9879741,90110.9887979,2.6765000075101852
0,254,completed,90110.9860888,90110.9879964,90110.9893438,3.2550000032642856
3,254,completed,90110.9862955,90110.9882654,90110.9898319,3.5364000068511814
1,254,completed,90110.9862133,90110.988304,90110.9903273,4.113999995752238
4,254,completed,90110.9863842,90110.9883231,90110.9907917,4.407499989611097
2,254,completed,90110.9861607,90110.9882324,90110.9912806,5.1199000008637086
1,255,completed,90111.0207486,90111.0228418,90111.0238289,3.0802999972365797
4,255,completed,90111.0207925,90111.0229671,90111.0244454,3.65290000627283
5,255,completed,90111.0208342,90111.0231009,90111.0249855,4.151300003286451
2,255,completed,90111.0209114,90111.0230894,90111.0254678,4.556400002911687
3,255,completed,90111.0208759,90111.0232866,90111.0259347,5.058800001279451
0,255,completed,90111.0208183,90111.0233333,90111.0264234,5.605099999229424
1,256,completed,90111.0555923,90111.0574807,90111.0582501,2.6577999960863963
2,256,completed,90111.055537,90111.0576559,90111.0588036,3.2666000042809173
4,256,completed,90111.055537,90111.0576623,90111.0592445,3.7075000000186265
0,256,completed,90111.0557161,90111.0576888,90111.0603603,4.644200002076104
5,256,completed,90111.0556208,90111.0576532,90111.0608946,5.273799994029105
3,256,completed,90111.0557736,90111.057696,90111.0614286,5.655000000842847
4,257,completed,90111.0899973,90111.0916991,90111.0928104,2.813099999912083
0,257,completed,90111.0899512,90111.0918999,90111.0934172,3.4659999946597964
3,257,completed,90111.0899357,90111.0918931,90111.0939342,3.9985000039450824
1,257,completed,90111.0904757,90111.0922715,90111.0943926,3.9169000083347782
5,257,completed,90111.0903483,90111.0923444,90111.09485,4.501699993852526
2,257,completed,90111.0903896,90111.0923531,90111.0953413,4.951700000674464
3,258,completed,90111.1180342,90111.1202629,90111.1210229,2.988699998240918
4,258,completed,90111.1181016,90111.1202914,90111.1216242,3.5225999890826643
0,258,completed,90111.1180134,90111.1201519,90111.122152,4.138599993893877
2,258,completed,90111.1182019,90111.1203279,90111.1226445,4.442600009497255
5,258,completed,90111.1180244,90111.1203214,90111.1232076,5.183200002647936
1,258,completed,90111.118243,90111.1204096,90111.1237575,5.51449999329634
0,259,completed,90111.1528139,90111.15475,90111.1554831,2.6691999955801293
2,259,completed,90111.152755,90111.1548239,90111.1559863,3.2312999974237755
1,259,completed,90111.1528508,90111.1548537,90111.1564561,3.605299993068911
4,259,completed,90111.1529793,90111.1549491,90111.1568948,3.9155000122264028
5,259,completed,90111.1527491,90111.1549375,90111.1574128,4.663700005039573
3,259,completed,90111.152918,90111.1549536,90111.157871,4.95299999602139
5,260,completed,90111.1875021,90111.1894898,90111.1901069,2.604799999971874
2,260,completed,90111.1874839,90111.1894449,90111.1906141,3.130200013401918
1,260,completed,90111.1875143,90111.189492,90111.1910646,3.5502999962773174
4,260,completed,90111.1876053,90111.1895436,90111.1915543,3.9490000053774565
0,260,completed,90111.1876808,90111.1896188,90111.1920509,4.370100010419264
3,260,completed,90111.1877371,90111.1896216,90111.1925594,4.822300004889257
3,261,completed,90111.2222191,90111.2243323,90111.2251599,2.940799997304566
4,261,completed,90111.2222783,90111.2244055,90111.225684,3.4057000011671335
5,261,completed,90111.2222492,90111.2245067,90111.2261681,3.9188999944599345
1,261,completed,90111.2224133,90111.2246102,90111.2267011,4.2877999949269
2,261,completed,90111.2223057,90111.2246599,90111.2272472,4.941500010318123
0,261,completed,90111.2223635,90111.2247067,90111.2278241,5.460600004880689
0,262,completed,90111.2568783,90111.2584171,90111.2595528,2.6744999922811985
1,262,completed,90111.2569795,90111.2587851,90111.2601483,3.1688000017311424
4,262,completed,90111.257011,90111.2588196,90111.2606996,3.688600001623854
5,262,completed,90111.2572031,90111.2588967,90111.2612118,4.008699994301423
3,262,completed,90111.2569282,90111.259021,90111.2617123,4.784099990502
2,262,completed,90111.2571345,90111.259283,90111.2622223,5.08780000382103
1,263,completed,90111.2847638,90111.2866754,90111.287475,2.711200009798631
2,263,completed,90111.2847092,90111.2867327,90111.2880135,3.304300000309013
3,263,completed,90111.2847367,90111.2868417,90111.2885165,3.7797999975737184
5,263,completed,90111.2849332,90111.2868755,90111.2890362,4.102999999304302
4,263,completed,90111.2848248,90111.2869152,90111.2895148,4.690000001573935
0,263,completed,90111.2850181,90111.2869775,90111.2900051,4.987000007531606
2,264,completed,90111.3194994,90111.3216971,90111.3224996,3.0002000130480155
4,264,completed,90111.3194804,90111.3217311,90111.3231209,3.6404999991646037
5,264,completed,90111.3196349,90111.3219088,90111.3236062,3.971300000557676
3,264,completed,90111.3195621,90111.3219951,90111.3241012,4.539100002148189
1,264,completed,90111.3194808,90111.3218948,90111.3245745,5.0937000050907955
0,264,completed,90111.3196351,90111.3219932,90111.3250053,5.370200000470504
1,265,completed,90111.35411,90111.35594,90111.3567588,2.648800000315532
3,265,completed,90111.354164,90111.35606,90111.3573183,3.154299993184395
0,265,completed,90111.3542294,90111.3561341,90111.3577881,3.5586999874794856
5,265,completed,90111.3541456,90111.3561253,90111.3582774,4.131800000322983
2,265,completed,90111.3542023,90111.3562782,90111.3587522,4.549899997073226
4,265,completed,90111.354328,90111.3563013,90111.3592649,4.936900004395284
5,266,completed,90111.3888735,90111.3911625,90111.3917791,2.905600005760789
0,266,completed,90111.3889422,90111.3911861,90111.3922962,3.3540000003995374
4,266,completed,90111.3888738,90111.3912354,90111.3927703,3.896499998518266
1,266,completed,90111.3890325,90111.3911704,90111.3932256,4.193100001430139
3,266,completed,90111.3891789,90111.3912495,90111.3937242,4.545299991150387
2,266,completed,90111.3889088,90111.3912457,90111.394202,5.293199996231124
3,267,completed,90111.4236193,90111.4258276,90111.4265719,2.9525999998440966
0,267,completed,90111.4236099,90111.4257917,90111.4271908,3.580899996450171
4,267,completed,90111.4236626,90111.4257924,90111.4277871,4.124499988392927
5,267,completed,90111.4237681,90111.4260171,90111.428342,4.573900005198084
1,267,completed,90111.42373,90111.425976,90111.42886,5.1300000050105155
2,267,completed,90111.4238409,90111.4260314,90111.4294171,5.576199997449294
3,268,completed,90111.4515575,90111.4534972,90111.4543482,2.7907000039704144
4,268,completed,90111.4515992,90111.4537033,90111.4548915,3.292300010798499
5,268,completed,90111.4515788,90111.4536768,90111.4553996,3.820800004177727
2,268,completed,90111.4516461,90111.4537522,90111.4559119,4.265800002031028
1,268,completed,90111.4517061,90111.4538828,90111.4565072,4.801100003533065
0,268,completed,90111.4517451,90111.4538885,90111.4570362,5.291099994792603
5,269,completed,90111.4862667,90111.4885338,90111.4893589,3.0922000005375594
1,269,completed,90111.4862379,90111.4886282,90111.4900538,3.8158999959705397
2,269,completed,90111.4862857,90111.4885659,90111.490569,4.283300004317425
3,269,completed,90111.4863774,90111.4886268,90111.4911342,4.756800000905059
0,269,completed,90111.4864064,90111.4886381,90111.4916441,5.237699995632283
4,269,completed,90111.4863164,90111.4887421,90111.4921364,5.820000005769543
1,270,completed,90111.5210568,90111.5233489,90111.5241503,3.0934999958844855
3,270,completed,90111.5210249,90111.5234508,90111.524752,3.727100003743544
0,270,completed,90111.5211307,90111.523472,90111.5253366,4.2058999970322475
5,270,completed,90111.5212427,90111.5235215,90111.5258424,4.599700012477115
4,270,completed,90111.5210713,90111.5235491,90111.5263325,5.261199999949895
2,270,completed,90111.5211668,90111.5235642,90111.526815,5.648200007271953
2,271,completed,90111.5489667,90111.5509224,90111.5516197,2.653000003192574
4,271,completed,90111.548887,90111.5509294,90111.5522034,3.3164000051328912
5,271,completed,90111.5488384,90111.5508782,90111.5527432,3.9047999889589846
3,271,completed,90111.5488385,90111.5509699,90111.5532305,4.391999988001771
0,271,completed,90111.5488969,90111.5509907,90111.5537289,4.832000005990267
1,271,completed,90111.5557434,90111.5562987,90111.5570126,1.2692000018432736
0,272,completed,90111.5903714,90111.5926184,90111.5934594,3.0879999976605177
1,272,completed,90111.5904495,90111.5927312,90111.5940853,3.6358000070322305
3,272,completed,90111.5903872,90111.5927737,90111.5946178,4.230599995935336
2,272,completed,90111.5905516,90111.5928428,90111.5951317,4.580099994200282
5,272,completed,90111.5903702,90111.5928546,90111.5957724,5.402199996751733
4,272,completed,90111.5906299,90111.5928603,90111.5963205,5.690599995432422
0,273,completed,90111.6182944,90111.6206831,90111.6215496,3.255199990235269
2,273,completed,90111.6181729,90111.6206624,90111.6222493,4.076400000485592
4,273,completed,90111.6181622,90111.620672,90111.6228401,4.677899996750057
3,273,completed,90111.618256,90111.6206157,90111.623392,5.135999992489815
5,273,completed,90111.618198,90111.6207844,90111.6238614,5.66340000659693
1,273,completed,90111.6183385,90111.6208471,90111.6243842,6.045699992682785
2,274,completed,90111.6529603,90111.6549868,90111.6558147,2.8544000088004395
3,274,completed,90111.6530018,90111.6550819,90111.656358,3.3561999880475923
4,274,completed,90111.6530403,90111.655123,90111.6568938,3.853499991237186
5,274,completed,90111.6531542,90111.6552214,90111.6575095,4.355299999588169
0,274,completed,90111.653092,90111.6552393,90111.6580829,4.990900008124299
1,274,completed,90111.6529525,90111.6552609,90111.6586587,5.7062000123551115
5,275,completed,90111.6874086,90111.6892311,90111.6900256,2.6169999910052866
3,275,completed,90111.687555,90111.68945,90111.6905229,2.9678999999305233
2,275,completed,90111.6874883,90111.6894637,90111.6910398,3.5515000054147094
1,275,completed,90111.6874038,90111.6894957,90111.6915134,4.109600005904213
0,275,completed,90111.6874427,90111.6895522,90111.6919983,4.555599996820092
4,275,completed,90111.6877093,90111.6895985,90111.6924956,4.786300007253885
4,276,completed,90111.7223163,90111.724516,90111.7253629,3.046600002562627
1,276,completed,90111.722316,90111.7246135,90111.7259924,3.6763999960385263
0,276,completed,90111.722352,90111.72471,90111.7265652,4.213200008962303
3,276,completed,90111.7225133,90111.7248425,90111.7271247,4.611399999703281
5,276,completed,90111.7224196,90111.7248702,90111.7276405,5.220899998676032
2,276,completed,90111.7223913,90111.7248723,90111.7281799,5.788599999505095
0,277,completed,90111.7570401,90111.7590245,90111.7597454,2.705300008528866
1,277,completed,90111.7570769,90111.7590739,90111.7603068,3.2299000013154
3,277,completed,90111.7569653,90111.7591137,90111.7608451,3.8798000023234636
5,277,completed,90111.7571018,90111.7591824,90111.7613093,4.207499994663522
2,277,completed,90111.7569655,90111.759225,90111.7618127,4.847200005315244
4,277,completed,90111.7571942,90111.7592363,90111.762327,5.132799997227266
4,278,completed,90111.784773,90111.7867823,90111.7875995,2.8265000000828877
2,278,completed,90111.784741,90111.7870023,90111.7882172,3.4761999995680526
3,278,completed,90111.7848354,90111.78704,90111.7887159,3.8804999931016937
0,278,completed,90111.784759,90111.7869206,90111.7892841,4.525099997408688
1,278,completed,90111.7850075,90111.7871059,90111.7898382,4.830699996091425
5,278,completed,90111.7849167,90111.7871042,90111.7904276,5.51090000953991
1,279,completed,90111.8194906,90111.8215738,90111.8226242,3.13359999563545
3,279,completed,90111.8194728,90111.8218688,90111.823276,3.8032000011298805
5,279,completed,90111.8197011,90111.8219813,90111.823838,4.136899995501153
0,279,completed,90111.819531,90111.8220168,90111.8243738,4.842800000915304
2,279,completed,90111.8196302,90111.8220539,90111.8249291,5.29889999597799
4,279,completed,90111.8195628,90111.822047,90111.8254807,5.917900009080768
1,280,completed,90111.8540666,90111.855947,90111.8567915,2.7248999977018684
4,280,completed,90111.8541734,90111.8561673,90111.8574028,3.2293999975081533
0,280,completed,90111.8541136,90111.8561699,90111.857966,3.8523999974131584
3,280,completed,90111.8542301,90111.8562663,90111.8584932,4.263099996023811
2,280,completed,90111.8540776,90111.8562641,90111.8590221,4.9445000040577725
5,280,completed,90111.8542607,90111.8563554,90111.85954,5.279300006804988
0,281,completed,90111.8889171,90111.8910289,90111.8919429,3.0257999897003174
1,281,completed,90111.8891635,90111.891301,90111.8925059,3.3423999993829057
2,281,completed,90111.88897,90111.891302,90111.8931106,4.140599994570948
3,281,completed,90111.8889335,90111.8913615,90111.8936856,4.752099994220771
4,281,completed,90111.8890199,90111.8913686,90111.8942704,5.250499991234392
5,281,completed,90111.8890816,90111.8914277,90111.894938,5.8563999918987975
3,282,completed,90111.9235319,90111.9255889,90111.926391,2.8591000009328127
0,282,completed,90111.9235242,90111.9255958,90111.9269682,3.444000001763925
2,282,completed,90111.9236246,90111.9257605,90111.9274754,3.8508000143337995
1,282,completed,90111.9235815,90111.9257808,90111.9279758,4.394300005515106
5,282,completed,90111.9237105,90111.9258681,90111.9286149,4.904399989754893
4,282,completed,90111.9237426,90111.9258988,90111.9291605,5.417899999883957
2,283,completed,90111.9513291,90111.9531584,90111.953952,2.6228999922750518
3,283,completed,90111.9513086,90111.9533244,90111.9544558,3.1472000118810683
4,283,completed,90111.9513746,90111.9533282,90111.9549157,3.5410999989835545
5,283,completed,90111.9514406,90111.9533902,90111.9556011,4.160500000580214
0,283,completed,90111.9515688,90111.9534619,90111.9561583,4.589500007568859
1,283,completed,90111.9515665,90111.9535176,90111.9567435,5.176999999093823
0,284,completed,90111.9860841,90111.9878564,90111.9888012,2.717099996516481
1,284,completed,90111.9862387,90111.9882192,90111.9894088,3.1700999970780686
4,284,completed,90111.9861232,90111.9882808,90111.9899269,3.8037000049371272
2,284,completed,90111.9861411,90111.9882984,90111.9904433,4.302200002712198
3,284,completed,90111.9862783,90111.9883282,90111.9909507,4.672399998526089
5,284,completed,90111.9864206,90111.9883345,90111.991662,5.241399994702078
0,285,completed,90112.0278289,90112.0298532,90112.0306538,2.8249000024516135
5,285,completed,90112.0278082,90112.0297737,90112.0312304,3.422199995839037
1,285,completed,90112.0278862,90112.0301342,90112.0317333,3.8471000007120892
2,285,completed,90112.0279968,90112.0301382,90112.0322431,4.24629999906756
4,285,completed,90112.0279587,90112.0301521,90112.0327444,4.785700002685189
3,285,completed,90112.0278667,90112.0301314,90112.0331994,5.332700005965307
3,286,completed,90112.0554852,90112.0571819,90112.0581077,2.6224999892292544
1,286,completed,90112.055512,90112.057315,90112.0586585,3.1464999919990078
5,286,completed,90112.0555287,90112.0575568,90112.059172,3.6432999913813546
0,286,completed,90112.0555514,90112.0576091,90112.0596839,4.132500005653128
4,286,completed,90112.0557003,90112.0576577,90112.060163,4.462700002477504
2,286,completed,90112.0556496,90112.0576752,90112.0606777,5.028100000345148
3,287,completed,90112.0832569,90112.0839546,90112.0846209,1.3639999961014837
1,287,completed,90112.083241,90112.0839448,90112.0851639,1.9229000026825815
5,287,completed,90112.0902387,90112.0915758,90112.0922444,2.0057000074302778
2,287,completed,90112.0902978,90112.0916401,90112.0927676,2.4698000052012503
0,287,completed,90112.0902093,90112.0916369,90112.093272,3.0626999941887334
4,287,completed,90112.0902814,90112.0916866,90112.0937469,3.465500005404465
2,288,completed,90112.11797,90112.1197883,90112.1208382,2.868199997465126
0,288,completed,90112.1181076,90112.1202146,90112.1214323,3.32469999557361
1,288,completed,90112.1180089,90112.1202707,90112.1220264,4.017500003101304
5,288,completed,90112.1180007,90112.1202295,90112.1225307,4.530000005615875
4,288,completed,90112.1181601,90112.1202831,90112.1230698,4.909700001007877
3,288,completed,90112.1182516,90112.1203031,90112.1235943,5.342700009350665
3,289,completed,90112.1527317,90112.1548781,90112.1556065,2.8748000040650368
5,289,completed,90112.1528469,90112.1549691,90112.1561867,3.339799994137138
2,289,completed,90112.152726,90112.155023,90112.1566792,3.953199993702583
0,289,completed,90112.1529532,90112.155031,90112.1571293,4.176100002950989
4,289,completed,90112.1527696,90112.1550445,90112.1576385,4.868899995926768
1,289,completed,90112.15308,90112.1551477,90112.1581445,5.0645000010263175
5,290,completed,90112.1873617,90112.1891169,90112.1899919,2.6302000042051077
4,290,completed,90112.1873772,90112.1891204,90112.1905658,3.188600006978959
1,290,completed,90112.1874154,90112.1892688,90112.1910919,3.6764999967999756
3,290,completed,90112.1875324,90112.1894317,90112.1916265,4.094100004294887
0,290,completed,90112.187657,90112.1895146,90112.1921619,4.5049000036669895
2,290,completed,90112.1877766,90112.1895414,90112.1926472,4.870600008871406
0,291,completed,90112.2153283,90112.2172146,90112.2180454,2.7171000110683963
3,291,completed,90112.2153741,90112.2172858,90112.2185776,3.2035000040195882
2,291,completed,90112.2153196,90112.2172958,90112.219068,3.7484000058611855
5,291,completed,90112.2153648,90112.2173988,90112.2195219,4.157100003794767
1,291,completed,90112.2154557,90112.217496,90112.2200883,4.632600001059473
4,291,completed,90112.2155927,90112.217489,90112.2207025,5.109799996716902
5,292,completed,90112.263827,90112.26589,90112.2667679,2.9408999980660155
0,292,completed,90112.2638678,90112.2660109,90112.2672927,3.424900001846254
4,292,completed,90112.2638919,90112.2660668,90112.267843,3.951099992264062
3,292,completed,90112.2641106,90112.2662282,90112.2683441,4.233500003465451
1,292,completed,90112.263983,90112.2662067,90112.2688422,4.859200009377673
2,292,completed,90112.2640573,90112.2662299,90112.2693298,5.272499998682179
5,293,completed,90112.2847233,90112.286718,90112.2875489,2.8255999932298437
1,293,completed,90112.284772,90112.2870044,90112.2881611,3.3891000057337806
2,293,completed,90112.2846898,90112.2869912,90112.2887364,4.046600006404333
4,293,completed,90112.2847981,90112.2870255,90112.2892648,4.466700003831647
0,293,completed,90112.2849236,90112.286991,90112.2897761,4.852500002016313
3,293,completed,90112.2846893,90112.2870044,90112.2903134,5.6240999983856454
2,294,completed,90112.3194431,90112.321624,90112.3227183,3.275199997005984
4,294,completed,90112.3195916,90112.3218881,90112.3233956,3.8040000072214752
0,294,completed,90112.3194603,90112.3218336,90112.3240037,4.54340000578668
3,294,completed,90112.3195106,90112.3219369,90112.3245799,5.06929999392014
5,294,completed,90112.3194887,90112.3219812,90112.3251065,5.617799994070083
1,294,completed,90112.3196317,90112.32204,90112.3256979,6.066200003260747
3,295,completed,90112.3542662,90112.3562077,90112.3571307,2.864499998395331
1,295,completed,90112.3542791,90112.3562217,90112.3578465,3.567399995517917
4,295,completed,90112.3543739,90112.3565052,90112.3584216,4.04770000022836
0,295,completed,90112.3543385,90112.356645,90112.3589347,4.596200000378303
5,295,completed,90112.3545039,90112.3566607,90112.3594392,4.935299992212094
2,295,completed,90112.3544241,90112.3566915,90112.3600134,5.58929999533575
2,296,completed,90112.3888923,90112.3906469,90112.3915721,2.6797999889822677
5,296,completed,90112.388968,90112.3908081,90112.3921095,3.1414999975822866
0,296,completed,90112.3888778,90112.3908639,90112.3926114,3.7336000095820054
4,296,completed,90112.3889053,90112.3909679,90112.3931028,4.197499991278164
1,296,completed,90112.3891739,90112.3909822,90112.3935857,4.411800007801503
3,296,completed,90112.3890662,90112.3911253,90112.3940369,4.970699999830686
0,297,completed,90112.4165824,90112.4177807,90112.4184868,1.9044000073336065
4,297,completed,90112.4166443,90112.4178788,90112.4189794,2.3350999981630594
2,297,completed,90112.4166997,90112.4180632,90112.4194774,2.777700006845407
5,297,completed,90112.4166751,90112.4180779,90112.4199382,3.263099992182106
1,297,completed,90112.4235738,90112.4246494,90112.4255236,1.94980000378564
3,297,completed,90112.4236213,90112.4247541,90112.4263136,2.6922999968519434
0,298,completed,90112.4513705,90112.4534735,90112.4541754,2.8048999956808984
2,298,completed,90112.4514253,90112.4534962,90112.4547094,3.2841000065673143
1,298,completed,90112.4514435,90112.4535745,90112.4551891,3.7455999990925193
3,298,completed,90112.4513777,90112.4535269,90112.4556627,4.285000002710149
4,298,completed,90112.4516255,90112.4536623,90112.4561201,4.494599997997284
5,298,completed,90112.4516016,90112.4536542,90112.4565917,4.990100002032705
4,299,completed,90112.4860524,90112.4878574,90112.4887352,2.6827999972738326
3,299,completed,90112.4861399,90112.4880191,90112.489259,3.119100001640618
2,299,completed,90112.4862515,90112.4881765,90112.4897873,3.5358000022824854
5,299,completed,90112.4862475,90112.4881801,90112.4902602,4.0126999956555665
0,299,completed,90112.4860644,90112.4883075,90112.4907261,4.661700004362501
1,299,completed,90112.4860764,90112.4882984,90112.4912749,5.198500002734363
5,300,completed,90112.5209507,90112.5232502,90112.5240175,3.066800010856241
1,300,completed,90112.5210296,90112.5233008,90112.5245846,3.555000002961606
0,300,completed,90112.5210639,90112.5232921,90112.5250781,4.0142000070773065
3,300,completed,90112.5209391,90112.5231765,90112.5256305,4.691399997682311
4,300,completed,90112.5209901,90112.5232892,90112.5261559,5.165800001122989
2,300,completed,90112.5211027,90112.5237079,90112.5267066,5.603899990092032
1,301,completed,90112.5562063,90112.5585481,90112.5593718,3.1655000057071447
0,301,completed,90112.5564698,90112.5587268,90112.5599065,3.4367000043857843
5,301,completed,90112.5562112,90112.5587836,90112.5604048,4.19359999068547
3,301,completed,90112.5562962,90112.558813,90112.5608706,4.5744000090053305
2,301,completed,90112.5561669,90112.5588137,90112.5613276,5.160699991392903
4,301,completed,90112.5561983,90112.5588299,90112.5618353,5.6370000093011186
3,302,completed,90112.597213,90112.5992429,90112.6000278,2.8147999983048066
1,302,completed,90112.5972516,90112.599296,90112.6005815,3.32989999151323
2,302,completed,90112.5971971,90112.5992288,90112.6011223,3.925199998775497
5,302,completed,90112.5973022,90112.5993637,90112.6016357,4.333500008215196
4,302,completed,90112.5973871,90112.5994307,90112.602177,4.789899991010316
0,302,completed,90112.5974934,90112.5994504,90112.6026677,5.1743000076385215
3,303,completed,90112.6180419,90112.6198375,90112.6207748,2.7329000004101545
2,303,completed,90112.6180276,90112.6200463,90112.6213421,3.314500005217269
4,303,completed,90112.6180881,90112.6200531,90112.6219347,3.8465999969048426
0,303,completed,90112.6181292,90112.6201742,90112.6224501,4.320899999584071
5,303,completed,90112.618245,90112.6202245,90112.6229972,4.75219999498222
1,303,completed,90112.6183787,90112.6202604,90112.6235629,5.1841999957105145
5,304,completed,90112.6595887,90112.661388,90112.6622663,2.6776000013342127
0,304,completed,90112.6595896,90112.661564,90112.6628004,3.2107999868458137
1,304,completed,90112.6597918,90112.6616931,90112.663295,3.5032000014325604
4,304,completed,90112.6597027,90112.6617567,90112.6637503,4.047599999466911
3,304,completed,90112.659661,90112.6617527,90112.6642184,4.557399995974265
2,304,completed,90112.6596354,90112.6617425,90112.6647319,5.096499997307546
1,305,completed,90112.6874447,90112.6894656,90112.6901231,2.678399992873892
5,305,completed,90112.6875513,90112.6894679,90112.690642,3.0907000036677346
2,305,completed,90112.6874815,90112.6895697,90112.6911386,3.6570999945979565
4,305,completed,90112.6874595,90112.6895408,90112.6916954,4.23590000718832
0,305,completed,90112.6876595,90112.6895711,90112.6922503,4.5907999883638695
3,305,completed,90112.6876197,90112.6896405,90112.6927813,5.161599998245947
3,306,completed,90112.7291382,90112.7310445,90112.7320969,2.9587000026367605
0,306,completed,90112.729137,90112.7310457,90112.7327582,3.621199997724034
5,306,completed,90112.7293774,90112.7313864,90112.7332933,3.915900000720285
4,306,completed,90112.7294319,90112.7314165,90112.7338217,4.389800000353716
2,306,completed,90112.7293135,90112.7314664,90112.7343918,5.078299989691004
1,306,completed,90112.7294957,90112.731526,90112.7349055,5.409799996414222
5,307,completed,90112.7499638,90112.7520008,90112.7526642,2.700400000321679
3,307,completed,90112.749981,90112.752038,90112.7532004,3.2193999941227958
2,307,completed,90112.7500785,90112.7520517,90112.7536988,3.620300005422905
0,307,completed,90112.7499699,90112.7520276,90112.7541736,4.203699994832277
4,307,completed,90112.7501716,90112.7521445,90112.7546723,4.500700000789948
1,307,completed,90112.7501366,90112.7521364,90112.7551562,5.019599993829615
0,308,completed,90112.7846781,90112.7866887,90112.7875136,2.835499995853752
5,308,completed,90112.7847571,90112.786929,90112.7880662,3.3090999932028353
4,308,completed,90112.7848559,90112.7869346,90112.7886139,3.7580000062007457
2,308,completed,90112.7846769,90112.7869137,90112.7890608,4.383899999083951
1,308,completed,90112.7847102,90112.7869556,90112.7896118,4.901600012090057
3,308,completed,90112.7848117,90112.7869526,90112.7902187,5.407000004197471
4,309,completed,90112.8193986,90112.8214978,90112.8222835,2.8849000082118437
0,309,completed,90112.8196106,90112.821627,90112.8229368,3.32620000699535
5,309,completed,90112.8195652,90112.8216363,90112.8235334,3.968200006056577
1,309,completed,90112.8194299,90112.8215951,90112.8241019,4.6719999954802915
2,309,completed,90112.8194986,90112.8216616,90112.8246481,5.149499993422069
3,309,completed,90112.8194174,90112.8215776,90112.8252159,5.798500002129003
1,310,completed,90112.8543258,90112.8563614,90112.8570489,2.7230999985476956
2,310,completed,90112.8542636,90112.8564025,90112.8576655,3.401900001335889
0,310,completed,90112.8542225,90112.8564438,90112.8582769,4.05440000758972
5,310,completed,90112.8542222,90112.8563814,90112.8588574,4.63520000630524
3,310,completed,90112.8543599,90112.856533,90112.8593934,5.033499997807667
4,310,completed,90112.8543895,90112.8565273,90112.8599061,5.516599994734861
3,311,completed,90112.8889228,90112.8910167,90112.8917572,2.8344000020297244
2,311,completed,90112.8888938,90112.8910816,90112.8923387,3.4448999940650538
4,311,completed,90112.8889706,90112.8911351,90112.8928657,3.8951000024098903
5,311,completed,90112.8888867,90112.8910091,90112.8933951,4.508400001213886
1,311,completed,90112.8890921,90112.8911703,90112.8938954,4.8033000057330355
0,311,completed,90112.8890131,90112.8912597,90112.8944128,5.39970000681933
4,312,completed,90112.9236118,90112.9255663,90112.9264281,2.8163000097265467
2,312,completed,90112.9236853,90112.925785,90112.9270002,3.314899993711151
3,312,completed,90112.9236288,90112.9258644,90112.9275573,3.92850000935141
5,312,completed,90112.9237739,90112.9258372,90112.9280924,4.318500010413118
0,312,completed,90112.9238493,90112.925869,90112.9286111,4.76179999532178
1,312,completed,90112.9237204,90112.9259252,90112.9290453,5.32490000477992
1,313,completed,90112.9514119,90112.9530539,90112.9539663,2.5544000091031194
2,313,completed,90112.9515467,90112.9533887,90112.9544802,2.9334999999264255
3,313,completed,90112.9514397,90112.9534834,90112.9549719,3.5322000039741397
0,313,completed,90112.9514901,90112.9534752,90112.9554366,3.9465000008931383
5,313,completed,90112.9517241,90112.9535761,90112.9559502,4.226100005325861
4,313,completed,90112.9516351,90112.9535672,90112.9564512,4.816100001335144
3,314,completed,90112.9859564,90112.9876942,90112.9885614,2.6049999869428575
2,314,completed,90112.9859992,90112.9878434,90112.9891131,3.113900005700998
5,314,completed,90112.9860963,90112.9880268,90112.9895931,3.4968000109074637
1,314,completed,90112.9861502,90112.9881095,90112.9901043,3.954100000555627
0,314,completed,90112.9861906,90112.9881446,90112.9905958,4.405200001201592
4,314,completed,90112.9860375,90112.9881592,90112.9911334,5.095900007290766
5,315,completed,90113.0210405,90113.0232548,90113.0240391,2.998600000864826
2,315,completed,90113.0210273,90113.0231859,90113.0246256,3.5982999979751185
3,315,completed,90113.0210192,90113.0233305,90113.0251291,4.109900008188561
4,315,completed,90113.0210933,90113.0234438,90113.0256183,4.524999996647239
1,315,completed,90113.0211949,90113.0235232,90113.0261033,4.908400005660951
0,315,completed,90113.0212811,90113.0235552,90113.0266197,5.3386000072350726
2,316,completed,90113.0554988,90113.0575969,90113.0584035,2.90470001345966
0,316,completed,90113.0555009,90113.0576153,90113.0589417,3.4408000065013766
5,316,completed,90113.0555315,90113.0577356,90113.0594283,3.896800000802614
4,316,completed,90113.055693,90113.0577381,90113.0599307,4.237699991790578
3,316,completed,90113.055674,90113.0577435,90113.0604501,4.776100002345629
1,316,completed,90113.0555816,90113.0577491,90113.060925,5.343400000128895
0,317,completed,90113.090354,90113.0926506,90113.093366,3.0120000010356307
5,317,completed,90113.0903731,90113.0926607,90113.0940489,3.6758000060217455
2,317,completed,90113.0904577,90113.0927322,90113.0945713,4.11359999270644
1,317,completed,90113.0904124,90113.0926514,90113.0950777,4.665300002670847
3,317,completed,90113.090518,90113.0927939,90113.095579,5.061000003479421
4,317,completed,90113.0905831,90113.0928633,90113.0961656,5.582500001764856
5,318,completed,90113.1181765,90113.1202916,90113.1212101,3.03360000543762
0,318,completed,90113.1181555,90113.1202837,90113.1218199,3.6644000065280125
1,318,completed,90113.1180139,90113.1202412,90113.1223523,4.338399987318553
2,318,completed,90113.118014,90113.1202615,90113.1228353,4.821299997274764
4,318,completed,90113.1180941,90113.1203943,90113.1233301,5.23599999723956
3,318,completed,90113.1180638,90113.1203635,90113.1237754,5.71160000981763
2,319,completed,90113.1527376,90113.1547856,90113.1554218,2.684199993382208
3,319,completed,90113.1528929,90113.1547935,90113.1559792,3.086299999267794
4,319,completed,90113.1527377,90113.1547911,90113.1564458,3.7081000045873225
1,319,completed,90113.1528151,90113.1548518,90113.1569464,4.131300011067651
5,319,completed,90113.1527945,90113.154741,90113.157593,4.798499998287298
0,319,completed,90113.1529515,90113.1549445,90113.1580486,5.0971000018762425
4,320,completed,90113.187551,90113.1894157,90113.1900471,2.4961000017356128
2,320,completed,90113.1873994,90113.189371,90113.1906334,3.233999988879077
3,320,completed,90113.1874234,90113.1892778,90113.1911433,3.719900007126853
1,320,completed,90113.1874412,90113.1895039,90113.1916314,4.190199993900023
5,320,completed,90113.1875857,90113.1895719,90113.1920993,4.513599997153506
0,320,completed,90113.1874597,90113.1895681,90113.192546,5.086300006951205
4,321,completed,90113.2290208,90113.2308863,90113.2317399,2.7190999971935526
0,321,completed,90113.2290435,90113.23097,90113.2322754,3.2319000019924715
5,321,completed,90113.2290786,90113.2310215,90113.2327749,3.696300002047792
3,321,completed,90113.2291733,90113.2311992,90113.2332238,4.050499992445111
2,321,completed,90113.2292662,90113.2313001,90113.2337016,4.4353999983286485
1,321,completed,90113.2293068,90113.2312876,90113.2342257,4.91889999830164
5,322,completed,90113.2571366,90113.2590047,90113.2598754,2.7388000016799197
3,322,completed,90113.2571874,90113.2591289,90113.2603862,3.1987999973353
2,322,completed,90113.2572909,90113.2592396,90113.2608238,3.53289999475237
4,322,completed,90113.2572349,90113.2593982,90113.2612661,4.031200005556457
1,322,completed,90113.2573902,90113.259419,90113.2617089,4.318699997384101
0,322,completed,90113.2573098,90113.2594244,90113.2621706,4.860800007008947
2,323,completed,90113.2917724,90113.2937346,90113.2945288,2.756400004727766
0,323,completed,90113.2917284,90113.2938022,90113.2951406,3.4122000070055947
4,323,completed,90113.2918349,90113.2938919,90113.2957111,3.876200004015118
3,323,completed,90113.2919083,90113.2939202,90113.2962344,4.326099995523691
1,323,completed,90113.2916673,90113.2939781,90113.2967104,5.043099998147227
5,323,completed,90113.291668,90113.2940139,90113.2972233,5.55529999837745
2,324,completed,90113.3195019,90113.3216099,90113.3224268,2.9249000072013587
0,324,completed,90113.3195622,90113.3217319,90113.3230852,3.5229999921284616
4,324,completed,90113.3195017,90113.3217166,90113.3236248,4.1231000068364665
5,324,completed,90113.3195936,90113.3216896,90113.3241657,4.572100006043911
1,324,completed,90113.3196173,90113.3217949,90113.3247255,5.1081999990856275
3,324,completed,90113.3197104,90113.3218101,90113.3252156,5.505199995241128
2,325,completed,90113.354196,90113.3560901,90113.3569458,2.7497999981278554
0,325,completed,90113.3542861,90113.3563407,90113.3576166,3.330499996081926
3,325,completed,90113.3541905,90113.3563066,90113.358166,3.9755000034347177
4,325,completed,90113.3543647,90113.3563488,90113.3601468,5.782099993666634
5,325,completed,90113.354183,90113.3563441,90113.3607991,6.616099999519065
1,325,completed,90113.3543464,90113.356421,90113.361492,7.145600000512786
2,326,completed,90113.3958051,90113.3975807,90113.3984993,2.694200011319481
1,326,completed,90113.3959619,90113.3977483,90113.3990264,3.0645000078948215
3,326,completed,90113.3958221,90113.3977821,90113.3994979,3.6757999914698303
5,326,completed,90113.3960741,90113.3978315,90113.3999458,3.871699998853728
4,326,completed,90113.3960897,90113.3981016,90113.4003939,4.304199988837354
0,326,completed,90113.3961303,90113.3981605,90113.4008179,4.687599997851066
2,327,completed,90113.4236326,90113.4256803,90113.4264536,2.82100000185892
0,327,completed,90113.4237615,90113.425843,90113.4269842,3.2227000046987087
3,327,completed,90113.4237216,90113.4258938,90113.4274895,3.7678999942727387
5,327,completed,90113.423661,90113.4259511,90113.4280255,4.364500011433847
4,327,completed,90113.423844,90113.4259427,90113.4285354,4.691399997682311
1,327,completed,90113.4236479,90113.4259461,90113.4290422,5.394300009356812
2,328,completed,90113.4512515,90113.4516709,90113.4523792,1.1277000012341887
5,328,completed,90113.4583063,90113.4599909,90113.4606858,2.3795000015525147
3,328,completed,90113.4583908,90113.4601013,90113.4612197,2.8288999892538413
1,328,completed,90113.4583745,90113.460123,90113.4617441,3.369600002770312
4,328,completed,90113.4584337,90113.460121,90113.4622039,3.770199997234158
0,328,completed,90113.4583133,90113.4600922,90113.4626621,4.348800008301623
4,329,completed,90113.4860187,90113.4879085,90113.4886767,2.657999997609295
3,329,completed,90113.4860788,90113.4879242,90113.489189,3.110200006631203
0,329,completed,90113.4861655,90113.4881656,90113.489652,3.486500005237758
5,329,completed,90113.4862698,90113.4882136,90113.4900813,3.8114999915705994
2,329,completed,90113.4862332,90113.4881726,90113.4905667,4.333499993663281
1,329,completed,90113.4860767,90113.4882254,90113.4911202,5.043499986641109
1,330,completed,90113.5208285,90113.5229546,90113.5237695,2.940999998827465
5,330,completed,90113.5207927,90113.5229103,90113.5244296,3.636900000856258
0,330,completed,90113.520768,90113.523113,90113.5250178,4.249799996614456
2,330,completed,90113.5207682,90113.5231554,90113.5255261,4.757899994729087
3,330,completed,90113.5209226,90113.5232202,90113.5260452,5.12259999231901
4,330,completed,90113.5208842,90113.5232193,90113.5265763,5.692100006854162
2,331,completed,90113.5554643,90113.5573543,90113.5582311,2.7667999966070056
4,331,completed,90113.5554427,90113.557463,90113.5588407,3.3980000007431954
0,331,completed,90113.5555018,90113.5574919,90113.5594193,3.917499998351559
1,331,completed,90113.5555754,90113.5575899,90113.5599568,4.381400009151548
5,331,completed,90113.5557038,90113.5576311,90113.560475,4.771200008690357
3,331,completed,90113.5556078,90113.5576805,90113.5609949,5.38710001274012
0,332,completed,90113.5833267,90113.5840422,90113.5847849,1.458200000342913
2,332,completed,90113.5833424,90113.5841004,90113.5853727,2.0303000055719167
5,332,completed,90113.5971801,90113.5986616,90113.5993204,2.140299999155104
4,332,completed,90113.597152,90113.5985912,90113.5998779,2.7258999907644466
1,332,completed,90113.5971998,90113.5987108,90113.6003954,3.1956000020727515
3,332,completed,90113.5971903,90113.5987285,90113.6008605,3.670199992484413
5,333,completed,90113.6179888,90113.619769,90113.6206334,2.6445999974384904
3,333,completed,90113.6180555,90113.6199063,90113.6211722,3.116699997917749
1,333,completed,90113.6180224,90113.6198924,90113.6216768,3.654400003142655
0,333,completed,90113.6181878,90113.6200561,90113.6221587,3.9708999975118786
4,333,completed,90113.6181497,90113.6201751,90113.6227349,4.585199989378452
2,333,completed,90113.6181223,90113.620175,90113.6232652,5.142900001374073
4,334,completed,90113.6596987,90113.6617058,90113.6625929,2.894200006267056
2,334,completed,90113.6597212,90113.6619636,90113.6631563,3.435099992202595
5,334,completed,90113.6599122,90113.6619972,90113.663662,3.749800001969561
0,334,completed,90113.6597454,90113.6620774,90113.6641883,4.442899997229688
3,334,completed,90113.6597964,90113.662093,90113.664708,4.9116000009234995
1,334,completed,90113.6598348,90113.6621266,90113.6652656,5.430799996247515
3,335,completed,90113.6875299,90113.6897303,90113.6904417,2.911800009314902
4,335,completed,90113.6874984,90113.6897093,90113.6910262,3.5277999995741993
1,335,completed,90113.6874934,90113.6898225,90113.6915817,4.088300003786571
0,335,completed,90113.6876025,90113.6897897,90113.6921686,4.5661000040126964
2,335,completed,90113.6876512,90113.6898357,90113.6927539,5.10270000086166
5,335,completed,90113.6875573,90113.689709,90113.6933315,5.7742000062717125
1,336,completed,90113.7220945,90113.7240685,90113.7250013,2.9068000003462657
4,336,completed,90113.722103,90113.7240612,90113.7257969,3.6939000128768384
0,336,completed,90113.7222002,90113.724343,90113.7263031,4.102899998542853
5,336,completed,90113.7223185,90113.7243983,90113.7267974,4.47889999486506
3,336,completed,90113.7221355,90113.7244,90113.727309,5.173500001546927
2,336,completed,90113.7222586,90113.7244714,90113.7278008,5.542200000490993
4,337,completed,90113.7638501,90113.7657144,90113.7665398,2.689699991606176
1,337,completed,90113.7639161,90113.7658863,90113.7671098,3.1937000021571293
0,337,completed,90113.76394,90113.7659315,90113.767653,3.7129999982425943
5,337,completed,90113.7638604,90113.7660134,90113.7681818,4.321400003391318
3,337,completed,90113.7638442,90113.7659875,90113.7686646,4.82039999042172
2,337,completed,90113.7640042,90113.7659873,90113.7691734,5.169199997908436
5,338,completed,90113.7846338,90113.7865149,90113.7873701,2.7363000117475167
2,338,completed,90113.784706,90113.7867303,90113.7879412,3.235199998016469
3,338,completed,90113.7847652,90113.7868219,90113.7885035,3.7383000017143786
4,338,completed,90113.7846763,90113.7867857,90113.7890176,4.341299994848669
1,338,completed,90113.7848037,90113.7868483,90113.7894846,4.680900005041622
0,338,completed,90113.7849063,90113.7869633,90113.7899457,5.039399999077432
1,339,completed,90113.8193701,90113.821489,90113.8221828,2.812699996866286
0,339,completed,90113.8193648,90113.821532,90113.8227939,3.4291000047232956
4,339,completed,90113.8194201,90113.8215155,90113.8233356,3.9154999976744875
2,339,completed,90113.8195134,90113.8215646,90113.8239749,4.4615000078920275
3,339,completed,90113.8194423,90113.8214906,90113.8246613,5.21899999876041
5,339,completed,90113.819537,90113.821687,90113.825313,5.77599999087397
5,340,completed,90113.8611691,90113.863231,90113.8640465,2.8774000093108043
2,340,completed,90113.8611442,90113.8631743,90113.8646009,3.456699996604584
1,340,completed,90113.8611652,90113.8632267,90113.8650993,3.934100008336827
3,340,completed,90113.8612161,90113.8634123,90113.8655754,4.359300000942312
0,340,completed,90113.8613445,90113.8633899,90113.8660454,4.700900011812337
4,340,completed,90113.8611983,90113.8634223,90113.8665227,5.324400000972673
2,341,completed,90113.8838438,90113.8842558,90113.8859606,2.116800009389408
5,341,completed,90113.8838879,90113.8856288,90113.8865582,2.670300003956072
0,341,completed,90113.8838434,90113.8856211,90113.8871167,3.273299997090362
1,341,completed,90113.8844577,90113.8859327,90113.8876825,3.2248000061372295
3,341,completed,90113.8845117,90113.8859391,90113.8882431,3.73139999283012
4,341,completed,90113.8889386,90113.889453,90113.8901091,1.17050000699237
3,342,completed,90113.9235788,90113.9258829,90113.9270387,3.4599000064190477
1,342,completed,90113.9235994,90113.9262295,90113.9277357,4.136299990932457
4,342,completed,90113.9237589,90113.9261739,90113.9283952,4.636300000129268
5,342,completed,90113.923587,90113.9262295,90113.9289726,5.38560000131838
0,342,completed,90113.9236728,90113.9263349,90113.9295801,5.907300001126714
2,342,completed,90113.9237117,90113.9263496,90113.9302607,6.548999997903593
5,343,completed,90113.9652886,90113.9671849,90113.9680376,2.749000006588176
0,343,completed,90113.9654249,90113.9674124,90113.9685747,3.1498000025749207
3,343,completed,90113.9653689,90113.9674052,90113.969078,3.7090999976499006
1,343,completed,90113.9653097,90113.9674231,90113.9695665,4.256800006260164
4,343,completed,90113.9653088,90113.9675287,90113.9700893,4.780499992193654
2,343,completed,90113.9654896,90113.9675244,90113.9706479,5.158300002221949
0,344,completed,90113.993187,90113.9953292,90113.9962153,3.0282999941846356
2,344,completed,90113.9933222,90113.995448,90113.9968781,3.55590000981465
5,344,completed,90113.993135,90113.9953853,90113.9974597,4.324699999415316
1,344,completed,90113.9931465,90113.995466,90113.9980252,4.8786999977892265
3,344,completed,90113.9932308,90113.9954655,90113.998582,5.351200001314282
4,344,completed,90113.9934177,90113.9955739,90113.9991598,5.742100009229034
0,345,completed,90114.020929,90114.0228117,90114.0237536,2.8246000001672655
1,345,completed,90114.0210363,90114.0229457,90114.0242832,3.2468999997945502
3,345,completed,90114.0210982,90114.0232646,90114.0247822,3.683999995701015
2,345,completed,90114.0211481,90114.0232464,90114.0254276,4.279500004486181
5,345,completed,90114.0209442,90114.0232943,90114.0261042,5.160000000614673
4,345,completed,90114.0209687,90114.0233349,90114.0268206,5.851900001289323
4,346,completed,90114.055558,90114.0575384,90114.0584256,2.8676000074483454
2,346,completed,90114.055585,90114.057538,90114.0589996,3.4146000107284635
1,346,completed,90114.0555575,90114.0576939,90114.0595162,3.958699991926551
3,346,completed,90114.0557079,90114.0577464,90114.0599878,4.279900007531978
0,346,completed,90114.0557794,90114.0578452,90114.0604916,4.712199995992705
5,346,completed,90114.0556636,90114.0578334,90114.0610258,5.362199997762218
4,347,completed,90114.0971219,90114.0990446,90114.0998731,2.751199994236231
1,347,completed,90114.097112,90114.0991394,90114.1004716,3.3595999993849546
5,347,completed,90114.0971385,90114.099232,90114.1010491,3.9106000040192157
2,347,completed,90114.0972192,90114.0992214,90114.1016091,4.389900001115166
3,347,completed,90114.0973346,90114.0993149,90114.1021443,4.809700010810047
0,347,completed,90114.0972393,90114.0993237,90114.1027001,5.460800006403588
2,348,completed,90114.1180143,90114.1198394,90114.1209622,2.9479000077117234
5,348,completed,90114.1180571,90114.1200501,90114.121583,3.525899999658577
3,348,completed,90114.1181322,90114.1203132,90114.1221275,3.995299994130619
0,348,completed,90114.1180769,90114.1203079,90114.1227399,4.662999999709427
4,348,completed,90114.1182888,90114.1203096,90114.1233142,5.025399994337931
1,348,completed,90114.1181959,90114.1203858,90114.1239019,5.706000010832213
1,349,completed,90114.1526805,90114.1547525,90114.1555166,2.836100000422448
3,349,completed,90114.1526164,90114.1548236,90114.1561337,3.5173000069335103
4,349,completed,90114.1527583,90114.1548593,90114.1567118,3.953499995986931
5,349,completed,90114.1526271,90114.1547574,90114.157284,4.6568999969167635
0,349,completed,90114.1527937,90114.1549774,90114.1578435,5.0497999909566715
2,349,completed,90114.1528452,90114.1549948,90114.1583713,5.526099994312972
4,350,completed,90114.1873631,90114.1895199,90114.1901756,2.812499995343387
0,350,completed,90114.1874702,90114.1895521,90114.1907814,3.311199994641356
5,350,completed,90114.1875283,90114.1895706,90114.1912904,3.762100008316338
3,350,completed,90114.1873658,90114.1895195,90114.1918516,4.485800003749318
1,350,completed,90114.1875633,90114.1896409,90114.1923533,4.789999991771765
2,350,completed,90114.1874342,90114.1895635,90114.192887,5.452800003695302
2,351,completed,90114.2222445,90114.2244768,90114.2252533,3.0088000057730824
0,351,completed,90114.2222878,90114.22458,90114.2258411,3.553299990016967
4,351,completed,90114.2224091,90114.2246647,90114.2264288,4.019700005301274
3,351,completed,90114.2223611,90114.2246752,90114.2269216,4.560500005027279
1,351,completed,90114.2222574,90114.2247321,90114.2274589,5.201499996474013
5,351,completed,90114.2222154,90114.2247036,90114.2279351,5.71969999873545
3,352,completed,90114.256801,90114.2587256,90114.2595359,2.734900001087226
2,352,completed,90114.2568353,90114.258839,90114.2601452,3.30989999929443
1,352,completed,90114.2569137,90114.2589254,90114.2607195,3.805800006375648
5,352,completed,90114.2570856,90114.2590012,90114.2612572,4.171600012341514
4,352,completed,90114.2569246,90114.2590404,90114.26181,4.885399990598671
0,352,completed,90114.2570129,90114.2590526,90114.262373,5.3601000108756125
3,353,completed,90114.2847495,90114.2865532,90114.2873549,2.60540000454057
5,353,completed,90114.2846689,90114.2866024,90114.2879307,3.2617999968351796
0,353,completed,90114.284986,90114.2868183,90114.2884705,3.4845000045606866
1,353,completed,90114.2847875,90114.286859,90114.2890168,4.22930000058841
2,353,completed,90114.2847013,90114.2868291,90114.2896036,4.902300002868287
4,353,completed,90114.2849194,90114.2868906,90114.2901972,5.277799995383248
2,354,completed,90114.3263637,90114.3283653,90114.3292197,2.8559999918797985
5,354,completed,90114.3263545,90114.3282871,90114.3298343,3.4798000124283135
4,354,completed,90114.3264045,90114.3284911,90114.3303155,3.911000007065013
0,354,completed,90114.3266471,90114.3286136,90114.3308644,4.217300011077896
3,354,completed,90114.326552,90114.3287181,90114.3313737,4.821700000320561
1,354,completed,90114.3264881,90114.328729,90114.3319181,5.42999999015592
3,355,completed,90114.3541838,90114.3562516,90114.3570528,2.869000003556721
2,355,completed,90114.3541505,90114.356179,90114.3576453,3.494799995678477
0,355,completed,90114.3542537,90114.3562872,90114.358224,3.9702999929431826
4,355,completed,90114.3543573,90114.3564278,90114.3587798,4.422499987413175
1,355,completed,90114.3542978,90114.356482,90114.3593305,5.032699991716072
5,355,completed,90114.3544846,90114.3565006,90114.3599243,5.439700005808845
5,356,completed,90114.388902,90114.3909025,90114.3918032,2.9011999868089333
1,356,completed,90114.3889411,90114.3910613,90114.3923642,3.423100002692081
3,356,completed,90114.3889803,90114.3910914,90114.3928524,3.8720999873476103
0,356,completed,90114.3891238,90114.3912012,90114.3933134,4.189599989331327
2,356,completed,90114.3890225,90114.3912627,90114.3937504,4.727899999124929
4,356,completed,90114.3891405,90114.3912568,90114.3942205,5.080000002635643
0,357,completed,90114.423577,90114.425393,90114.426403,2.8260000108275563
4,357,completed,90114.4236304,90114.4258008,90114.4269741,3.343700009281747
3,357,completed,90114.4238074,90114.425844,90114.427514,3.7065999931655824
5,357,completed,90114.4237174,90114.4259394,90114.4280774,4.3600000062724575
2,357,completed,90114.4238658,90114.4259697,90114.428573,4.707200001575984
1,357,completed,90114.4239,90114.4259649,90114.429093,5.193000004510395
4,358,completed,90114.4514792,90114.4532911,90114.4540335,2.55430000834167
3,358,completed,90114.4514451,90114.4532479,90114.4545647,3.1196000054478645
1,358,completed,90114.4514231,90114.4533897,90114.4550948,3.671699989354238
5,358,completed,90114.4515327,90114.4534391,90114.4555532,4.020499996840954
2,358,completed,90114.4516059,90114.453507,90114.4560382,4.4323000038275495
0,358,completed,90114.4517026,90114.4535392,90114.4565347,4.832100006751716
0,359,completed,90114.4861262,90114.4877744,90114.4886552,2.5289999903179705
1,359,completed,90114.4861183,90114.4878328,90114.4891527,3.0343999969772995
2,359,completed,90114.4861754,90114.4881057,90114.4896523,3.476900004898198
3,359,completed,90114.4862016,90114.4881224,90114.4901232,3.9216000004671514
5,359,completed,90114.4863655,90114.4882016,90114.490583,4.217500012600794
4,359,completed,90114.4864343,90114.4882156,90114.4910815,4.647200010367669
3,360,completed,90114.5277662,90114.5295575,90114.5304737,2.707499996176921
2,360,completed,90114.5279129,90114.5298442,90114.5309771,3.0642000056104735
5,360,completed,90114.5277856,90114.5299474,90114.5314619,3.676299995277077
4,360,completed,90114.5278947,90114.5299442,90114.5319568,4.062099993461743
1,360,completed,90114.527766,90114.5299346,90114.5324562,4.690200003096834
0,360,completed,90114.528001,90114.529998,90114.5329353,4.934299999149516
0,361,completed,90114.5554976,90114.5574789,90114.5583307,2.8331000066827983
5,361,completed,90114.555539,90114.5575978,90114.5588651,3.326100006233901
3,361,completed,90114.5554994,90114.5576009,90114.5593604,3.8610000046901405
1,361,completed,90114.5556965,90114.5576786,90114.559894,4.197500005830079
2,361,completed,90114.5556264,90114.5578156,90114.5604636,4.837200001929887
4,361,completed,90114.5557869,90114.5577889,90114.5609697,5.182799999602139
5,362,completed,90114.5901407,90114.5921008,90114.5929349,2.7942000015173107
3,362,completed,90114.5902191,90114.5923294,90114.5934482,3.2290999952238053
0,362,completed,90114.590166,90114.5923672,90114.5939163,3.7503000057768077
1,362,completed,90114.5901518,90114.5923448,90114.5943938,4.241999995429069
2,362,completed,90114.5903618,90114.5924315,90114.5948563,4.494499997235835
4,362,completed,90114.5902913,90114.5924402,90114.5953567,5.065399993327446
1,363,completed,90114.6180185,90114.6197691,90114.6207116,2.693100002943538
3,363,completed,90114.6180628,90114.6200094,90114.6212749,3.212099996744655
2,363,completed,90114.618092,90114.6201672,90114.6218202,3.7281999975675717
0,363,completed,90114.6181237,90114.6201956,90114.6223822,4.258500004652888
5,363,completed,90114.6182077,90114.6202503,90114.6229142,4.706499996245839
4,363,completed,90114.6182462,90114.6202611,90114.6233778,5.13160000264179
4,364,completed,90114.652678,90114.6545449,90114.6553865,2.708500003791414
2,364,completed,90114.6526745,90114.6546345,90114.6559159,3.2414000015705824
1,364,completed,90114.6528805,90114.6548105,90114.656483,3.60250000085216
0,364,completed,90114.6527419,90114.654912,90114.6570726,4.33070000144653
5,364,completed,90114.652719,90114.6549001,90114.6576086,4.889599993475713
3,364,completed,90114.6528248,90114.6548728,90114.6582166,5.3918000048724934
2,365,completed,90114.6874116,90114.6893139,90114.6901705,2.758900009212084
4,365,completed,90114.6873979,90114.6892731,90114.6907346,3.336699999636039
1,365,completed,90114.6874965,90114.6895355,90114.691218,3.721500004758127
3,365,completed,90114.6874579,90114.689557,90114.6917013,4.2434000060893595
0,365,completed,90114.6876176,90114.6896916,90114.6922189,4.601300010108389
5,365,completed,90114.6875741,90114.689691,90114.6927556,5.181500004255213
3,366,completed,90114.722361,90114.7245863,90114.725292,2.9310000099940225
5,366,completed,90114.7223305,90114.7245714,90114.7258063,3.4758000110741705
0,366,completed,90114.7223494,90114.7246308,90114.7263076,3.958199988119304
1,366,completed,90114.7224414,90114.7246918,90114.7268065,4.365100001450628
4,366,completed,90114.7225587,90114.7247271,90114.7272957,4.736999995657243
2,366,completed,90114.7224859,90114.7247438,90114.7277922,5.306300008669496
5,367,completed,90114.7568217,90114.7588313,90114.7596715,2.8498000028776005
4,367,completed,90114.7568613,90114.7589218,90114.7602069,3.345599994645454
1,367,completed,90114.7568361,90114.7590412,90114.7607419,3.905799996573478
0,367,completed,90114.7569273,90114.7591276,90114.7612929,4.365600005257875
3,367,completed,90114.756973,90114.7591078,90114.7618295,4.856500003370456
2,367,completed,90114.7570498,90114.7591406,90114.7623247,5.274900002405047
0,368,completed,90114.7916917,90114.7935794,90114.7943786,2.686899999389425
2,368,completed,90114.7916946,90114.7935666,90114.7949415,3.2468999997945502
4,368,completed,90114.7918403,90114.7938058,90114.7954509,3.6106000043218955
1,368,completed,90114.7917294,90114.79391,90114.7959351,4.205699995509349
5,368,completed,90114.7919625,90114.7938952,90114.7964142,4.451699991477653
3,368,completed,90114.7917104,90114.7938896,90114.796887,5.176600010599941
4,369,completed,90114.8193595,90114.8210223,90114.8220782,2.718699994147755
0,369,completed,90114.8194593,90114.8214445,90114.8227041,3.2448000129079446
5,369,completed,90114.8194315,90114.8214947,90114.8232895,3.8579999963985756
2,369,completed,90114.8195614,90114.8215558,90114.8238863,4.324900000938214
1,369,completed,90114.8195285,90114.8215061,90114.8243992,4.870700009632856
3,369,completed,90114.8194519,90114.8215311,90114.8249877,5.535800009965897
1,370,completed,90114.8543399,90114.8563736,90114.8571499,2.809999990859069
0,370,completed,90114.8543584,90114.8566275,90114.8576447,3.2862999942153692
4,370,completed,90114.8545472,90114.8566256,90114.8581301,3.5828999971272424
2,370,completed,90114.8543265,90114.8565886,90114.8586157,4.289199991035275
3,370,completed,90114.8544053,90114.8566514,90114.8590974,4.692100003012456
5,370,completed,90114.854492,90114.8566825,90114.8595888,5.0967999995918944
2,371,completed,90114.8957281,90114.8977312,90114.8984391,2.710999993723817
3,371,completed,90114.8957037,90114.897659,90114.8990548,3.351100007421337
4,371,completed,90114.8958216,90114.8978346,90114.8995735,3.751900003408082
0,371,completed,90114.8957479,90114.8979084,90114.9001123,4.364400010672398
1,371,completed,90114.895881,90114.8979001,90114.9006579,4.7768999938853085
5,371,completed,90114.8960011,90114.8979929,90114.9011392,5.138099993928336
2,372,completed,90114.9167759,90114.91873,90114.919314,2.5381000014021993
4,372,completed,90114.9165907,90114.9186899,90114.9198685,3.2778000022517517
1,372,completed,90114.9166269,90114.9187344,90114.9203642,3.7373000086518005
3,372,completed,90114.9166083,90114.9187053,90114.9208721,4.263800001353957
5,372,completed,90114.9167737,90114.9187454,90114.9213606,4.586900002323091
0,372,completed,90114.9166772,90114.9188659,90114.9218725,5.1952999929198995
5,373,completed,90114.9582518,90114.9604919,90114.9613345,3.0827000009594485
4,373,completed,90114.9583595,90114.9606041,90114.9619256,3.566100000170991
0,373,completed,90114.9582802,90114.9605957,90114.9624356,4.1554000054020435
3,373,completed,90114.9583,90114.9606579,90114.9629589,4.658899997593835
1,373,completed,90114.9583102,90114.9606646,90114.9634727,5.162499990547076
2,373,completed,90114.9583858,90114.9607142,90114.9639922,5.606400009128265
1,374,completed,90114.985926,90114.9877237,90114.9886364,2.7104000037070364
2,374,completed,90114.9860026,90114.987935,90114.9891261,3.123500006040558
4,374,completed,90114.9859761,90114.9881906,90114.9895749,3.598800001782365
0,374,completed,90114.9859525,90114.9881804,90114.9900486,4.0960999904200435
3,374,completed,90114.9861743,90114.9882228,90114.9905097,4.335400008130819
5,374,completed,90114.986144,90114.9882375,90114.9910031,4.859100008616224
3,375,completed,90115.0343084,90115.0364066,90115.0371136,2.8051999979652464
2,375,completed,90115.0341751,90115.0363259,90115.0376809,3.505800006678328
1,375,completed,90115.034176,90115.0364299,90115.0381824,4.006400005891919
0,375,completed,90115.0342351,90115.0364541,90115.0386762,4.441099998075515
5,375,completed,90115.0341929,90115.0362813,90115.039186,4.993099995772354
4,375,completed,90115.0344376,90115.0365517,90115.03968,5.242400002316572
4,376,completed,90115.0638115,90115.0657139,90115.0664297,2.6182000001426786
1,376,completed,90115.0637777,90115.0657248,90115.0669464,3.168700000969693
3,376,completed,90115.0637587,90115.0658109,90115.0674772,3.7185000110184774
0,376,completed,90115.0638558,90115.0658826,90115.0679332,4.07739999354817
2,376,completed,90115.063948,90115.0659012,90115.06837,4.421999998157844
5,376,completed,90115.0640067,90115.0659682,90115.0688535,4.846799987717532
3,377,completed,90115.0902013,90115.0918901,90115.0929524,2.7510999934747815
4,377,completed,90115.0902317,90115.0919959,90115.0934667,3.2349999964935705
0,377,completed,90115.0904098,90115.0922412,90115.0940053,3.5954999912064523
1,377,completed,90115.0904371,90115.0922802,90115.0945197,4.08259998948779
2,377,completed,90115.0902703,90115.0922907,90115.0950286,4.758299997774884
5,377,completed,90115.0904942,90115.0923796,90115.0954963,5.0020999915432185
5,378,completed,90115.1179003,90115.1199218,90115.1206922,2.791899998555891
4,378,completed,90115.1179422,90115.1198877,90115.1213129,3.3706999965943396
1,378,completed,90115.1180892,90115.1200665,90115.1218444,3.7551999994320795
2,378,completed,90115.1179236,90115.1200749,90115.1223479,4.4243000011192635
3,378,completed,90115.1179827,90115.1201296,90115.1228107,4.828000004636124
0,378,completed,90115.1180623,90115.1201366,90115.1233788,5.316499999025837
2,379,completed,90115.1527002,90115.1547356,90115.1553869,2.6867000124184415
3,379,completed,90115.1526813,90115.1546981,90115.1559026,3.221300008590333
5,379,completed,90115.1526234,90115.1548351,90115.1564074,3.78400000045076
1,379,completed,90115.1526237,90115.1548257,90115.1568929,4.269199998816475
0,379,completed,90115.1527797,90115.1548499,90115.1574016,4.62189999234397
4,379,completed,90115.152872,90115.1548613,90115.157866,4.993999988073483
0,380,completed,90115.1875556,90115.1893964,90115.1901793,2.6236999983666465
1,380,completed,90115.1875473,90115.1893514,90115.19067,3.1226999999489635
4,380,completed,90115.1876013,90115.189584,90115.1911803,3.5789999965345487
3,380,completed,90115.1876336,90115.189663,90115.1916585,4.024900001240894
2,380,completed,90115.1878549,90115.189679,90115.1921252,4.270300007192418
5,380,completed,90115.1877702,90115.1896533,90115.1926061,4.835899992031045
0,381,completed,90115.222183,90115.2242946,90115.2250552,2.8721999988192692
4,381,completed,90115.2221366,90115.2243811,90115.2255798,3.4431999956723303
3,381,completed,90115.2223671,90115.2244783,90115.2260435,3.6764000105904415
1,381,completed,90115.2221514,90115.224463,90115.2265283,4.376900003990158
2,381,completed,90115.2222097,90115.2245292,90115.2269973,4.787599988048896
5,381,completed,90115.222278,90115.2245467,90115.227502,5.223999993177131
2,382,completed,90115.2569031,90115.2587706,90115.2595926,2.6895000046351925
5,382,completed,90115.2569288,90115.258889,90115.2601009,3.1721000123070553
4,382,completed,90115.2570897,90115.2590482,90115.2605768,3.487100009806454
0,382,completed,90115.2569504,90115.2591233,90115.261041,4.090600006747991
3,382,completed,90115.2570025,90115.2591218,90115.2614893,4.486799996811897
1,382,completed,90115.2570295,90115.2591496,90115.2619471,4.917600002954714
3,383,completed,90115.2847366,90115.286617,90115.2873783,2.641699989908375
1,383,completed,90115.2847469,90115.2866653,90115.2879276,3.180700005032122
0,383,completed,90115.2846618,90115.2867453,90115.2884907,3.828899993095547
2,383,completed,90115.2846588,90115.2867293,90115.2889952,4.336400001193397
5,383,completed,90115.2849665,90115.2868698,90115.2894905,4.524000003584661
4,383,completed,90115.2849278,90115.286874,90115.2899932,5.065399993327446
0,384,completed,90115.3195118,90115.32138,90115.3223371,2.825300005497411
3,384,completed,90115.3196305,90115.321709,90115.3229723,3.3417999948142096
4,384,completed,90115.3197062,90115.3217955,90115.3235301,3.823899998678826
5,384,completed,90115.3197606,90115.3217984,90115.3240317,4.2710999987320974
1,384,completed,90115.3195435,90115.3218071,90115.3245762,5.032700006267987
2,384,completed,90115.3194839,90115.3217951,90115.325109,5.625099991448224
5,385,completed,90115.3541915,90115.3560041,90115.3570717,2.8802000015275553
0,385,completed,90115.3544454,90115.3564086,90115.3576088,3.163400004268624
3,385,completed,90115.3542673,90115.3564039,90115.3581426,3.875299997162074
4,385,completed,90115.3542459,90115.3564173,90115.3587071,4.461199991055764
2,385,completed,90115.3542125,90115.3563876,90115.3592105,4.998000003979541
1,385,completed,90115.3543557,90115.3565031,90115.3596803,5.324600002495572
3,386,completed,90115.3958035,90115.3976969,90115.3985333,2.7298000059090555
2,386,completed,90115.3958916,90115.3978733,90115.3990668,3.1752000068081543
5,386,completed,90115.395815,90115.3979136,90115.3995701,3.75509999867063
0,386,completed,90115.3959171,90115.3979047,90115.4001726,4.255499996361323
4,386,completed,90115.3959967,90115.3979784,90115.4006017,4.605000009178184
1,386,completed,90115.3958034,90115.3979693,90115.4011168,5.313400004524738
4,387,completed,90115.4236609,90115.4257724,90115.4265327,2.871799995773472
5,387,completed,90115.4236887,90115.4257911,90115.427081,3.392300000996329
1,387,completed,90115.423807,90115.4260152,90115.4275457,3.738700004760176
0,387,completed,90115.4236613,90115.4260147,90115.4280309,4.369600006612018
2,387,completed,90115.4237595,90115.4260443,90115.4285056,4.746099992189556
3,387,completed,90115.4237298,90115.4260152,90115.4289567,5.226900000707246
5,388,completed,90115.4512993,90115.4531187,90115.4538957,2.596400008769706
0,388,completed,90115.4512784,90115.4530912,90115.454392,3.11360000341665
4,388,completed,90115.4514395,90115.4533771,90115.4548743,3.434800004470162
3,388,completed,90115.4513692,90115.4534239,90115.4553502,3.9810000016586855
1,388,completed,90115.4513337,90115.4534074,90115.4558282,4.49450001178775
2,388,completed,90115.4514767,90115.453399,90115.4563029,4.826200005481951
3,389,completed,90115.4860708,90115.4877875,90115.4886391,2.5682999985292554
1,389,completed,90115.4860417,90115.4879894,90115.4891248,3.083100004005246
2,389,completed,90115.4861168,90115.4880542,90115.4895914,3.474599987384863
4,389,completed,90115.4863499,90115.4881033,90115.4900203,3.6703999940073118
0,389,completed,90115.486179,90115.488159,90115.4904996,4.320599997299723
5,389,completed,90115.4862553,90115.4881725,90115.4909804,4.725100006908178
0,390,completed,90115.520699,90115.5224001,90115.5234253,2.726299993810244
2,390,completed,90115.5207738,90115.5226293,90115.5240401,3.2663000019965693
4,390,completed,90115.5207443,90115.522846,90115.5245924,3.8481000083265826
1,390,completed,90115.5210235,90115.5229033,90115.5250921,4.068599999300204
3,390,completed,90115.5209116,90115.5228905,90115.5255856,4.673999996157363
5,390,completed,90115.5208261,90115.5229594,90115.5261189,5.292800007737242
1,391,completed,90115.5554921,90115.5572941,90115.5581078,2.6156999956583604
0,391,completed,90115.555585,90115.5575415,90115.5586966,3.1116000027395785
3,391,completed,90115.5555119,90115.5575692,90115.5591563,3.6443999997572973
5,391,completed,90115.5554802,90115.5575224,90115.5596366,4.156399998464622
2,391,completed,90115.5557062,90115.5576255,90115.5601049,4.398699995363131
4,391,completed,90115.5556762,90115.5576316,90115.5605814,4.905199995846488
4,392,completed,90115.5902335,90115.5923199,90115.5932829,3.049399994779378
5,392,completed,90115.5903014,90115.5924535,90115.5939138,3.612399988924153
1,392,completed,90115.5902573,90115.5924907,90115.5944235,4.1662000003270805
2,392,completed,90115.5904502,90115.592511,90115.5949578,4.507599995122291
3,392,completed,90115.5903797,90115.5925053,90115.5954687,5.088999998406507
0,392,completed,90115.5903167,90115.5925377,90115.5959964,5.679699999745935
2,393,completed,90115.6180685,90115.6200612,90115.620668,2.599500003270805
4,393,completed,90115.6178988,90115.6199522,90115.6212323,3.333500004373491
3,393,completed,90115.6179002,90115.6200615,90115.6217884,3.888200008077547
0,393,completed,90115.6181952,90115.6201056,90115.6223672,4.172000000835396
1,393,completed,90115.6179656,90115.6200501,90115.6229377,4.972099995939061
5,393,completed,90115.6180087,90115.6200519,90115.6235172,5.508500005817041
3,394,completed,90115.6526741,90115.6544854,90115.655306,2.631900002597831
5,394,completed,90115.6527523,90115.6545878,90115.6558445,3.0922000005375594
1,394,completed,90115.6526862,90115.6546586,90115.6563538,3.667600001790561
0,394,completed,90115.6527384,90115.6547614,90115.6568393,4.100900012417696
4,394,completed,90115.6529628,90115.6548422,90115.6573498,4.387000008136965
2,394,completed,90115.6528691,90115.6548498,90115.6578671,4.998000003979541
2,395,completed,90115.6874976,90115.6895038,90115.6903101,2.8125000098953024
4,395,completed,90115.687517,90115.6895426,90115.6908285,3.311499996925704
1,395,completed,90115.6876255,90115.6897411,90115.6913598,3.7343000003602356
3,395,completed,90115.6874976,90115.6897238,90115.6918371,4.339500010246411
0,395,completed,90115.6877792,90115.6897692,90115.6923751,4.595899998093955
5,395,completed,90115.6877161,90115.6898439,90115.6928821,5.166000002645887
1,396,completed,90115.7218312,90115.7238141,90115.7249053,3.0740999936824664
3,396,completed,90115.7218379,90115.7238145,90115.7254518,3.613900000345893
0,396,completed,90115.7219543,90115.7240962,90115.7260118,4.057500002090819
4,396,completed,90115.7219776,90115.7241312,90115.7265307,4.553100006887689
2,396,completed,90115.7220529,90115.724232,90115.7270804,5.027499995776452
5,396,completed,90115.7224406,90115.7243383,90115.7276332,5.192600001464598
3,397,completed,90115.7569052,90115.7586491,90115.7594567,2.551500001573004
0,397,completed,90115.7568689,90115.7587462,90115.7599923,3.1233999907271937
1,397,completed,90115.7570873,90115.7589014,90115.7604964,3.4091000125044957
5,397,completed,90115.7569386,90115.758889,90115.7609859,4.047299997182563
2,397,completed,90115.7570655,90115.7590028,90115.7615285,4.463000004761852
4,397,completed,90115.7569754,90115.7589973,90115.7620134,5.038000002969056
2,398,completed,90115.7846791,90115.7864944,90115.7873142,2.6350999978603795
4,398,completed,90115.7847222,90115.7866192,90115.7878269,3.104700008407235
1,398,completed,90115.7846707,90115.7867664,90115.7883138,3.643100004410371
0,398,completed,90115.7848179,90115.7868167,90115.7887815,3.963600000133738
5,398,completed,90115.784774,90115.7868004,90115.7892409,4.466900005354546
3,398,completed,90115.7849845,90115.7868691,90115.7897558,4.771299994899891
5,399,completed,90115.8193491,90115.8212267,90115.8220706,2.7215000009164214
4,399,completed,90115.8193841,90115.8213455,90115.8226784,3.2942999969236553
1,399,completed,90115.8195074,90115.8215258,90115.823296,3.788600006373599
3,399,completed,90115.8194261,90115.8215117,90115.8239276,4.501499992329627
0,399,completed,90115.8194642,90115.8215895,90115.8244903,5.026099999668077
2,399,completed,90115.8195884,90115.8216605,90115.8250807,5.49229999887757
0,400,completed,90115.8610249,90115.8632758,90115.8639882,2.9632999940076843
4,400,completed,90115.8612101,90115.863406,90115.8645145,3.304400001070462
1,400,completed,90115.8611618,90115.8634029,90115.8650001,3.8383000064641237
2,400,completed,90115.8610623,90115.8632952,90115.8654525,4.390200003399514
5,400,completed,90115.8610244,90115.8634555,90115.8658333,4.808900004718453
3,400,completed,90115.8610754,90115.8634701,90115.8662961,5.220699997153133
3,401,completed,90115.8888715,90115.8902549,90115.891414,2.5424999912502244
1,401,completed,90115.8888968,90115.8905088,90115.8919535,3.056700006709434
0,401,completed,90115.8890098,90115.8909116,90115.892525,3.5152000054949895
2,401,completed,90115.8889861,90115.8909168,90115.8930775,4.09139999828767
5,401,completed,90115.8888432,90115.8909728,90115.893662,4.818800007342361
4,401,completed,90115.8895371,90115.8910919,90115.8942529,4.715800008852966
4,402,completed,90115.9236475,90115.925812,90115.9265875,2.9399999912129715
2,402,completed,90115.9236782,90115.9259052,90115.9271766,3.498400008538738
0,402,completed,90115.9237308,90115.9259758,90115.9276759,3.945100004784763
5,402,completed,90115.9237635,90115.9259969,90115.9281972,4.433699999935925
3,402,completed,90115.9236477,90115.926044,90115.9287389,5.091200000606477
1,402,completed,90115.9238033,90115.9261001,90115.9292848,5.481500003952533
4,403,completed,90115.9514451,90115.9533258,90115.954181,2.735899994149804
3,403,completed,90115.9515858,90115.9536401,90115.9547223,3.1365000031655654
1,403,completed,90115.9516807,90115.9536825,90115.9552393,3.5586000012699515
5,403,completed,90115.9515815,90115.9536717,90115.9557631,4.181600001174957
2,403,completed,90115.9514835,90115.9537044,90115.9563139,4.830399993807077
0,403,completed,90115.9514666,90115.9536815,90115.9568445,5.377900000894442
1,404,completed,90115.9860577,90115.988173,90115.9888795,2.8217999933985993
0,404,completed,90115.9860981,90115.9881098,90115.9894614,3.3632999984547496
2,404,completed,90115.9860572,90115.9881855,90115.9899595,3.9022999990265816
5,404,completed,90115.9861498,90115.9882198,90115.9904603,4.310500007704832
3,404,completed,90115.9861789,90115.9883231,90115.9909545,4.775599998538382
4,404,completed,90115.9862502,90115.9883133,90115.9914492,5.1989999919896945
5,405,completed,90116.0278576,90116.029889,90116.0306894,2.831799996783957
3,405,completed,90116.0278466,90116.0299369,90116.0312667,3.420099994400516
4,405,completed,90116.0278831,90116.0300131,90116.031721,3.8379000034183264
2,405,completed,90116.0281304,90116.0301416,90116.0321855,4.05509999836795
1,405,completed,90116.0279931,90116.0301915,90116.0326268,4.633700009435415
0,405,completed,90116.0281864,90116.0302411,90116.0331135,4.927100002532825
2,406,completed,90116.0556237,90116.0575254,90116.0583402,2.7165000064997002
3,406,completed,90116.0557059,90116.057731,90116.0588736,3.167700007907115
4,406,completed,90116.0556231,90116.0577469,90116.05937,3.7469000089913607
5,406,completed,90116.0556339,90116.0577664,90116.0598395,4.2055999947478995
1,406,completed,90116.0557834,90116.0578203,90116.0602943,4.510899991146289
0,406,completed,90116.0557548,90116.0578633,90116.0608722,5.11739999637939
0,407,completed,90116.0901341,90116.0921061,90116.0927808,2.6466999988770112
3,407,completed,90116.0901641,90116.0920983,90116.0939538,3.7897000001976267
2,407,completed,90116.090214,90116.0921944,90116.0944509,4.236900000250898
5,407,completed,90116.0901027,90116.0920378,90116.094942,4.839299988816492
1,407,completed,90116.0903101,90116.0922567,90116.0954189,5.1088000036543235
4,407,completed,90116.0903442,90116.0922891,90116.0958519,5.507699999725446
4,408,completed,90116.1179531,90116.1197553,90116.1205045,2.5514000008115545
1,408,completed,90116.1179109,90116.1197162,90116.1210436,3.132700003334321
5,408,completed,90116.1178799,90116.1197088,90116.1216083,3.7283999990904704
2,408,completed,90116.1180307,90116.1199687,90116.122162,4.131299996515736
3,408,completed,90116.1181049,90116.120044,90116.1226941,4.5892000052845106
0,408,completed,90116.1181342,90116.1200599,90116.1232375,5.10329999087844
5,409,completed,90116.1528041,90116.1546928,90116.1553656,2.5615000049583614
2,409,completed,90116.1527565,90116.1546273,90116.155858,3.1014999985927716
1,409,completed,90116.1527068,90116.1547492,90116.1563517,3.644900003564544
3,409,completed,90116.152707,90116.1547497,90116.1568371,4.130100001930259
4,409,completed,90116.1529504,90116.1548787,90116.1573248,4.37439999950584
0,409,completed,90116.1529008,90116.1548786,90116.1578158,4.9149999977089465
0,410,completed,90116.1874616,90116.1893078,90116.1900085,2.546899995650165
1,410,completed,90116.1874008,90116.1892783,90116.1905248,3.1239999952958897
5,410,completed,90116.1875903,90116.1894461,90116.1909793,3.388999990420416
4,410,completed,90116.1875442,90116.189495,90116.1914406,3.8963999977568164
2,410,completed,90116.1874321,90116.189544,90116.1919372,4.505099990637973
3,410,completed,90116.1876272,90116.1895569,90116.1924191,4.7919000062393025
2,411,completed,90116.2221981,90116.224293,90116.2252824,3.0842999985907227
5,411,completed,90116.2222736,90116.2244625,90116.2258279,3.5542999976314604
4,411,completed,90116.2221835,90116.2245087,90116.2263334,4.149900007178076
1,411,completed,90116.2223332,90116.2245718,90116.2268605,4.527299999608658
0,411,completed,90116.2223879,90116.2245934,90116.227423,5.035100009990856
3,411,completed,90116.2222132,90116.2246708,90116.2279338,5.720599991036579
4,412,completed,90116.2569556,90116.2589601,90116.2596128,2.6572000060696155
0,412,completed,90116.2567754,90116.2589,90116.2601957,3.420299995923415
5,412,completed,90116.2568032,90116.2589547,90116.2607354,3.932200008421205
2,412,completed,90116.2567878,90116.2589415,90116.2612677,4.479900002479553
1,412,completed,90116.2569966,90116.2590159,90116.2618601,4.863499998464249
3,412,completed,90116.2568809,90116.259019,90116.2623358,5.454900005133823
1,413,completed,90116.2845855,90116.2863712,90116.287293,2.707499996176921
5,413,completed,90116.284699,90116.2866626,90116.2879046,3.205600005458109
0,413,completed,90116.2847922,90116.2866991,90116.2883909,3.598700001020916
3,413,completed,90116.2846273,90116.2867605,90116.2889109,4.283599992049858
2,413,completed,90116.2847382,90116.2867645,90116.2894513,4.713100002845749
4,413,completed,90116.2848757,90116.2868017,90116.2899811,5.105399992316961
4,414,completed,90116.3193569,90116.3212995,90116.3220455,2.6885999977821484
5,414,completed,90116.3193385,90116.3212739,90116.3226481,3.309599997010082
1,414,completed,90116.3192851,90116.3212824,90116.3232441,3.958999994210899
0,414,completed,90116.3194023,90116.321495,90116.3237672,4.364899999927729
3,414,completed,90116.319587,90116.3215238,90116.3242538,4.666799999540672
2,414,completed,90116.3195546,90116.321542,90116.3247693,5.214699995121919
2,415,completed,90116.3542068,90116.3561379,90116.3568393,2.632500007166527
5,415,completed,90116.3541323,90116.3561504,90116.3573548,3.22250000317581
0,415,completed,90116.3541264,90116.3561804,90116.3578401,3.7137000035727397
1,415,completed,90116.3544092,90116.3562846,90116.3582945,3.8853000005474314
3,415,completed,90116.3542626,90116.3563295,90116.3587624,4.499800008488819
4,415,completed,90116.3544104,90116.3563778,90116.3592315,4.821099995751865
1,416,completed,90116.3888604,90116.3908183,90116.3915353,2.674900009878911
5,416,completed,90116.3888829,90116.3908016,90116.3920875,3.2045999978436157
4,416,completed,90116.3888341,90116.3908778,90116.3925614,3.727300005266443
0,416,completed,90116.3889458,90116.3910193,90116.3932066,4.260799993062392
2,416,completed,90116.3890302,90116.3910161,90116.3937581,4.727899999124929
3,416,completed,90116.3890812,90116.3910344,90116.3942762,5.1949999906355515
2,417,completed,90116.4236781,90116.4258993,90116.4265788,2.900699997553602
0,417,completed,90116.4236149,90116.4259176,90116.4272789,3.6639999889303
5,417,completed,90116.4236149,90116.4259822,90116.4277115,4.09659999422729
1,417,completed,90116.4236472,90116.4260037,90116.4281558,4.508599988184869
4,417,completed,90116.4237437,90116.4260625,90116.4286398,4.896099999314174
3,417,completed,90116.423785,90116.4260564,90116.4290712,5.286199986585416
4,418,completed,90116.4512516,90116.4530194,90116.4538446,2.5929999974323437
5,418,completed,90116.4513136,90116.4531558,90116.4543588,3.0451999919023365
0,418,completed,90116.4514555,90116.4533536,90116.4548408,3.385299991350621
1,418,completed,90116.451355,90116.4533765,90116.4553264,3.9714000013191253
3,418,completed,90116.451259,90116.4533349,90116.4557813,4.522300005191937
2,418,completed,90116.4515106,90116.4533982,90116.4562459,4.735299997264519
0,419,completed,90116.4860131,90116.4876295,90116.4887297,2.7165999927092344
5,419,completed,90116.4860089,90116.4878836,90116.4892655,3.25660000089556
3,419,completed,90116.486106,90116.4881527,90116.4897095,3.6035000084666535
4,419,completed,90116.4862506,90116.4882124,90116.4902408,3.9901999989524484
1,419,completed,90116.4862221,90116.4882268,90116.4906837,4.461600008653477
2,419,completed,90116.4861304,90116.4882247,90116.491174,5.0436000019544736
1,420,completed,90116.5207234,90116.5225128,90116.5233925,2.669100009370595
5,420,completed,90116.5207702,90116.5227056,90116.5240655,3.2952999899862334
0,420,completed,90116.5207237,90116.5228302,90116.5247412,4.017500003101304
2,420,completed,90116.5209979,90116.5228673,90116.5252752,4.277299987734295
3,420,completed,90116.5208931,90116.5228452,90116.5257611,4.868000003625639
4,420,completed,90116.5208128,90116.5228538,90116.5262323,5.419500012067147
4,421,completed,90116.555576,90116.5573889,90116.5581838,2.607800008263439
3,421,completed,90116.5554987,90116.5575491,90116.5587308,3.232099988963455
2,421,completed,90116.5554965,90116.5575448,90116.5592133,3.7167999980738387
5,421,completed,90116.5557042,90116.5576085,90116.559679,3.9747999981045723
0,421,completed,90116.5556033,90116.5576405,90116.5603234,4.720099997939542
1,421,completed,90116.5556705,90116.5576921,90116.5608015,5.130999998073094
4,422,completed,90116.5831985,90116.5848667,90116.5856461,2.447599996230565
3,422,completed,90116.5832255,90116.5849954,90116.5862528,3.0273000011220574
0,422,completed,90116.583365,90116.5850336,90116.5869802,3.6151999956928194
5,422,completed,90116.5832821,90116.5850768,90116.5874506,4.1685000032885
2,422,completed,90116.5832474,90116.5850583,90116.5880379,4.790499995579012
1,422,completed,90116.5901814,90116.5905883,90116.5912689,1.087500000721775
5,423,completed,90116.6180836,90116.6198373,90116.6206973,2.613699994981289
1,423,completed,90116.6181132,90116.6198903,90116.621275,3.1617999920854345
2,423,completed,90116.6181898,90116.6200909,90116.621796,3.606199999921955
3,423,completed,90116.6184241,90116.6202353,90116.6223167,3.892599997925572
4,423,completed,90116.618316,90116.6202647,90116.6228215,4.5055000082356855
0,423,completed,90116.6182512,90116.6202489,90116.623498,5.246800006716512
1,424,completed,90116.652776,90116.6547521,90116.655614,2.83800000033807
5,424,completed,90116.6528789,90116.6549452,90116.6561507,3.271800000220537
4,424,completed,90116.6527724,90116.6549731,90116.6566542,3.88179998844862
0,424,completed,90116.6529442,90116.6549765,90116.6571342,4.189999992377125
3,424,completed,90116.6528263,90116.6550154,90116.6576545,4.8282000061590225
2,424,completed,90116.6530114,90116.655059,90116.6581606,5.149199991137721
0,425,completed,90116.6875385,90116.6892834,90116.6902225,2.6839999918593094
4,425,completed,90116.6875872,90116.6894713,90116.6907478,3.160600012051873
5,425,completed,90116.6876159,90116.6895644,90116.6912488,3.632899999502115
2,425,completed,90116.6877854,90116.6896725,90116.6917411,3.955699998186901
3,425,completed,90116.687729,90116.6897597,90116.6922747,4.545700008748099
1,425,completed,90116.6876615,90116.6897449,90116.6927909,5.129400000441819
4,426,completed,90116.7218772,90116.7237313,90116.7248206,2.9433999879984185
5,426,completed,90116.7219074,90116.7238928,90116.725463,3.5555999929783866
0,426,completed,90116.7220758,90116.7241353,90116.7260536,3.977799991844222
3,426,completed,90116.72211,90116.7241665,90116.7266122,4.502199997659773
1,426,completed,90116.7219827,90116.7242125,90116.7271516,5.168900010176003
2,426,completed,90116.7219481,90116.7242428,90116.7277087,5.760599990026094
4,427,completed,90116.7568154,90116.7587339,90116.7595095,2.6940999960061163
0,427,completed,90116.75687,90116.7588281,90116.7601031,3.2330999965779483
3,427,completed,90116.7568901,90116.758833,90116.760591,3.700899993418716
2,427,completed,90116.7568332,90116.7588698,90116.7610625,4.22930000058841
1,427,completed,90116.7569633,90116.7588848,90116.7615482,4.5849000016460195
5,427,completed,90116.7570992,90116.7590053,90116.7620549,4.955700002028607
1,428,completed,90116.7845448,90116.7862762,90116.7871942,2.649400004884228
2,428,completed,90116.7845992,90116.7864566,90116.7877463,3.147100011119619
3,428,completed,90116.7846842,90116.7866011,90116.7882016,3.5173999931430444
5,428,completed,90116.7845915,90116.7865117,90116.7886491,4.057599988300353
0,428,completed,90116.7847014,90116.7867643,90116.7891058,4.404399995109998
4,428,completed,90116.7848674,90116.7867703,90116.7895524,4.685000007157214
5,429,completed,90116.8193989,90116.8213338,90116.8221612,2.762300005997531
4,429,completed,90116.8193821,90116.821479,90116.8226729,3.290799999376759
0,429,completed,90116.8194723,90116.8215385,90116.8231246,3.652300001704134
3,429,completed,90116.8194327,90116.8214937,90116.8235863,4.153600006247871
1,429,completed,90116.819573,90116.8216242,90116.8241209,4.547899996396154
2,429,completed,90116.8195571,90116.8216046,90116.8246853,5.128200005856343
2,430,completed,90116.8540965,90116.8559238,90116.8567655,2.6689999940572307
4,430,completed,90116.8541226,90116.8560962,90116.8572914,3.1688000017311424
0,430,completed,90116.8542069,90116.8561962,90116.8577756,3.5687000054167584
1,430,completed,90116.8543457,90116.8562766,90116.8583127,3.966999996919185
3,430,completed,90116.8541588,90116.8562487,90116.8588342,4.675400006817654
5,430,completed,90116.8543187,90116.856332,90116.859307,4.988300002878532
5,431,completed,90116.8888589,90116.890698,90116.8914027,2.543800001149066
0,431,completed,90116.8887462,90116.8906622,90116.8919391,3.1928999960655347
3,431,completed,90116.8887722,90116.8908455,90116.8924309,3.6586999922292307
1,431,completed,90116.8888259,90116.8908335,90116.8928918,4.065900007844903
2,431,completed,90116.8890707,90116.8909046,90116.893353,4.282300011254847
4,431,completed,90116.8889275,90116.8909194,90116.8938236,4.896099999314174
2,432,completed,90116.9235779,90116.9255356,90116.9264694,2.891500000259839
0,432,completed,90116.9236278,90116.9257454,90116.9271697,3.541899990523234
1,432,completed,90116.9237007,90116.9258792,90116.9277373,4.03659998846706
5,432,completed,90116.9236036,90116.9259342,90116.9282458,4.642200001399033
4,432,completed,90116.9237727,90116.925969,90116.9287597,4.98699999297969
3,432,completed,90116.9236822,90116.9259918,90116.9292434,5.561199999647215
3,433,completed,90116.9515738,90116.9537572,90116.9544918,2.9179999983171
5,433,completed,90116.9514676,90116.9536621,90116.9551622,3.6946000036550686
4,433,completed,90116.9514853,90116.95374,90116.9557479,4.26260000676848
0,433,completed,90116.9515194,90116.9537058,90116.9563423,4.822900009457953
2,433,completed,90116.9516979,90116.9538513,90116.9569241,5.226199995377101
1,433,completed,90116.9517261,90116.9539311,90116.9574938,5.767700000433251
3,434,completed,90116.9860725,90116.987977,90116.988817,2.744500001426786
1,434,completed,90116.9860981,90116.9880679,90116.9893797,3.281600002082996
0,434,completed,90116.9862613,90116.9882851,90116.9898764,3.61509999493137
2,434,completed,90116.9863116,90116.9883327,90116.9903342,4.022599998279475
5,434,completed,90116.9860749,90116.9883158,90116.9908235,4.748599996673875
4,434,completed,90116.9861438,90116.9883492,90116.9913153,5.171500000869855
1,435,completed,90117.0208405,90117.0228908,90117.0239349,3.0944000027375296
4,435,completed,90117.0208642,90117.0229823,90117.0245241,3.6598999868147075
5,435,completed,90117.0210115,90117.0233466,90117.0251825,4.171000007772818
0,435,completed,90117.0209332,90117.0233542,90117.025819,4.885800008196384
2,435,completed,90117.0209073,90117.0233912,90117.0264382,5.5309000017587095
3,435,completed,90117.0210542,90117.0234389,90117.0269964,5.9422000049380586
3,436,completed,90117.0556305,90117.0575864,90117.058563,2.932499992311932
4,436,completed,90117.0556593,90117.0576652,90117.0591263,3.4670000022742897
1,436,completed,90117.0556492,90117.0578647,90117.05962,3.9707999967504293
5,436,completed,90117.0557453,90117.0579603,90117.0601033,4.358000005595386
2,436,completed,90117.0558619,90117.0580287,90117.0606442,4.782300005899742
0,436,completed,90117.0557762,90117.0580153,90117.0611946,5.418400003691204
5,437,completed,90117.090367,90117.0924679,90117.0931833,2.8163000097265467
1,437,completed,90117.0904225,90117.0925562,90117.0937454,3.3228999964194372
0,437,completed,90117.0902762,90117.0924663,90117.0942554,3.9792000025045127
4,437,completed,90117.0902762,90117.0925615,90117.0947668,4.490599996643141
3,437,completed,90117.0903495,90117.0925833,90117.0953145,4.965000000083819
2,437,completed,90117.0903693,90117.0926778,90117.0958037,5.434399994555861
5,438,completed,90117.1179477,90117.1199113,90117.1211797,3.232000002753921
3,438,completed,90117.1179795,90117.1202254,90117.1220845,4.1049999999813735
4,438,completed,90117.1181246,90117.1203231,90117.1229859,4.861299996264279
1,438,completed,90117.1180343,90117.1203364,90117.123781,5.746700000599958
2,438,completed,90117.1179586,90117.1202261,90117.1247395,6.7808999883709475
0,438,completed,90117.118149,90117.1203651,90117.1258892,7.740200002444908
2,439,completed,90117.152942,90117.1549658,90117.1556807,2.7387000009184703
4,439,completed,90117.1528834,90117.1550022,90117.156313,3.429599993978627
3,439,completed,90117.1529834,90117.1550153,90117.1568327,3.8493000029120594
5,439,completed,90117.1528836,90117.1549972,90117.1573409,4.457299990463071
0,439,completed,90117.1530502,90117.1551285,90117.1578443,4.794100008439273
1,439,completed,90117.153096,90117.1551722,90117.1583368,5.240800004685298
4,440,completed,90117.1873268,90117.1891842,90117.1900518,2.7249999984633178
1,440,completed,90117.187359,90117.1893542,90117.1905892,3.230200003599748
5,440,completed,90117.1875079,90117.1895168,90117.1911153,3.607399994507432
2,440,completed,90117.1873779,90117.1895594,90117.1916384,4.260500005329959
3,440,completed,90117.1874597,90117.1895578,90117.1921375,4.677799995988607
0,440,completed,90117.1875848,90117.1895602,90117.1926396,5.054799999925308
4,441,completed,90117.2152124,90117.2170933,90117.2178305,2.6180999993812293
5,441,completed,90117.2151877,90117.2169951,90117.2183657,3.1779999990249053
2,441,completed,90117.2153789,90117.217301,90117.2188095,3.4306000015931204
0,441,completed,90117.2152726,90117.2173404,90117.2192518,3.9791999879525974
1,441,completed,90117.2154204,90117.2173318,90117.2196823,4.261900001438335
3,441,completed,90117.215246,90117.2173375,90117.2201266,4.880599997704849
5,442,completed,90117.2499036,90117.2506638,90117.2513354,1.4318000030471012
4,442,completed,90117.2499038,90117.2506406,90117.2519143,2.0105000003241003
2,442,completed,90117.2568002,90117.2580268,90117.2587984,1.9981999939773232
1,442,completed,90117.2568225,90117.2581191,90117.2593957,2.5732000067364424
3,442,completed,90117.2568481,90117.2582318,90117.2598897,3.041599993593991
0,442,completed,90117.2568702,90117.258294,90117.260361,3.490799994324334
3,443,completed,90117.2847012,90117.2866231,90117.2875334,2.8321999998297542
5,443,completed,90117.2847828,90117.286937,90117.2880789,3.2961000106297433
4,443,completed,90117.2847453,90117.2869223,90117.2886071,3.86179999622982
1,443,completed,90117.2849172,90117.2869133,90117.2891243,4.2071000061696395
2,443,completed,90117.2850797,90117.2872687,90117.2896294,4.549699995550327
0,443,completed,90117.2847018,90117.2871909,90117.2900854,5.383600000641309
1,444,completed,90117.319572,90117.3212332,90117.3221109,2.538900007493794
4,444,completed,90117.3195604,90117.3215107,90117.3226111,3.0506999901263043
3,444,completed,90117.3195903,90117.3215854,90117.3230659,3.4755999949993566
0,444,completed,90117.3197963,90117.321612,90117.323559,3.762699998333119
5,444,completed,90117.3196774,90117.3216679,90117.3240478,4.370399998151697
2,444,completed,90117.319712,90117.3216943,90117.3246689,4.956899996614084
1,445,completed,90117.3540825,90117.3562157,90117.3570486,2.9661000007763505
3,445,completed,90117.3541443,90117.356397,90117.3575742,3.429899996262975
5,445,completed,90117.3541266,90117.3563747,90117.3580592,3.9326000114670023
4,445,completed,90117.3541778,90117.3564425,90117.3585768,4.398999997647479
0,445,completed,90117.3542777,90117.356487,90117.3591041,4.82640000700485
2,445,completed,90117.3543162,90117.3564942,90117.3596456,5.3293999953893945
3,446,completed,90117.3888423,90117.3910502,90117.3916834,2.841099994839169
2,446,completed,90117.3888352,90117.391028,90117.3922081,3.37289999879431
1,446,completed,90117.3889172,90117.3909447,90117.3926358,3.7185999972280115
5,446,completed,90117.3890427,90117.391051,90117.3931467,4.10399999236688
4,446,completed,90117.3889788,90117.3911244,90117.3936617,4.682900005718693
0,446,completed,90117.3888721,90117.3911274,90117.3941747,5.302600009599701
1,447,completed,90117.4234643,90117.4253684,90117.4262785,2.814200008288026
2,447,completed,90117.4235077,90117.4255577,90117.426911,3.4032999974442646
0,447,completed,90117.4234436,90117.4255233,90117.4274356,3.991999998106621
4,447,completed,90117.4235467,90117.4256105,90117.4279418,4.3950999970547855
3,447,completed,90117.423634,90117.4257529,90117.4284552,4.8211999965133145
5,447,completed,90117.423704,90117.4257443,90117.4289434,5.239399994025007
0,448,completed,90117.4595547,90117.4614141,90117.4621757,2.6209999923594296
4,448,completed,90117.4596267,90117.4616005,90117.4627632,3.1365000031655654
5,448,completed,90117.4595634,90117.4616485,90117.4632848,3.7214000039966777
3,448,completed,90117.4597563,90117.4616536,90117.4637529,3.9966000040294603
1,448,completed,90117.4595544,90117.4616902,90117.4642003,4.645900000468828
2,448,completed,90117.4596809,90117.4616457,90117.4646381,4.957199998898432
2,449,completed,90117.4859364,90117.4879868,90117.4886679,2.731500004301779
3,449,completed,90117.4859527,90117.4879021,90117.4891926,3.2399000047007576
4,449,completed,90117.4859848,90117.4880271,90117.4896875,3.7026999925728887
5,449,completed,90117.4860706,90117.4881097,90117.4902038,4.133199996431358
0,449,completed,90117.4861988,90117.4881465,90117.4906796,4.480799994780682
1,449,completed,90117.4861586,90117.4881395,90117.4911785,5.019899996113963
5,450,completed,90117.520817,90117.5225824,90117.5234454,2.628400005050935
4,450,completed,90117.520902,90117.5228054,90117.5239995,3.0974999972386286
0,450,completed,90117.5207972,90117.5228024,90117.5244707,3.6734999885084108
3,450,completed,90117.5208382,90117.5228796,90117.5249526,4.114399998798035
1,450,completed,90117.5210074,90117.5229292,90117.5254549,4.447499988600612
2,450,completed,90117.5209642,90117.5229212,90117.5259638,4.9996000016108155
5,451,completed,90117.5554857,90117.5576208,90117.5582244,2.7387000009184703
3,451,completed,90117.5554588,90117.5575981,90117.5587329,3.2741000031819567
0,451,completed,90117.5555618,90117.5575032,90117.5591918,3.6299999919719994
4,451,completed,90117.5556755,90117.5576428,90117.5596389,3.9633999986108392
1,451,completed,90117.5555928,90117.5576828,90117.5601022,4.509400008828379
2,451,completed,90117.5554586,90117.5575927,90117.5605388,5.080199989606626
4,452,completed,90117.5902901,90117.5922203,90117.592982,2.6919000083580613
0,452,completed,90117.5904383,90117.5924261,90117.5934804,3.0420999974012375
2,452,completed,90117.5902618,90117.5922438,90117.5940217,3.759900006116368
3,452,completed,90117.590391,90117.5924203,90117.5945575,4.166499988059513
5,452,completed,90117.590263,90117.5924784,90117.5950429,4.779899987624958
1,452,completed,90117.5903205,90117.592495,90117.5955234,5.202899992582388
4,453,completed,90117.6179317,90117.6197908,90117.6205994,2.6676999987103045
1,453,completed,90117.6179807,90117.6198311,90117.6210807,3.1000000017229468
0,453,completed,90117.6179153,90117.6199064,90117.6215733,3.6580000014510006
2,453,completed,90117.6180146,90117.6201015,90117.6220669,4.052300006151199
3,453,completed,90117.6180729,90117.6201555,90117.6225286,4.455699992831796
5,453,completed,90117.6181955,90117.6201683,90117.622985,4.789499987964518
5,454,completed,90117.6527255,90117.6546389,90117.6556471,2.921599996625446
4,454,completed,90117.6526718,90117.6546909,90117.6562402,3.5684000031324103
2,454,completed,90117.6527621,90117.6546607,90117.6567621,4.000000000814907
3,454,completed,90117.6528479,90117.6548064,90117.657279,4.431100009242073
1,454,completed,90117.6529424,90117.6548552,90117.6577945,4.852099998970516
0,454,completed,90117.6531033,90117.6549412,90117.6583457,5.2423999877646565
0,455,completed,90117.6874103,90117.6892425,90117.6901095,2.699200005736202
3,455,completed,90117.68738,90117.689391,90117.6906127,3.232699993532151
5,455,completed,90117.6874876,90117.6894615,90117.6910825,3.5949000011896715
1,455,completed,90117.6875615,90117.6894952,90117.6915488,3.987299991422333
2,455,completed,90117.6876202,90117.6896095,90117.6920073,4.387099994346499
4,455,completed,90117.6874354,90117.6896001,90117.6925032,5.067799997050315
5,456,completed,90117.7221025,90117.7239041,90117.7247074,2.6049000007333234
2,456,completed,90117.7221975,90117.7241901,90117.7252085,3.0109999934211373
3,456,completed,90117.7221203,90117.7241884,90117.7256764,3.5561000113375485
4,456,completed,90117.7221372,90117.7242158,90117.7261703,4.033099990920164
1,456,completed,90117.7222432,90117.7242243,90117.7266389,4.3957000016234815
0,456,completed,90117.7223489,90117.7242586,90117.7273411,4.9922000034712255
5,457,completed,90117.7568609,90117.7587665,90117.7595301,2.6691999955801293
1,457,completed,90117.756841,90117.7587609,90117.7600783,3.23729999945499
4,457,completed,90117.7568968,90117.7588684,90117.7605593,3.6625000066123903
0,457,completed,90117.7570433,90117.7589932,90117.7611886,4.145300001255237
2,457,completed,90117.7569839,90117.7590196,90117.7617119,4.727999999886379
3,457,completed,90117.7571101,90117.7590822,90117.7622298,5.11969999934081
2,458,completed,90117.7846433,90117.7868115,90117.787631,2.98770000517834
4,458,completed,90117.7846249,90117.78675,90117.7882549,3.6300000065239146
3,458,completed,90117.7846721,90117.7868655,90117.7888153,4.143199999816716
1,458,completed,90117.7847624,90117.7869562,90117.7893586,4.596200000378303
0,458,completed,90117.7847264,90117.7870767,90117.7900213,5.294899994623847
5,458,completed,90117.7848476,90117.7871061,90117.7905333,5.6856999872252345
2,459,completed,90117.8193226,90117.821013,90117.8218953,2.5727000029291958
3,459,completed,90117.8193591,90117.8212422,90117.8224285,3.0694000015500933
5,459,completed,90117.8193982,90117.8213262,90117.8228743,3.4761000133585185
0,459,completed,90117.8194401,90117.8213906,90117.8234316,3.9915000088512897
4,459,completed,90117.8196237,90117.8215218,90117.8239026,4.278899999917485
1,459,completed,90117.8195223,90117.8215124,90117.8243677,4.845400006161071
2,460,completed,90117.8540872,90117.8558281,90117.8566845,2.5973000010708347
5,460,completed,90117.8541586,90117.8560276,90117.8572117,3.053099993849173
1,460,completed,90117.8540894,90117.856069,90117.8577278,3.638399997726083
0,460,completed,90117.8541893,90117.8562251,90117.858244,4.054700009874068
4,460,completed,90117.8541318,90117.8562163,90117.8587494,4.617599988705479
3,460,completed,90117.8542909,90117.8562638,90117.8592379,4.947000008542091
5,461,completed,90117.8970336,90117.8985298,90117.8995096,2.4759999942034483
4,461,completed,90117.897063,90117.8986235,90117.8999966,2.933600000687875
0,461,completed,90117.897194,90117.8991281,90117.9004841,3.2900999940466136
3,461,completed,90117.8972113,90117.8991245,90117.9009474,3.7360999995144084
2,461,completed,90117.8970155,90117.899062,90117.9014093,4.393800001707859
1,461,completed,90117.8971513,90117.899146,90117.901904,4.752699998789467
0,462,completed,90117.9179243,90117.9196961,90117.9202934,2.369100009673275
1,462,completed,90117.9178827,90117.9196537,90117.920811,2.9283000039868057
4,462,completed,90117.9179018,90117.9196831,90117.9212909,3.3891000057337806
5,462,completed,90117.9180577,90117.9196812,90117.9217928,3.7351000064518303
3,462,completed,90117.9179647,90117.919744,90117.9222546,4.2898999963654205
2,462,completed,90117.9235084,90117.9239851,90117.9245975,1.0890999983530492
1,463,completed,90117.9513436,90117.953282,90117.9539255,2.5819000002229586
4,463,completed,90117.9512495,90117.9531884,90117.9544388,3.189300012309104
5,463,completed,90117.9512619,90117.9534125,90117.9549442,3.6822999973082915
2,463,completed,90117.9512774,90117.9534272,90117.9554334,4.155999995418824
0,463,completed,90117.9514951,90117.9534106,90117.9559142,4.419100005179644
3,463,completed,90117.9513755,90117.9534451,90117.956386,5.010500011849217
3,464,completed,90117.9859934,90117.9881998,90117.9891755,3.1821000011404976
0,464,completed,90117.9860171,90117.9883378,90117.9897173,3.7002000026404858
4,464,completed,90117.9860684,90117.9885932,90117.9902049,4.136499992455356
5,464,completed,90117.9861538,90117.9886271,90117.9906351,4.481299998587929
2,464,completed,90117.9861825,90117.9886943,90117.9911314,4.948900008457713
1,464,completed,90117.9862535,90117.9886937,90117.9915902,5.33670000731945
1,465,completed,90118.0297749,90118.0317588,90118.0324972,2.722299992456101
2,465,completed,90118.0297895,90118.0318451,90118.0330738,3.284300008090213
3,465,completed,90118.0298916,90118.0319707,90118.0336281,3.7365000025602058
0,465,completed,90118.0299709,90118.0320163,90118.0341267,4.155800008447841
5,465,completed,90118.0298292,90118.0320623,90118.0347076,4.878400010056794
4,465,completed,90118.0298088,90118.0320654,90118.0352763,5.467499999213032
1,466,completed,90118.055422,90118.0573324,90118.0580832,2.6611999928718433
2,466,completed,90118.0554524,90118.0573209,90118.058677,3.2245999900624156
3,466,completed,90118.0553921,90118.0573946,90118.059202,3.8099000084912404
5,466,completed,90118.0556403,90118.0575715,90118.0597436,4.10330000158865
4,466,completed,90118.0554881,90118.0575727,90118.0602935,4.805400007171556
0,466,completed,90118.0555824,90118.0575939,90118.0608065,5.22409999393858
2,467,completed,90118.0832006,90118.0841209,90118.0848625,1.6619000089121982
1,467,completed,90118.0831994,90118.0842937,90118.0854251,2.2256999945966527
3,467,completed,90118.0832047,90118.0843143,90118.0859138,2.709099993808195
4,467,completed,90118.0902784,90118.0913092,90118.091999,1.7205999902216718
5,467,completed,90118.0902226,90118.0913007,90118.092614,2.3913999903015792
0,467,completed,90118.0902002,90118.0913062,90118.0931167,2.9165000014472753
1,468,completed,90118.1178508,90118.1195421,90118.1205783,2.727500002947636
5,468,completed,90118.1178983,90118.1197862,90118.1211409,3.242599996156059
4,468,completed,90118.1180748,90118.1199606,90118.1216627,3.5878999915439636
2,468,completed,90118.1178735,90118.1200357,90118.1221561,4.28259999898728
3,468,completed,90118.1180284,90118.1200856,90118.1228063,4.777900001499802
0,468,completed,90118.1179231,90118.1201682,90118.1234267,5.503599997609854
4,469,completed,90118.1527686,90118.1547658,90118.1556673,2.8986999968765303
5,469,completed,90118.152753,90118.1549234,90118.1562285,3.4754999942379072
3,469,completed,90118.1529715,90118.1552049,90118.1567312,3.759699990041554
2,469,completed,90118.1528324,90118.1551927,90118.1572998,4.467400009161793
1,469,completed,90118.1528933,90118.1551892,90118.1578257,4.932399999233894
0,469,completed,90118.1528547,90118.1552137,90118.1583815,5.526799999643117
0,470,completed,90118.1873803,90118.189431,90118.1902473,2.866999988327734
1,470,completed,90118.1874624,90118.1896472,90118.1908243,3.361900002346374
3,470,completed,90118.187422,90118.1896256,90118.1913845,3.962499991757795
5,470,completed,90118.1873664,90118.1896569,90118.1918931,4.526699995039962
4,470,completed,90118.1875831,90118.1897082,90118.1924107,4.827599987038411
2,470,completed,90118.187446,90118.1897147,90118.1928676,5.421599998953752
0,471,completed,90118.2221198,90118.2240017,90118.2249677,2.8479000029619783
3,471,completed,90118.2221025,90118.2242321,90118.2256545,3.551999994670041
1,471,completed,90118.2223364,90118.2243838,90118.2261828,3.846400009933859
4,471,completed,90118.2221492,90118.2243807,90118.2266741,4.524900010437705
5,471,completed,90118.2222224,90118.2244297,90118.2271583,4.93589999678079
2,471,completed,90118.2222475,90118.2244906,90118.2276325,5.384999996749684
2,472,completed,90118.2567341,90118.2585097,90118.2593743,2.6402000075904652
4,472,completed,90118.2567568,90118.2586413,90118.2598872,3.1304000003729016
0,472,completed,90118.2568091,90118.2587252,90118.2603813,3.5722000029636547
5,472,completed,90118.2567973,90118.258847,90118.2608285,4.031200005556457
3,472,completed,90118.2570236,90118.2588617,90118.2613149,4.291299992473796
1,472,completed,90118.256923,90118.2589212,90118.2618296,4.906600006506778
5,473,completed,90118.2846455,90118.2856477,90118.2862002,1.5547000075457618
3,473,completed,90118.2846122,90118.2856339,90118.286693,2.0807999972021207
1,473,completed,90118.2845849,90118.2856315,90118.2871551,2.5701999984448776
4,473,completed,90118.2915257,90118.2924511,90118.2932291,1.703400004771538
2,473,completed,90118.2915801,90118.29259,90118.2937554,2.1752999891759828
0,473,completed,90118.2915709,90118.2926104,90118.2943099,2.7390000032028183
4,474,completed,90118.319422,90118.3212639,90118.3220037,2.58169999870006
0,474,completed,90118.3193623,90118.3213321,90118.3225492,3.1869000085862353
2,474,completed,90118.3193704,90118.321369,90118.3230008,3.6303999950177968
1,474,completed,90118.3195958,90118.3214565,90118.3234657,3.8698999996995553
5,474,completed,90118.3194778,90118.3214837,90118.3240353,4.557499996735714
3,474,completed,90118.3195578,90118.3215326,90118.3246576,5.099799993331544
0,475,completed,90118.3542158,90118.3564346,90118.3571937,2.9778999887639657
4,475,completed,90118.3541597,90118.3565173,90118.357779,3.6192999978084117
3,475,completed,90118.3541598,90118.356538,90118.3582796,4.119799996260554
5,475,completed,90118.354317,90118.3565387,90118.3587854,4.468400002224371
2,475,completed,90118.3542615,90118.3564362,90118.3592673,5.0057999906130135
1,475,completed,90118.3543748,90118.3565599,90118.3597393,5.364500000723638
1,476,completed,90118.3888032,90118.390853,90118.3916074,2.8042000049026683
0,476,completed,90118.3888625,90118.3908634,90118.3921271,3.264600003603846
2,476,completed,90118.3888927,90118.3910251,90118.3926006,3.707900003064424
5,476,completed,90118.3890541,90118.3910336,90118.3930559,4.00179999996908
3,476,completed,90118.3889374,90118.3910381,90118.3935818,4.644400003599003
4,476,completed,90118.3888299,90118.3910805,90118.394075,5.245100008323789
0,477,completed,90118.4235244,90118.4252554,90118.4263162,2.791799997794442
5,477,completed,90118.4235776,90118.425512,90118.4268808,3.3032000064849854
3,477,completed,90118.4237796,90118.4256603,90118.4274775,3.6978999996790662
4,477,completed,90118.423725,90118.4256677,90118.4280567,4.331699994509108
2,477,completed,90118.423607,90118.4260533,90118.4286541,5.04709999950137
1,477,completed,90118.4236473,90118.4260488,90118.4291401,5.4927999881329015
4,478,completed,90118.4513559,90118.4531378,90118.4537837,2.4277999909827486
2,478,completed,90118.4512989,90118.453242,90118.4542994,3.000499986228533
3,478,completed,90118.4512985,90118.4532415,90118.4547954,3.496899997116998
1,478,completed,90118.4514053,90118.4532379,90118.4552815,3.876200004015118
5,478,completed,90118.4514515,90118.4532283,90118.4557551,4.303599998820573
0,478,completed,90118.4582087,90118.4586199,90118.4592514,1.0426999942865223
0,479,completed,90118.4861236,90118.4880527,90118.488807,2.6834000018425286
2,479,completed,90118.4861489,90118.4880947,90118.4893304,3.1814999965718016
5,479,completed,90118.4862517,90118.4881797,90118.4898162,3.5645000025397167
1,479,completed,90118.4863412,90118.4882103,90118.4903268,3.9856000075815246
3,479,completed,90118.4861733,90118.4882305,90118.4908075,4.634199998690747
4,479,completed,90118.4863039,90118.4882913,90118.4913025,4.998599993996322
3,480,completed,90118.5277121,90118.5296045,90118.5305548,2.8427000070223585
0,480,completed,90118.5278579,90118.5298633,90118.5310416,3.183699998771772
4,480,completed,90118.5278528,90118.530035,90118.5314961,3.6432999913813546
2,480,completed,90118.5277616,90118.5300497,90118.5319575,4.195900008198805
1,480,completed,90118.5277356,90118.5300719,90118.532411,4.6753999922657385
5,480,completed,90118.5279598,90118.530114,90118.5328838,4.923999993479811
4,481,completed,90118.5554815,90118.5572002,90118.5580751,2.5935999874491245
5,481,completed,90118.5555217,90118.5573395,90118.5585724,3.0507000046782196
2,481,completed,90118.5554548,90118.5574082,90118.559074,3.6192000115988776
1,481,completed,90118.55556,90118.5575972,90118.5595124,3.9524000021629035
0,481,completed,90118.5556379,90118.5576276,90118.5599229,4.285000002710149
3,481,completed,90118.5556989,90118.5576555,90118.5603897,4.690799993113615
3,482,completed,90118.5903724,90118.5922938,90118.5932381,2.8657000075327232
4,482,completed,90118.5904486,90118.5925854,90118.5937941,3.3454999938840047
0,482,completed,90118.5903867,90118.5925701,90118.5943238,3.937100002076477
5,482,completed,90118.5904083,90118.5925729,90118.5948252,4.416899988427758
1,482,completed,90118.5904875,90118.5926672,90118.5952696,4.782100004376844
2,482,completed,90118.5905791,90118.5926825,90118.5957741,5.195000005187467
5,483,completed,90118.6179305,90118.6197641,90118.620589,2.6585000014165416
4,483,completed,90118.6180139,90118.619956,90118.6210985,3.0846000008750707
0,483,completed,90118.6180628,90118.6200528,90118.621547,3.4842000022763386
2,483,completed,90118.617951,90118.6200363,90118.6219965,4.045500012580305
1,483,completed,90118.6181092,90118.6200577,90118.622458,4.348799993749708
3,483,completed,90118.6180192,90118.6200905,90118.6228933,4.874099991866387
3,484,completed,90118.652828,90118.6546269,90118.6554879,2.659899997524917
2,484,completed,90118.6528508,90118.6547104,90118.6560314,3.1805999897187576
1,484,completed,90118.652829,90118.6546968,90118.6565869,3.7579000054392964
5,484,completed,90118.6531353,90118.6549327,90118.6572068,4.0714999922784045
4,484,completed,90118.6529571,90118.6549989,90118.6577285,4.771399995661341
0,484,completed,90118.6529233,90118.6549964,90118.6582004,5.277099990053102
3,485,completed,90118.6874055,90118.689393,90118.690071,2.6655000110622495
4,485,completed,90118.6873562,90118.6893309,90118.6905779,3.2216999970842153
0,485,completed,90118.6873252,90118.6894738,90118.691118,3.792800009250641
1,485,completed,90118.6875141,90118.689516,90118.6916399,4.125799998291768
2,485,completed,90118.687544,90118.689569,90118.6921704,4.626399997505359
5,485,completed,90118.6873674,90118.6895672,90118.692654,5.2866000041831285
1,486,completed,90118.7222852,90118.7241331,90118.7249891,2.703899997868575
5,486,completed,90118.7223113,90118.7242856,90118.7255341,3.222800005460158
4,486,completed,90118.7225256,90118.7243692,90118.7261452,3.6196000000927597
3,486,completed,90118.7223847,90118.7243811,90118.726664,4.279300002963282
2,486,completed,90118.722345,90118.7244333,90118.7271501,4.805100004887208
0,486,completed,90118.7224724,90118.724439,90118.7276989,5.226499997661449
5,487,completed,90118.7568897,90118.7587634,90118.7595889,2.6991999911842868
4,487,completed,90118.7570033,90118.75897,90118.7601115,3.1082000059541315
3,487,completed,90118.7569577,90118.7589997,90118.760586,3.628300008131191
2,487,completed,90118.7569147,90118.7589311,90118.7610316,4.116900003282353
0,487,completed,90118.7570703,90118.7590056,90118.7614834,4.413100003148429
1,487,completed,90118.7571713,90118.759141,90118.7619177,4.746399994473904
5,488,completed,90118.7846237,90118.78649,90118.7872674,2.6436999905854464
0,488,completed,90118.7846291,90118.7866044,90118.7877837,3.154599995468743
3,488,completed,90118.7846773,90118.7866869,90118.7882456,3.568299987819046
4,488,completed,90118.7847451,90118.7867579,90118.7887431,3.9980000001378357
1,488,completed,90118.7848205,90118.7867793,90118.7892313,4.41080000018701
2,488,completed,90118.7847831,90118.7868155,90118.7897379,4.954800009727478
3,489,completed,90118.8193991,90118.8213009,90118.8220657,2.666600004886277
1,489,completed,90118.8194802,90118.8214381,90118.8226052,3.124999988358468
0,489,completed,90118.8195084,90118.8215233,90118.8230738,3.5653999948408455
5,489,completed,90118.8196145,90118.8215536,90118.8235181,3.903600008925423
2,489,completed,90118.8193945,90118.8215419,90118.8239536,4.559100008918904
4,489,completed,90118.8194139,90118.8215541,90118.8243932,4.979300007107668
4,490,completed,90118.854126,90118.8560654,90118.8567388,2.612799988128245
3,490,completed,90118.8541447,90118.8560629,90118.8572492,3.1044999923324212
1,490,completed,90118.8541958,90118.8561818,90118.8577693,3.573499998310581
2,490,completed,90118.8541789,90118.8561583,90118.8582813,4.102399994735606
5,490,completed,90118.8543297,90118.856263,90118.858742,4.412299997056834
0,490,completed,90118.8544196,90118.8562802,90118.8591907,4.771099993376993
2,491,completed,90118.8887964,90118.8907507,90118.8915973,2.8008999943267554
3,491,completed,90118.8887824,90118.8909425,90118.8921235,3.3411000040359795
0,491,completed,90118.889007,90118.8910183,90118.8926372,3.630199993494898
4,491,completed,90118.8888844,90118.8909887,90118.893079,4.194599998299964
5,491,completed,90118.8888514,90118.8911233,90118.8936015,4.750100008095615
1,491,completed,90118.8889495,90118.8911153,90118.8941535,5.204000000958331
3,492,completed,90118.9235012,90118.9254346,90118.9262188,2.7176000003237277
4,492,completed,90118.9234433,90118.9254453,90118.9268853,3.4420000010868534
0,492,completed,90118.9233947,90118.9253785,90118.9275591,4.164400001172908
5,492,completed,90118.9234037,90118.9255263,90118.9280462,4.642500003683381
1,492,completed,90118.923698,90118.9256688,90118.9285877,4.889699994237162
2,492,completed,90118.9236071,90118.9256733,90118.9291342,5.527100001927465
4,493,completed,90118.9512847,90118.9529432,90118.9538218,2.537099993787706
0,493,completed,90118.9513192,90118.9530959,90118.9545104,3.191199997672811
3,493,completed,90118.9513578,90118.9533636,90118.9549701,3.612300002714619
2,493,completed,90118.9515392,90118.953363,90118.9554586,3.919399998267181
5,493,completed,90118.9514626,90118.9533575,90118.9559645,4.501899995375425
1,493,completed,90118.9513848,90118.9534147,90118.9564866,5.101799994008616
0,494,completed,90118.985971,90118.9878452,90118.988826,2.8549999988172203
1,494,completed,90118.9859594,90118.9878014,90118.989333,3.373600004124455
2,494,completed,90118.986077,90118.9880817,90118.9897998,3.722800000105053
3,494,completed,90118.9860086,90118.9880761,90118.990364,4.3554000003496185
4,494,completed,90118.9862075,90118.9881439,90118.9908955,4.688000000896864
5,494,completed,90118.9862002,90118.9882389,90118.9914453,5.245099993771873
2,495,completed,90119.0208622,90119.0231116,90119.0238619,2.9996999946888536
3,495,completed,90119.0208027,90119.0231594,90119.024407,3.604300000006333
4,495,completed,90119.0207567,90119.0231128,90119.0249068,4.150099994149059
5,495,completed,90119.0207817,90119.0232145,90119.0254296,4.647900001145899
1,495,completed,90119.0209813,90119.023244,90119.0259985,5.017200004658662
0,495,completed,90119.0209099,90119.0232764,90119.0266001,5.690199992386624
0,496,completed,90119.055533,90119.0573518,90119.058222,2.6890000008279458
2,496,completed,90119.05551,90119.0574773,90119.058802,3.2919999939622357
4,496,completed,90119.055591,90119.0575384,90119.0593295,3.7385000032372773
5,496,completed,90119.0557813,90119.057667,90119.0598513,4.06999999540858
1,496,completed,90119.0556515,90119.0577266,90119.0604504,4.79889998678118
3,496,completed,90119.055704,90119.0577275,90119.0610202,5.316199996741489
0,497,completed,90119.0901157,90119.0917912,90119.092763,2.647299988893792
2,497,completed,90119.0902413,90119.0920917,90119.0933352,3.093899998930283
5,497,completed,90119.0901811,90119.0921125,90119.0938108,3.6297000042395666
1,497,completed,90119.0903321,90119.0922981,90119.0942817,3.9496000099461526
4,497,completed,90119.0902929,90119.0923589,90119.0947789,4.486000005272217
3,497,completed,90119.0904647,90119.0923482,90119.095256,4.791300001670606
4,498,completed,90119.1179965,90119.1195509,90119.1203629,2.366399989114143
2,498,completed,90119.1179825,90119.1197225,90119.1208876,2.9051000019535422
5,498,completed,90119.1179752,90119.1197607,90119.1213833,3.408099990338087
1,498,completed,90119.118061,90119.1198627,90119.1219249,3.863899997668341
3,498,completed,90119.1181457,90119.1198789,90119.1224341,4.288399999495596
0,498,completed,90119.1248993,90119.1253917,90119.1260797,1.1803999950643629
0,499,completed,90119.1526748,90119.1544894,90119.155402,2.727200000663288
4,499,completed,90119.1526553,90119.1545995,90119.1559107,3.255400006310083
3,499,completed,90119.1527534,90119.1548593,90119.1563916,3.638199996203184
2,499,completed,90119.1528393,90119.15487,90119.1568925,4.053199998452328
1,499,completed,90119.1529285,90119.1549519,90119.1574669,4.538399996818043
5,499,completed,90119.1527213,90119.154885,90119.1579936,5.272300011711195
1,500,completed,90119.1873016,90119.189132,90119.18997,2.66840000404045
2,500,completed,90119.1873783,90119.1893773,90119.1905112,3.1328999903053045
5,500,completed,90119.1873582,90119.1894581,90119.19097,3.6117999989073724
3,500,completed,90119.1875392,90119.1894672,90119.1914382,3.899000003002584
0,500,completed,90119.1873362,90119.1895322,90119.1919396,4.603399996994995
4,500,completed,90119.1875179,90119.1895486,90119.1925015,4.983599996194243
3,501,completed,90119.2221254,90119.2239068,90119.2247799,2.6545000000623986
1,501,completed,90119.2221555,90119.2240653,90119.2254079,3.252399998018518
4,501,completed,90119.2221861,90119.2241808,90119.2259669,3.780800005188212
5,501,completed,90119.2222863,90119.2242414,90119.2264946,4.208300000755116
0,501,completed,90119.2222353,90119.2243307,90119.2270214,4.786100005730987
2,501,completed,90119.222344,90119.2243869,90119.2275452,5.20120000874158
2,502,completed,90119.256513,90119.2583504,90119.2593006,2.7875999949174
0,502,completed,90119.256537,90119.258618,90119.2598736,3.336600013426505
1,502,completed,90119.2566299,90119.2586852,90119.2603798,3.7499000027310103
5,502,completed,90119.2565738,90119.2586529,90119.2608807,4.306900009396486
4,502,completed,90119.256734,90119.2587375,90119.2613852,4.651200011721812
3,502,completed,90119.2566935,90119.2588215,90119.261897,5.203499997151084
2,503,completed,90119.2845603,90119.2852728,90119.2859037,1.3433999993139878
3,503,completed,90119.2845325,90119.2852568,90119.2864488,1.9163000106345862
4,503,completed,90119.2914846,90119.2928306,90119.293538,2.0533999922918156
1,503,completed,90119.291508,90119.2928873,90119.2940513,2.5433000118937343
5,503,completed,90119.2915559,90119.292958,90119.2945755,3.0196000006981194
0,503,completed,90119.2915752,90119.2929647,90119.2950149,3.439699998125434
2,504,completed,90119.3193035,90119.3212327,90119.3221113,2.807800003211014
1,504,completed,90119.3193077,90119.3213636,90119.3227078,3.4001000021817163
5,504,completed,90119.3195014,90119.3215281,90119.3232019,3.7005000049248338
0,504,completed,90119.3193451,90119.3215468,90119.3236743,4.329200004576705
4,504,completed,90119.3193689,90119.3215784,90119.3241208,4.751899992697872
3,504,completed,90119.319463,90119.3216353,90119.3246195,5.156499988515861
0,505,completed,90119.3541454,90119.356017,90119.3567723,2.62690000818111
4,505,completed,90119.3540988,90119.3560914,90119.357345,3.246199994464405
1,505,completed,90119.3540763,90119.3560902,90119.3578511,3.774799988605082
2,505,completed,90119.3542363,90119.3561822,90119.3583249,4.088599991519004
5,505,completed,90119.3542659,90119.3562037,90119.3588422,4.576300008920953
3,505,completed,90119.3545391,90119.3563293,90119.3593429,4.803800009540282
5,506,completed,90119.3888382,90119.3906571,90119.39145,2.6117999950656667
2,506,completed,90119.3889002,90119.3907119,90119.3919418,3.041599993593991
3,506,completed,90119.3888384,90119.3907169,90119.3924224,3.58399999095127
1,506,completed,90119.3890687,90119.3908876,90119.3929123,3.843600003165193
0,506,completed,90119.3890157,90119.3909468,90119.3933889,4.373200004920363
4,506,completed,90119.3889598,90119.3909788,90119.3938669,4.907100010314025
4,507,completed,90119.4237228,90119.4251473,90119.4268847,3.161900007398799
1,507,completed,90119.4237602,90119.4251522,90119.4277497,3.989499993622303
0,507,completed,90119.4239434,90119.425409,90119.4284429,4.499499991652556
3,507,completed,90119.4239536,90119.4256858,90119.4290773,5.123700000694953
2,507,completed,90119.4252621,90119.4265398,90119.4297014,4.439299998921342
5,507,completed,90119.4252506,90119.426696,90119.4304585,5.207900001551025
4,508,completed,90119.4513695,90119.4537827,90119.4550612,3.691699996124953
5,508,completed,90119.4514429,90119.4539377,90119.4561044,4.6615000028396025
0,508,completed,90119.4514361,90119.4537991,90119.4570325,5.596399991190992
2,508,completed,90119.4513598,90119.4539231,90119.4582103,6.850499994470738
1,508,completed,90119.45136,90119.4539429,90119.4595524,8.1923999969149
3,508,completed,90119.4515003,90119.4541688,90119.4607283,9.227999995346181
0,509,completed,90119.4860464,90119.4878233,90119.4887458,2.6994000072591007
3,509,completed,90119.4861167,90119.4879852,90119.4892673,3.1505999941146
2,509,completed,90119.486077,90119.48807,90119.4897345,3.657500012195669
5,509,completed,90119.4861616,90119.4881424,90119.4901719,4.010300006484613
1,509,completed,90119.4862713,90119.4882501,90119.4906609,4.389599998830818
4,509,completed,90119.4862304,90119.4882079,90119.4911742,4.943799998727627
5,510,completed,90119.5298052,90119.5317511,90119.5324637,2.6585000014165416
1,510,completed,90119.5298048,90119.5317869,90119.5329866,3.1817999988561496
2,510,completed,90119.5299068,90119.5319492,90119.5334515,3.5446999972919
3,510,completed,90119.5299654,90119.5319553,90119.5339258,3.9604000048711896
4,510,completed,90119.5298253,90119.5319689,90119.5344937,4.668400011723861
0,510,completed,90119.5301309,90119.5320685,90119.535135,5.00409999222029
2,511,completed,90119.5555373,90119.5575,90119.5581929,2.6556000084383413
3,511,completed,90119.555507,90119.5574866,90119.5586937,3.1867000070633367
0,511,completed,90119.5554589,90119.5575759,90119.5592184,3.7595000030705705
4,511,completed,90119.5554581,90119.5574487,90119.5596951,4.237000001012348
1,511,completed,90119.555585,90119.5576359,90119.5601443,4.559300010441802
5,511,completed,90119.5556739,90119.5576865,90119.5607002,5.026300001190975
3,512,completed,90119.5901006,90119.5918861,90119.5927377,2.637099998537451
5,512,completed,90119.5901616,90119.5920494,90119.5933342,3.1726000015623868
2,512,completed,90119.5900946,90119.5920627,90119.5938192,3.724599999259226
0,512,completed,90119.590266,90119.5922049,90119.5942893,4.02330000360962
4,512,completed,90119.590201,90119.5922511,90119.5947483,4.547300006379373
1,512,completed,90119.5903156,90119.5922989,90119.5952148,4.899200008367188
2,513,completed,90119.6179442,90119.6192099,90119.6198648,1.920599999721162
4,513,completed,90119.6179024,90119.6191909,90119.6211163,3.213899995898828
0,513,completed,90119.6179995,90119.6192849,90119.6216614,3.6619000020436943
1,513,completed,90119.6179023,90119.6193518,90119.6221787,4.276399995433167
3,513,completed,90119.6349556,90119.6358113,90119.6365231,1.567499988595955
5,513,completed,90119.6349552,90119.6358499,90119.6371465,2.191299994592555
3,514,completed,90119.6560515,90119.657859,90119.6586296,2.5781000003917143
4,514,completed,90119.6560509,90119.6578501,90119.6592223,3.17140000697691
0,514,completed,90119.6561399,90119.6580509,90119.6598411,3.701199995703064
1,514,completed,90119.6562201,90119.6581047,90119.6603708,4.150699998717755
5,514,completed,90119.6561128,90119.6581354,90119.6609574,4.844600000069477
2,514,completed,90119.6563416,90119.6582169,90119.6614301,5.08849999459926
2,515,completed,90119.6973123,90119.6992001,90119.6998982,2.5858999870251864
5,515,completed,90119.6973494,90119.6992806,90119.7004391,3.089699996053241
1,515,completed,90119.6974426,90119.699361,90119.7010491,3.606500002206303
0,515,completed,90119.6972847,90119.6993427,90119.7017459,4.4612000056076795
4,515,completed,90119.6975062,90119.6994125,90119.702348,4.841800007852726
3,515,completed,90119.6973784,90119.699453,90119.7029547,5.576299998210743
3,516,completed,90119.7221864,90119.7241728,90119.7249354,2.7489999920362607
2,516,completed,90119.7222566,90119.7241396,90119.7255045,3.2479000074090436
1,516,completed,90119.7222033,90119.7242036,90119.725984,3.7807000044267625
5,516,completed,90119.7224543,90119.7243336,90119.7263996,3.9452999917557463
0,516,completed,90119.7223298,90119.7244434,90119.7268134,4.483600001549348
4,516,completed,90119.7223989,90119.7244311,90119.7273185,4.91959998907987
1,517,completed,90119.7568513,90119.7586922,90119.7596188,2.767500001937151
5,517,completed,90119.7568873,90119.7588848,90119.7601898,3.30250000115484
4,517,completed,90119.7569579,90119.7590107,90119.7606473,3.6894000077154487
2,517,completed,90119.7571679,90119.759118,90119.7611431,3.9752000011503696
0,517,completed,90119.757203,90119.7591306,90119.7616433,4.44029999198392
3,517,completed,90119.7570301,90119.7591052,90119.762125,5.094899999676272
5,518,completed,90119.7845999,90119.7863347,90119.787268,2.668100001756102
1,518,completed,90119.7846728,90119.7865473,90119.7878447,3.1718999962322414
3,518,completed,90119.7846392,90119.7866887,90119.7883657,3.726499999174848
4,518,completed,90119.7848206,90119.7867328,90119.7888474,4.026800001156516
2,518,completed,90119.7847722,90119.7867526,90119.7893224,4.550199999357574
0,518,completed,90119.7849936,90119.7868574,90119.7898299,4.836299995076843
0,519,completed,90119.819175,90119.821344,90119.8219825,2.807500000926666
1,519,completed,90119.8192615,90119.8213546,90119.8225065,3.244999999878928
5,519,completed,90119.8192986,90119.821353,90119.8230208,3.722199995536357
2,519,completed,90119.8192406,90119.8213223,90119.8235734,4.332800002885051
3,519,completed,90119.8191753,90119.821421,90119.8240998,4.924499997287057
4,519,completed,90119.819445,90119.8214386,90119.8246122,5.167199997231364
0,520,completed,90119.8609876,90119.8628815,90119.8636503,2.6627000042935833
5,520,completed,90119.8610545,90119.862947,90119.8642307,3.1761999998707324
4,520,completed,90119.8609375,90119.8628806,90119.8647751,3.8376000011339784
3,520,completed,90119.8610793,90119.8630473,90119.8653012,4.22190000244882
1,520,completed,90119.8611923,90119.8630563,90119.8658165,4.624199995305389
2,520,completed,90119.8612502,90119.8631465,90119.866305,5.054799999925308
1,521,completed,90119.8887369,90119.8906824,90119.8914897,2.7528000064194202
5,521,completed,90119.8887533,90119.8906753,90119.8919951,3.2418000046163797
0,521,completed,90119.8887963,90119.8909153,90119.8924698,3.673500003060326
2,521,completed,90119.8888276,90119.8910194,90119.8928959,4.068299997015856
4,521,completed,90119.888985,90119.891041,90119.8933213,4.336300000431947
3,521,completed,90119.8889203,90119.8910239,90119.893828,4.907700000330806
5,522,completed,90119.9235255,90119.9255008,90119.926176,2.6504999987082556
4,522,completed,90119.9234538,90119.9255037,90119.9267,3.246199994464405
1,522,completed,90119.923567,90119.9255626,90119.9272268,3.6598000006051734
0,522,completed,90119.923485,90119.9254358,90119.9277296,4.244599986122921
2,522,completed,90119.9236322,90119.9255981,90119.9282645,4.6322999987751245
3,522,completed,90119.9237368,90119.9256948,90119.9289222,5.185399990295991
2,523,completed,90119.9512456,90119.9531018,90119.9539244,2.6788000104716048
4,523,completed,90119.9512739,90119.9532948,90119.9544234,3.1495000002905726
3,523,completed,90119.9514426,90119.9534275,90119.9548673,3.424700000323355
5,523,completed,90119.9512582,90119.9533975,90119.9553498,4.091599999810569
0,523,completed,90119.9513887,90119.9534118,90119.9558411,4.452399996807799
1,523,completed,90119.9513519,90119.9534916,90119.9563669,5.015000002458692
5,524,completed,90119.9860677,90119.9880826,90119.9889909,2.923200008808635
1,524,completed,90119.986074,90119.9882258,90119.9895676,3.493600001093
0,524,completed,90119.9861936,90119.9883051,90119.9900684,3.8748000079067424
3,524,completed,90119.9861272,90119.9883763,90119.9905355,4.408299995702691
2,524,completed,90119.9862847,90119.988375,90119.9910978,4.813099993043579
4,524,completed,90119.9861065,90119.9884193,90119.9916528,5.546300002606586
4,525,completed,90120.0208865,90120.0228473,90120.0238017,2.915199991548434
5,525,completed,90120.0209219,90120.0229482,90120.0246136,3.6917000106768683
0,525,completed,90120.0209479,90120.0229019,90120.0252475,4.29959999746643
2,525,completed,90120.0209964,90120.0230249,90120.0259,4.903599998215213
1,525,completed,90120.0210303,90120.0231631,90120.0266382,5.607899991446175
3,525,completed,90120.0210847,90120.0231744,90120.0274607,6.376000004820526
2,526,completed,90120.0556058,90120.0576164,90120.0584154,2.809600002365187
4,526,completed,90120.0555724,90120.0576485,90120.0589299,3.3574999979464337
5,526,completed,90120.0555266,90120.0576674,90120.0594029,3.876300004776567
1,526,completed,90120.0557202,90120.05782,90120.0598898,4.1695999971125275
0,526,completed,90120.0556315,90120.0577929,90120.0603803,4.748799998196773
3,526,completed,90120.0557686,90120.057868,90120.0608881,5.119499997817911
5,527,completed,90120.0901939,90120.0920934,90120.0930257,2.831799996783957
3,527,completed,90120.0902298,90120.0922005,90120.0936546,3.4248000010848045
4,527,completed,90120.0902122,90120.0922515,90120.0942176,4.005399998277426
1,527,completed,90120.0904547,90120.092407,90120.0947847,4.3300000106683
0,527,completed,90120.0902928,90120.0924324,90120.0953358,5.0429999973857775
2,527,completed,90120.0903584,90120.0924684,90120.0958184,5.460000000311993
0,528,completed,90120.1183054,90120.1203208,90120.1210487,2.7433000068413094
5,528,completed,90120.1181901,90120.1203352,90120.1221972,4.0071000112220645
3,528,completed,90120.1181674,90120.1202426,90120.1226944,4.52699999732431
4,528,completed,90120.1181333,90120.1203546,90120.1231897,5.056399997556582
2,528,completed,90120.1182703,90120.1203058,90120.1236966,5.426300005638041
1,528,completed,90120.1181329,90120.1203217,90120.1242053,6.07240000681486
4,529,completed,90120.1525987,90120.154318,90120.1552202,2.6214999961666763
0,529,completed,90120.1526404,90120.154505,90120.1558568,3.216400000383146
1,529,completed,90120.152609,90120.1546349,90120.1563702,3.761200001463294
3,529,completed,90120.152811,90120.1547177,90120.1568515,4.040499989059754
2,529,completed,90120.1528168,90120.1547307,90120.1573444,4.527600001893006
5,529,completed,90120.1527067,90120.1547708,90120.1578308,5.12410000374075
1,530,completed,90120.1873321,90120.1891459,90120.1899925,2.660400001332164
3,530,completed,90120.1873685,90120.1892465,90120.1905338,3.165300004184246
0,530,completed,90120.1874151,90120.1893447,90120.1912189,3.8038000056985766
4,530,completed,90120.1875953,90120.1894515,90120.1917151,4.119799996260554
2,530,completed,90120.1875247,90120.1895414,90120.1922288,4.704100007074885
5,530,completed,90120.1874615,90120.1895471,90120.1927381,5.276600000797771
4,531,completed,90120.2222085,90120.224124,90120.2248967,2.6882000092882663
0,531,completed,90120.2221506,90120.2241888,90120.2255581,3.4075000003213063
2,531,completed,90120.2223219,90120.2242615,90120.2261247,3.802799998084083
3,531,completed,90120.2222724,90120.2243483,90120.2266301,4.357700003311038
1,531,completed,90120.2222044,90120.2242764,90120.2271523,4.9479000008432195
5,531,completed,90120.2223963,90120.2243884,90120.227728,5.331699998350814
0,532,completed,90120.2567286,90120.2587274,90120.2594341,2.7054999954998493
2,532,completed,90120.2567478,90120.2586459,90120.259913,3.1652000034227967
3,532,completed,90120.2567959,90120.2588851,90120.2603968,3.600900003220886
4,532,completed,90120.2568594,90120.258909,90120.26084,3.980599998612888
1,532,completed,90120.2569488,90120.2589472,90120.2613027,4.353900003479794
5,532,completed,90120.256916,90120.2589784,90120.2617931,4.877100000157952
0,533,completed,90120.2846537,90120.286476,90120.2872675,2.6137999957427382
5,533,completed,90120.2846362,90120.2864451,90120.287792,3.155800004606135
2,533,completed,90120.2846067,90120.286632,90120.2883165,3.7097999884281307
3,533,completed,90120.284694,90120.2867262,90120.2887948,4.100799997104332
4,533,completed,90120.2847815,90120.2867873,90120.2892662,4.484699995373376
1,533,completed,90120.2847658,90120.2867762,90120.2897806,5.014800000935793
1,534,completed,90120.3192778,90120.3214012,90120.3219956,2.7178000018466264
0,534,completed,90120.3193904,90120.321384,90120.3224947,3.1042999908095226
4,534,completed,90120.3192831,90120.3213869,90120.3229781,3.6949999921489507
3,534,completed,90120.3193402,90120.3213683,90120.3234827,4.14249999448657
5,534,completed,90120.3194821,90120.3214581,90120.3239708,4.488699996727519
2,534,completed,90120.3194038,90120.3214798,90120.324471,5.067200007033534
1,535,completed,90120.3540459,90120.3559158,90120.3568111,2.7651999989757314
3,535,completed,90120.3540669,90120.3560365,90120.3574471,3.3801999961724505
0,535,completed,90120.3542561,90120.3562066,90120.3580137,3.757599988603033
5,535,completed,90120.3542093,90120.3561957,90120.3585842,4.374900003313087
2,535,completed,90120.3541168,90120.3562707,90120.3591131,4.996300005586818
4,535,completed,90120.3541529,90120.3563161,90120.3595954,5.442499998025596
4,536,completed,90120.3957132,90120.3977423,90120.3985894,2.8762000001734123
2,536,completed,90120.3957941,90120.3978877,90120.3991632,3.3690999989630654
5,536,completed,90120.395766,90120.3979719,90120.3997169,3.9509000052930787
1,536,completed,90120.3958295,90120.3979709,90120.4002733,4.443799989530817
0,536,completed,90120.3959442,90120.3980077,90120.4007647,4.820499991183169
3,536,completed,90120.3960271,90120.3980265,90120.4012896,5.262500009848736
4,537,completed,90120.4166307,90120.4175986,90120.4182447,1.6140000079758465
2,537,completed,90120.4166529,90120.4176568,90120.4187605,2.10759999754373
1,537,completed,90120.4167154,90120.4176774,90120.4192863,2.570900003775023
3,537,completed,90120.4234576,90120.4243186,90120.4250182,1.5605999942636117
0,537,completed,90120.4235031,90120.4245093,90120.4255795,2.0764000073540956
5,537,completed,90120.4235187,90120.4245197,90120.426113,2.59429999277927
4,538,completed,90120.4513171,90120.4533137,90120.4542015,2.884400004404597
2,538,completed,90120.451321,90120.4533155,90120.454809,3.488000002107583
1,538,completed,90120.4514178,90120.4534716,90120.4553375,3.9197000005515292
0,538,completed,90120.4513732,90120.4535353,90120.455915,4.54179999360349
5,538,completed,90120.4514466,90120.453542,90120.4565138,5.067200007033534
3,538,completed,90120.4653123,90120.4659616,90120.4666849,1.3726000033784658
3,539,completed,90120.4959482,90120.497917,90120.498829,2.8808000060962513
2,539,completed,90120.4961612,90120.4982964,90120.4994556,3.2943999976851046
1,539,completed,90120.4960141,90120.4983339,90120.5001374,4.12329999380745
5,539,completed,90120.4959871,90120.4983415,90120.5007883,4.801200004294515
4,539,completed,90120.4959476,90120.4983337,90120.5013853,5.437700005131774
0,539,completed,90120.4960718,90120.498386,90120.5019118,5.8400000125402585
4,540,completed,90120.5207581,90120.5231143,90120.5237733,3.015199996298179
5,540,completed,90120.5207537,90120.523051,90120.5243197,3.5659999994095415
1,540,completed,90120.5208308,90120.5231015,90120.5248707,4.039899999042973
0,540,completed,90120.5208593,90120.5231306,90120.5254156,4.556300002150238
2,540,completed,90120.5207808,90120.5231781,90120.5259808,5.199999999604188
3,540,completed,90120.5209561,90120.523279,90120.5265501,5.594000002020039
1,541,completed,90120.5554012,90120.5572026,90120.558046,2.644799998961389
4,541,completed,90120.5553824,90120.5572892,90120.5586538,3.271400011726655
3,541,completed,90120.5554705,90120.5573831,90120.559159,3.6885000008624047
2,541,completed,90120.5556012,90120.5574752,90120.5596826,4.081399994902313
5,541,completed,90120.5555121,90120.5575322,90120.5601739,4.661799990572035
0,541,completed,90120.5556303,90120.5575987,90120.5606443,5.013999994844198
4,542,completed,90120.5832118,90120.5838833,90120.5845177,1.305900004808791
1,542,completed,90120.5832113,90120.5839202,90120.585111,1.8996999860974029
2,542,completed,90120.5901766,90120.5914806,90120.5922334,2.056800003629178
5,542,completed,90120.5902225,90120.5915644,90120.5927373,2.5147999986074865
0,542,completed,90120.5902065,90120.591696,90120.5932532,3.0467000033240765
3,542,completed,90120.5902596,90120.5917353,90120.5937807,3.5211000067647547
0,543,completed,90120.6179654,90120.6199201,90120.6206787,2.7132999966852367
3,543,completed,90120.6180811,90120.6200915,90120.6211846,3.103499999269843
5,543,completed,90120.6179465,90120.6200821,90120.6224147,4.468200000701472
1,543,completed,90120.6180319,90120.6200365,90120.6229134,4.881500004557893
2,543,completed,90120.6179821,90120.6201194,90120.6233944,5.41230000089854
4,543,completed,90120.6181013,90120.6201499,90120.6238782,5.776899997727014
2,544,completed,90120.652687,90120.6544242,90120.6552408,2.5538000045344234
5,544,completed,90120.6527419,90120.6545786,90120.6557421,3.0001999984961003
3,544,completed,90120.6527044,90120.6546095,90120.656137,3.432600002270192
4,544,completed,90120.6528067,90120.6547774,90120.6565822,3.7754999939352274
1,544,completed,90120.6530025,90120.6547857,90120.6570252,4.022699999040924
0,544,completed,90120.6528697,90120.654831,90120.6575311,4.661400002078153
0,545,completed,90120.6872852,90120.6890443,90120.6898824,2.5972000003093854
1,545,completed,90120.6872948,90120.6890556,90120.6904406,3.1458000012207776
3,545,completed,90120.6873551,90120.6892566,90120.6909185,3.563399994163774
5,545,completed,90120.6875707,90120.6893918,90120.6913862,3.8154999929247424
4,545,completed,90120.6874819,90120.6894586,90120.6918803,4.398400007630698
2,545,completed,90120.6874006,90120.6894982,90120.6923973,4.9966999940807
4,546,completed,90120.7220852,90120.7239447,90120.7247321,2.64690000039991
1,546,completed,90120.7221564,90120.7240521,90120.7252892,3.132799989543855
5,546,completed,90120.7220877,90120.7240884,90120.7257759,3.6881999985780567
0,546,completed,90120.7222976,90120.7241796,90120.7262461,3.94850000157021
2,546,completed,90120.722197,90120.7242368,90120.7267123,4.515300010098144
3,546,completed,90120.722286,90120.7242388,90120.7271337,4.847699994570576
2,547,completed,90120.7567101,90120.7584432,90120.7593837,2.6735999999800697
5,547,completed,90120.7567466,90120.7585794,90120.7599154,3.1688000017311424
3,547,completed,90120.7569713,90120.7588664,90120.7604572,3.485900000669062
1,547,completed,90120.7568833,90120.7588512,90120.7610086,4.125300009036437
0,547,completed,90120.7567838,90120.7589091,90120.761532,4.748200008179992
4,547,completed,90120.7568182,90120.7589267,90120.7620046,5.186399997910485
5,548,completed,90120.7846106,90120.7863417,90120.7872428,2.632199990330264
2,548,completed,90120.784637,90120.7864836,90120.7877518,3.114799998002127
3,548,completed,90120.7847378,90120.7866447,90120.7882279,3.490100003546104
1,548,completed,90120.7846833,90120.7866528,90120.7886865,4.003200010629371
0,548,completed,90120.7848607,90120.7867335,90120.7891556,4.294899990782142
4,548,completed,90120.7849264,90120.7868559,90120.7896743,4.747900005895644
0,549,completed,90120.8192884,90120.8210434,90120.8219237,2.635299999383278
4,549,completed,90120.819313,90120.8212245,90120.8224517,3.1387000053655356
2,549,completed,90120.819493,90120.8214128,90120.8229407,3.44770000083372
5,549,completed,90120.8195578,90120.821412,90120.8234219,3.8640999991912395
3,549,completed,90120.8193486,90120.8214518,90120.8238898,4.5412000035867095
1,549,completed,90120.8193807,90120.8214655,90120.8243619,4.981199992471375
1,550,completed,90120.8540739,90120.8559042,90120.8566644,2.5904999929480255
0,550,completed,90120.8540848,90120.8559467,90120.857191,3.10620000527706
3,550,completed,90120.8541247,90120.8560256,90120.8576835,3.55880000279285
5,550,completed,90120.8542824,90120.8561466,90120.8581542,3.8717999996151775
2,550,completed,90120.8541548,90120.8561716,90120.8586326,4.477799986489117
4,550,completed,90120.8542346,90120.8562815,90120.8590951,4.860499990172684
4,551,completed,90120.8888975,90120.8910597,90120.8917934,2.8959000046597794
5,551,completed,90120.8888724,90120.8910456,90120.8923734,3.50099999923259
2,551,completed,90120.8888989,90120.8910473,90120.8928861,3.9872000052127987
1,551,completed,90120.8888718,90120.8910484,90120.8934435,4.571700002998114
0,551,completed,90120.8889908,90120.891251,90120.8939593,4.968499997630715
3,551,completed,90120.8889624,90120.8912389,90120.8943994,5.436999999801628
3,552,completed,90120.9233797,90120.925291,90120.9260717,2.6919999945675954
1,552,completed,90120.923378,90120.9253854,90120.9266519,3.273899987107143
0,552,completed,90120.9235633,90120.9255572,90120.9271669,3.6035999946761876
5,552,completed,90120.9234417,90120.9255164,90120.9276157,4.174000001512468
2,552,completed,90120.9235585,90120.9255656,90120.9280699,4.5113999949535355
4,552,completed,90120.9234942,90120.9255287,90120.9285141,5.019899996113963
5,553,completed,90120.9511884,90120.9525242,90120.9532801,2.0917000074405223
0,553,completed,90120.9512904,90120.9526364,90120.9538585,2.5680999970063567
2,553,completed,90120.9511974,90120.9526464,90120.954353,3.1555999885313213
4,553,completed,90120.9512172,90120.9526601,90120.9549294,3.712200006702915
1,553,completed,90120.9582293,90120.9588215,90120.9594626,1.233300004969351
3,553,completed,90120.9582458,90120.9589108,90120.9600254,1.7796000029193237
2,554,completed,90120.9859682,90120.987869,90120.9887156,2.7474000089569017
1,554,completed,90120.9859903,90120.9879034,90120.9892297,3.239400000893511
4,554,completed,90120.9860864,90120.9880722,90120.9896863,3.599900010158308
0,554,completed,90120.9860221,90120.9881242,90120.9901619,4.139800003031269
3,554,completed,90120.9862409,90120.9881421,90120.990596,4.3550999980652705
5,554,completed,90120.9861879,90120.988207,90120.9910533,4.865399998379871
4,555,completed,90121.0206509,90121.022649,90121.0234545,2.8036000003339723
0,555,completed,90121.0207508,90121.0227824,90121.0239628,3.2119999959832057
5,555,completed,90121.0208231,90121.0228549,90121.0244945,3.671400001621805
2,555,completed,90121.0208857,90121.0228953,90121.0250873,4.201600007945672
1,555,completed,90121.020664,90121.0228803,90121.0257169,5.052900000009686
3,555,completed,90121.0206808,90121.0228933,90121.026273,5.592200002865866
0,556,completed,90121.0556494,90121.057612,90121.0583396,2.6901999954134226
5,556,completed,90121.0557,90121.0576776,90121.0588724,3.172400000039488
1,556,completed,90121.055668,90121.057489,90121.0593426,3.6745999968843535
4,556,completed,90121.0558974,90121.0578044,90121.0598168,3.919399998267181
3,556,completed,90121.0557799,90121.0578709,90121.0602875,4.507600009674206
2,556,completed,90121.0558414,90121.0578769,90121.0607571,4.915700003039092
4,557,completed,90121.0901434,90121.0920718,90121.0930024,2.8590000001713634
1,557,completed,90121.0902781,90121.0923747,90121.0936153,3.3371999888913706
0,557,completed,90121.090164,90121.0923745,90121.0941758,4.011800003354438
3,557,completed,90121.0903543,90121.0923948,90121.0947397,4.385399995953776
5,557,completed,90121.090151,90121.0923964,90121.0952567,5.1057000091532245
2,557,completed,90121.0903038,90121.0923818,90121.0957292,5.425399998784997
3,558,completed,90121.1179566,90121.1199342,90121.120701,2.744400000665337
5,558,completed,90121.1180161,90121.1200281,90121.1212609,3.2448000129079446
0,558,completed,90121.1179518,90121.1200154,90121.1224048,4.453000001376495
2,558,completed,90121.1179839,90121.1200566,90121.1229189,4.935000004479662
1,558,completed,90121.1181882,90121.1201344,90121.1234226,5.234399999608286
4,558,completed,90121.1182691,90121.1201503,90121.123923,5.6539000070188195
4,559,completed,90121.1528491,90121.154765,90121.1554719,2.6227999915136024
1,559,completed,90121.1528165,90121.1547649,90121.1560069,3.1903999915812165
0,559,completed,90121.1528048,90121.1547996,90121.1565562,3.751399999600835
5,559,completed,90121.1529835,90121.1549226,90121.1570541,4.070599999977276
2,559,completed,90121.152917,90121.1549919,90121.1575093,4.5922999997856095
3,559,completed,90121.1531842,90121.1550518,90121.1579725,4.788300007930957
1,560,completed,90121.187455,90121.1894162,90121.1903746,2.9195999959483743
3,560,completed,90121.1875,90121.1896524,90121.1909811,3.4810999932233244
0,560,completed,90121.187605,90121.1897169,90121.1915527,3.947699995478615
4,560,completed,90121.1876756,90121.1898001,90121.1920762,4.400599995278753
2,560,completed,90121.1875776,90121.1898178,90121.1926535,5.0759000005200505
5,560,completed,90121.1877363,90121.1898609,90121.1932082,5.471900003612973
4,561,completed,90121.2223467,90121.2245528,90121.225367,3.0203000060282648
5,561,completed,90121.2222991,90121.2246279,90121.225969,3.6699000047519803
2,561,completed,90121.2223045,90121.224724,90121.2265437,4.239200003212318
0,561,completed,90121.2223886,90121.2247517,90121.2271783,4.789700004039332
3,561,completed,90121.2224557,90121.2248047,90121.2277532,5.297499999869615
1,561,completed,90121.222539,90121.2248305,90121.228441,5.902000004425645
2,562,completed,90121.2568042,90121.2586471,90121.2595407,2.7364999987185
1,562,completed,90121.2568285,90121.258906,90121.2601153,3.286799998022616
0,562,completed,90121.2569588,90121.2590655,90121.2606226,3.6638000019593164
4,562,completed,90121.2569922,90121.259092,90121.2611393,4.147100000409409
3,562,completed,90121.2568586,90121.259115,90121.2616668,4.808199999388307
5,562,completed,90121.2568852,90121.2591499,90121.2621593,5.274099996313453
2,563,completed,90121.2847818,90121.2866816,90121.2882275,3.4457000001566485
3,563,completed,90121.2849268,90121.2869906,90121.2910101,6.083300002501346
1,563,completed,90121.2850482,90121.2870662,90121.2919439,6.895699989399873
0,563,completed,90121.2850062,90121.2871422,90121.2927345,7.728299999143928
4,563,completed,90121.284966,90121.2871581,90121.2934,8.433999988483265
5,563,completed,90121.2848654,90121.2876627,90121.294085,9.219600004144013
4,564,completed,90121.3194424,90121.321411,90121.3222855,2.843100010068156
2,564,completed,90121.3194806,90121.3215813,90121.3228896,3.408999997191131
5,564,completed,90121.3195066,90121.3216761,90121.3234443,3.9376999920932576
1,564,completed,90121.3194416,90121.3217034,90121.3239456,4.5039999968139455
3,564,completed,90121.3195734,90121.3217406,90121.3244734,4.899999999906868
0,564,completed,90121.3196371,90121.3217875,90121.3251744,5.537300006835721
1,565,completed,90121.3541218,90121.3560033,90121.3569593,2.8374999965308234
5,565,completed,90121.3541378,90121.356201,90121.3575992,3.4614000032888725
0,565,completed,90121.3541747,90121.3563619,90121.3582658,4.091099996003322
4,565,completed,90121.3543471,90121.3563765,90121.3588297,4.482599993934855
3,565,completed,90121.3542746,90121.3563854,90121.3594342,5.1595999975688756
2,565,completed,90121.3542132,90121.3563641,90121.3599594,5.746199996792711
0,566,completed,90121.3887607,90121.3906255,90121.3916049,2.844199989340268
4,566,completed,90121.3887709,90121.3906111,90121.3921092,3.3382999972673133
2,566,completed,90121.3888479,90121.3909717,90121.3926043,3.7563999940175563
3,566,completed,90121.3888032,90121.39096,90121.393102,4.298800005926751
1,566,completed,90121.38892,90121.3910518,90121.3935821,4.6621000074082986
5,566,completed,90121.3890539,90121.3910686,90121.3940974,5.043500001193024
5,567,completed,90121.430728,90121.4330935,90121.4339113,3.1832999957259744
3,567,completed,90121.430766,90121.4331922,90121.4345102,3.7441999884322286
0,567,completed,90121.430806,90121.4332301,90121.435238,4.4320000015432015
4,567,completed,90121.4308708,90121.4332576,90121.4357915,4.920699997455813
1,567,completed,90121.4307278,90121.4332926,90121.436366,5.63819998933468
2,567,completed,90121.4309259,90121.4333534,90121.4369591,6.033199999365024
5,568,completed,90121.4514188,90121.4521938,90121.4531184,1.6995999903883785
3,568,completed,90121.4513907,90121.4523197,90121.453854,2.4633000139147043
0,568,completed,90121.4583009,90121.459745,90121.4605411,2.2401999885914847
2,568,completed,90121.4582835,90121.4598298,90121.4610766,2.793099993141368
4,568,completed,90121.4583557,90121.4598392,90121.4615549,3.199200000381097
1,568,completed,90121.4582709,90121.4598297,90121.4620182,3.747300012037158
5,569,completed,90121.4859797,90121.4877966,90121.4885856,2.6059000083478168
4,569,completed,90121.4859475,90121.4879641,90121.4890964,3.1488999957218766
2,569,completed,90121.4860781,90121.4880072,90121.4895464,3.468299997621216
0,569,completed,90121.4861493,90121.4879625,90121.4901349,3.9855999930296093
1,569,completed,90121.4860114,90121.487891,90121.4905946,4.583200003253296
3,569,completed,90121.4861953,90121.488093,90121.4910802,4.8848999867914245
1,570,completed,90121.5206546,90121.5224017,90121.5233775,2.722899997024797
2,570,completed,90121.5208071,90121.5227329,90121.5239808,3.1737000099383295
3,570,completed,90121.5208351,90121.5227781,90121.5244831,3.647999998065643
0,570,completed,90121.5207231,90121.5228725,90121.5251032,4.380099999252707
4,570,completed,90121.5207356,90121.522876,90121.5256255,4.889899995760061
5,570,completed,90121.5209205,90121.5229099,90121.5261452,5.224699998507276
3,571,completed,90121.5553809,90121.5574552,90121.5581867,2.8058000025339425
4,571,completed,90121.5554432,90121.5574493,90121.558781,3.3377999934600666
1,571,completed,90121.555559,90121.5576514,90121.5593323,3.7733000062871724
0,571,completed,90121.555531,90121.5575993,90121.5599567,4.425699997227639
5,571,completed,90121.5556322,90121.5576443,90121.56048,4.847799995332025
2,571,completed,90121.5553809,90121.557636,90121.5609861,5.605199999990873
5,572,completed,90121.5901317,90121.5919151,90121.5927355,2.603800006909296
2,572,completed,90121.5902187,90121.5920894,90121.5932537,3.0350000015459955
0,572,completed,90121.5901672,90121.5921129,90121.5937138,3.5465999972075224
4,572,completed,90121.5902691,90121.592193,90121.5941962,3.9271000132430345
3,572,completed,90121.5903824,90121.5923051,90121.5947141,4.331700009061024
1,572,completed,90121.5904303,90121.592329,90121.5952241,4.793800006154925
4,573,completed,90121.6181049,90121.6200486,90121.6207662,2.6612999936332926
5,573,completed,90121.6180898,90121.6200331,90121.6212256,3.13579999783542
0,573,completed,90121.6180711,90121.6202393,90121.6224224,4.351299998234026
1,573,completed,90121.6182874,90121.6202471,90121.6229008,4.613400000380352
3,573,completed,90121.6182438,90121.6202511,90121.6233608,5.117000007885508
2,573,completed,90121.6181458,90121.6202836,90121.6238256,5.6798000005073845
3,574,completed,90121.6527368,90121.6544382,90121.6552929,2.556100007495843
5,574,completed,90121.6527552,90121.6545505,90121.6558591,3.1039000023156404
1,574,completed,90121.6528431,90121.6547198,90121.6563487,3.505599990603514
2,574,completed,90121.6529123,90121.6547611,90121.6568512,3.9389000012306497
0,574,completed,90121.6527954,90121.6547787,90121.6573355,4.540099995210767
4,574,completed,90121.6530399,90121.6548927,90121.6577933,4.753399989567697
0,575,completed,90121.687448,90121.6893862,90121.6901581,2.7101000014226884
4,575,completed,90121.6874449,90121.689327,90121.690689,3.244099993025884
1,575,completed,90121.6874959,90121.6894503,90121.6911843,3.6884000001009554
5,575,completed,90121.6876012,90121.6896099,90121.6917004,4.099199999473058
3,575,completed,90121.68755,90121.6895898,90121.6922153,4.665300002670847
2,575,completed,90121.6876996,90121.6896164,90121.6927026,5.0029999983962625
4,576,completed,90121.7221421,90121.7239971,90121.7248657,2.7236000023549423
0,576,completed,90121.7221597,90121.7240964,90121.725388,3.228300003684126
1,576,completed,90121.7221895,90121.7242684,90121.7258822,3.6927000037394464
3,576,completed,90121.7222101,90121.7243638,90121.7263262,4.116100011742674
5,576,completed,90121.7222951,90121.7244061,90121.7268201,4.524999996647239
2,576,completed,90121.7223415,90121.7244267,90121.7273615,5.019999996875413
0,577,completed,90121.7566974,90121.758415,90121.7594221,2.724700010730885
1,577,completed,90121.7567351,90121.7587992,90121.7600194,3.2842999935382977
2,577,completed,90121.7569244,90121.7588736,90121.7605681,3.643699994427152
4,577,completed,90121.7567668,90121.7589078,90121.7610999,4.333100005169399
5,577,completed,90121.7568029,90121.7589198,90121.7616581,4.85520000802353
3,577,completed,90121.7568687,90121.7589688,90121.7622116,5.342899996321648
0,578,completed,90121.7916768,90121.7934639,90121.794382,2.7051999932155013
3,578,completed,90121.7916859,90121.7936976,90121.7949085,3.2226000039372593
4,578,completed,90121.7917739,90121.7937292,90121.7954388,3.664900010335259
5,578,completed,90121.7916931,90121.7937943,90121.7959655,4.272399994079024
2,578,completed,90121.7918175,90121.7939572,90121.7964551,4.637600010028109
1,578,completed,90121.7918556,90121.7939384,90121.7969462,5.0906000105896965
5,579,completed,90121.8193296,90121.8212443,90121.8220438,2.7142000035382807
0,579,completed,90121.819386,90121.8212796,90121.8226459,3.2598999969195575
1,579,completed,90121.8193072,90121.8213314,90121.8231616,3.85439999809023
3,579,completed,90121.8194962,90121.8214602,90121.8236873,4.191100000753067
4,579,completed,90121.8195848,90121.8215186,90121.824265,4.680199999711476
2,579,completed,90121.8196569,90121.821527,90121.8248338,5.176899998332374
1,580,completed,90121.8540613,90121.8558953,90121.856853,2.7917000115849078
3,580,completed,90121.854297,90121.8562605,90121.8574412,3.1442000035895035
0,580,completed,90121.8542571,90121.8562399,90121.8580151,3.7580000062007457
2,580,completed,90121.8541781,90121.8562185,90121.858569,4.390900008729659
5,580,completed,90121.8540593,90121.8562235,90121.8590735,5.014199996367097
4,580,completed,90121.8541003,90121.8562711,90121.8595983,5.497999998624437
2,581,completed,90121.8887109,90121.8906295,90121.891488,2.777099987724796
1,581,completed,90121.8887468,90121.890845,90121.8920671,3.3202999911736697
5,581,completed,90121.8888833,90121.8909461,90121.8925804,3.6971000081393868
3,581,completed,90121.8888662,90121.8909455,90121.893135,4.268800010322593
0,581,completed,90121.8887856,90121.8909358,90121.8936527,4.86710001132451
4,581,completed,90121.8889666,90121.8910399,90121.8942149,5.248300003586337
2,582,completed,90121.9235025,90121.9254674,90121.9263347,2.8321999998297542
0,582,completed,90121.9237123,90121.9257395,90121.9268559,3.1435999990208074
4,582,completed,90121.9235752,90121.9257331,90121.9273158,3.740600004675798
1,582,completed,90121.9234985,90121.9257947,90121.927755,4.256500003975816
3,582,completed,90121.923518,90121.9257535,90121.9281754,4.65740000072401
5,582,completed,90121.9236382,90121.9258046,90121.9286472,5.009000000427477
5,583,completed,90121.9583217,90121.9601433,90121.9610763,2.754599991021678
4,583,completed,90121.9584347,90121.9604155,90121.9615929,3.158199993777089
1,583,completed,90121.9583501,90121.9605148,90121.9620804,3.7302999990060925
2,583,completed,90121.9585845,90121.9605491,90121.9625347,3.9501999999629334
3,583,completed,90121.9583377,90121.960503,90121.9630032,4.6655000041937456
0,583,completed,90121.9585369,90121.9605475,90121.9635061,4.969200002960861
4,584,completed,90121.9862779,90121.9885072,90121.9892058,2.9279000009410083
1,584,completed,90121.986142,90121.9884907,90121.9897824,3.6404000129550695
2,584,completed,90121.9862036,90121.9884683,90121.9902707,4.067100002430379
0,584,completed,90121.9862206,90121.9885008,90121.9907582,4.537600005278364
3,584,completed,90121.9861428,90121.9885633,90121.9912496,5.106800002977252
5,584,completed,90121.9863294,90121.9885675,90121.9917782,5.448800002341159
2,585,completed,90122.0207001,90122.0226,90122.0234264,2.726300008362159
1,585,completed,90122.0207941,90122.0227721,90122.0240437,3.249600005801767
0,585,completed,90122.0207114,90122.0228271,90122.0245404,3.8290000084089115
5,585,completed,90122.0208329,90122.0228489,90122.0250946,4.261699999915436
3,585,completed,90122.0206837,90122.0228131,90122.0256977,5.013999994844198
4,585,completed,90122.0209335,90122.0228583,90122.0262841,5.350599996745586
4,586,completed,90122.0554366,90122.057378,90122.0582447,2.808100005495362
2,586,completed,90122.0554565,90122.0575406,90122.0589136,3.4570999996503815
5,586,completed,90122.0554302,90122.0575688,90122.0594187,3.988500000559725
0,586,completed,90122.0555284,90122.0577118,90122.0599138,4.385399995953776
1,586,completed,90122.0556015,90122.0576789,90122.0603585,4.757000002427958
3,586,completed,90122.0556368,90122.0577595,90122.0608424,5.205599998589605
0,587,completed,90122.0901786,90122.092153,90122.0928328,2.6541999977780506
2,587,completed,90122.0900822,90122.0920654,90122.0933637,3.2815000013215467
1,587,completed,90122.0903282,90122.0923274,90122.0938705,3.5422999935690314
5,587,completed,90122.0902276,90122.0923469,90122.0943518,4.124200000660494
3,587,completed,90122.0900822,90122.0923244,90122.0948484,4.766199999721721
4,587,completed,90122.0901251,90122.0922433,90122.0953194,5.194299999857321
1,588,completed,90122.1178678,90122.119659,90122.1204592,2.5913999998010695
2,588,completed,90122.1178869,90122.119914,90122.1210151,3.1281999981729314
4,588,completed,90122.117897,90122.1199145,90122.1214857,3.5886999976355582
3,588,completed,90122.1179702,90122.1199642,90122.1226579,4.687700013164431
5,588,completed,90122.1180715,90122.1199958,90122.1231488,5.077300011180341
0,588,completed,90122.1180144,90122.1201006,90122.1236529,5.638500006170943
1,589,completed,90122.1525862,90122.1544436,90122.1552285,2.642300009028986
4,589,completed,90122.152668,90122.1546418,90122.1557751,3.1070999975781888
0,589,completed,90122.152792,90122.1547212,90122.1563079,3.515900010825135
5,589,completed,90122.1527255,90122.1546862,90122.1567983,4.072800002177246
2,589,completed,90122.1526173,90122.1547562,90122.1572754,4.65809999150224
3,589,completed,90122.1526074,90122.1547524,90122.1577506,5.143200003658421
1,590,completed,90122.1873901,90122.1896044,90122.1903613,2.971199995954521
5,590,completed,90122.1873716,90122.1895213,90122.1909421,3.570500004570931
4,590,completed,90122.1874303,90122.1897603,90122.1915269,4.096600008779205
2,590,completed,90122.1875347,90122.1897987,90122.1922311,4.696399992099032
3,590,completed,90122.1874908,90122.1897969,90122.1927796,5.288799991831183
0,590,completed,90122.1876099,90122.1898645,90122.1933868,5.776900012278929
0,591,completed,90122.2221412,90122.2240959,90122.2248881,2.74689999059774
3,591,completed,90122.2222161,90122.2242598,90122.2254078,3.191700001480058
2,591,completed,90122.2222033,90122.2242825,90122.2259523,3.7489999958779663
5,591,completed,90122.2222759,90122.2243547,90122.2264515,4.175599999143742
4,591,completed,90122.2223713,90122.2243772,90122.2271588,4.787500001839362
1,591,completed,90122.2223502,90122.224381,90122.2277208,5.3706000035163015
0,592,completed,90122.249871,90122.2505742,90122.2511795,1.3084999955026433
3,592,completed,90122.2499205,90122.2506444,90122.2517165,1.795999996829778
1,592,completed,90122.2568161,90122.2581102,90122.2587657,1.9496000022627413
5,592,completed,90122.2568809,90122.2582173,90122.2593119,2.431000000797212
4,592,completed,90122.2567632,90122.2581961,90122.2597871,3.0239000043366104
2,592,completed,90122.2567784,90122.2582255,90122.2602266,3.4482000046409667
1,593,completed,90122.2845374,90122.28653,90122.2872138,2.6763999921968207
5,593,completed,90122.2845651,90122.2864123,90122.2878087,3.2436000037705526
2,593,completed,90122.2846904,90122.2865769,90122.2883371,3.646700002718717
0,593,completed,90122.2846134,90122.2866523,90122.2888167,4.203300006338395
3,593,completed,90122.2845904,90122.2867346,90122.2892518,4.661400002078153
4,593,completed,90122.2847637,90122.2867403,90122.2896697,4.906000001938082
3,594,completed,90122.3193605,90122.3211418,90122.3219832,2.6227000053040683
5,594,completed,90122.3194635,90122.3213501,90122.3225494,3.085900010773912
0,594,completed,90122.3195903,90122.3214809,90122.3230485,3.458199993474409
4,594,completed,90122.3193887,90122.3214778,90122.3235099,4.121200006920844
2,594,completed,90122.3195504,90122.3214564,90122.3239717,4.421299992827699
1,594,completed,90122.3194027,90122.321514,90122.3244359,5.033199995523319
5,595,completed,90122.354061,90122.3559608,90122.3568835,2.8224999987287447
1,595,completed,90122.354071,90122.3561818,90122.3574146,3.3436000085202977
3,595,completed,90122.3541854,90122.356168,90122.357917,3.7315999943530187
0,595,completed,90122.3541284,90122.3562888,90122.3584575,4.329100003815256
4,595,completed,90122.3542531,90122.3563817,90122.3589507,4.697600001236424
2,595,completed,90122.3543452,90122.3563891,90122.3594319,5.0866999954450876
5,596,completed,90122.3888342,90122.3906843,90122.3915364,2.7021999994758517
1,596,completed,90122.3888486,90122.3908669,90122.3921142,3.265599996666424
4,596,completed,90122.3888775,90122.3909234,90122.3926531,3.775600009248592
0,596,completed,90122.3889494,90122.3909903,90122.3931596,4.2102000006707385
2,596,completed,90122.389031,90122.3910317,90122.393652,4.621000000042841
3,596,completed,90122.38909,90122.3910225,90122.3941508,5.0608000019565225
5,597,completed,90122.416393,90122.4168749,90122.4175715,1.1784999951487407
1,597,completed,90122.4234607,90122.4250107,90122.4257904,2.329700000700541
3,597,completed,90122.4234943,90122.4250457,90122.4263258,2.831499994499609
2,597,completed,90122.4235264,90122.4251325,90122.4267985,3.272100002504885
4,597,completed,90122.4235942,90122.4252536,90122.4272726,3.678400011267513
0,597,completed,90122.4236205,90122.4252908,90122.427913,4.292500001611188
1,598,completed,90122.4512284,90122.4527785,90122.4535292,2.300799998920411
4,598,completed,90122.4512233,90122.4528791,90122.4540316,2.8083000070182607
2,598,completed,90122.4513159,90122.4529546,90122.4544913,3.1753999937791377
5,598,completed,90122.4513008,90122.4530559,90122.4549675,3.6666999949375167
3,598,completed,90122.4514136,90122.4530854,90122.4554697,4.0560999914305285
0,598,completed,90122.4650584,90122.4655714,90122.4664247,1.3662999990629032
2,599,completed,90122.4858975,90122.4877113,90122.4885313,2.6338000025134534
0,599,completed,90122.4858769,90122.4876447,90122.4890514,3.174500001478009
3,599,completed,90122.4860974,90122.4880541,90122.4895337,3.436300001339987
1,599,completed,90122.4861604,90122.4880672,90122.4900217,3.8612999924225733
4,599,completed,90122.4859768,90122.4881184,90122.490531,4.554200000711717
5,599,completed,90122.485948,90122.4880787,90122.4909937,5.045700003392994
1,600,completed,90122.5205856,90122.5223167,90122.5232714,2.6858000055653974
4,600,completed,90122.5207708,90122.522709,90122.5237957,3.024900011951104
5,600,completed,90122.5206262,90122.5226889,90122.5242678,3.6416000075405464
2,600,completed,90122.5206582,90122.5227433,90122.5247744,4.116199997952208
0,600,completed,90122.5207136,90122.5227984,90122.5252575,4.543900009593926
3,600,completed,90122.5208104,90122.522843,90122.525703,4.892600001767278
1,601,completed,90122.55541,90122.5570985,90122.5579492,2.5391999952262267
5,601,completed,90122.5553863,90122.5573725,90122.5584766,3.090300000621937
2,601,completed,90122.5555618,90122.557438,90122.5589494,3.3875999943120405
0,601,completed,90122.5554981,90122.5574302,90122.5594098,3.911699997843243
4,601,completed,90122.5554405,90122.5574895,90122.559906,4.465499994694255
3,601,completed,90122.5556351,90122.5575441,90122.5604117,4.776600006152876
1,602,completed,90122.5831264,90122.5835383,90122.5841481,1.021699994453229
0,602,completed,90122.5901202,90122.5918231,90122.5925189,2.398700002231635
2,602,completed,90122.5902077,90122.5919121,90122.5929959,2.788199999486096
4,602,completed,90122.5902334,90122.5920115,90122.5934849,3.2515000057173893
5,602,completed,90122.5901456,90122.5920014,90122.5940072,3.8615999947069213
3,602,completed,90122.5900914,90122.5919887,90122.5945372,4.445800004759803
1,603,completed,90122.6179529,90122.6184999,90122.6193077,1.354800013359636
3,603,completed,90122.6334732,90122.6351351,90122.6359326,2.4593999987700954
2,603,completed,90122.6334868,90122.6351248,90122.636453,2.9662000015378
4,603,completed,90122.633401,90122.6352903,90122.6369706,3.569599997717887
5,603,completed,90122.6334013,90122.6352738,90122.6374817,4.080400001839735
0,603,completed,90122.6335379,90122.6352675,90122.6380199,4.482000003918074
0,604,completed,90122.652659,90122.6544917,90122.6555132,2.854200007277541
5,604,completed,90122.6526384,90122.6545176,90122.6560582,3.419799992116168
2,604,completed,90122.652749,90122.6549007,90122.6565775,3.828500004601665
1,604,completed,90122.6528743,90122.6549076,90122.6571295,4.25520000862889
3,604,completed,90122.6527484,90122.6548858,90122.6577059,4.95750000118278
4,604,completed,90122.6527856,90122.6549191,90122.6582454,5.459799998789094
4,605,completed,90122.6872546,90122.6892083,90122.6899544,2.699800010304898
2,605,completed,90122.6872994,90122.6893106,90122.6904804,3.180999992764555
1,605,completed,90122.6873195,90122.6893471,90122.6909796,3.6601000028895214
3,605,completed,90122.6872389,90122.6893512,90122.6914758,4.236900000250898
5,605,completed,90122.6874498,90122.6894085,90122.6920279,4.5781000080751255
0,605,completed,90122.6873863,90122.6894822,90122.6926384,5.252100003417581
3,606,completed,90122.7221491,90122.7240033,90122.7248644,2.7153000119142234
1,606,completed,90122.7221929,90122.7241023,90122.7253905,3.197600002749823
0,606,completed,90122.7222933,90122.7242561,90122.7260464,3.7530999979935586
2,606,completed,90122.7223402,90122.7242745,90122.726512,4.171799999312498
5,606,completed,90122.7221831,90122.7242446,90122.7269856,4.802499999641441
4,606,completed,90122.7223756,90122.7244257,90122.7274892,5.113599996548146
5,607,completed,90122.7637653,90122.7655953,90122.7664261,2.660800004377961
1,607,completed,90122.7637455,90122.7657461,90122.7669655,3.220000013243407
4,607,completed,90122.763853,90122.7658713,90122.7674614,3.6084000021219254
0,607,completed,90122.7639329,90122.7659183,90122.7680682,4.135300012421794
3,607,completed,90122.7637969,90122.7659644,90122.7685777,4.780799994478002
2,607,completed,90122.7638168,90122.76599,90122.7690373,5.2204999956302345
0,608,completed,90122.7845261,90122.786526,90122.7872665,2.740399999311194
2,608,completed,90122.7845896,90122.7866914,90122.7878035,3.213899995898828
5,608,completed,90122.7846965,90122.7866705,90122.7883321,3.6355999909574166
4,608,completed,90122.784526,90122.7867062,90122.7887898,4.263800001353957
3,608,completed,90122.7847505,90122.786681,90122.789262,4.5115000102669
1,608,completed,90122.7846055,90122.7867167,90122.7897024,5.096900000353344
4,609,completed,90122.8193194,90122.8211448,90122.8220336,2.7141999889863655
1,609,completed,90122.8193152,90122.8211959,90122.8225449,3.2296999997925013
2,609,completed,90122.8193731,90122.8215253,90122.8230282,3.655099993920885
5,609,completed,90122.8194198,90122.821523,90122.8234915,4.071700008353218
0,609,completed,90122.8195495,90122.8215831,90122.8239443,4.394800009322353
3,609,completed,90122.819453,90122.8215823,90122.8244051,4.952099989168346
4,610,completed,90122.8539403,90122.8556607,90122.856523,2.582699991762638
0,610,completed,90122.8539679,90122.8557897,90122.8570884,3.1204999977489933
3,610,completed,90122.8539999,90122.8558297,90122.8576036,3.603699995437637
1,610,completed,90122.8542014,90122.8560094,90122.8581333,3.931900006136857
5,610,completed,90122.8541329,90122.8560861,90122.8586325,4.49960000696592
2,610,completed,90122.8540494,90122.8560781,90122.8590736,5.0241999997524545
3,611,completed,90122.8817721,90122.882544,90122.8831311,1.3590000016847625
0,611,completed,90122.8817705,90122.8825446,90122.8836628,1.892300002509728
4,611,completed,90122.8888301,90122.8900188,90122.8907657,1.9355999975232407
1,611,completed,90122.8887718,90122.8899767,90122.8913472,2.5753999943844974
2,611,completed,90122.8888851,90122.890229,90122.8918798,2.9947000002721325
5,611,completed,90122.8887972,90122.890224,90122.8924379,3.6407000006875023
5,612,completed,90122.9234787,90122.925531,90122.9262733,2.794600004563108
0,612,completed,90122.9236311,90122.9256926,90122.9268274,3.196300007402897
1,612,completed,90122.9235592,90122.9257056,90122.9274264,3.8671999936923385
3,612,completed,90122.9237163,90122.92574,90122.9279646,4.248299999744631
4,612,completed,90122.9234896,90122.925717,90122.9284722,4.982600003131665
2,612,completed,90122.923479,90122.9257878,90122.9290179,5.53889998991508
4,613,completed,90122.9512025,90122.9532273,90122.9540508,2.8483000060077757
3,613,completed,90122.9513549,90122.95343,90122.9546446,3.2897000055527315
1,613,completed,90122.9512183,90122.9534478,90122.9551702,3.951899998355657
5,613,completed,90122.951332,90122.953449,90122.9556872,4.35519999882672
2,613,completed,90122.9512184,90122.9534529,90122.9562261,5.007699990528636
0,613,completed,90122.9514456,90122.9534749,90122.9568002,5.354599998099729
0,614,completed,90122.9929706,90122.9949148,90122.9957312,2.7606000076048076
3,614,completed,90122.9930225,90122.995029,90122.9963107,3.2881999941309914
5,614,completed,90122.9929569,90122.9950411,90122.9968106,3.853700007312
2,614,completed,90122.9929483,90122.9950468,90122.9973656,4.417299991473556
1,614,completed,90122.9931155,90122.9951492,90122.9979331,4.817600012756884
4,614,completed,90122.9931842,90122.9951967,90122.9984639,5.279700009850785
5,615,completed,90123.0208713,90123.0230611,90123.0238401,2.968799992231652
1,615,completed,90123.0207512,90123.023052,90123.0245142,3.763000000617467
4,615,completed,90123.0207511,90123.0230622,90123.0250735,4.322399996453896
0,615,completed,90123.0208253,90123.0229711,90123.0255823,4.757000002427958
2,615,completed,90123.0209341,90123.0231308,90123.0261838,5.2496999996947125
3,615,completed,90123.02103,90123.0231533,90123.026857,5.827000000863336
5,616,completed,90123.0553696,90123.0572978,90123.0580939,2.7243000076850876
0,616,completed,90123.0553916,90123.0574416,90123.0586422,3.2505999988643453
3,616,completed,90123.0554008,90123.0574567,90123.0591183,3.717500003403984
2,616,completed,90123.0555562,90123.0575436,90123.0596005,4.044300003442913
4,616,completed,90123.0556612,90123.0575568,90123.0600667,4.40550000348594
1,616,completed,90123.0554779,90123.0576259,90123.0605225,5.044600009568967
1,617,completed,90123.0900245,90123.0920197,90123.0927675,2.7430000045569614
0,617,completed,90123.0900467,90123.0921188,90123.0932753,3.2285999914165586
4,617,completed,90123.0901457,90123.0920332,90123.0937347,3.5889999999199063
5,617,completed,90123.0900626,90123.0921524,90123.0942035,4.140900011407211
3,617,completed,90123.0902339,90123.0921941,90123.0946931,4.459200004930608
2,617,completed,90123.0903794,90123.0922877,90123.0951854,4.805999997188337
3,618,completed,90123.1180574,90123.1201875,90123.121241,3.1835999980103225
0,618,completed,90123.1180697,90123.1203676,90123.1219108,3.8410999986808747
5,618,completed,90123.1180915,90123.1203941,90123.122513,4.421499994350597
4,618,completed,90123.1182275,90123.1204588,90123.1231003,4.872799996519461
2,618,completed,90123.1181339,90123.1205335,90123.1236673,5.5333999916911125
1,618,completed,90123.1181449,90123.1205353,90123.1242159,6.070999996154569
2,619,completed,90123.153009,90123.1550485,90123.1558984,2.889399998821318
1,619,completed,90123.1531703,90123.1552652,90123.1564235,3.253200004110113
3,619,completed,90123.1529674,90123.1552829,90123.1569485,3.981100002420135
0,619,completed,90123.1529617,90123.1552949,90123.1574804,4.518699992331676
4,619,completed,90123.1531018,90123.1553772,90123.1580306,4.928800000925548
5,619,completed,90123.1530575,90123.1553805,90123.1585422,5.484699999215081
5,620,completed,90123.1874625,90123.1896025,90123.1905543,3.091799997491762
1,620,completed,90123.1875437,90123.18975,90123.1913207,3.7770000053569674
3,620,completed,90123.187457,90123.1896128,90123.1920203,4.56329999724403
0,620,completed,90123.1875228,90123.1898608,90123.1926944,5.171600001631305
2,620,completed,90123.1876474,90123.1898826,90123.1932859,5.638499991619028
4,620,completed,90123.187699,90123.1899732,90123.1939276,6.2286000029416755
1,621,completed,90123.2221324,90123.2239517,90123.2248968,2.764400007436052
4,621,completed,90123.2221603,90123.2241753,90123.2255217,3.3613999985391274
2,621,completed,90123.2222371,90123.2242846,90123.2260708,3.8337000005412847
5,621,completed,90123.2221839,90123.224373,90123.2266376,4.45370000670664
3,621,completed,90123.2223014,90123.2244295,90123.227146,4.844600000069477
0,621,completed,90123.222341,90123.2244609,90123.2276777,5.336699992767535
0,622,completed,90123.2569828,90123.2593101,90123.2601608,3.1779999990249053
3,622,completed,90123.2570597,90123.2594145,90123.2608067,3.7469999952008948
4,622,completed,90123.2570927,90123.259424,90123.2613174,4.224699994665571
1,622,completed,90123.2571954,90123.2594773,90123.2618075,4.612100005033426
2,622,completed,90123.2570022,90123.2595152,90123.2623481,5.345900004613213
5,622,completed,90123.2570243,90123.2595509,90123.2628969,5.8726000133901834
1,623,completed,90123.2846944,90123.2866429,90123.2875202,2.8257999947527424
4,623,completed,90123.2846708,90123.2867625,90123.2880573,3.386500000488013
3,623,completed,90123.2847289,90123.2869135,90123.2886041,3.8751999964006245
2,623,completed,90123.2848499,90123.2869984,90123.2891264,4.276500010746531
0,623,completed,90123.2849103,90123.2869255,90123.2896495,4.739199997857213
5,623,completed,90123.284762,90123.2870005,90123.2901639,5.4019000090193
3,624,completed,90123.3193216,90123.3213573,90123.3220531,2.7314999897498637
2,624,completed,90123.3192746,90123.3213525,90123.3225718,3.297200004453771
5,624,completed,90123.3192932,90123.3213437,90123.3230715,3.7783000007038936
0,624,completed,90123.3192376,90123.3214084,90123.3235912,4.353600001195446
4,624,completed,90123.3194477,90123.3214688,90123.3241365,4.688799992436543
1,624,completed,90123.3194082,90123.3215099,90123.3246617,5.253499999525957
3,625,completed,90123.3543755,90123.3563776,90123.357464,3.0885000014677644
2,625,completed,90123.3544167,90123.3566556,90123.3580501,3.6334000033093616
1,625,completed,90123.3545715,90123.3567876,90123.3586751,4.103600003872998
4,625,completed,90123.3544331,90123.3568884,90123.3592633,4.830199992284179
5,625,completed,90123.3545278,90123.3569068,90123.3598761,5.348300008336082
0,625,completed,90123.3543683,90123.3570178,90123.3604335,6.065199995646253
5,626,completed,90123.3889012,90123.3907682,90123.3915999,2.6987000019289553
2,626,completed,90123.3888882,90123.3907231,90123.3920971,3.2089000014821067
3,626,completed,90123.3889253,90123.391077,90123.3925767,3.6514000094030052
1,626,completed,90123.3889592,90123.3911087,90123.3930888,4.1295999981230125
0,626,completed,90123.3890383,90123.3910786,90123.3935762,4.537900007562712
4,626,completed,90123.389075,90123.391123,90123.3940278,4.952799994498491
1,627,completed,90123.4234501,90123.4253739,90123.4263479,2.8977999900234863
5,627,completed,90123.4234723,90123.4254499,90123.4268992,3.4269000025233254
3,627,completed,90123.4236873,90123.4257429,90123.4274717,3.7843999889446422
0,627,completed,90123.4236468,90123.4257278,90123.4279803,4.333499993663281
4,627,completed,90123.4235372,90123.4257853,90123.4285363,4.999099997803569
2,627,completed,90123.4235178,90123.4258131,90123.4290598,5.541999998968095
2,628,completed,90123.4513231,90123.4533716,90123.4540833,2.7602000045590103
1,628,completed,90123.4513483,90123.4533763,90123.454641,3.292699999292381
4,628,completed,90123.4513475,90123.4533677,90123.4551583,3.8108000007923692
5,628,completed,90123.4515235,90123.4535038,90123.4556324,4.108900000574067
3,628,completed,90123.4513977,90123.4534888,90123.4561223,4.724600003100932
0,628,completed,90123.4514509,90123.4535234,90123.456707,5.256100004771724
1,629,completed,90123.4861092,90123.4880563,90123.4886425,2.5332999939564615
2,629,completed,90123.4860421,90123.4880502,90123.489212,3.16989999555517
3,629,completed,90123.4859467,90123.4878433,90123.4897477,3.8009999989299104
4,629,completed,90123.4859963,90123.4880077,90123.4902615,4.265199997462332
0,629,completed,90123.485965,90123.4880286,90123.4908251,4.860100001678802
5,629,completed,90123.4861734,90123.4881316,90123.4913882,5.214799995883368
5,630,completed,90123.5207611,90123.5225299,90123.5234055,2.644400010467507
4,630,completed,90123.5207597,90123.5226303,90123.5239756,3.2158999965758994
2,630,completed,90123.5208227,90123.5227572,90123.524471,3.648300000349991
1,630,completed,90123.520883,90123.5227703,90123.5249863,4.10330000158865
0,630,completed,90123.5210451,90123.5229632,90123.5254776,4.432499990798533
3,630,completed,90123.5209657,90123.5229469,90123.5259511,4.9854000099003315
5,631,completed,90123.555631,90123.5574338,90123.5582582,2.627200010465458
1,631,completed,90123.5556313,90123.5576266,90123.5587782,3.146899995044805
3,631,completed,90123.5557838,90123.5576536,90123.5592332,3.4493999992264435
2,631,completed,90123.5556762,90123.5577119,90123.5596916,4.015400001662783
4,631,completed,90123.5557124,90123.5577388,90123.5601443,4.431900000781752
0,631,completed,90123.555874,90123.557786,90123.5605768,4.702799997176044
2,632,completed,90123.5901906,90123.5922943,90123.5929311,2.740500000072643
1,632,completed,90123.5902684,90123.5923208,90123.5934508,3.1824000034248456
3,632,completed,90123.5902072,90123.5922522,90123.5939222,3.714999998919666
4,632,completed,90123.5901842,90123.5922623,90123.5944705,4.286299998057075
0,632,completed,90123.590431,90123.5924272,90123.5949864,4.5553999952971935
5,632,completed,90123.5903499,90123.5924161,90123.5954978,5.1478999957907945
2,633,completed,90123.6181149,90123.6200196,90123.620705,2.590099989902228
1,633,completed,90123.6180094,90123.620018,90123.6212783,3.2688999926904216
5,633,completed,90123.6180232,90123.6200959,90123.6217664,3.7431999953696504
3,633,completed,90123.6182099,90123.6201348,90123.6222799,4.06999999540858
4,633,completed,90123.6180376,90123.6201404,90123.622766,4.728400002932176
0,633,completed,90123.6181703,90123.6202115,90123.623214,5.043700002715923
1,634,completed,90123.6525852,90123.6546215,90123.6554152,2.829999997629784
2,634,completed,90123.6527958,90123.6547626,90123.6559183,3.12250001297798
3,634,completed,90123.6527809,90123.6547722,90123.6564266,3.6457000096561387
0,634,completed,90123.6526415,90123.654774,90123.656929,4.287500007194467
5,634,completed,90123.6525981,90123.6546286,90123.6574506,4.852500002016313
4,634,completed,90123.6526739,90123.6548275,90123.6579925,5.318600000464357
4,635,completed,90123.6873164,90123.6891148,90123.6898669,2.5504999939585105
1,635,completed,90123.6872997,90123.6890904,90123.6904005,3.1007999932626262
5,635,completed,90123.687388,90123.6892789,90123.6909132,3.525199994328432
0,635,completed,90123.6872863,90123.6892687,90123.6914047,4.118400000152178
3,635,completed,90123.6875043,90123.6893791,90123.6919272,4.422899990458973
2,635,completed,90123.6875922,90123.6894352,90123.6923737,4.7814999998081475
4,636,completed,90123.7220935,90123.7240797,90123.7248852,2.7917000115849078
1,636,completed,90123.7221581,90123.7241761,90123.7254753,3.3171999966725707
3,636,completed,90123.7221346,90123.7242458,90123.7260158,3.881199998431839
0,636,completed,90123.7222581,90123.7242984,90123.7265784,4.3203000095672905
2,636,completed,90123.7221923,90123.7243312,90123.7270387,4.8463999992236495
5,636,completed,90123.7223493,90123.72439,90123.7274838,5.13449999561999
0,637,completed,90123.7498988,90123.7512557,90123.7519131,2.0143000001553446
3,637,completed,90123.7499226,90123.7513007,90123.7524249,2.5022999907378107
4,637,completed,90123.7499779,90123.7513732,90123.7529195,2.9415999888442457
1,637,completed,90123.7499977,90123.7514058,90123.7533583,3.360600006999448
5,637,completed,90123.7567646,90123.7573851,90123.7579733,1.208700006827712
2,637,completed,90123.7567856,90123.7574068,90123.7586002,1.8146000074921176
5,638,completed,90123.7845975,90123.7860084,90123.7866616,2.0641000010073185
2,638,completed,90123.7845553,90123.7861049,90123.7871707,2.6154000079259276
0,638,completed,90123.7846128,90123.7861089,90123.7876329,3.020100004505366
3,638,completed,90123.784555,90123.7861159,90123.7881033,3.548299995600246
1,638,completed,90123.79843,90123.7991532,90123.7998117,1.3816999999107793
4,638,completed,90123.798428,90123.799155,90123.8003928,1.9648000015877187
1,639,completed,90123.8193535,90123.8214937,90123.8221471,2.7935999969486147
2,639,completed,90123.8193646,90123.8215087,90123.8227393,3.3746999979484826
4,639,completed,90123.8193475,90123.8214033,90123.823325,3.977500004111789
3,639,completed,90123.8194353,90123.8215059,90123.8238893,4.453999994439073
0,639,completed,90123.8194748,90123.821462,90123.8244376,4.962799997883849
5,639,completed,90123.8196296,90123.8216096,90123.8250259,5.396300010033883
0,640,completed,90123.8609913,90123.8629005,90123.8635973,2.606000009109266
3,640,completed,90123.8609891,90123.8630127,90123.8641558,3.1667000002926216
5,640,completed,90123.8609161,90123.8630559,90123.8646455,3.7293999921530485
4,640,completed,90123.8611209,90123.8630887,90123.8651298,4.008900010376237
2,640,completed,90123.8609162,90123.8630614,90123.8656063,4.690099987783469
1,640,completed,90123.8610828,90123.863101,90123.8661007,5.017900009988807
1,641,completed,90123.8886583,90123.8902962,90123.8912769,2.618600003188476
0,641,completed,90123.8887868,90123.89068,90123.8918155,3.028699997230433
5,641,completed,90123.8887009,90123.890772,90123.8922675,3.5666000039782375
3,641,completed,90123.8887157,90123.8908073,90123.8927382,4.022499997518025
2,641,completed,90123.8888592,90123.8908243,90123.8932802,4.421000005095266
4,641,completed,90123.8888994,90123.8908331,90123.8937596,4.860200002440251
1,642,completed,90123.9234998,90123.9253053,90123.9263361,2.8363000019453466
3,642,completed,90123.9235537,90123.9255205,90123.9270303,3.4765999880619347
2,642,completed,90123.9235086,90123.9255346,90123.9277492,4.240599999320693
4,642,completed,90123.9235938,90123.925615,90123.9284601,4.866299990681
5,642,completed,90123.9234921,90123.9257219,90123.9289942,5.502100000740029
0,642,completed,90123.9240859,90123.9258006,90123.9295579,5.472000004374422
1,643,completed,90123.9513067,90123.95325,90123.9539352,2.628500005812384
3,643,completed,90123.9512759,90123.9531221,90123.9544887,3.212799987522885
0,643,completed,90123.9513171,90123.9534341,90123.9549821,3.6649999965447932
4,643,completed,90123.9514335,90123.9534363,90123.955471,4.037499995320104
5,643,completed,90123.9513696,90123.9534223,90123.9559392,4.5695999870076776
2,643,completed,90123.9515525,90123.9534582,90123.9564345,4.881999993813224
4,644,completed,90123.9862143,90123.9882332,90123.9889262,2.711900000576861
0,644,completed,90123.9862294,90123.9882193,90123.9894625,3.2330999965779483
5,644,completed,90123.9861637,90123.9883265,90123.989955,3.791299997828901
1,644,completed,90123.9863004,90123.9884141,90123.9904438,4.143399986787699
2,644,completed,90123.9861836,90123.9883059,90123.9909135,4.729899999802001
3,644,completed,90123.9863909,90123.9883548,90123.9914044,5.013500005588867
3,645,completed,90124.0206866,90124.0228751,90124.0235833,2.896700010751374
5,645,completed,90124.020734,90124.0228977,90124.0240722,3.338199996505864
0,645,completed,90124.0208153,90124.0229717,90124.0245865,3.7712000048486516
1,645,completed,90124.0206806,90124.0229746,90124.0250841,4.403499988256954
4,645,completed,90124.0207878,90124.0229646,90124.0255738,4.786000004969537
2,645,completed,90124.0206809,90124.0229978,90124.0260412,5.360300012398511
1,646,completed,90124.0553983,90124.0573476,90124.0580914,2.693100002943538
0,646,completed,90124.0553983,90124.0573324,90124.0586679,3.269599998020567
3,646,completed,90124.0555524,90124.0575217,90124.0592143,3.6619000020436943
2,646,completed,90124.0554641,90124.0574793,90124.0597362,4.272099991794676
5,646,completed,90124.0555184,90124.0575571,90124.0602413,4.722900004708208
4,646,completed,90124.0554411,90124.0575856,90124.0607119,5.270800000289455
1,647,completed,90124.0902553,90124.0921807,90124.0929042,2.6489000010769814
3,647,completed,90124.0902505,90124.0921998,90124.0934647,3.214199998183176
2,647,completed,90124.0903057,90124.0923276,90124.0939356,3.6299000057624653
5,647,completed,90124.0903582,90124.0923659,90124.0944057,4.047499998705462
0,647,completed,90124.0904509,90124.0924021,90124.0948883,4.43739999900572
4,647,completed,90124.0905076,90124.0924103,90124.0953136,4.805999997188337
5,648,completed,90124.1179038,90124.1199384,90124.1207731,2.869300005841069
1,648,completed,90124.1179207,90124.1201105,90124.1213458,3.4251000033691525
4,648,completed,90124.1178954,90124.1201605,90124.1219381,4.042699991259724
3,648,completed,90124.1180143,90124.1201425,90124.1225694,4.555100007564761
0,648,completed,90124.1181201,90124.1201786,90124.1231661,5.046000005677342
2,648,completed,90124.1180658,90124.120171,90124.1237845,5.718700005672872
1,649,completed,90124.1526705,90124.1543129,90124.1554694,2.798899993649684
5,649,completed,90124.1526981,90124.1543875,90124.156043,3.3448999893153086
0,649,completed,90124.1527435,90124.1547898,90124.1565884,3.844899998512119
2,649,completed,90124.1527757,90124.1548715,90124.1571147,4.339000006439164
3,649,completed,90124.1529439,90124.1548991,90124.1575449,4.600999993272126
4,649,completed,90124.1528907,90124.1549288,90124.1580031,5.112400001962669
0,650,completed,90124.1944152,90124.1963768,90124.1972771,2.8618999931495637
5,650,completed,90124.194464,90124.1965659,90124.1979176,3.453600002103485
2,650,completed,90124.1944112,90124.1965878,90124.1985294,4.118199998629279
4,650,completed,90124.1944795,90124.1966487,90124.1990403,4.560799992759712
3,650,completed,90124.1947091,90124.1967056,90124.199525,4.815899999812245
1,650,completed,90124.194601,90124.1966972,90124.2000003,5.399300003773533
5,651,completed,90124.2221023,90124.2239902,90124.2247624,2.660099999047816
0,651,completed,90124.2221147,90124.2239555,90124.2252403,3.125600007479079
4,651,completed,90124.2222094,90124.2241805,90124.2257312,3.521799997542985
3,651,completed,90124.2221564,90124.2242392,90124.2262152,4.058799997437745
2,651,completed,90124.2223786,90124.2242517,90124.2266704,4.291800010832958
1,651,completed,90124.2222567,90124.2242516,90124.2272136,4.956899996614084
0,652,completed,90124.2499715,90124.2508828,90124.2515523,1.5808000025572255
4,652,completed,90124.2500156,90124.2510506,90124.2521379,2.1222999930614606
5,652,completed,90124.2500047,90124.2510474,90124.2526709,2.6661999872885644
2,652,completed,90124.2568206,90124.2575628,90124.2582996,1.4789999986533076
3,652,completed,90124.2568622,90124.257857,90124.258878,2.0157999970251694
1,652,completed,90124.2568773,90124.2578926,90124.259442,2.5647000002209097
2,653,completed,90124.284739,90124.2866532,90124.2875001,2.7611000114120543
4,653,completed,90124.284867,90124.2869435,90124.2880848,3.217800011043437
5,653,completed,90124.2847924,90124.2869572,90124.2886407,3.8483000098494813
0,653,completed,90124.2847728,90124.2869423,90124.2891202,4.3473999976413324
1,653,completed,90124.2849807,90124.2869795,90124.2896515,4.670800000894815
3,653,completed,90124.2849076,90124.28701,90124.2901716,5.264000006718561
3,654,completed,90124.3193162,90124.321356,90124.3222594,2.943200001027435
4,654,completed,90124.3194149,90124.3215732,90124.3228752,3.46029999491293
5,654,completed,90124.3193501,90124.3215179,90124.3233977,4.047599999466911
2,654,completed,90124.3193389,90124.3216091,90124.3238881,4.5492000062949955
1,654,completed,90124.3195109,90124.3216475,90124.3243727,4.861800000071526
0,654,completed,90124.319336,90124.3216631,90124.3248948,5.558799995924346
3,655,completed,90124.3542718,90124.3561235,90124.3569125,2.640700011397712
4,655,completed,90124.3542172,90124.356138,90124.3575467,3.329500003019348
5,655,completed,90124.3542172,90124.3560996,90124.3581246,3.907399994204752
1,655,completed,90124.3544536,90124.3563312,90124.3587405,4.286900002625771
0,655,completed,90124.3543244,90124.3563868,90124.3593495,5.025099992053583
2,655,completed,90124.3544606,90124.3564288,90124.3599291,5.468499992275611
0,656,completed,90124.3888265,90124.3906852,90124.3915166,2.6900999946519732
2,656,completed,90124.3888712,90124.390791,90124.3921047,3.2334999996237457
1,656,completed,90124.3888287,90124.3909013,90124.3926586,3.8299000007100403
5,656,completed,90124.3889819,90124.3908953,90124.3932152,4.233300001942553
4,656,completed,90124.3889325,90124.3908798,90124.393742,4.8094999947352335
3,656,completed,90124.3891114,90124.3910434,90124.3942761,5.164700007298961
0,657,completed,90124.4164722,90124.4180558,90124.4188662,2.3939999955473468
4,657,completed,90124.4164995,90124.4181603,90124.4194703,2.9707999929087237
2,657,completed,90124.4166308,90124.4182981,90124.4200493,3.418499996769242
5,657,completed,90124.4165325,90124.4183304,90124.4206336,4.10109999938868
1,657,completed,90124.4165643,90124.4184014,90124.4211857,4.621400003088638
3,657,completed,90124.4303273,90124.4308331,90124.4314559,1.1286000080872327
4,658,completed,90124.4513344,90124.4531307,90124.4541005,2.7661000058287755
1,658,completed,90124.4513201,90124.4533854,90124.454733,3.41290001233574
5,658,completed,90124.4513891,90124.4533649,90124.4552427,3.8536000065505505
0,658,completed,90124.4514776,90124.4535562,90124.4557144,4.236799999489449
3,658,completed,90124.4515367,90124.4535877,90124.4562465,4.709800006821752
2,658,completed,90124.4514207,90124.4535982,90124.4568168,5.396099993959069
3,659,completed,90124.4928747,90124.4950283,90124.4957014,2.8267000016057864
5,659,completed,90124.4929827,90124.4950456,90124.4962935,3.310799991595559
2,659,completed,90124.4928582,90124.4950222,90124.4968141,3.9558999997098
1,659,completed,90124.4929332,90124.4950435,90124.4973296,4.396399992401712
0,659,completed,90124.4929023,90124.4950086,90124.4978067,4.904400004306808
4,659,completed,90124.4931635,90124.495087,90124.4983453,5.181800006539561
3,660,completed,90124.5206662,90124.5226329,90124.5233527,2.6864999963436276
4,660,completed,90124.5205949,90124.5226364,90124.5238982,3.3033000072464347
5,660,completed,90124.5206261,90124.5227028,90124.5244332,3.8071000017225742
1,660,completed,90124.520697,90124.5227261,90124.5249528,4.255799998645671
0,660,completed,90124.520814,90124.5227346,90124.5254719,4.657899989979342
2,660,completed,90124.5207871,90124.5228122,90124.5259572,5.17010000476148
0,661,completed,90124.5553828,90124.5571998,90124.5581112,2.72840000980068
2,661,completed,90124.5554026,90124.5575434,90124.5586543,3.2516999926883727
3,661,completed,90124.5554204,90124.5575594,90124.5591513,3.7309000035747886
1,661,completed,90124.5554865,90124.5575343,90124.559607,4.120500001590699
4,661,completed,90124.5556185,90124.557655,90124.5601026,4.48409999080468
5,661,completed,90124.555594,90124.5576536,90124.5605904,4.996399991796352
1,662,completed,90124.5900836,90124.5922166,90124.5929696,2.886000002035871
5,662,completed,90124.5901564,90124.5922965,90124.5935591,3.402700007427484
4,662,completed,90124.5900673,90124.5922301,90124.5940889,4.0216000052168965
2,662,completed,90124.5902016,90124.5923587,90124.5946417,4.440099990461022
3,662,completed,90124.5901237,90124.592417,90124.5951557,5.031999986385927
0,662,completed,90124.5902418,90124.592436,90124.5956607,5.418899992946535
5,663,completed,90124.6180388,90124.6199379,90124.6208066,2.7677999896695837
0,663,completed,90124.6180244,90124.6200393,90124.6213502,3.3258000039495528
2,663,completed,90124.6181001,90124.6201472,90124.6218924,3.792300005443394
3,663,completed,90124.6180563,90124.6202792,90124.6224002,4.343900000094436
4,663,completed,90124.6181703,90124.620274,90124.6229249,4.754599998705089
1,663,completed,90124.6182288,90124.620313,90124.6234345,5.205699999351054
1,664,completed,90124.6595506,90124.661379,90124.6623636,2.812999999150634
4,664,completed,90124.659567,90124.6616753,90124.6629675,3.4005000052275136
2,664,completed,90124.659657,90124.6617375,90124.6634835,3.8265000039245933
0,664,completed,90124.6596878,90124.6617371,90124.6639897,4.30190000042785
5,664,completed,90124.6596129,90124.6617635,90124.6644565,4.8436000070068985
3,664,completed,90124.6597301,90124.6618798,90124.6649443,5.214200005866587
0,665,completed,90124.6873946,90124.6892996,90124.690068,2.673399998457171
2,665,completed,90124.6874293,90124.6893368,90124.6906001,3.170800002408214
3,665,completed,90124.6874224,90124.6893516,90124.6910871,3.6646999942604452
1,665,completed,90124.6876363,90124.6895469,90124.6915512,3.9148999931057915
5,665,completed,90124.6875469,90124.6895917,90124.6920603,4.513400010182522
4,665,completed,90124.6874969,90124.6895856,90124.6925559,5.058999988250434
2,666,completed,90124.7217093,90124.7236998,90124.724525,2.8156999906059355
1,666,completed,90124.7217514,90124.7237469,90124.7250548,3.303400008007884
0,666,completed,90124.7218304,90124.7238779,90124.725557,3.7265999999362975
4,666,completed,90124.7218931,90124.7239442,90124.726084,4.190899999230169
5,666,completed,90124.7219444,90124.7240223,90124.7265973,4.652900010114536
3,666,completed,90124.7217862,90124.7240187,90124.7270792,5.29300000926014
5,667,completed,90124.7566823,90124.7587058,90124.7594545,2.7722000086214393
1,667,completed,90124.7567939,90124.7587976,90124.7599793,3.1853999971644953
3,667,completed,90124.7566916,90124.758701,90124.760455,3.763399989111349
0,667,completed,90124.7567439,90124.7588446,90124.760977,4.233100000419654
4,667,completed,90124.7568952,90124.758921,90124.7615041,4.608899995218962
2,667,completed,90124.756846,90124.7589433,90124.7620042,5.1582000014605
4,668,completed,90124.7846656,90124.7867065,90124.7874609,2.795299995341338
0,668,completed,90124.7846948,90124.7868042,90124.788016,3.321200012578629
1,668,completed,90124.7846366,90124.7868579,90124.7884829,3.8462999946204945
3,668,completed,90124.7848223,90124.7868671,90124.7889476,4.1252999944845214
5,668,completed,90124.7846361,90124.786851,90124.7894317,4.7956000053090975
2,668,completed,90124.7847588,90124.7869034,90124.7898998,5.141000001458451
0,669,completed,90124.8193848,90124.8212975,90124.8220771,2.6923000114038587
5,669,completed,90124.8193522,90124.8214147,90124.8226124,3.2602000137558207
3,669,completed,90124.8193351,90124.8213986,90124.823162,3.8269000069703907
2,669,completed,90124.8195309,90124.8214885,90124.8237215,4.190599996945821
1,669,completed,90124.8194262,90124.8215271,90124.8242761,4.849899996770546
4,669,completed,90124.8196388,90124.8215813,90124.8248275,5.188699986319989
3,670,completed,90124.8541218,90124.8561119,90124.8568573,2.7354999911040068
4,670,completed,90124.8541887,90124.8561691,90124.8573812,3.1924999930197373
2,670,completed,90124.854143,90124.8561862,90124.8578797,3.736699989531189
0,670,completed,90124.8541211,90124.8561286,90124.8583484,4.227299999911338
5,670,completed,90124.8543417,90124.8563717,90124.8588108,4.469099993002601
1,670,completed,90124.8544009,90124.8564075,90124.8593123,4.911399999400601
1,671,completed,90124.8888176,90124.8907037,90124.8915839,2.766299992799759
2,671,completed,90124.888884,90124.8908598,90124.8921899,3.305899997940287
0,671,completed,90124.8888648,90124.8908887,90124.8927417,3.876899994793348
5,671,completed,90124.8888274,90124.8909532,90124.8933101,4.482699994696304
4,671,completed,90124.8889595,90124.8910564,90124.893867,4.907500013359822
3,671,completed,90124.889058,90124.8910919,90124.8944535,5.3955000039422885
1,672,completed,90124.9234933,90124.9253491,90124.9261375,2.6442000089446083
5,672,completed,90124.9234338,90124.9254406,90124.9266708,3.2370000117225572
0,672,completed,90124.9235321,90124.9255808,90124.9271663,3.634199994849041
3,672,completed,90124.9237171,90124.9256183,90124.9276914,3.9742999942973256
2,672,completed,90124.9236039,90124.925622,90124.9282279,4.624000008334406
4,672,completed,90124.9234354,90124.9256447,90124.9287709,5.335500012733974
0,673,completed,90124.9512845,90124.9532393,90124.954039,2.7545000048121437
4,673,completed,90124.9514155,90124.9534164,90124.954581,3.1654999911552295
1,673,completed,90124.9512966,90124.9534073,90124.9551352,3.8385999941965565
3,673,completed,90124.9513384,90124.9533939,90124.9556458,4.307399998651817
2,673,completed,90124.9514944,90124.9534589,90124.9561721,4.677700009779073
5,673,completed,90124.9516033,90124.953549,90124.9567474,5.144100010511465
3,674,completed,90124.9859243,90124.9877747,90124.988559,2.6347000093664974
5,674,completed,90124.9858967,90124.9879086,90124.9890576,3.1608999997843057
4,674,completed,90124.9858967,90124.9879118,90124.9895418,3.6450999905355275
1,674,completed,90124.986077,90124.9879952,90124.9901865,4.109500005142763
2,674,completed,90124.985997,90124.9880696,90124.9906586,4.661600003601052
0,674,completed,90124.9861031,90124.9881068,90124.9911245,5.021399992983788
0,675,completed,90125.0206631,90125.0226159,90125.0233243,2.6611999928718433
1,675,completed,90125.0207156,90125.0226801,90125.0240493,3.3337000058963895
2,675,completed,90125.0206635,90125.0226393,90125.0245059,3.842399994027801
4,675,completed,90125.0207367,90125.0227107,90125.0249725,4.235800006426871
5,675,completed,90125.0209354,90125.0228806,90125.0254794,4.544000010355376
3,675,completed,90125.0208328,90125.0228695,90125.0260084,5.175600002985448
4,676,completed,90125.0554202,90125.0572774,90125.0581826,2.7623999922070652
5,676,completed,90125.0554566,90125.0574078,90125.0587812,3.3245999948121607
3,676,completed,90125.0555239,90125.0574697,90125.0592526,3.7287000013748184
2,676,completed,90125.0556097,90125.0575533,90125.0597022,4.092500006663613
1,676,completed,90125.0554654,90125.0575825,90125.0602709,4.8054999933810905
0,676,completed,90125.0556782,90125.0576378,90125.0607518,5.073599997558631
3,677,completed,90125.0901087,90125.091838,90125.0927377,2.629000009619631
2,677,completed,90125.0901303,90125.0920727,90125.0932636,3.133300007903017
0,677,completed,90125.0903075,90125.0921753,90125.0937325,3.425000002607703
4,677,completed,90125.0901992,90125.092277,90125.0942216,4.022399996756576
1,677,completed,90125.0902888,90125.092284,90125.0949085,4.619700004695915
5,677,completed,90125.0901711,90125.0922768,90125.0954716,5.3004999936092645
1,678,completed,90125.1179426,90125.1195264,90125.1202689,2.326300003915094
0,678,completed,90125.1179829,90125.1196227,90125.1207526,2.769700004137121
5,678,completed,90125.1179239,90125.1197275,90125.1212131,3.2892000017454848
4,678,completed,90125.1180855,90125.1197312,90125.1217069,3.6213999992469326
2,678,completed,90125.1180078,90125.1198053,90125.1221952,4.187400001683272
3,678,completed,90125.1248587,90125.1252483,90125.1258052,0.9465000039199367
3,679,completed,90125.1525188,90125.1543609,90125.1552902,2.7714000025298446
5,679,completed,90125.1525913,90125.1546006,90125.1559195,3.3282000076724216
4,679,completed,90125.1525219,90125.1546411,90125.1564982,3.976299994974397
1,679,completed,90125.1527534,90125.1546977,90125.1570378,4.284399998141453
2,679,completed,90125.1526119,90125.1547951,90125.1574711,4.859199994825758
0,679,completed,90125.1526689,90125.1548151,90125.157989,5.320099997334182
1,680,completed,90125.1873211,90125.1893793,90125.1901506,2.8294999938225374
4,680,completed,90125.1873347,90125.1894327,90125.1906924,3.3577000140212476
3,680,completed,90125.1873822,90125.1893721,90125.1912039,3.8216999964788556
0,680,completed,90125.1875024,90125.1895932,90125.1917309,4.228499994496815
5,680,completed,90125.1874195,90125.1896086,90125.192269,4.849500008276664
2,680,completed,90125.1875343,90125.1896512,90125.1927812,5.2469000074779615
4,681,completed,90125.2220739,90125.2238965,90125.2247664,2.692499998374842
5,681,completed,90125.2220528,90125.2238223,90125.2253023,3.2494999904884025
2,681,completed,90125.222114,90125.224039,90125.2258356,3.721599990967661
0,681,completed,90125.2221934,90125.2242579,90125.2263325,4.139099997701123
3,681,completed,90125.222241,90125.2242843,90125.2268332,4.59219999902416
1,681,completed,90125.2224579,90125.2243238,90125.2273627,4.90479999280069
4,682,completed,90125.2568868,90125.2588185,90125.2596101,2.7233000000705943
3,682,completed,90125.256988,90125.2589739,90125.2601841,3.196100005879998
5,682,completed,90125.2568754,90125.2590167,90125.260663,3.787599998759106
2,682,completed,90125.2568988,90125.2590869,90125.2611443,4.24550000752788
0,682,completed,90125.257063,90125.2591598,90125.261698,4.635000004782341
1,682,completed,90125.2570254,90125.2591393,90125.2621931,5.167700001038611
0,683,completed,90125.2846083,90125.2863021,90125.2872427,2.634399992530234
3,683,completed,90125.2846381,90125.2865088,90125.2877991,3.161000000545755
4,683,completed,90125.284657,90125.2865242,90125.2883424,3.6854000063613057
1,683,completed,90125.2848624,90125.2865829,90125.2889203,4.057899990584701
2,683,completed,90125.2847553,90125.286767,90125.2894997,4.744399993796833
5,683,completed,90125.2847265,90125.2867842,90125.2900358,5.309300002409145
5,684,completed,90125.3194234,90125.3215123,90125.3221231,2.6997000095434487
4,684,completed,90125.3193341,90125.3214893,90125.3226537,3.3196000003954396
2,684,completed,90125.3194787,90125.3214909,90125.3231239,3.645200005848892
1,684,completed,90125.3193342,90125.3214654,90125.323656,4.3217999918852
0,684,completed,90125.3193912,90125.3215252,90125.3241766,4.785400000400841
3,684,completed,90125.319587,90125.3216243,90125.324668,5.080999995698221
2,685,completed,90125.3606613,90125.362732,90125.3635506,2.889299998059869
3,685,completed,90125.3607246,90125.3627069,90125.3642138,3.48919999669306
0,685,completed,90125.3608188,90125.3628083,90125.3647454,3.9265999948838726
4,685,completed,90125.3606617,90125.3626174,90125.3652854,4.6236999914981425
1,685,completed,90125.3606739,90125.3628736,90125.3658466,5.172700010007247
5,685,completed,90125.3610382,90125.3629725,90125.3663464,5.3081999940332025
2,686,completed,90125.3886928,90125.3904025,90125.391351,2.6581999991321936
5,686,completed,90125.3887145,90125.3905558,90125.3919779,3.263399994466454
4,686,completed,90125.3887797,90125.3907172,90125.3925523,3.772600000957027
0,686,completed,90125.3889809,90125.3908035,90125.3930989,4.117999997106381
3,686,completed,90125.3888388,90125.3908586,90125.3937026,4.863800000748597
1,686,completed,90125.3890278,90125.3909265,90125.3942421,5.214299992076121
4,687,completed,90125.4236086,90125.4256605,90125.4265929,2.9842999938409775
3,687,completed,90125.423655,90125.4258329,90125.4272382,3.5831999994115904
2,687,completed,90125.4236138,90125.4258588,90125.4277799,4.166099999565631
0,687,completed,90125.4237383,90125.4259841,90125.4283538,4.615500001818873
1,687,completed,90125.4238138,90125.425964,90125.4289194,5.105600008391775
5,687,completed,90125.4236945,90125.4260034,90125.429499,5.804500004160218
0,688,completed,90125.4513435,90125.4536585,90125.4543285,2.984999999171123
5,688,completed,90125.4513331,90125.4536695,90125.4548677,3.5345999931450933
2,688,completed,90125.4514534,90125.4536992,90125.4553656,3.91220000165049
4,688,completed,90125.4515167,90125.4536822,90125.4558586,4.341899999417365
1,688,completed,90125.4514116,90125.4537578,90125.4563369,4.925299988826737
3,688,completed,90125.4513391,90125.4537686,90125.4568231,5.484000008436851
2,689,completed,90125.4860003,90125.4882583,90125.4891142,3.113899991149083
1,689,completed,90125.486013,90125.4881888,90125.489819,3.8059999933466315
3,689,completed,90125.4860749,90125.4883295,90125.4903752,4.30029998824466
4,689,completed,90125.4860152,90125.488331,90125.4909465,4.931299990857951
0,689,completed,90125.4862963,90125.488393,90125.4915572,5.260899997665547
5,689,completed,90125.4862345,90125.4884632,90125.4921116,5.877100003999658
0,690,completed,90125.527897,90125.5301894,90125.5309781,3.081099988776259
4,690,completed,90125.5278798,90125.530139,90125.5317932,3.9133999962359667
5,690,completed,90125.5278682,90125.5301615,90125.5325874,4.719199991086498
1,690,completed,90125.5280994,90125.530299,90125.5333363,5.236899989540689
2,690,completed,90125.5279451,90125.5302588,90125.5341531,6.20800000615418
3,690,completed,90125.528012,90125.5303088,90125.5350842,7.072200009133667
1,691,completed,90125.5557599,90125.5578044,90125.5587174,2.9574999934993684
2,691,completed,90125.5557316,90125.5577268,90125.5594457,3.714099992066622
0,691,completed,90125.5558414,90125.5580068,90125.5601045,4.263099996023811
5,691,completed,90125.5557764,90125.558059,90125.5608041,5.027699997299351
4,691,completed,90125.5559067,90125.5581091,90125.5614046,5.497899997862987
3,691,completed,90125.556006,90125.5581418,90125.5621589,6.152899994049221
3,692,completed,90125.5905684,90125.5929464,90125.5939501,3.3816999930422753
5,692,completed,90125.5905366,90125.5928704,90125.5946498,4.113200004212558
0,692,completed,90125.5906276,90125.5930122,90125.5952732,4.64559999818448
4,692,completed,90125.5905371,90125.593005,90125.5958821,5.344999997760169
2,692,completed,90125.5908185,90125.5930725,90125.5965492,5.730699995183386
1,692,completed,90125.5907297,90125.5932111,90125.5972305,6.500800009234808
1,693,completed,90125.6179997,90125.6190348,90125.6197066,1.7069000023184344
2,693,completed,90125.6179753,90125.6191165,90125.6203051,2.32980000146199
0,693,completed,90125.6180088,90125.6191499,90125.6208306,2.8218000079505146
4,693,completed,90125.6249314,90125.6260663,90125.6268398,1.9083999941358343
5,693,completed,90125.6249196,90125.6260853,90125.627397,2.477400004863739
3,693,completed,90125.6248851,90125.6261102,90125.6278747,2.989600005093962
5,694,completed,90125.6527998,90125.6550339,90125.6559,3.1002000032458454
4,694,completed,90125.6527876,90125.6550336,90125.6564603,3.6726999969687313
2,694,completed,90125.6529423,90125.6551468,90125.6569921,4.049800001666881
1,694,completed,90125.6529954,90125.6551619,90125.6575046,4.5092000073054805
0,694,completed,90125.6527921,90125.6551485,90125.6580324,5.240300000878051
3,694,completed,90125.6527784,90125.6551862,90125.6585243,5.745899994508363
5,695,completed,90125.6876207,90125.6896107,90125.6903765,2.75580000015907
2,695,completed,90125.6876259,90125.6896237,90125.690902,3.276100003859028
1,695,completed,90125.6878014,90125.6898234,90125.6914966,3.6952000082237646
0,695,completed,90125.6877955,90125.6898155,90125.6920363,4.240800000843592
3,695,completed,90125.6876673,90125.6898435,90125.6925804,4.9131000123452395
4,695,completed,90125.6876911,90125.6898649,90125.693116,5.42489999497775
1,696,completed,90125.7226585,90125.7245752,90125.7259399,3.2814000005600974
5,696,completed,90125.7226681,90125.7247492,90125.7266836,4.015500002424233
3,696,completed,90125.7226849,90125.7248914,90125.7273347,4.6498000010615215
0,696,completed,90125.7230879,90125.7252094,90125.7281246,5.03670000762213
4,696,completed,90125.7226731,90125.7255444,90125.7289774,6.3042999972822145
2,696,completed,90125.7232164,90125.7255573,90125.7297194,6.502999996882863
3,697,completed,90125.7571403,90125.7594385,90125.7603823,3.241999991587363
0,697,completed,90125.7571185,90125.7597404,90125.7609673,3.8487999991048127
2,697,completed,90125.7572841,90125.759725,90125.7614854,4.201300005661324
4,697,completed,90125.7571946,90125.7597904,90125.761995,4.80039999820292
1,697,completed,90125.7572246,90125.7598507,90125.7625123,5.287699998007156
5,697,completed,90125.7571592,90125.7598771,90125.7631007,5.941499999607913
5,698,completed,90125.7845357,90125.7856367,90125.7863514,1.815700001316145
1,698,completed,90125.7845684,90125.785694,90125.7869164,2.3479999945266172
4,698,completed,90125.7845887,90125.7856959,90125.7874384,2.849700002116151
0,698,completed,90125.7985718,90125.7996894,90125.8004291,1.8572999979369342
3,698,completed,90125.7986016,90125.7997612,90125.8011173,2.5156999909086153
2,698,completed,90125.7985617,90125.7997564,90125.8017429,3.181200008839369
3,699,completed,90125.8196407,90125.8218783,90125.8229418,3.3010999904945493
0,699,completed,90125.8195573,90125.8218015,90125.8236571,4.099800004041754
2,699,completed,90125.8196083,90125.8219609,90125.8242622,4.653900003177114
4,699,completed,90125.8196945,90125.822104,90125.8248918,5.197300008148886
1,699,completed,90125.8200429,90125.8221227,90125.8254521,5.409200006397441
5,699,completed,90125.8197389,90125.8223095,90125.8262038,6.4648999978089705
5,700,completed,90125.8543955,90125.8570294,90125.8579564,3.5608999896794558
3,700,completed,90125.8546125,90125.85707,90125.8587301,4.117599994060583
2,700,completed,90125.85443,90125.8569569,90125.8594174,4.987399996025488
1,700,completed,90125.8543971,90125.8571371,90125.8600651,5.667999997967854
0,700,completed,90125.8545231,90125.8571413,90125.8608473,6.32420000329148
4,700,completed,90125.8543967,90125.85718,90125.8617256,7.328899999265559
1,701,completed,90125.8822889,90125.884366,90125.8852693,2.980399993248284
4,701,completed,90125.8822785,90125.8842963,90125.8858881,3.6096000112593174
0,701,completed,90125.8823797,90125.8845322,90125.8865503,4.170600004727021
2,701,completed,90125.882471,90125.8846224,90125.887196,4.724999991594814
3,701,completed,90125.8825382,90125.8846359,90125.8878202,5.281999998260289
5,701,completed,90125.8825214,90125.8846267,90125.8885402,6.018800006131642
5,702,completed,90125.9238474,90125.926211,90125.9271785,3.331100000650622
2,702,completed,90125.9238646,90125.9262689,90125.9280032,4.138599993893877
3,702,completed,90125.9237998,90125.926342,90125.9287149,4.915099998470396
4,702,completed,90125.9240031,90125.9264127,90125.9294346,5.43150000157766
1,702,completed,90125.9241882,90125.9264859,90125.9302296,6.041399989044294
0,702,completed,90125.9239019,90125.9264971,90125.931083,7.181100008892827
4,703,completed,90125.9513768,90125.9527181,90125.9534812,2.1044000022811815
1,703,completed,90125.9513766,90125.9527852,90125.9542682,2.8916000010212883
0,703,completed,90125.9513771,90125.9526885,90125.9549661,3.5889999999199063
2,703,completed,90125.9652184,90125.9665429,90125.9673624,2.143999998224899
3,703,completed,90125.9652733,90125.966565,90125.968086,2.812699996866286
5,703,completed,90125.9653761,90125.966642,90125.9686987,3.3226000086870044
5,704,completed,90125.9864047,90125.988909,90125.9898355,3.430800003116019
0,704,completed,90125.9866294,90125.9891134,90125.9904694,3.8400000048568472
3,704,completed,90125.9863962,90125.989087,90125.9910444,4.648200003430247
1,704,completed,90125.9863761,90125.9891659,90125.9916401,5.263999992166646
4,704,completed,90125.9865379,90125.9892591,90125.9922306,5.692699996870942
2,704,completed,90125.98645,90125.9892345,90125.9928673,6.417299999156967
1,705,completed,90126.0278168,90126.0301316,90126.0314167,3.599900010158308
3,705,completed,90126.0278555,90126.0303208,90126.0324815,4.626000009011477
5,705,completed,90126.0278946,90126.0304157,90126.0331703,5.275699993944727
2,705,completed,90126.0280065,90126.0304698,90126.034022,6.015500010107644
4,705,completed,90126.0279628,90126.0305157,90126.0353493,7.38650000130292
0,705,completed,90126.0278506,90126.030548,90126.0362797,8.429099994827993
2,706,completed,90126.0558354,90126.0586885,90126.0596672,3.8318000006256625
1,706,completed,90126.0558257,90126.0588524,90126.0602706,4.444900012458675
4,706,completed,90126.0560081,90126.0589127,90126.0608839,4.875800004811026
5,706,completed,90126.0558711,90126.058909,90126.0615475,5.676399989170022
3,706,completed,90126.0559132,90126.0589907,90126.0623558,6.442599988076836
0,706,completed,90126.056048,90126.0590217,90126.0631241,7.076099995174445
3,707,completed,90126.0839862,90126.0865136,90126.0873503,3.3641000045463443
2,707,completed,90126.0840641,90126.0866303,90126.0880016,3.937500005122274
5,707,completed,90126.0840218,90126.0865744,90126.0885687,4.546900003333576
1,707,completed,90126.0842032,90126.0866584,90126.0891062,4.903000008198433
4,707,completed,90126.0841804,90126.0866185,90126.0896766,5.496199999470264
0,707,completed,90126.0839859,90126.0866396,90126.0903274,6.3415000040549785
2,708,completed,90126.1183048,90126.1209269,90126.1218937,3.588899999158457
0,708,completed,90126.1182368,90126.1208768,90126.1226825,4.445700003998354
5,708,completed,90126.1182139,90126.1209975,90126.1234443,5.230399998254143
4,708,completed,90126.1183955,90126.1210366,90126.1241644,5.768899995018728
3,708,completed,90126.1183145,90126.1210364,90126.1250902,6.775700006983243
1,708,completed,90126.118435,90126.1211791,90126.1259497,7.51470000250265
0,709,completed,90126.1531217,90126.1557785,90126.1569712,3.849500004434958
3,709,completed,90126.1528676,90126.1557207,90126.1576706,4.8030000034486875
2,709,completed,90126.1528002,90126.1557236,90126.1583145,5.514300006325357
4,709,completed,90126.1528246,90126.1558323,90126.1590072,6.182600001920946
1,709,completed,90126.1529828,90126.1558852,90126.1599924,7.009599998127669
5,709,completed,90126.1532694,90126.1561629,90126.1609398,7.670399994822219
5,710,completed,90126.1947151,90126.1972805,90126.1985347,3.8195999950403348
3,710,completed,90126.1947294,90126.1972584,90126.1993473,4.617900005541742
1,710,completed,90126.1947714,90126.1974617,90126.200284,5.512600007932633
0,710,completed,90126.1947988,90126.19772,90126.2011587,6.359899998642504
2,710,completed,90126.195016,90126.197708,90126.2022956,7.279600002220832
4,710,completed,90126.1948441,90126.1979145,90126.2033665,8.522400006768294
3,711,completed,90126.22246,90126.2250232,90126.2259042,3.4441999887349084
2,711,completed,90126.2224949,90126.2251534,90126.2265625,4.067600006237626
4,711,completed,90126.2224378,90126.2250708,90126.2271806,4.742800010717474
0,711,completed,90126.2225465,90126.2252621,90126.2277953,5.248800007393584
1,711,completed,90126.2226204,90126.2252757,90126.2287808,6.160399992950261
5,711,completed,90126.2227619,90126.2253236,90126.2297076,6.945699991774745
5,712,completed,90126.25728,90126.2594818,90126.2606408,3.3607999939704314
2,712,completed,90126.2573138,90126.2596592,90126.2613539,4.040100000565872
0,712,completed,90126.2572793,90126.2595866,90126.2620385,4.759200004627928
1,712,completed,90126.2577286,90126.2598908,90126.262937,5.208400005358271
4,712,completed,90126.2575682,90126.2598811,90126.2637718,6.203600001754239
3,712,completed,90126.2577109,90126.2599858,90126.2645832,6.872300000395626
0,713,completed,90126.2847492,90126.2873636,90126.2881326,3.383400005986914
4,713,completed,90126.2849906,90126.287399,90126.2887017,3.711099998326972
1,713,completed,90126.2849174,90126.287535,90126.2893132,4.395800002384931
5,713,completed,90126.2847501,90126.2875051,90126.2898492,5.099099988001399
2,713,completed,90126.284749,90126.2875505,90126.290394,5.644999997457489
3,713,completed,90126.2848007,90126.2876127,90126.2910326,6.231899998965673
0,714,completed,90126.3194983,90126.3216619,90126.3223859,2.8875999996671453
3,714,completed,90126.3194508,90126.3217011,90126.3230149,3.5640999994939193
5,714,completed,90126.3194395,90126.3216173,90126.3236071,4.167599996435456
2,714,completed,90126.3194365,90126.3216454,90126.3241423,4.705800005467609
1,714,completed,90126.3194731,90126.3216704,90126.3247195,5.246400003670715
4,714,completed,90126.319554,90126.3217631,90126.3252882,5.734199992730282
2,715,completed,90126.3611448,90126.3634351,90126.3646081,3.4633000032044947
3,715,completed,90126.3611441,90126.3637163,90126.365298,4.153900008532219
1,715,completed,90126.3614389,90126.3638017,90126.3659542,4.515299995546229
4,715,completed,90126.3611942,90126.3639621,90126.366596,5.401800008257851
0,715,completed,90126.3614955,90126.3640031,90126.3675152,6.019700012984686
5,715,completed,90126.3616536,90126.364044,90126.3683317,6.678099991404451
4,716,completed,90126.3890124,90126.3913915,90126.3924512,3.43879999127239
1,716,completed,90126.3890514,90126.3915522,90126.3931075,4.056100005982444
0,716,completed,90126.3891108,90126.3916497,90126.3937083,4.597500010277145
3,716,completed,90126.389247,90126.3916558,90126.3943185,5.07149999612011
5,716,completed,90126.3889944,90126.3917442,90126.3949015,5.907099999603815
2,716,completed,90126.389302,90126.391751,90126.3957807,6.478700001025572
5,717,completed,90126.4239565,90126.426285,90126.4271926,3.236099990317598
4,717,completed,90126.4240212,90126.4263686,90126.4278771,3.8558999949600548
1,717,completed,90126.4238742,90126.4264213,90126.4284963,4.622099993866868
3,717,completed,90126.4238687,90126.4264272,90126.4290135,5.1448000012896955
2,717,completed,90126.4239299,90126.4263687,90126.4295264,5.596499991952442
0,717,completed,90126.4243332,90126.4265502,90126.4301554,5.822199993417598
3,718,completed,90126.4520392,90126.4543757,90126.4552374,3.198200007318519
1,718,completed,90126.4520702,90126.4544701,90126.4559238,3.8535999919986352
4,718,completed,90126.4522434,90126.4545196,90126.4565939,4.350500006694347
2,718,completed,90126.4521634,90126.4546588,90126.4572388,5.075399996712804
5,718,completed,90126.4524453,90126.4546768,90126.4579055,5.460200001834892
0,718,completed,90126.4526074,90126.4547067,90126.4590617,6.454300004406832
0,719,completed,90126.4861575,90126.4885001,90126.489444,3.286500010290183
5,719,completed,90126.4861572,90126.4886345,90126.4901217,3.964500006986782
2,719,completed,90126.4862581,90126.4886979,90126.4907307,4.472599990549497
1,719,completed,90126.4861885,90126.4887139,90126.4913363,5.147799995029345
4,719,completed,90126.4862813,90126.4887655,90126.4919226,5.641299998387694
3,719,completed,90126.4863927,90126.488825,90126.492515,6.122300008428283
0,720,completed,90126.5276639,90126.5298174,90126.5307272,3.0633000133093446
3,720,completed,90126.5277455,90126.5299605,90126.5315044,3.7588999985018745
2,720,completed,90126.5278155,90126.5300969,90126.5322047,4.38919999578502
5,720,completed,90126.5277803,90126.5300916,90126.5328438,5.063499993411824
1,720,completed,90126.5276827,90126.5301479,90126.5334701,5.787399990367703
4,720,completed,90126.5277187,90126.5301549,90126.5340993,6.3805999961914495
4,721,completed,90126.5555436,90126.5577218,90126.5585865,3.042900003492832
5,721,completed,90126.5555334,90126.5577255,90126.5591395,3.606099999160506
2,721,completed,90126.5556521,90126.5579723,90126.5596453,3.9932000072440132
1,721,completed,90126.5557484,90126.5580106,90126.5601352,4.386799992062151
3,721,completed,90126.555636,90126.558069,90126.5606374,5.001400000764988
0,721,completed,90126.5556994,90126.5581076,90126.5611448,5.4453999910037965
3,722,completed,90126.5871919,90126.5893105,90126.5903879,3.1959999905666336
1,722,completed,90126.5872204,90126.5894034,90126.5911533,3.932899999199435
2,722,completed,90126.5872483,90126.5895933,90126.5918843,4.63599999784492
4,722,completed,90126.5872746,90126.5895964,90126.5926051,5.330500003765337
5,722,completed,90126.5872509,90126.5896486,90126.5932048,5.953899992164224
0,722,completed,90126.5874555,90126.589741,90126.5938027,6.34719998924993
2,723,completed,90126.6183247,90126.6202583,90126.6216393,3.3146000059787184
5,723,completed,90126.6182867,90126.6203428,90126.6228164,4.529700003331527
1,723,completed,90126.6185523,90126.6207133,90126.6236484,5.096099994261749
4,723,completed,90126.6184651,90126.6205262,90126.6248455,6.380400009220466
3,723,completed,90126.6186758,90126.6207351,90126.6265063,7.830500006093644
0,723,completed,90126.632195,90126.6330307,90126.6341594,1.9643999985419214
0,724,completed,90126.653096,90126.6555307,90126.656495,3.399000008357689
2,724,completed,90126.6530754,90126.6554421,90126.6572723,4.196900001261383
3,724,completed,90126.6533932,90126.6556446,90126.6582963,4.903099994407967
1,724,completed,90126.6533127,90126.6557092,90126.6590858,5.77309999789577
4,724,completed,90126.6535555,90126.6557065,90126.6601708,6.61529999342747
5,724,completed,90126.653077,90126.6557854,90126.6612822,8.205200007068925
1,725,completed,90126.685771,90126.6876827,90126.6892161,3.4450999955879524
4,725,completed,90126.6857819,90126.6878075,90126.6906877,4.905800000415184
5,725,completed,90126.6858309,90126.6881206,90126.6918571,6.026200004271232
0,725,completed,90126.6862189,90126.6882043,90126.6930411,6.822200011811219
3,725,completed,90126.6859593,90126.6882835,90126.6942147,8.25539999641478
2,725,completed,90126.6859844,90126.6882738,90126.6951876,9.203199995681643
4,726,completed,90126.7226211,90126.7244125,90126.7260837,3.4626000124262646
1,726,completed,90126.7230623,90126.725031,90126.726796,3.7336999957915395
5,726,completed,90126.7232945,90126.7251997,90126.7274596,4.165100006503053
2,726,completed,90126.7230435,90126.7256536,90126.7281535,5.1099999982398
0,726,completed,90126.7235119,90126.7256828,90126.7289791,5.467199996928684
3,726,completed,90126.7233609,90126.7258798,90126.7300893,6.728400010615587
4,727,completed,90126.7568117,90126.7586821,90126.7602132,3.4014999982900918
1,727,completed,90126.7571096,90126.7593986,90126.7609597,3.850099994451739
5,727,completed,90126.7570628,90126.759363,90126.761647,4.584200010867789
3,727,completed,90126.7571563,90126.7594906,90126.7623399,5.183600005693734
0,727,completed,90126.757239,90126.7596743,90126.7630459,5.806900007883087
2,727,completed,90126.7578664,90126.7599338,90126.7640458,6.179399992106482
0,728,completed,90126.7846494,90126.7868036,90126.7884594,3.81000000925269
4,728,completed,90126.7846991,90126.7872197,90126.7892683,4.569199998513795
5,728,completed,90126.7850966,90126.7873208,90126.7900468,4.950200003804639
3,728,completed,90126.7849106,90126.7874911,90126.7908173,5.906699996558018
1,728,completed,90126.7850511,90126.7874471,90126.7917119,6.660800005192868
2,728,completed,90126.7874882,90126.7885837,90126.792502,5.0137999933212996
2,729,completed,90126.8192785,90126.8214768,90126.8226842,3.4057000011671335
3,729,completed,90126.8193676,90126.8216034,90126.8234636,4.096000004210509
1,729,completed,90126.8195121,90126.8217523,90126.8242415,4.729399995994754
0,729,completed,90126.8193189,90126.8218812,90126.8250158,5.696899999747984
4,729,completed,90126.8196096,90126.8219909,90126.8257812,6.171599990921095
5,729,completed,90126.8196101,90126.82209,90126.8269517,7.341599994106218
4,730,completed,90126.8543943,90126.8563841,90126.8582321,3.837800002656877
5,730,completed,90126.8543533,90126.8562724,90126.8590303,4.676999989897013
0,730,completed,90126.8543818,90126.8564726,90126.859792,5.410199999460019
3,730,completed,90126.8555668,90126.8572981,90126.8606815,5.1146999903721735
1,730,completed,90126.8550589,90126.8579468,90126.8618335,6.7746000131592155
2,730,completed,90126.8566236,90126.8580215,90126.8629995,6.375899989507161
0,731,completed,90126.8888236,90126.8908026,90126.8920827,3.2590999908279628
2,731,completed,90126.8890296,90126.8909196,90126.8928622,3.832599992165342
5,731,completed,90126.8888358,90126.8907753,90126.8936496,4.8137999983737245
4,731,completed,90126.8890159,90126.8909603,90126.8943617,5.345800003851764
1,731,completed,90126.8893015,90126.891335,90126.8951399,5.838400000357069
3,731,completed,90126.8897007,90126.8917769,90126.8962229,6.522199997561984
3,732,completed,90126.9235764,90126.9258987,90126.9268505,3.2740999886300415
2,732,completed,90126.9234706,90126.9258903,90126.9274518,3.981200003181584
4,732,completed,90126.9234657,90126.9259631,90126.9280495,4.583799993270077
5,732,completed,90126.9237469,90126.9260115,90126.9286574,4.910499992547557
0,732,completed,90126.9235244,90126.9260366,90126.9293307,5.806300003314391
1,732,completed,90126.9237638,90126.9260688,90126.9300149,6.251099999644794
5,733,completed,90126.9518378,90126.9530977,90126.9544504,2.612599986605346
1,733,completed,90126.9516744,90126.9534722,90126.9557705,4.096100004971959
2,733,completed,90126.9538414,90126.9548106,90126.9567095,2.868099996703677
0,733,completed,90126.9516855,90126.953699,90126.9576804,5.994899998768233
4,733,completed,90126.9544859,90126.9552351,90126.9585102,4.024299996672198
3,733,completed,90126.9526064,90126.9563874,90126.9593992,6.7928000062238425
4,734,completed,90126.9860627,90126.9890883,90126.9906146,4.551899997750297
1,734,completed,90126.986165,90126.989504,90126.9916308,5.465800000820309
5,734,completed,90126.98627,90126.9896374,90126.9927538,6.483800010755658
3,734,completed,90126.9863061,90126.9896224,90126.994032,7.725899995421059
2,734,completed,90126.9864474,90126.9897093,90126.9951674,8.719999997993
0,734,completed,90126.9860552,90126.9897337,90126.996105,10.049799995613284
5,735,completed,90127.0211111,90127.0230285,90127.0247397,3.628600010415539
3,735,completed,90127.0212546,90127.0235016,90127.0254995,4.244900002959184
0,735,completed,90127.0217243,90127.023884,90127.0262539,4.529600002570078
4,735,completed,90127.021665,90127.0240174,90127.0282312,6.566200012457557
1,735,completed,90127.0216245,90127.0240383,90127.0315052,9.880699988570996
2,735,completed,90127.0219262,90127.0240756,90127.0347664,12.84019999729935
4,736,completed,90127.0554437,90127.0580563,90127.0591391,3.6954000097466633
0,736,completed,90127.0556891,90127.0583436,90127.0598647,4.175599999143742
5,736,completed,90127.055844,90127.0584084,90127.0605024,4.658399993786588
3,736,completed,90127.0556316,90127.0584159,90127.0610787,5.447100003948435
1,736,completed,90127.0556314,90127.0584818,90127.0616665,6.035099999280646
2,736,completed,90127.0554681,90127.0584913,90127.0622837,6.815599990659393
3,737,completed,90127.085359,90127.0875474,90127.0884343,3.0753000028198585
4,737,completed,90127.085486,90127.0877436,90127.0890334,3.547400003299117
5,737,completed,90127.0853429,90127.0877076,90127.0895894,4.2465000005904585
0,737,completed,90127.0855252,90127.0878077,90127.0904048,4.879599990090355
2,737,completed,90127.0853285,90127.0878319,90127.0911447,5.816199991386384
1,737,completed,90127.0854325,90127.0878416,90127.0917913,6.358800004818477
4,738,completed,90127.1181207,90127.1210117,90127.1222476,4.126899992115796
5,738,completed,90127.1181658,90127.1210057,90127.1231962,5.030400003306568
2,738,completed,90127.1180765,90127.1209681,90127.123851,5.774499994004145
1,738,completed,90127.1183446,90127.1212883,90127.1244652,6.120599995483644
3,738,completed,90127.1182158,90127.1213003,90127.1253868,7.17100000474602
0,738,completed,90127.1185809,90127.1214377,90127.1261708,7.589899993035942
4,739,completed,90127.1529267,90127.1551639,90127.1563455,3.41879999905359
5,739,completed,90127.1529839,90127.1552886,90127.1571289,4.1449999989708886
1,739,completed,90127.1529428,90127.1553124,90127.1578209,4.8780999932205305
0,739,completed,90127.1531819,90127.1554574,90127.158492,5.31010000850074
3,739,completed,90127.1530459,90127.1554854,90127.1591797,6.13379999413155
2,739,completed,90127.1530785,90127.15555,90127.1600571,6.978599994909018
2,740,completed,90127.187644,90127.1901191,90127.1921122,4.468200000701472
1,740,completed,90127.1877476,90127.1902463,90127.1929349,5.187300004763529
0,740,completed,90127.1876731,90127.1905165,90127.1936244,5.951300001470372
3,740,completed,90127.187716,90127.190553,90127.1948101,7.094100001268089
5,740,completed,90127.1880915,90127.1907389,90127.1958682,7.776700003887527
4,740,completed,90127.1887173,90127.1907671,90127.1966485,7.931200001621619
5,741,completed,90127.2221461,90127.2245784,90127.2261618,4.015700003947131
0,741,completed,90127.2224158,90127.22513,90127.2270862,4.670399997849017
3,741,completed,90127.2223861,90127.2251425,90127.2278854,5.499300008523278
4,741,completed,90127.2223717,90127.2252351,90127.2287762,6.404500003554858
1,741,completed,90127.2225585,90127.2253131,90127.2296955,7.137000007787719
2,741,completed,90127.2225139,90127.2254121,90127.2305129,7.999000008567236
0,742,completed,90127.2568539,90127.2594321,90127.2606873,3.8333999982569367
3,742,completed,90127.257161,90127.259799,90127.2613557,4.194699999061413
1,742,completed,90127.2572873,90127.2599288,90127.2620252,4.737900002510287
4,742,completed,90127.2569506,90127.2599494,90127.262703,5.7524000003468245
2,742,completed,90127.256854,90127.2599988,90127.2633848,6.530799990287051
5,742,completed,90127.2573065,90127.2599731,90127.2644782,7.17169999552425
0,743,completed,90127.2844415,90127.2867813,90127.2877132,3.271699999459088
2,743,completed,90127.2845399,90127.2869776,90127.288347,3.807099987170659
4,743,completed,90127.2845679,90127.2869921,90127.2890325,4.4646000023931265
1,743,completed,90127.2844942,90127.2869763,90127.289684,5.189800009247847
3,743,completed,90127.2848148,90127.2870823,90127.2902831,5.468299990752712
5,743,completed,90127.2844451,90127.2871337,90127.2908842,6.439100005081855
2,744,completed,90127.3191892,90127.3210646,90127.3233987,4.209499995340593
4,744,completed,90127.3195329,90127.3218077,90127.3240535,4.520599992247298
1,744,completed,90127.3195008,90127.3218195,90127.324624,5.123199996887706
5,744,completed,90127.3197293,90127.3219711,90127.3252391,5.509800001163967
3,744,completed,90127.3194609,90127.3220034,90127.3258153,6.354400000418536
0,744,completed,90127.3195839,90127.3220659,90127.3265905,7.006600004388019
0,745,completed,90127.3541019,90127.3563797,90127.3575725,3.4706000005826354
1,745,completed,90127.3540546,90127.356457,90127.3583241,4.269500001100823
5,745,completed,90127.3542638,90127.3566088,90127.3589595,4.6956999867688864
3,745,completed,90127.3543633,90127.3567565,90127.3595864,5.223100000876002
4,745,completed,90127.355149,90127.3569601,90127.3601581,5.009100001188926
2,745,completed,90127.3541702,90127.3577907,90127.3609113,6.741100005456246
2,746,completed,90127.3895172,90127.3906783,90127.3927973,3.280099990661256
5,746,completed,90127.3901646,90127.3911695,90127.3938589,3.6943000013707206
0,746,completed,90127.3904116,90127.3918503,90127.3946642,4.252599988831207
4,746,completed,90127.3910288,90127.3923129,90127.3956409,4.612099990481511
3,746,completed,90127.3916909,90127.3928268,90127.39677,5.079100010334514
1,746,completed,90127.3921559,90127.393103,90127.3992607,7.1047999954316765
2,747,completed,90127.4201479,90127.4231797,90127.4243948,4.246899989084341
0,747,completed,90127.420042,90127.4231792,90127.425341,5.29899999673944
1,747,completed,90127.4202531,90127.4233742,90127.4261585,5.905400001211092
3,747,completed,90127.4203182,90127.4234219,90127.4275825,7.26429998758249
5,747,completed,90127.4205163,90127.4235808,90127.4297561,9.239799997885711
4,747,completed,90127.4201845,90127.4235777,90127.4306446,10.46009999117814
4,748,completed,90127.4510831,90127.4535413,90127.4542097,3.126600000541657
5,748,completed,90127.4509407,90127.4534194,90127.4547966,3.8558999949600548
2,748,completed,90127.4509434,90127.4536018,90127.4553459,4.4024999951943755
0,748,completed,90127.4510145,90127.4536235,90127.4559049,4.8903999995673075
1,748,completed,90127.4509599,90127.4535572,90127.4564451,5.485200003022328
3,748,completed,90127.4511205,90127.4535303,90127.4569561,5.835599993588403
4,749,completed,90127.4858794,90127.4880811,90127.4890956,3.2161999988602474
0,749,completed,90127.4858691,90127.4880958,90127.4898155,3.946400000131689
1,749,completed,90127.4860008,90127.4883165,90127.4904566,4.455800008145161
3,749,completed,90127.4859205,90127.4883451,90127.4911001,5.179600004339591
2,749,completed,90127.4859349,90127.4884206,90127.4916777,5.742800000007264
5,749,completed,90127.486151,90127.488504,90127.4922172,6.066199988708831
3,750,completed,90127.5206157,90127.5227764,90127.5239403,3.3245999948121607
5,750,completed,90127.5205961,90127.5229166,90127.5246372,4.04109999362845
1,750,completed,90127.5206681,90127.5231212,90127.5252392,4.571099998429418
4,750,completed,90127.520878,90127.5232943,90127.5258746,4.996600007871166
0,750,completed,90127.520691,90127.523294,90127.5264588,5.767800001194701
2,750,completed,90127.5209171,90127.523286,90127.5270528,6.135699994047172
3,751,completed,90127.5553828,90127.5573966,90127.5594345,4.051700001582503
0,751,completed,90127.5554583,90127.5577025,90127.5608534,5.395100000896491
4,751,completed,90127.5553669,90127.5576955,90127.5615319,6.165000013425015
2,751,completed,90127.5564023,90127.5580812,90127.5625772,6.174900001497008
1,751,completed,90127.5576817,90127.5593897,90127.5637316,6.049900010111742
5,751,completed,90127.5578873,90127.5597056,90127.5650569,7.169599994085729
3,752,completed,90127.5900886,90127.5925478,90127.5948294,4.740799995488487
5,752,completed,90127.5901218,90127.5927457,90127.5955452,5.423399998107925
4,752,completed,90127.5902903,90127.5928172,90127.5961635,5.873200003406964
0,752,completed,90127.5900799,90127.5926294,90127.5968023,6.722400008584373
1,752,completed,90127.5901814,90127.5929487,90127.5976059,7.424499999615364
2,752,completed,90127.5903316,90127.593041,90127.5983536,8.021999994525686
3,753,completed,90127.6178798,90127.6202486,90127.6214115,3.531700000166893
0,753,completed,90127.6179944,90127.6205082,90127.6222714,4.277000000001863
1,753,completed,90127.6180878,90127.6206351,90127.6230413,4.953499999828637
2,753,completed,90127.6179071,90127.6207131,90127.6237882,5.881100005353801
4,753,completed,90127.6178922,90127.6206965,90127.6245855,6.693300005281344
5,753,completed,90127.6180523,90127.620685,90127.6254964,7.4441000033402815
5,754,completed,90127.6596948,90127.6618369,90127.6633211,3.6263000074541196
3,754,completed,90127.6596229,90127.6617631,90127.6641015,4.478600007132627
2,754,completed,90127.6596071,90127.6620044,90127.6648128,5.205699999351054
4,754,completed,90127.6595682,90127.6621171,90127.6654939,5.92569999571424
0,754,completed,90127.6606202,90127.6623457,90127.6662022,5.58199999795761
1,754,completed,90127.6604691,90127.6628777,90127.6670774,6.608299998333678
3,755,completed,90127.6874048,90127.6902152,90127.6913098,3.9049999904818833
4,755,completed,90127.6874205,90127.690255,90127.6933955,5.974999992758967
0,755,completed,90127.6874039,90127.6901641,90127.6944143,7.010400004219264
2,755,completed,90127.6875158,90127.6902891,90127.6953645,7.848699999158271
5,755,completed,90127.6879267,90127.6904096,90127.6962565,8.329799995408393
1,755,completed,90127.6881675,90127.6906158,90127.697025,8.857499997247942
2,756,completed,90127.7220047,90127.7244692,90127.7253987,3.3939999993890524
4,756,completed,90127.7220757,90127.724384,90127.7261391,4.063400003360584
5,756,completed,90127.7221261,90127.7244561,90127.7267896,4.663500003516674
0,756,completed,90127.7221963,90127.7244939,90127.7274299,5.233599993516691
3,756,completed,90127.7220477,90127.7244321,90127.7281732,6.125500003690831
1,756,completed,90127.7219828,90127.7246605,90127.7291054,7.122600000002421
0,757,completed,90127.7566606,90127.7590588,90127.7601423,3.4816999977920204
5,757,completed,90127.7567452,90127.7591879,90127.7609043,4.1591000044718385
1,757,completed,90127.7566593,90127.7591961,90127.7615817,4.922400010400452
4,757,completed,90127.7567924,90127.7592096,90127.762185,5.392599996412173
3,757,completed,90127.7568589,90127.7593388,90127.7628027,5.943800002569333
2,757,completed,90127.756682,90127.7593752,90127.7634928,6.810799997765571
3,758,completed,90127.784548,90127.7868925,90127.7878652,3.317200011224486
1,758,completed,90127.7845382,90127.7868938,90127.7886897,4.15150000480935
2,758,completed,90127.784532,90127.7869082,90127.7895042,4.97219999670051
4,758,completed,90127.7845477,90127.787002,90127.790173,5.6253000075230375
5,758,completed,90127.7845851,90127.7869871,90127.7908155,6.230400002095848
0,758,completed,90127.7847193,90127.787123,90127.7916199,6.90059999760706
4,759,completed,90127.8262042,90127.8283513,90127.8299098,3.7056000001030043
2,759,completed,90127.8262698,90127.8286166,90127.8307544,4.484599994611926
1,759,completed,90127.8263143,90127.8286955,90127.8315835,5.269200002658181
5,759,completed,90127.8263809,90127.8288551,90127.8323541,5.973199993604794
3,759,completed,90127.8263444,90127.8288568,90127.8333911,7.046699989587069
0,759,completed,90127.8261875,90127.8290083,90127.8346301,8.442599995760247
5,760,completed,90127.8649999,90127.8670777,90127.8685283,3.52839998959098
0,760,completed,90127.8650581,90127.8673123,90127.8693617,4.303599998820573
4,760,completed,90127.8649999,90127.8670037,90127.8700525,5.052599997725338
3,760,completed,90127.865038,90127.8676157,90127.870753,5.714999992051162
1,760,completed,90127.8651506,90127.8677821,90127.8714821,6.331500000669621
2,760,completed,90127.8652092,90127.8679022,90127.8723975,7.188300005509518
3,761,completed,90127.8966198,90127.8989667,90127.9000689,3.4490999969420955
2,761,completed,90127.8966562,90127.8990618,90127.9008978,4.241600006935187
0,761,completed,90127.8966243,90127.8990917,90127.9017088,5.084499993245117
1,761,completed,90127.8966202,90127.8991165,90127.9025476,5.927399994106963
4,761,completed,90127.8968061,90127.8995177,90127.9033579,6.551799990120344
5,761,completed,90127.8968941,90127.8996103,90127.9041346,7.240499995532446
0,762,completed,90127.9272348,90127.9296802,90127.9308816,3.646800003480166
1,762,completed,90127.9279005,90127.9301294,90127.9316231,3.7225999985821545
5,762,completed,90127.927872,90127.9302497,90127.9323655,4.4935000041732565
3,762,completed,90127.9277811,90127.9302403,90127.9330928,5.311699991580099
4,762,completed,90127.927832,90127.9302347,90127.9339014,6.069399998523295
2,762,completed,90127.9279683,90127.9302634,90127.9345915,6.623199995374307
5,763,completed,90127.9591519,90127.9615822,90127.9625611,3.40919999871403
2,763,completed,90127.9592977,90127.9616786,90127.9632772,3.9795000047888607
4,763,completed,90127.9592403,90127.961641,90127.9639491,4.708799999207258
3,763,completed,90127.9591622,90127.9617449,90127.9647322,5.5699999938951805
0,763,completed,90127.9593801,90127.961806,90127.9654289,6.048800001735799
1,763,completed,90127.9591405,90127.9618864,90127.966242,7.101499999407679
3,764,completed,90127.9933358,90127.9954009,90127.9966237,3.2879000063985586
2,764,completed,90127.9934717,90127.9957347,90127.9976168,4.145099999732338
0,764,completed,90127.9935791,90127.995833,90127.9985545,4.975399991963059
1,764,completed,90127.9936176,90127.9958505,90127.9995329,5.915299989283085
4,764,completed,90127.9934957,90127.9958523,90128.0007098,7.214100012788549
5,764,completed,90127.9935813,90127.9959465,90128.0018427,8.261399998445995
1,765,completed,90128.0211308,90128.023163,90128.0248418,3.710999997565523
0,765,completed,90128.0211388,90128.0234026,90128.0265748,5.435999992187135
4,765,completed,90128.0212605,90128.023486,90128.0308752,9.614700000383891
5,765,completed,90128.0213445,90128.0235667,90128.0345439,13.199399996665306
2,765,completed,90128.0214793,90128.0237388,90128.0371877,15.708399994764477
3,765,completed,90128.0221606,90128.0239673,90128.0386606,16.499999997904524
5,766,completed,90128.053735,90128.0565023,90128.0579786,4.243600007612258
4,766,completed,90128.0537122,90128.0565544,90128.0594311,5.718900007195771
2,766,completed,90128.0535068,90128.0566387,90128.0603502,6.843399998615496
3,766,completed,90128.053501,90128.0565496,90128.0612006,7.699599998886697
1,766,completed,90128.0535012,90128.0565023,90128.062215,8.713799994438887
0,766,completed,90128.0537704,90128.0567088,90128.0633957,9.62529999378603
2,767,completed,90128.0977737,90128.100258,90128.1013034,3.5296999994898215
1,767,completed,90128.0976631,90128.1001815,90128.1021968,4.53370000468567
0,767,completed,90128.097647,90128.1001809,90128.1029959,5.348899998352863
4,767,completed,90128.0978147,90128.1004074,90128.104005,6.190300002344884
3,767,completed,90128.0977048,90128.1003674,90128.1052801,7.575299998279661
5,767,completed,90128.0978684,90128.1004749,90128.1067208,8.852400002069771
3,768,completed,90128.1185476,90128.1209317,90128.1221244,3.5768000088864937
4,768,completed,90128.1183583,90128.1210674,90128.1232139,4.855600011069328
1,768,completed,90128.1187012,90128.1211177,90128.1241162,5.414999992353842
5,768,completed,90128.1183575,90128.1211919,90128.1252962,6.938699996680953
2,768,completed,90128.1187688,90128.1212852,90128.1264718,7.702999995672144
0,768,completed,90128.1195455,90128.121438,90128.1275611,8.01560000400059
1,769,completed,90128.160244,90128.1631005,90128.1645246,4.280599998310208
3,769,completed,90128.1605497,90128.1631274,90128.1655285,4.978800003300421
4,769,completed,90128.1604309,90128.1630755,90128.16689,6.459099997300655
5,769,completed,90128.1602539,90128.1629714,90128.1684613,8.20739999471698
0,769,completed,90128.1607323,90128.1634188,90128.1696378,8.905499998945743
2,769,completed,90128.1602186,90128.1634217,90128.17066,10.441400008858182
2,770,completed,90128.1876965,90128.1903549,90128.1914427,3.7462000036612153
4,770,completed,90128.1877477,90128.1903346,90128.1932661,5.518400008440949
5,770,completed,90128.187795,90128.1904166,90128.1942439,6.448899992392398
0,770,completed,90128.1876984,90128.1903196,90128.1954531,7.75469999643974
3,770,completed,90128.187654,90128.1902611,90128.1963787,8.724700004677288
1,770,completed,90128.1876331,90128.190647,90128.1972417,9.608600012143143
5,771,completed,90128.2158136,90128.2179591,90128.2190937,3.280099990661256
2,771,completed,90128.2157584,90128.2179373,90128.2200885,4.330100011429749
3,771,completed,90128.2157082,90128.2179052,90128.2209876,5.279399993014522
4,771,completed,90128.2157338,90128.2181093,90128.2221089,6.375099997967482
0,771,completed,90128.2157884,90128.2181437,90128.2236237,7.835299998987466
1,771,completed,90128.2226453,90128.223512,90128.2245813,1.936000000569038
0,772,completed,90128.2504275,90128.2527856,90128.2540313,3.6038000107510015
5,772,completed,90128.2505343,90128.2529275,90128.2552302,4.6959000028437
2,772,completed,90128.2505411,90128.2529834,90128.2562788,5.737700004829094
1,772,completed,90128.2507761,90128.2531457,90128.2576463,6.870199998957105
4,772,completed,90128.250466,90128.2531632,90128.2589989,8.532899999408983
3,772,completed,90128.2505662,90128.2532225,90128.2600718,9.505599999101833
1,773,completed,90128.2853041,90128.2872005,90128.2897651,4.460999989532866
2,773,completed,90128.2853245,90128.2880672,90128.291218,5.893499997910112
0,773,completed,90128.2855471,90128.2882603,90128.2971976,11.650500004179776
5,773,completed,90128.2853764,90128.2886232,90128.301495,16.1186000041198
4,773,completed,90128.2853183,90128.2889819,90128.3029683,17.650000008870848
3,773,completed,90128.2851473,90128.2892116,90128.3044415,19.294199999421835
1,774,completed,90128.3209955,90128.3239606,90128.326497,5.501499996171333
3,774,completed,90128.3211056,90128.3238038,90128.3283537,7.248099995194934
2,774,completed,90128.3210275,90128.3242916,90128.3296102,8.582700000260957
5,774,completed,90128.3208067,90128.3243477,90128.3307692,9.962500000256114
0,774,completed,90128.3208579,90128.3244844,90128.3317267,10.868799989111722
4,774,completed,90128.3208001,90128.3247009,90128.332642,11.841899991850369
4,775,completed,90128.3549808,90128.3578654,90128.3595562,4.575400002067909
0,775,completed,90128.354997,90128.3581085,90128.3604713,5.474299992783926
1,775,completed,90128.3551855,90128.3585303,90128.361445,6.259500005398877
3,775,completed,90128.3558014,90128.3587137,90128.362397,6.5956000034930184
5,775,completed,90128.3549234,90128.3587894,90128.3634902,8.566800010157749
2,775,completed,90128.3549393,90128.3588901,90128.3644552,9.515900004771538
3,776,completed,90128.3899842,90128.3924494,90128.3942957,4.31150000076741
0,776,completed,90128.3902598,90128.3931138,90128.3956784,5.418600005214103
4,776,completed,90128.3902598,90128.3931108,90128.3968499,6.590100005269051
2,776,completed,90128.3903066,90128.3931188,90128.3980486,7.741999987047166
1,776,completed,90128.3899839,90128.3933178,90128.3990082,9.024300001328811
5,776,completed,90128.3903299,90128.3934427,90128.4003323,10.002400013036095
5,777,completed,90128.4216348,90128.423804,90128.4257127,4.077899997355416
3,777,completed,90128.4217272,90128.4240526,90128.4267616,5.034400004660711
1,777,completed,90128.4222006,90128.424512,90128.4277272,5.5265999981202185
4,777,completed,90128.4224978,90128.4246763,90128.4287888,6.290999997872859
2,777,completed,90128.422384,90128.4248179,90128.4297824,7.398399990051985
0,777,completed,90128.4224933,90128.425086,90128.4308625,8.369200004381128
2,778,completed,90128.4609891,90128.4633019,90128.4646537,3.664599993498996
0,778,completed,90128.4611013,90128.4635557,90128.4657236,4.622300009941682
3,778,completed,90128.4611621,90128.4636317,90128.4667844,5.622300013783388
4,778,completed,90128.4611466,90128.4636738,90128.4678461,6.699499994283542
1,778,completed,90128.4617827,90128.4639211,90128.4687872,7.004500002949499
5,778,completed,90128.4618163,90128.4639502,90128.4697806,7.9643000062787905
4,779,completed,90128.4859097,90128.4880228,90128.4899558,4.046100002597086
5,779,completed,90128.4859597,90128.4883023,90128.4912794,5.319699994288385
0,779,completed,90128.4858936,90128.4884858,90128.4924822,6.588600008399226
2,779,completed,90128.4859288,90128.4888068,90128.4938403,7.911499997135252
3,779,completed,90128.4858937,90128.4888264,90128.4950695,9.175800005323254
1,779,completed,90128.4866509,90128.4890524,90128.4959944,9.343500001705252
1,780,completed,90128.5274985,90128.5298008,90128.5310715,3.572999994503334
2,780,completed,90128.5275013,90128.5299469,90128.5322133,4.7119999944698066
4,780,completed,90128.5276737,90128.5300566,90128.5332349,5.561199999647215
0,780,completed,90128.5275955,90128.530055,90128.5343817,6.786199999623932
3,780,completed,90128.5275171,90128.530236,90128.5353909,7.873800001107156
5,780,completed,90128.527718,90128.5304016,90128.5364431,8.725100007723086
5,781,completed,90128.555583,90128.5580631,90128.5594503,3.867300009005703
0,781,completed,90128.555712,90128.5580414,90128.5605471,4.835100000491366
2,781,completed,90128.5558656,90128.5581816,90128.5615796,5.713999998988584
3,781,completed,90128.5552973,90128.5581366,90128.5626128,7.3154999990947545
4,781,completed,90128.5556254,90128.5583156,90128.5637632,8.137800003169104
1,781,completed,90128.556669,90128.5587836,90128.5647781,8.109100002911873
4,782,completed,90128.5899717,90128.5922972,90128.593673,3.7012999964645132
5,782,completed,90128.5900477,90128.5924845,90128.5947614,4.713700007414445
2,782,completed,90128.5901008,90128.5924732,90128.595785,5.684200004907325
0,782,completed,90128.5904127,90128.5926441,90128.5969568,6.544100004248321
3,782,completed,90128.5901338,90128.5927636,90128.597948,7.8141999983927235
1,782,completed,90128.5904953,90128.5928524,90128.5989824,8.487099999911152
5,783,completed,90128.617752,90128.6190057,90128.620082,2.3299999884329736
4,783,completed,90128.6177513,90128.6190635,90128.620929,3.1776999967405573
0,783,completed,90128.6316021,90128.6337613,90128.6355508,3.9487000030931085
3,783,completed,90128.6316596,90128.6338898,90128.636956,5.296400006045587
2,783,completed,90128.631595,90128.6340243,90128.6379763,6.381300001521595
1,783,completed,90128.6315987,90128.634073,90128.6391815,7.5827999971807
5,784,completed,90128.6524882,90128.6547105,90128.6561397,3.6515000101644546
4,784,completed,90128.6525161,90128.6547741,90128.6571271,4.610999996657483
3,784,completed,90128.6527051,90128.6550349,90128.658223,5.517900004633702
0,784,completed,90128.6527253,90128.6550583,90128.6590954,6.3701000035507604
2,784,completed,90128.6526308,90128.6551585,90128.6600161,7.385299992165528
1,784,completed,90128.6525944,90128.655198,90128.6608828,8.288400000310503
1,785,completed,90128.6941655,90128.6964513,90128.6982862,4.120700003113598
5,785,completed,90128.6942693,90128.6967723,90128.6993109,5.041600001277402
0,785,completed,90128.6945505,90128.6969863,90128.7009047,6.354199998895638
2,785,completed,90128.6945621,90128.6971546,90128.703122,8.55990000127349
4,785,completed,90128.6946463,90128.6971381,90128.7054504,10.804099991219118
3,785,completed,90128.6945801,90128.6975263,90128.7070574,12.4772999988636
0,786,completed,90128.7219866,90128.7247165,90128.7263102,4.323600005591288
2,786,completed,90128.7221534,90128.7247392,90128.728103,5.949600003077649
3,786,completed,90128.7220212,90128.7247289,90128.7292771,7.255900010932237
4,786,completed,90128.72208,90128.7248189,90128.7302064,8.126399989123456
1,786,completed,90128.7223445,90128.7249436,90128.7311501,8.805599994957447
5,786,completed,90128.7226375,90128.7250181,90128.7320468,9.409299993421882
5,787,completed,90128.7568617,90128.7598385,90128.7612622,4.400499994517304
1,787,completed,90128.7568282,90128.7599296,90128.7624085,5.580299999564886
0,787,completed,90128.7570633,90128.7600633,90128.7636329,6.569599994691089
4,787,completed,90128.7569218,90128.760035,90128.7648935,7.971700004418381
2,787,completed,90128.757017,90128.7600952,90128.7661186,9.10160000785254
3,787,completed,90128.7574817,90128.760417,90128.7672931,9.811399999307469
3,788,completed,90128.7848262,90128.7864964,90128.7894858,4.65960000292398
2,788,completed,90128.7851645,90128.7869654,90128.7910461,5.881599994609132
0,788,completed,90128.7854561,90128.7870502,90128.7921859,6.729800006723963
5,788,completed,90128.7856727,90128.7877871,90128.7932684,7.595699993544258
4,788,completed,90128.7877829,90128.7895406,90128.7943192,6.5362999885110185
1,788,completed,90128.7881296,90128.7897481,90128.7953097,7.180100001278333
2,789,completed,90128.8269525,90128.8291452,90128.8315642,4.611699987435713
0,789,completed,90128.8268105,90128.829699,90128.8329283,6.117800003266893
1,789,completed,90128.8279466,90128.8302738,90128.8342251,6.278500004555099
3,789,completed,90128.8279362,90128.8305102,90128.8350888,7.152599995606579
4,789,completed,90128.8279254,90128.8307423,90128.8358191,7.893700007116422
5,789,completed,90128.8278306,90128.8308093,90128.836538,8.70740000391379
0,790,completed,90128.8539773,90128.856917,90128.8585434,4.5661000040126964
4,790,completed,90128.8540733,90128.8568497,90128.8595607,5.487400005222298
5,790,completed,90128.8539772,90128.8569586,90128.8606579,6.680700011202134
2,790,completed,90128.8540639,90128.8572733,90128.8614279,7.364000004599802
1,790,completed,90128.8540263,90128.8572828,90128.8621939,8.167599997250363
3,790,completed,90128.8541062,90128.8574485,90128.863144,9.037800002261065
3,791,completed,90128.8887253,90128.8912789,90128.8927381,4.012799996417016
5,791,completed,90128.8887921,90128.8913598,90128.8936068,4.8147000052267686
1,791,completed,90128.8887253,90128.8914795,90128.8945851,5.85980000323616
2,791,completed,90128.8887348,90128.8915788,90128.8958026,7.067800004733726
4,791,completed,90128.8890955,90128.8918792,90128.8966239,7.528400004957803
0,791,completed,90128.8889006,90128.8921136,90128.8973717,8.471100009046495
4,792,completed,90128.9308349,90128.9331791,90128.9346379,3.802999999606982
0,792,completed,90128.9308352,90128.9333335,90128.9357054,4.870200005825609
3,792,completed,90128.9308806,90128.9335294,90128.936771,5.890399988857098
5,792,completed,90128.9310807,90128.9336061,90128.9380748,6.994099996518344
2,792,completed,90128.9309709,90128.9336211,90128.9407008,9.729900004458614
1,792,completed,90128.9312921,90128.9338199,90128.9446713,13.379200012423098
0,793,completed,90128.9518408,90128.9542898,90128.9565486,4.70780000614468
1,793,completed,90128.9521426,90128.9547524,90128.9575697,5.42709999717772
4,793,completed,90128.9526894,90128.9552491,90128.9588318,6.142400001408532
2,793,completed,90128.9522853,90128.9552972,90128.9599332,7.647900012671016
5,793,completed,90128.952365,90128.9553552,90128.9618825,9.517500002402812
3,793,completed,90128.9524591,90128.9554268,90128.9636659,11.2068000016734
5,794,completed,90128.993242,90128.9959058,90128.9970746,3.832600006717257
2,794,completed,90128.9932569,90128.9959411,90128.997976,4.719100004876964
0,794,completed,90128.993323,90128.9960215,90128.9988396,5.516599994734861
3,794,completed,90128.9932434,90128.9959523,90128.9997979,6.554500010679476
4,794,completed,90128.9935626,90128.9961584,90129.0011317,7.569100009277463
1,794,completed,90128.9937525,90128.99618,90129.0020885,8.335999998962507
4,795,completed,90129.0210462,90129.0234304,90129.0246495,3.603300006943755
1,795,completed,90129.0210679,90129.0235873,90129.0255925,4.524599993601441
2,795,completed,90129.0212935,90129.0236505,90129.0264195,5.126000003656372
0,795,completed,90129.0211245,90129.0237381,90129.0275518,6.427300002542324
5,795,completed,90129.0214853,90129.0237435,90129.0288601,7.374799999524839
3,795,completed,90129.0213687,90129.0238441,90129.0300569,8.688199988682754
2,796,completed,90129.0520164,90129.0542765,90129.0557618,3.7453999975696206
4,796,completed,90129.0521438,90129.0544145,90129.0570225,4.8786999977892265
0,796,completed,90129.0520672,90129.0545801,90129.0581537,6.0864999977638945
1,796,completed,90129.0520407,90129.0546081,90129.0591775,7.136800006264821
5,796,completed,90129.0521185,90129.0546766,90129.0600278,7.909300009487197
3,796,completed,90129.0521734,90129.0547059,90129.0608385,8.66509998741094
4,797,completed,90129.0835093,90129.0860344,90129.0873469,3.8376000011339784
1,797,completed,90129.0835093,90129.0861616,90129.0881734,4.664099993533455
5,797,completed,90129.0836105,90129.0862024,90129.0891262,5.515699987881817
2,797,completed,90129.0836697,90129.0862389,90129.0903336,6.663899999693967
0,797,completed,90129.0835351,90129.0862529,90129.0918265,8.291399994050153
3,797,completed,90129.0835908,90129.0862748,90129.0930686,9.477800005697645
2,798,completed,90129.1223172,90129.1252948,90129.128424,6.106799992267042
0,798,completed,90129.120935,90129.1257695,90129.1297972,8.86220000393223
1,798,completed,90129.1231813,90129.1258844,90129.1307597,7.57839999278076
5,798,completed,90129.1230782,90129.1262863,90129.1320824,9.004199993796647
3,798,completed,90129.1204033,90129.1282341,90129.1333505,12.947199997142889
4,798,completed,90129.1265456,90129.1283705,90129.1346873,8.141700003761798
3,799,completed,90129.1599267,90129.1627087,90129.16412,4.193300002953038
0,799,completed,90129.1599436,90129.1626439,90129.1652283,5.284700004267506
2,799,completed,90129.1599707,90129.162747,90129.1663833,6.412600007024594
5,799,completed,90129.1601294,90129.1628215,90129.1676603,7.530899994890206
1,799,completed,90129.1599256,90129.1629592,90129.1685709,8.645299996715039
4,799,completed,90129.1602326,90129.1630692,90129.1693951,9.162500005913898
2,800,completed,90129.1877665,90129.1902801,90129.1916843,3.917800000635907
0,800,completed,90129.1877188,90129.1902678,90129.1926976,4.978799988748506
1,800,completed,90129.1876335,90129.1903704,90129.1948177,7.184200003393926
4,800,completed,90129.1876362,90129.1904018,90129.1972295,9.5932999975048
5,800,completed,90129.1876571,90129.1905209,90129.1985922,10.935099999187514
3,800,completed,90129.1878113,90129.1905225,90129.1997905,11.979200004134327
2,801,completed,90129.2224274,90129.2248938,90129.2260523,3.624899996793829
1,801,completed,90129.2225495,90129.2249582,90129.2269702,4.420700002810918
0,801,completed,90129.2224996,90129.2250924,90129.2277969,5.297299998346716
4,801,completed,90129.2223409,90129.2251531,90129.2286934,6.352500000502914
3,801,completed,90129.2223718,90129.2251449,90129.2298412,7.469399992260151
5,801,completed,90129.2223519,90129.2251734,90129.2311844,8.83250001061242
2,802,completed,90129.2638812,90129.266184,90129.2673447,3.4635000047273934
5,802,completed,90129.2638871,90129.2661756,90129.2685886,4.7015000018291175
1,802,completed,90129.2640704,90129.2664259,90129.2700068,5.936400004429743
4,802,completed,90129.2640203,90129.2664463,90129.2714513,7.43099999090191
3,802,completed,90129.2641297,90129.266487,90129.2730072,8.877500004018657
0,802,completed,90129.2642772,90129.2666095,90129.2740614,9.784200010471977
0,803,completed,90129.2850028,90129.2878478,90129.2891394,4.13660000776872
5,803,completed,90129.2851361,90129.2879697,90129.2901921,5.055999994510785
2,803,completed,90129.2848605,90129.2879706,90129.2912311,6.370599992806092
3,803,completed,90129.2849542,90129.2880667,90129.2923554,7.401199996820651
1,803,completed,90129.2850248,90129.2880764,90129.2933725,8.347700000740588
4,803,completed,90129.2849039,90129.2880997,90129.2944705,9.56659999792464
0,804,completed,90129.319524,90129.3219942,90129.3231001,3.576099989004433
4,804,completed,90129.3196526,90129.3220916,90129.3239678,4.315199999837205
5,804,completed,90129.3195952,90129.3222358,90129.3248543,5.259099998511374
2,804,completed,90129.3195714,90129.3222563,90129.3257612,6.189799998537637
1,804,completed,90129.3195239,90129.3223091,90129.3268475,7.323599988012575
3,804,completed,90129.319531,90129.3222527,90129.3277759,8.244900003774092
1,805,completed,90129.3543475,90129.35684,90129.3579132,3.5656999971251935
2,805,completed,90129.3543469,90129.3568822,90129.3586993,4.352400006609969
3,805,completed,90129.3543507,90129.3568402,90129.3594474,5.096699998830445
5,805,completed,90129.3543889,90129.3570454,90129.3601893,5.800400002044626
0,805,completed,90129.3545067,90129.357063,90129.3610276,6.520900002215058
4,805,completed,90129.354459,90129.3570821,90129.3618601,7.401100010611117
0,806,completed,90129.3890348,90129.3915099,90129.3925942,3.559400007361546
4,806,completed,90129.3890554,90129.3915196,90129.3933355,4.280100009054877
2,806,completed,90129.3891748,90129.3917398,90129.3940071,4.8322999937227
5,806,completed,90129.3891514,90129.3917229,90129.3947668,5.615400004899129
1,806,completed,90129.3892558,90129.3917785,90129.3957599,6.504100005258806
3,806,completed,90129.3892828,90129.3918024,90129.3966743,7.391500010271557
4,807,completed,90129.4235214,90129.4260823,90129.426999,3.4776000102283433
1,807,completed,90129.4235613,90129.4260319,90129.427694,4.1326999926241115
2,807,completed,90129.423659,90129.4261618,90129.4283303,4.671300004702061
3,807,completed,90129.4235927,90129.4261996,90129.4289733,5.380600006901659
0,807,completed,90129.4235209,90129.426235,90129.4295807,6.059799998183735
5,807,completed,90129.4236988,90129.4262981,90129.4303632,6.664399988949299
4,808,completed,90129.4514068,90129.4540449,90129.455069,3.6622000043280423
5,808,completed,90129.4512824,90129.4540139,90129.4557032,4.420800003572367
1,808,completed,90129.4512829,90129.4540405,90129.4563953,5.112400001962669
0,808,completed,90129.4513471,90129.4541369,90129.4571615,5.814400006784126
3,808,completed,90129.4514443,90129.4540493,90129.4579495,6.505200013634749
2,808,completed,90129.4513432,90129.4542145,90129.4589418,7.598600001074374
5,809,completed,90129.4930932,90129.4957021,90129.4966012,3.507999994326383
1,809,completed,90129.4932435,90129.4958378,90129.4972518,4.008300005807541
3,809,completed,90129.4931495,90129.4957876,90129.4979163,4.766799989738502
2,809,completed,90129.493085,90129.4957777,90129.4986564,5.571400004555471
4,809,completed,90129.493192,90129.4958477,90129.4993885,6.196500005898997
0,809,completed,90129.4931101,90129.4957946,90129.5002242,7.114100008038804
3,810,completed,90129.5209658,90129.5235125,90129.5246322,3.666400007205084
4,810,completed,90129.5209545,90129.5234437,90129.5258237,4.869199998211116
5,810,completed,90129.5210983,90129.5236765,90129.5268872,5.788900001789443
2,810,completed,90129.5211652,90129.5237216,90129.5280829,6.917699996847659
1,810,completed,90129.5210896,90129.5237506,90129.5290801,7.990499987499788
0,810,completed,90129.5210072,90129.5238922,90129.5300131,9.00589999218937
1,811,completed,90129.5511665,90129.5536451,90129.5550111,3.8446000107796863
2,811,completed,90129.5511972,90129.5536252,90129.5563744,5.177200000616722
5,811,completed,90129.5513032,90129.553764,90129.5575725,6.269299992709421
3,811,completed,90129.5512794,90129.5538502,90129.5587898,7.510399998864159
0,811,completed,90129.5511671,90129.5538857,90129.5598474,8.680300001287833
4,811,completed,90129.5513196,90129.5539662,90129.560827,9.507399998256005
3,812,completed,90129.5833389,90129.584884,90129.5858585,2.519599991501309
0,812,completed,90129.5832857,90129.5849357,90129.5866659,3.3801999961724505
4,812,completed,90129.5832857,90129.5850019,90129.5873644,4.078699988895096
5,812,completed,90129.5833666,90129.5849852,90129.5880578,4.691200010711327
2,812,completed,90129.5971893,90129.5980989,90129.5990541,1.8648000113898888
1,812,completed,90129.5971693,90129.5981379,90129.599867,2.697699994314462
1,813,completed,90129.6181874,90129.6208567,90129.6219929,3.8055000040913
3,813,completed,90129.6183633,90129.6209715,90129.6228598,4.496499997912906
0,813,completed,90129.6182064,90129.6208564,90129.6237232,5.51679999625776
2,813,completed,90129.6181756,90129.6210248,90129.6247264,6.550799997057766
5,813,completed,90129.6182566,90129.6210875,90129.6256109,7.354299988946877
4,813,completed,90129.6182951,90129.6210914,90129.6263666,8.071500007645227
4,814,completed,90129.6531006,90129.6557101,90129.6569151,3.8144999998621643
5,814,completed,90129.6531644,90129.6558675,90129.6580069,4.842499998630956
0,814,completed,90129.653306,90129.6559033,90129.6590606,5.754600002546795
2,814,completed,90129.6531545,90129.6560233,90129.6604224,7.267900000442751
1,814,completed,90129.6532406,90129.6560226,90129.6617843,8.54369999433402
3,814,completed,90129.6532088,90129.6561006,90129.6627189,9.510100004263222
0,815,completed,90129.6877696,90129.6901779,90129.6915203,3.75069999427069
4,815,completed,90129.6878837,90129.6903638,90129.6926411,4.757400005473755
1,815,completed,90129.6877788,90129.6902901,90129.6938563,6.07750000199303
5,815,completed,90129.6879816,90129.6905595,90129.6954406,7.459000000380911
2,815,completed,90129.6878283,90129.6906237,90129.6979121,10.0838000071235
3,815,completed,90129.687801,90129.6906642,90129.6991599,11.358900010236539
3,816,completed,90129.7224618,90129.7253186,90129.7267826,4.320799998822622
5,816,completed,90129.7224889,90129.7253082,90129.7282029,5.713999998988584
4,816,completed,90129.7226992,90129.7255331,90129.7298801,7.180899992818013
0,816,completed,90129.7228652,90129.7256724,90129.7312435,8.378300000913441
2,816,completed,90129.7224468,90129.725716,90129.7322439,9.79709999228362
1,816,completed,90129.7227564,90129.7257944,90129.733308,10.551599989412352
2,817,completed,90129.750251,90129.7523126,90129.7536111,3.360099988640286
0,817,completed,90129.7503034,90129.7523872,90129.754661,4.357600002549589
1,817,completed,90129.750328,90129.7524202,90129.7557025,5.374500004108995
4,817,completed,90129.7502427,90129.7525134,90129.7569053,6.662600004347041
5,817,completed,90129.7571524,90129.7582315,90129.7594369,2.284500005771406
3,817,completed,90129.7571677,90129.7583422,90129.7605521,3.384399999049492
5,818,completed,90129.7850483,90129.7876097,90129.7890113,3.963000010116957
3,818,completed,90129.7849668,90129.78761,90129.7898973,4.930499999318272
4,818,completed,90129.7851416,90129.7877954,90129.7906774,5.535799995413981
2,818,completed,90129.7852703,90129.7878912,90129.7917325,6.462200006353669
0,818,completed,90129.7851718,90129.7879632,90129.793143,7.971200000611134
1,818,completed,90129.7850903,90129.788033,90129.7946907,9.600399993360043
2,819,completed,90129.8196829,90129.8220791,90129.8234666,3.7837000127183273
3,819,completed,90129.8198272,90129.8222351,90129.8244669,4.639699996914715
5,819,completed,90129.8196918,90129.822326,90129.8254038,5.711999998311512
4,819,completed,90129.8197505,90129.822419,90129.8269046,7.154100007028319
0,819,completed,90129.8197698,90129.8226009,90129.8286049,8.835100001306273
1,819,completed,90129.8199421,90129.8227195,90129.8300067,10.064599991892464
0,820,completed,90129.8545638,90129.8572013,90129.8587613,4.197499991278164
5,820,completed,90129.8544848,90129.8571569,90129.8596959,5.211099996813573
1,820,completed,90129.8546513,90129.8573087,90129.8608107,6.1593999998876825
3,820,completed,90129.8545672,90129.8574497,90129.8620715,7.504299996071495
2,820,completed,90129.8545545,90129.8576087,90129.8630731,8.51860000693705
4,820,completed,90129.8545419,90129.8576978,90129.8640812,9.539299993775785
2,821,completed,90129.8890542,90129.8912254,90129.8925584,3.5041999944951385
4,821,completed,90129.8890389,90129.8913101,90129.8935976,4.558700005873106
3,821,completed,90129.8890943,90129.8915331,90129.89445,5.355700006475672
0,821,completed,90129.8892522,90129.8915206,90129.8953654,6.1132000118959695
1,821,completed,90129.8891649,90129.891655,90129.8969877,7.822800005669706
5,821,completed,90129.8893494,90129.8918455,90129.8979722,8.622800000011921
3,822,completed,90129.9310481,90129.9329898,90129.934914,3.8658999983454123
1,822,completed,90129.9314114,90129.9334145,90129.9360285,4.617099999450147
4,822,completed,90129.9316347,90129.9340419,90129.9372842,5.649500002618879
0,822,completed,90129.931522,90129.9341832,90129.9387042,7.182200002716854
5,822,completed,90129.9312703,90129.934206,90129.9398341,8.563800001866184
2,822,completed,90129.9316819,90129.9345016,90129.9413524,9.67050000326708
2,823,completed,90129.9517994,90129.9540223,90129.95523,3.4306000015931204
4,823,completed,90129.9515749,90129.953961,90129.9561536,4.578699998091906
1,823,completed,90129.9515679,90129.9541432,90129.9569474,5.379499998525716
0,823,completed,90129.9520701,90129.9543026,90129.9577585,5.688399993232451
5,823,completed,90129.9517496,90129.9543351,90129.9587861,7.0364999992307276
3,823,completed,90129.9515886,90129.9540608,90129.9598242,8.23560000571888
0,824,completed,90129.9932764,90129.9959204,90129.9971462,3.869799998938106
3,824,completed,90129.9933828,90129.9960361,90129.998104,4.721199991763569
1,824,completed,90129.9932966,90129.9960356,90129.9988647,5.568099993979558
4,824,completed,90129.9935311,90129.9962714,90129.9998463,6.315199992968701
2,824,completed,90129.9935663,90129.9962565,90130.0008071,7.240799997816794
5,824,completed,90129.9932764,90129.9962137,90130.0018636,8.587200005422346
4,825,completed,90130.0211527,90130.0237582,90130.025293,4.1402999922866
5,825,completed,90130.0211044,90130.0236929,90130.0263126,5.208200003835373
2,825,completed,90130.0211055,90130.0237631,90130.0274618,6.3563000003341585
3,825,completed,90130.0212247,90130.0238098,90130.0287871,7.562400001916103
1,825,completed,90130.021262,90130.0239461,90130.0300316,8.76960001187399
0,825,completed,90130.0214353,90130.0241451,90130.031156,9.720699992612936
0,826,completed,90130.0521595,90130.0542667,90130.0559136,3.754099991056137
1,826,completed,90130.0521479,90130.0546104,90130.0571766,5.028700004913844
2,826,completed,90130.0523109,90130.0546844,90130.0583662,6.055299993022345
3,826,completed,90130.0521476,90130.0547338,90130.0594109,7.263299994519912
4,826,completed,90130.052641,90130.0548333,90130.0603337,7.692700004554354
5,826,completed,90130.0528324,90130.0549002,90130.0612772,8.444799997960217
2,827,completed,90130.0868286,90130.0888358,90130.0900119,3.1832999957259744
3,827,completed,90130.0868802,90130.088964,90130.0910309,4.150699998717755
0,827,completed,90130.0870455,90130.0890912,90130.0920012,4.955700002028607
4,827,completed,90130.0870393,90130.0890741,90130.092794,5.754700003308244
5,827,completed,90130.0868391,90130.0890849,90130.0935815,6.742400000803173
1,827,completed,90130.0869174,90130.0891853,90130.0943955,7.478100000298582
4,828,completed,90130.1181194,90130.1204861,90130.1216299,3.510499998810701
2,828,completed,90130.1182472,90130.1205379,90130.1227654,4.518200003076345
3,828,completed,90130.1181176,90130.1205484,90130.1238782,5.760600004578009
1,828,completed,90130.1181726,90130.1204725,90130.125109,6.936399993719533
5,828,completed,90130.1182752,90130.1205697,90130.1264725,8.197299990570173
0,828,completed,90130.1250805,90130.1259602,90130.1273251,2.244599992991425
2,829,completed,90130.1527985,90130.1550802,90130.1562502,3.451700002187863
5,829,completed,90130.1527638,90130.1551398,90130.1570415,4.277700005332008
3,829,completed,90130.1527467,90130.1553669,90130.1578197,5.07300000754185
4,829,completed,90130.1528061,90130.155427,90130.1585755,5.769399998825975
1,829,completed,90130.1528798,90130.1554852,90130.159367,6.48719999298919
0,829,completed,90130.1528754,90130.155489,90130.1603331,7.4576999904820696
2,830,completed,90130.1876569,90130.18997,90130.190981,3.3241000055568293
3,830,completed,90130.1874621,90130.1898593,90130.1916806,4.218499991111457
0,830,completed,90130.1875882,90130.1900427,90130.1924536,4.865399998379871
5,830,completed,90130.1874884,90130.190022,90130.1932155,5.72709999687504
1,830,completed,90130.1874274,90130.1900193,90130.1940883,6.660900005954318
4,830,completed,90130.1874272,90130.1900495,90130.1950178,7.590599998366088
3,831,completed,90130.222112,90130.2246655,90130.2259193,3.807300003245473
1,831,completed,90130.2221204,90130.2248669,90130.2267802,4.659800004446879
5,831,completed,90130.2222219,90130.2248973,90130.2275388,5.316900002071634
0,831,completed,90130.2221894,90130.2249126,90130.2282831,6.093700008932501
2,831,completed,90130.2221551,90130.224996,90130.2291416,6.986499996855855
4,831,completed,90130.2223119,90130.2251082,90130.2298323,7.5204000022495165
5,832,completed,90130.2568521,90130.2589373,90130.2598326,2.980499994009733
4,832,completed,90130.256756,90130.2588055,90130.2605624,3.806399996392429
1,832,completed,90130.2567418,90130.2590004,90130.2611977,4.45590000890661
2,832,completed,90130.2568057,90130.2590578,90130.2618827,5.076999994344078
0,832,completed,90130.2569424,90130.2590956,90130.2625931,5.650699997204356
3,832,completed,90130.2568975,90130.2591068,90130.2633167,6.419199999072589
5,833,completed,90130.2847352,90130.2866358,90130.2875406,2.805399999488145
1,833,completed,90130.2846378,90130.2865748,90130.2883139,3.6761000083060935
3,833,completed,90130.2845367,90130.2866737,90130.2889279,4.391199996462092
2,833,completed,90130.2845104,90130.2866363,90130.289543,5.032600005506538
4,833,completed,90130.2845483,90130.286683,90130.2901301,5.581799996434711
0,833,completed,90130.2846958,90130.2867684,90130.2907124,6.016600003931671
4,834,completed,90130.319441,90130.3216809,90130.322666,3.224999993108213
0,834,completed,90130.3194108,90130.3216887,90130.3234607,4.0499000024283305
3,834,completed,90130.3194027,90130.3217979,90130.3241625,4.759799994644709
2,834,completed,90130.3195289,90130.3218889,90130.3248438,5.314900001394562
1,834,completed,90130.3194994,90130.3219167,90130.325539,6.039600004442036
5,834,completed,90130.3196063,90130.3219327,90130.326459,6.852699996670708
5,835,completed,90130.3539366,90130.3560133,90130.3569832,3.046600002562627
0,835,completed,90130.353901,90130.3561942,90130.3577611,3.8600999978370965
3,835,completed,90130.3540846,90130.3561948,90130.3584344,4.349800001364201
4,835,completed,90130.3541485,90130.356191,90130.359088,4.939499995089136
1,835,completed,90130.3539924,90130.3561662,90130.3597344,5.74199999391567
2,835,completed,90130.353901,90130.3562543,90130.3605385,6.637500002398156
0,836,completed,90130.3853638,90130.3872884,90130.3884899,3.1260999967344105
2,836,completed,90130.3853233,90130.3873935,90130.3895685,4.245200005243532
3,836,completed,90130.3855657,90130.3874869,90130.3906333,5.067600010079332
1,836,completed,90130.3854603,90130.3875603,90130.3915537,6.093399992096238
4,836,completed,90130.3853506,90130.3877089,90130.3925478,7.197200000518933
5,836,completed,90130.3855274,90130.3878373,90130.3934083,7.8809000115143135
5,837,completed,90130.4166866,90130.4185495,90130.4196991,3.0125000048428774
4,837,completed,90130.4166537,90130.4186323,90130.4204301,3.7764000007882714
1,837,completed,90130.4167615,90130.4190427,90130.4211171,4.355600001872517
3,837,completed,90130.4166551,90130.4190349,90130.4218384,5.183300003409386
2,837,completed,90130.416766,90130.4190615,90130.4225458,5.77980000525713
0,837,completed,90130.416828,90130.4192143,90130.4233453,6.517300003906712
1,838,completed,90130.4513423,90130.4534987,90130.4546454,3.303099991171621
0,838,completed,90130.4513498,90130.4534223,90130.4554146,4.06479999946896
5,838,completed,90130.4514399,90130.4536017,90130.4561468,4.706899999291636
2,838,completed,90130.4515109,90130.4536587,90130.456816,5.3050999995321035
3,838,completed,90130.4514022,90130.4537737,90130.4575703,6.168100007926114
4,838,completed,90130.4513895,90130.4537768,90130.4584317,7.042199998977594
5,839,completed,90130.4929368,90130.4948924,90130.4959059,2.969099994516
0,839,completed,90130.4930081,90130.4950061,90130.4965787,3.5705999907804653
2,839,completed,90130.4929661,90130.4951565,90130.4972108,4.2446999868843704
1,839,completed,90130.4929891,90130.4951824,90130.4978678,4.8786999977892265
4,839,completed,90130.4931486,90130.4952495,90130.498571,5.422400005045347
3,839,completed,90130.4930633,90130.4952745,90130.4992702,6.206899997778237
4,840,completed,90130.5207731,90130.523214,90130.5242135,3.4404000034555793
0,840,completed,90130.5207349,90130.5231441,90130.5251312,4.3963000061921775
1,840,completed,90130.5208622,90130.5232655,90130.5257783,4.916099991532974
5,840,completed,90130.520738,90130.5232823,90130.5264628,5.724799993913621
3,840,completed,90130.5208333,90130.5233349,90130.5272365,6.403199993656017
2,840,completed,90130.5210631,90130.523415,90130.5281296,7.0665000093868
0,841,completed,90130.5505441,90130.5525206,90130.5534365,2.892400007112883
2,841,completed,90130.5504398,90130.5526189,90130.5541846,3.7447999930009246
4,841,completed,90130.5505976,90130.5525611,90130.5548573,4.259699999238364
5,841,completed,90130.5504398,90130.5526164,90130.5557224,5.28259998827707
1,841,completed,90130.5504737,90130.5526568,90130.5566101,6.136399999377318
3,841,completed,90130.5504945,90130.5526767,90130.5574848,6.990299996687099
5,842,completed,90130.5971572,90130.5993502,90130.6003262,3.169000003254041
2,842,completed,90130.5972515,90130.5994152,90130.601306,4.054499993799254
1,842,completed,90130.5972043,90130.5993593,90130.6020865,4.882200009888038
0,842,completed,90130.5971567,90130.5992592,90130.6028393,5.682600007276051
3,842,completed,90130.5974481,90130.5995592,90130.6036399,6.191799999214709
4,842,completed,90130.5974473,90130.5996347,90130.6046814,7.234100005007349
1,843,completed,90130.6179997,90130.6198884,90130.6208944,2.8946999955223873
3,843,completed,90130.6180119,90130.6198793,90130.6216551,3.6431999906199053
0,843,completed,90130.6182229,90130.6201351,90130.6223838,4.160900003626011
5,843,completed,90130.6182239,90130.6202008,90130.6230725,4.84860000142362
2,843,completed,90130.6180855,90130.620272,90130.6237785,5.69299999915529
4,843,completed,90130.61811,90130.6202754,90130.6245344,6.424400009564124
5,844,completed,90130.6526628,90130.6546927,90130.6556068,2.9440000071190298
4,844,completed,90130.6526532,90130.6548592,90130.6562982,3.6450000043259934
3,844,completed,90130.6528051,90130.6548876,90130.6569322,4.127099993638694
1,844,completed,90130.6528585,90130.6548809,90130.6576472,4.788699996424839
2,844,completed,90130.6526472,90130.6549171,90130.6583377,5.6905000092228875
0,844,completed,90130.65275,90130.6549686,90130.6590803,6.330300006084144
3,845,completed,90130.6874788,90130.68949,90130.6903366,2.8578000055858865
5,845,completed,90130.6874207,90130.6894197,90130.6910395,3.6188000085530803
2,845,completed,90130.6874284,90130.6894427,90130.6917462,4.317800005082972
1,845,completed,90130.6875602,90130.6896232,90130.6924794,4.919200000585988
0,845,completed,90130.6874641,90130.6896856,90130.6931899,5.725800001528114
4,845,completed,90130.6876135,90130.6897366,90130.6939571,6.343599990941584
4,846,completed,90130.721839,90130.7241854,90130.7256726,3.8335999997798353
3,846,completed,90130.7219286,90130.7241883,90130.7264649,4.536299995379522
1,846,completed,90130.7218203,90130.7241996,90130.7271898,5.369500009692274
0,846,completed,90130.7218715,90130.7242545,90130.7278872,6.015699997078627
5,846,completed,90130.7220118,90130.724368,90130.7286643,6.652500000200234
2,846,completed,90130.7221948,90130.7245205,90130.72953,7.335200003581122
3,847,completed,90130.7568781,90130.7590573,90130.7598969,3.0187999946065247
2,847,completed,90130.7569784,90130.7591162,90130.7607734,3.795000011450611
5,847,completed,90130.7568068,90130.7589652,90130.7615422,4.735399998025969
4,847,completed,90130.7568341,90130.7590283,90130.7623022,5.4681000037817284
1,847,completed,90130.756923,90130.7591709,90130.7631193,6.1963000043760985
0,847,completed,90130.7568079,90130.7592136,90130.7640497,7.241799990879372
1,848,completed,90130.784643,90130.7866295,90130.787785,3.141999986837618
5,848,completed,90130.7846695,90130.7867337,90130.7885794,3.9098999986890703
2,848,completed,90130.7846471,90130.7867369,90130.7892772,4.63010001112707
4,848,completed,90130.784807,90130.7868029,90130.7899891,5.182099994271994
0,848,completed,90130.7847164,90130.7868915,90130.7906858,5.969400008325465
3,848,completed,90130.7847552,90130.7868802,90130.7915738,6.818599998950958
3,849,completed,90130.8193081,90130.8214002,90130.8222061,2.897999991546385
0,849,completed,90130.819308,90130.8213516,90130.8228618,3.5537999938242137
4,849,completed,90130.8193326,90130.8214591,90130.8234867,4.154099995503202
1,849,completed,90130.8194803,90130.8215039,90130.8241145,4.634200013242662
5,849,completed,90130.819398,90130.8215055,90130.8247965,5.398499997681938
2,849,completed,90130.8194295,90130.8215066,90130.8254569,6.027399998856708
1,850,completed,90130.8541266,90130.8562562,90130.8572949,3.1682999979238957
0,850,completed,90130.8541262,90130.8563189,90130.8583136,4.187399987131357
2,850,completed,90130.8544033,90130.8565052,90130.8590808,4.677499993704259
4,850,completed,90130.8544466,90130.8565562,90130.8598281,5.381499999202788
5,850,completed,90130.8541306,90130.8565713,90130.8607502,6.619599997065961
3,850,completed,90130.8545797,90130.8566784,90130.8616696,7.089899998391047
4,851,completed,90130.888825,90130.8912963,90130.8922536,3.428600000916049
0,851,completed,90130.8889373,90130.8912346,90130.8929874,4.050100003951229
5,851,completed,90130.888808,90130.8912355,90130.8936963,4.888299998128787
2,851,completed,90130.8888037,90130.8913834,90130.894346,5.542300001252443
1,851,completed,90130.8888315,90130.891466,90130.8950486,6.217100002686493
3,851,completed,90130.8890517,90130.8914481,90130.8959501,6.898400009959005
2,852,completed,90130.9236824,90130.9262948,90130.927392,3.7096000014571473
3,852,completed,90130.9237025,90130.9262765,90130.928186,4.483500000787899
0,852,completed,90130.9236842,90130.926493,90130.9289532,5.269000001135282
5,852,completed,90130.92392,90130.9264768,90130.9296823,5.762300002970733
4,852,completed,90130.9237429,90130.926498,90130.9305853,6.8423999910010025
1,852,completed,90130.9240818,90130.9266715,90130.9315455,7.463700007065199
3,853,completed,90130.9515918,90130.9539132,90130.9548987,3.3069000055547804
0,853,completed,90130.951656,90130.9540471,90130.9557368,4.080799990333617
4,853,completed,90130.951575,90130.9540822,90130.9566819,5.106900003738701
5,853,completed,90130.9516845,90130.9541066,90130.9574857,5.801199993584305
1,853,completed,90130.9516126,90130.9541904,90130.9584386,6.8260000116424635
2,853,completed,90130.9517434,90130.9541949,90130.9593872,7.643799996003509
4,854,completed,90130.9931337,90130.9957097,90130.996961,3.827299995464273
0,854,completed,90130.9932344,90130.995781,90130.9979292,4.694800009019673
1,854,completed,90130.9930998,90130.9958448,90130.9988736,5.773799988674
2,854,completed,90130.9931126,90130.995815,90130.9998467,6.7340999958105385
3,854,completed,90130.9933059,90130.9959457,90131.0011489,7.842999999411404
5,854,completed,90130.9931842,90130.9959683,90131.0022986,9.114400003454648
2,855,completed,90131.0210668,90131.0234685,90131.0246893,3.62249999307096
4,855,completed,90131.0212302,90131.0236289,90131.0257291,4.498900001635775
1,855,completed,90131.021142,90131.0236335,90131.0268079,5.665899996529333
5,855,completed,90131.0210669,90131.0236983,90131.027964,6.897100000060163
3,855,completed,90131.0211243,90131.0236789,90131.0290194,7.8951000032247975
0,855,completed,90131.0213286,90131.0238192,90131.0299991,8.670499999425374
1,856,completed,90131.050373,90131.0521015,90131.0530545,2.681499987374991
2,856,completed,90131.0503644,90131.0520253,90131.054003,3.6385999992489815
5,856,completed,90131.0505189,90131.0522789,90131.0551458,4.626900001312606
3,856,completed,90131.0504179,90131.0523395,90131.0567574,6.339500003377907
4,856,completed,90131.0504292,90131.0523395,90131.0578089,7.379700007732026
0,856,completed,90131.0558109,90131.0568598,90131.0587733,2.9624000017065555
0,857,completed,90131.0834784,90131.0842016,90131.0853136,1.8351999897276983
3,857,completed,90131.097677,90131.1001678,90131.1012902,3.613199995015748
4,857,completed,90131.0976939,90131.1001735,90131.1024322,4.738300005556084
2,857,completed,90131.097632,90131.1000978,90131.1034135,5.781499989097938
5,857,completed,90131.0979673,90131.1002378,90131.1045578,6.590500008314848
1,857,completed,90131.097816,90131.1002813,90131.1056431,7.827100009308197
5,858,completed,90131.1186693,90131.1215272,90131.1226839,4.014599995571189
3,858,completed,90131.1187268,90131.1215976,90131.1237532,5.026399987400509
0,858,completed,90131.1185463,90131.1215122,90131.1252441,6.6977999958908185
1,858,completed,90131.1185742,90131.121511,90131.1265768,8.002600006875582
4,858,completed,90131.1185978,90131.1215122,90131.1278173,9.219500003382564
2,858,completed,90131.1187511,90131.1216364,90131.1290025,10.251400002744049
4,859,completed,90131.1599886,90131.1624294,90131.1638543,3.8656999968225136
1,859,completed,90131.1599431,90131.16239,90131.1650003,5.057199989096262
0,859,completed,90131.160187,90131.1625971,90131.16635,6.162999998196028
3,859,completed,90131.1599426,90131.1626373,90131.1678376,7.895000002463348
2,859,completed,90131.1603026,90131.1626697,90131.1692794,8.976800003438257
5,859,completed,90131.1599489,90131.1627158,90131.1704875,10.53860000683926
5,860,completed,90131.1897712,90131.1936186,90131.1979572,8.185999991837889
0,860,completed,90131.1903765,90131.1941049,90131.2022303,11.853799995151348
4,860,completed,90131.1905008,90131.1943896,90131.2060112,15.510400000493973
2,860,completed,90131.1899569,90131.1946376,90131.2102241,20.267200001399033
1,860,completed,90131.1904774,90131.1955172,90131.2120875,21.610099996905774
3,860,completed,90131.1900525,90131.1970121,90131.2132379,23.18540000123903
3,861,completed,90131.2232335,90131.2260395,90131.2295532,6.3196999981300905
5,861,completed,90131.2237928,90131.2261648,90131.2314229,7.630100008100271
4,861,completed,90131.2237702,90131.2263928,90131.2323614,8.59120000677649
2,861,completed,90131.2232757,90131.2272965,90131.2332283,9.952599997632205
0,861,completed,90131.2257834,90131.2285654,90131.2340029,8.219499999540858
1,861,completed,90131.22641,90131.2293067,90131.2347769,8.366900001419708
0,862,completed,90131.2502625,90131.2511871,90131.2522244,1.9618999940576032
3,862,completed,90131.2571175,90131.2593359,90131.2602524,3.134899990982376
2,862,completed,90131.257004,90131.2592592,90131.2615959,4.591899996739812
5,862,completed,90131.2570142,90131.2593996,90131.2626533,5.639099996187724
1,862,completed,90131.2569874,90131.2593901,90131.2639262,6.938799997442402
4,862,completed,90131.2570769,90131.2593168,90131.2652634,8.186499995645136
5,863,completed,90131.2850747,90131.2872285,90131.2891631,4.088399989996105
1,863,completed,90131.2850689,90131.2874414,90131.2904815,5.412599988630973
2,863,completed,90131.285185,90131.287517,90131.291735,6.550000005518086
3,863,completed,90131.2858551,90131.2880626,90131.2928254,6.9703000044682994
4,863,completed,90131.2857258,90131.2881104,90131.294068,8.34220000251662
0,863,completed,90131.2859528,90131.2882428,90131.2950224,9.069599997019395
1,864,completed,90131.3266138,90131.3291974,90131.3305369,3.9230999973369762
5,864,completed,90131.3266386,90131.3292818,90131.331474,4.835400002775714
2,864,completed,90131.3266109,90131.3294957,90131.3324132,5.802300001960248
3,864,completed,90131.3266234,90131.3295276,90131.3335825,6.95909999194555
0,864,completed,90131.3267148,90131.329631,90131.3346936,7.978800000273623
4,864,completed,90131.3268859,90131.3296461,90131.3357239,8.838000008836389
5,865,completed,90131.3542388,90131.3566373,90131.3578958,3.656999993836507
2,865,completed,90131.354387,90131.3568516,90131.35879,4.402999999001622
0,865,completed,90131.3542687,90131.3568139,90131.359523,5.2543000056175515
1,865,completed,90131.3542518,90131.3569051,90131.3603229,6.071099996916018
3,865,completed,90131.3545263,90131.3569175,90131.3612976,6.771300002583303
4,865,completed,90131.3543194,90131.3570466,90131.3622758,7.956400004331954
4,866,completed,90131.389185,90131.3914299,90131.3928451,3.660099988337606
3,866,completed,90131.3892664,90131.3917385,90131.3938755,4.609099996741861
1,866,completed,90131.3892553,90131.3918372,90131.3948954,5.640099989250302
2,866,completed,90131.3893951,90131.3919392,90131.3961896,6.794499990064651
5,866,completed,90131.3891577,90131.3919519,90131.3974462,8.288500001071952
0,866,completed,90131.3894205,90131.3919626,90131.3987483,9.327799998573028
4,867,completed,90131.4238348,90131.4263695,90131.4276205,3.7856999988434836
2,867,completed,90131.4238786,90131.4264415,90131.4286538,4.775199995492585
0,867,completed,90131.4238367,90131.4263139,90131.4296029,5.766199989011511
1,867,completed,90131.4239265,90131.4264591,90131.4305965,6.669999987934716
5,867,completed,90131.4239987,90131.4265075,90131.4329518,8.953099997597747
3,867,completed,90131.4241235,90131.4265458,90131.4343137,10.190200002398342
5,868,completed,90131.4516375,90131.4542525,90131.4554462,3.8086999993538484
3,868,completed,90131.451639,90131.4543582,90131.4563852,4.746199992951006
4,868,completed,90131.4517109,90131.4543889,90131.457306,5.595099995844066
0,868,completed,90131.4516581,90131.4542839,90131.4584049,6.746799990651198
2,868,completed,90131.4517764,90131.4543613,90131.4596773,7.900899989181198
1,868,completed,90131.4518199,90131.4546311,90131.4606551,8.835200002067722
2,869,completed,90131.4865518,90131.4892048,90131.4906083,4.056499994476326
4,869,completed,90131.4865196,90131.4892086,90131.4919831,5.463499997858889
1,869,completed,90131.4865196,90131.4894154,90131.493327,6.807400000980124
3,869,completed,90131.4869347,90131.489393,90131.4947984,7.863699996960349
5,869,completed,90131.4865436,90131.4894198,90131.4959293,9.385700002894737
0,869,completed,90131.4865845,90131.4894468,90131.4971544,10.569899997790344
3,870,completed,90131.5234123,90131.5263224,90131.5280192,4.606900009093806
0,870,completed,90131.5234031,90131.5264971,90131.529088,5.684899995685555
5,870,completed,90131.5238103,90131.5266675,90131.5300828,6.272500002523884
1,870,completed,90131.5234248,90131.5266977,90131.5309655,7.5406999967526644
2,870,completed,90131.523827,90131.5267785,90131.5318532,8.026199997402728
4,870,completed,90131.5238117,90131.526915,90131.5326169,8.805200006463565
4,871,completed,90131.5508751,90131.5530231,90131.554206,3.3308999991277233
2,871,completed,90131.5508249,90131.5529572,90131.5553763,4.551400008494966
0,871,completed,90131.5507747,90131.5529401,90131.5570724,6.297700005234219
1,871,completed,90131.5507422,90131.5531153,90131.5582039,7.461700006388128
5,871,completed,90131.5507425,90131.5531584,90131.5594111,8.668599999509752
3,871,completed,90131.5557358,90131.5567578,90131.5603562,4.62040001002606
1,872,completed,90131.583681,90131.5862883,90131.587356,3.674999999930151
5,872,completed,90131.5836808,90131.5864726,90131.5882493,4.56849999318365
4,872,completed,90131.5837259,90131.5864498,90131.589011,5.285100007313304
3,872,completed,90131.5840716,90131.5865232,90131.5901363,6.064700006390922
2,872,completed,90131.583916,90131.586558,90131.5912848,7.368799997493625
0,872,completed,90131.5838147,90131.5865911,90131.5923098,8.495100002619438
4,873,completed,90131.618407,90131.6210638,90131.622243,3.836000003502704
2,873,completed,90131.6183692,90131.6210722,90131.6235965,5.2272999892011285
0,873,completed,90131.618366,90131.6210067,90131.6249973,6.631299998844042
3,873,completed,90131.6186304,90131.6212608,90131.6264107,7.780300002195872
1,873,completed,90131.6185164,90131.6214266,90131.6279109,9.394499997142702
5,873,completed,90131.6184634,90131.6214125,90131.6290939,10.63050000811927
2,874,completed,90131.6597494,90131.6622233,90131.6634816,3.7321999989217147
5,874,completed,90131.6597491,90131.6623393,90131.6644749,4.7257999976864085
0,874,completed,90131.659801,90131.6625764,90131.6652777,5.476699996506795
3,874,completed,90131.6598741,90131.6625957,90131.6662449,6.370799994328991
4,874,completed,90131.6599592,90131.662683,90131.6676352,7.676000008359551
1,874,completed,90131.6602158,90131.6627033,90131.6685638,8.348000003024936
5,875,completed,90131.6876829,90131.6900402,90131.6910208,3.337900008773431
0,875,completed,90131.6876618,90131.6901526,90131.6918156,4.153800007770769
3,875,completed,90131.6878901,90131.6901853,90131.6925319,4.641799998353235
4,875,completed,90131.6877116,90131.6901934,90131.6933138,5.602200006251223
1,875,completed,90131.6877433,90131.6902534,90131.694152,6.408699991879985
2,875,completed,90131.6878448,90131.6902613,90131.6952138,7.368999999016523
2,876,completed,90131.7218677,90131.7244561,90131.7257531,3.8854000013088807
4,876,completed,90131.7219004,90131.7244996,90131.7277468,5.84639998851344
1,876,completed,90131.7218678,90131.7243846,90131.7288487,6.980899997870438
5,876,completed,90131.7222295,90131.7247432,90131.7300016,7.772099997964688
3,876,completed,90131.722123,90131.7247773,90131.7309874,8.8644000061322
0,876,completed,90131.7222112,90131.7247279,90131.7319382,9.726999996928498
4,877,completed,90131.7570237,90131.7595189,90131.7607444,3.7206999986665323
5,877,completed,90131.7570525,90131.7596385,90131.7617413,4.688799992436543
3,877,completed,90131.7572964,90131.7597482,90131.7627285,5.4321000061463565
1,877,completed,90131.7570283,90131.7597414,90131.7641194,7.091100007528439
0,877,completed,90131.7571009,90131.7597115,90131.7653834,8.282499999040738
2,877,completed,90131.7573709,90131.7598495,90131.7665117,9.14080000075046
1,878,completed,90131.7847624,90131.7873132,90131.788511,3.748600007384084
0,878,completed,90131.7847629,90131.7872521,90131.7893952,4.6322999987751245
2,878,completed,90131.7847908,90131.7872535,90131.7902313,5.440499997348525
4,878,completed,90131.7849137,90131.7874231,90131.7911997,6.286000003456138
5,878,completed,90131.7848229,90131.7875155,90131.7922421,7.419200002914295
3,878,completed,90131.7848583,90131.7875395,90131.7932114,8.353099998203106
4,879,completed,90131.8264196,90131.8288316,90131.8302822,3.8626000023214146
3,879,completed,90131.8265248,90131.8290243,90131.8318526,5.32779999775812
5,879,completed,90131.8264095,90131.8290229,90131.8348441,8.434599993051961
1,879,completed,90131.8266265,90131.8287984,90131.8365045,9.877999997115694
2,879,completed,90131.8266662,90131.8290105,90131.8383307,11.664500008919276
0,879,completed,90131.8267129,90131.8294035,90131.8399121,13.199199995142408
5,880,completed,90131.8544257,90131.8569359,90131.8580041,3.5783999919658527
3,880,completed,90131.8544574,90131.8569889,90131.8590176,4.560200002742931
2,880,completed,90131.8544351,90131.8568965,90131.8598847,5.449599993880838
4,880,completed,90131.8547541,90131.8571424,90131.8608916,6.137499993201345
1,880,completed,90131.8544917,90131.8571746,90131.862076,7.58430000860244
0,880,completed,90131.8547704,90131.857253,90131.8630578,8.287400007247925
5,881,completed,90131.8893105,90131.8913163,90131.891992,2.6815000019269064
4,881,completed,90131.8892362,90131.8913186,90131.8925451,3.3088999916799366
0,881,completed,90131.8892238,90131.8914108,90131.8930995,3.875700000207871
1,881,completed,90131.8892579,90131.8913421,90131.8937898,4.531900005531497
2,881,completed,90131.8894118,90131.8914561,90131.8942909,4.879100000835024
3,881,completed,90131.8893385,90131.8914689,90131.8947951,5.456600003526546
2,882,completed,90131.9235392,90131.9258603,90131.9273208,3.7815999967278913
4,882,completed,90131.9235162,90131.925973,90131.9283078,4.7916000039549544
1,882,completed,90131.9235163,90131.9258578,90131.9290875,5.571200003032573
5,882,completed,90131.9237244,90131.926026,90131.9297093,5.98490000993479
3,882,completed,90131.923581,90131.9260617,90131.9303888,6.807800004025921
0,882,completed,90131.9236342,90131.9260874,90131.9312364,7.602200013934635
0,883,completed,90131.9512969,90131.9535501,90131.9543473,3.0503999878419563
5,883,completed,90131.9512658,90131.9534428,90131.9549346,3.6687999963760376
4,883,completed,90131.9513657,90131.9537039,90131.9554527,4.08699999388773
1,883,completed,90131.9512565,90131.9536009,90131.9561007,4.844199997023679
2,883,completed,90131.9514871,90131.9538078,90131.9565661,5.0789999950211495
3,883,completed,90131.95141,90131.9538428,90131.9570081,5.598100004135631
2,884,completed,90131.9859132,90131.9877262,90131.9886066,2.693400005227886
5,884,completed,90131.9859605,90131.9878995,90131.9890975,3.137000006972812
0,884,completed,90131.9861678,90131.9880768,90131.9895499,3.3820999960880727
3,884,completed,90131.9860996,90131.9880601,90131.990013,3.9133999962359667
1,884,completed,90131.9860013,90131.9881209,90131.9906068,4.605499998433515
4,884,completed,90131.9860385,90131.9881351,90131.9910912,5.052699998486787
0,885,completed,90132.0205911,90132.0224217,90132.0232766,2.6855000032810494
4,885,completed,90132.0205626,90132.0226003,90132.0237849,3.2223000016529113
1,885,completed,90132.020672,90132.0226435,90132.0243973,3.7253000045893714
3,885,completed,90132.0206218,90132.0226667,90132.0248563,4.234500011079945
2,885,completed,90132.0207415,90132.0227711,90132.0253593,4.617799990228377
5,885,completed,90132.0208693,90132.022762,90132.0258558,4.986500003724359
0,886,completed,90132.0553944,90132.0574948,90132.0582787,2.8843000036431476
4,886,completed,90132.0554273,90132.0575781,90132.0587894,3.3621000038692728
2,886,completed,90132.0556641,90132.0577199,90132.0592674,3.603300006943755
3,886,completed,90132.0554717,90132.057734,90132.0597338,4.262099988409318
1,886,completed,90132.0555886,90132.0577881,90132.0603342,4.745600002934225
5,886,completed,90132.0555317,90132.0577543,90132.060769,5.237300007138401
1,887,completed,90132.0901261,90132.0917519,90132.0927912,2.665100008016452
3,887,completed,90132.0901977,90132.0919799,90132.0932844,3.0867000023135915
5,887,completed,90132.0901654,90132.0920786,90132.0937504,3.5849999985657632
2,887,completed,90132.090276,90132.0922168,90132.094203,3.92699999792967
0,887,completed,90132.0904633,90132.0922594,90132.0946589,4.195599991362542
4,887,completed,90132.0904003,90132.0922514,90132.095093,4.692699993029237
1,888,completed,90132.1178336,90132.1201193,90132.1208677,3.0340999946929514
5,888,completed,90132.1178622,90132.1201456,90132.1213767,3.514500000164844
0,888,completed,90132.1179853,90132.1202266,90132.1218233,3.8379999896278605
3,888,completed,90132.1178134,90132.1202247,90132.1222681,4.4547000143211335
2,888,completed,90132.1181362,90132.1203226,90132.1227321,4.595899998093955
4,888,completed,90132.1178969,90132.1203682,90132.1231576,5.260699996142648
0,889,completed,90132.1525706,90132.1545981,90132.15539,2.8194000042276457
4,889,completed,90132.1525273,90132.1547007,90132.1559501,3.422800000407733
3,889,completed,90132.1526954,90132.1548093,90132.1564407,3.7452999968081713
1,889,completed,90132.1526113,90132.1548274,90132.1569371,4.325799993239343
2,889,completed,90132.1525272,90132.1547304,90132.1574922,4.965000000083819
5,889,completed,90132.152816,90132.1548868,90132.1579905,5.174499994609505
0,890,completed,90132.1873899,90132.1894567,90132.1903402,2.950299996882677
5,890,completed,90132.1875006,90132.1896145,90132.1909269,3.4262999979546294
4,890,completed,90132.1874639,90132.189748,90132.1914909,4.027000002679415
3,890,completed,90132.1874167,90132.1897474,90132.1920522,4.635499994037673
1,890,completed,90132.1877001,90132.1897991,90132.1926387,4.938600002788007
2,890,completed,90132.1875989,90132.1897895,90132.1931836,5.5847000039648265
3,891,completed,90132.2221478,90132.2241271,90132.2249344,2.786600001854822
1,891,completed,90132.2222162,90132.2242813,90132.2254885,3.272300004027784
4,891,completed,90132.2221256,90132.2243164,90132.2259711,3.8454999885289
2,891,completed,90132.2221921,90132.2243414,90132.2268906,4.698499993537553
5,891,completed,90132.222274,90132.224365,90132.2273589,5.084899996290915
0,891,completed,90132.2223583,90132.2244044,90132.2278542,5.495899997185916
1,892,completed,90132.2567954,90132.2586526,90132.2595003,2.7049000054830685
3,892,completed,90132.2567709,90132.2588523,90132.2600198,3.2489000004716218
4,892,completed,90132.2569884,90132.2589097,90132.2604579,3.469500006758608
5,892,completed,90132.2568549,90132.2589614,90132.2609144,4.059500002767891
0,892,completed,90132.2568344,90132.258957,90132.2614181,4.5836999925086275
2,892,completed,90132.2570962,90132.2590485,90132.2619173,4.821099995751865
5,893,completed,90132.2845603,90132.2866184,90132.2874038,2.843499998562038
4,893,completed,90132.2845615,90132.2867522,90132.2879162,3.3547000057296827
3,893,completed,90132.2847231,90132.2868431,90132.2883764,3.653299994766712
0,893,completed,90132.2846253,90132.2868375,90132.2888545,4.22919999982696
1,893,completed,90132.2846818,90132.2868617,90132.289332,4.650200004107319
2,893,completed,90132.2849306,90132.2869089,90132.2898232,4.892600001767278
4,894,completed,90132.3262082,90132.3280137,90132.3288846,2.676400006748736
0,894,completed,90132.3263056,90132.3282983,90132.3294198,3.114199993433431
3,894,completed,90132.3262603,90132.3281934,90132.3298868,3.626499994425103
5,894,completed,90132.3262288,90132.3283051,90132.3303492,4.12040000082925
1,894,completed,90132.3264056,90132.3283257,90132.3308186,4.41300000238698
2,894,completed,90132.3265776,90132.3284341,90132.331257,4.679399993619882
2,895,completed,90132.3542131,90132.3562792,90132.356894,2.6808999973582104
0,895,completed,90132.3541307,90132.3563391,90132.3574186,3.2879000063985586
4,895,completed,90132.354102,90132.3563261,90132.3578779,3.7758999969810247
1,895,completed,90132.354089,90132.3563182,90132.3583642,4.27520000084769
5,895,completed,90132.3542705,90132.3562957,90132.3588919,4.621400003088638
3,895,completed,90132.3541882,90132.3563909,90132.35936,5.171800003154203
4,896,completed,90132.3887785,90132.390831,90132.3917127,2.934200005256571
1,896,completed,90132.3888631,90132.3909534,90132.3922465,3.383400005986914
2,896,completed,90132.3889821,90132.390999,90132.3927285,3.7463999906321988
5,896,completed,90132.3890141,90132.3910045,90132.3931783,4.164199999650009
0,896,completed,90132.3888917,90132.39119,90132.3936889,4.797200002940372
3,896,completed,90132.3891043,90132.3912588,90132.3941834,5.079099995782599
3,897,completed,90132.4234756,90132.4254495,90132.4261654,2.6898000069195405
4,897,completed,90132.4236022,90132.4255555,90132.4267198,3.117600004770793
2,897,completed,90132.4233917,90132.4255085,90132.4272346,3.8429000123869628
0,897,completed,90132.4234153,90132.4255725,90132.4277461,4.33080000220798
1,897,completed,90132.4235483,90132.4256358,90132.4282499,4.701600002590567
5,897,completed,90132.4235317,90132.4256434,90132.4287247,5.193000004510395
2,898,completed,90132.4513715,90132.4531913,90132.4540401,2.6685999910114333
4,898,completed,90132.4513166,90132.4534657,90132.4545588,3.242200007662177
5,898,completed,90132.4515311,90132.4534433,90132.4550072,3.4760999988066033
0,898,completed,90132.4514491,90132.4534911,90132.4554761,4.027000002679415
3,898,completed,90132.4513171,90132.4534359,90132.4559705,4.653399999369867
1,898,completed,90132.4514135,90132.453484,90132.4564837,5.070200000773184
4,899,completed,90132.485884,90132.4876938,90132.4890847,3.2007000118028373
0,899,completed,90132.4859803,90132.4880198,90132.4897082,3.7278999952832237
5,899,completed,90132.4861866,90132.4881082,90132.4903652,4.178600007435307
1,899,completed,90132.4860359,90132.4880496,90132.4909735,4.937599995173514
3,899,completed,90132.486126,90132.4881695,90132.4916019,5.475899990415201
2,899,completed,90132.4859217,90132.4880567,90132.4922082,6.2864999927114695
