camera,seq,status,capture_s,enqueue_s,finish_s,latency_ms
0,0,completed,89381.6832838,89381.6853904,89381.6882944,5.010599998058751
1,0,completed,89381.6832902,89381.6853792,89381.6902226,6.93239999236539
1,1,completed,89381.7145608,89381.7166134,89381.7186543,4.093499999726191
0,1,completed,89381.7145722,89381.7167865,89381.7204882,5.91599999461323
0,2,completed,89381.7617739,89381.764363,89381.7663385,4.564600007142872
1,2,completed,89381.7619725,89381.7644808,89381.7681143,6.141799996839836
0,3,completed,89381.7948931,89381.7971697,89381.7991803,4.287200004910119
1,3,completed,89381.7948968,89381.7971742,89381.8009908,6.093999996664934
0,4,completed,89381.8227836,89381.8251657,89381.8272247,4.441099998075515
1,4,completed,89381.8227805,89381.8251346,89381.8290179,6.237399997189641
0,5,completed,89381.8541549,89381.8563744,89381.8583047,4.149800006416626
1,5,completed,89381.854133,89381.8563609,89381.8603081,6.175100003019907
0,6,completed,89381.8858651,89381.8880358,89381.8899303,4.065200002514757
1,6,completed,89381.8859083,89381.8880551,89381.8918344,5.926099998760037
0,7,completed,89381.917741,89381.920347,89381.9225621,4.821099995751865
1,7,completed,89381.9177577,89381.9203676,89381.924456,6.698299999698065
1,8,completed,89381.9488651,89381.9511412,89381.9531357,4.270599994924851
0,8,completed,89381.949022,89381.9512077,89381.954947,5.92500000493601
1,9,completed,89381.9957051,89381.9979681,89382.0000732,4.368100009742193
0,9,completed,89381.995695,89381.9980032,89382.002113,6.417999989935197
1,10,completed,89382.0270951,89382.0293101,89382.0312157,4.120600002352148
0,10,completed,89382.0270887,89382.0292981,89382.0330531,5.964400013908744
0,11,completed,89382.0582317,89382.0604509,89382.0625214,4.289700009394437
1,11,completed,89382.0582495,89382.0610422,89382.0645316,6.282100002863444
1,12,completed,89382.0897516,89382.0919701,89382.0939508,4.199200004222803
0,12,completed,89382.089779,89382.092016,89382.0956872,5.908199993427843
0,13,completed,89382.1208301,89382.1231427,89382.1253202,4.490099992835894
1,13,completed,89382.1209835,89382.1232521,89382.1273548,6.371299998136237
0,14,completed,89382.15208,89382.154283,89382.1561526,4.072600000654347
1,14,completed,89382.1520663,89382.1542974,89382.1582645,6.198200004291721
0,15,completed,89382.1838573,89382.1861345,89382.1879366,4.079300008015707
1,15,completed,89382.1839131,89382.18613,89382.1898706,5.957500005024485
0,16,completed,89382.216002,89382.2185993,89382.2205088,4.506800003582612
1,16,completed,89382.216018,89382.2186183,89382.22258,6.5619999950286
1,17,completed,89382.2477802,89382.2502037,89382.2520588,4.278599997633137
0,17,completed,89382.2477752,89382.2502421,89382.2540923,6.317100007436238
0,18,completed,89382.2957337,89382.2979341,89382.2999502,4.216500004986301
1,18,completed,89382.2957543,89382.2981589,89382.3017582,6.003900009091012
0,19,completed,89382.3267369,89382.3292724,89382.3311862,4.4493000023067
1,19,completed,89382.3266423,89382.3293968,89382.3331583,6.5159999940078706
1,20,completed,89382.3550668,89382.3572602,89382.3592877,4.220900009386241
0,20,completed,89382.3550866,89382.3572961,89382.3612845,6.197900002007373
0,21,completed,89382.3862124,89382.3885983,89382.3906592,4.446799997822382
1,21,completed,89382.3862163,89382.3886054,89382.3927093,6.492999993497506
1,22,completed,89382.4183454,89382.4208696,89382.4229663,4.6208999992813915
0,22,completed,89382.4183471,89382.4208692,89382.4249496,6.602499997825362
1,23,completed,89382.4503234,89382.4528782,89382.4548295,4.506099998252466
0,23,completed,89382.4503271,89382.4528723,89382.4568622,6.535099993925542
1,24,completed,89382.4820634,89382.4845695,89382.4865532,4.489799990551546
0,24,completed,89382.4820442,89382.4845916,89382.4884243,6.380099992384203
0,25,completed,89382.5134668,89382.515726,89382.5176654,4.198599999654107
1,25,completed,89382.5134861,89382.5157572,89382.5194988,6.012700003338978
0,26,completed,89382.5606611,89382.5629314,89382.5648242,4.1631000058259815
1,26,completed,89382.5606858,89382.5630306,89382.5665703,5.884500002139248
1,27,completed,89382.5922025,89382.59429,89382.5963109,4.1083999967668205
0,27,completed,89382.5921866,89382.5942955,89382.5981025,5.915899993851781
0,28,completed,89382.624335,89382.6267318,89382.6285949,4.259900000761263
1,28,completed,89382.6243352,89382.6267555,89382.6305791,6.243900003028102
0,29,completed,89382.6570249,89382.6593331,89382.661436,4.411099987919442
1,29,completed,89382.6573847,89382.6597219,89382.6632662,5.881500008399598
0,30,completed,89382.6893332,89382.692243,89382.6941449,4.811699996935204
1,30,completed,89382.6893333,89382.6922413,89382.6960816,6.748300002072938
1,31,completed,89382.7215106,89382.7237487,89382.7256018,4.091200011316687
0,31,completed,89382.7215083,89382.7238055,89382.7273818,5.873499991139397
1,32,completed,89382.7531638,89382.7537432,89382.7543349,1.171100011561066
0,32,completed,89382.7531857,89382.7537753,89382.7550083,1.8225999956484884
0,33,completed,89382.7861508,89382.7872834,89382.7880258,1.8749999871943146
1,33,completed,89382.7861512,89382.7872868,89382.7885431,2.391900008660741
0,34,completed,89382.8177131,89382.8184597,89382.8190824,1.369300007354468
1,34,completed,89382.8177133,89382.8184705,89382.8195694,1.8561000033514574
1,35,completed,89382.848827,89382.8499922,89382.8506762,1.849200009019114
0,35,completed,89382.8489282,89382.8500733,89382.8512066,2.278400002978742
0,36,completed,89382.8835743,89382.884109,89382.8846909,1.1166000040248036
1,36,completed,89382.8835947,89382.884128,89382.8852091,1.6143999964697286
0,37,completed,89382.9160732,89382.9173163,89382.9179243,1.851099994382821
1,37,completed,89382.9160728,89382.9173173,89382.9184882,2.4153999984264374
1,38,completed,89382.9485157,89382.9496684,89382.950223,1.7073000053642318
0,38,completed,89382.9485165,89382.9496698,89382.9507235,2.207000012276694
1,39,completed,89382.9958213,89382.9968544,89382.9973896,1.5682999946875498
0,39,completed,89382.9958209,89382.9968395,89382.9978837,2.062799991108477
1,40,completed,89383.0272927,89383.0278481,89383.0284206,1.1279000027570873
0,40,completed,89383.027274,89383.0278453,89383.0289279,1.6539000062039122
0,41,completed,89383.0595798,89383.0602147,89383.0608346,1.2547999940579757
1,41,completed,89383.0595892,89383.0602224,89383.0614108,1.8216000025859103
1,42,completed,89383.0917644,89383.0929211,89383.0935404,1.776000004610978
0,42,completed,89383.0917625,89383.092919,89383.0940857,2.3231999948620796
0,43,completed,89383.1230855,89383.1240325,89383.1246487,1.5631999995093793
1,43,completed,89383.1232615,89383.1241246,89383.1251863,1.9248000025982037
1,44,completed,89383.153945,89383.1546483,89383.1552861,1.3410999963525683
0,44,completed,89383.1539391,89383.1546698,89383.1558175,1.8783999985316768
0,45,completed,89383.1862232,89383.1875462,89383.1884962,2.2730000055162236
1,45,completed,89383.1863001,89383.1876006,89383.1893649,3.0647999956272542
0,46,completed,89383.2177425,89383.2184224,89383.2190298,1.2873000086983666
1,46,completed,89383.2177288,89383.2184162,89383.2195862,1.8573999986983836
1,47,completed,89383.2505433,89383.2514323,89383.2520138,1.4704999921377748
0,47,completed,89383.250521,89383.2514475,89383.2525732,2.052200012258254
1,48,completed,89383.2822443,89383.283465,89383.2842471,2.002799999900162
0,48,completed,89383.2822629,89383.2834649,89383.2847984,2.5354999961564317
1,49,completed,89383.3136529,89383.3145125,89383.3150301,1.3771999947493896
0,49,completed,89383.3136541,89383.3145127,89383.3155357,1.8816000083461404
0,50,completed,89383.3618867,89383.3626175,89383.363247,1.3602999970316887
1,50,completed,89383.3619136,89383.3626708,89383.3637331,1.8195000011473894
1,51,completed,89383.392974,89383.3936834,89383.394312,1.3380000018514693
0,51,completed,89383.3929738,89383.3937263,89383.3948276,1.853800000390038
0,52,completed,89383.4262972,89383.4270034,89383.4276054,1.3081999932182953
1,52,completed,89383.4263366,89383.4270289,89383.4281095,1.772900010109879
1,53,completed,89383.456648,89383.458083,89383.4587946,2.1465999889187515
0,53,completed,89383.4566606,89383.4581444,89383.4593398,2.679199998965487
0,54,completed,89383.4882634,89383.4894396,89383.4900464,1.7829999997047707
1,54,completed,89383.4882626,89383.4894446,89383.4904937,2.231099992059171
0,55,completed,89383.5199511,89383.5206129,89383.5211723,1.2212000001454726
1,55,completed,89383.5199252,89383.5206152,89383.5216837,1.7585000023245811
0,56,completed,89383.5513153,89383.5521919,89383.5528216,1.5062999882502481
1,56,completed,89383.5513122,89383.552204,89383.5533414,2.029199997195974
0,57,completed,89383.5829581,89383.5840791,89383.5846444,1.6863000055309385
1,57,completed,89383.5829923,89383.5841026,89383.5850569,2.064600004814565
0,58,completed,89383.6148606,89383.615359,89383.6159292,1.0685999877750874
1,58,completed,89383.6148164,89383.615395,89383.6164304,1.6139999934239313
0,59,completed,89383.6623197,89383.6634334,89383.6640823,1.7626000044401735
1,59,completed,89383.6625598,89383.6635634,89383.664734,2.1742000099038705
0,60,completed,89383.6949069,89383.6961818,89383.6970421,2.1352000039769337
1,60,completed,89383.6949105,89383.6961878,89383.6975425,2.6320000033592805
1,61,completed,89383.7266252,89383.7272926,89383.7279902,1.365000003715977
0,61,completed,89383.7268675,89383.7274523,89383.7285348,1.6673000063747168
0,62,completed,89383.7577935,89383.7589498,89383.7596588,1.8653000006452203
1,62,completed,89383.7579593,89383.7591661,89383.760261,2.301700005773455
1,63,completed,89383.790592,89383.7918177,89383.7927964,2.2043999924790114
0,63,completed,89383.7905924,89383.7918632,89383.7933706,2.778200010652654
0,64,completed,89383.8228807,89383.823621,89383.8241903,1.309600003878586
1,64,completed,89383.8228591,89383.8235902,89383.8246644,1.8053000094369054
0,65,completed,89383.8542543,89383.8550266,89383.855645,1.3907000102335587
1,65,completed,89383.854247,89383.8550003,89383.8561805,1.9335000106366351
1,66,completed,89383.8858268,89383.8870434,89383.887668,1.8411999917589128
0,66,completed,89383.885827,89383.8870255,89383.8882939,2.4668999976711348
1,67,completed,89383.9179185,89383.9185504,89383.9191388,1.2203000078443438
0,67,completed,89383.9179348,89383.9185657,89383.9198199,1.8850999913411215
1,68,completed,89383.9542758,89383.9551967,89383.9558387,1.5628999972250313
0,68,completed,89383.95431,89383.9552171,89383.9565027,2.1927000052528456
0,69,completed,89383.9860143,89383.9868215,89383.9875024,1.4881000097375363
1,69,completed,89383.9860126,89383.9868211,89383.9879952,1.9826000061584637
0,70,completed,89384.0188326,89384.0198179,89384.0205706,1.7379999917466193
1,70,completed,89384.0188319,89384.0198204,89384.0211133,2.2813999967183918
0,71,completed,89384.0507297,89384.0518939,89384.0529259,2.196200002799742
1,71,completed,89384.0507308,89384.0518962,89384.0534708,2.7400000108173117
0,72,completed,89384.0826518,89384.0838286,89384.0845879,1.9361000013304874
1,72,completed,89384.0826513,89384.0838262,89384.0851473,2.495999986422248
0,73,completed,89384.1152721,89384.1161349,89384.1167954,1.5233000012813136
1,73,completed,89384.1152718,89384.1161345,89384.1173395,2.067699999315664
0,74,completed,89384.1472388,89384.148129,89384.148809,1.5702000091550872
1,74,completed,89384.1472313,89384.1481222,89384.1493447,2.1133999980520457
0,75,completed,89384.1940332,89384.1949188,89384.1956093,1.5761000104248524
1,75,completed,89384.194049,89384.1949203,89384.1965845,2.5354999961564317
0,76,completed,89384.2249028,89384.2258845,89384.2265985,1.6957000043476
1,76,completed,89384.2249372,89384.225909,89384.2271011,2.163900004234165
1,77,completed,89384.2562837,89384.257209,89384.2578008,1.5170999977272004
0,77,completed,89384.2563261,89384.2572363,89384.2584537,2.1275999897625297
0,78,completed,89384.2875701,89384.2884106,89384.289078,1.5079000004334375
1,78,completed,89384.2875561,89384.2884326,89384.2895973,2.041200001258403
1,79,completed,89384.3193418,89384.3198548,89384.3206286,1.28680000489112
0,79,completed,89384.3197636,89384.3202973,89384.3211895,1.425900001777336
0,80,completed,89384.3503688,89384.3510134,89384.3516481,1.2792999914381653
1,80,completed,89384.3503434,89384.3510293,89384.352147,1.8035999964922667
0,81,completed,89384.3818384,89384.3825066,89384.383129,1.290599990170449
1,81,completed,89384.3818374,89384.3825441,89384.3836593,1.8219000048702583
1,82,completed,89384.4297362,89384.4306914,89384.4313051,1.5688999992562458
0,82,completed,89384.4297359,89384.4306941,89384.4319896,2.2536999895237386
0,83,completed,89384.450987,89384.4517859,89384.4525183,1.5312999894376844
1,83,completed,89384.4510119,89384.4518002,89384.4530465,2.0345999946584925
0,84,completed,89384.4819205,89384.4832317,89384.4840087,2.088200009893626
1,84,completed,89384.4822867,89384.4833503,89384.484549,2.2622999968007207
0,85,completed,89384.5169883,89384.5178119,89384.5187704,1.7820999928517267
1,85,completed,89384.5169773,89384.5178098,89384.5194749,2.4975999986054376
1,86,completed,89384.5534215,89384.554067,89384.5546596,1.2381000124150887
0,86,completed,89384.553449,89384.5540948,89384.5552742,1.825200000894256
1,87,completed,89384.584938,89384.586082,89384.5866464,1.7083999991882592
0,87,completed,89384.5849593,89384.5860726,89384.5871725,2.213200001278892
0,88,completed,89384.6162608,89384.617047,89384.6176789,1.4181000005919486
1,88,completed,89384.6162842,89384.6171237,89384.6182424,1.9581999949878082
0,89,completed,89384.6483233,89384.6491234,89384.6497325,1.4091999910306185
1,89,completed,89384.6483274,89384.6491235,89384.6502175,1.8901000003097579
1,90,completed,89384.6949281,89384.696232,89384.6970634,2.135300004738383
0,90,completed,89384.6949273,89384.696257,89384.6979226,2.9952999902889132
1,91,completed,89384.725889,89384.7264104,89384.7271837,1.2947000068379566
0,91,completed,89384.7263918,89384.7268533,89384.7276964,1.3046000094618648
1,92,completed,89384.757725,89384.7588466,89384.7595847,1.859700001659803
0,92,completed,89384.757981,89384.7591428,89384.7600146,2.0336000015959144
0,93,completed,89384.7898876,89384.7914733,89384.7922481,2.360500002396293
1,93,completed,89384.7898891,89384.7914696,89384.7927505,2.861400003894232
1,94,completed,89384.8193744,89384.8201654,89384.820759,1.3845999928889796
0,94,completed,89384.8193743,89384.8201873,89384.8212332,1.8588999955682084
0,95,completed,89384.8578392,89384.8588595,89384.8596097,1.770499991835095
1,95,completed,89384.8579043,89384.8589576,89384.8601335,2.229199992143549
1,96,completed,89384.889198,89384.890327,89384.8909229,1.7248999938601628
0,96,completed,89384.8892465,89384.8903628,89384.8914092,2.162700009648688
0,97,completed,89384.9211026,89384.9217832,89384.9223706,1.2680000072577968
1,97,completed,89384.9211231,89384.9218439,89384.9228994,1.776300006895326
1,98,completed,89384.9525822,89384.9532603,89384.9539758,1.393600003211759
0,98,completed,89384.9529004,89384.9534964,89384.9545797,1.6792999958852306
0,99,completed,89384.9839571,89384.9850148,89384.9857692,1.8120999884558842
1,99,completed,89384.9839719,89384.9850403,89384.9863267,2.3548000026494265
0,100,completed,89385.0172281,89385.0188004,89385.0197206,2.492500003427267
1,100,completed,89385.017644,89385.0190793,89385.0202688,2.624799992190674
0,101,completed,89385.0490656,89385.0500522,89385.0507382,1.672600003075786
1,101,completed,89385.0490504,89385.0500826,89385.0513096,2.2592000022996217
0,102,completed,89385.0970114,89385.098152,89385.098864,1.852600005804561
1,102,completed,89385.0971041,89385.0982519,89385.099402,2.2979000059422106
0,103,completed,89385.1282321,89385.1292306,89385.1298843,1.6521999932592735
1,103,completed,89385.1285737,89385.1293973,89385.1304873,1.9136000046273693
1,104,completed,89385.1585928,89385.1594152,89385.1600021,1.4093000063439831
0,104,completed,89385.1586217,89385.1594723,89385.1605031,1.8814000068232417
0,105,completed,89385.1898184,89385.190913,89385.1915706,1.7521999980090186
1,105,completed,89385.1901974,89385.1911604,89385.1921387,1.9412999972701073
0,106,completed,89385.2223541,89385.2232088,89385.2237339,1.3797999999951571
1,106,completed,89385.222331,89385.2232022,89385.2242517,1.9207000004826114
1,107,completed,89385.2548951,89385.2553055,89385.256202,1.3068999978713691
0,107,completed,89385.2554109,89385.2559216,89385.256746,1.3350999943213537
1,108,completed,89385.2865725,89385.2873789,89385.2879521,1.3795999984722584
0,108,completed,89385.2865682,89385.2873785,89385.288462,1.893799999379553
0,109,completed,89385.3186192,89385.3198149,89385.3204259,1.8067000055452809
1,109,completed,89385.3186131,89385.3197927,89385.3209117,2.2985999967204407
1,110,completed,89385.350131,89385.3513406,89385.3520794,1.9484000076772645
0,110,completed,89385.3501321,89385.3513495,89385.3530477,2.9156000091461465
0,111,completed,89385.3809915,89385.3817152,89385.3824344,1.4429000002564862
1,111,completed,89385.380985,89385.3817105,89385.3829723,1.9872999982908368
0,112,completed,89385.4272037,89385.42783,89385.4285599,1.3561999949160963
1,112,completed,89385.4272417,89385.4279368,89385.4290755,1.8337999936193228
1,113,completed,89385.4585629,89385.4593478,89385.4599151,1.3521999935619533
0,113,completed,89385.4585629,89385.4593621,89385.460578,2.015099991695024
0,114,completed,89385.4898256,89385.4905478,89385.4910864,1.2607999960891902
1,114,completed,89385.4898295,89385.4905509,89385.4915627,1.7331999988527969
1,115,completed,89385.5290207,89385.5298077,89385.5303844,1.3636999938171357
0,115,completed,89385.5290081,89385.5298142,89385.5308868,1.8787000008160248
0,116,completed,89385.5607632,89385.5614852,89385.5620779,1.3146999990567565
1,116,completed,89385.5607897,89385.5615452,89385.5625565,1.7667999927653
0,117,completed,89385.5933206,89385.5940471,89385.5945951,1.2744999985443428
1,117,completed,89385.5933271,89385.5940455,89385.5951159,1.7888000002130866
1,118,completed,89385.624238,89385.6249849,89385.6255982,1.3601999962702394
0,118,completed,89385.6242536,89385.6250044,89385.6260937,1.8400999979348853
0,119,completed,89385.6559178,89385.6569624,89385.6576871,1.7692999972496182
1,119,completed,89385.6559331,89385.6570111,89385.6581713,2.2382000024663284
0,120,completed,89385.6875879,89385.688357,89385.6890136,1.4257000002544373
1,120,completed,89385.687593,89385.6883712,89385.6895153,1.9222999981138855
1,121,completed,89385.71861,89385.719388,89385.7199198,1.3098000054014847
0,121,completed,89385.718626,89385.7194059,89385.720541,1.9150000007357448
0,122,completed,89385.7504561,89385.7511874,89385.7518813,1.4252000109991059
1,122,completed,89385.7504423,89385.7511822,89385.752366,1.923699994222261
0,123,completed,89385.7821245,89385.7828881,89385.783576,1.4515000075334683
1,123,completed,89385.78213,89385.7828942,89385.7840981,1.9680999976117164
1,124,completed,89385.8141318,89385.8149285,89385.8154618,1.3299999991431832
0,124,completed,89385.8141362,89385.8149312,89385.8160703,1.934100000653416
0,125,completed,89385.8613422,89385.8620589,89385.8626763,1.3341000012587756
1,125,completed,89385.861326,89385.8621327,89385.8631727,1.8467000045347959
1,126,completed,89385.8929153,89385.8936516,89385.894192,1.276700000744313
0,126,completed,89385.8929198,89385.8936522,89385.8947008,1.7809999990276992
0,127,completed,89385.9239068,89385.9246387,89385.9251792,1.272399997105822
1,127,completed,89385.9239069,89385.9246365,89385.925652,1.7451000021537766
0,128,completed,89385.9555549,89385.9563872,89385.9569648,1.409899996360764
1,128,completed,89385.9555984,89385.9564064,89385.9574516,1.8531999958213419
1,129,completed,89385.9870653,89385.9879026,89385.9884433,1.3780000008409843
0,129,completed,89385.9870536,89385.9878994,89385.9889222,1.8686000112211332
1,130,completed,89386.0183618,89386.0190825,89386.0197019,1.3401000032899901
0,130,completed,89386.0183809,89386.0191009,89386.0202083,1.8274000030942261
1,131,completed,89386.0547985,89386.0557451,89386.0563312,1.5327000000979751
0,131,completed,89386.0548138,89386.0557682,89386.0568293,2.0154999947408214
1,132,completed,89386.0859398,89386.0869059,89386.087563,1.6231999907176942
0,132,completed,89386.0862308,89386.0871065,89386.088163,1.9321999861858785
0,133,completed,89386.1179734,89386.1189272,89386.1194839,1.5104999911272898
1,133,completed,89386.1179815,89386.118929,89386.1199523,1.970799989067018
0,134,completed,89386.1496282,89386.1502567,89386.1508628,1.2346000003162771
1,134,completed,89386.1497621,89386.1503717,89386.1513815,1.619400005438365
0,135,completed,89386.1805857,89386.1812389,89386.1818895,1.3038000033702701
1,135,completed,89386.1805707,89386.1812307,89386.1824228,1.8521000019973144
0,136,completed,89386.2278625,89386.2286062,89386.2291651,1.302599994232878
1,136,completed,89386.2278901,89386.2286308,89386.2295996,1.709500007564202
1,137,completed,89386.2595614,89386.2603917,89386.2610014,1.4399999927263707
0,137,completed,89386.2595741,89386.2604332,89386.2615476,1.9735000096261501
0,138,completed,89386.2917521,89386.292422,89386.2930173,1.2652000004891306
1,138,completed,89386.2917148,89386.292403,89386.2935117,1.796900003682822
1,139,completed,89386.3237004,89386.324458,89386.3251797,1.4793000009376556
0,139,completed,89386.3237169,89386.3244793,89386.3257587,2.041799991275184
1,140,completed,89386.354703,89386.3556818,89386.3565593,1.8562999903224409
0,140,completed,89386.354674,89386.3557005,89386.3572225,2.548499993281439
1,141,completed,89386.3864602,89386.3872417,89386.3878217,1.3615000061690807
0,141,completed,89386.3864641,89386.3872391,89386.3883393,1.8752000032691285
1,142,completed,89386.4179431,89386.4185745,89386.4195103,1.5672000008635223
0,142,completed,89386.4182589,89386.4191716,89386.4200477,1.7888000002130866
1,143,completed,89386.4494944,89386.4504096,89386.4510211,1.5266999980667606
0,143,completed,89386.4497548,89386.4505756,89386.4515291,1.7742999916663393
0,144,completed,89386.4815507,89386.4821134,89386.4826904,1.1396999907447025
1,144,completed,89386.481549,89386.4821134,89386.4831614,1.6123999957926571
0,145,completed,89386.5290603,89386.530266,89386.5313513,2.290999997057952
1,145,completed,89386.5291859,89386.5305499,89386.5318564,2.6705000054789707
0,146,completed,89386.5606541,89386.5617018,89386.562441,1.7869000002974644
1,146,completed,89386.5610406,89386.561925,89386.5629488,1.9081999926129356
1,147,completed,89386.5921215,89386.5928277,89386.5934363,1.3147999998182058
0,147,completed,89386.5921136,89386.5928271,89386.5939159,1.8023000011453405
1,148,completed,89386.6211554,89386.6219596,89386.622489,1.333599997451529
0,148,completed,89386.6212233,89386.621977,89386.6229969,1.7736000008881092
1,149,completed,89386.6537068,89386.6551822,89386.6563809,2.6741000037873164
0,149,completed,89386.6537072,89386.6551905,89386.6570334,3.326199992443435
1,150,completed,89386.6856848,89386.6869992,89386.6878709,2.186099998652935
0,150,completed,89386.685688,89386.6870012,89386.6884381,2.7501000004122034
1,151,completed,89386.7177963,89386.7189183,89386.7195004,1.7040999955497682
0,151,completed,89386.717795,89386.7189258,89386.7199908,2.1957999997539446
1,152,completed,89386.7496762,89386.7508369,89386.751795,2.1188000100664794
0,152,completed,89386.749677,89386.7508801,89386.7526211,2.944099993328564
0,153,completed,89386.7807557,89386.7822409,89386.7831305,2.3747999948682263
1,153,completed,89386.7807432,89386.7822523,89386.7836775,2.93430000601802
0,154,completed,89386.8283101,89386.8293053,89386.8298736,1.5635000017937273
1,154,completed,89386.8283391,89386.8293205,89386.8304238,2.0846999977948144
1,155,completed,89386.8599235,89386.8607677,89386.8615115,1.5879999991739169
0,155,completed,89386.8599864,89386.8609617,89386.8620368,2.050399998552166
0,156,completed,89386.8914477,89386.8923989,89386.8929545,1.5067999920574948
1,156,completed,89386.8914474,89386.8923929,89386.8934863,2.0388999982969835
1,157,completed,89386.9240355,89386.925241,89386.9258285,1.7930000030901283
0,157,completed,89386.9240356,89386.925245,89386.9264353,2.3997000098461285
0,158,completed,89386.9554584,89386.9568156,89386.9577395,2.2810999944340438
1,158,completed,89386.9554674,89386.9568138,89386.9582923,2.8249000024516135
0,159,completed,89386.9874275,89386.9888825,89386.9896924,2.2649000020464882
1,159,completed,89386.9874117,89386.9888701,89386.9901924,2.780700000585057
1,160,completed,89387.0186148,89387.0197457,89387.0205004,1.8855999951483682
0,160,completed,89387.0186074,89387.0197439,89387.0210599,2.452500004437752
1,161,completed,89387.0508376,89387.0517418,89387.0524217,1.5840999985812232
0,161,completed,89387.0508349,89387.0517418,89387.0528774,2.042499996605329
0,162,completed,89387.0829634,89387.0844369,89387.085027,2.063599997200072
1,162,completed,89387.0829636,89387.0844249,89387.0857197,2.756100002443418
1,163,completed,89387.1192936,89387.1202505,89387.1210107,1.7170999926747754
0,163,completed,89387.1194425,89387.1204441,89387.1215618,2.119299999321811
0,164,completed,89387.1511046,89387.1523019,89387.153232,2.1274000027915463
1,164,completed,89387.1511059,89387.152302,89387.1539062,2.8002999897580594
0,165,completed,89387.1827272,89387.1833145,89387.1839254,1.1981999996351078
1,165,completed,89387.1827272,89387.1833192,89387.1844189,1.691700002993457
1,166,completed,89387.2144443,89387.2151958,89387.2157569,1.3125999976182356
0,166,completed,89387.2144445,89387.215198,89387.2163156,1.8711000011535361
0,167,completed,89387.2620278,89387.2633335,89387.2639461,1.9183000113116577
1,167,completed,89387.2620275,89387.2633065,89387.2644541,2.426600010949187
0,168,completed,89387.2935071,89387.2946861,89387.2956744,2.167300001019612
1,168,completed,89387.2936602,89387.2948823,89387.296279,2.6188000047113746
1,169,completed,89387.3249832,89387.3261729,89387.3267351,1.7518999957246706
0,169,completed,89387.3249598,89387.326164,89387.3272582,2.2984000097494572
0,170,completed,89387.3569418,89387.3583574,89387.3591039,2.162100005079992
1,170,completed,89387.3569154,89387.358468,89387.3596439,2.728499996010214
1,171,completed,89387.3884738,89387.3894151,89387.3899229,1.4490999892586842
0,171,completed,89387.38847,89387.3894157,89387.3904201,1.9500999915180728
1,172,completed,89387.4199761,89387.4212546,89387.4222935,2.3173999943537638
0,172,completed,89387.4202656,89387.4214752,89387.4231736,2.9079999949317425
1,173,completed,89387.4512912,89387.4524202,89387.4529431,1.6518999909749255
0,173,completed,89387.4512762,89387.4524156,89387.4533881,2.111900001182221
0,174,completed,89387.4828868,89387.4841158,89387.4847514,1.864599995315075
1,174,completed,89387.4828903,89387.4841259,89387.4852645,2.3742000048514456
1,175,completed,89387.5298036,89387.5308005,89387.5313803,1.5767000004416332
0,175,completed,89387.5297886,89387.5308002,89387.531936,2.147399995010346
1,176,completed,89387.5618647,89387.5625513,89387.5631913,1.3266000023577362
0,176,completed,89387.5618702,89387.5625894,89387.563693,1.822799997171387
1,177,completed,89387.5938186,89387.594491,89387.5951065,1.2878999987151474
0,177,completed,89387.5938185,89387.594505,89387.5956104,1.7919000092661008
0,178,completed,89387.6248869,89387.6256194,89387.6262192,1.3323000021046028
1,178,completed,89387.6248871,89387.6256178,89387.6267509,1.8638000037753955
1,179,completed,89387.6551028,89387.6559982,89387.6567346,1.6317999979946762
0,179,completed,89387.6552298,89387.656057,89387.6573619,2.1320999949239194
0,180,completed,89387.688071,89387.6892837,89387.6899905,1.9195000058971345
1,180,completed,89387.6880708,89387.6892629,89387.6904896,2.4188000097637996
0,181,completed,89387.7198237,89387.721042,89387.7218435,2.0197999983793125
1,181,completed,89387.7198235,89387.7210427,89387.722346,2.5224999990314245
0,182,completed,89387.7518018,89387.7530553,89387.7539757,2.1739000076195225
1,182,completed,89387.7517994,89387.7530846,89387.7547612,2.9618000116897747
0,183,completed,89387.7835233,89387.7848235,89387.7858014,2.278100000694394
1,183,completed,89387.7835235,89387.784823,89387.7866002,3.076699998928234
0,184,completed,89387.8150714,89387.8157051,89387.8163446,1.2732000031974167
1,184,completed,89387.815072,89387.815706,89387.8169106,1.8386000010650605
0,185,completed,89387.863481,89387.8640645,89387.8646102,1.1292000126559287
1,185,completed,89387.8634835,89387.8640638,89387.8650837,1.6002000047592446
0,186,completed,89387.894601,89387.8954681,89387.8963115,1.7104999860748649
1,186,completed,89387.8946077,89387.8954738,89387.8968153,2.207600002293475
0,187,completed,89387.9273658,89387.9279378,89387.928504,1.1381999938748777
1,187,completed,89387.9273742,89387.9279197,89387.9290083,1.6341000009560958
0,188,completed,89387.9595641,89387.960223,89387.9608152,1.2510999949881807
1,188,completed,89387.9595888,89387.9602463,89387.9613415,1.7527000018162653
0,189,completed,89387.9911551,89387.992414,89387.9933582,2.2030999971320853
1,189,completed,89387.9911549,89387.9923926,89387.9942199,3.065000011702068
1,190,completed,89388.0231116,89388.0243996,89388.0250556,1.943999988725409
0,190,completed,89388.0231113,89388.0244128,89388.0256085,2.4971999955596402
1,191,completed,89388.054513,89388.0555764,89388.0561273,1.6143000102601945
0,191,completed,89388.0545109,89388.055596,89388.0565153,2.0044000120833516
0,192,completed,89388.0863166,89388.0874953,89388.0880569,1.7402999947080389
1,192,completed,89388.0863161,89388.0874914,89388.0885905,2.274400001624599
1,193,completed,89388.1186258,89388.1197168,89388.1202557,1.6299000126309693
0,193,completed,89388.118638,89388.1197186,89388.1207661,2.1280999935697764
0,194,completed,89388.1501372,89388.1510294,89388.1515757,1.4384999958565459
1,194,completed,89388.1501366,89388.1510264,89388.1520732,1.9366000051377341
0,195,completed,89388.1869078,89388.1875227,89388.1881009,1.1931000044569373
1,195,completed,89388.1869153,89388.187526,89388.1887737,1.858400006312877
0,196,completed,89388.2231021,89388.2237514,89388.2243957,1.293599998462014
1,196,completed,89388.223124,89388.223759,89388.225141,2.0170000061625615
0,197,completed,89388.2555967,89388.2569951,89388.2579685,2.3718000011285767
1,197,completed,89388.2555964,89388.2569961,89388.2587854,3.188999995472841
1,198,completed,89388.2876423,89388.2888929,89388.2899543,2.3119999968912452
0,198,completed,89388.2876525,89388.2889233,89388.2904215,2.768999998806976
0,199,completed,89388.3191906,89388.3201704,89388.3206783,1.487700006691739
1,199,completed,89388.3191906,89388.3201706,89388.3211826,1.9920000049751252
1,200,completed,89388.3507101,89388.3519498,89388.3525155,1.8053999956464395
0,200,completed,89388.3507064,89388.3519506,89388.3530458,2.3394000018015504
0,201,completed,89388.3820679,89388.3832807,89388.3838826,1.8146999937016517
1,201,completed,89388.3821513,89388.3833301,89388.3844149,2.263600006699562
0,202,completed,89388.4138912,89388.4150541,89388.4159604,2.069199996185489
1,202,completed,89388.4139489,89388.4151029,89388.4167877,2.838800006429665
1,203,completed,89388.4617737,89388.4623198,89388.46289,1.1163000017404556
0,203,completed,89388.4617738,89388.4623201,89388.4633623,1.5885000029811636
1,204,completed,89388.4937841,89388.4943614,89388.4949227,1.138599996920675
0,204,completed,89388.4937844,89388.4943888,89388.4954021,1.6177000070456415
0,205,completed,89388.5253821,89388.5259504,89388.5265864,1.2043000024277717
1,205,completed,89388.5253833,89388.5259394,89388.5270636,1.680300003499724
1,206,completed,89388.5566285,89388.5572079,89388.5577779,1.1494000063976273
0,206,completed,89388.5566623,89388.5572611,89388.5583383,1.675999999861233
0,207,completed,89388.5889489,89388.5896523,89388.5905058,1.556900009745732
1,207,completed,89388.5889702,89388.5896894,89388.5910237,2.05350000760518
0,208,completed,89388.6208648,89388.6213831,89388.6219556,1.0907999967457727
1,208,completed,89388.6208774,89388.6213963,89388.6224445,1.567100000102073
0,209,completed,89388.6527214,89388.6533015,89388.653891,1.1696000001393259
1,209,completed,89388.6527512,89388.6533055,89388.6543924,1.6411999968113378
1,210,completed,89388.6852014,89388.6859795,89388.6865048,1.3034000003244728
0,210,completed,89388.6851804,89388.6859684,89388.6870368,1.8563999910838902
1,211,completed,89388.7180834,89388.7189653,89388.7195273,1.4438999933190644
0,211,completed,89388.7180882,89388.718969,89388.7200147,1.9265000009909272
0,212,completed,89388.7495684,89388.7507614,89388.751324,1.7555999947944656
1,212,completed,89388.7495674,89388.7507605,89388.7518837,2.3163000005297363
1,213,completed,89388.7817313,89388.7826819,89388.7832759,1.5446000033989549
0,213,completed,89388.7817423,89388.7827074,89388.7837981,2.0558000105665997
0,214,completed,89388.8294114,89388.8302718,89388.830991,1.5795999934198335
1,214,completed,89388.8294608,89388.8303001,89388.8315128,2.05199999618344
0,215,completed,89388.8611345,89388.8621173,89388.8627485,1.6140000079758465
1,215,completed,89388.861166,89388.8621348,89388.8632432,2.077199998893775
0,216,completed,89388.8928257,89388.8935516,89388.8941581,1.332400002866052
1,216,completed,89388.892879,89388.8935824,89388.8946736,1.7946000007214025
0,217,completed,89388.9244407,89388.9251218,89388.9256815,1.2408000038703904
1,217,completed,89388.9243939,89388.9250799,89388.9262179,1.8240000063087791
1,218,completed,89388.9563674,89388.9571248,89388.9577043,1.3369000080274418
0,218,completed,89388.9563566,89388.9571104,89388.9582704,1.913800006150268
1,219,completed,89388.9877013,89388.9883476,89388.9890097,1.3084000092931092
0,219,completed,89388.987693,89388.9884169,89388.9895477,1.8546999926911667
0,220,completed,89389.0190539,89389.0201312,89389.0207518,1.697899991995655
1,220,completed,89389.019045,89389.0201332,89389.0212535,2.208500009146519
0,221,completed,89389.0502736,89389.0512158,89389.0519295,1.6558999923290685
1,221,completed,89389.0502237,89389.0512043,89389.0524872,2.2634999913861975
0,222,completed,89389.0822213,89389.0831125,89389.0837447,1.5233999874908477
1,222,completed,89389.0822292,89389.0831205,89389.0842378,2.008600000408478
1,223,completed,89389.1296194,89389.1304546,89389.1310401,1.420699991285801
0,223,completed,89389.1296365,89389.1304765,89389.1315217,1.8851999921025708
0,224,completed,89389.1615245,89389.1620191,89389.1627697,1.2451999937184155
1,224,completed,89389.1619142,89389.1625032,89389.1632811,1.3669000036315992
0,225,completed,89389.1929095,89389.1935288,89389.1941162,1.2067000061506405
1,225,completed,89389.192954,89389.1935831,89389.1946715,1.7174999957205728
0,226,completed,89389.2236039,89389.2242768,89389.2249378,1.333899999735877
1,226,completed,89389.2235836,89389.2243486,89389.2254699,1.8863000004785135
0,227,completed,89389.2598436,89389.2608727,89389.2614948,1.6512000001966953
1,227,completed,89389.2598147,89389.2608694,89389.2621223,2.30760000704322
0,228,completed,89389.2913392,89389.2925977,89389.2935719,2.2326999896904454
1,228,completed,89389.2913414,89389.292671,89389.2944464,3.104999996139668
1,229,completed,89389.3235451,89389.3247885,89389.3257661,2.2210000024642795
0,229,completed,89389.3236486,89389.3249127,89389.3265915,2.942899998743087
0,230,completed,89389.3565124,89389.3573021,89389.3579018,1.3894000003347173
1,230,completed,89389.3565173,89389.357313,89389.3585276,2.0102999988012016
1,231,completed,89389.3881715,89389.3892138,89389.3899239,1.7523999995319173
0,231,completed,89389.3881792,89389.3892266,89389.3903638,2.18460000178311
1,232,completed,89389.4201839,89389.4213716,89389.4225978,2.4139000015566126
0,232,completed,89389.4201835,89389.4213782,89389.4234789,3.295400005299598
1,233,completed,89389.4525425,89389.4534341,89389.454153,1.610499995877035
0,233,completed,89389.45254,89389.4534745,89389.454693,2.1530000085476786
1,234,completed,89389.4837489,89389.4845499,89389.48543,1.6810999950394034
0,234,completed,89389.4837474,89389.4845451,89389.4859604,2.2129999997559935
0,235,completed,89389.5159307,89389.517124,89389.5180604,2.129700005752966
1,235,completed,89389.5159299,89389.5171175,89389.5185522,2.622300002258271
1,236,completed,89389.5484008,89389.5496598,89389.5504543,2.053499993053265
0,236,completed,89389.5484007,89389.5496634,89389.5510022,2.601499989395961
0,237,completed,89389.5954957,89389.5960792,89389.5966608,1.1650999949779361
1,237,completed,89389.5955046,89389.5960846,89389.5971772,1.672600003075786
1,238,completed,89389.627869,89389.6287881,89389.6293714,1.5024000022094697
0,238,completed,89389.6278807,89389.6287915,89389.6298751,1.9943999941460788
0,239,completed,89389.6597339,89389.660451,89389.6610359,1.3020000042160973
1,239,completed,89389.6597636,89389.6604618,89389.6615838,1.8202000064775348
0,240,completed,89389.6917679,89389.6928267,89389.6933517,1.5837999962968752
1,240,completed,89389.6917708,89389.6928247,89389.6938337,2.0629000064218417
0,241,completed,89389.7242203,89389.7254155,89389.72634,2.119699987815693
1,241,completed,89389.7242344,89389.7254827,89389.7272082,2.9738000012002885
0,242,completed,89389.7562759,89389.7572884,89389.758046,1.7701000033412129
1,242,completed,89389.7565968,89389.7574512,89389.7586342,2.0374000014271587
1,243,completed,89389.7962545,89389.7970873,89389.7976335,1.3789999939035624
0,243,completed,89389.7962546,89389.7970886,89389.7981128,1.858199990238063
1,244,completed,89389.8280865,89389.8286491,89389.8292186,1.132100005634129
0,244,completed,89389.8280932,89389.8286537,89389.8296931,1.5998999879229814
0,245,completed,89389.8596744,89389.8602816,89389.860944,1.269600004889071
1,245,completed,89389.8597054,89389.8603135,89389.8614872,1.781800005119294
0,246,completed,89389.8909597,89389.8915987,89389.892221,1.261299999896437
1,246,completed,89389.8909722,89389.891568,89389.8927964,1.8242000078316778
0,247,completed,89389.9230953,89389.9236237,89389.9241924,1.0971000010613352
1,247,completed,89389.9230954,89389.9236265,89389.9246961,1.6007000085664913
0,248,completed,89389.9557684,89389.956492,89389.9570443,1.2758999946527183
1,248,completed,89389.9557764,89389.9564935,89389.9574837,1.7072999908123165
1,249,completed,89389.9880653,89389.989248,89389.9897921,1.726799993775785
0,249,completed,89389.9880649,89389.989245,89389.9903096,2.2447000083047897
0,250,completed,89390.0202668,89390.0213734,89390.0219113,1.6445000073872507
1,250,completed,89390.020285,89390.0213795,89390.0223899,2.104899991536513
0,251,completed,89390.051627,89390.0525261,89390.0531004,1.4733999996678904
1,251,completed,89390.0516281,89390.0525234,89390.0535543,1.9261999987065792
1,252,completed,89390.08382,89390.0843885,89390.085285,1.464999993913807
0,252,completed,89390.0837875,89390.0843641,89390.0858259,2.038399994489737
1,253,completed,89390.1154047,89390.1159928,89390.1166752,1.2704999971901998
0,253,completed,89390.1154768,89390.1161463,89390.1172238,1.7470000020693988
1,254,completed,89390.1626584,89390.1632579,89390.1639559,1.2974999990547076
0,254,completed,89390.1629597,89390.1635331,89390.1644567,1.4970000047469512
0,255,completed,89390.1942653,89390.1955368,89390.1961232,1.8579000025056303
1,255,completed,89390.1942552,89390.195551,89390.196694,2.4388000019825995
0,256,completed,89390.2269979,89390.2283009,89390.2289607,1.9628000009106472
1,256,completed,89390.2269984,89390.2282991,89390.2294625,2.464100005454384
1,257,completed,89390.2583168,89390.2596651,89390.2607231,2.406300001894124
0,257,completed,89390.2583233,89390.2596589,89390.261734,3.4106999955838546
1,258,completed,89390.2909363,89390.2916599,89390.2923857,1.4493999915430322
0,258,completed,89390.2911977,89390.2918904,89390.2927963,1.5985999925760552
0,259,completed,89390.3304862,89390.3314625,89390.332128,1.6418000013800338
1,259,completed,89390.3304909,89390.3314656,89390.3327231,2.232200000435114
0,260,completed,89390.361876,89390.3626853,89390.3632721,1.3961000076960772
1,260,completed,89390.3618496,89390.3626802,89390.3638042,1.9545999966794625
0,261,completed,89390.3935586,89390.3941803,89390.394804,1.2453999952413142
1,261,completed,89390.3936224,89390.3942163,89390.3953794,1.756999990902841
1,262,completed,89390.4246785,89390.4253833,89390.4260737,1.3952000008430332
0,262,completed,89390.4247923,89390.4255199,89390.4265867,1.794400013750419
1,263,completed,89390.4562999,89390.4570236,89390.4576664,1.366500000585802
0,263,completed,89390.4563585,89390.4570877,89390.4583588,2.000299995415844
0,264,completed,89390.4877758,89390.4883408,89390.4890641,1.2883000017609447
1,264,completed,89390.4878053,89390.4883733,89390.4895755,1.7702000041026622
1,265,completed,89390.5199988,89390.5206927,89390.5214532,1.4544000005116686
0,265,completed,89390.5202258,89390.5209564,89390.5220546,1.8287999992026016
1,266,completed,89390.5519227,89390.5525777,89390.5532747,1.3519999920390546
0,266,completed,89390.5522113,89390.5527519,89390.5538123,1.600999996298924
0,267,completed,89390.5834724,89390.5846973,89390.5853383,1.8659000052139163
1,267,completed,89390.5836453,89390.5847645,89390.5860951,2.4498000129824504
0,268,completed,89390.6147886,89390.6155014,89390.6164136,1.6250000044237822
1,268,completed,89390.6148256,89390.6155529,89390.6169505,2.124899998307228
0,269,completed,89390.6621847,89390.6634914,89390.6641449,1.9601999956648797
1,269,completed,89390.6622699,89390.6635518,89390.6646907,2.420799995888956
1,270,completed,89390.6936623,89390.6942868,89390.6949228,1.2605000083567575
0,270,completed,89390.6936825,89390.6943513,89390.6954371,1.7546000017318875
1,271,completed,89390.7252676,89390.7266089,89390.7276303,2.362699990044348
0,271,completed,89390.7252606,89390.7266027,89390.7281432,2.882600005250424
0,272,completed,89390.7580951,89390.7595685,89390.7606915,2.596400008769706
1,272,completed,89390.7580862,89390.7596697,89390.7612126,3.1263999990187585
1,273,completed,89390.7895417,89390.7908709,89390.7914221,1.8803999992087483
0,273,completed,89390.7895433,89390.7908788,89390.792317,2.773700005491264
0,274,completed,89390.8246384,89390.8257589,89390.8264313,1.792900002328679
1,274,completed,89390.8246286,89390.8257605,89390.8269674,2.3387999972328544
0,275,completed,89390.8583705,89390.8590467,89390.8597593,1.3887999957660213
1,275,completed,89390.8583623,89390.8591238,89390.8603447,1.982400004635565
0,276,completed,89390.8904444,89390.8913214,89390.8919254,1.480999999330379
1,276,completed,89390.8903977,89390.891282,89390.8924233,2.0255999988876283
1,277,completed,89390.9224317,89390.9235225,89390.9243061,1.8743999971775338
0,277,completed,89390.922689,89390.9239291,89390.9248236,2.1345999994082376
0,278,completed,89390.9535361,89390.9545599,89390.9555494,2.0132999925408512
1,278,completed,89390.9537809,89390.954873,89390.9562263,2.445399994030595
0,279,completed,89390.9857486,89390.9866001,89390.9873513,1.6027000092435628
1,279,completed,89390.9858758,89390.9868026,89390.987853,1.97719999414403
1,280,completed,89391.0175856,89391.0184455,89391.0189954,1.4097999955993146
0,280,completed,89391.0175825,89391.0184458,89391.019536,1.953500002855435
1,281,completed,89391.0491985,89391.0497659,89391.0503407,1.142200009780936
0,281,completed,89391.0492315,89391.0510661,89391.0516475,2.4160000029951334
1,282,completed,89391.0957607,89391.0965234,89391.097213,1.4522999990731478
0,282,completed,89391.0960783,89391.09673,89391.0977447,1.6663999995216727
1,283,completed,89391.1275825,89391.1285439,89391.1294692,1.8866999889723957
0,283,completed,89391.127969,89391.1290549,89391.1299784,2.0094000065000728
0,284,completed,89391.1585835,89391.1592679,89391.1598551,1.2716000055661425
1,284,completed,89391.1586185,89391.1593089,89391.160405,1.786499997251667
1,285,completed,89391.1903492,89391.1909527,89391.1915949,1.2456999975256622
0,285,completed,89391.190356,89391.1909574,89391.1921265,1.770499991835095
0,286,completed,89391.2222105,89391.2233405,89391.2242949,2.0844000100623816
1,286,completed,89391.2222172,89391.2233945,89391.2248849,2.6676999987103045
1,287,completed,89391.2535553,89391.2546806,89391.2556185,2.0631999941542745
0,287,completed,89391.2535722,89391.2547296,89391.2561083,2.5361000007251278
1,288,completed,89391.2852222,89391.2864592,89391.2874085,2.1863000001758337
0,288,completed,89391.2852247,89391.2864661,89391.2882319,3.007200008141808
1,289,completed,89391.3169562,89391.3174837,89391.3180543,1.0981000086758286
0,289,completed,89391.3169465,89391.3174828,89391.3185695,1.6230000037467107
1,290,completed,89391.3514112,89391.3527311,89391.3534259,2.014700003201142
0,290,completed,89391.3514109,89391.3527365,89391.3541584,2.747500009718351
0,291,completed,89391.3847122,89391.386145,89391.386802,2.089799992972985
1,291,completed,89391.3850372,89391.3862452,89391.3873273,2.290100004756823
1,292,completed,89391.4161244,89391.4174045,89391.4181619,2.037500002188608
0,292,completed,89391.4162548,89391.4175549,89391.4186742,2.4193999997805804
0,293,completed,89391.4481042,89391.4492835,89391.4501314,2.0271999965189025
1,293,completed,89391.448149,89391.4494089,89391.4506332,2.484199998434633
0,294,completed,89391.4957946,89391.4963767,89391.4969826,1.1879999947268516
1,294,completed,89391.4958036,89391.4963798,89391.4974924,1.6887999954633415
0,295,completed,89391.5279082,89391.5286487,89391.5292287,1.3204999995650724
1,295,completed,89391.5281133,89391.5287511,89391.5297246,1.6113000019686297
0,296,completed,89391.5591038,89391.5597581,89391.5604374,1.333599997451529
1,296,completed,89391.5591233,89391.5597654,89391.5610247,1.9013999990420416
0,297,completed,89391.5905546,89391.5911077,89391.5916638,1.1092000058852136
1,297,completed,89391.5905708,89391.5911241,89391.5921811,1.6102999943541363
1,298,completed,89391.6218472,89391.6228665,89391.623594,1.7468000005465
0,298,completed,89391.6218342,89391.6228673,89391.6241739,2.339699989533983
1,299,completed,89391.6527309,89391.65325,89391.6538966,1.1656999995466322
0,299,completed,89391.6530043,89391.6534617,89391.6543582,1.353900006506592
0,300,completed,89391.6844305,89391.6851244,89391.6857879,1.3574000040534884
1,300,completed,89391.6845092,89391.6852117,89391.6864176,1.9083999941358343
1,301,completed,89391.7168769,89391.7174085,89391.7180727,1.195799995912239
0,301,completed,89391.7168684,89391.7174091,89391.7185589,1.690499993856065
0,302,completed,89391.7491803,89391.7503437,89391.7509523,1.772000003256835
1,302,completed,89391.7491802,89391.7503403,89391.7514294,2.249199998914264
0,303,completed,89391.7816066,89391.7826928,89391.7832602,1.6536000039195642
1,303,completed,89391.7815965,89391.7826927,89391.7837353,2.1388000022852793
0,304,completed,89391.8288542,89391.8301017,89391.8310137,2.1594999998342246
1,304,completed,89391.8288551,89391.8301093,89391.8318349,2.979800003231503
0,305,completed,89391.8599987,89391.8611908,89391.8618112,1.8124999915016815
1,305,completed,89391.8600545,89391.8613004,89391.8623048,2.250300007290207
1,306,completed,89391.8883824,89391.8896554,89391.890282,1.8995999998878688
0,306,completed,89391.8884128,89391.8896884,89391.8907846,2.3717999865766615
1,307,completed,89391.9188665,89391.9199524,89391.9209259,2.0594000088749453
0,307,completed,89391.9190464,89391.9201653,89391.9213913,2.3449000000255182
0,308,completed,89391.950635,89391.9518029,89391.9523779,1.7428999999538064
1,308,completed,89391.9505949,89391.951776,89391.9529147,2.3197999980766326
0,309,completed,89391.9824774,89391.9833257,89391.9839043,1.4268999948399141
1,309,completed,89391.9824783,89391.9833233,89391.9844394,1.9611000025179237
0,310,completed,89392.0147194,89392.0158954,89392.0168366,2.11719999788329
1,310,completed,89392.0147347,89392.0159095,89392.0173465,2.6117999950656667
0,311,completed,89392.0474457,89392.0487079,89392.0493802,1.9345000036992133
1,311,completed,89392.0474632,89392.0487345,89392.049914,2.4508000060450286
0,312,completed,89392.0937875,89392.0949147,89392.0955227,1.7351999995298684
1,312,completed,89392.0938088,89392.0949233,89392.0959571,2.14830000186339
1,313,completed,89392.1249621,89392.1261882,89392.1271048,2.142700002877973
0,313,completed,89392.1249611,89392.1261687,89392.1276645,2.7034000086132437
1,314,completed,89392.1573858,89392.1586533,89392.1595994,2.2135999897727743
0,314,completed,89392.1573867,89392.1586624,89392.1606022,3.2155000080820173
0,315,completed,89392.188968,89392.1902044,89392.1908465,1.8784999992931262
1,315,completed,89392.1889715,89392.1902046,89392.191426,2.4545000051148236
0,316,completed,89392.2218557,89392.2227255,89392.2232868,1.4310999977169558
1,316,completed,89392.2218553,89392.2227259,89392.2238037,1.9484000076772645
1,317,completed,89392.2536976,89392.2548777,89392.2557789,2.0813000010093674
0,317,completed,89392.2536978,89392.2548786,89392.2565916,2.8938000032212585
1,318,completed,89392.2861323,89392.2873445,89392.2883065,2.1742000099038705
0,318,completed,89392.2861576,89392.2873769,89392.2891299,2.9723000043304637
1,319,completed,89392.3179491,89392.3192535,89392.3199438,1.9946999964304268
0,319,completed,89392.3179526,89392.3192339,89392.3204345,2.4818999954732135
1,320,completed,89392.3505633,89392.3518288,89392.3528067,2.2433999984059483
0,320,completed,89392.3505645,89392.3518335,89392.3537462,3.1816999980947003
0,321,completed,89392.3822034,89392.3834107,89392.3840507,1.8472999945515767
1,321,completed,89392.3822412,89392.3834259,89392.3845741,2.332899995963089
0,322,completed,89392.4180853,89392.4186406,89392.4191975,1.1121999996248633
1,322,completed,89392.4181352,89392.4186742,89392.419758,1.622800002223812
1,323,completed,89392.4505348,89392.4517172,89392.4523154,1.7806000105338171
0,323,completed,89392.4505344,89392.4517398,89392.4528265,2.2920999908819795
1,324,completed,89392.482036,89392.4825785,89392.4831406,1.1045999999623746
0,324,completed,89392.4820427,89392.4825787,89392.483648,1.6052999999374151
0,325,completed,89392.528642,89392.529419,89392.5300166,1.374599989503622
1,325,completed,89392.528693,89392.5294471,89392.5304387,1.7457000067224726
0,326,completed,89392.5599595,89392.5606955,89392.5612527,1.2932000099681318
1,326,completed,89392.5599557,89392.5606742,89392.5617978,1.8420999986119568
0,327,completed,89392.5907874,89392.592093,89392.5931014,2.3139999975683168
1,327,completed,89392.590802,89392.5921825,89392.5939701,3.168099996400997
0,328,completed,89392.6223507,89392.6235784,89392.6246264,2.2756999969715253
1,328,completed,89392.6224043,89392.623671,89392.6255473,3.1430000090040267
1,329,completed,89392.6540109,89392.6552845,89392.6561992,2.188300000852905
0,329,completed,89392.6540109,89392.6552686,89392.6570767,3.0657999886898324
1,330,completed,89392.6858953,89392.6867748,89392.6873415,1.446199996280484
0,330,completed,89392.6858953,89392.6868048,89392.6878626,1.9672999915201217
1,331,completed,89392.7182477,89392.7194687,89392.7204259,2.1781999967060983
0,331,completed,89392.7182473,89392.7194716,89392.7212725,3.0251999996835366
1,332,completed,89392.7503241,89392.7515813,89392.7525169,2.192800006014295
0,332,completed,89392.7503241,89392.7515739,89392.7530833,2.759200011496432
0,333,completed,89392.7975546,89392.7988683,89392.7997108,2.156200003810227
1,333,completed,89392.7975551,89392.7988671,89392.8003487,2.7935999969486147
0,334,completed,89392.829206,89392.8300473,89392.8306138,1.4078000094741583
1,334,completed,89392.8290799,89392.830053,89392.8312545,2.1745999983977526
0,335,completed,89392.8605807,89392.8618099,89392.8624571,1.8763999978546053
1,335,completed,89392.8605804,89392.8618087,89392.8630547,2.47430001036264
0,336,completed,89392.8916678,89392.8927925,89392.8937672,2.0994000078644603
1,336,completed,89392.8917176,89392.8928669,89392.894228,2.5104000087594613
0,337,completed,89392.9235954,89392.9244341,89392.9250723,1.4768999972147867
1,337,completed,89392.9235978,89392.9243987,89392.9255611,1.9632999901659787
0,338,completed,89392.9610436,89392.9618729,89392.9625122,1.4686000067740679
1,338,completed,89392.9610434,89392.9618559,89392.9630411,1.9976999901700765
0,339,completed,89392.9918027,89392.993105,89392.994101,2.298300008988008
1,339,completed,89392.9918103,89392.9931056,89392.9949344,3.1241000106092542
0,340,completed,89393.0245415,89393.0258641,89393.0267923,2.2508000110974535
1,340,completed,89393.0245416,89393.0258524,89393.0276384,3.0968000064603984
1,341,completed,89393.0570183,89393.0582798,89393.0592463,2.2280000121099874
0,341,completed,89393.0570186,89393.0582948,89393.0600683,3.049699997063726
0,342,completed,89393.088117,89393.0887386,89393.0893303,1.2132999981986359
1,342,completed,89393.0881167,89393.088739,89393.089833,1.716300001135096
0,343,completed,89393.1203641,89393.121546,89393.1223791,2.0149999909335747
1,343,completed,89393.1203652,89393.1215411,89393.1229371,2.571899996837601
1,344,completed,89393.1521165,89393.1533656,89393.1542964,2.179899995098822
0,344,completed,89393.1521244,89393.1533899,89393.154821,2.6966000004904345
0,345,completed,89393.1841587,89393.1848206,89393.1853639,1.2052000092808157
1,345,completed,89393.184158,89393.1848222,89393.1858518,1.6937999898800626
1,346,completed,89393.2159746,89393.2172622,89393.2183213,2.346699999179691
0,346,completed,89393.2159749,89393.2172641,89393.2189276,2.952700000605546
1,347,completed,89393.2624497,89393.2630681,89393.2637346,1.2848999904235825
0,347,completed,89393.2624413,89393.2630717,89393.2642524,1.811099995393306
0,348,completed,89393.2948726,89393.2954559,89393.2963792,1.5065999905345961
1,348,completed,89393.2948727,89393.2954809,89393.2968865,2.013799996348098
1,349,completed,89393.3266626,89393.3277802,89393.3283508,1.6882000054465607
0,349,completed,89393.3266625,89393.3277808,89393.3288356,2.173100001527928
1,350,completed,89393.3578993,89393.3585844,89393.3592068,1.3075000024400651
0,350,completed,89393.3578604,89393.3585785,89393.3596616,1.8011999927693978
1,351,completed,89393.3901399,89393.3910111,89393.3915889,1.44900000304915
0,351,completed,89393.3901398,89393.3910121,89393.3920726,1.9328000053064898
1,352,completed,89393.4223116,89393.4236194,89393.4246321,2.3204999888548627
0,352,completed,89393.4223119,89393.4236224,89393.4252348,2.922900006524287
0,353,completed,89393.4555911,89393.4567758,89393.4574011,1.8099999870173633
1,353,completed,89393.4556524,89393.4568633,89393.4580147,2.3622999869985506
0,354,completed,89393.4885945,89393.4898138,89393.4904457,1.8511999951442704
1,354,completed,89393.4886226,89393.4898799,89393.4909857,2.3631000076420605
0,355,completed,89393.5205202,89393.5217536,89393.5227165,2.196299989009276
1,355,completed,89393.5205202,89393.5217536,89393.5232763,2.7560999878915027
1,356,completed,89393.5525544,89393.553712,89393.5544281,1.8737000063993037
0,356,completed,89393.5525551,89393.553737,89393.5549764,2.4212999996962026
1,357,completed,89393.5846025,89393.5858475,89393.5865285,1.9259999971836805
0,357,completed,89393.584604,89393.5859003,89393.5870313,2.427300001727417
0,358,completed,89393.6166875,89393.6179502,89393.6188934,2.2058999893488362
1,358,completed,89393.6166874,89393.6179552,89393.6197764,3.088999990723096
1,359,completed,89393.6486314,89393.6495221,89393.6500807,1.449299990781583
0,359,completed,89393.6486304,89393.6495198,89393.650533,1.9026000081794336
1,360,completed,89393.695973,89393.6969935,89393.6977301,1.7571000062162057
0,360,completed,89393.6964097,89393.697392,89393.6982601,1.850400003604591
0,361,completed,89393.7282865,89393.7288626,89393.7294867,1.2002000003121793
1,361,completed,89393.7283217,89393.7288887,89393.7299904,1.6687000024830922
0,362,completed,89393.7603045,89393.7609996,89393.761678,1.3734999956795946
1,362,completed,89393.7603216,89393.7610103,89393.7622759,1.9542999943951145
0,363,completed,89393.7919571,89393.793113,89393.7940739,2.116800009389408
1,363,completed,89393.7920162,89393.7931851,89393.7947078,2.6916000060737133
0,364,completed,89393.8241161,89393.8253353,89393.8262565,2.1403999999165535
1,364,completed,89393.8241148,89393.8253653,89393.8268297,2.714900008868426
0,365,completed,89393.8565771,89393.8578715,89393.8588676,2.2905000078026205
1,365,completed,89393.8565684,89393.8578524,89393.8596922,3.123799993772991
1,366,completed,89393.8884256,89393.8896183,89393.8902061,1.7804999952204525
0,366,completed,89393.888424,89393.889619,89393.8907196,2.295599988428876
0,367,completed,89393.9202049,89393.9213925,89393.9223031,2.0981999987270683
1,367,completed,89393.9202182,89393.9214076,89393.9231395,2.9212999943410978
0,368,completed,89393.9518028,89393.9529448,89393.9535141,1.7112999921664596
1,368,completed,89393.9518237,89393.9529278,89393.9541206,2.296899998327717
1,369,completed,89393.9826927,89393.9839531,89393.9846138,1.9211000035284087
0,369,completed,89393.98279,89393.9840031,89393.9851635,2.3734999995213
0,370,completed,89394.0173928,89394.0182554,89394.0188005,1.4076999941607937
1,370,completed,89394.0173825,89394.018256,89394.0192666,1.8840999982785434
1,371,completed,89394.0499433,89394.0512854,89394.0524089,2.4656000023242086
0,371,completed,89394.0499542,89394.0513402,89394.0531839,3.2296999997925013
0,372,completed,89394.0815722,89394.0830295,89394.0841093,2.537100008339621
1,372,completed,89394.0816158,89394.0831426,89394.0846143,2.998500000103377
0,373,completed,89394.1295642,89394.1307378,89394.1314701,1.905899989651516
1,373,completed,89394.1295679,89394.1307375,89394.1320541,2.4861999991117045
0,374,completed,89394.1619097,89394.1626332,89394.1632927,1.3830000098096207
1,374,completed,89394.1619106,89394.1626384,89394.1637698,1.8591999978525564
0,375,completed,89394.193974,89394.1946055,89394.1952035,1.2295000051381066
1,375,completed,89394.1940063,89394.1946197,89394.1957492,1.7428999999538064
1,376,completed,89394.2248154,89394.2254303,89394.2263168,1.5014000091468915
0,376,completed,89394.2247967,89394.225407,89394.2267998,2.0031000021845102
1,377,completed,89394.2572955,89394.2585224,89394.259151,1.8554999987827614
0,377,completed,89394.2572954,89394.2585226,89394.2597495,2.454099987517111
0,378,completed,89394.2892171,89394.2903456,89394.2912703,2.053200005320832
1,378,completed,89394.2892967,89394.2904208,89394.2918323,2.5356000114697963
1,379,completed,89394.3212458,89394.3224596,89394.3230399,1.7940999969141558
0,379,completed,89394.321246,89394.3224603,89394.3235417,2.295699989190325
1,380,completed,89394.353165,89394.3544521,89394.3553804,2.2154000034788623
0,380,completed,89394.3531643,89394.354455,89394.3559832,2.818900000420399
1,381,completed,89394.3848282,89394.3859936,89394.386538,1.70980000984855
0,381,completed,89394.3847952,89394.3859695,89394.3870347,2.2394999978132546
1,382,completed,89394.4162599,89394.4176225,89394.418255,1.9950999994762242
0,382,completed,89394.4162373,89394.4176237,89394.4188186,2.5812999956542626
1,383,completed,89394.4485101,89394.44967,89394.45023,1.7198999994434416
0,383,completed,89394.4485232,89394.4496389,89394.4507595,2.2363000025507063
0,384,completed,89394.4957574,89394.4970743,89394.4980725,2.3151000059442595
1,384,completed,89394.4957767,89394.4970947,89394.4989514,3.1747000030009076
1,385,completed,89394.5270303,89394.527769,89394.5283821,1.3518000050680712
0,385,completed,89394.5270584,89394.5278033,89394.5289047,1.8463000014889985
1,386,completed,89394.5496407,89394.5503875,89394.5510363,1.3956000038888305
0,386,completed,89394.5496208,89394.5504499,89394.5515774,1.956599997356534
0,387,completed,89394.5814458,89394.5822248,89394.5827893,1.3435000000754371
1,387,completed,89394.5814756,89394.5822085,89394.5833415,1.865899990662001
0,388,completed,89394.6137213,89394.6144432,89394.6150485,1.327199992374517
1,388,completed,89394.6137178,89394.6144432,89394.6155941,1.876299997093156
1,389,completed,89394.6604771,89394.6611704,89394.6619127,1.4356000028783455
0,389,completed,89394.6604858,89394.661306,89394.6624847,1.9988999993074685
1,390,completed,89394.6918419,89394.692539,89394.6931985,1.3565999979618937
0,390,completed,89394.6918419,89394.6925383,89394.6937343,1.8924000032711774
0,391,completed,89394.7238265,89394.7245982,89394.7252738,1.4472999901045114
1,391,completed,89394.723798,89394.7245736,89394.7258359,2.03789999068249
0,392,completed,89394.7563394,89394.7570962,89394.7576849,1.3455000007525086
1,392,completed,89394.7563457,89394.7570879,89394.7582871,1.9413999980315566
0,393,completed,89394.7877287,89394.7896535,89394.7902728,2.544100003433414
1,393,completed,89394.7877638,89394.7896732,89394.7908397,3.0758999928366393
1,394,completed,89394.818881,89394.8199668,89394.8208664,1.9853999983752146
0,394,completed,89394.8189862,89394.8201391,89394.8217177,2.731500004301779
0,395,completed,89394.8505856,89394.8517519,89394.8526487,2.0631000079447404
1,395,completed,89394.8505933,89394.8517563,89394.8535027,2.9094000055920333
1,396,completed,89394.8822155,89394.8835811,89394.884183,1.9675000075949356
0,396,completed,89394.8822154,89394.883614,89394.8847091,2.493700012564659
0,397,completed,89394.9137354,89394.9148893,89394.9157697,2.0343000069260597
1,397,completed,89394.913776,89394.9149333,89394.9162926,2.5165999977616593
0,398,completed,89394.9605422,89394.961287,89394.9620818,1.5395999944303185
1,398,completed,89394.9605416,89394.9613501,89394.962656,2.114400005666539
0,399,completed,89394.9813816,89394.9822466,89394.9828205,1.4388999989023432
1,399,completed,89394.9813816,89394.9822455,89394.9833363,1.954700011992827
0,400,completed,89395.021367,89395.0221485,89395.0227651,1.3981000083731487
1,400,completed,89395.0213779,89395.0221772,89395.023473,2.095099989674054
0,401,completed,89395.0482962,89395.0487142,89395.0493299,1.033699998515658
1,401,completed,89395.0481797,89395.0508202,89395.0515248,3.3451000053901225
1,402,completed,89395.0943821,89395.0952399,89395.0959474,1.5653000009479001
0,402,completed,89395.0943652,89395.0952814,89395.0964969,2.1317000064300373
0,403,completed,89395.126295,89395.127438,89395.1283405,2.045500004896894
1,403,completed,89395.1266376,89395.1276424,89395.1291134,2.475800007232465
1,404,completed,89395.1569723,89395.1576237,89395.1583255,1.3532000011764467
0,404,completed,89395.1569711,89395.1577354,89395.1588966,1.9254999933764338
0,405,completed,89395.1875893,89395.1884062,89395.1892331,1.6438000020571053
1,405,completed,89395.1875761,89395.1883877,89395.1898954,2.319300008821301
0,406,completed,89395.2152093,89395.2159012,89395.2164732,1.2638999905902892
1,406,completed,89395.2152391,89395.215936,89395.2169602,1.7211000085808337
1,407,completed,89395.2501049,89395.25093,89395.2515779,1.472999996622093
0,407,completed,89395.2501208,89395.2508984,89395.2520801,1.9593000033637509
0,408,completed,89395.2850567,89395.2857832,89395.2864375,1.3808000076096505
1,408,completed,89395.285076,89395.2858495,89395.286943,1.8669999990379438
0,409,completed,89395.3195047,89395.3202062,89395.3207832,1.2784999998984858
1,409,completed,89395.3195043,89395.3202058,89395.3213446,1.840299999457784
1,410,completed,89395.3550593,89395.355791,89395.3565603,1.5010000061010942
0,410,completed,89395.3550026,89395.3557979,89395.3570363,2.0337000023573637
1,411,completed,89395.3948431,89395.3957031,89395.3964879,1.6447999951196834
0,411,completed,89395.3949629,89395.3958563,89395.3970057,2.0427999988896772
0,412,completed,89395.4263693,89395.4271544,89395.4278122,1.4429000002564862
1,412,completed,89395.4263579,89395.4271754,89395.428307,1.9490999984554946
0,413,completed,89395.4580411,89395.4586248,89395.4591796,1.1384999961592257
1,413,completed,89395.4580791,89395.4586702,89395.4596629,1.5837999962968752
1,414,completed,89395.489365,89395.489867,89395.4905328,1.167800000985153
0,414,completed,89395.4891128,89395.4919929,89395.4925029,3.3900999987963587
0,415,completed,89395.5209874,89395.5216889,89395.5222716,1.2841999996453524
1,415,completed,89395.5209957,89395.5217008,89395.5227567,1.7609999922569841
0,416,completed,89395.5525599,89395.5534178,89395.5540167,1.4568000042345375
1,416,completed,89395.5526127,89395.5534463,89395.5545321,1.91939999058377
0,417,completed,89395.5845492,89395.5853316,89395.5859377,1.3885000080335885
1,417,completed,89395.5845493,89395.5853322,89395.5864354,1.8860999989556149
1,418,completed,89395.616156,89395.6168796,89395.6174481,1.292100001592189
0,418,completed,89395.6161714,89395.6169128,89395.6179612,1.7897999932756647
1,419,completed,89395.6482194,89395.6489699,89395.6495159,1.2965000059921294
0,419,completed,89395.6482156,89395.648961,89395.6500343,1.8186999950557947
0,420,completed,89395.694931,89395.6956605,89395.6963724,1.4413999888347462
1,420,completed,89395.6949143,89395.6956472,89395.6969216,2.007300005061552
0,421,completed,89395.7148625,89395.7155892,89395.7162534,1.3908999972045422
1,421,completed,89395.7148704,89395.7155756,89395.7168489,1.9785000040428713
1,422,completed,89395.7495214,89395.7505523,89395.751281,1.7596000107005239
0,422,completed,89395.7494735,89395.7506396,89395.7519296,2.4561000027460977
0,423,completed,89395.7846379,89395.7852678,89395.7858859,1.2480000004870817
1,423,completed,89395.7846366,89395.785363,89395.7865083,1.8717000057222322
1,424,completed,89395.8194886,89395.8207033,89395.8213517,1.86309999844525
0,424,completed,89395.8195095,89395.8207291,89395.8219104,2.4009000044316053
1,425,completed,89395.8536626,89395.8543935,89395.8549687,1.3061000063316897
0,425,completed,89395.8536625,89395.8544021,89395.8555789,1.9163999968441203
0,426,completed,89395.8815256,89395.8828641,89395.8835341,2.0084999996470287
1,426,completed,89395.8815677,89395.8828623,89395.8840404,2.4726999981794506
1,427,completed,89395.9162916,89395.9170788,89395.917741,1.4493999915430322
0,427,completed,89395.9163159,89395.9171483,89395.9183132,1.9973000016761944
1,428,completed,89395.9509857,89395.95207,89395.9527497,1.764000000548549
0,428,completed,89395.9509857,89395.9520699,89395.9532488,2.2631000028923154
0,429,completed,89395.9857392,89395.986983,89395.9877622,2.023000008193776
1,429,completed,89395.9857761,89395.9870598,89395.9883267,2.55059999471996
0,430,completed,89396.0205091,89396.0213856,89396.0220324,1.5233000012813136
1,430,completed,89396.0204977,89396.0213922,89396.0225909,2.093200004310347
0,431,completed,89396.0488867,89396.0496465,89396.0503368,1.4501000114250928
1,431,completed,89396.0489195,89396.0496215,89396.0509208,2.0013000030303374
0,432,completed,89396.0828297,89396.0835751,89396.0841966,1.3669000036315992
1,432,completed,89396.0828175,89396.0835662,89396.0847878,1.9702999998116866
1,433,completed,89396.1177935,89396.1191701,89396.1198151,2.0215999975334853
0,433,completed,89396.1177848,89396.1193163,89396.120552,2.767199999652803
0,434,completed,89396.1523534,89396.1530497,89396.1536576,1.3042000064160675
1,434,completed,89396.1523747,89396.1530851,89396.1544686,2.0938999950885773
0,435,completed,89396.1802782,89396.1815458,89396.1821408,1.8625999946380034
1,435,completed,89396.1803035,89396.1815604,89396.1827729,2.469400002155453
0,436,completed,89396.2148678,89396.2155605,89396.2164581,1.5903000021353364
1,436,completed,89396.2148841,89396.2156057,89396.2171342,2.250099991215393
0,437,completed,89396.2578423,89396.2586368,89396.2593715,1.5292000025510788
1,437,completed,89396.2578843,89396.2586288,89396.2598916,2.007300005061552
1,438,completed,89396.2845508,89396.2852875,89396.2860216,1.4707999944221228
0,438,completed,89396.2845677,89396.2853248,89396.2865123,1.944599993294105
1,439,completed,89396.3193167,89396.320041,89396.3207845,1.4678000006824732
0,439,completed,89396.3193447,89396.3200409,89396.3213108,1.96610001148656
1,440,completed,89396.3539677,89396.3546803,89396.3555369,1.5692000015405938
0,440,completed,89396.3539658,89396.3546804,89396.3560763,2.1105000050738454
0,441,completed,89396.3819385,89396.3829405,89396.3838225,1.8840000120690092
1,441,completed,89396.3819422,89396.382955,89396.3850311,3.0889000045135617
1,442,completed,89396.4193268,89396.4204596,89396.4214121,2.0853000023635104
0,442,completed,89396.4193438,89396.420586,89396.422181,2.8372000087983906
0,443,completed,89396.4489983,89396.4498524,89396.4509128,1.9145000114804134
1,443,completed,89396.449032,89396.4499503,89396.4516325,2.600499996333383
0,444,completed,89396.4928198,89396.4935956,89396.4942045,1.3847000082023442
1,444,completed,89396.4928277,89396.4936576,89396.4947951,1.9674000068334863
0,445,completed,89396.5224489,89396.5237568,89396.5247184,2.2695000079693273
1,445,completed,89396.5224502,89396.5237339,89396.5253213,2.8710999904433265
1,446,completed,89396.5479071,89396.5485368,89396.5492532,1.3461000053212047
0,446,completed,89396.5479293,89396.5486574,89396.549827,1.8976999999722466
0,447,completed,89396.5859859,89396.5868834,89396.5874857,1.4997999969637021
1,447,completed,89396.5859862,89396.5868895,89396.5880505,2.064299987978302
1,448,completed,89396.6173971,89396.6181302,89396.6188371,1.440000007278286
0,448,completed,89396.6173925,89396.6181306,89396.6195371,2.144600002793595
0,449,completed,89396.6486682,89396.6496573,89396.6503145,1.6463000065414235
1,449,completed,89396.6486685,89396.6496561,89396.6508578,2.1893000084673986
0,450,completed,89396.6966543,89396.697851,89396.6985227,1.8683999951463193
1,450,completed,89396.6966543,89396.6979267,89396.6992454,2.5910999975167215
1,451,completed,89396.7283279,89396.7299495,89396.7308591,2.531200007069856
0,451,completed,89396.728328,89396.7299568,89396.7317142,3.386199998203665
1,452,completed,89396.7600651,89396.7612245,89396.7619894,1.924299998790957
0,452,completed,89396.7600649,89396.7612207,89396.7628399,2.7750000008381903
1,453,completed,89396.7911469,89396.7920016,89396.7926344,1.4875000051688403
0,453,completed,89396.7911468,89396.7920152,89396.7931915,2.0446999988052994
1,454,completed,89396.822636,89396.8233862,89396.8239662,1.330200000666082
0,454,completed,89396.8226359,89396.823387,89396.8245773,1.9413999980315566
0,455,completed,89396.8548108,89396.8559812,89396.8565964,1.7856000049505383
1,455,completed,89396.8548109,89396.8560103,89396.8571588,2.347900008317083
1,456,completed,89396.8857061,89396.8868189,89396.8876535,1.9474000000627711
0,456,completed,89396.8857064,89396.8869334,89396.888431,2.7245999954175204
1,457,completed,89396.9248592,89396.9256259,89396.9262927,1.4335000014398247
0,457,completed,89396.9248471,89396.9256937,89396.9268728,2.0256999996490777
1,458,completed,89396.9628491,89396.9638255,89396.9646838,1.8347000004723668
0,458,completed,89396.9628378,89396.9638022,89396.9653273,2.489499995135702
0,459,completed,89396.9836298,89396.9845973,89396.9852596,1.6297999973176047
1,459,completed,89396.9836485,89396.9846501,89396.9858313,2.1828000026289374
1,460,completed,89397.0153375,89397.0162541,89397.0170889,1.7514000064693391
0,460,completed,89397.015355,89397.016385,89397.0177763,2.4212999996962026
0,461,completed,89397.0631167,89397.0638532,89397.0646949,1.578199997311458
1,461,completed,89397.0631634,89397.0639941,89397.0653623,2.1988999942550436
1,462,completed,89397.0951597,89397.0957992,89397.0964268,1.2671000004047528
0,462,completed,89397.0951856,89397.0959339,89397.0969857,1.8000999989453703
1,463,completed,89397.1265482,89397.1275476,89397.1283561,1.8079000001307577
0,463,completed,89397.1265481,89397.127563,89397.1290714,2.523300005123019
0,464,completed,89397.1578119,89397.1586916,89397.1594988,1.6868999955477193
1,464,completed,89397.1578438,89397.1588249,89397.1601393,2.2955000022193417
1,465,completed,89397.1897263,89397.1908522,89397.191557,1.8306999991182238
0,465,completed,89397.189725,89397.1908559,89397.1922699,2.5448999949730933
0,466,completed,89397.2210852,89397.2216203,89397.2225137,1.4285000070231035
1,466,completed,89397.2216917,89397.2221716,89397.2230879,1.3961999939056113
1,467,completed,89397.2521325,89397.2526796,89397.2536579,1.5254000027198344
0,467,completed,89397.2527149,89397.2532467,89397.2541759,1.4610000071115792
0,468,completed,89397.2835017,89397.2845985,89397.2852506,1.748900001985021
1,468,completed,89397.2835454,89397.2845952,89397.2860568,2.5114000018220395
1,469,completed,89397.3145803,89397.3156192,89397.316277,1.6967000119620934
0,469,completed,89397.3145803,89397.3157146,89397.3167955,2.2152000019559637
1,470,completed,89397.3617985,89397.3625534,89397.3633326,1.5340999962063506
0,470,completed,89397.3618293,89397.3627373,89397.3639518,2.1224999945843592
1,471,completed,89397.3930082,89397.3943926,89397.3951464,2.1381999977165833
0,471,completed,89397.393008,89397.3945798,89397.3957573,2.7492999943206087
1,472,completed,89397.4243193,89397.4254262,89397.4265843,2.2650000028079376
0,472,completed,89397.4243189,89397.4254773,89397.4272303,2.911400006269105
1,473,completed,89397.4553432,89397.4561354,89397.4569888,1.6456000012112781
0,473,completed,89397.4553421,89397.4562838,89397.4575727,2.2306000028038397
1,474,completed,89397.4870136,89397.488249,89397.4891318,2.1182000054977834
0,474,completed,89397.4870147,89397.4882292,89397.4897084,2.693699992960319
1,475,completed,89397.5188864,89397.5198656,89397.5206044,1.7179999995278195
0,475,completed,89397.5188764,89397.5198539,89397.5211069,2.2305000020423904
1,476,completed,89397.550746,89397.5519002,89397.5528045,2.0585000020219013
0,476,completed,89397.5507529,89397.5519012,89397.5534221,2.6691999955801293
1,477,completed,89397.5819399,89397.5831189,89397.5839228,1.9828999938908964
0,477,completed,89397.5819398,89397.5831206,89397.5844768,2.5369999930262566
1,478,completed,89397.6134003,89397.6139522,89397.6147148,1.3144999975338578
0,478,completed,89397.6284325,89397.6289533,89397.6296655,1.233000002685003
0,479,completed,89397.6600811,89397.6632649,89397.6649965,4.915400000754744
1,479,completed,89397.660307,89397.663405,89397.6659314,5.6244000006699935
1,480,completed,89397.6909665,89397.6919823,89397.6927355,1.7689999949652702
0,480,completed,89397.6909482,89397.6920953,89397.6933467,2.3985000007087365
0,481,completed,89397.7226715,89397.7235652,89397.7243134,1.6419000021414831
1,481,completed,89397.722658,89397.7236709,89397.7251,2.441999997245148
1,482,completed,89397.7548962,89397.7560069,89397.7569148,2.0186000037938356
0,482,completed,89397.7548921,89397.7560557,89397.7575202,2.628100002766587
0,483,completed,89397.7859047,89397.7867633,89397.7874213,1.516600008471869
1,483,completed,89397.7858554,89397.7868179,89397.7879546,2.0992000063415617
1,484,completed,89397.8169804,89397.8178851,89397.8185078,1.5273999888449907
0,484,completed,89397.8169924,89397.8178903,89397.8191179,2.125500002875924
0,485,completed,89397.8484491,89397.8494054,89397.8499878,1.5387000021291897
1,485,completed,89397.8484303,89397.8494473,89397.8505393,2.1089999936521053
0,486,completed,89397.8948247,89397.895865,89397.8964864,1.6617000073892996
1,486,completed,89397.8949162,89397.8959666,89397.8970627,2.146499988157302
1,487,completed,89397.9260281,89397.927001,89397.9276301,1.6020000039134175
0,487,completed,89397.9260229,89397.9270312,89397.9281517,2.1287999988999218
1,488,completed,89397.9576983,89397.9585898,89397.9593472,1.6488999972352758
0,488,completed,89397.9576983,89397.9586594,89397.9599524,2.254099992569536
0,489,completed,89397.9891947,89397.9900039,89397.9905783,1.3835999998264015
1,489,completed,89397.9891949,89397.9899928,89397.9911872,1.992299992707558
0,490,completed,89398.0204925,89398.0216674,89398.0222576,1.7650999943725765
1,490,completed,89398.0204925,89398.0216762,89398.0227745,2.282000001287088
1,491,completed,89398.0519395,89398.0527954,89398.0534764,1.5369000029750168
0,491,completed,89398.0519394,89398.0529012,89398.0541314,2.1919999999227002
1,492,completed,89398.0833097,89398.0843141,89398.0851173,1.8075999978464097
0,492,completed,89398.0833094,89398.0844488,89398.0857689,2.4594999995315447
1,493,completed,89398.1151369,89398.1161935,89398.1168175,1.680600005784072
0,493,completed,89398.1151048,89398.1162794,89398.1174119,2.3071000032359734
0,494,completed,89398.1628829,89398.1637432,89398.164466,1.583100005518645
1,494,completed,89398.1630497,89398.1639344,89398.1649958,1.946100004715845
0,495,completed,89398.1947688,89398.1958454,89398.1965534,1.7846000118879601
1,495,completed,89398.1947541,89398.1958474,89398.1972272,2.473100001225248
0,496,completed,89398.2268328,89398.2277674,89398.2283725,1.5396999951917678
1,496,completed,89398.2268724,89398.2278275,89398.228884,2.0115999941481277
0,497,completed,89398.2576926,89398.2590541,89398.2602921,2.599500003270805
1,497,completed,89398.2577025,89398.2591229,89398.2609577,3.255199990235269
1,498,completed,89398.2893049,89398.2903849,89398.290988,1.683099995716475
0,498,completed,89398.2893009,89398.2903659,89398.2915299,2.2290000051725656
1,499,completed,89398.3203703,89398.3212442,89398.3219913,1.6210000030696392
0,499,completed,89398.3207809,89398.3215279,89398.3224981,1.7171999934362248
1,500,completed,89398.3524608,89398.3536513,89398.3543324,1.8716000049607828
0,500,completed,89398.3524303,89398.3536557,89398.3549511,2.520800000638701
1,501,completed,89398.383974,89398.3846984,89398.3854144,1.4404000103240833
0,501,completed,89398.383967,89398.3847961,89398.3859797,2.0127000025240704
1,502,completed,89398.4156306,89398.4164894,89398.4172242,1.5936000127112493
0,502,completed,89398.4156343,89398.4165075,89398.4177359,2.1015999955125153
0,503,completed,89398.4473808,89398.4479448,89398.4486107,1.2298999936319888
1,503,completed,89398.4633149,89398.463792,89398.4645456,1.2306999997235835
1,504,completed,89398.4947163,89398.4956443,89398.4962094,1.4930999896023422
0,504,completed,89398.4947428,89398.495684,89398.496721,1.9782000017585233
1,505,completed,89398.5264806,89398.5273655,89398.5280092,1.5285999979823828
0,505,completed,89398.5267776,89398.5275376,89398.5285938,1.8162000051233917
0,506,completed,89398.5582432,89398.5591449,89398.5598529,1.6097000043373555
1,506,completed,89398.5582434,89398.5592611,89398.5603802,2.136800001608208
0,507,completed,89398.5902566,89398.590934,89398.5927067,2.450100000714883
1,507,completed,89398.5902584,89398.5909377,89398.5958041,5.54569999803789
0,508,completed,89398.6216086,89398.6225335,89398.6231655,1.5568999951938167
1,508,completed,89398.6216073,89398.6226574,89398.623694,2.086699998471886
0,509,completed,89398.6528577,89398.6538168,89398.6545333,1.6755999968154356
1,509,completed,89398.6528381,89398.6539025,89398.6550856,2.2475000005215406
0,510,completed,89398.6843371,89398.6851854,89398.6859423,1.6051999991759658
1,510,completed,89398.6846922,89398.6855553,89398.6864597,1.7674999980954453
1,511,completed,89398.714876,89398.7161268,89398.7172222,2.3461999953724444
0,511,completed,89398.7149592,89398.7162101,89398.7181592,3.1999999919207767
1,512,completed,89398.7496517,89398.7509152,89398.7516389,1.9871999975293875
0,512,completed,89398.7496517,89398.7509516,89398.7525724,2.920700004324317
1,513,completed,89398.7841476,89398.7849149,89398.7856177,1.4701000036438927
0,513,completed,89398.7841305,89398.7849909,89398.7862755,2.1449999912874773
0,514,completed,89398.8191231,89398.820374,89398.8213604,2.2373000101651996
1,514,completed,89398.8191236,89398.8203262,89398.8220664,2.9427999979816377
0,515,completed,89398.8535507,89398.8544826,89398.8551449,1.5941999881761149
1,515,completed,89398.853551,89398.8544757,89398.8558453,2.294300007633865
1,516,completed,89398.8814599,89398.8822911,89398.8828418,1.381900001433678
0,516,completed,89398.8814523,89398.8822766,89398.8833807,1.9284000009065494
0,517,completed,89398.927848,89398.9290704,89398.9301768,2.328799993847497
1,517,completed,89398.9278483,89398.9296441,89398.9307849,2.9366000089794397
0,518,completed,89398.9482887,89398.9491663,89398.9498731,1.5844000008655712
1,518,completed,89398.9483138,89398.9491842,89398.9504866,2.17279999924358
1,519,completed,89398.9956223,89398.9963262,89398.9968989,1.2765999999828637
0,519,completed,89398.9956184,89398.996327,89398.9974368,1.8183999927714467
0,520,completed,89399.0269544,89399.027734,89399.0283261,1.3716999965254217
1,520,completed,89399.0269704,89399.0277443,89399.0288853,1.9148999999742955
0,521,completed,89399.057687,89399.0583896,89399.0589676,1.2806000013370067
1,521,completed,89399.0576831,89399.0583929,89399.0594472,1.764099986758083
0,522,completed,89399.0891109,89399.089763,89399.0903357,1.2248000130057335
1,522,completed,89399.0891344,89399.0897839,89399.090805,1.6706000023987144
0,523,completed,89399.1212956,89399.1232273,89399.124002,2.7064000023528934
1,523,completed,89399.121374,89399.1232317,89399.1245828,3.2088000007206574
1,524,completed,89399.1523794,89399.153403,89399.1540865,1.707100003841333
0,524,completed,89399.152767,89399.1536086,89399.1546099,1.8428999901516363
1,525,completed,89399.183508,89399.1850184,89399.1857922,2.284200003487058
0,525,completed,89399.1837286,89399.1851545,89399.1863737,2.645100001245737
1,526,completed,89399.2146488,89399.2154757,89399.21612,1.4711999974679202
0,526,completed,89399.2146274,89399.2154666,89399.2166309,2.0035000052303076
1,527,completed,89399.2616547,89399.2629648,89399.2640197,2.3649999930057675
0,527,completed,89399.2616542,89399.262997,89399.2651817,3.5274999972898513
1,528,completed,89399.2851553,89399.2860241,89399.2866233,1.4680000022053719
0,528,completed,89399.2851746,89399.2860709,89399.2871169,1.9423000048846006
1,529,completed,89399.3167356,89399.3174451,89399.3180305,1.29489999380894
0,529,completed,89399.3167281,89399.3174413,89399.3185354,1.8072999955620617
0,530,completed,89399.3479826,89399.348607,89399.3492762,1.293599998462014
1,530,completed,89399.348232,89399.3488518,89399.3497997,1.5676999901188537
0,531,completed,89399.3944754,89399.3952129,89399.3958751,1.399700006004423
1,531,completed,89399.3945423,89399.3952593,89399.3964545,1.9122000085189939
1,532,completed,89399.426094,89399.4268875,89399.4274905,1.3965000107418746
0,532,completed,89399.4261193,89399.4269126,89399.4279634,1.8440999992890283
0,533,completed,89399.4527357,89399.4534772,89399.454507,1.7712999979266897
1,533,completed,89399.45315,89399.4538281,89399.4550311,1.8811000045388937
0,534,completed,89399.4876607,89399.4884113,89399.4890542,1.3935000024503097
1,534,completed,89399.4877138,89399.4885449,89399.4895606,1.8468000052962452
0,535,completed,89399.5260284,89399.5269414,89399.5275635,1.535100003820844
1,535,completed,89399.5260116,89399.5269537,89399.5281125,2.100900004734285
1,536,completed,89399.5570171,89399.5575597,89399.5582217,1.2046000047121197
0,536,completed,89399.5571897,89399.55787,89399.5587521,1.5623999934177846
0,537,completed,89399.5887854,89399.5895113,89399.590361,1.5755999920656905
1,537,completed,89399.5887887,89399.5896045,89399.5910736,2.284899994265288
0,538,completed,89399.6270333,89399.6277331,89399.6283303,1.296999995247461
1,538,completed,89399.6270407,89399.6277346,89399.6288512,1.8105000053765252
1,539,completed,89399.6477933,89399.6484619,89399.6491981,1.4048000011825934
0,539,completed,89399.6477755,89399.6484263,89399.6497746,1.9991000008303672
0,540,completed,89399.6875111,89399.688283,89399.6891381,1.6270000051008537
1,540,completed,89399.687511,89399.6882826,89399.6897845,2.2735000093234703
1,541,completed,89399.715416,89399.7164662,89399.7172112,1.7951999907381833
0,541,completed,89399.7154456,89399.7164892,89399.7177662,2.3206000041682273
1,542,completed,89399.7501335,89399.7508259,89399.7514851,1.3516000035451725
0,542,completed,89399.7501619,89399.7508619,89399.7521605,1.9985999970231205
1,543,completed,89399.7850523,89399.7860599,89399.7866389,1.5866000030655414
0,543,completed,89399.7850526,89399.7860786,89399.7871369,2.0843000093009323
1,544,completed,89399.8204667,89399.8214338,89399.8223945,1.9278000108897686
0,544,completed,89399.8206594,89399.8216511,89399.8231334,2.474000008078292
1,545,completed,89399.8595021,89399.8602121,89399.8608705,1.368400000501424
0,545,completed,89399.859514,89399.8602695,89399.8615062,1.9922000064980239
1,546,completed,89399.8941414,89399.8948989,89399.8954921,1.3506999966921285
0,546,completed,89399.8941801,89399.8949256,89399.8961321,1.951999991433695
1,547,completed,89399.9256668,89399.9267282,89399.9273183,1.6515000024810433
0,547,completed,89399.9256747,89399.9267796,89399.9279678,2.293099998496473
1,548,completed,89399.956634,89399.957584,89399.9582329,1.5988999948604032
0,548,completed,89399.9566646,89399.9576373,89399.9588757,2.2110999998403713
1,549,completed,89399.9880373,89399.9891216,89399.9897995,1.7622000013943762
0,549,completed,89399.9880374,89399.9891702,89399.9904932,2.4558000004617497
0,550,completed,89400.0190789,89400.0199464,89400.0209096,1.8306999991182238
1,550,completed,89400.0191085,89400.0200513,89400.021635,2.5265000003855675
0,551,completed,89400.050762,89400.0516821,89400.052394,1.631999999517575
1,551,completed,89400.0507811,89400.0516664,89400.0529495,2.1683999948436394
0,552,completed,89400.0978725,89400.0993947,89400.1014789,3.606400001444854
1,552,completed,89400.0978731,89400.0994417,89400.1024165,4.5433999912347645
0,553,completed,89400.129135,89400.1301397,89400.1311286,1.9936000026063994
1,553,completed,89400.1291353,89400.1301107,89400.1318177,2.6824000087799504
0,554,completed,89400.1613839,89400.1626339,89400.1636172,2.2332999942591414
1,554,completed,89400.1616514,89400.1627684,89400.164346,2.694599999813363
0,555,completed,89400.19276,89400.19366,89400.1945763,1.8162999913329259
1,555,completed,89400.1927491,89400.1936824,89400.1953871,2.638000005390495
1,556,completed,89400.2236184,89400.2244234,89400.2251511,1.5327000000979751
0,556,completed,89400.2236093,89400.2244892,89400.2257159,2.1066000044811517
0,557,completed,89400.2555939,89400.2565529,89400.2573391,1.745200002915226
1,557,completed,89400.2555985,89400.2565541,89400.2580717,2.473199987434782
0,558,completed,89400.2853253,89400.286106,89400.2866851,1.359799993224442
1,558,completed,89400.2853763,89400.2861859,89400.2872477,1.8714000034378842
0,559,completed,89400.317214,89400.31788,89400.3184533,1.2393000070005655
1,559,completed,89400.3172248,89400.3178801,89400.3189649,1.7400999931851402
1,560,completed,89400.3484998,89400.3496477,89400.3502266,1.726799993775785
0,560,completed,89400.3484888,89400.3496437,89400.3508441,2.355300006456673
1,561,completed,89400.3804918,89400.3813909,89400.3821559,1.6641000111121684
0,561,completed,89400.3804918,89400.3813853,89400.382919,2.4272000009659678
1,562,completed,89400.4277841,89400.42884,89400.4294358,1.651700004003942
0,562,completed,89400.4277751,89400.4288867,89400.4301599,2.384799998253584
0,563,completed,89400.4592981,89400.4607025,89400.462615,3.3168999943882227
1,563,completed,89400.459296,89400.4608411,89400.463495,4.199000002699904
1,564,completed,89400.4901929,89400.4913259,89400.4923525,2.159600000595674
0,564,completed,89400.4901923,89400.4913611,89400.4934677,3.275399998528883
1,565,completed,89400.5224289,89400.5234324,89400.5239834,1.5544999914709479
0,565,completed,89400.5224442,89400.52347,89400.5246287,2.184500001021661
1,566,completed,89400.5538506,89400.5551507,89400.5557425,1.8918999994639307
0,566,completed,89400.5538506,89400.5551524,89400.5564937,2.6431000005686656
1,567,completed,89400.5854597,89400.5866597,89400.5877053,2.2456000006059185
0,567,completed,89400.5854654,89400.586759,89400.588769,3.3035999949788675
0,568,completed,89400.6166489,89400.6173495,89400.6180828,1.433900004485622
1,568,completed,89400.6166481,89400.6173624,89400.6186974,2.0493000047281384
1,569,completed,89400.6477708,89400.6486176,89400.6493616,1.5907999913906679
0,569,completed,89400.6477708,89400.6486207,89400.6506324,2.8615999908652157
1,570,completed,89400.6939295,89400.6949948,89400.6956106,1.6810999950394034
0,570,completed,89400.6939202,89400.6951037,89400.6960991,2.1788999874843284
0,571,completed,89400.7252673,89400.7258956,89400.7265624,1.2950999953318387
1,571,completed,89400.7252676,89400.7261043,89400.7270519,1.784299995051697
1,572,completed,89400.7567933,89400.7577388,89400.7583517,1.5584000066155568
0,572,completed,89400.7567933,89400.7577389,89400.7588549,2.0616000110749155
0,573,completed,89400.7879528,89400.7890726,89400.7896794,1.7265999922528863
1,573,completed,89400.7879521,89400.7891385,89400.7901912,2.2390999947674572
0,574,completed,89400.8198689,89400.8211849,89400.8217781,1.909200000227429
1,574,completed,89400.8198689,89400.821165,89400.8223019,2.4330000014742836
0,575,completed,89400.8518781,89400.853182,89400.8537506,1.8724999972619116
1,575,completed,89400.8519152,89400.8531695,89400.854269,2.3538000095868483
0,576,completed,89400.8827441,89400.8838189,89400.8844156,1.6714999946998432
1,576,completed,89400.8829306,89400.883959,89400.8848981,1.9675000075949356
1,577,completed,89400.9216892,89400.9223057,89400.9229056,1.21640000725165
0,577,completed,89400.9216473,89400.9224107,89400.9233988,1.7515000072307885
0,578,completed,89400.9553408,89400.9560225,89400.9567261,1.385299998219125
1,578,completed,89400.9554286,89400.9561686,89400.9573252,1.8965999915963039
1,579,completed,89400.9832111,89400.9840503,89400.9846487,1.437600003555417
0,579,completed,89400.9832113,89400.9840761,89400.9852078,1.9964999955845997
0,580,completed,89401.0164897,89401.0171975,89401.0178664,1.376699990942143
1,580,completed,89401.0165158,89401.0173171,89401.0186486,2.132800000254065
1,581,completed,89401.0568199,89401.0575569,89401.0583991,1.5792000049259514
0,581,completed,89401.0568156,89401.057643,89401.0589438,2.128200008883141
0,582,completed,89401.0890405,89401.0897688,89401.0903714,1.3309000059962273
1,582,completed,89401.0891012,89401.0898837,89401.0908898,1.788599998690188
1,583,completed,89401.1211385,89401.1217807,89401.1224076,1.2691000010818243
0,583,completed,89401.1211966,89401.1218672,89401.1229291,1.7325000080745667
1,584,completed,89401.1525191,89401.1532512,89401.1538836,1.3644999999087304
0,584,completed,89401.1525643,89401.153306,89401.1543834,1.819099998101592
1,585,completed,89401.1843635,89401.1851928,89401.1858193,1.4557999966200441
0,585,completed,89401.184415,89401.1852332,89401.1863286,1.9136000046273693
0,586,completed,89401.2154163,89401.2164168,89401.2170207,1.6044000076362863
1,586,completed,89401.2154835,89401.2164041,89401.2175696,2.086100008455105
1,587,completed,89401.2625006,89401.2633394,89401.2640091,1.5085000050021335
0,587,completed,89401.2624937,89401.263311,89401.2646645,2.1708000131184235
1,588,completed,89401.284337,89401.2850262,89401.2855574,1.220399994053878
0,588,completed,89401.2843659,89401.2850594,89401.2861807,1.814799994463101
0,589,completed,89401.328462,89401.3293036,89401.3300246,1.5625999949406832
1,589,completed,89401.3284735,89401.3293245,89401.3306002,2.126699997461401
0,590,completed,89401.3599153,89401.3606873,89401.3614593,1.5439999988302588
1,590,completed,89401.3598903,89401.360693,89401.361962,2.071700000669807
1,591,completed,89401.391293,89401.3919104,89401.3925082,1.2152000126661733
0,591,completed,89401.3912962,89401.3919516,89401.3931725,1.876299997093156
1,592,completed,89401.4177071,89401.4184331,89401.4190096,1.3024999934714288
0,592,completed,89401.4177071,89401.4184517,89401.4197104,2.003300003707409
1,593,completed,89401.4522384,89401.4530334,89401.4537204,1.4819999923929572
0,593,completed,89401.4522381,89401.4530968,89401.4543435,2.1053999953437597
0,594,completed,89401.480632,89401.4813239,89401.4819918,1.359799993224442
1,594,completed,89401.4806387,89401.4813741,89401.4825608,1.9220999965909868
1,595,completed,89401.5145401,89401.5153608,89401.5159945,1.4544000005116686
0,595,completed,89401.514559,89401.5154362,89401.5165791,2.0201000006636605
0,596,completed,89401.5564682,89401.5573185,89401.5580236,1.555399998323992
1,596,completed,89401.5564528,89401.5572942,89401.5585751,2.122300007613376
1,597,completed,89401.5845454,89401.5852754,89401.5859264,1.3810000091325492
0,597,completed,89401.5845451,89401.5852756,89401.5864711,1.9259999971836805
0,598,completed,89401.6187371,89401.6194865,89401.6201651,1.4280000032158569
1,598,completed,89401.6187448,89401.6194821,89401.6207161,1.97130000742618
1,599,completed,89401.6471001,89401.647567,89401.6482731,1.1729999969247729
0,599,completed,89401.6534879,89401.653903,89401.6545552,1.0673000069800764
0,600,completed,89401.6819635,89401.6826799,89401.6836008,1.637299996218644
1,600,completed,89401.6819922,89401.6827272,89401.6841603,2.1681000071112067
0,601,completed,89401.7163192,89401.7170952,89401.7178803,1.5610999980708584
1,601,completed,89401.7163198,89401.7171099,89401.7183823,2.062499988824129
1,602,completed,89401.7509307,89401.7517289,89401.7523792,1.4484999992419034
0,602,completed,89401.75093,89401.7517284,89401.7530019,2.071900002192706
1,603,completed,89401.7823159,89401.7835039,89401.7848709,2.5549999991199
0,603,completed,89401.7823088,89401.7835181,89401.7867132,4.404399995109998
1,604,completed,89401.8133464,89401.8142746,89401.8153992,2.052800002275035
0,604,completed,89401.8133472,89401.8143539,89401.8164479,3.100699992501177
1,605,completed,89401.8539441,89401.8549108,89401.8557929,1.8487999914214015
0,605,completed,89401.8539439,89401.854915,89401.8565771,2.6331999979447573
0,606,completed,89401.8818384,89401.8830315,89401.8841343,2.295899990713224
1,606,completed,89401.8818507,89401.8830337,89401.8849924,3.1416999991051853
1,607,completed,89401.916492,89401.9176252,89401.9187588,2.2668000019621104
0,607,completed,89401.9164819,89401.9176434,89401.9196698,3.1879000016488135
0,608,completed,89401.9512539,89401.9525557,89401.9533434,2.089500005240552
1,608,completed,89401.9512524,89401.9525511,89401.9541481,2.8957000031368807
0,609,completed,89401.9857953,89401.9866434,89401.9875798,1.7844999965745956
1,609,completed,89401.9857955,89401.9867332,89401.9884008,2.6052999892272055
0,610,completed,89402.0206923,89402.0218227,89402.0225606,1.8683000089367852
1,610,completed,89402.0206925,89402.0218031,89402.0232249,2.5324000016553327
0,611,completed,89402.0482886,89402.0492145,89402.0498729,1.5843000001041219
1,611,completed,89402.0482921,89402.0492447,89402.0505253,2.2332000080496073
0,612,completed,89402.0826736,89402.0835264,89402.0844368,1.7631999944569543
1,612,completed,89402.0826428,89402.0835552,89402.0850909,2.4481000000378117
0,613,completed,89402.1186446,89402.1203556,89402.1213746,2.729999992880039
1,613,completed,89402.1186452,89402.1203889,89402.1220498,3.404600007343106
0,614,completed,89402.1527618,89402.1540538,89402.1547163,1.9545000104699284
1,614,completed,89402.1527614,89402.1540629,89402.1553286,2.567200004705228
0,615,completed,89402.1873744,89402.1885902,89402.1892679,1.893499997095205
1,615,completed,89402.187443,89402.1886247,89402.1899153,2.4722999951336533
0,616,completed,89402.2166649,89402.2177857,89402.2185504,1.8854999943869188
1,616,completed,89402.2166878,89402.2177899,89402.2191298,2.441999997245148
1,617,completed,89402.263136,89402.2640303,89402.2646793,1.5433000080520287
0,617,completed,89402.263136,89402.2640637,89402.2652145,2.0785000087926164
0,618,completed,89402.2846303,89402.2855976,89402.2863084,1.6781000012997538
1,618,completed,89402.2846492,89402.2856279,89402.2868969,2.2477000020444393
0,619,completed,89402.3196578,89402.3209632,89402.3216927,2.0348999969428405
1,619,completed,89402.3196578,89402.321033,89402.3222754,2.6175999955739826
1,620,completed,89402.3472301,89402.3485179,89402.3492577,2.0275999995647
0,620,completed,89402.3472168,89402.3485311,89402.3499806,2.763800002867356
0,621,completed,89402.381546,89402.3824724,89402.3832871,1.7411000007996336
1,621,completed,89402.3815656,89402.3825544,89402.3840089,2.443300007143989
0,622,completed,89402.4163364,89402.4171893,89402.417985,1.6485999949509278
1,622,completed,89402.4165803,89402.4174218,89402.4185527,1.9723999866982922
0,623,completed,89402.4512883,89402.4522657,89402.4529501,1.661800008150749
1,623,completed,89402.4512884,89402.4523466,89402.4535694,2.2809999936725944
1,624,completed,89402.4860023,89402.4872316,89402.4879204,1.918100009788759
0,624,completed,89402.4860023,89402.4872798,89402.4884565,2.4542000028304756
0,625,completed,89402.5136535,89402.5146406,89402.5153643,1.7107999883592129
1,625,completed,89402.5136531,89402.5147061,89402.5160316,2.3784999939380214
1,626,completed,89402.5484183,89402.5493176,89402.5501706,1.7523000133223832
0,626,completed,89402.548481,89402.5495029,89402.5507222,2.241199996205978
1,627,completed,89402.5831894,89402.5844596,89402.5853888,2.1993999980622903
0,627,completed,89402.5831891,89402.5844669,89402.5863394,3.1503000063821673
1,628,completed,89402.6264222,89402.6277185,89402.6291592,2.737000002525747
0,628,completed,89402.6264221,89402.6277414,89402.6299806,3.558500000508502
1,629,completed,89402.6528232,89402.6542413,89402.6552337,2.4105000047711655
0,629,completed,89402.6528212,89402.6542064,89402.6559217,3.1005000055301934
1,630,completed,89402.687539,89402.6889863,89402.6901308,2.5917999882949516
0,630,completed,89402.6875382,89402.6889932,89402.6910283,3.490100003546104
1,631,completed,89402.7157495,89402.7183511,89402.7194389,3.6894000077154487
0,631,completed,89402.7157495,89402.718385,89402.7201979,4.448399995453656
1,632,completed,89402.7500131,89402.7512207,89402.7522852,2.2720999986631796
0,632,completed,89402.7500128,89402.7511782,89402.7531246,3.111800004262477
1,633,completed,89402.7846731,89402.7857936,89402.7868786,2.205500000854954
0,633,completed,89402.7847044,89402.7859,89402.7875182,2.8138000052422285
1,634,completed,89402.8192349,89402.8201775,89402.820928,1.6930999991018325
0,634,completed,89402.8192348,89402.8202201,89402.8215119,2.2770999930799007
0,635,completed,89402.8539985,89402.855029,89402.8557321,1.7336000018985942
1,635,completed,89402.8539907,89402.8551605,89402.8564974,2.5067000096896663
0,636,completed,89402.8816378,89402.8826291,89402.8833764,1.7385999963153154
1,636,completed,89402.8816406,89402.8827338,89402.8840395,2.398900003754534
0,637,completed,89402.9164704,89402.9174508,89402.9182047,1.7343000072287396
1,637,completed,89402.9164713,89402.9175503,89402.9188524,2.381099999183789
1,638,completed,89402.9510758,89402.9519316,89402.9527124,1.636600005440414
0,638,completed,89402.9510994,89402.9520911,89402.9532276,2.1281999943312258
0,639,completed,89402.9857787,89402.9866037,89402.9873203,1.5416000096593052
1,639,completed,89402.9857838,89402.9867064,89402.9886984,2.914600001531653
0,640,completed,89403.021563,89403.023035,89403.0239337,2.370699992752634
1,640,completed,89403.021563,89403.0230727,89403.0246617,3.0986999918241054
0,641,completed,89403.0485196,89403.0495725,89403.0503226,1.8030000064754859
1,641,completed,89403.0485199,89403.0495485,89403.0508907,2.3708000080659986
0,642,completed,89403.0832481,89403.0844089,89403.0852925,2.0444000110728666
1,642,completed,89403.0832719,89403.0844783,89403.0859827,2.7107999922009185
0,643,completed,89403.117944,89403.1190573,89403.119814,1.8700000073295087
1,643,completed,89403.1179441,89403.1189868,89403.1206887,2.7446000021882355
0,644,completed,89403.1525076,89403.1533907,89403.1541426,1.6350000078091398
1,644,completed,89403.1525223,89403.1534371,89403.1549249,2.4025999882724136
0,645,completed,89403.1825509,89403.1834132,89403.1841466,1.595699999597855
1,645,completed,89403.1825508,89403.1834115,89403.1850819,2.5310999917564914
1,646,completed,89403.2152668,89403.2167753,89403.2186522,3.3853999921120703
0,646,completed,89403.2153401,89403.2168457,89403.2198876,4.547500007902272
0,647,completed,89403.2499292,89403.2511741,89403.2521203,2.1911000076215714
1,647,completed,89403.249937,89403.2511948,89403.2531053,3.1682999979238957
0,648,completed,89403.2848007,89403.28603,89403.2869029,2.1022000000812113
1,648,completed,89403.2848,89403.2860244,89403.2879135,3.1135000026552007
1,649,completed,89403.3153274,89403.3163289,89403.3171128,1.7853999888757244
0,649,completed,89403.3153267,89403.3163223,89403.3176675,2.340799997909926
0,650,completed,89403.3609882,89403.3623027,89403.3630246,2.0363999938126653
1,650,completed,89403.3609853,89403.3623323,89403.3638334,2.848100004484877
1,651,completed,89403.3828929,89403.3851863,89403.3870714,4.178499992121942
0,651,completed,89403.3830715,89403.3853116,89403.3878236,4.752100008772686
0,652,completed,89403.4234781,89403.4244177,89403.4251383,1.6601999959675595
1,652,completed,89403.4234655,89403.4245463,89403.42583,2.364499989198521
0,653,completed,89403.4512055,89403.4521649,89403.4528365,1.6310000064549968
1,653,completed,89403.4512017,89403.4522763,89403.4535296,2.327900001546368
1,654,completed,89403.4859808,89403.4870917,89403.488101,2.1201999916229397
0,654,completed,89403.4859907,89403.4872164,89403.4894522,3.4614999894984066
0,655,completed,89403.5138293,89403.5148889,89403.5158229,1.9935999880544841
1,655,completed,89403.5195654,89403.5202886,89403.5215012,1.9357999990461394
0,656,completed,89403.5486358,89403.549771,89403.5506449,2.0090999896638095
1,656,completed,89403.5486361,89403.5498417,89403.5515069,2.8708000027108938
0,657,completed,89403.5832827,89403.584756,89403.5855926,2.3098999954527244
1,657,completed,89403.5832828,89403.5848161,89403.5862868,3.0039999983273447
0,658,completed,89403.6179693,89403.6189856,89403.6200726,2.103299993905239
1,658,completed,89403.6179442,89403.6190341,89403.6209582,3.014000001712702
0,659,completed,89403.6522294,89403.6536968,89403.6549543,2.7248999977018684
1,659,completed,89403.6522303,89403.6536965,89403.6562204,3.990099998190999
0,660,completed,89403.6939435,89403.6950979,89403.6961844,2.2409000084735453
1,660,completed,89403.6939442,89403.6951137,89403.6970903,3.1461000035051256
1,661,completed,89403.7146849,89403.7156651,89403.7165246,1.839699994889088
0,661,completed,89403.7146846,89403.7156646,89403.7173793,2.6947000005748123
0,662,completed,89403.7493963,89403.7504714,89403.7513648,1.9685000006575137
1,662,completed,89403.7494079,89403.7505592,89403.7521403,2.7323999966029078
1,663,completed,89403.7840784,89403.7849677,89403.785819,1.7405999969923869
0,663,completed,89403.7840876,89403.7850715,89403.786514,2.4264000094262883
0,664,completed,89403.8187556,89403.8195842,89403.8205602,1.8045999895548448
1,664,completed,89403.8187748,89403.8197001,89403.8214213,2.6464999973541126
0,665,completed,89403.8607454,89403.8620973,89403.8632953,2.5499000039417297
1,665,completed,89403.8607371,89403.8621383,89403.8643813,3.6441999982343987
1,666,completed,89403.8815895,89403.8825979,89403.8839856,2.3960999969858676
0,666,completed,89403.8818325,89403.8829354,89403.8851992,3.3666999952401966
1,667,completed,89403.9172973,89403.9183303,89403.9192337,1.9364000036148354
0,667,completed,89403.9172973,89403.9184051,89403.9202107,2.9134000069461763
0,668,completed,89403.9507776,89403.9520187,89403.9530085,2.2309000050881878
1,668,completed,89403.9507813,89403.952134,89403.9538667,3.0854000069666654
1,669,completed,89403.9855562,89403.9867216,89403.9879474,2.391200003330596
0,669,completed,89403.9855559,89403.9868652,89403.9889778,3.421900008106604
0,670,completed,89404.0203224,89404.0216415,89404.0239378,3.615399997215718
1,670,completed,89404.0203226,89404.0216764,89404.025146,4.823399998713285
0,671,completed,89404.0480977,89404.0493269,89404.0505968,2.4991000100271776
1,671,completed,89404.0481045,89404.0493698,89404.0517115,3.6069999914616346
1,672,completed,89404.0827344,89404.0839494,89404.0852132,2.4788000009721145
0,672,completed,89404.0827342,89404.0841391,89404.086191,3.4567999973660335
0,673,completed,89404.1180158,89404.1194116,89404.1203622,2.346399996895343
1,673,completed,89404.1180187,89404.1193772,89404.1213825,3.3638000022619963
1,674,completed,89404.1526358,89404.1537589,89404.1548297,2.1938999998383224
0,674,completed,89404.1526364,89404.1538323,89404.1556023,2.965899999253452
0,675,completed,89404.1804426,89404.1812118,89404.1821021,1.6595000051893294
1,675,completed,89404.1875489,89404.1883337,89404.1894523,1.9033999997191131
0,676,completed,89404.215594,89404.218416,89404.2216384,6.044400011887774
1,676,completed,89404.2159291,89404.2191229,89404.2251017,9.17259999550879
0,677,completed,89404.2498942,89404.2513201,89404.2524978,2.6036000053863972
1,677,completed,89404.2498946,89404.2513215,89404.2534126,3.5179999977117404
1,678,completed,89404.2846535,89404.2858138,89404.2870519,2.398399999947287
0,678,completed,89404.284656,89404.2858141,89404.2880515,3.395499996258877
0,679,completed,89404.3193263,89404.3203242,89404.3214215,2.0952000049874187
1,679,completed,89404.3193264,89404.3204408,89404.3223057,2.9792999994242564
1,680,completed,89404.3542211,89404.3559206,89404.3573192,3.0981000018073246
0,680,completed,89404.3542211,89404.3559474,89404.3585923,4.371200004243292
1,681,completed,89404.3818756,89404.3832094,89404.3842536,2.37800000468269
0,681,completed,89404.381874,89404.3832176,89404.38552,3.6459999973885715
1,682,completed,89404.4169915,89404.4184091,89404.4198798,2.8883000049972907
0,682,completed,89404.4169912,89404.4184138,89404.4210128,4.021599990664981
1,683,completed,89404.4513501,89404.4526593,89404.4537667,2.416599993011914
0,683,completed,89404.4513485,89404.4526718,89404.4547406,3.39209999947343
0,684,completed,89404.4862263,89404.4874625,89404.4886025,2.376200005528517
1,684,completed,89404.4862265,89404.4874521,89404.4894378,3.2113000052049756
0,685,completed,89404.5137555,89404.5150157,89404.5159404,2.184900004067458
1,685,completed,89404.5137539,89404.5150394,89404.5168219,3.068000005441718
0,686,completed,89404.5485237,89404.5498066,89404.5506779,2.1542000031331554
1,686,completed,89404.548531,89404.5498116,89404.5514044,2.8734000079566613
1,687,completed,89404.5905671,89404.5915602,89404.5924805,1.9134000031044707
0,687,completed,89404.5905669,89404.5916908,89404.5933681,2.8011999966111034
1,688,completed,89404.6180202,89404.6193895,89404.6205954,2.575200007413514
0,688,completed,89404.6180236,89404.6193402,89404.621506,3.482400003122166
0,689,completed,89404.6528004,89404.6540545,89404.6550654,2.2650000028079376
1,689,completed,89404.6528013,89404.6540572,89404.6559061,3.1047999946167693
0,690,completed,89404.6872605,89404.6881777,89404.6891521,1.891600011731498
1,690,completed,89404.6872606,89404.6882466,89404.6901328,2.8721999988192692
1,691,completed,89404.7151678,89404.7161662,89404.7170516,1.8838000105461106
0,691,completed,89404.7151735,89404.71623,89404.7179025,2.7289999998174608
1,692,completed,89404.757129,89404.7583768,89404.7593598,2.230799989774823
0,692,completed,89404.7571303,89404.7583781,89404.7603143,3.18400000105612
0,693,completed,89404.7846003,89404.7858162,89404.7867559,2.155599999241531
1,693,completed,89404.784601,89404.7858119,89404.7876694,3.0683999939356
0,694,completed,89404.819608,89404.8205883,89404.8216432,2.0351999992271885
1,694,completed,89404.8195829,89404.8207486,89404.8225186,2.9357000021263957
1,695,completed,89404.8471041,89404.848719,89404.8499076,2.803499999572523
0,695,completed,89404.8471035,89404.8487015,89404.8511023,3.9988000062294304
0,696,completed,89404.8818764,89404.8833078,89404.8844823,2.6058999937959015
1,696,completed,89404.8818845,89404.8833793,89404.8855378,3.653299994766712
0,697,completed,89404.9165201,89404.9176032,89404.9185624,2.0422999950824305
1,697,completed,89404.9165192,89404.9176989,89404.9194961,2.9769000102533028
1,698,completed,89404.9512512,89404.9525205,89404.9536404,2.3892000026535243
0,698,completed,89404.9512511,89404.9525762,89404.9547973,3.546199994161725
0,699,completed,89404.9860452,89404.9873307,89404.988251,2.205800003139302
1,699,completed,89404.9860448,89404.9873486,89404.9892078,3.1630000012228265
1,700,completed,89405.0141548,89405.015489,89405.0166864,2.5316000101156533
0,700,completed,89405.0141534,89405.0155419,89405.0176416,3.4882000036304817
1,701,completed,89405.0480138,89405.0490217,89405.0499726,1.9587999995565042
0,701,completed,89405.0480292,89405.0490684,89405.0508812,2.8520000050775707
1,702,completed,89405.0833284,89405.0842807,89405.0853515,2.0231000089552253
0,702,completed,89405.0833282,89405.0843923,89405.0862977,2.9695000121137127
0,703,completed,89405.1178824,89405.1187595,89405.1197541,1.8717000057222322
1,703,completed,89405.1178885,89405.1188575,89405.1205696,2.681099998881109
0,704,completed,89405.1609346,89405.1617722,89405.1625019,1.5673000016249716
1,704,completed,89405.1609398,89405.1618062,89405.163285,2.3452000023098662
1,705,completed,89405.1872593,89405.1882498,89405.1891646,1.9052999996347353
0,705,completed,89405.187259,89405.1883516,89405.1898597,2.6006999978562817
1,706,completed,89405.2151514,89405.2159798,89405.2167863,1.6349000070476905
0,706,completed,89405.2151509,89405.2161066,89405.2175828,2.431900007650256
0,707,completed,89405.249721,89405.2507101,89405.2518621,2.141100005246699
1,707,completed,89405.2497411,89405.2508197,89405.2526902,2.9491000022972003
0,708,completed,89405.2842137,89405.2849825,89405.2857367,1.5229999989969656
1,708,completed,89405.2842368,89405.2849989,89405.2864068,2.170000007026829
1,709,completed,89405.3189795,89405.3197782,89405.3205327,1.5531999961240217
0,709,completed,89405.3189961,89405.3197932,89405.321192,2.195900000515394
1,710,completed,89405.3537429,89405.3544626,89405.3553202,1.5773000050103292
0,710,completed,89405.3537313,89405.3545629,89405.3561294,2.398099997662939
1,711,completed,89405.3816111,89405.3822307,89405.3829961,1.384999995934777
0,711,completed,89405.3883986,89405.3888894,89405.3896286,1.229999994393438
1,712,completed,89405.4163355,89405.4174257,89405.4183509,2.015399993979372
0,712,completed,89405.4163259,89405.4174081,89405.4191842,2.858299994841218
1,713,completed,89405.4508455,89405.4515373,89405.4523417,1.4961999986553565
0,713,completed,89405.4508795,89405.4516742,89405.4529921,2.1126000065123662
0,714,completed,89405.4856289,89405.4866232,89405.4873207,1.6918000037549064
1,714,completed,89405.4856393,89405.486623,89405.4879802,2.3409000132232904
1,715,completed,89405.5134171,89405.5145674,89405.5153928,1.9757000118261203
0,715,completed,89405.5134333,89405.5145977,89405.5160469,2.6135999942198396
0,716,completed,89405.5482741,89405.5492013,89405.5500928,1.8186999950557947
1,716,completed,89405.5482755,89405.5493549,89405.5507962,2.5206999998772517
1,717,completed,89405.5828568,89405.5836898,89405.5843969,1.5400999982375652
0,717,completed,89405.5828566,89405.5836915,89405.585039,2.18239999958314
0,718,completed,89405.624485,89405.6252588,89405.626072,1.5870000061113387
1,718,completed,89405.6244853,89405.6252529,89405.6267438,2.2585000115213916
0,719,completed,89405.6483322,89405.6489852,89405.649752,1.4197999989846721
1,719,completed,89405.6483629,89405.6491237,89405.6504195,2.056600002106279
1,720,completed,89405.6940226,89405.6947387,89405.6953731,1.3504999951692298
0,720,completed,89405.6940223,89405.6948652,89405.6959057,1.8834000075003132
0,721,completed,89405.7148521,89405.7156403,89405.7162518,1.3996999914525077
1,721,completed,89405.7148522,89405.7156732,89405.716823,1.970799989067018
1,722,completed,89405.7495586,89405.7502738,89405.7509503,1.3917000032961369
0,722,completed,89405.7495521,89405.7503317,89405.7515197,1.967600008356385
0,723,completed,89405.7843484,89405.7853946,89405.7859684,1.6199999954551458
1,723,completed,89405.7842603,89405.7853971,89405.7864851,2.224800002295524
0,724,completed,89405.8206269,89405.8229541,89405.8254517,4.8248000093735754
1,724,completed,89405.820749,89405.8229796,89405.8297345,8.985499996924773
0,725,completed,89405.856642,89405.8577586,89405.8584315,1.789500005543232
1,725,completed,89405.8566523,89405.8578462,89405.8590088,2.35650000104215
1,726,completed,89405.8813463,89405.8817661,89405.8823322,0.9858999983407557
0,726,completed,89405.8952968,89405.8957107,89405.8962806,0.9838000114541501
1,727,completed,89405.9162187,89405.9174198,89405.9180114,1.7927000008057803
0,727,completed,89405.916211,89405.9174057,89405.9185296,2.318600003491156
1,728,completed,89405.950988,89405.9519332,89405.9525676,1.5796000079717487
0,728,completed,89405.9510113,89405.9519336,89405.953098,2.086699998471886
0,729,completed,89405.9855892,89405.9862836,89405.9868814,1.2921999878017232
1,729,completed,89405.9856305,89405.9863276,89405.9873802,1.7496999935247004
1,730,completed,89406.02051,89406.0213741,89406.022015,1.504999992903322
0,730,completed,89406.0205109,89406.0213653,89406.0225343,2.0234000112395734
0,731,completed,89406.0484425,89406.0496768,89406.0503393,1.8967999931192026
1,731,completed,89406.0484413,89406.0496946,89406.05089,2.4487000046065077
1,732,completed,89406.0830784,89406.0839742,89406.0847368,1.6583999968133867
0,732,completed,89406.0830791,89406.0839986,89406.0853889,2.309799994691275
0,733,completed,89406.1176541,89406.1185326,89406.1192024,1.5483000024687499
1,733,completed,89406.1176531,89406.1185505,89406.1197542,2.101100006257184
1,734,completed,89406.1523705,89406.1533321,89406.1541188,1.748299997416325
0,734,completed,89406.1523708,89406.1534522,89406.1546954,2.324599990970455
1,735,completed,89406.1871517,89406.1878868,89406.1887162,1.5645000094082206
0,735,completed,89406.187152,89406.1880533,89406.18937,2.2179999941727147
0,736,completed,89406.2217594,89406.2224099,89406.2232531,1.4937000087229535
1,736,completed,89406.2217707,89406.2226459,89406.2237956,2.024900008109398
0,737,completed,89406.2495422,89406.2503325,89406.2512257,1.6834999987622723
1,737,completed,89406.2495518,89406.2504273,89406.2517667,2.2148999996716157
1,738,completed,89406.2845952,89406.2853236,89406.2860384,1.443199987988919
0,738,completed,89406.2846085,89406.2853644,89406.2867499,2.1413999929791316
1,739,completed,89406.3190758,89406.3198164,89406.3206372,1.5614000003552064
0,739,completed,89406.3190754,89406.3199895,89406.321397,2.3216000117827207
0,740,completed,89406.3606747,89406.3615914,89406.3625068,1.8320999952265993
1,740,completed,89406.3606833,89406.3616471,89406.3630581,2.3748000094201416
1,741,completed,89406.381678,89406.382771,89406.3835362,1.858199990238063
0,741,completed,89406.3816779,89406.382807,89406.3844207,2.7427999884821475
0,742,completed,89406.4164491,89406.4174122,89406.4183489,1.8998000014107674
1,742,completed,89406.4164491,89406.4174192,89406.4189672,2.5181000091833994
1,743,completed,89406.4511489,89406.4520463,89406.4528606,1.711699995212257
0,743,completed,89406.4511507,89406.4520732,89406.4535748,2.424100006464869
0,744,completed,89406.4858539,89406.4867964,89406.4875459,1.692000005277805
1,744,completed,89406.485854,89406.4868005,89406.4883158,2.4618000024929643
1,745,completed,89406.5206468,89406.5215094,89406.5222845,1.6376999992644414
0,745,completed,89406.5206463,89406.5216287,89406.5230033,2.3569999902974814
0,746,completed,89406.5484036,89406.5494346,89406.5502334,1.829800006817095
1,746,completed,89406.5484042,89406.549454,89406.5508805,2.4762999964877963
1,747,completed,89406.5829474,89406.5836963,89406.5843594,1.4119999977992848
0,747,completed,89406.5829475,89406.5836899,89406.5851049,2.1573999983957037
0,748,completed,89406.6177164,89406.6184567,89406.6193045,1.5880999999353662
1,748,completed,89406.6177164,89406.6185403,89406.6199584,2.242000002297573
1,749,completed,89406.6520244,89406.6528175,89406.653527,1.5026000037323684
0,749,completed,89406.6520366,89406.652824,89406.6541813,2.1446999890031293
0,750,completed,89406.6869458,89406.6877039,89406.6884049,1.4590999926440418
1,750,completed,89406.6869388,89406.6877049,89406.688917,1.9782000017585233
1,751,completed,89406.71471,89406.7153833,89406.7160256,1.3156000059098005
0,751,completed,89406.7146988,89406.7154357,89406.7166839,1.9850999960908666
1,752,completed,89406.7495725,89406.7502948,89406.7509374,1.3648999884026125
0,752,completed,89406.74956,89406.7503111,89406.7515417,1.9816999993054196
1,753,completed,89406.784158,89406.7852139,89406.78585,1.692000005277805
0,753,completed,89406.784158,89406.7852331,89406.7863669,2.2089000121923164
0,754,completed,89406.8188511,89406.8195316,89406.8201812,1.3300999999046326
1,754,completed,89406.8188616,89406.8195993,89406.8206832,1.8216000025859103
0,755,completed,89406.8535205,89406.8544163,89406.8550835,1.5630000125383958
1,755,completed,89406.8535409,89406.8544628,89406.8555879,2.047000001766719
1,756,completed,89406.8814509,89406.8822106,89406.8827905,1.3396000140346587
0,756,completed,89406.8814331,89406.8821934,89406.8832816,1.8485000036889687
1,757,completed,89406.9162604,89406.9173856,89406.91791,1.6496000025654212
0,757,completed,89406.9162602,89406.917367,89406.9184039,2.143699995940551
1,758,completed,89406.9509648,89406.9517048,89406.9523807,1.4158999983919784
0,758,completed,89406.9509436,89406.9517261,89406.9529447,2.0011000015074387
1,759,completed,89406.9856961,89406.9865309,89406.9871485,1.452399999834597
0,759,completed,89406.985696,89406.9865308,89406.9876532,1.95720000192523
1,760,completed,89407.020388,89407.02155,89407.0221478,1.7597999976715073
0,760,completed,89407.0204044,89407.021569,89407.0226226,2.2181999956956133
1,761,completed,89407.0480626,89407.0487237,89407.0493339,1.2712999887298793
0,761,completed,89407.0480965,89407.0487809,89407.0498379,1.7414000030839816
0,762,completed,89407.0828376,89407.083564,89407.0841476,1.3100000069243833
1,762,completed,89407.0828717,89407.0835773,89407.0846527,1.7809999990276992
0,763,completed,89407.1278307,89407.1285763,89407.1291699,1.339199996436946
1,763,completed,89407.1278179,89407.1286129,89407.1296663,1.8484000029275194
1,764,completed,89407.1522899,89407.1530564,89407.1536597,1.3697999966097996
0,764,completed,89407.1523057,89407.153068,89407.1541673,1.8616000015754253
1,765,completed,89407.1868229,89407.1875714,89407.1882155,1.392600010149181
0,765,completed,89407.1868199,89407.1876121,89407.1887679,1.9480000046314672
0,766,completed,89407.2147953,89407.2155905,89407.2162083,1.4130000054137781
1,766,completed,89407.2147953,89407.2155906,89407.2167049,1.9096000032732263
0,767,completed,89407.2494879,89407.2502624,89407.250893,1.4051000034669414
1,767,completed,89407.2494884,89407.2502647,89407.2515002,2.0117999956710264
1,768,completed,89407.291214,89407.2920394,89407.2927575,1.5435000095749274
0,768,completed,89407.2912314,89407.2921249,89407.2934133,2.1818999957758933
0,769,completed,89407.3190475,89407.3198095,89407.3204522,1.404700000421144
1,769,completed,89407.3190766,89407.319809,89407.3209418,1.865199999883771
1,770,completed,89407.3538268,89407.3547093,89407.355495,1.6681999986758456
0,770,completed,89407.3538268,89407.3547025,89407.3561628,2.3360000050161034
1,771,completed,89407.3814437,89407.3822639,89407.3829296,1.4859000075375661
0,771,completed,89407.3814437,89407.3823433,89407.3834703,2.0266000065021217
0,772,completed,89407.4160587,89407.416655,89407.4173898,1.331100007519126
1,772,completed,89407.416077,89407.4167422,89407.4179367,1.859700001659803
1,773,completed,89407.4509275,89407.451614,89407.4522488,1.3212999911047518
0,773,completed,89407.4509394,89407.4516229,89407.4527411,1.8016999965766445
0,774,completed,89407.4855596,89407.4862941,89407.4869024,1.342800009297207
1,774,completed,89407.4855758,89407.4863154,89407.487415,1.8391999910818413
0,775,completed,89407.5134137,89407.5145229,89407.5150676,1.6539000062039122
1,775,completed,89407.513413,89407.5145164,89407.5155655,2.152500004740432
1,776,completed,89407.5483216,89407.5490305,89407.549615,1.2933999969391152
0,776,completed,89407.5482822,89407.5490344,89407.5501047,1.822499994887039
1,777,completed,89407.5829283,89407.583924,89407.584525,1.596699992660433
0,777,completed,89407.5829286,89407.5839099,89407.585069,2.1403999999165535
0,778,completed,89407.6175399,89407.6186587,89407.6192222,1.6822999896248803
1,778,completed,89407.6175772,89407.6186537,89407.6197037,2.1264999959385023
0,779,completed,89407.6520217,89407.6527054,89407.6533543,1.3325999898370355
1,779,completed,89407.6520281,89407.6527498,89407.653884,1.8559000018285587
0,780,completed,89407.686964,89407.6877334,89407.6883422,1.378200002363883
1,780,completed,89407.6869904,89407.68775,89407.6888407,1.8502999882912263
1,781,completed,89407.7148833,89407.7159124,89407.7165104,1.627100005862303
0,781,completed,89407.7148864,89407.7159584,89407.7170196,2.133199988747947
0,782,completed,89407.749518,89407.750194,89407.7508433,1.32530000701081
1,782,completed,89407.7495378,89407.7502578,89407.7513427,1.8048999918391928
0,783,completed,89407.7843362,89407.7852521,89407.7858341,1.49789999704808
1,783,completed,89407.7843498,89407.7852725,89407.7863561,2.0062999974470586
0,784,completed,89407.8189483,89407.8197186,89407.8204063,1.4579999988200143
1,784,completed,89407.8189482,89407.8196936,89407.8209139,1.9656999938888475
0,785,completed,89407.8536717,89407.8544227,89407.8552461,1.5744000120321289
1,785,completed,89407.8536434,89407.8544493,89407.8557166,2.073199997539632
1,786,completed,89407.8882105,89407.8894032,89407.8899892,1.778700010618195
0,786,completed,89407.8882184,89407.8893823,89407.890554,2.335600001970306
1,787,completed,89407.9162072,89407.9172681,89407.9178467,1.6394999984186143
0,787,completed,89407.9162417,89407.9172963,89407.9183454,2.103699996951036
0,788,completed,89407.9510388,89407.9517285,89407.9523222,1.2833999935537577
1,788,completed,89407.9510656,89407.951764,89407.952816,1.7503999988548458
0,789,completed,89407.9857895,89407.9866269,89407.9872506,1.4610999933211133
1,789,completed,89407.9857894,89407.9866273,89407.9877638,1.974400001927279
0,790,completed,89408.0203252,89408.0214292,89408.0220165,1.6912999999476597
1,790,completed,89408.0203852,89408.0214732,89408.0225056,2.1204000076977536
1,791,completed,89408.0483463,89408.0491349,89408.0497102,1.3638999953400344
0,791,completed,89408.0483639,89408.0491102,89408.0502021,1.8381999980192631
1,792,completed,89408.0829325,89408.0838396,89408.084502,1.5695000038249418
0,792,completed,89408.0829662,89408.0838782,89408.0851687,2.2024999925633892
0,793,completed,89408.1177153,89408.1187601,89408.1193101,1.5947999927448109
1,793,completed,89408.1177278,89408.1187681,89408.1198596,2.1318000071914867
0,794,completed,89408.1523049,89408.1530667,89408.1536498,1.3449000107357278
1,794,completed,89408.1523305,89408.1530616,89408.154147,1.8164999928558245
0,795,completed,89408.1872027,89408.187823,89408.1884204,1.217699988046661
1,795,completed,89408.1872232,89408.1894204,89408.1899242,2.701000004890375
1,796,completed,89408.2148272,89408.215503,89408.2161201,1.2928999931318685
0,796,completed,89408.2148487,89408.2155432,89408.2166153,1.7666000057943165
0,797,completed,89408.2492447,89408.2501413,89408.2507819,1.5372000052593648
1,797,completed,89408.2492213,89408.2501413,89408.2512772,2.055900011328049
0,798,completed,89408.2843954,89408.2853807,89408.2859503,1.5549000090686604
1,798,completed,89408.284412,89408.2853605,89408.2864506,2.0386000105645508
1,799,completed,89408.3191813,89408.3200539,89408.3207409,1.5596000012010336
0,799,completed,89408.3192098,89408.3201059,89408.3212706,2.060800004983321
0,800,completed,89408.3537553,89408.3546801,89408.3553359,1.5806000010343269
1,800,completed,89408.3537766,89408.3546707,89408.3558662,2.0896000060020015
0,801,completed,89408.3815432,89408.3823942,89408.3831124,1.5692000015405938
1,801,completed,89408.3815434,89408.3824549,89408.3837182,2.1747999999206513
1,802,completed,89408.4162033,89408.4172902,89408.4178818,1.678499989793636
0,802,completed,89408.4161946,89408.4173075,89408.4184112,2.216599998064339
0,803,completed,89408.4510591,89408.4516754,89408.4523188,1.2597000022651628
1,803,completed,89408.4510848,89408.4517661,89408.4528088,1.7239999870071188
0,804,completed,89408.4854098,89408.4865392,89408.4871274,1.717599996482022
1,804,completed,89408.4853868,89408.4865354,89408.4876393,2.252499994938262
1,805,completed,89408.5203098,89408.5210103,89408.5215974,1.2875999964307994
0,805,completed,89408.5203165,89408.5210356,89408.5220922,1.77570000232663
0,806,completed,89408.554974,89408.5556816,89408.5563252,1.3512000004993752
1,806,completed,89408.5549841,89408.5556711,89408.5568766,1.8925000040326267
1,807,completed,89408.5826678,89408.5834996,89408.5842441,1.5762999973958358
0,807,completed,89408.5826663,89408.5834996,89408.5847959,2.1295999904396012
1,808,completed,89408.6260942,89408.626813,89408.6274344,1.3402000040514395
0,808,completed,89408.6260943,89408.6268128,89408.6279527,1.858400006312877
1,809,completed,89408.6523986,89408.6531186,89408.6537456,1.3469999976223335
0,809,completed,89408.6523764,89408.6531102,89408.654234,1.8576000002212822
1,810,completed,89408.6871091,89408.6880302,89408.6886988,1.5896999975666404
0,810,completed,89408.6871684,89408.6880653,89408.6892749,2.106499989167787
0,811,completed,89408.7216749,89408.7224602,89408.7230754,1.4004999975441024
1,811,completed,89408.7216757,89408.7224393,89408.7236363,1.960599998710677
1,812,completed,89408.7495733,89408.7502974,89408.7508929,1.3196000072639436
0,812,completed,89408.7495692,89408.7502903,89408.7513891,1.8199000041931868
0,813,completed,89408.7842844,89408.7850376,89408.7856939,1.4095000078668818
1,813,completed,89408.7843024,89408.7850531,89408.78621,1.9076000025961548
1,814,completed,89408.8189187,89408.8200179,89408.8205983,1.6795999981695786
0,814,completed,89408.8188871,89408.8200289,89408.8210737,2.1866000024601817
0,815,completed,89408.8466666,89408.8473592,89408.8479877,1.3211000041337684
1,815,completed,89408.846678,89408.8473907,89408.8484811,1.80309999268502
0,816,completed,89408.8814862,89408.8823876,89408.883028,1.5417999966302887
1,816,completed,89408.8815217,89408.8824656,89408.8835313,2.0096000080229715
1,817,completed,89408.9159572,89408.9166764,89408.9173872,1.4299999893410131
0,817,completed,89408.9159747,89408.9166863,89408.9179362,1.961500005563721
0,818,completed,89408.9508103,89408.9514737,89408.9521527,1.3424000062514096
1,818,completed,89408.9508389,89408.9515189,89408.9526369,1.7979999975068495
0,819,completed,89408.9853265,89408.9861049,89408.9870078,1.6812999965623021
1,819,completed,89408.9853339,89408.9861207,89408.9875589,2.2250000038184226
1,820,completed,89409.0203586,89409.021017,89409.0216404,1.2817999959224835
0,820,completed,89409.0203249,89409.0210363,89409.0221258,1.8008999904850498
1,821,completed,89409.048348,89409.049036,89409.0495882,1.2401999993016943
0,821,completed,89409.0483715,89409.049036,89409.0500881,1.716600003419444
0,822,completed,89409.0829592,89409.083684,89409.0842963,1.3371000095503405
1,822,completed,89409.0829573,89409.0836993,89409.0847988,1.841500008595176
0,823,completed,89409.1175636,89409.1186438,89409.1192052,1.6415999998571351
1,823,completed,89409.1175869,89409.1186461,89409.1197033,2.1164000063436106
1,824,completed,89409.1524863,89409.153192,89409.1537965,1.310200008447282
0,824,completed,89409.152483,89409.1532222,89409.1543051,1.822100006393157
1,825,completed,89409.1941041,89409.1951397,89409.1958265,1.7224000039277598
0,825,completed,89409.1941049,89409.1951429,89409.1963775,2.2726000024704263
0,826,completed,89409.2217776,89409.2228981,89409.2234496,1.67199999850709
1,826,completed,89409.2217656,89409.2228569,89409.2239323,2.166699996450916
1,827,completed,89409.249589,89409.2502888,89409.250877,1.2879999994765967
0,827,completed,89409.2495902,89409.25029,89409.25136,1.7698000010568649
0,828,completed,89409.2842731,89409.285011,89409.2855829,1.3098000054014847
1,828,completed,89409.2842264,89409.2849861,89409.2860211,1.7946999869309366
0,829,completed,89409.3189835,89409.3200582,89409.3206224,1.6389000084018335
1,829,completed,89409.3189905,89409.3200699,89409.3211463,2.1558000007644296
1,830,completed,89409.3536374,89409.3544673,89409.3551219,1.4844999968772754
0,830,completed,89409.3536718,89409.3545163,89409.3556534,1.9815999985439703
0,831,completed,89409.3832061,89409.3840894,89409.3846367,1.4305999939097092
1,831,completed,89409.3832086,89409.3840585,89409.3851215,1.912899999297224
0,832,completed,89409.4158379,89409.4165803,89409.4171777,1.3398000010056421
1,832,completed,89409.4158379,89409.4165795,89409.4177129,1.8750000017462298
1,833,completed,89409.4510823,89409.4519245,89409.4526032,1.5208999975584447
0,833,completed,89409.4510973,89409.4519427,89409.453142,2.0446999988052994
0,834,completed,89409.4925178,89409.4932552,89409.4939311,1.4133000076981261
1,834,completed,89409.4925432,89409.4933243,89409.4944698,1.9266000017523766
0,835,completed,89409.5202915,89409.5209434,89409.5215262,1.2347000010777265
1,835,completed,89409.5203085,89409.5210012,89409.5220363,1.7278000013902783
1,836,completed,89409.5506571,89409.5513505,89409.5520277,1.3706000027013943
0,836,completed,89409.5506475,89409.5514031,89409.552506,1.8585000070743263
1,837,completed,89409.5827681,89409.5835377,89409.5841209,1.3528000126825646
0,837,completed,89409.5827495,89409.5835264,89409.584615,1.865500002168119
1,838,completed,89409.6175196,89409.6185847,89409.6191415,1.6219000099226832
0,838,completed,89409.6175157,89409.6186096,89409.6196399,2.124200007528998
0,839,completed,89409.6523225,89409.6530492,89409.6536474,1.3249000039650127
1,839,completed,89409.6523052,89409.653051,89409.6541413,1.8360999965807423
0,840,completed,89409.6868911,89409.6876144,89409.6881973,1.3061999925412238
1,840,completed,89409.6869274,89409.6876413,89409.6886952,1.7678000003797933
0,841,completed,89409.7147585,89409.7154134,89409.7160009,1.2424000015016645
1,841,completed,89409.7147399,89409.7154682,89409.7165151,1.7751999985193834
0,842,completed,89409.7494266,89409.7501131,89409.7507715,1.3448999961838126
1,842,completed,89409.749446,89409.7501336,89409.7512784,1.8323999975109473
1,843,completed,89409.7841494,89409.784903,89409.7855314,1.3820000021951273
0,843,completed,89409.7841692,89409.7849299,89409.7861169,1.9477000023471192
1,844,completed,89409.8188362,89409.8194803,89409.8201876,1.3514000020222738
0,844,completed,89409.8188698,89409.819627,89409.8207595,1.8896999972639605
0,845,completed,89409.8467453,89409.8471855,89409.8477818,1.036499990732409
1,845,completed,89409.8536414,89409.8540739,89409.8547284,1.0869999969145283
1,846,completed,89409.8813827,89409.8818095,89409.8823917,1.0089999996125698
0,846,completed,89409.8883207,89409.888737,89409.8893963,1.0755999974207953
1,847,completed,89409.9160819,89409.916781,89409.9174237,1.3418000016827136
0,847,completed,89409.9160601,89409.9167606,89409.9180152,1.9551000004867092
1,848,completed,89409.9508211,89409.9514641,89409.9521656,1.3444999931380153
0,848,completed,89409.9508162,89409.9515537,89409.9527252,1.9089999987045303
1,849,completed,89409.9855281,89409.9861466,89409.9868213,1.2931999954162166
0,849,completed,89409.9855164,89409.9862829,89409.987355,1.8386000010650605
0,850,completed,89410.0202251,89410.0209393,89410.0215903,1.3652000052388757
1,850,completed,89410.0202059,89410.020926,89410.0221333,1.927399993292056
1,851,completed,89410.0481154,89410.0488248,89410.0494614,1.3460000045597553
0,851,completed,89410.0480905,89410.0488055,89410.0500346,1.9441000040387735
1,852,completed,89410.0827319,89410.0835202,89410.0842844,1.5525000053457916
0,852,completed,89410.0827628,89410.0835372,89410.0850437,2.2809000074630603
1,853,completed,89410.1175389,89410.1182716,89410.1188958,1.3569000002462417
0,853,completed,89410.1175284,89410.1182836,89410.1195007,1.972300000488758
0,854,completed,89410.1523685,89410.1530752,89410.1536781,1.309600003878586
1,854,completed,89410.1523505,89410.1530532,89410.1542503,1.8998000014107674
1,855,completed,89410.1815329,89410.1822229,89410.1828071,1.27420001081191
0,855,completed,89410.1815366,89410.1822038,89410.1833362,1.7996000096900389
0,856,completed,89410.2148633,89410.2156076,89410.2163412,1.4778999902773649
1,856,completed,89410.2148855,89410.2156074,89410.2169017,2.016200000070967
0,857,completed,89410.2496423,89410.2504398,89410.2511528,1.510500005679205
1,857,completed,89410.249642,89410.2504487,89410.2517254,2.0834000024478883
1,858,completed,89410.2868553,89410.2876902,89410.2883696,1.5143000055104494
0,858,completed,89410.2868275,89410.2877551,89410.2889168,2.0893000037176535
1,859,completed,89410.3186651,89410.3194118,89410.3200415,1.3764000032097101
0,859,completed,89410.3186784,89410.3194204,89410.3205489,1.8704999965848401
0,860,completed,89410.3537892,89410.3546226,89410.3552901,1.5008999907877296
1,860,completed,89410.3537897,89410.3546605,89410.3558164,2.026699992711656
0,861,completed,89410.3814973,89410.3822576,89410.382846,1.348699996015057
1,861,completed,89410.3814974,89410.3822571,89410.3833626,1.865199999883771
0,862,completed,89410.4159503,89410.4172308,89410.4178916,1.9412999972701073
1,862,completed,89410.4159515,89410.4172386,89410.4184413,2.48979999742005
1,863,completed,89410.4579039,89410.4585898,89410.4592344,1.33050000295043
0,863,completed,89410.457907,89410.4586466,89410.4597452,1.8381999980192631
1,864,completed,89410.4855985,89410.4863678,89410.4869382,1.3397000002441928
0,864,completed,89410.4855986,89410.4863672,89410.4874285,1.829899993026629
1,865,completed,89410.5203625,89410.521362,89410.5220052,1.6426999936811626
0,865,completed,89410.5204039,89410.5214378,89410.5225151,2.1112000104039907
0,866,completed,89410.5481442,89410.5488421,89410.5494052,1.260999997612089
1,866,completed,89410.5481208,89410.5488209,89410.5498904,1.7695999995339662
0,867,completed,89410.5828701,89410.5837568,89410.5843353,1.4651999954367056
1,867,completed,89410.5829011,89410.583795,89410.5848747,1.9735999958356842
1,868,completed,89410.6174827,89410.6182254,89410.6189017,1.4189999928930774
0,868,completed,89410.6174557,89410.6182229,89410.6194325,1.9767999910982326
1,869,completed,89410.6522883,89410.6530194,89410.6536404,1.3521000073524192
0,869,completed,89410.6522877,89410.6530366,89410.6541709,1.8832000059774145
0,870,completed,89410.687001,89410.6878949,89410.6884794,1.4784000086365268
1,870,completed,89410.6870011,89410.6879206,89410.6889918,1.9906999950762838
0,871,completed,89410.7215407,89410.7222049,89410.7227778,1.2370999902486801
1,871,completed,89410.7215739,89410.7222855,89410.7232731,1.6992000018944964
0,872,completed,89410.7495656,89410.7503073,89410.7508607,1.295100009883754
1,872,completed,89410.7495657,89410.7503075,89410.7513451,1.779400001396425
1,873,completed,89410.7841884,89410.7849422,89410.7855912,1.402800000505522
0,873,completed,89410.784205,89410.7849552,89410.7860828,1.8777999939629808
1,874,completed,89410.819025,89410.8200713,89410.8207175,1.6924999945331365
0,874,completed,89410.8189932,89410.8200652,89410.8212512,2.258000007714145
0,875,completed,89410.8536877,89410.8543647,89410.8549795,1.291799999307841
1,875,completed,89410.8537022,89410.8543802,89410.8554902,1.7880000086734071
1,876,completed,89410.8815396,89410.8823407,89410.8829143,1.3747000048169866
0,876,completed,89410.8815422,89410.8823407,89410.8834448,1.9025999936275184
0,877,completed,89410.9176582,89410.9183164,89410.9190111,1.352900013444014
1,877,completed,89410.9176622,89410.9183858,89410.9195078,1.8456000107107684
0,878,completed,89410.9579739,89410.9588847,89410.9594712,1.497299992479384
1,878,completed,89410.9579858,89410.9600027,89410.9605323,2.5464999926043674
1,879,completed,89410.9814421,89410.9822582,89410.9828418,1.3996999914525077
0,879,completed,89410.9814211,89410.9822589,89410.9833916,1.9705000013345852
1,880,completed,89411.020355,89411.0215228,89411.0222104,1.855399998021312
0,880,completed,89411.0203549,89411.0215229,89411.0227879,2.4330000014742836
1,881,completed,89411.0481153,89411.0493546,89411.0499237,1.8084000039380044
0,881,completed,89411.048115,89411.0493346,89411.0504588,2.3438000062014908
1,882,completed,89411.0828759,89411.0836942,89411.0842896,1.4136999961920083
0,882,completed,89411.0828749,89411.0837519,89411.084804,1.9290999916847795
1,883,completed,89411.1174981,89411.1182106,89411.1188098,1.3117000053171068
0,883,completed,89411.1175161,89411.118229,89411.1193084,1.792299997759983
1,884,completed,89411.1522684,89411.153389,89411.1539866,1.7182000010507181
0,884,completed,89411.1523372,89411.1534516,89411.1544921,2.1549000084633008
1,885,completed,89411.1871175,89411.1880181,89411.1886421,1.5245999966282398
0,885,completed,89411.1871514,89411.188052,89411.189214,2.0626000041374937
0,886,completed,89411.2216877,89411.2223811,89411.2231381,1.4503999991575256
1,886,completed,89411.2217027,89411.2224516,89411.2236339,1.9311999931233004
0,887,completed,89411.2562596,89411.2571117,89411.2577711,1.5114999987417832
1,887,completed,89411.2562603,89411.2571053,89411.2583044,2.0441000087885186
0,888,completed,89411.2841169,89411.2849055,89411.2855012,1.3843000051565468
1,888,completed,89411.2841499,89411.2849137,89411.2859916,1.8416999955661595
0,889,completed,89411.3189612,89411.319917,89411.3205387,1.5775000065332279
1,889,completed,89411.3189935,89411.3199321,89411.3210489,2.0554000075208023
0,890,completed,89411.3535889,89411.3544506,89411.3550908,1.501899998402223
1,890,completed,89411.3535885,89411.3544878,89411.3555811,1.992599994991906
0,891,completed,89411.3883292,89411.3890683,89411.389667,1.3378000003285706
1,891,completed,89411.3883458,89411.3890781,89411.3901865,1.8406999879516661
1,892,completed,89411.4161971,89411.4169752,89411.4175725,1.3753999955952168
0,892,completed,89411.4161968,89411.4169669,89411.4180588,1.8620000046212226
1,893,completed,89411.4508213,89411.4514935,89411.4520901,1.2688000133493915
0,893,completed,89411.4508035,89411.4514747,89411.4525729,1.7693999980110675
1,894,completed,89411.4855416,89411.4862092,89411.4868194,1.2777999945683405
0,894,completed,89411.4856,89411.4862855,89411.4874065,1.8065000040223822
1,895,completed,89411.520305,89411.5210838,89411.5217539,1.4489000022877008
0,895,completed,89411.5202915,89411.5211216,89411.5223267,2.0351999992271885
0,896,completed,89411.5482022,89411.5490253,89411.5497708,1.5685999969718978
1,896,completed,89411.5482155,89411.5490558,89411.5503963,2.1807999873999506
1,897,completed,89411.5850644,89411.5857873,89411.5865041,1.439700004993938
0,897,completed,89411.5856961,89411.5861095,89411.5871071,1.4110000047367066
0,898,completed,89411.6265555,89411.6271986,89411.6278255,1.2700000079348683
1,898,completed,89411.6265292,89411.6272085,89411.6284469,1.9176999921910465
0,899,completed,89411.6523401,89411.6530908,89411.6538117,1.4716000005137175
1,899,completed,89411.6523332,89411.6531611,89411.6543656,2.0323999924585223
