camera,seq,status,capture_s,enqueue_s,finish_s,latency_ms
4,0,completed,88973.8189786,88973.8215274,88973.8242334,5.254799994872883
1,0,completed,88973.8189286,88973.8214907,88973.8262487,7.3201000050175935
2,0,completed,88973.8188638,88973.8215764,88973.8282379,9.374100001878105
3,0,completed,88973.8189007,88973.8214834,88973.8302224,11.321700003463775
5,0,completed,88973.8189001,88973.8219382,88973.8320107,13.11060000443831
0,0,completed,88973.8189584,88973.8219273,88973.8338263,14.8678999976255
2,1,completed,88973.8501262,88973.8526593,88973.8546355,4.509299993515015
0,1,completed,88973.8500795,88973.8527456,88973.8564196,6.340099993394688
4,1,completed,88973.8501743,88973.8528667,88973.8583199,8.145600004354492
3,1,completed,88973.8500886,88973.8528976,88973.8602739,10.18530000874307
5,1,completed,88973.8501074,88973.8529594,88973.862235,12.127599999075755
1,1,completed,88973.850181,88973.8530936,88973.8642018,14.020799993886612
5,2,completed,88973.8815024,88973.8839662,88973.88594,4.4375999859767035
2,2,completed,88973.8814893,88973.8840319,88973.8879103,6.421000012778677
1,2,completed,88973.8815766,88973.8841083,88973.889953,8.376400000997819
3,2,completed,88973.8816042,88973.8841836,88973.8920109,10.406700006569736
4,2,completed,88973.881539,88973.8846485,88973.8938559,12.316899999859743
0,2,completed,88973.8816351,88973.8846673,88973.8957042,14.069099997868761
0,3,completed,88973.9132652,88973.9159766,88973.9180772,4.811999999219552
5,3,completed,88973.9132859,88973.9160714,88973.9199732,6.6873000032501295
3,3,completed,88973.913347,88973.9162005,88973.9219118,8.564800009480678
1,3,completed,88973.9132414,88973.9164441,88973.9239129,10.671500000171363
4,3,completed,88973.9133047,88973.9164659,88973.9257938,12.489099986851215
2,3,completed,88973.9133331,88973.9164885,88973.9276507,14.317599998321384
1,4,completed,88973.9451973,88973.9475185,88973.9493974,4.200100011075847
4,4,completed,88973.9452315,88973.9476079,88973.9514232,6.1916999984532595
2,4,completed,88973.9452076,88973.9475842,88973.9532106,8.002999995369464
3,4,completed,88973.9610357,88973.9632132,88973.9651221,4.086399989319034
5,4,completed,88973.9610521,88973.9632185,88973.9670028,5.950699996901676
0,4,completed,88973.9610044,88973.9641269,88973.9688176,7.813200005330145
1,5,completed,88973.9770119,88973.9792167,88973.9810463,4.034400000819005
4,5,completed,88973.97694,88973.9792451,88973.9828418,5.901800002902746
2,5,completed,88973.976955,88973.9792319,88973.9846592,7.704199990257621
5,5,completed,88973.9930215,88973.9954302,88973.9972991,4.277599990018643
3,5,completed,88973.9930679,88973.9954874,88973.9992928,6.2249000038718805
0,5,completed,88973.9930516,88973.995558,88974.0010709,8.019300003070384
3,6,completed,88974.0244318,88974.0276218,88974.029739,5.307200000970624
4,6,completed,88974.0250266,88974.0276985,88974.0316349,6.608300012885593
0,6,completed,88974.0244504,88974.0277434,88974.0333538,8.903399997507222
1,6,completed,88974.0244877,88974.0277406,88974.035084,10.596300009638071
5,6,completed,88974.0256856,88974.0281239,88974.0368145,11.128899990580976
2,6,completed,88974.0257128,88974.0282913,88974.0386016,12.888800003565848
0,7,completed,88974.0562781,88974.0587446,88974.0609387,4.6605999959865585
2,7,completed,88974.0564088,88974.058903,88974.0627925,6.383700005244464
5,7,completed,88974.0563435,88974.0589045,88974.0646473,8.303800001158379
3,7,completed,88974.0563973,88974.0590157,88974.0663596,9.962299998733215
1,7,completed,88974.0563012,88974.0592231,88974.0680571,11.755899991840124
4,7,completed,88974.0563674,88974.059224,88974.0699096,13.542200002120808
5,8,completed,88974.087593,88974.0902085,88974.0922014,4.608399991411716
4,8,completed,88974.0876682,88974.0902746,88974.0942386,6.5704000007826835
3,8,completed,88974.0876187,88974.0903336,88974.0959705,8.35180000285618
2,8,completed,88974.0877127,88974.0903732,88974.097711,9.998299996368587
1,8,completed,88974.0876376,88974.0907545,88974.099393,11.755400002584793
0,8,completed,88974.0877619,88974.0909023,88974.1011564,13.39449999795761
5,9,completed,88974.1191548,88974.1216073,88974.1237134,4.558599990559742
2,9,completed,88974.1191433,88974.1216047,88974.1256775,6.534199987072498
1,9,completed,88974.1191136,88974.1216369,88974.1276492,8.5356000054162
0,9,completed,88974.1190916,88974.1216725,88974.1296745,10.582899994915351
4,9,completed,88974.1191982,88974.121719,88974.1314162,12.21800000348594
3,9,completed,88974.1192654,88974.1218076,88974.1331242,13.85879999725148
3,10,completed,88974.1503953,88974.1529082,88974.1548438,4.448499996215105
1,10,completed,88974.1503543,88974.1528874,88974.1567686,6.414300005417317
5,10,completed,88974.150346,88974.1532417,88974.1585333,8.18730000173673
0,10,completed,88974.150346,88974.1532935,88974.1603154,9.969400009140372
4,10,completed,88974.1503762,88974.1533217,88974.1621268,11.750599995139055
2,10,completed,88974.1504412,88974.153395,88974.1638343,13.393099987297319
3,11,completed,88974.182076,88974.184535,88974.1865079,4.431900000781752
5,11,completed,88974.182046,88974.184569,88974.1882535,6.207500002346933
1,11,completed,88974.1821106,88974.1846344,88974.1899675,7.856900003389455
0,11,completed,88974.1820345,88974.1848786,88974.191695,9.660499999881722
4,11,completed,88974.1821614,88974.1851113,88974.1935645,11.403100012103096
2,11,completed,88974.1821838,88974.1852222,88974.1955276,13.343799990252592
2,12,completed,88974.2131663,88974.2156952,88974.2178986,4.73230000352487
3,12,completed,88974.2132414,88974.2158006,88974.2198333,6.591900004423223
1,12,completed,88974.2132726,88974.2159673,88974.2217895,8.516900008544326
0,12,completed,88974.2132191,88974.2160049,88974.2237447,10.525599995162338
4,12,completed,88974.2131997,88974.2162809,88974.2255592,12.359500004095025
5,12,completed,88974.2132896,88974.2162642,88974.227309,14.019399997778237
0,13,completed,88974.2607571,88974.2635346,88974.26571,4.952900009811856
1,13,completed,88974.2607274,88974.2635784,88974.2677351,7.007699998212047
2,13,completed,88974.2608114,88974.263611,88974.2697033,8.89189999725204
5,13,completed,88974.2608553,88974.2636933,88974.2716694,10.814099994604476
4,13,completed,88974.2604097,88974.263781,88974.2735952,13.185499992687255
3,13,completed,88974.2604862,88974.2638579,88974.275464,14.977800004999153
2,14,completed,88974.2915532,88974.2943336,88974.2962553,4.702099991845898
5,14,completed,88974.2916696,88974.2943254,88974.298156,6.4864000014495105
1,14,completed,88974.2915284,88974.2943299,88974.2998878,8.359400002518669
0,14,completed,88974.2915782,88974.2943732,88974.3016095,10.03130000026431
3,14,completed,88974.2915283,88974.2944303,88974.3033528,11.824499990325421
4,14,completed,88974.2916352,88974.2944342,88974.3050065,13.371299995924346
1,15,completed,88974.3229206,88974.3259202,88974.3280314,5.110800004331395
5,15,completed,88974.3230127,88974.3260309,88974.3299566,6.943900007172488
3,15,completed,88974.3229566,88974.3260825,88974.3316977,8.741100013139658
0,15,completed,88974.32288,88974.3261306,88974.333393,10.512999986531213
4,15,completed,88974.3225385,88974.3262589,88974.335035,12.49649999954272
2,15,completed,88974.322622,88974.3263437,88974.3366734,14.051399994059466
1,16,completed,88974.3541699,88974.3572369,88974.3592475,5.077599998912774
0,16,completed,88974.3539355,88974.3572568,88974.3610226,7.087100006174296
5,16,completed,88974.3542068,88974.3572703,88974.3627217,8.514900007867254
4,16,completed,88974.3542592,88974.3572838,88974.3643824,10.123200001544319
3,16,completed,88974.3541295,88974.3580284,88974.366287,12.157499993918464
2,16,completed,88974.3542365,88974.3581033,88974.3680698,13.833299992256798
3,17,completed,88974.3852547,88974.3906954,88974.392649,7.394300002488308
0,17,completed,88974.3852911,88974.3909736,88974.3944154,9.124300006078556
5,17,completed,88974.3853181,88974.3909919,88974.3963209,11.002800005371682
4,17,completed,88974.3853479,88974.3910235,88974.3981095,12.761600009980612
1,17,completed,88974.3854571,88974.3911438,88974.400066,14.608900004532188
2,17,completed,88974.3854109,88974.3912314,88974.4021464,16.73550000123214
5,18,completed,88974.4165951,88974.4204236,88974.4228769,6.281800000579096
1,18,completed,88974.4170003,88974.420815,88974.4249323,7.931999993161298
4,18,completed,88974.4169725,88974.4209199,88974.4267636,9.79110000480432
2,18,completed,88974.4170244,88974.4209617,88974.4287226,11.698200003593229
0,18,completed,88974.4171234,88974.4210857,88974.4306198,13.496400002622977
3,18,completed,88974.4170799,88974.4211286,88974.432427,15.347100008511916
3,19,completed,88974.4476531,88974.4516798,88974.4535729,5.91980000899639
2,19,completed,88974.4476708,88974.4517175,88974.4554936,7.822800005669706
0,19,completed,88974.4476357,88974.45178,88974.4572447,9.609000000637025
4,19,completed,88974.4477731,88974.4518084,88974.4589418,11.168700002599508
5,19,completed,88974.447752,88974.45181,88974.4609664,13.2144000090193
1,19,completed,88974.4478179,88974.4519648,88974.4629927,15.174800006207079
2,20,completed,88974.4797244,88974.4831062,88974.4852193,5.494900004123338
1,20,completed,88974.4792979,88974.4831442,88974.4872608,7.9628999956185
3,20,completed,88974.4796962,88974.4836948,88974.4891771,9.480900000198744
4,20,completed,88974.4796089,88974.4837673,88974.4911354,11.526500005857088
0,20,completed,88974.4796189,88974.483747,88974.493062,13.443099989672191
5,20,completed,88974.4796397,88974.4837499,88974.4949785,15.338800003519282
2,21,completed,88974.5114763,88974.5136445,88974.5157235,4.247199991368689
4,21,completed,88974.5275975,88974.5302536,88974.5322923,4.694800009019673
5,21,completed,88974.5276226,88974.530299,88974.5343921,6.76950000342913
0,21,completed,88974.5275725,88974.53027,88974.5365176,8.945100009441376
3,21,completed,88974.5276673,88974.5302757,88974.5386172,10.949899995466694
1,21,completed,88974.527683,88974.5307208,88974.54044,12.757000004057772
1,22,completed,88974.5597588,88974.5634174,88974.5654444,5.6856000010157
4,22,completed,88974.5598142,88974.5634103,88974.5673712,7.5570000044535846
0,22,completed,88974.5598857,88974.563633,88974.569323,9.437300002900884
2,22,completed,88974.5599311,88974.5637575,88974.5711574,11.226300004636869
5,22,completed,88974.5598492,88974.5643419,88974.5729673,13.11810000333935
3,22,completed,88974.5597957,88974.5643771,88974.5747301,14.934399994672276
5,23,completed,88974.5747883,88974.5772261,88974.5792725,4.484200006118044
2,23,completed,88974.5748277,88974.5774161,88974.5810987,6.271000005654059
3,23,completed,88974.5748672,88974.5779873,88974.5830838,8.216599992010742
1,23,completed,88974.5909671,88974.5962675,88974.5981194,7.152300007874146
4,23,completed,88974.5909317,88974.5962935,88974.6000863,9.154599989415146
0,23,completed,88974.5909734,88974.5963588,88974.6023256,11.352200002875179
0,24,completed,88974.6066376,88974.6096556,88974.6119351,5.297499999869615
4,24,completed,88974.6066272,88974.6098506,88974.6141234,7.49619999260176
1,24,completed,88974.6066255,88974.6098828,88974.6162144,9.58889999310486
5,24,completed,88974.6224805,88974.6253984,88974.6274055,4.925000001094304
3,24,completed,88974.6224577,88974.6255114,88974.62921,6.752300003427081
2,24,completed,88974.622425,88974.6255078,88974.631078,8.653000011690892
5,25,completed,88974.6547639,88974.6593715,88974.6614348,6.67089999478776
1,25,completed,88974.6547458,88974.6595341,88974.663328,8.58219999645371
0,25,completed,88974.654812,88974.6596417,88974.6652254,10.41339999937918
2,25,completed,88974.6547262,88974.6596702,88974.6670792,12.352999998256564
4,25,completed,88974.6547158,88974.6597731,88974.6690543,14.338499997393228
3,25,completed,88974.6547156,88974.6601998,88974.6709621,16.24650000303518
1,26,completed,88974.6856403,88974.6920297,88974.6944906,8.85030000063125
5,26,completed,88974.6856981,88974.6922308,88974.6964877,10.789599997224286
0,26,completed,88974.685671,88974.6922499,88974.69838,12.709000002359971
4,26,completed,88974.685641,88974.6922,88974.7002543,14.613299994380213
2,26,completed,88974.6857352,88974.6923538,88974.7021554,16.420200001448393
3,26,completed,88974.6857177,88974.6924532,88974.7041313,18.41359998797998
1,27,completed,88974.7168699,88974.7209903,88974.7230991,6.229199992958456
4,27,completed,88974.7168454,88974.720948,88974.7252539,8.408499998040497
0,27,completed,88974.71682,88974.7210442,88974.7271978,10.377800004789606
2,27,completed,88974.7167931,88974.7212431,88974.72906,12.26689999748487
5,27,completed,88974.7167841,88974.7213153,88974.7309094,14.125299989245832
3,27,completed,88974.7168867,88974.7213926,88974.7330463,16.15959999617189
3,28,completed,88974.7483356,88974.7565708,88974.7585396,10.204000005614944
0,28,completed,88974.748249,88974.7565615,88974.7604385,12.189500004751608
1,28,completed,88974.7482287,88974.7567603,88974.7622986,14.069900003960356
5,28,completed,88974.7482726,88974.7569813,88974.764176,15.90339999529533
4,28,completed,88974.748231,88974.7571579,88974.7660898,17.858799998066388
2,28,completed,88974.7483089,88974.757296,88974.7681111,19.802199996775016
1,29,completed,88974.7804605,88974.785074,88974.7877924,7.331900007557124
3,29,completed,88974.7807902,88974.7853386,88974.78971,8.919799991417676
5,29,completed,88974.7804594,88974.785817,88974.7915962,11.136799992527813
2,29,completed,88974.7804779,88974.7863931,88974.7934663,12.988400005269796
4,29,completed,88974.780483,88974.7864253,88974.7953303,14.847300000838004
0,29,completed,88974.7806161,88974.7866642,88974.7972353,16.619199988781475
4,30,completed,88974.8121262,88974.8178975,88974.8199532,7.826999993994832
0,30,completed,88974.8120928,88974.8187811,88974.8218262,9.73340000200551
2,30,completed,88974.8121375,88974.818824,88974.8238374,11.699900001985952
3,30,completed,88974.8119928,88974.8188641,88974.8264595,14.466699998592958
1,30,completed,88974.8120134,88974.8191825,88974.8284029,16.38950000051409
5,30,completed,88974.8120028,88974.8193382,88974.8303589,18.35610000125598
4,31,completed,88974.8437842,88974.8462607,88974.8482097,4.42549999570474
2,31,completed,88974.8597981,88974.8644343,88974.8665202,6.7220999917481095
5,31,completed,88974.8597545,88974.8647305,88974.868404,8.64949999959208
0,31,completed,88974.8598358,88974.864807,88974.8704103,10.574500003713183
3,31,completed,88974.8597539,88974.864834,88974.8722705,12.51659999252297
1,31,completed,88974.8597774,88974.8653519,88974.8741174,14.340000008814968
4,32,completed,88974.891221,88974.8934484,88974.8943225,3.1014999985927716
3,32,completed,88974.8912139,88974.8934561,88974.8949776,3.763699991395697
0,32,completed,88974.8914773,88974.893675,88974.8956366,4.159300005994737
1,32,completed,88974.8912466,88974.8937473,88974.8963007,5.054099994595163
5,32,completed,88974.8916674,88974.8938252,88974.8968233,5.1558999984990805
2,32,completed,88974.8913088,88974.8938286,88974.897453,6.144200000562705
0,33,completed,88974.9227716,88974.9254464,88974.9261748,3.4031999966828153
5,33,completed,88974.9227789,88974.9254071,88974.9266183,3.839400000288151
1,33,completed,88974.9227898,88974.9255379,88974.927199,4.409200002555735
4,33,completed,88974.9228746,88974.9255578,88974.9276419,4.767299993545748
2,33,completed,88974.9228208,88974.9255643,88974.9282654,5.444599999464117
3,33,completed,88974.9229572,88974.9255907,88974.9288778,5.920600000536069
2,34,completed,88974.954868,88974.956622,88974.9579111,3.043100005015731
5,34,completed,88974.9552823,88974.9573041,88974.9584479,3.165600006468594
4,34,completed,88974.955403,88974.9573406,88974.9589525,3.549500004737638
1,34,completed,88974.9553395,88974.9573341,88974.9596361,4.29660000372678
3,34,completed,88974.955354,88974.9573187,88974.9602776,4.923599990434013
0,34,completed,88974.9552527,88974.9573714,88974.9609208,5.6680999987293035
2,35,completed,88974.9863045,88974.9883159,88974.9896302,3.3257000031881034
4,35,completed,88974.9866254,88974.9887089,88974.9902343,3.608900005929172
0,35,completed,88974.9867084,88974.9887914,88974.9910555,4.347099995356984
5,35,completed,88974.9869429,88974.9888594,88974.9918074,4.8645000060787424
1,35,completed,88974.9868358,88974.988829,88974.9925913,5.755500009399839
3,35,completed,88974.9866597,88974.988778,88974.9933203,6.66060000366997
5,36,completed,88975.0181416,88975.0202981,88975.0209964,2.8547999972943217
3,36,completed,88975.0181392,88975.0203187,88975.0216946,3.555400006007403
1,36,completed,88975.0181823,88975.0203884,88975.0223225,4.140199991525151
0,36,completed,88975.0184364,88975.0205279,88975.0229732,4.536799999186769
2,36,completed,88975.0183472,88975.0205052,88975.023609,5.261799989966676
4,36,completed,88975.0183083,88975.0205428,88975.0240861,5.777800004580058
5,37,completed,88975.049817,88975.0515696,88975.0523831,2.566099996329285
2,37,completed,88975.0498607,88975.0517173,88975.0530825,3.2217999978456646
3,37,completed,88975.0498508,88975.0517402,88975.053694,3.8432000001193956
4,37,completed,88975.0499226,88975.0518062,88975.0541492,4.226600009133108
1,37,completed,88975.0499767,88975.0518512,88975.0547593,4.782599993632175
0,37,completed,88975.0500359,88975.0518741,88975.0553874,5.35150000359863
4,38,completed,88975.081538,88975.0832317,88975.0840097,2.4717000051168725
5,38,completed,88975.0815782,88975.0833387,88975.0844909,2.912700001616031
0,38,completed,88975.0816018,88975.0833837,88975.0850863,3.4844999900087714
2,38,completed,88975.0816683,88975.0834441,88975.0857201,4.051800002343953
3,38,completed,88975.0816275,88975.0834125,88975.0863361,4.7085999976843596
1,38,completed,88975.0817705,88975.083483,88975.0869262,5.155700011528097
2,39,completed,88975.1135653,88975.1163685,88975.1172528,3.6875000077998266
0,39,completed,88975.1136386,88975.1164312,88975.1179255,4.286900002625771
4,39,completed,88975.1135963,88975.1164297,88975.1184266,4.830300007597543
1,39,completed,88975.11356,88975.1163792,88975.1190654,5.505399996764027
3,39,completed,88975.1137441,88975.1165102,88975.1197718,6.027700001141056
5,39,completed,88975.1136923,88975.1165184,88975.1203108,6.618500003241934
4,40,completed,88975.1449005,88975.1474192,88975.1481916,3.291100001661107
1,40,completed,88975.144852,88975.1473487,88975.148909,4.0569999982835725
0,40,completed,88975.1448402,88975.147429,88975.1496623,4.822100003366359
2,40,completed,88975.1449316,88975.1474555,88975.1503065,5.374899992602877
3,40,completed,88975.1447923,88975.1475782,88975.1509783,6.185999998706393
5,40,completed,88975.1447906,88975.1475672,88975.1514797,6.689100002404302
0,41,completed,88975.1915148,88975.1936176,88975.1945245,3.009699998074211
4,41,completed,88975.1915499,88975.1936943,88975.1950853,3.535399999236688
5,41,completed,88975.1915004,88975.1936859,88975.1955449,4.044499990413897
2,41,completed,88975.1916708,88975.1937691,88975.1961253,4.45449999824632
1,41,completed,88975.191564,88975.1937508,88975.1968836,5.319600008078851
3,41,completed,88975.1916264,88975.1937667,88975.1975832,5.95679999969434
2,42,completed,88975.2227587,88975.2247271,88975.2257621,3.003400008310564
3,42,completed,88975.222979,88975.2249143,88975.2264827,3.503700005239807
0,42,completed,88975.2227459,88975.2249225,88975.2271396,4.39370000094641
4,42,completed,88975.2228094,88975.2250122,88975.2277022,4.892800003290176
5,42,completed,88975.2228389,88975.2250263,88975.2282944,5.455500009702519
1,42,completed,88975.2229527,88975.2250602,88975.2289864,6.033700003172271
4,43,completed,88975.2543845,88975.2562256,88975.2569013,2.516799999284558
2,43,completed,88975.2543575,88975.2561671,88975.2576004,3.242899998440407
1,43,completed,88975.2544395,88975.2563452,88975.2582583,3.8188000035006553
5,43,completed,88975.2544874,88975.2564167,88975.2588144,4.327000002376735
0,43,completed,88975.2545561,88975.2564294,88975.2594511,4.895000005490147
3,43,completed,88975.254587,88975.2564433,88975.2600293,5.4422999965026975
3,44,completed,88975.2852661,88975.2876414,88975.2885279,3.2617999968351796
5,44,completed,88975.2854468,88975.2876059,88975.2890855,3.638700000010431
4,44,completed,88975.2852869,88975.287712,88975.2895682,4.2812999890884385
1,44,completed,88975.28597,88975.2878529,88975.290217,4.247000004397705
2,44,completed,88975.2858486,88975.2878275,88975.2909586,5.1099999982398
0,44,completed,88975.2859434,88975.2878465,88975.2916059,5.662499999743886
5,45,completed,88975.3165497,88975.3184371,88975.3192529,2.70319999253843
2,45,completed,88975.3166102,88975.3186223,88975.3199352,3.324999997857958
4,45,completed,88975.3167155,88975.3187624,88975.320386,3.6705000093206763
1,45,completed,88975.3167803,88975.31877,88975.3209662,4.185900004813448
0,45,completed,88975.3165892,88975.3188406,88975.3215273,4.938099998980761
3,45,completed,88975.3166595,88975.3188702,88975.3221106,5.451100005302578
2,46,completed,88975.3480546,88975.3498749,88975.3507841,2.7294999890727922
3,46,completed,88975.3479735,88975.349832,88975.3514726,3.499099999316968
0,46,completed,88975.3479981,88975.3498406,88975.3521368,4.138699994655326
4,46,completed,88975.348161,88975.3499967,88975.3526846,4.523600000538863
1,46,completed,88975.3480313,88975.3500617,88975.3533322,5.300899996655062
5,46,completed,88975.3481145,88975.350124,88975.3538944,5.779900006018579
2,47,completed,88975.379892,88975.3820047,88975.3828098,2.9177999967942014
5,47,completed,88975.3798218,88975.3819679,88975.3833535,3.531700000166893
0,47,completed,88975.3799334,88975.3820896,88975.3839771,4.043699998874217
4,47,completed,88975.3800058,88975.3822374,88975.3844497,4.443899990292266
3,47,completed,88975.3801424,88975.3822652,88975.3850614,4.9189999990630895
1,47,completed,88975.3802092,88975.3822835,88975.3856544,5.445200004032813
2,48,completed,88975.411693,88975.414079,88975.415143,3.4500000037951395
3,48,completed,88975.4117063,88975.4140789,88975.4158539,4.147600004216656
4,48,completed,88975.4118932,88975.4144022,88975.4163542,4.461000004084781
1,48,completed,88975.4117835,88975.4143798,88975.4169904,5.206899993936531
0,48,completed,88975.4120122,88975.414442,88975.4176405,5.628300001262687
5,48,completed,88975.4121066,88975.4145069,88975.4182044,6.097800011048093
3,49,completed,88975.4441345,88975.4445712,88975.4453606,1.2261000083526596
2,49,completed,88975.4599985,88975.4617879,88975.4626879,2.689400003873743
4,49,completed,88975.460078,88975.4618641,88975.4632546,3.1766000029165298
5,49,completed,88975.4600232,88975.4619558,88975.4637974,3.7742000131402165
0,49,completed,88975.4599796,88975.4619158,88975.4645239,4.5442999980878085
1,49,completed,88975.4601788,88975.4620941,88975.4652366,5.057799993664958
4,50,completed,88975.491387,88975.4938977,88975.4947692,3.382199996849522
5,50,completed,88975.491351,88975.4939731,88975.4953522,4.001199995400384
2,50,completed,88975.4915438,88975.4941427,88975.4960091,4.465299993171357
1,50,completed,88975.4916008,88975.4941448,88975.496658,5.057200003648177
3,50,completed,88975.4914003,88975.4942071,88975.4972999,5.899600000702776
0,50,completed,88975.4914269,88975.4942224,88975.4980509,6.624000001465902
5,51,completed,88975.5230879,88975.5251381,88975.525987,2.8990999999223277
3,51,completed,88975.5231269,88975.5253928,88975.5267615,3.6345999978948385
1,51,completed,88975.5231157,88975.5253849,88975.5274367,4.321000000345521
2,51,completed,88975.5233749,88975.5254182,88975.5281569,4.782000003615394
0,51,completed,88975.5232127,88975.5254397,88975.5289152,5.702499998733401
4,51,completed,88975.5232481,88975.5254599,88975.5294758,6.2276999960886315
2,52,completed,88975.5559169,88975.5579657,88975.5588484,2.931499999249354
4,52,completed,88975.5559517,88975.5580197,88975.559337,3.385300005902536
1,52,completed,88975.5558873,88975.5580446,88975.559951,4.063700005644932
3,52,completed,88975.5560298,88975.5581194,88975.5606058,4.575999992084689
0,52,completed,88975.5562204,88975.558178,88975.5612555,5.035099995438941
5,52,completed,88975.5561278,88975.5583236,88975.5617232,5.595399998128414
5,53,completed,88975.5875254,88975.5898696,88975.590639,3.11360000341665
4,53,completed,88975.5875886,88975.5900014,88975.5912893,3.7007000064477324
2,53,completed,88975.5876296,88975.5900355,88975.5919748,4.345199995441362
0,53,completed,88975.5875522,88975.5900174,88975.5926408,5.08859999536071
3,53,completed,88975.5877308,88975.5900991,88975.5932529,5.522099992958829
1,53,completed,88975.5877804,88975.5901191,88975.5938492,6.068799993954599
2,54,completed,88975.6191449,88975.6214011,88975.6222622,3.117300002486445
1,54,completed,88975.6192177,88975.6215385,88975.6229693,3.751600001123734
3,54,completed,88975.619184,88975.6215612,88975.6237292,4.5452000049408525
5,54,completed,88975.6190905,88975.6215342,88975.6243057,5.215199998929165
0,54,completed,88975.6193996,88975.6216349,88975.6250986,5.699000001186505
4,54,completed,88975.6193248,88975.6217286,88975.6257044,6.379599988576956
4,55,completed,88975.6504742,88975.6523099,88975.6531486,2.6744000060716644
5,55,completed,88975.6504385,88975.65248,88975.6536874,3.2489000004716218
1,55,completed,88975.6504916,88975.6525284,88975.654317,3.8253999955486506
3,55,completed,88975.6506868,88975.6525605,88975.654971,4.284199996618554
2,55,completed,88975.6505523,88975.6525789,88975.6556955,5.143200003658421
0,55,completed,88975.6507014,88975.6526791,88975.6563697,5.668300000252202
2,56,completed,88975.6819779,88975.6856437,88975.6869163,4.938399986713193
0,56,completed,88975.6819045,88975.6856739,88975.6884378,6.533299994771369
3,56,completed,88975.6820797,88975.6858179,88975.6892471,7.167400006437674
5,56,completed,88975.6822828,88975.6858588,88975.6900144,7.731599995167926
1,56,completed,88975.6821277,88975.685992,88975.6907394,8.611700002802536
4,56,completed,88975.6824311,88975.6860462,88975.6914388,9.007700005895458
3,57,completed,88975.7134585,88975.7150361,88975.7163606,2.9020999936619774
2,57,completed,88975.7134091,88975.7151632,88975.7171412,3.7320999981602654
4,57,completed,88975.7135245,88975.7152401,88975.7177929,4.268400007276796
5,57,completed,88975.7136095,88975.715329,88975.718422,4.812500003026798
0,57,completed,88975.7137437,88975.715779,88975.7190213,5.277599993860349
1,57,completed,88975.7134434,88975.7157927,88975.7195947,6.151299996417947
0,58,completed,88975.7448778,88975.7454674,88975.7462044,1.3266000023577362
1,58,completed,88975.744868,88975.7455398,88975.7468396,1.971600009710528
3,58,completed,88975.7607666,88975.7621061,88975.7629526,2.1859999978914857
4,58,completed,88975.7608051,88975.7621281,88975.763669,2.8639000083785504
2,58,completed,88975.7607906,88975.7621224,88975.7643152,3.5245999897597358
5,58,completed,88975.7608492,88975.7621827,88975.7649697,4.120500001590699
3,59,completed,88975.7767963,88975.7781974,88975.7789655,2.169200000935234
4,59,completed,88975.7768412,88975.7782786,88975.7796532,2.8120000060880557
2,59,completed,88975.7768526,88975.7782819,88975.7804278,3.5751999967033044
5,59,completed,88975.7767953,88975.7783249,88975.781259,4.4636999955400825
1,59,completed,88975.7919552,88975.7929453,88975.7936769,1.7216999985976145
0,59,completed,88975.7919552,88975.7929146,88975.7944119,2.4567000073147938
3,60,completed,88975.8235793,88975.8258662,88975.826773,3.193699987605214
2,60,completed,88975.8235737,88975.8258222,88975.8275645,3.990799988969229
0,60,completed,88975.8236512,88975.8260853,88975.8283037,4.652499992516823
5,60,completed,88975.8235866,88975.8260573,88975.8290154,5.428799995570444
1,60,completed,88975.823718,88975.8261139,88975.8296824,5.964399999356829
4,60,completed,88975.8236422,88975.826095,88975.8304018,6.7596000008052215
0,61,completed,88975.8552982,88975.8578451,88975.8586811,3.3829000021796674
2,61,completed,88975.8554124,88975.8578944,88975.8594353,4.022900000563823
3,61,completed,88975.8552986,88975.8578025,88975.8600913,4.792699997778982
5,61,completed,88975.8553807,88975.857883,88975.860795,5.4143000015756115
1,61,completed,88975.8553086,88975.8578452,88975.8614672,6.158599993796088
4,61,completed,88975.8553583,88975.8578818,88975.8621821,6.823799994890578
4,62,completed,88975.8873568,88975.8896189,88975.8905231,3.166299997246824
1,62,completed,88975.887411,88975.8896733,88975.891278,3.86699999216944
0,62,completed,88975.8874863,88975.8897263,88975.8918783,4.3920000025536865
5,62,completed,88975.8873668,88975.8897969,88975.8925275,5.160699991392903
2,62,completed,88975.8873426,88975.8897902,88975.8931353,5.792699987068772
3,62,completed,88975.8874994,88975.8898815,88975.8938367,6.337299986626022
2,63,completed,88975.9191924,88975.921435,88975.9223671,3.1747000030009076
5,63,completed,88975.9189095,88975.9215224,88975.9231018,4.192299995338544
3,63,completed,88975.9193104,88975.921561,88975.9237813,4.470900006708689
4,63,completed,88975.9189153,88975.9215212,88975.9245028,5.587499996181577
1,63,completed,88975.9191274,88975.9216198,88975.925219,6.091599992942065
0,63,completed,88975.918908,88975.9215087,88975.9258991,6.991099988226779
3,64,completed,88975.950968,88975.9533855,88975.9542551,3.287100000306964
1,64,completed,88975.9509393,88975.9534054,88975.9549105,3.9711999997962266
4,64,completed,88975.9510116,88975.9535373,88975.9555965,4.5849000016460195
0,64,completed,88975.9509393,88975.9534977,88975.956323,5.383700001402758
2,64,completed,88975.9510426,88975.9536555,88975.9571296,6.087000001571141
5,64,completed,88975.9510788,88975.9536582,88975.957801,6.722199992509559
4,65,completed,88975.9830606,88975.9854098,88975.9861724,3.111799989710562
5,65,completed,88975.9830141,88975.9854084,88975.9868638,3.8497000059578568
2,65,completed,88975.9830272,88975.985346,88975.9875846,4.55740001052618
1,65,completed,88975.9831869,88975.9854691,88975.9882657,5.078799993498251
3,65,completed,88975.9830343,88975.9855512,88975.9889131,5.878799987840466
0,65,completed,88975.9831001,88975.9855824,88975.9896136,6.513500004075468
3,66,completed,88976.0144067,88976.0167692,88976.0177103,3.3036000095307827
5,66,completed,88976.0144016,88976.0167832,88976.0186437,4.242099996190518
1,66,completed,88976.0144008,88976.0167842,88976.0193703,4.9694999906932935
0,66,completed,88976.0143286,88976.0166732,88976.0200484,5.7197999994968995
2,66,completed,88976.0146644,88976.0169363,88976.020836,6.171599990921095
4,66,completed,88976.0147051,88976.0169416,88976.0214941,6.789000006392598
0,67,completed,88976.0455682,88976.0481439,88976.0489549,3.3867000020109117
5,67,completed,88976.0457144,88976.0481952,88976.049727,4.012600009446032
4,67,completed,88976.0456718,88976.0481982,88976.0505515,4.879699990851805
2,67,completed,88976.0455667,88976.0481144,88976.0512203,5.653599990182556
1,67,completed,88976.0456125,88976.048168,88976.0518836,6.2710999918635935
3,67,completed,88976.0455676,88976.0481139,88976.05265,7.082399999490008
1,68,completed,88976.0766785,88976.0788493,88976.0797676,3.089099991484545
4,68,completed,88976.0767767,88976.0789749,88976.0805169,3.7401999870780855
0,68,completed,88976.0766777,88976.0790635,88976.0812328,4.555100007564761
3,68,completed,88976.0766989,88976.0791135,88976.0819744,5.275500006973743
5,68,completed,88976.0767898,88976.0791549,88976.0827027,5.912900000112131
2,68,completed,88976.0768544,88976.079181,88976.083402,6.547600001795217
4,69,completed,88976.1238363,88976.1261106,88976.1271711,3.334799999720417
0,69,completed,88976.1240434,88976.1262113,88976.1278632,3.8197999965632334
2,69,completed,88976.1238745,88976.1263377,88976.1285609,4.6864000032655895
3,69,completed,88976.1239402,88976.1263289,88976.1292618,5.321599994204007
1,69,completed,88976.1243739,88976.1264822,88976.1298955,5.521599989151582
5,69,completed,88976.123846,88976.126482,88976.1305945,6.7485000035958365
1,70,completed,88976.1557331,88976.1581565,88976.1592052,3.4721000120043755
0,70,completed,88976.1555208,88976.158294,88976.1600394,4.518599991570227
2,70,completed,88976.1555,88976.1582758,88976.1607981,5.298100004438311
4,70,completed,88976.1554912,88976.1582774,88976.1615001,6.008900003507733
3,70,completed,88976.1555511,88976.1582969,88976.1623007,6.749599997419864
5,70,completed,88976.1555882,88976.1582451,88976.1629493,7.361099997069687
3,71,completed,88976.1872186,88976.1894719,88976.1902593,3.040700001292862
1,71,completed,88976.187129,88976.1894845,88976.1911069,3.9779000071575865
0,71,completed,88976.1872595,88976.1895841,88976.1917749,4.5153999963076785
2,71,completed,88976.1872965,88976.189585,88976.1924424,5.145900009665638
5,71,completed,88976.1871286,88976.1894248,88976.1930949,5.966299999272451
4,71,completed,88976.1874145,88976.1896019,88976.1938164,6.401899998309091
3,72,completed,88976.2182404,88976.2206977,88976.2217194,3.4789999917848036
4,72,completed,88976.2182176,88976.2208185,88976.2224405,4.222899995511398
0,72,completed,88976.218217,88976.2208937,88976.2230764,4.859399996348657
1,72,completed,88976.2185125,88976.2209939,88976.2238452,5.332700005965307
5,72,completed,88976.2185504,88976.2210159,88976.2245958,6.045400004950352
2,72,completed,88976.218255,88976.221032,88976.225393,7.1380000008502975
5,73,completed,88976.2500687,88976.2521723,88976.25306,2.9913000034866855
2,73,completed,88976.2501537,88976.2523439,88976.2536866,3.53289999475237
1,73,completed,88976.2502134,88976.2523728,88976.2543186,4.105200001504272
3,73,completed,88976.2500921,88976.2524106,88976.2549934,4.901299995253794
4,73,completed,88976.2500746,88976.2524499,88976.2556142,5.539599995245226
0,73,completed,88976.2502901,88976.2525337,88976.2562951,6.00500000291504
2,74,completed,88976.2815255,88976.2829311,88976.284045,2.5194999907398596
0,74,completed,88976.2816145,88976.2833218,88976.2847002,3.0857000092510134
4,74,completed,88976.2815724,88976.2833637,88976.2853012,3.7288000021362677
3,74,completed,88976.2816682,88976.28347,88976.285902,4.233800005749799
1,74,completed,88976.2817732,88976.2835223,88976.286469,4.695800002082251
5,74,completed,88976.2817679,88976.2835139,88976.2870343,5.266399995889515
3,75,completed,88976.3133569,88976.3155237,88976.3165904,3.2334999996237457
4,75,completed,88976.3134523,88976.3155911,88976.3173462,3.8938999932724983
1,75,completed,88976.3134672,88976.3157035,88976.3180513,4.584099995554425
5,75,completed,88976.3134929,88976.3157816,88976.3187633,5.270400011795573
0,75,completed,88976.3135474,88976.3158228,88976.3195042,5.95679999969434
2,75,completed,88976.3136336,88976.3158202,88976.3201494,6.515799992484972
4,76,completed,88976.3602607,88976.3620427,88976.3629671,2.706399987800978
2,76,completed,88976.3602478,88976.3621269,88976.3636304,3.3825999998953193
1,76,completed,88976.3604082,88976.3622694,88976.364246,3.837800002656877
5,76,completed,88976.3603078,88976.3623241,88976.364902,4.594199999701232
3,76,completed,88976.3604685,88976.3623149,88976.365566,5.097499990370125
0,76,completed,88976.3602907,88976.3623487,88976.3661639,5.873200003406964
2,77,completed,88976.3916055,88976.3936851,88976.3945107,2.9052000027149916
0,77,completed,88976.3914903,88976.3936906,88976.3952291,3.7388000055216253
5,77,completed,88976.391747,88976.3937454,88976.3958768,4.129799999645911
4,77,completed,88976.3915227,88976.3937062,88976.3965409,5.01819999772124
3,77,completed,88976.3915805,88976.393686,88976.3971877,5.6072000006679446
1,77,completed,88976.3916731,88976.3937216,88976.3978148,6.141699996078387
4,78,completed,88976.422397,88976.4241761,88976.425012,2.6150000048801303
0,78,completed,88976.4224598,88976.424248,88976.4257044,3.2445999968331307
2,78,completed,88976.4223966,88976.4242328,88976.4263099,3.9132999954745173
1,78,completed,88976.422573,88976.4243504,88976.4269978,4.424799990374595
5,78,completed,88976.4224943,88976.4244466,88976.4276147,5.120400004670955
3,78,completed,88976.4225953,88976.42448,88976.4282703,5.675000007613562
0,79,completed,88976.4539567,88976.4556433,88976.4565315,2.5748000043677166
2,79,completed,88976.4540405,88976.4558182,88976.4571939,3.1534000008832663
4,79,completed,88976.4540964,88976.4558865,88976.4577879,3.6914999946020544
3,79,completed,88976.4541196,88976.4559173,88976.4583841,4.264499992132187
5,79,completed,88976.4539767,88976.4559665,88976.4589848,5.008100008126348
1,79,completed,88976.4539348,88976.4559272,88976.4595516,5.616800001007505
1,80,completed,88976.4848218,88976.4864113,88976.4874982,2.676400006748736
3,80,completed,88976.4849498,88976.4868003,88976.488155,3.2052000024123117
2,80,completed,88976.4851182,88976.4868409,88976.4887721,3.653899999335408
5,80,completed,88976.485161,88976.4868805,88976.4893669,4.2058999970322475
0,80,completed,88976.4852018,88976.4869356,88976.4899607,4.75890000234358
4,80,completed,88976.4852366,88976.4869415,88976.4905632,5.3266000031726435
0,81,completed,88976.5161182,88976.5180882,88976.5191098,2.9916000057710335
5,81,completed,88976.5161849,88976.5183216,88976.5198077,3.622799995355308
3,81,completed,88976.5162994,88976.5183549,88976.5205165,4.217099995003082
4,81,completed,88976.5161255,88976.5183708,88976.5211165,4.9909999943338335
1,81,completed,88976.5162511,88976.518344,88976.5217206,5.469499999890104
2,81,completed,88976.5163676,88976.5184218,88976.5223261,5.958500012638979
1,82,completed,88976.5472978,88976.5487489,88976.5499016,2.6037999923573807
4,82,completed,88976.547474,88976.5490889,88976.5505362,3.0621999903814867
5,82,completed,88976.5474321,88976.5491522,88976.5511362,3.7041000032331795
3,82,completed,88976.5475484,88976.5491959,88976.5517519,4.203499993309379
2,82,completed,88976.5476617,88976.5493112,88976.552382,4.720299999462441
0,82,completed,88976.5476295,88976.549605,88976.5530308,5.401300004450604
0,83,completed,88976.5786937,88976.5801083,88976.5811499,2.456200003507547
1,83,completed,88976.5787485,88976.5802285,88976.5818237,3.075200002058409
3,83,completed,88976.5783857,88976.5805452,88976.5824429,4.057199999806471
2,83,completed,88976.5783858,88976.5805423,88976.5830766,4.690799993113615
4,83,completed,88976.5788171,88976.5806425,88976.5836881,4.870999997365288
5,83,completed,88976.578901,88976.5807699,88976.5843057,5.404700001236051
4,84,completed,88976.6258366,88976.6280331,88976.6289905,3.153900004690513
1,84,completed,88976.6258764,88976.6280575,88976.6297536,3.8772000116296113
3,84,completed,88976.625925,88976.6283172,88976.6303967,4.4716999982483685
0,84,completed,88976.6258364,88976.6282821,88976.6311066,5.270200010272674
2,84,completed,88976.6259703,88976.6283358,88976.6317389,5.768600007286295
5,84,completed,88976.6258599,88976.6283316,88976.6324876,6.627700000535697
2,85,completed,88976.656991,88976.6593692,88976.6602999,3.308900006231852
1,85,completed,88976.6570393,88976.6594629,88976.6609786,3.939300004276447
5,85,completed,88976.6570064,88976.6593918,88976.6616912,4.684800005634315
4,85,completed,88976.6571036,88976.6595221,88976.6623722,5.268599998089485
0,85,completed,88976.6569957,88976.6596016,88976.6630987,6.102999992435798
3,85,completed,88976.657155,88976.6596593,88976.663738,6.583000009413809
4,86,completed,88976.6887582,88976.6911572,88976.6919255,3.1672999903094023
2,86,completed,88976.6887455,88976.6911649,88976.6926802,3.934699998353608
0,86,completed,88976.6888016,88976.6912113,88976.693409,4.607399998349138
1,86,completed,88976.6887523,88976.6911432,88976.6941442,5.3918999910820276
5,86,completed,88976.688853,88976.6912295,88976.6948372,5.984200004604645
3,86,completed,88976.6888983,88976.6912785,88976.6956449,6.746600003680214
3,87,completed,88976.7202603,88976.7227131,88976.723574,3.3136999991256744
2,87,completed,88976.7203995,88976.7228652,88976.7242592,3.859699994791299
0,87,completed,88976.720164,88976.722945,88976.7248705,4.706499996245839
1,87,completed,88976.7201955,88976.7229684,88976.7255448,5.34930000139866
5,87,completed,88976.7201894,88976.7229768,88976.7261928,6.00339999073185
4,87,completed,88976.7203433,88976.7230235,88976.7267914,6.448100000852719
4,88,completed,88976.7512899,88976.7536182,88976.7544287,3.138800006126985
1,88,completed,88976.751267,88976.7538492,88976.755053,3.7860000011278316
2,88,completed,88976.7516643,88976.7539303,88976.7556551,3.9908000035211444
0,88,completed,88976.7514421,88976.7540155,88976.7563074,4.865300012170337
5,88,completed,88976.7516186,88976.7540624,88976.7567628,5.1441999967209995
3,88,completed,88976.751759,88976.7541011,88976.7572126,5.453599995234981
4,89,completed,88976.7827036,88976.7845924,88976.7854273,2.7237000031163916
3,89,completed,88976.7828038,88976.784773,88976.7859874,3.1835999980103225
1,89,completed,88976.7832428,88976.7848509,88976.7866483,3.4054999996442348
5,89,completed,88976.7830471,88976.7849452,88976.7871314,4.084299987880513
0,89,completed,88976.7831567,88976.7849877,88976.7877203,4.563599999528378
2,89,completed,88976.7833109,88976.7850218,88976.7883135,5.002599995350465
0,90,completed,88976.8136116,88976.8161716,88976.8172082,3.596599999582395
1,90,completed,88976.8139436,88976.8163234,88976.8180819,4.138299991609529
5,90,completed,88976.8134991,88976.8161827,88976.8185881,5.088999998406507
2,90,completed,88976.8138958,88976.8162204,88976.8192206,5.324799989466555
3,90,completed,88976.8140015,88976.8164665,88976.8196444,5.642900010570884
4,90,completed,88976.8140557,88976.8164688,88976.8201031,6.0474000056274235
4,91,completed,88976.8454159,88976.8462648,88976.8475017,2.085800006170757
0,91,completed,88976.8454723,88976.8463336,88976.848275,2.8026999934809282
3,91,completed,88976.8454419,88976.8465158,88976.8487411,3.299199990578927
1,91,completed,88976.8606382,88976.8621046,88976.8646643,4.026099995826371
2,91,completed,88976.8605976,88976.8625878,88976.8656686,5.071000006864779
5,91,completed,88976.8605974,88976.862588,88976.8662851,5.687700002454221
4,92,completed,88976.8917762,88976.8936976,88976.8945986,2.8223999979672953
2,92,completed,88976.8917786,88976.8937054,88976.8952179,3.439300009631552
1,92,completed,88976.8921718,88976.8938812,88976.8958147,3.6428999883355573
3,92,completed,88976.892438,88976.8941651,88976.8962623,3.824300001724623
5,92,completed,88976.8922303,88976.8942384,88976.8967094,4.4790999963879585
0,92,completed,88976.8922507,88976.8942452,88976.8972842,5.033499997807667
1,93,completed,88976.9236699,88976.9253586,88976.9262702,2.6002999948104843
4,93,completed,88976.9235105,88976.9255329,88976.9267874,3.276900009950623
3,93,completed,88976.923557,88976.9255828,88976.9272615,3.7044999917270616
2,93,completed,88976.9235103,88976.9255344,88976.9278477,4.33740000880789
0,93,completed,88976.9235365,88976.9256346,88976.9284268,4.890299998805858
5,93,completed,88976.9237209,88976.9256898,88976.9288694,5.1485000003594905
0,94,completed,88976.9551086,88976.956451,88976.9577995,2.690900000743568
3,94,completed,88976.9551141,88976.9565562,88976.9583777,3.2635999959893525
1,94,completed,88976.955677,88976.957076,88976.9590025,3.3255000016652048
4,94,completed,88976.9555965,88976.957247,88976.9594462,3.8496999914059415
2,94,completed,88976.9555968,88976.9572449,88976.9600373,4.440499993506819
5,94,completed,88976.95557,88976.9573009,88976.9605129,4.942899991874583
3,95,completed,88976.9868351,88976.9898106,88976.990494,3.6588999937521294
5,95,completed,88976.9869625,88976.9898939,88976.9910118,4.0492999978596345
1,95,completed,88976.9870508,88976.9899051,88976.9916721,4.621300002327189
2,95,completed,88976.986905,88976.9898806,88976.9922582,5.353200001991354
4,95,completed,88976.9868484,88976.9900146,88976.9927232,5.874800001038238
0,95,completed,88976.986837,88976.9900134,88976.9933066,6.469599989941344
5,96,completed,88977.0182358,88977.0209242,88977.0216761,3.44030000269413
4,96,completed,88977.0183818,88977.0209992,88977.0222134,3.831600013654679
0,96,completed,88977.0182387,88977.021004,88977.022831,4.5922999997856095
2,96,completed,88977.0182365,88977.0210252,88977.02347,5.233500007307157
3,96,completed,88977.0183963,88977.021031,88977.0240805,5.684200004907325
1,96,completed,88977.0182776,88977.0211917,88977.0247006,6.422999998903833
4,97,completed,88977.0493684,88977.0516074,88977.0524567,3.0882999999448657
2,97,completed,88977.0494958,88977.0517685,88977.0531563,3.6604999913834035
3,97,completed,88977.0493684,88977.0516935,88977.0537612,4.392800008645281
0,97,completed,88977.0495811,88977.0517892,88977.0544108,4.829700003028847
1,97,completed,88977.0494837,88977.0518424,88977.0550759,5.592200002865866
5,97,completed,88977.0494027,88977.0522053,88977.0555187,6.1160000041127205
2,98,completed,88977.081157,88977.0830613,88977.0841668,3.0098000133875757
3,98,completed,88977.0813445,88977.0834844,88977.0848064,3.4619000070961192
1,98,completed,88977.0812352,88977.083508,88977.0854006,4.165399994235486
4,98,completed,88977.0814077,88977.0835414,88977.0858416,4.433900001458824
0,98,completed,88977.0812592,88977.0835414,88977.0864182,5.1589999930001795
5,98,completed,88977.0811936,88977.083641,88977.0868424,5.648799997288734
4,99,completed,88977.1126588,88977.114649,88977.1157598,3.100999994785525
0,99,completed,88977.1129847,88977.1151647,88977.1163896,3.404900009627454
2,99,completed,88977.1131927,88977.1153061,88977.1170324,3.839700002572499
3,99,completed,88977.1130587,88977.1154007,88977.1177743,4.7156000073300675
5,99,completed,88977.1130244,88977.1153893,88977.1183216,5.297200012137182
1,99,completed,88977.1131378,88977.1153828,88977.1190091,5.871300003491342
5,100,completed,88977.1442242,88977.1460026,88977.1468264,2.6021999947261065
2,100,completed,88977.1443312,88977.146212,88977.1475225,3.1912999984342605
3,100,completed,88977.1442607,88977.1461086,88977.1481082,3.8474999892059714
1,100,completed,88977.1442889,88977.1462999,88977.1487082,4.419299992150627
4,100,completed,88977.1443627,88977.1462957,88977.1491322,4.7694999957457185
0,100,completed,88977.1445088,88977.1463117,88977.1497166,5.207800000789575
5,101,completed,88977.1919702,88977.1936873,88977.1944386,2.4683999945409596
0,101,completed,88977.1919334,88977.1938354,88977.1950782,3.1448000081581995
4,101,completed,88977.1919327,88977.1938664,88977.1955629,3.630199993494898
3,101,completed,88977.1920087,88977.1939383,88977.1961446,4.135900002438575
1,101,completed,88977.1922215,88977.1939616,88977.196773,4.551500009256415
2,101,completed,88977.1921713,88977.1939587,88977.1974046,5.233299991232343
3,102,completed,88977.2229358,88977.2255465,88977.2268457,3.9098999986890703
4,102,completed,88977.2229664,88977.2257249,88977.2274053,4.438899995875545
2,102,completed,88977.2236116,88977.2262316,88977.2280551,4.443500001798384
0,102,completed,88977.2237046,88977.2263093,88977.2287313,5.026700004236773
5,102,completed,88977.2237316,88977.2263021,88977.229185,5.453400008263998
1,102,completed,88977.2235814,88977.2264124,88977.2297935,6.212099993717857
2,103,completed,88977.2542346,88977.2567255,88977.2575792,3.344600001582876
1,103,completed,88977.254214,88977.2567909,88977.2582435,4.029499992611818
5,103,completed,88977.2543307,88977.2568468,88977.2587105,4.379799996968359
4,103,completed,88977.2545094,88977.2569092,88977.2592379,4.728500003693625
0,103,completed,88977.2542813,88977.2569312,88977.2598938,5.612499997369014
3,103,completed,88977.2544677,88977.2569817,88977.2604866,6.018900006893091
3,104,completed,88977.2854077,88977.2863281,88977.2882598,2.85210000583902
0,104,completed,88977.285835,88977.2875417,88977.2889108,3.07579999207519
5,104,completed,88977.2857232,88977.2875555,88977.2894172,3.6939999990863726
2,104,completed,88977.2859773,88977.2878202,88977.2900495,4.072200012160465
4,104,completed,88977.285959,88977.2878189,88977.2905582,4.599199994117953
1,104,completed,88977.2857341,88977.2878678,88977.2911868,5.452699988381937
0,105,completed,88977.3161885,88977.3180005,88977.3189603,2.771800005575642
2,105,completed,88977.3162314,88977.3180556,88977.3195967,3.3653000136837363
5,105,completed,88977.3162958,88977.3182073,88977.3201156,3.8197999965632334
4,105,completed,88977.3163144,88977.3182622,88977.3206214,4.30699999560602
3,105,completed,88977.3164731,88977.3182973,88977.3212341,4.761000003782101
1,105,completed,88977.3162564,88977.3183399,88977.3217838,5.527400004211813
0,106,completed,88977.347774,88977.3488565,88977.3506829,2.9089000017847866
5,106,completed,88977.3479746,88977.3496023,88977.3511769,3.2023000094341114
3,106,completed,88977.3481749,88977.3498507,88977.3517719,3.596999988076277
2,106,completed,88977.3482991,88977.3499392,88977.3523692,4.070099996170029
4,106,completed,88977.3482016,88977.3499515,88977.3528502,4.648599991924129
1,106,completed,88977.3481076,88977.350082,88977.3534791,5.37149999581743
3,107,completed,88977.3795726,88977.3808965,88977.3822201,2.647500004968606
4,107,completed,88977.3798126,88977.3815565,88977.3827229,2.910299997893162
0,107,completed,88977.379947,88977.3815952,88977.3833195,3.3725000103004277
2,107,completed,88977.3797658,88977.3815361,88977.3840019,4.236100008711219
5,107,completed,88977.3799185,88977.3816723,88977.3845833,4.6647999988636
1,107,completed,88977.3797858,88977.3817789,88977.385218,5.432199992355891
3,108,completed,88977.4108751,88977.4112626,88977.4119537,1.078599991160445
5,108,completed,88977.4262744,88977.4276702,88977.4284741,2.1997000003466383
4,108,completed,88977.426314,88977.428009,88977.4290948,2.780800001346506
2,108,completed,88977.4264251,88977.428066,88977.4296862,3.2611000060569495
0,108,completed,88977.4263891,88977.428057,88977.4302952,3.906099998857826
1,108,completed,88977.4262482,88977.4281268,88977.4308513,4.603099994710647
0,109,completed,88977.4570851,88977.4593169,88977.4601636,3.078499998082407
1,109,completed,88977.4571928,88977.4594563,88977.4607644,3.571600012946874
3,109,completed,88977.4570943,88977.4595103,88977.4613383,4.24399999610614
2,109,completed,88977.4575364,88977.4595421,88977.4618926,4.356199991889298
5,109,completed,88977.4576321,88977.4595653,88977.4623439,4.711799992946908
4,109,completed,88977.4575865,88977.459553,88977.4629125,5.326000013155863
5,110,completed,88977.4880126,88977.489473,88977.490745,2.7323999966029078
2,110,completed,88977.488381,88977.4902007,88977.4914003,3.0192999984137714
0,110,completed,88977.4884155,88977.4903423,88977.4920165,3.60099998943042
3,110,completed,88977.4886297,88977.4903476,88977.492605,3.975300001911819
1,110,completed,88977.4884616,88977.4904871,88977.4932202,4.758600000059232
4,110,completed,88977.4886051,88977.4905113,88977.4938346,5.229499991401099
4,111,completed,88977.5192977,88977.5213889,88977.5223143,3.0166000069584697
5,111,completed,88977.5194433,88977.521514,88977.5228267,3.383400005986914
2,111,completed,88977.5193789,88977.5215406,88977.5234454,4.066499997861683
0,111,completed,88977.5192561,88977.5216146,88977.5240202,4.7640999982832
3,111,completed,88977.519455,88977.521636,88977.5246011,5.146099996636622
1,111,completed,88977.5193436,88977.5217064,88977.5251877,5.844100000103936
0,112,completed,88977.5503648,88977.5530161,88977.5538785,3.5136999940732494
4,112,completed,88977.5506178,88977.5530523,88977.5545376,3.9197999867610633
2,112,completed,88977.5503889,88977.5531386,88977.5551297,4.740800010040402
1,112,completed,88977.5507887,88977.5531325,88977.5557073,4.918599996017292
5,112,completed,88977.5508292,88977.5531152,88977.5561313,5.302100005792454
3,112,completed,88977.5508265,88977.5531459,88977.5567703,5.943800002569333
1,113,completed,88977.5820181,88977.5837743,88977.5845752,2.557100000558421
4,113,completed,88977.5816837,88977.5837024,88977.5852643,3.580599994165823
5,113,completed,88977.5821451,88977.5837461,88977.5857278,3.582700010156259
0,113,completed,88977.5818075,88977.5839205,88977.5863454,4.537900007562712
3,113,completed,88977.58208,88977.5839836,88977.5869333,4.853300008107908
2,113,completed,88977.5821337,88977.5839921,88977.5875391,5.405400006566197
0,114,completed,88977.6137413,88977.6159486,88977.6166892,2.9479000077117234
5,114,completed,88977.6134078,88977.6158647,88977.6172824,3.8745999918319285
2,114,completed,88977.6138212,88977.6160362,88977.6178235,4.002300003776327
3,114,completed,88977.6138836,88977.616088,88977.6184455,4.561900001135655
4,114,completed,88977.6139346,88977.6160851,88977.6190302,5.095600005006418
1,114,completed,88977.6133959,88977.6160881,88977.6194987,6.102800005464815
4,115,completed,88977.6604915,88977.6619283,88977.6629526,2.461099997162819
3,115,completed,88977.6604916,88977.661938,88977.6635909,3.0992999963928014
1,115,completed,88977.6605328,88977.6621036,88977.6640282,3.495400000247173
5,115,completed,88977.6610914,88977.6624352,88977.6645059,3.414499995415099
0,115,completed,88977.6609779,88977.6624855,88977.6649922,4.014300007838756
2,115,completed,88977.6610012,88977.6624958,88977.6654493,4.448099993169308
5,116,completed,88977.6918306,88977.6934697,88977.6943196,2.4890000058803707
2,116,completed,88977.6919636,88977.6936518,88977.6948032,2.8395999979693443
4,116,completed,88977.6918311,88977.6936133,88977.6954077,3.57659999281168
0,116,completed,88977.6919103,88977.6937448,88977.695873,3.962700007832609
3,116,completed,88977.6921801,88977.693849,88977.6964568,4.276699997717515
1,116,completed,88977.6921102,88977.69396,88977.6968918,4.781600000569597
3,117,completed,88977.7237652,88977.7259303,88977.7268266,3.0613999988418072
5,117,completed,88977.7237791,88977.7260497,88977.7273693,3.5902000090572983
4,117,completed,88977.7238766,88977.7260558,88977.7280223,4.145700004301034
0,117,completed,88977.7240377,88977.7261277,88977.7285145,4.476800007978454
2,117,completed,88977.7240039,88977.7261102,88977.7290389,5.0349999946774915
1,117,completed,88977.7237169,88977.7261668,88977.7295357,5.818799996632151
0,118,completed,88977.7560962,88977.7578042,88977.7586681,2.571899996837601
5,118,completed,88977.7560409,88977.7580513,88977.7591909,3.1500000040978193
4,118,completed,88977.7562737,88977.7580421,88977.7598107,3.536999996867962
3,118,completed,88977.7562005,88977.7580881,88977.7603905,4.189999992377125
2,118,completed,88977.7560408,88977.7580521,88977.7608694,4.828599994652905
1,118,completed,88977.7560685,88977.7581974,88977.7614468,5.378299989388324
2,119,completed,88977.7877454,88977.7898405,88977.7906677,2.922300001955591
0,119,completed,88977.7880339,88977.7901413,88977.7911754,3.1414999975822866
5,119,completed,88977.7878362,88977.7902069,88977.7916738,3.8376000011339784
4,119,completed,88977.7879001,88977.7902,88977.7922567,4.3566000094870105
3,119,completed,88977.7879727,88977.7902514,88977.7929141,4.9414000095566735
1,119,completed,88977.7877329,88977.7903086,88977.7934542,5.721299996366724
2,120,completed,88977.8187512,88977.8195076,88977.8214067,2.6554999931249768
3,120,completed,88977.819084,88977.8208835,88977.8220788,2.994800001033582
4,120,completed,88977.8191198,88977.8209337,88977.822683,3.5632000071927905
5,120,completed,88977.8192585,88977.8210703,88977.8231377,3.8791999977547675
0,120,completed,88977.8193739,88977.8210899,88977.8235839,4.20999999914784
1,120,completed,88977.8191803,88977.8212692,88977.8240416,4.861300010816194
5,121,completed,88977.851199,88977.8530364,88977.8539552,2.7562000032048672
0,121,completed,88977.8513915,88977.8531948,88977.854494,3.102500006207265
3,121,completed,88977.851208,88977.8532355,88977.8551833,3.975300001911819
2,121,completed,88977.8511989,88977.85325,88977.855693,4.4941000087419525
4,121,completed,88977.8514405,88977.8533146,88977.8563528,4.91229999170173
1,121,completed,88977.8513248,88977.8533312,88977.8568223,5.497500009369105
1,122,completed,88977.8932177,88977.8953142,88977.8960267,2.808999997796491
2,122,completed,88977.8932812,88977.8953916,88977.8965075,3.2263000030070543
5,122,completed,88977.8933465,88977.8954098,88977.8969737,3.6271999997552484
4,122,completed,88977.8935941,88977.8954832,88977.8976104,4.016300008515827
3,122,completed,88977.893243,88977.8953148,88977.8982109,4.967900007613935
0,122,completed,88977.8934302,88977.8954811,88977.8986683,5.238099998678081
3,123,completed,88977.9246635,88977.9269317,88977.9282987,3.6352000024635345
0,123,completed,88977.9249263,88977.9274961,88977.9288708,3.944500000216067
4,123,completed,88977.924926,88977.9275559,88977.9295206,4.594599988195114
1,123,completed,88977.9251892,88977.9276157,88977.9299849,4.795699991518632
5,123,completed,88977.9251126,88977.9277145,88977.930427,5.314399997587316
2,123,completed,88977.9250474,88977.9276984,88977.9309331,5.885699996724725
5,124,completed,88977.9564533,88977.9581505,88977.9589975,2.544200004194863
0,124,completed,88977.9564929,88977.9584065,88977.9595111,3.0181999900378287
4,124,completed,88977.9567743,88977.9584677,88977.9601134,3.339100003358908
2,124,completed,88977.9566568,88977.958472,88977.9606139,3.9570999942952767
3,124,completed,88977.9564973,88977.9584118,88977.9612728,4.775500012328848
1,124,completed,88977.9567189,88977.9585554,88977.9617364,5.01750000694301
3,125,completed,88977.9881466,88977.9896731,88977.9911346,2.988000007462688
0,125,completed,88977.9885224,88977.9904226,88977.9916667,3.144300004350953
4,125,completed,88977.9887751,88977.9905453,88977.9921156,3.3404999994672835
2,125,completed,88977.9886199,88977.9905137,88977.9925335,3.9135999977588654
1,125,completed,88977.9885629,88977.9905969,88977.9930575,4.494599997997284
5,125,completed,88977.9887643,88977.9906402,88977.9934916,4.7273000091081485
1,126,completed,88978.0194417,88978.0217304,88978.0224501,3.008400002727285
5,126,completed,88978.0195078,88978.0217837,88978.0229367,3.428900003200397
3,126,completed,88978.0193886,88978.0217078,88978.0235503,4.161699995165691
4,126,completed,88978.0194232,88978.021885,88978.024076,4.652799994801171
0,126,completed,88978.0196801,88978.02187,88978.0245401,4.860000000917353
2,126,completed,88978.019608,88978.0219443,88978.0250559,5.447899995488115
3,127,completed,88978.0514561,88978.0537732,88978.0545513,3.095199994277209
0,127,completed,88978.0513179,88978.0538515,88978.0550747,3.7567999970633537
1,127,completed,88978.0516204,88978.0538294,88978.0555295,3.9090999925974756
2,127,completed,88978.0513111,88978.0538592,88978.0559881,4.676999989897013
4,127,completed,88978.0513111,88978.0538444,88978.0565357,5.224599997745827
5,127,completed,88978.0515733,88978.0539091,88978.0570271,5.45379999675788
5,128,completed,88978.0823382,88978.0845278,88978.0853787,3.0404999997699633
0,128,completed,88978.0822765,88978.0846345,88978.0858884,3.6118999996688217
1,128,completed,88978.0826552,88978.0846589,88978.0863502,3.6949999921489507
2,128,completed,88978.0827715,88978.0848125,88978.0868538,4.082300001755357
3,128,completed,88978.0827978,88978.0850018,88978.0874084,4.610599993611686
4,128,completed,88978.0829544,88978.0849784,88978.0880544,5.099999994854443
0,129,completed,88978.1142079,88978.1161849,88978.1168981,2.6901999954134226
5,129,completed,88978.1142736,88978.1162018,88978.1174034,3.1297999958042055
4,129,completed,88978.1143676,88978.116299,88978.1180788,3.7111999990884215
1,129,completed,88978.1145481,88978.1163366,88978.1187197,4.171599997789599
3,129,completed,88978.1142425,88978.1164399,88978.1192779,5.035399997723289
2,129,completed,88978.1145096,88978.1165023,88978.1197765,5.266899999696761
1,130,completed,88978.1451043,88978.147733,88978.1486533,3.5490000009303913
0,130,completed,88978.1454797,88978.1480507,88978.1492021,3.722399997059256
4,130,completed,88978.1455065,88978.1480542,88978.1498242,4.317699989769608
5,130,completed,88978.1455899,88978.1480628,88978.1502745,4.684600004111417
3,130,completed,88978.1456132,88978.1480762,88978.150725,5.111799997393973
2,130,completed,88978.1451086,88978.1480582,88978.1511841,6.075500001315959
0,131,completed,88978.1918261,88978.1939562,88978.1946528,2.8267000016057864
2,131,completed,88978.1917796,88978.1939248,88978.1951444,3.3647999953245744
1,131,completed,88978.1920065,88978.194,88978.1955983,3.5917999921366572
3,131,completed,88978.1917231,88978.1941121,88978.1960317,4.3086000077892095
5,131,completed,88978.1917604,88978.1941669,88978.1964287,4.6682999964104965
4,131,completed,88978.1919279,88978.1941864,88978.1970061,5.07820000348147
1,132,completed,88978.222791,88978.2242715,88978.2254321,2.641099999891594
3,132,completed,88978.2227912,88978.2247617,88978.2259223,3.131100005703047
0,132,completed,88978.2228392,88978.2248807,88978.2263936,3.5543999983929098
2,132,completed,88978.2228227,88978.2248755,88978.2267959,3.973200000473298
5,132,completed,88978.223204,88978.2251768,88978.2272748,4.070800001500174
4,132,completed,88978.2232034,88978.2251879,88978.2278447,4.641299994545989
1,133,completed,88978.2541578,88978.2560612,88978.2569916,2.8338000120129436
3,133,completed,88978.2542503,88978.2563058,88978.2575423,3.2919999939622357
0,133,completed,88978.254191,88978.2564934,88978.2581469,3.9558999997098
4,133,completed,88978.254219,88978.2565279,88978.2587456,4.526600008830428
5,133,completed,88978.2543476,88978.2565543,88978.2591976,4.849999997531995
2,133,completed,88978.2543881,88978.2565538,88978.259625,5.236900004092604
2,134,completed,88978.2858992,88978.2886852,88978.2893737,3.474500001175329
0,134,completed,88978.2858296,88978.288667,88978.2899412,4.111599992029369
1,134,completed,88978.2860704,88978.2888004,88978.290417,4.346599991549738
4,134,completed,88978.2861212,88978.2888117,88978.2910008,4.8796000046422705
3,134,completed,88978.2859541,88978.2888568,88978.2914628,5.508699992788024
5,134,completed,88978.2858418,88978.2889191,88978.2918931,6.051300006220117
4,135,completed,88978.3169682,88978.3189206,88978.3198315,2.8633000038098544
3,135,completed,88978.3170616,88978.3190952,88978.3203344,3.2728000078350306
2,135,completed,88978.3170915,88978.3191344,88978.3207984,3.7069000100018457
0,135,completed,88978.317115,88978.3191583,88978.3212642,4.14920000184793
1,135,completed,88978.317243,88978.3191672,88978.3217159,4.4729000073857605
5,135,completed,88978.3170045,88978.3192269,88978.3221871,5.18259999807924
4,136,completed,88978.34787,88978.3495202,88978.3505289,2.658900004462339
1,136,completed,88978.3479096,88978.3497882,88978.3510116,3.1020000024000183
2,136,completed,88978.3479556,88978.3497852,88978.3514756,3.519999998388812
0,136,completed,88978.3480726,88978.3498317,88978.3525531,4.480500007048249
3,136,completed,88978.3480401,88978.3498909,88978.3530317,4.9915999989025295
5,136,completed,88978.3481093,88978.3500724,88978.3534865,5.377199995564297
4,137,completed,88978.378985,88978.3809199,88978.3817983,2.813300001434982
3,137,completed,88978.37903,88978.3810154,88978.3823411,3.311100008431822
0,137,completed,88978.3790862,88978.3810454,88978.3828054,3.7192000017967075
5,137,completed,88978.3789851,88978.3810819,88978.3832797,4.294600003049709
1,137,completed,88978.3791277,88978.3811948,88978.3837432,4.615500001818873
2,137,completed,88978.3791665,88978.3812039,88978.3842004,5.033900000853464
3,138,completed,88978.4257866,88978.4280456,88978.428892,3.1053999991854653
2,138,completed,88978.425855,88978.428269,88978.4294278,3.5728000075323507
0,138,completed,88978.4259706,88978.4282657,88978.4300208,4.0502000047126785
5,138,completed,88978.4257863,88978.4283255,88978.4307005,4.914200006169267
4,138,completed,88978.4258823,88978.428402,88978.4313607,5.478399994899519
1,138,completed,88978.4258268,88978.428433,88978.431898,6.071199997677468
5,139,completed,88978.4568975,88978.459096,88978.4600844,3.18689999403432
1,139,completed,88978.4570426,88978.4593235,88978.4605964,3.5537999938242137
2,139,completed,88978.4569184,88978.4593669,88978.4612257,4.307299997890368
3,139,completed,88978.4571014,88978.4593919,88978.4617405,4.639100006897934
4,139,completed,88978.4569804,88978.4594112,88978.4624626,5.482199994730763
0,139,completed,88978.4569418,88978.4594401,88978.462986,6.04419999581296
1,140,completed,88978.4889674,88978.4913473,88978.49214,3.1726000015623868
3,140,completed,88978.4891374,88978.491373,88978.4926708,3.5333999985596165
4,140,completed,88978.4889319,88978.4914909,88978.493155,4.223099997034296
0,140,completed,88978.4889315,88978.4914981,88978.4937496,4.8181000020122156
5,140,completed,88978.4892274,88978.4914826,88978.4943952,5.16780000180006
2,140,completed,88978.4889487,88978.4915795,88978.4949811,6.03239999327343
2,141,completed,88978.5198865,88978.5220371,88978.5229611,3.074599997489713
4,141,completed,88978.5198733,88978.5223057,88978.523478,3.6047000030521303
1,141,completed,88978.5199272,88978.5223358,88978.5239865,4.059300001244992
3,141,completed,88978.5200918,88978.5225786,88978.5244687,4.376899989438243
0,141,completed,88978.5200198,88978.5225688,88978.5249771,4.957299999659881
5,141,completed,88978.5199793,88978.5226044,88978.5256723,5.69299999915529
5,142,completed,88978.5509565,88978.5529267,88978.5539881,3.0316000047605485
3,142,completed,88978.5512825,88978.5532988,88978.5544647,3.182200001901947
4,142,completed,88978.5513616,88978.5533962,88978.5549373,3.575700000510551
0,142,completed,88978.5513291,88978.5533721,88978.5553595,4.030399999464862
2,142,completed,88978.5514618,88978.5534371,88978.5557996,4.337799997301772
1,142,completed,88978.5515094,88978.5534567,88978.5563179,4.808500001672655
3,143,completed,88978.5824823,88978.5856798,88978.5872332,4.750899999635294
1,143,completed,88978.583028,88978.5867293,88978.5878221,4.794100008439273
0,143,completed,88978.5827172,88978.5867852,88978.5883691,5.651900006341748
2,143,completed,88978.5828332,88978.5867765,88978.5889385,6.105300009949133
5,143,completed,88978.58307,88978.5868044,88978.5896516,6.581600013305433
4,143,completed,88978.5828708,88978.5867677,88978.5901964,7.325599988689646
4,144,completed,88978.6140629,88978.6162997,88978.6173867,3.3238000032724813
3,144,completed,88978.614641,88978.6168384,88978.61798,3.3390000025974587
1,144,completed,88978.6145248,88978.6168536,88978.6185277,4.002900008345023
0,144,completed,88978.6144826,88978.6168656,88978.6190125,4.529900004854426
2,144,completed,88978.6145924,88978.6168276,88978.6194998,4.907399998046458
5,144,completed,88978.6141888,88978.6168517,88978.6201078,5.919000002904795
2,145,completed,88978.6460033,88978.6475246,88978.648458,2.454699992085807
0,145,completed,88978.6460414,88978.6479027,88978.6489613,2.9198999982327223
1,145,completed,88978.6460887,88978.6480007,88978.6494262,3.337500005727634
4,145,completed,88978.6461371,88978.6480274,88978.6499096,3.7725000001955777
3,145,completed,88978.6462682,88978.6480841,88978.6504257,4.157500006840564
5,145,completed,88978.6463035,88978.6480987,88978.6510673,4.763799995998852
3,146,completed,88978.6781198,88978.6795544,88978.6805262,2.406400002655573
4,146,completed,88978.678347,88978.6799761,88978.6810403,2.693300004466437
2,146,completed,88978.6782094,88978.6799916,88978.6815158,3.3064000017475337
0,146,completed,88978.6782782,88978.6800404,88978.6819633,3.6851000040769577
1,146,completed,88978.6783085,88978.6800788,88978.6824097,4.101200000150129
5,146,completed,88978.6781431,88978.6801508,88978.6829787,4.8356000042986125
2,147,completed,88978.7258842,88978.7272274,88978.7285116,2.6273999974364415
4,147,completed,88978.7259977,88978.72772,88978.7290417,3.0439999973168597
1,147,completed,88978.7260233,88978.7278366,88978.7294813,3.4580000065034255
0,147,completed,88978.7264739,88978.7281106,88978.7299481,3.474199998890981
3,147,completed,88978.7264963,88978.7281382,88978.7303762,3.8798999885329977
5,147,completed,88978.7261095,88978.7282641,88978.7309364,4.826899996260181
4,148,completed,88978.7571594,88978.7577567,88978.7598244,2.6649999927030876
0,148,completed,88978.7575809,88978.7593415,88978.7602953,2.7144000050611794
3,148,completed,88978.7577548,88978.7595342,88978.7607389,2.984100006869994
1,148,completed,88978.7576319,88978.7595507,88978.7612387,3.606799989938736
5,148,completed,88978.7576633,88978.7596134,88978.7619005,4.237200002535246
2,148,completed,88978.7577978,88978.7596358,88978.7624032,4.605399997672066
2,149,completed,88978.7895564,88978.7915484,88978.7923442,2.787799996440299
4,149,completed,88978.7894871,88978.7916294,88978.7928792,3.39209999947343
0,149,completed,88978.7894898,88978.7916382,88978.7933945,3.9047000027494505
3,149,completed,88978.7897979,88978.7916717,88978.7938364,4.038500002934597
1,149,completed,88978.7896367,88978.7917257,88978.7943408,4.70409999252297
5,149,completed,88978.7897629,88978.7917695,88978.7950352,5.27229999715928
3,150,completed,88978.8221495,88978.8242427,88978.8249562,2.8066999948350713
0,150,completed,88978.8220947,88978.8243367,88978.8255636,3.468900002189912
2,150,completed,88978.8222224,88978.8242984,88978.8260674,3.8449999992735684
5,150,completed,88978.822043,88978.8243297,88978.8267507,4.707700005383231
1,150,completed,88978.8220431,88978.8243264,88978.8272243,5.181200001970865
4,150,completed,88978.8223792,88978.8244229,88978.8277,5.320799988112412
0,151,completed,88978.8535932,88978.8554548,88978.8568704,3.277200012234971
3,151,completed,88978.853991,88978.8559782,88978.8574611,3.4700999967753887
4,151,completed,88978.8537564,88978.8559882,88978.8580265,4.270100005669519
5,151,completed,88978.853848,88978.8560329,88978.8587428,4.894800003967248
1,151,completed,88978.85404,88978.856134,88978.8592649,5.224900000030175
2,151,completed,88978.8540636,88978.8561423,88978.8597333,5.669700010912493
1,152,completed,88978.8853252,88978.8870134,88978.8877717,2.4465000024065375
5,152,completed,88978.8854305,88978.8871123,88978.8884122,2.9817000031471252
0,152,completed,88978.8853408,88978.8872201,88978.8888735,3.532699993229471
4,152,completed,88978.8853236,88978.8872249,88978.8893005,3.976899999543093
3,152,completed,88978.8855972,88978.8873279,88978.8897429,4.145700004301034
2,152,completed,88978.8855855,88978.8873238,88978.8902929,4.707400003098883
3,153,completed,88978.916603,88978.9184326,88978.9196507,3.0476999963866547
4,153,completed,88978.9166852,88978.9187416,88978.9202017,3.5165000008419156
0,153,completed,88978.9169557,88978.9189893,88978.9206859,3.730199998244643
2,153,completed,88978.9169398,88978.9191137,88978.9211453,4.205500008538365
5,153,completed,88978.9171716,88978.9191902,88978.9217956,4.624000008334406
1,153,completed,88978.9170351,88978.9191796,88978.9222411,5.205999987083487
5,154,completed,88978.9483103,88978.9505657,88978.9519016,3.591300002881326
4,154,completed,88978.9486377,88978.9512063,88978.9524463,3.808599998592399
0,154,completed,88978.9487732,88978.9512665,88978.9529457,4.172500004642643
1,154,completed,88978.9488134,88978.9513394,88978.9534819,4.668499997933395
2,154,completed,88978.9487449,88978.951367,88978.953993,5.248100002063438
3,154,completed,88978.9485775,88978.9513311,88978.9544679,5.890399988857098
3,155,completed,88978.9796505,88978.9816882,88978.9824186,2.768100006505847
4,155,completed,88978.9795874,88978.9816919,88978.982902,3.3146000059787184
5,155,completed,88978.9795343,88978.981723,88978.9835524,4.018099993118085
2,155,completed,88978.979534,88978.9817825,88978.9840945,4.560500005027279
0,155,completed,88978.9797926,88978.9818597,88978.9846487,4.856100000324659
1,155,completed,88978.9799837,88978.9819992,88978.9852221,5.238400000962429
0,156,completed,88979.0109539,88979.0130725,88979.0139173,2.963400009321049
2,156,completed,88979.0109081,88979.0129727,88979.0144709,3.562800004146993
5,156,completed,88979.0111241,88979.0132525,88979.0150881,3.9640000031795353
4,156,completed,88979.0112209,88979.0133224,88979.0156078,4.386899992823601
3,156,completed,88979.0113671,88979.0133196,88979.0160492,4.682099999627098
1,156,completed,88979.0113547,88979.0134764,88979.0164989,5.144200011272915
5,157,completed,88979.0586317,88979.0605918,88979.0613682,2.7364999987185
2,157,completed,88979.0586849,88979.0606502,88979.061875,3.1901000038487837
4,157,completed,88979.0586453,88979.06059,88979.0625157,3.870400003506802
3,157,completed,88979.0588004,88979.0607082,88979.0629801,4.179700001259334
1,157,completed,88979.0586318,88979.0607121,88979.0634572,4.825399999390356
0,157,completed,88979.0588786,88979.0607378,88979.0639359,5.057300004409626
2,158,completed,88979.0902214,88979.0918887,88979.0926601,2.43870000122115
0,158,completed,88979.090265,88979.0920594,88979.0931483,2.8832999960286543
3,158,completed,88979.0903537,88979.0921233,88979.0936016,3.2479000074090436
4,158,completed,88979.0903403,88979.0921291,88979.0941798,3.8395000010496005
5,158,completed,88979.0902373,88979.0921127,88979.0947528,4.515499997069128
1,158,completed,88979.0904597,88979.0923598,88979.0952355,4.775800000061281
2,159,completed,88979.1217421,88979.1239337,88979.124961,3.218899990315549
3,159,completed,88979.1218584,88979.1241973,88979.1255216,3.6631999973906204
4,159,completed,88979.1223247,88979.1243936,88979.1261363,3.8115999923320487
5,159,completed,88979.1223501,88979.1244094,88979.1267319,4.38179999764543
0,159,completed,88979.1221753,88979.1244308,88979.1272121,5.036799993831664
1,159,completed,88979.1219138,88979.1244928,88979.1276947,5.780899999081157
1,160,completed,88979.1529115,88979.1534805,88979.1554773,2.565799994044937
0,160,completed,88979.1531745,88979.1545518,88979.1559677,2.7932000084547326
5,160,completed,88979.1534253,88979.1550727,88979.1565782,3.1528999970760196
2,160,completed,88979.1535493,88979.1552797,88979.1570529,3.5036000044783577
4,160,completed,88979.1534843,88979.155283,88979.1575181,4.033799996250309
3,160,completed,88979.1534909,88979.1552817,88979.1579659,4.474999994272366
4,161,completed,88979.1840209,88979.1857863,88979.1872148,3.193900003680028
2,161,completed,88979.1844644,88979.1866871,88979.1877154,3.2510000019101426
1,161,completed,88979.1845899,88979.1868378,88979.1881846,3.594699999666773
5,161,completed,88979.1846654,88979.1868438,88979.1887582,4.092800008947961
0,161,completed,88979.1845325,88979.1869632,88979.1892181,4.685599997173995
3,161,completed,88979.1845119,88979.1869604,88979.1896647,5.152799989446066
1,162,completed,88979.2156126,88979.2177126,88979.2186052,2.9925999988336116
0,162,completed,88979.2156008,88979.2176597,88979.2192574,3.65659999079071
5,162,completed,88979.2157059,88979.2179455,88979.2198868,4.180899995844811
2,162,completed,88979.2157358,88979.2179555,88979.2203706,4.634800003259443
3,162,completed,88979.2156314,88979.2179628,88979.2208436,5.2121999906376
4,162,completed,88979.2158311,88979.2182216,88979.2213196,5.488499999046326
2,163,completed,88979.247281,88979.2489628,88979.2498845,2.6034999900730327
1,163,completed,88979.2473219,88979.2491386,88979.2503785,3.0566000059479848
0,163,completed,88979.247419,88979.249383,88979.2508889,3.46989999525249
4,163,completed,88979.2477151,88979.2494643,88979.2513723,3.657199995359406
5,163,completed,88979.2476858,88979.2494551,88979.2520194,4.3335999944247305
3,163,completed,88979.247619,88979.2494887,88979.2524465,4.827500000828877
5,164,completed,88979.2795576,88979.2822846,88979.2830045,3.4468999947421253
3,164,completed,88979.2791928,88979.2822184,88979.2834966,4.303800000343472
4,164,completed,88979.2792051,88979.2822439,88979.2839786,4.7734999970998615
1,164,completed,88979.2796175,88979.2823172,88979.2844316,4.8141000006580725
0,164,completed,88979.2795984,88979.2823069,88979.2848745,5.276099996990524
2,164,completed,88979.2797318,88979.2823358,88979.2853522,5.62039999931585
4,165,completed,88979.3262847,88979.3276687,88979.3289943,2.7095999976154417
1,165,completed,88979.326322,88979.3280607,88979.3294797,3.1577000045217574
3,165,completed,88979.3266794,88979.3285677,88979.3299478,3.26840000343509
0,165,completed,88979.3264731,88979.328585,88979.3304006,3.9275000017369166
5,165,completed,88979.3267495,88979.3286692,88979.3309821,4.232599996612407
2,165,completed,88979.3267962,88979.3286956,88979.3314518,4.655600001569837
1,166,completed,88979.3581852,88979.3594998,88979.3608754,2.6901999954134226
5,166,completed,88979.3581606,88979.3596856,88979.3615299,3.369300000485964
2,166,completed,88979.3581608,88979.3599818,88979.3619953,3.8345000066328794
4,166,completed,88979.3586885,88979.3601358,88979.36248,3.7914999993517995
0,166,completed,88979.3587749,88979.3602506,88979.3629311,4.156199996941723
3,166,completed,88979.3588354,88979.3602712,88979.3633903,4.554900006041862
0,167,completed,88979.3904949,88979.3924892,88979.3934551,2.9601999995065853
3,167,completed,88979.3904971,88979.3925917,88979.3939403,3.4431999956723303
5,167,completed,88979.3908523,88979.3926844,88979.3945182,3.6659000033978373
4,167,completed,88979.3908966,88979.3927137,88979.3950126,4.115999996429309
2,167,completed,88979.3910242,88979.3928922,88979.3954643,4.440100005012937
1,167,completed,88979.391085,88979.3930257,88979.3959676,4.88259999838192
2,168,completed,88979.4215309,88979.4238596,88979.4246624,3.131499994196929
4,168,completed,88979.4215039,88979.4238247,88979.4251999,3.695999999763444
1,168,completed,88979.4220048,88979.4240146,88979.4257131,3.708300006110221
5,168,completed,88979.4220927,88979.4240449,88979.4263251,4.232399995089509
3,168,completed,88979.4219207,88979.4241874,88979.4268672,4.946500004734844
0,168,completed,88979.4219484,88979.4241937,88979.4275545,5.606099992292002
5,169,completed,88979.4530434,88979.4550045,88979.4560412,2.9977999947732314
1,169,completed,88979.45311,88979.455175,88979.4565335,3.423499991185963
0,169,completed,88979.4530163,88979.4554044,88979.4570962,4.079899998032488
3,169,completed,88979.4530027,88979.4554273,88979.4575488,4.546099997241981
4,169,completed,88979.4532154,88979.4554991,88979.4579912,4.775800000061281
2,169,completed,88979.4532883,88979.4555457,88979.4585307,5.2423999877646565
2,170,completed,88979.484221,88979.4864686,88979.4872889,3.0678999901283532
4,170,completed,88979.4842811,88979.4866721,88979.487794,3.51290000253357
5,170,completed,88979.4846269,88979.4867777,88979.4882254,3.598499999498017
1,170,completed,88979.4847273,88979.4868007,88979.4886781,3.950799989979714
3,170,completed,88979.4845942,88979.4868705,88979.4891843,4.590099997585639
0,170,completed,88979.4846979,88979.4868923,88979.4896483,4.950400005327538
1,171,completed,88979.5168152,88979.5196391,88979.5205645,3.7492999981623143
3,171,completed,88979.516762,88979.5196758,88979.5211594,4.397400000016205
0,171,completed,88979.5167621,88979.5196766,88979.5217137,4.9515999999130145
5,171,completed,88979.517167,88979.519778,88979.5222179,5.050899999332614
4,171,completed,88979.5171706,88979.5199344,88979.5227099,5.539300007512793
2,171,completed,88979.5171932,88979.5199943,88979.5231714,5.9782000025734305
0,172,completed,88979.5481635,88979.5504118,88979.551443,3.279500000644475
5,172,completed,88979.5485807,88979.5509348,88979.5519361,3.355400011059828
1,172,completed,88979.5486472,88979.5509299,88979.5524514,3.8041999941924587
4,172,completed,88979.5483852,88979.5509908,88979.5529444,4.559199995128438
3,172,completed,88979.5485112,88979.5509904,88979.5534077,4.896500002359971
2,172,completed,88979.5486259,88979.551019,88979.5538599,5.233999996562488
0,173,completed,88979.5798223,88979.5826723,88979.583584,3.7617000052705407
1,173,completed,88979.5801979,88979.5830408,88979.5840786,3.8807000091765076
5,173,completed,88979.5802007,88979.5830423,88979.5845427,4.342000000178814
4,173,completed,88979.5801506,88979.5830405,88979.5850262,4.8756000032881275
3,173,completed,88979.580103,88979.5830329,88979.5855299,5.426899995654821
2,173,completed,88979.5799983,88979.5831736,88979.5859723,5.973999999696389
3,174,completed,88979.61187,88979.6138316,88979.6149926,3.1226000137394294
2,174,completed,88979.6122287,88979.6143422,88979.6156468,3.4180999937234446
4,174,completed,88979.6123703,88979.6144553,88979.6162556,3.8853000005474314
0,174,completed,88979.6124029,88979.6144388,88979.6167923,4.389399997307919
1,174,completed,88979.6122471,88979.6144983,88979.6173356,5.088500009151176
5,174,completed,88979.6122781,88979.6145245,88979.6179209,5.642799995257519
4,175,completed,88979.6589439,88979.6606746,88979.6612949,2.351000002818182
5,175,completed,88979.6589022,88979.6605954,88979.6617833,2.8811000083805993
1,175,completed,88979.6590683,88979.6607644,88979.6622221,3.1538000039290637
2,175,completed,88979.6591387,88979.6608257,88979.6626655,3.526800006511621
3,175,completed,88979.658896,88979.6608297,88979.6631068,4.2108000052394345
0,175,completed,88979.6589883,88979.6608803,88979.6635574,4.569099997752346
0,176,completed,88979.6902348,88979.6920138,88979.6929835,2.748700004303828
3,176,completed,88979.6905697,88979.6924,88979.6934744,2.904699998907745
1,176,completed,88979.6907376,88979.6924895,88979.6939472,3.209599992260337
4,176,completed,88979.6906465,88979.6925378,88979.6943892,3.7426999915624037
5,176,completed,88979.6908173,88979.692597,88979.6947923,3.974999999627471
2,176,completed,88979.6907085,88979.69276,88979.6952209,4.512400002568029
1,177,completed,88979.722183,88979.7235114,88979.7246763,2.4932999949669465
4,177,completed,88979.7221328,88979.7235793,88979.7251952,3.0623999919043854
2,177,completed,88979.7224652,88979.7240845,88979.7256501,3.1848999933572486
5,177,completed,88979.7225748,88979.7241121,88979.7260898,3.5149999894201756
3,177,completed,88979.7225241,88979.7243262,88979.7265461,4.022000008262694
0,177,completed,88979.722617,88979.7243596,88979.7269513,4.334299999754876
0,178,completed,88979.7538539,88979.7562403,88979.7569582,3.104300005361438
2,178,completed,88979.7539651,88979.756374,88979.7574493,3.4842000022763386
5,178,completed,88979.7537855,88979.7563881,88979.7579025,4.117000004043803
3,178,completed,88979.7538081,88979.7563829,88979.7584069,4.598800005624071
4,178,completed,88979.753848,88979.7564518,88979.7588598,5.011800007196143
1,178,completed,88979.7542366,88979.7565185,88979.7593107,5.074100001365878
1,179,completed,88979.7857748,88979.7877312,88979.7884203,2.6455000042915344
4,179,completed,88979.7856154,88979.7877843,88979.7889021,3.2866999972611666
5,179,completed,88979.7856175,88979.7879008,88979.7893807,3.7631999875884503
3,179,completed,88979.7859545,88979.7878968,88979.7897892,3.834700008155778
2,179,completed,88979.7858867,88979.7879557,88979.7902229,4.336199999670498
0,179,completed,88979.7858562,88979.7879551,88979.7906584,4.802199997357093
5,180,completed,88979.8173752,88979.8192138,88979.8203852,3.010000000358559
3,180,completed,88979.8176956,88979.8196284,88979.8210747,3.379100002348423
2,180,completed,88979.8178309,88979.8197846,88979.821583,3.7520999903790653
0,180,completed,88979.8177734,88979.8199067,88979.8220759,4.30249999044463
1,180,completed,88979.8178741,88979.819963,88979.8225516,4.677499993704259
4,180,completed,88979.818041,88979.82,88979.8230246,4.983599996194243
1,181,completed,88979.8492403,88979.8522686,88979.8530486,3.808299996308051
0,181,completed,88979.8492909,88979.8523389,88979.8535357,4.24479998764582
4,181,completed,88979.8492112,88979.8524813,88979.8539965,4.785299999639392
2,181,completed,88979.8494307,88979.8525765,88979.8544365,5.005800005164929
3,181,completed,88979.8494295,88979.8525779,88979.8549911,5.561600002693012
5,181,completed,88979.8491107,88979.8525936,88979.8554603,6.349599992972799
0,182,completed,88979.8807411,88979.8831169,88979.8838905,3.1493999995291233
5,182,completed,88979.8808792,88979.8832588,88979.8844042,3.524999992805533
1,182,completed,88979.8807462,88979.8831319,88979.8848521,4.105900006834418
4,182,completed,88979.8813183,88979.8833454,88979.8852948,3.976499996497296
3,182,completed,88979.8812181,88979.8834385,88979.8857558,4.537700006039813
2,182,completed,88979.8812418,88979.8834396,88979.886257,5.01520000398159
4,183,completed,88979.9120909,88979.9137092,88979.9146815,2.590599993709475
2,183,completed,88979.9123787,88979.9140739,88979.9151756,2.7969000075245276
0,183,completed,88979.9125684,88979.9142111,88979.915656,3.0875999946147203
1,183,completed,88979.9124383,88979.9142748,88979.9161311,3.6928000045008957
5,183,completed,88979.9125068,88979.9142665,88979.9165779,4.071100003784522
3,183,completed,88979.9126853,88979.9143615,88979.9170831,4.397799988510087
4,184,completed,88979.9591208,88979.9608515,88979.9616613,2.540499990573153
3,184,completed,88979.9590663,88979.9609398,88979.9622428,3.1765000021550804
2,184,completed,88979.9590785,88979.9610091,88979.9627443,3.665800002636388
1,184,completed,88979.959351,88979.9611223,88979.9633381,3.9871000044513494
0,184,completed,88979.9591596,88979.9611084,88979.9638703,4.71069999912288
5,184,completed,88979.9592392,88979.9611748,88979.9643697,5.130499994265847
4,185,completed,88979.9901175,88979.9919587,88979.9927235,2.606000009109266
1,185,completed,88979.9901752,88979.9920896,88979.9932248,3.049599996302277
5,185,completed,88979.9900957,88979.9921623,88979.9936839,3.5881999938283116
3,185,completed,88979.9903466,88979.9921762,88979.9941455,3.7988999974913895
0,185,completed,88979.9902631,88979.9921554,88979.9946484,4.385299995192327
2,185,completed,88979.9905034,88979.9922612,88979.9951547,4.651299997931346
3,186,completed,88980.0213058,88980.0238805,88980.0247228,3.416999999899417
4,186,completed,88980.0211984,88980.0238747,88980.0253756,4.177199996775016
5,186,completed,88980.0212127,88980.0239846,88980.0259308,4.71809999726247
0,186,completed,88980.0214907,88980.0240052,88980.0264976,5.006899998988956
2,186,completed,88980.0213886,88980.0240108,88980.0270437,5.655100001604296
1,186,completed,88980.0212068,88980.0240743,88980.0276032,6.396400000085123
2,187,completed,88980.0528919,88980.0551114,88980.0561552,3.2632999937050045
1,187,completed,88980.0528789,88980.0551851,88980.0567418,3.8629000046057627
5,187,completed,88980.0529343,88980.0554486,88980.0572788,4.344500004663132
3,187,completed,88980.0531349,88980.0556673,88980.0578203,4.685400010203011
0,187,completed,88980.053083,88980.0556603,88980.0583068,5.223799991654232
4,187,completed,88980.0533879,88980.0556796,88980.0587769,5.388999998103827
3,188,completed,88980.0847384,88980.0872861,88980.0882391,3.5007000115001574
1,188,completed,88980.0849424,88980.0874396,88980.0888344,3.891999993356876
4,188,completed,88980.084737,88980.0876374,88980.0893185,4.5815000048605725
0,188,completed,88980.0847526,88980.0876729,88980.0897926,5.040000003646128
5,188,completed,88980.08487,88980.0877103,88980.0903119,5.4418999934569
2,188,completed,88980.0851309,88980.0877806,88980.0908315,5.700599998817779
4,189,completed,88980.1156077,88980.1169074,88980.1183716,2.76389998907689
1,189,completed,88980.1156079,88980.1169623,88980.1188879,3.2799999898998067
3,189,completed,88980.116159,88980.1178664,88980.119384,3.225000007660128
2,189,completed,88980.1163637,88980.1180366,88980.1200392,3.6755000037373975
0,189,completed,88980.1161816,88980.1180771,88980.1206721,4.490500010433607
5,189,completed,88980.1162319,88980.1180948,88980.1211991,4.967200002283789
3,190,completed,88980.1476029,88980.1494456,88980.1506988,3.0958999996073544
4,190,completed,88980.1477402,88980.149855,88980.1512239,3.483699998469092
1,190,completed,88980.1478385,88980.150123,88980.1516835,3.8449999992735684
0,190,completed,88980.1484283,88980.1502601,88980.1521278,3.6994999973103404
2,190,completed,88980.1483761,88980.150362,88980.1525873,4.211200008285232
5,190,completed,88980.1483325,88980.1503892,88980.1530663,4.7338000003946945
3,191,completed,88980.1791443,88980.1812785,88980.1822037,3.0593999981647357
4,191,completed,88980.1795447,88980.1815601,88980.1827811,3.236399992601946
2,191,completed,88980.1793365,88980.1815917,88980.1833239,3.987399992183782
1,191,completed,88980.1795279,88980.1816388,88980.1837791,4.251199992722832
0,191,completed,88980.1793083,88980.1816098,88980.1842628,4.95450000744313
5,191,completed,88980.179442,88980.1816741,88980.1847535,5.311500004609115
5,192,completed,88980.2110464,88980.2129268,88980.2139183,2.8718999965349212
4,192,completed,88980.2111622,88980.2134052,88980.2144328,3.2706000056350604
0,192,completed,88980.2110877,88980.2133163,88980.2152469,4.159200005233288
2,192,completed,88980.211518,88980.2134499,88980.2157959,4.277900006854907
1,192,completed,88980.2114966,88980.2135629,88980.2163959,4.899300009128638
3,192,completed,88980.2116223,88980.2135905,88980.2169431,5.320799988112412
2,193,completed,88980.2428626,88980.2441388,88980.245178,2.3153999936766922
4,193,completed,88980.2428473,88980.2442576,88980.2456667,2.8193999896757305
0,193,completed,88980.2430744,88980.2446289,88980.246264,3.189600000041537
3,193,completed,88980.2434825,88980.2449351,88980.2466966,3.214100011973642
1,193,completed,88980.2434972,88980.2449215,88980.2471363,3.639099988504313
5,193,completed,88980.2583952,88980.2588001,88980.2593373,0.9420999995199963
4,194,completed,88980.2907836,88980.292755,88980.2934707,2.6871000009123236
1,194,completed,88980.2908343,88980.2928153,88980.2939453,3.1109999981708825
3,194,completed,88980.2907962,88980.292963,88980.2944265,3.6302999942563474
0,194,completed,88980.2909422,88980.2929895,88980.2950192,4.077000005054288
2,194,completed,88980.2908938,88980.2929845,88980.2954596,4.565800001728348
5,194,completed,88980.2908023,88980.2929674,88980.2958886,5.08629999239929
0,195,completed,88980.321741,88980.3239687,88980.3252612,3.5201999999117106
2,195,completed,88980.3221295,88980.3246572,88980.3257392,3.6096999974688515
1,195,completed,88980.3222215,88980.3247359,88980.3262068,3.9853000052971765
3,195,completed,88980.322155,88980.324688,88980.3266479,4.49289999960456
5,195,completed,88980.3222681,88980.3247364,88980.327113,4.844900002353825
4,195,completed,88980.3223341,88980.3247637,88980.327563,5.228900001384318
4,196,completed,88980.3533174,88980.3551257,88980.3558295,2.5120999926002696
5,196,completed,88980.3532064,88980.3552185,88980.3562971,3.0907000036677346
3,196,completed,88980.3535263,88980.3553553,88980.3567509,3.224600004614331
1,196,completed,88980.3533487,88980.3553859,88980.3571694,3.8207000034162775
0,196,completed,88980.3532135,88980.3553531,88980.3578107,4.597200007992797
2,196,completed,88980.3534049,88980.3554145,88980.3583808,4.975899995770305
5,197,completed,88980.3850879,88980.3872109,88980.388139,3.051100007724017
3,197,completed,88980.3851114,88980.3875026,88980.3888278,3.7163999950280413
0,197,completed,88980.3854813,88980.3876481,88980.389599,4.117699994822033
4,197,completed,88980.3855868,88980.3876722,88980.3903029,4.716100011137314
2,197,completed,88980.3851862,88980.3876909,88980.3908641,5.677900000591762
1,197,completed,88980.3850927,88980.3876712,88980.3914565,6.363799999235198
3,198,completed,88980.4165743,88980.4192335,88980.4200167,3.4423999895807356
2,198,completed,88980.4165898,88980.4191817,88980.4206146,4.024800000479445
4,198,completed,88980.4166361,88980.4192916,88980.4212525,4.616400008671917
5,198,completed,88980.4166889,88980.4193638,88980.4217846,5.095699991215952
0,198,completed,88980.4165727,88980.4193634,88980.4225309,5.958199995802715
1,198,completed,88980.4167576,88980.4194265,88980.4230698,6.312199999229051
3,199,completed,88980.4479478,88980.4501492,88980.4510013,3.0534999968949705
0,199,completed,88980.448047,88980.4503959,88980.4516036,3.55660000059288
1,199,completed,88980.4479708,88980.4504299,88980.4521412,4.170400003204122
2,199,completed,88980.4479477,88980.4504345,88980.4526987,4.751000000396743
4,199,completed,88980.4481482,88980.4505164,88980.4532917,5.143500005942769
5,199,completed,88980.4481012,88980.4505078,88980.453884,5.782799998996779
2,200,completed,88980.4793636,88980.4817603,88980.4825882,3.224600004614331
0,200,completed,88980.479403,88980.4818821,88980.4831237,3.7206999986665323
5,200,completed,88980.4793272,88980.4819389,88980.4836413,4.314100006013177
3,200,completed,88980.4794482,88980.4819241,88980.4841409,4.692699993029237
4,200,completed,88980.4793271,88980.4819294,88980.4847258,5.398699999204837
1,200,completed,88980.4795832,88980.4819645,88980.4852586,5.675400010659359
1,201,completed,88980.5114937,88980.5137165,88980.5143747,2.8809999930672348
0,201,completed,88980.511491,88980.5137826,88980.5148502,3.3591999963391572
3,201,completed,88980.5113982,88980.51383,88980.5152999,3.9016999944578856
4,201,completed,88980.5113984,88980.5138271,88980.515769,4.370599999674596
5,201,completed,88980.5114342,88980.5138589,88980.516231,4.796799999894574
2,201,completed,88980.5117049,88980.5139261,88980.5166923,4.987400010577403
3,202,completed,88980.5581565,88980.5599804,88980.5608513,2.6948000013362616
2,202,completed,88980.5582448,88980.5601719,88980.5614086,3.163799992762506
5,202,completed,88980.5581808,88980.5602614,88980.5619389,3.758100006962195
0,202,completed,88980.5584287,88980.5603219,88980.5625904,4.161700009717606
4,202,completed,88980.5582988,88980.5603663,88980.5631204,4.821599999559112
1,202,completed,88980.558446,88980.5603623,88980.5636257,5.17970000510104
2,203,completed,88980.5901456,88980.5915887,88980.5929762,2.83060000219848
0,203,completed,88980.5904417,88980.5922825,88980.5936555,3.2137999951373786
3,203,completed,88980.5905404,88980.5924965,88980.5941941,3.6537000123644248
5,203,completed,88980.5904766,88980.5925163,88980.5947503,4.273700003977865
4,203,completed,88980.590629,88980.592615,88980.5952956,4.666599998017773
1,203,completed,88980.5907006,88980.5925697,88980.595773,5.072399988421239
1,204,completed,88980.6219478,88980.6245776,88980.6254777,3.52990000101272
3,204,completed,88980.6219321,88980.6246237,88980.6262591,4.327000002376735
2,204,completed,88980.6218661,88980.6245225,88980.6269304,5.064299999503419
4,204,completed,88980.6218919,88980.6245231,88980.6276073,5.715400009648874
5,204,completed,88980.6220189,88980.6246725,88980.6282363,6.217400004970841
0,204,completed,88980.622067,88980.6246734,88980.6290551,6.988099994487129
3,205,completed,88980.653891,88980.6559623,88980.6569948,3.103800001554191
1,205,completed,88980.6540086,88980.6561647,88980.6576796,3.670999998576008
4,205,completed,88980.6538911,88980.656157,88980.6583803,4.489200000534765
2,205,completed,88980.6539502,88980.6563403,88980.6589631,5.012900001020171
0,205,completed,88980.6541966,88980.6563867,88980.6596939,5.497300007846206
5,205,completed,88980.6539287,88980.6564025,88980.6602825,6.35379999584984
2,206,completed,88980.6854288,88980.687385,88980.6880792,2.6503999979468063
5,206,completed,88980.6853903,88980.6874774,88980.6886038,3.2134999928530306
1,206,completed,88980.6853641,88980.6874331,88980.689167,3.8028999988455325
4,206,completed,88980.6854225,88980.6874019,88980.6897,4.277500003809109
3,206,completed,88980.6856181,88980.6875965,88980.6902299,4.611800002749078
0,206,completed,88980.6855246,88980.6875927,88980.690891,5.36640000063926
0,207,completed,88980.7169185,88980.718428,88980.7196698,2.7513000095495954
5,207,completed,88980.7169081,88980.7187461,88980.7203243,3.4161999938078225
3,207,completed,88980.7171119,88980.718905,88980.7208423,3.730399999767542
4,207,completed,88980.7169552,88980.7189186,88980.7213741,4.418900003656745
2,207,completed,88980.7170148,88980.7190509,88980.7218382,4.823399998713285
1,207,completed,88980.7170676,88980.7190427,88980.7222785,5.2109000098425895
3,208,completed,88980.7486728,88980.7514377,88980.7525994,3.926600009435788
1,208,completed,88980.7486722,88980.7514198,88980.7532875,4.615300000295974
2,208,completed,88980.7487526,88980.7518273,88980.7539893,5.236700002569705
4,208,completed,88980.7487246,88980.7517985,88980.7547364,6.011800011037849
0,208,completed,88980.7489005,88980.751854,88980.7556232,6.722700010868721
5,208,completed,88980.7488547,88980.7518526,88980.7563858,7.5311000109650195
0,209,completed,88980.7807015,88980.7828282,88980.7840108,3.309299994725734
4,209,completed,88980.7807249,88980.7830065,88980.7847572,4.032299999380484
2,209,completed,88980.7807421,88980.7830815,88980.7854289,4.686799991759472
5,209,completed,88980.7808098,88980.783261,88980.7860649,5.255100011709146
1,209,completed,88980.780872,88980.7832666,88980.7866835,5.811499999254011
3,209,completed,88980.780916,88980.783251,88980.7872509,6.334899997455068
1,210,completed,88980.812531,88980.8144363,88980.8154255,2.8944999939994887
0,210,completed,88980.8125453,88980.8146246,88980.816242,3.6967000050935894
5,210,completed,88980.8126753,88980.8147315,88980.8168111,4.135800001677126
3,210,completed,88980.8127735,88980.8148098,88980.817376,4.602500004693866
2,210,completed,88980.8126034,88980.8148653,88980.8180541,5.450700002256781
4,210,completed,88980.8125859,88980.8148563,88980.8188524,6.26650000049267
1,211,completed,88980.8445732,88980.8467769,88980.847547,2.9738000012002885
3,211,completed,88980.8444867,88980.8468599,88980.8480953,3.608599989092909
0,211,completed,88980.8445127,88980.8468828,88980.8486768,4.16409999888856
5,211,completed,88980.8446751,88980.8469622,88980.8492321,4.556999992928468
4,211,completed,88980.8447503,88980.8469945,88980.8497394,4.989099994418211
2,211,completed,88980.8446161,88980.8471252,88980.8502566,5.6404999922961
5,212,completed,88980.8914395,88980.893986,88980.8950557,3.6162000033073127
1,212,completed,88980.8914607,88980.8942338,88980.8955585,4.097799988812767
3,212,completed,88980.8912116,88980.8945717,88980.8960203,4.808700003195554
4,212,completed,88980.891229,88980.8946004,88980.8964663,5.237299992586486
2,212,completed,88980.8912463,88980.8945759,88980.8969407,5.694399995263666
0,212,completed,88980.8913217,88980.8947122,88980.8975633,6.241600000066683
2,213,completed,88980.9222505,88980.9254456,88980.9262467,3.9961999864317477
5,213,completed,88980.9223124,88980.9255123,88980.9268913,4.578899999614805
3,213,completed,88980.9225232,88980.925647,88980.9274899,4.9666999984765425
0,213,completed,88980.9224203,88980.925664,88980.9284279,6.007599993608892
4,213,completed,88980.9222499,88980.92576,88980.9291053,6.855400002677925
1,213,completed,88980.9222498,88980.9257791,88980.929674,7.424199997331016
5,214,completed,88980.953402,88980.9560428,88980.9567952,3.393200007849373
2,214,completed,88980.9533995,88980.9560465,88980.9573533,3.953799998271279
1,214,completed,88980.9534492,88980.9561948,88980.9578827,4.433499998413026
0,214,completed,88980.9535459,88980.9562123,88980.9585228,4.976900003384799
3,214,completed,88980.9534725,88980.9562359,88980.9590465,5.5739999952493235
4,214,completed,88980.953665,88980.9562637,88980.9595582,5.893200010177679
1,215,completed,88980.9848822,88980.9868497,88980.9878083,2.9260999872349203
4,215,completed,88980.9848421,88980.9869825,88980.9883646,3.522499988321215
3,215,completed,88980.9848062,88980.9869864,88980.9888851,4.07890000496991
2,215,completed,88980.9850341,88980.9870878,88980.989375,4.3409000063547865
0,215,completed,88980.9849392,88980.9871957,88980.990003,5.063799995696172
5,215,completed,88980.9852808,88980.9873113,88980.9905092,5.228399997577071
1,216,completed,88981.0159097,88981.0191227,88981.0202499,4.340200001024641
3,216,completed,88981.0161856,88981.0190233,88981.0211979,5.012299996451475
0,216,completed,88981.0159814,88981.0192068,88981.0221871,6.205699988640845
4,216,completed,88981.0159209,88981.0192924,88981.0227002,6.779300005291589
2,216,completed,88981.0162242,88981.0195817,88981.023238,7.013800001004711
5,216,completed,88981.0159539,88981.0196649,88981.023783,7.829099995433353
2,217,completed,88981.0473171,88981.049865,88981.0508372,3.5200999991502613
3,217,completed,88981.0474399,88981.0499767,88981.0513734,3.933500003768131
1,217,completed,88981.04739,88981.050333,88981.0518747,4.484699995373376
0,217,completed,88981.0475462,88981.0502042,88981.0525029,4.956699995091185
4,217,completed,88981.0475075,88981.0503229,88981.0529958,5.488299997523427
5,217,completed,88981.0473273,88981.0503751,88981.0534983,6.171000000904314
4,218,completed,88981.0785257,88981.0806755,88981.0816745,3.1488000095123425
5,218,completed,88981.0786634,88981.0811555,88981.0822273,3.5638999979710206
2,218,completed,88981.0785695,88981.0810816,88981.0827152,4.145700004301034
3,218,completed,88981.0785941,88981.0811623,88981.083211,4.6168999979272485
1,218,completed,88981.0788088,88981.0812895,88981.0837223,4.913500000839122
0,218,completed,88981.0789253,88981.0813003,88981.0842304,5.3050999995321035
4,219,completed,88981.1250041,88981.127702,88981.1287322,3.7280999968061224
2,219,completed,88981.1253029,88981.1279951,88981.1294051,4.102199993212707
1,219,completed,88981.1251012,88981.1280009,88981.1299411,4.8399000079371035
5,219,completed,88981.1250047,88981.1279936,88981.1304312,5.426499992609024
0,219,completed,88981.1250687,88981.1281488,88981.1309312,5.862499994691461
3,219,completed,88981.1252146,88981.128177,88981.1314303,6.215699992026202
3,220,completed,88981.1568827,88981.159358,88981.1603892,3.506499997456558
0,220,completed,88981.1569112,88981.1598159,88981.1610062,4.094999996596016
4,220,completed,88981.1572157,88981.1598322,88981.1616557,4.439999989699572
5,220,completed,88981.1568726,88981.1598444,88981.16218,5.307400002493523
2,220,completed,88981.1570644,88981.1599061,88981.162716,5.6516000040574
1,220,completed,88981.1569505,88981.1600079,88981.1632266,6.27610000083223
2,221,completed,88981.188773,88981.1912412,88981.1922478,3.474800003459677
3,221,completed,88981.18877,88981.1913972,88981.1931477,4.377700010081753
0,221,completed,88981.1888741,88981.1914734,88981.1938364,4.962299994076602
5,221,completed,88981.1889616,88981.191549,88981.1944484,5.486800000653602
4,221,completed,88981.1888235,88981.1916828,88981.1950805,6.257000000914559
1,221,completed,88981.1890525,88981.1917045,88981.1956979,6.645399989793077
1,222,completed,88981.2205069,88981.223149,88981.2250612,4.554300001473166
5,222,completed,88981.2205015,88981.2234857,88981.2259242,5.42269999277778
3,222,completed,88981.2207919,88981.2236796,88981.2267139,5.921999996644445
4,222,completed,88981.2205224,88981.2236844,88981.2275151,6.992700000409968
0,222,completed,88981.2205298,88981.2236235,88981.2282187,7.688899990171194
2,222,completed,88981.22091,88981.2237676,88981.2290156,8.105599990813062
1,223,completed,88981.2520511,88981.2544634,88981.2554589,3.4078000026056543
4,223,completed,88981.2520221,88981.2545541,88981.2563327,4.310599993914366
3,223,completed,88981.2519983,88981.2545245,88981.2573442,5.345900004613213
2,223,completed,88981.2522367,88981.2546344,88981.258104,5.867299987585284
5,223,completed,88981.2520922,88981.2546975,88981.2588242,6.732000008923933
0,223,completed,88981.2521412,88981.254724,88981.2594956,7.354399989708327
0,224,completed,88981.2831412,88981.2854769,88981.2864846,3.343400006997399
5,224,completed,88981.2831435,88981.2854684,88981.2870778,3.934300009859726
2,224,completed,88981.2831909,88981.2858551,88981.2877551,4.564200004097074
4,224,completed,88981.2833495,88981.2859739,88981.288446,5.096500011859462
1,224,completed,88981.2834124,88981.2859649,88981.2890376,5.625200006761588
3,224,completed,88981.2832267,88981.2859972,88981.2898315,6.604800000786781
4,225,completed,88981.3140992,88981.3168227,88981.3178348,3.7355999957071617
1,225,completed,88981.3141491,88981.3169654,88981.3187432,4.594099998939782
3,225,completed,88981.3141119,88981.3169814,88981.3195288,5.416899992269464
0,225,completed,88981.3142056,88981.3170329,88981.320384,6.178399999043904
2,225,completed,88981.314343,88981.3170636,88981.3210001,6.657099991571158
5,225,completed,88981.3144601,88981.3170941,88981.3216662,7.206100010080263
0,226,completed,88981.345741,88981.3484757,88981.3497426,4.001599998446181
2,226,completed,88981.3457982,88981.3487366,88981.3505302,4.732000001240522
4,226,completed,88981.3457562,88981.3491685,88981.3512035,5.447300005471334
5,226,completed,88981.3459086,88981.3492388,88981.351942,6.033400000887923
3,226,completed,88981.3458294,88981.3492624,88981.3526309,6.801499999710359
1,226,completed,88981.3460874,88981.3492763,88981.3533139,7.22650000534486
2,227,completed,88981.3781586,88981.3809722,88981.3824583,4.299699998227879
3,227,completed,88981.3782257,88981.3813472,88981.3833557,5.1300000050105155
1,227,completed,88981.3781786,88981.3813489,88981.3840429,5.864299993845634
4,227,completed,88981.3783157,88981.3813846,88981.3846844,6.368700007442385
5,227,completed,88981.3782299,88981.3814244,88981.38528,7.050100000924431
0,227,completed,88981.3931662,88981.39381,88981.3945446,1.3784000038867816
3,228,completed,88981.4249975,88981.4277222,88981.4286651,3.667600001790561
0,228,completed,88981.425041,88981.4278908,88981.4294147,4.37370000872761
1,228,completed,88981.4251779,88981.4280001,88981.4301443,4.9663999961921945
5,228,completed,88981.4253359,88981.4280532,88981.4308235,5.487600006745197
2,228,completed,88981.4251251,88981.4281333,88981.4315086,6.383500003721565
4,228,completed,88981.4252405,88981.4281565,88981.4321596,6.919099992956035
2,229,completed,88981.4574036,88981.4600126,88981.4609347,3.531099995598197
1,229,completed,88981.4575589,88981.4602537,88981.4616256,4.066699999384582
3,229,completed,88981.4574433,88981.4601893,88981.4621397,4.696400006650947
5,229,completed,88981.4574006,88981.4601341,88981.4627498,5.349200000637211
4,229,completed,88981.4576513,88981.4601839,88981.4633072,5.655899993143976
0,229,completed,88981.4577161,88981.4602949,88981.4638154,6.099299993366003
2,230,completed,88981.4886349,88981.4913297,88981.4921894,3.554499999154359
1,230,completed,88981.4886642,88981.4914027,88981.4929761,4.311899989261292
0,230,completed,88981.4886505,88981.4913979,88981.4936684,5.017899995436892
5,230,completed,88981.4887563,88981.4912901,88981.4943363,5.580000011832453
4,230,completed,88981.4889312,88981.4913942,88981.494902,5.9708000044338405
3,230,completed,88981.4888922,88981.4915389,88981.4954841,6.591900004423223
5,231,completed,88981.5198695,88981.522347,88981.5229919,3.1223999976646155
1,231,completed,88981.5198837,88981.522354,88981.5236455,3.761799991480075
2,231,completed,88981.5201236,88981.5223798,88981.5243092,4.1856000025291
3,231,completed,88981.5198698,88981.5222018,88981.5248992,5.029399995692074
0,231,completed,88981.5199875,88981.5224359,88981.5255651,5.5776000081095845
4,231,completed,88981.520262,88981.5224891,88981.526182,5.919999995967373
0,232,completed,88981.5511121,88981.5535375,88981.5543739,3.2617999968351796
4,232,completed,88981.5510486,88981.5534846,88981.5548834,3.834799994365312
2,232,completed,88981.5510642,88981.5537689,88981.5553467,4.2824999982258305
5,232,completed,88981.5511761,88981.5539131,88981.5558229,4.646800007321872
1,232,completed,88981.5512285,88981.5539121,88981.5563027,5.074200002127327
3,232,completed,88981.5516023,88981.5539596,88981.5567966,5.194299999857321
2,233,completed,88981.5827711,88981.5854933,88981.5862418,3.4707000013440847
5,233,completed,88981.5826857,88981.5856604,88981.5867688,4.083099993295036
3,233,completed,88981.5824573,88981.585676,88981.5872745,4.8171999951591715
1,233,completed,88981.5824353,88981.5856683,88981.5877331,5.297799987602048
0,233,completed,88981.5824097,88981.585608,88981.5882121,5.802400002721697
4,233,completed,88981.5826011,88981.5857356,88981.5886795,6.078399994294159
4,234,completed,88981.6144577,88981.6173499,88981.6180759,3.6182000039843842
3,234,completed,88981.6143921,88981.6173101,88981.6186986,4.306499991798773
0,234,completed,88981.614406,88981.6173101,88981.6192442,4.83820000954438
5,234,completed,88981.614558,88981.6174557,88981.6198105,5.252499991911463
1,234,completed,88981.6146329,88981.6175135,88981.6203937,5.760799991548993
2,234,completed,88981.6147311,88981.6175207,88981.6209489,6.2178000080166385
0,235,completed,88981.6462628,88981.6485933,88981.6494685,3.2057000062195584
3,235,completed,88981.6463645,88981.6488038,88981.6500445,3.679999994346872
1,235,completed,88981.6464102,88981.6488177,88981.6505588,4.148599997279234
2,235,completed,88981.6465132,88981.6488931,88981.6510759,4.562699992675334
4,235,completed,88981.646296,88981.6489009,88981.6516234,5.327399994712323
5,235,completed,88981.6462876,88981.6489104,88981.6522124,5.924800003413111
3,236,completed,88981.6787779,88981.6812346,88981.681902,3.124099996057339
4,236,completed,88981.6785309,88981.6812197,88981.6824209,3.89000000723172
5,236,completed,88981.6788455,88981.6813029,88981.6829751,4.1295999981230125
1,236,completed,88981.6785931,88981.6812548,88981.6834577,4.8645999922882766
2,236,completed,88981.6789463,88981.6813378,88981.6839304,4.98410000000149
0,236,completed,88981.6939653,88981.6945315,88981.6951139,1.1486000003060326
2,237,completed,88981.7256479,88981.7284071,88981.729223,3.575099995941855
5,237,completed,88981.7256546,88981.7284581,88981.7297664,4.111800008104183
0,237,completed,88981.7258371,88981.7285915,88981.7302506,4.413499991642311
3,237,completed,88981.7256772,88981.7286436,88981.7307426,5.0654000078793615
4,237,completed,88981.7259595,88981.7286008,88981.7312406,5.281099991407245
1,237,completed,88981.7256477,88981.7286454,88981.7317622,6.11449999269098
3,238,completed,88981.756609,88981.7590887,88981.7599359,3.3268999977735803
2,238,completed,88981.7566102,88981.7590442,88981.760536,3.925800003344193
1,238,completed,88981.7566697,88981.7593643,88981.7611117,4.442000004928559
4,238,completed,88981.756795,88981.7594209,88981.7616059,4.810900005395524
5,238,completed,88981.7570011,88981.7594819,88981.7620621,5.060999988927506
0,238,completed,88981.7569741,88981.7594824,88981.762606,5.631899999571033
3,239,completed,88981.7884742,88981.7908941,88981.7919336,3.459400002611801
4,239,completed,88981.7885348,88981.7912794,88981.7939229,5.388100005802698
0,239,completed,88981.788728,88981.791329,88981.796557,7.8289999946719036
2,239,completed,88981.7884976,88981.791395,88981.7973328,8.835199987515807
5,239,completed,88981.7887868,88981.7913945,88981.7980153,9.228499999153428
1,239,completed,88981.7885957,88981.7914496,88981.798644,10.04829999874346
3,240,completed,88981.8202682,88981.8226605,88981.8235088,3.2405999954789877
0,240,completed,88981.8202562,88981.8227779,88981.8241331,3.8769000093452632
4,240,completed,88981.8203166,88981.8229074,88981.824752,4.4353999983286485
2,240,completed,88981.8204693,88981.8229356,88981.8254084,4.939099992043339
1,240,completed,88981.8203009,88981.8229284,88981.8261729,5.871999994269572
5,240,completed,88981.8205755,88981.8229814,88981.8268297,6.254200008697808
2,241,completed,88981.8515067,88981.8539008,88981.8545462,3.039500006707385
0,241,completed,88981.8514589,88981.8538647,88981.8551047,3.645799995865673
1,241,completed,88981.8514017,88981.8540082,88981.8556729,4.271199999493547
4,241,completed,88981.8513866,88981.8539628,88981.8562478,4.8611999955028296
3,241,completed,88981.8516305,88981.8540472,88981.8568006,5.17010000476148
5,241,completed,88981.8513858,88981.8539169,88981.8573993,6.013500009430572
5,242,completed,88981.883559,88981.8853015,88981.8867466,3.1875999993644655
2,242,completed,88981.8835606,88981.8853064,88981.887492,3.931399987777695
0,242,completed,88981.8837881,88981.8855433,88981.8883652,4.577099985908717
3,242,completed,88981.8837245,88981.8856213,88981.8893395,5.615000001853332
4,242,completed,88981.8836576,88981.8856145,88981.8902073,6.549700003233738
1,242,completed,88981.8856694,88981.8862863,88981.8909622,5.292800007737242
1,243,completed,88981.9151857,88981.9176762,88981.9183345,3.1488000095123425
0,243,completed,88981.9151512,88981.9176473,88981.9188678,3.716600011102855
3,243,completed,88981.9150899,88981.9177363,88981.9193252,4.235300002619624
4,243,completed,88981.9150897,88981.9177443,88981.919855,4.765299992868677
5,243,completed,88981.915106,88981.9177869,88981.9203917,5.285699997330084
2,243,completed,88981.9152439,88981.9178072,88981.9209222,5.67830000363756
3,244,completed,88981.946776,88981.9491695,88981.9500027,3.2267000060528517
0,244,completed,88981.9467818,88981.9493494,88981.9505712,3.7893999979132786
5,244,completed,88981.9468895,88981.9493456,88981.9511578,4.268299991963431
1,244,completed,88981.9468046,88981.9494507,88981.9517516,4.947000008542091
4,244,completed,88981.9469405,88981.94953,88981.9523206,5.380100003094412
2,244,completed,88981.9470601,88981.9495576,88981.9529493,5.889199994271621
2,245,completed,88981.9801294,88981.9823603,88981.9833114,3.1820000003790483
5,245,completed,88981.9801421,88981.9824251,88981.9839743,3.83220000367146
3,245,completed,88981.9801959,88981.9824144,88981.9848331,4.637199992430396
0,245,completed,88981.9802098,88981.982392,88981.9859835,5.773700002464466
4,245,completed,88981.9801279,88981.9825191,88981.987281,7.153099999413826
1,245,completed,88981.9801369,88981.9825693,88981.9881541,8.017200001631863
0,246,completed,88982.0235917,88982.0259032,88982.0271291,3.5373999999137595
4,246,completed,88982.0236142,88982.025901,88982.0278824,4.268199991201982
3,246,completed,88982.0235908,88982.0259764,88982.0284432,4.852400001254864
1,246,completed,88982.0239419,88982.0261297,88982.0291411,5.199200008064508
5,246,completed,88982.0236551,88982.0262023,88982.0297888,6.133700007922016
2,246,completed,88982.0239979,88982.0262111,88982.0305294,6.531499995617196
5,247,completed,88982.0485494,88982.0519717,88982.0529447,4.395299998577684
0,247,completed,88982.0485179,88982.0518104,88982.0537392,5.221300001721829
4,247,completed,88982.0485363,88982.0520576,88982.0544988,5.9624999994412065
3,247,completed,88982.0485366,88982.0518862,88982.0555011,6.964499989408068
1,247,completed,88982.0487949,88982.0520581,88982.0564643,7.669400001759641
2,247,completed,88982.0486767,88982.0523625,88982.0571092,8.432500006165355
0,248,completed,88982.0791797,88982.0816199,88982.0827667,3.5869999992428347
2,248,completed,88982.0791564,88982.0817632,88982.0834959,4.339500010246411
4,248,completed,88982.079156,88982.0818987,88982.0841796,5.023599995183758
1,248,completed,88982.0795135,88982.0820337,88982.0849435,5.430000004707836
3,248,completed,88982.079293,88982.0820472,88982.0857323,6.439299992052838
5,248,completed,88982.0793826,88982.0820728,88982.0863504,6.967799999983981
1,249,completed,88982.1268172,88982.1293901,88982.1307475,3.930300008505583
0,249,completed,88982.1268735,88982.1296213,88982.1316074,4.733900001156144
4,249,completed,88982.1267523,88982.1298513,88982.1323583,5.606000006082468
3,249,completed,88982.1267514,88982.1298352,88982.1331538,6.402399987564422
2,249,completed,88982.1268296,88982.1298477,88982.1340869,7.257299992488697
5,249,completed,88982.126958,88982.1299227,88982.1346868,7.728800002951175
5,250,completed,88982.1586874,88982.1627385,88982.1663575,7.670099992537871
2,250,completed,88982.158688,88982.1628975,88982.1671894,8.501400006935
3,250,completed,88982.1591875,88982.1649153,88982.1678731,8.685599997988902
4,250,completed,88982.1586933,88982.1650889,88982.1686905,9.997199987992644
1,250,completed,88982.1627201,88982.1660623,88982.1695584,6.838300003437325
0,250,completed,88982.1631017,88982.1662621,88982.1702033,7.101600000169128
0,251,completed,88982.179199,88982.1812322,88982.1822365,3.0374999914783984
4,251,completed,88982.1791909,88982.1812592,88982.1829016,3.710699995281175
2,251,completed,88982.1792614,88982.1815685,88982.1835116,4.2501999996602535
1,251,completed,88982.179376,88982.1816105,88982.1840671,4.691099995397963
5,251,completed,88982.1792381,88982.1816234,88982.1846227,5.384600008255802
3,251,completed,88982.1793265,88982.1816272,88982.1851916,5.865099999937229
2,252,completed,88982.2106645,88982.2131688,88982.2139029,3.2383999932790175
3,252,completed,88982.2106035,88982.2133412,88982.2144915,3.887999992002733
4,252,completed,88982.2107756,88982.2133124,88982.2150476,4.271999991033226
0,252,completed,88982.2108578,88982.2133401,88982.2157749,4.917099999147467
5,252,completed,88982.2105907,88982.2132893,88982.2163434,5.7527000026311725
1,252,completed,88982.210591,88982.2133412,88982.2169653,6.374300006427802
1,253,completed,88982.2580442,88982.2602294,88982.2612806,3.236399992601946
3,253,completed,88982.258064,88982.2606367,88982.2618622,3.7982000067131594
2,253,completed,88982.2583477,88982.2607055,88982.2623685,4.020799999125302
4,253,completed,88982.2581317,88982.2607399,88982.2629136,4.781900002853945
0,253,completed,88982.2581194,88982.2607314,88982.2636421,5.52270001207944
5,253,completed,88982.2587363,88982.260829,88982.2642363,5.499999999301508
4,254,completed,88982.2897635,88982.29386,88982.2965556,6.792100000893697
5,254,completed,88982.2897643,88982.2939348,88982.2972728,7.508499998948537
3,254,completed,88982.2911376,88982.294654,88982.2979262,6.788600003346801
0,254,completed,88982.2933356,88982.2961457,88982.2986013,5.2657000051112846
1,254,completed,88982.2933823,88982.296193,88982.2991854,5.803099993499927
2,254,completed,88982.2934161,88982.2962173,88982.2997421,6.326000002445653
1,255,completed,88982.3156587,88982.3182059,88982.3190386,3.3799000084400177
2,255,completed,88982.3155968,88982.318158,88982.3197469,4.150099994149059
0,255,completed,88982.3156737,88982.3182894,88982.3202598,4.586100010783412
3,255,completed,88982.3155544,88982.3183661,88982.3207519,5.19749999511987
5,255,completed,88982.3155544,88982.3183619,88982.3213422,5.7877999934135005
4,255,completed,88982.315873,88982.318357,88982.3218561,5.983099996228702
4,256,completed,88982.3466881,88982.3491725,88982.3498964,3.2082999969134107
5,256,completed,88982.3468335,88982.3492576,88982.3504419,3.60839998757001
0,256,completed,88982.3466168,88982.3492872,88982.3509306,4.313800003728829
2,256,completed,88982.3466367,88982.3493,88982.3514495,4.812800005311146
3,256,completed,88982.3467782,88982.3493766,88982.3519331,5.154900005436502
1,256,completed,88982.3466251,88982.3493751,88982.3525022,5.877099989447743
1,257,completed,88982.3786557,88982.3810943,88982.3819359,3.2802000059746206
4,257,completed,88982.3786789,88982.3810893,88982.3824902,3.811300004599616
0,257,completed,88982.3786636,88982.3812752,88982.3830094,4.345800000010058
5,257,completed,88982.378754,88982.3814251,88982.3835767,4.822699993383139
3,257,completed,88982.378895,88982.3814292,88982.3849702,6.075199999031611
2,257,completed,88982.3789639,88982.3814473,88982.3855327,6.568800003151409
2,258,completed,88982.4267349,88982.4292758,88982.4300419,3.3070000063162297
0,258,completed,88982.4267346,88982.4293246,88982.4306274,3.8927999994484708
4,258,completed,88982.4267343,88982.4293244,88982.4311591,4.42480000492651
3,258,completed,88982.4267948,88982.4293973,88982.4317161,4.921300002024509
1,258,completed,88982.4269026,88982.4294998,88982.4324157,5.513099997187965
5,258,completed,88982.4267613,88982.429713,88982.4329724,6.211100000655279
0,259,completed,88982.457801,88982.4605906,88982.4614858,3.6848000017926097
5,259,completed,88982.4578609,88982.4607426,88982.4620843,4.223399999318644
3,259,completed,88982.4580401,88982.4608135,88982.4626461,4.606000002240762
4,259,completed,88982.457801,88982.4609384,88982.4632459,5.444900001748465
2,259,completed,88982.4579054,88982.4610021,88982.4638347,5.9292999940225855
1,259,completed,88982.4581977,88982.461018,88982.4645762,6.378499994752929
3,260,completed,88982.4893875,88982.49151,88982.4922656,2.8781000000890344
2,260,completed,88982.4893723,88982.4915099,88982.4927792,3.4068999957526103
1,260,completed,88982.4893725,88982.4916613,88982.4934619,4.089399997610599
4,260,completed,88982.4893729,88982.4916894,88982.4939817,4.608799994457513
0,260,completed,88982.4896566,88982.4917064,88982.4945168,4.860200002440251
5,260,completed,88982.4896969,88982.4918209,88982.4950427,5.345800003851764
1,261,completed,88982.5183429,88982.5206738,88982.522085,3.742100001545623
4,261,completed,88982.5182719,88982.5207738,88982.5230231,4.751200001919642
3,261,completed,88982.51842,88982.5208298,88982.5240579,5.637900001602247
5,261,completed,88982.518263,88982.5208543,88982.5248216,6.558599998243153
2,261,completed,88982.5184283,88982.5208475,88982.5259224,7.494100005715154
0,261,completed,88982.5182637,88982.5207415,88982.5269151,8.651399999507703
0,262,completed,88982.5511011,88982.5534328,88982.5546449,3.543799990438856
5,262,completed,88982.5511024,88982.5536529,88982.5554965,4.394100003992207
4,262,completed,88982.5513408,88982.553736,88982.5562526,4.911800002446398
2,262,completed,88982.5511504,88982.553721,88982.5570699,5.919499992160127
3,262,completed,88982.5512175,88982.5539728,88982.5581853,6.967799999983981
1,262,completed,88982.5515226,88982.5539679,88982.5591247,7.60209999862127
0,263,completed,88982.5797461,88982.5819072,88982.5828956,3.1495000002905726
1,263,completed,88982.5797929,88982.5819908,88982.5840461,4.253200007951818
2,263,completed,88982.5798433,88982.5820409,88982.5847172,4.873900004895404
3,263,completed,88982.5798288,88982.5820442,88982.5853541,5.525300002773292
4,263,completed,88982.5797898,88982.5820746,88982.5861165,6.326699993223883
5,263,completed,88982.5799214,88982.582211,88982.5868534,6.932000003871508
3,264,completed,88982.615205,88982.6176351,88982.6184151,3.210100010619499
5,264,completed,88982.6152851,88982.6177514,88982.6190022,3.7171000003581867
4,264,completed,88982.6152395,88982.6176873,88982.6195462,4.306700007873587
0,264,completed,88982.6153826,88982.6177952,88982.6202397,4.857100007939152
1,264,completed,88982.6151833,88982.6178037,88982.6210532,5.869899992831051
2,264,completed,88982.6154673,88982.6178949,88982.6216217,6.154400005470961
0,265,completed,88982.6569715,88982.6590258,88982.660421,3.449499999987893
4,265,completed,88982.6569714,88982.6591022,88982.6611327,4.161299992119893
1,265,completed,88982.6572398,88982.6592262,88982.6621155,4.875700004049577
3,265,completed,88982.6570973,88982.6596377,88982.6628477,5.750399999669753
5,265,completed,88982.6574292,88982.6597287,88982.6636615,6.2323000020114705
2,265,completed,88982.6582222,88982.6598455,88982.6645127,6.2904999940656126
2,266,completed,88982.6777992,88982.6790169,88982.679705,1.905800003441982
3,266,completed,88982.6777688,88982.6789941,88982.6803553,2.5865000061457977
5,266,completed,88982.6777754,88982.678987,88982.6810087,3.233299998100847
1,266,completed,88982.6881538,88982.6892702,88982.6905462,2.3923999979160726
0,266,completed,88982.6883201,88982.6894424,88982.6913334,3.013299996382557
4,266,completed,88982.6885538,88982.6896672,88982.6920622,3.5083999973721802
5,267,completed,88982.7171704,88982.7199778,88982.7211308,3.9603999903192744
2,267,completed,88982.7169802,88982.719738,88982.7219347,4.95450000744313
0,267,completed,88982.7169916,88982.72004,88982.7227267,5.735099999583326
4,267,completed,88982.7170702,88982.7201516,88982.7234361,6.365900000673719
1,267,completed,88982.7170944,88982.7202408,88982.7243409,7.24649999756366
3,267,completed,88982.7169701,88982.7202654,88982.7249385,7.968400008394383
3,268,completed,88982.7466395,88982.7491095,88982.7498987,3.2592000061413273
0,268,completed,88982.7467749,88982.7491122,88982.7504398,3.664899995783344
2,268,completed,88982.7468305,88982.7491683,88982.7509241,4.0936000004876405
5,268,completed,88982.7467168,88982.7492071,88982.7516943,4.97749999340158
1,268,completed,88982.7466481,88982.7492146,88982.752296,5.647900004987605
4,268,completed,88982.7466657,88982.74924,88982.7527553,6.0895999922649935
1,269,completed,88982.7841337,88982.7864161,88982.7873176,3.1839000002946705
2,269,completed,88982.7841337,88982.7864315,88982.7878789,3.745199996046722
3,269,completed,88982.7843003,88982.786596,88982.7883485,4.048200004035607
0,269,completed,88982.7844034,88982.786634,88982.7887886,4.385199994430877
5,269,completed,88982.7841595,88982.7866685,88982.7892445,5.084999997052364
4,269,completed,88982.7842254,88982.7866929,88982.7897323,5.506900008185767
4,270,completed,88982.8210718,88982.8234439,88982.8245274,3.4555999882286415
3,270,completed,88982.8212586,88982.8237358,88982.8251331,3.8745000056223944
2,270,completed,88982.8211119,88982.8238698,88982.8256654,4.553499995381571
5,270,completed,88982.8210954,88982.823868,88982.8262328,5.1374000031501055
0,270,completed,88982.82107,88982.8239777,88982.8267332,5.663199990522116
1,270,completed,88982.8213833,88982.823999,88982.8274218,6.0384999960660934
1,271,completed,88982.8482459,88982.8503999,88982.8512391,2.9932000034023076
2,271,completed,88982.8483821,88982.8505651,88982.8517544,3.372300008777529
3,271,completed,88982.8483081,88982.8505345,88982.8522251,3.9169999945443124
5,271,completed,88982.8483677,88982.8505731,88982.8527054,4.337699996540323
0,271,completed,88982.8483017,88982.8506393,88982.8532058,4.90410000202246
4,271,completed,88982.8482537,88982.8506217,88982.8536643,5.4106000025058165
0,272,completed,88982.8803117,88982.8822877,88982.8829918,2.6800999912666157
4,272,completed,88982.8802692,88982.8822472,88982.8835612,3.2919999939622357
3,272,completed,88982.8802794,88982.8823738,88982.8853312,5.051800006185658
2,272,completed,88982.8803489,88982.8824732,88982.887854,7.50510000216309
5,272,completed,88982.8803813,88982.8824959,88982.8904533,10.07200000458397
1,272,completed,88982.8804404,88982.8825274,88982.8932148,12.77440000558272
5,273,completed,88982.9129785,88982.9152241,88982.9159184,2.9399000050034374
1,273,completed,88982.9129974,88982.9152484,88982.916565,3.567600011592731
0,273,completed,88982.9130163,88982.915296,88982.9170268,4.0105000080075115
2,273,completed,88982.9130784,88982.9153911,88982.9174701,4.3917000002693385
3,273,completed,88982.913171,88982.9154246,88982.9179179,4.746900012833066
4,273,completed,88982.9132453,88982.9154398,88982.9183614,5.116100001032464
0,274,completed,88982.9522593,88982.9548748,88982.9556304,3.371099999640137
4,274,completed,88982.9523083,88982.9549295,88982.9561558,3.8475000037578866
5,274,completed,88982.9522903,88982.9549783,88982.9566521,4.361799990874715
2,274,completed,88982.9523769,88982.9549715,88982.9571473,4.7704000025987625
1,274,completed,88982.9522607,88982.9550522,88982.9578015,5.540800004382618
3,274,completed,88982.9524923,88982.9551263,88982.9583213,5.8290000015404075
1,275,completed,88982.9841654,88982.9869909,88982.9878652,3.6997999995946884
4,275,completed,88982.9841591,88982.986931,88982.9884323,4.273200000170618
5,275,completed,88982.9841366,88982.986994,88982.9889085,4.771899999468587
2,275,completed,88982.9844367,88982.9872093,88982.989395,4.958299992722459
3,275,completed,88982.9843225,88982.9873429,88982.9899369,5.614400011836551
0,275,completed,88982.9842798,88982.9873386,88982.9904321,6.1523000040324405
5,276,completed,88983.016248,88983.0188024,88983.0195888,3.3408000017516315
4,276,completed,88983.0163174,88983.0189133,88983.0201311,3.8136999937705696
3,276,completed,88983.0163593,88983.0189559,88983.0205552,4.19589999364689
0,276,completed,88983.0165194,88983.0190389,88983.021006,4.486599995288998
1,276,completed,88983.0162506,88983.0190421,88983.0216559,5.405299991252832
2,276,completed,88983.0165653,88983.0191366,88983.0221822,5.616900001768954
4,277,completed,88983.0480773,88983.0502975,88983.0513496,3.272300004027784
2,277,completed,88983.0482058,88983.050413,88983.0521729,3.9670999976806343
3,277,completed,88983.0480948,88983.0504598,88983.0529246,4.829799989238381
1,277,completed,88983.0484677,88983.0507185,88983.0537731,5.305399987264536
5,277,completed,88983.0486286,88983.050798,88983.054366,5.737400002544746
0,277,completed,88983.0486843,88983.0508309,88983.0549391,6.254799998714589
5,278,completed,88983.0849515,88983.0876961,88983.0885259,3.574400005163625
1,278,completed,88983.0850744,88983.0877447,88983.0891966,4.1221999999834225
3,278,completed,88983.0849064,88983.0876725,88983.0896557,4.749299987452105
2,278,completed,88983.0849059,88983.0878591,88983.0901172,5.211299998336472
4,278,completed,88983.0849321,88983.0880353,88983.090594,5.66189999517519
0,278,completed,88983.085206,88983.0879875,88983.0911012,5.895199996302836
5,279,completed,88983.1205681,88983.1230479,88983.1240643,3.4962000063387677
0,279,completed,88983.120569,88983.1231026,88983.1247155,4.146499995840713
1,279,completed,88983.1206916,88983.1232293,88983.1254219,4.730300002847798
4,279,completed,88983.1206471,88983.1232373,88983.1259477,5.300599994370714
3,279,completed,88983.1205976,88983.1232453,88983.1264753,5.877699994016439
2,279,completed,88983.1208059,88983.1233461,88983.1270369,6.230999992112629
1,280,completed,88983.1522231,88983.1545434,88983.1556072,3.384099996765144
2,280,completed,88983.1522229,88983.1546305,88983.1562002,3.9773000025888905
5,280,completed,88983.1524931,88983.1548272,88983.1568903,4.397199998493306
3,280,completed,88983.1523413,88983.1547944,88983.1574417,5.10039999790024
4,280,completed,88983.1523918,88983.1550053,88983.1579718,5.579999997280538
0,280,completed,88983.1524357,88983.155014,88983.1584573,6.0215999983483925
5,281,completed,88983.1832781,88983.1856841,88983.1864968,3.2187000033445656
2,281,completed,88983.1832781,88983.1857932,88983.1870093,3.7312000058591366
0,281,completed,88983.1833776,88983.1858942,88983.1874947,4.117100004805252
3,281,completed,88983.1833365,88983.1859137,88983.1880011,4.6645999973407015
1,281,completed,88983.1834586,88983.1859671,88983.1886243,5.165700000361539
4,281,completed,88983.1835041,88983.1861253,88983.189122,5.617899994831532
2,282,completed,88983.2233558,88983.2257473,88983.2266485,3.292699999292381
4,282,completed,88983.223313,88983.2257068,88983.2272443,3.931300001568161
5,282,completed,88983.2233333,88983.2258927,88983.2277802,4.446899998583831
1,282,completed,88983.2233855,88983.2259344,88983.2284243,5.038800009060651
0,282,completed,88983.223345,88983.2261123,88983.228961,5.61599999491591
3,282,completed,88983.22342,88983.2261165,88983.2295096,6.089600006816909
0,283,completed,88983.2580867,88983.2607538,88983.2614398,3.3530999935464934
4,283,completed,88983.2581059,88983.2608004,88983.2619339,3.828000000794418
2,283,completed,88983.2580873,88983.26084,88983.2623974,4.310100004659034
5,283,completed,88983.2582511,88983.2608267,88983.2628512,4.600100000970997
1,283,completed,88983.2582505,88983.2608763,88983.2634436,5.193099990719929
3,283,completed,88983.2581669,88983.2608429,88983.2638491,5.682199989678338
3,284,completed,88983.2896322,88983.2920321,88983.292845,3.2128000020748004
0,284,completed,88983.2897015,88983.2921098,88983.2933989,3.6973999958718196
2,284,completed,88983.2896199,88983.2920554,88983.293914,4.294099999242462
5,284,completed,88983.2898569,88983.29219,88983.2943764,4.519499998423271
1,284,completed,88983.2897771,88983.2923072,88983.2949876,5.210500006796792
4,284,completed,88983.2897762,88983.2923564,88983.2954328,5.656599998474121
4,285,completed,88983.3204001,88983.3226956,88983.3235043,3.1042000045999885
0,285,completed,88983.3204588,88983.3228359,88983.3240245,3.5657000116771087
2,285,completed,88983.3205211,88983.3229362,88983.3244745,3.9533999952254817
5,285,completed,88983.3206603,88983.3230325,88983.3249181,4.257799999322742
3,285,completed,88983.320435,88983.3229852,88983.325373,4.937999998219311
1,285,completed,88983.3206119,88983.3230619,88983.3260067,5.394799998612143
1,286,completed,88983.3521684,88983.3542393,88983.3553343,3.165899994201027
2,286,completed,88983.3521767,88983.3544354,88983.355855,3.6782999959541485
3,286,completed,88983.3524109,88983.3545146,88983.3563679,3.9570000080857426
4,286,completed,88983.3522205,88983.3546075,88983.3568271,4.606599992257543
0,286,completed,88983.3522409,88983.3546254,88983.3573808,5.1398999930825084
5,286,completed,88983.3523592,88983.354816,88983.3579243,5.565100000239909
3,287,completed,88983.3839506,88983.3861815,88983.3872875,3.336900001158938
1,287,completed,88983.3839113,88983.3861012,88983.3879083,3.9970000070752576
5,287,completed,88983.3839093,88983.3862627,88983.3884015,4.492199994274415
0,287,completed,88983.3840726,88983.3863601,88983.3890079,4.935299992212094
2,287,completed,88983.3840083,88983.3863828,88983.3894469,5.4385999974329025
4,287,completed,88983.3841605,88983.3863975,88983.3899279,5.767399998148903
3,288,completed,88983.4160406,88983.4183221,88983.4191487,3.108100005192682
0,288,completed,88983.4160562,88983.4184278,88983.4197747,3.718499996466562
2,288,completed,88983.4160818,88983.4184465,88983.4203313,4.249500008882023
5,288,completed,88983.4161028,88983.418482,88983.4208179,4.715100003522821
4,288,completed,88983.4162029,88983.4185132,88983.4213216,5.118700006278232
1,288,completed,88983.4162617,88983.4185733,88983.4218927,5.631000007269904
1,289,completed,88983.4471059,88983.4492575,88983.4501214,3.015499998582527
4,289,completed,88983.4471659,88983.449252,88983.4508066,3.6407000006875023
5,289,completed,88983.4472042,88983.4493089,88983.4512891,4.084900007001124
2,289,completed,88983.4471179,88983.449362,88983.4519401,4.822200004127808
3,289,completed,88983.4472368,88983.4494418,88983.4525625,5.3256999963195994
0,289,completed,88983.4470997,88983.4495478,88983.4530361,5.936400004429743
1,290,completed,88983.4781346,88983.4800026,88983.4810443,2.9097000078763813
0,290,completed,88983.4781333,88983.4801315,88983.481553,3.419700005906634
3,290,completed,88983.4780542,88983.4805415,88983.4822381,4.183900004136376
4,290,completed,88983.4780441,88983.4805761,88983.4829091,4.864999995334074
5,290,completed,88983.478308,88983.4806173,88983.4834235,5.115499996463768
2,290,completed,88983.4782074,88983.4806712,88983.484085,5.877600007806905
3,291,completed,88983.5246586,88983.5268152,88983.5277817,3.123100002994761
1,291,completed,88983.5246728,88983.5269402,88983.5283154,3.6426000006031245
4,291,completed,88983.5251002,88983.5271285,88983.5289789,3.878699993947521
0,291,completed,88983.5249978,88983.5271652,88983.5295229,4.525099997408688
2,291,completed,88983.5250829,88983.5271225,88983.530249,5.166100003407337
5,291,completed,88983.5246585,88983.527167,88983.5308339,6.175400005304255
5,292,completed,88983.5566524,88983.5588674,88983.5598279,3.175499994540587
1,292,completed,88983.5566528,88983.5587969,88983.5605113,3.8585000002058223
0,292,completed,88983.5568665,88983.5590933,88983.5613898,4.523299998254515
4,292,completed,88983.5569444,88983.5591543,88983.5621335,5.1891000039177015
2,292,completed,88983.5567235,88983.5592364,88983.5630893,6.365799999912269
3,292,completed,88983.5570412,88983.559309,88983.5640852,7.044000012683682
0,293,completed,88983.5880533,88983.5902873,88983.5911144,3.0610999965574592
1,293,completed,88983.5882377,88983.5904742,88983.5916489,3.4111999993911013
2,293,completed,88983.588086,88983.5904793,88983.5925145,4.42849998944439
3,293,completed,88983.5880219,88983.5904812,88983.5932806,5.258700010017492
4,293,completed,88983.5881853,88983.5905716,88983.5938641,5.678799992892891
5,293,completed,88983.5880218,88983.5906451,88983.5945263,6.504500008304603
4,294,completed,88983.6194885,88983.6221397,88983.6232984,3.809899993939325
2,294,completed,88983.619488,88983.622173,88983.6242826,4.794599997694604
5,294,completed,88983.6195238,88983.6223444,88983.6248984,5.3746000048704445
1,294,completed,88983.6196474,88983.6223954,88983.625484,5.836600001202896
0,294,completed,88983.6195597,88983.6224198,88983.6260958,6.536100001540035
3,294,completed,88983.6196987,88983.6224635,88983.6269157,7.217000005766749
0,295,completed,88983.6527263,88983.6552008,88983.6561594,3.4330999915255234
5,295,completed,88983.6527407,88983.6552819,88983.6569131,4.172400003881194
1,295,completed,88983.6526683,88983.6552442,88983.6575507,4.8823999968590215
4,295,completed,88983.6526944,88983.6553334,88983.6581957,5.501299994648434
3,295,completed,88983.6529704,88983.6553836,88983.6590625,6.092099996749312
2,295,completed,88983.6529253,88983.6554481,88983.6598264,6.9011000014143065
4,296,completed,88983.6847263,88983.6872129,88983.6881643,3.4379999997327104
0,296,completed,88983.6847808,88983.6872818,88983.6889742,4.193400003714487
3,296,completed,88983.6848508,88983.687315,88983.6898612,5.0103999965358526
5,296,completed,88983.6847267,88983.6873655,88983.6906576,5.930900006205775
2,296,completed,88983.6847414,88983.6873727,88983.6917661,7.024700011243112
1,296,completed,88983.6849104,88983.6873831,88983.6924783,7.567900000140071
2,297,completed,88983.7168251,88983.7187051,88983.7205123,3.6872000055154786
3,297,completed,88983.7168608,88983.7188641,88983.7218508,4.98999998671934
5,297,completed,88983.7172111,88983.7191692,88983.7227061,5.495000004884787
0,297,completed,88983.7172482,88983.7193487,88983.7234648,6.216599998879246
4,297,completed,88983.7177015,88983.7195599,88983.7241207,6.419199999072589
1,297,completed,88983.7168496,88983.7196927,88983.7247878,7.938200011267327
4,298,completed,88983.7482972,88983.7505792,88983.7515975,3.30029999895487
1,298,completed,88983.7484606,88983.7508841,88983.7522387,3.778099999180995
3,298,completed,88983.7483518,88983.7509182,88983.7529785,4.626699999789707
5,298,completed,88983.7482975,88983.7508544,88983.7535781,5.280600002151914
2,298,completed,88983.7485478,88983.7510898,88983.7543104,5.762600005255081
0,298,completed,88983.7483682,88983.7511112,88983.7549077,6.539499998325482
3,299,completed,88983.7802117,88983.7828716,88983.7839992,3.7874999979976565
0,299,completed,88983.7802183,88983.782842,88983.7848586,4.640300001483411
5,299,completed,88983.7802905,88983.7829307,88983.7856863,5.3958000062266365
1,299,completed,88983.7803342,88983.7830029,88983.7864256,6.0914000059710816
2,299,completed,88983.7803805,88983.783083,88983.7872751,6.894599995575845
4,299,completed,88983.7802456,88983.7831389,88983.787925,7.679399990593083
4,300,completed,88983.811945,88983.8134057,88983.8144168,2.471800005878322
2,300,completed,88983.8119937,88983.8134582,88983.8152934,3.299699994386174
1,300,completed,88983.8120314,88983.8135706,88983.8159415,3.910100000211969
5,300,completed,88983.8278213,88983.8300553,88983.8313048,3.4834999969461933
0,300,completed,88983.8279042,88983.8300956,88983.8323128,4.408599997987039
3,300,completed,88983.8278742,88983.8299908,88983.8335157,5.641499999910593
5,301,completed,88983.8442242,88983.8459107,88983.8467772,2.5529999984428287
0,301,completed,88983.8441536,88983.8458898,88983.8475776,3.42399999499321
3,301,completed,88983.8442483,88983.846031,88983.8487699,4.521599999861792
2,301,completed,88983.8600104,88983.8613062,88983.8622626,2.252199992653914
1,301,completed,88983.8600112,88983.8613599,88983.8630949,3.083700008573942
4,301,completed,88983.8600315,88983.8613166,88983.8638509,3.8194000080693513
1,302,completed,88983.8914042,88983.8937603,88983.8945682,3.16400000883732
3,302,completed,88983.8914934,88983.8938427,88983.8952682,3.774799988605082
0,302,completed,88983.8913554,88983.8938751,88983.8958303,4.474899993510917
5,302,completed,88983.8913556,88983.8938842,88983.8964287,5.073099993751384
2,302,completed,88983.8916298,88983.8939067,88983.8970931,5.463299996335991
4,302,completed,88983.8917016,88983.8939341,88983.8975994,5.897800001548603
1,303,completed,88983.9221179,88983.9251207,88983.926235,4.117100004805252
0,303,completed,88983.9221174,88983.9252426,88983.9272825,5.165099995792843
4,303,completed,88983.9221355,88983.9252709,88983.9279724,5.836899988935329
5,303,completed,88983.9224619,88983.9253003,88983.9285536,6.091699993703514
3,303,completed,88983.9221558,88983.9253839,88983.9294204,7.264600004418753
2,303,completed,88983.9222006,88983.9254037,88983.9301158,7.915199996205047
2,304,completed,88983.9533801,88983.9559989,88983.9569622,3.5820999910356477
3,304,completed,88983.9533627,88983.9559937,88983.9576954,4.3326999875716865
5,304,completed,88983.9533629,88983.9559905,88983.9582923,4.929399990942329
4,304,completed,88983.9534977,88983.9561454,88983.9589713,5.473600002005696
0,304,completed,88983.9535753,88983.9561701,88983.9595426,5.967300006886944
1,304,completed,88983.9534068,88983.9561734,88983.9600729,6.666099987342022
2,305,completed,88983.9847365,88983.9874182,88983.9885492,3.8127000007079914
4,305,completed,88983.9847213,88983.9874156,88983.9894756,4.754299996420741
3,305,completed,88983.984721,88983.987434,88983.9902742,5.553199996938929
5,305,completed,88983.9848152,88983.9875051,88983.9908402,6.0249999951338395
0,305,completed,88983.9849078,88983.9875473,88983.991598,6.69019999622833
1,305,completed,88983.9850475,88983.9876606,88983.9922377,7.19020000542514
1,306,completed,88984.0164992,88984.019114,88984.0205693,4.070099996170029
0,306,completed,88984.016528,88984.0194584,88984.0215388,5.010800014133565
2,306,completed,88984.0165502,88984.0194859,88984.022667,6.1167999956524
4,306,completed,88984.0165923,88984.0195715,88984.0235744,6.982099992455915
3,306,completed,88984.0166209,88984.0195821,88984.024463,7.84209999255836
5,306,completed,88984.0167702,88984.019622,88984.0253686,8.59840000339318
3,307,completed,88984.047886,88984.0503682,88984.0512644,3.3783999970182776
4,307,completed,88984.0478863,88984.0503363,88984.0519228,4.036500002257526
2,307,completed,88984.0479479,88984.0503875,88984.0527823,4.83439999516122
5,307,completed,88984.0479891,88984.0504333,88984.0533907,5.401600006734952
0,307,completed,88984.0479058,88984.0503841,88984.0539788,6.072999996831641
1,307,completed,88984.048114,88984.0504763,88984.0546918,6.5777999989222735
4,308,completed,88984.0801355,88984.0829191,88984.0838074,3.671900005429052
0,308,completed,88984.0799581,88984.082793,88984.0844596,4.501499992329627
2,308,completed,88984.0799576,88984.0829949,88984.085221,5.263400002149865
5,308,completed,88984.0799979,88984.0830639,88984.0858176,5.819700003485195
1,308,completed,88984.0799582,88984.0830922,88984.086528,6.5697999962139875
3,308,completed,88984.0800354,88984.08311,88984.0872678,7.2324000066146255
5,309,completed,88984.1116503,88984.1138139,88984.1148785,3.2282000029226765
3,309,completed,88984.1117085,88984.1139554,88984.1157587,4.0502000047126785
2,309,completed,88984.1116262,88984.1140089,88984.1164325,4.806299999472685
1,309,completed,88984.1116263,88984.1140085,88984.1170183,5.392000006395392
4,309,completed,88984.1274791,88984.1288796,88984.1296498,2.170699997805059
0,309,completed,88984.1274784,88984.1289216,88984.1303101,2.8316999960225075
4,310,completed,88984.1591924,88984.1619811,88984.1629206,3.728200012119487
5,310,completed,88984.1593786,88984.1621438,88984.1635102,4.131599998800084
0,310,completed,88984.1591948,88984.1621514,88984.1640343,4.839500004891306
3,310,completed,88984.1593233,88984.1621444,88984.1647097,5.38639999285806
1,310,completed,88984.1592274,88984.1625099,88984.1652814,6.053999997675419
2,310,completed,88984.159248,88984.1627759,88984.1660309,6.782900003599934
5,311,completed,88984.1878152,88984.1902627,88984.1910545,3.2393000001320615
0,311,completed,88984.1878581,88984.1903144,88984.191674,3.8158999959705397
4,311,completed,88984.1877915,88984.1902643,88984.1922465,4.455000002053566
2,311,completed,88984.1879114,88984.1903847,88984.1929232,5.011799992644228
1,311,completed,88984.1877691,88984.1904234,88984.1934366,5.667500008712523
3,311,completed,88984.1879339,88984.1904912,88984.1940806,6.146700005047023
5,312,completed,88984.2190134,88984.2212554,88984.2224139,3.4005000052275136
2,312,completed,88984.2192711,88984.2216687,88984.2231855,3.91440000385046
3,312,completed,88984.2190361,88984.221604,88984.2238796,4.843500006245449
4,312,completed,88984.2191154,88984.2217335,88984.2244096,5.294200003845617
0,312,completed,88984.2190842,88984.2217315,88984.2249728,5.88860000425484
1,312,completed,88984.2191587,88984.2218759,88984.2255387,6.380000006174669
3,313,completed,88984.2508409,88984.2527972,88984.2537579,2.917000005254522
4,313,completed,88984.2508978,88984.2529797,88984.2542674,3.369600002770312
2,313,completed,88984.2508325,88984.2530941,88984.2548719,4.0394000097876415
1,313,completed,88984.2510106,88984.2531345,88984.2553198,4.30919999780599
5,313,completed,88984.2510505,88984.253145,88984.2557781,4.7276000113924965
0,313,completed,88984.2509311,88984.2532074,88984.2562561,5.324999990989454
0,314,completed,88984.2821676,88984.2841137,88984.2849879,2.8202999965287745
3,314,completed,88984.2822158,88984.2842191,88984.2856391,3.4232999896630645
5,314,completed,88984.2821701,88984.2842982,88984.2861425,3.9723999943817034
4,314,completed,88984.2822808,88984.2843543,88984.2866305,4.349700000602752
2,314,completed,88984.2824368,88984.2844265,88984.2872579,4.821099995751865
1,314,completed,88984.2823801,88984.2845226,88984.2878145,5.434399994555861
1,315,completed,88984.3140713,88984.3164638,88984.3172402,3.1689000024925917
4,315,completed,88984.3141015,88984.3165805,88984.3178169,3.715400001965463
2,315,completed,88984.3140625,88984.3166413,88984.3184783,4.415800009155646
0,315,completed,88984.3141682,88984.3166519,88984.3191013,4.933100004564039
3,315,completed,88984.3141921,88984.3166384,88984.320016,5.823899991810322
5,315,completed,88984.3141223,88984.3166659,88984.3206778,6.555500003742054
5,316,completed,88984.3452752,88984.3472972,88984.3481838,2.9085999995004386
3,316,completed,88984.3453321,88984.347469,88984.3489111,3.5789999965345487
1,316,completed,88984.3452657,88984.3475099,88984.3494287,4.163000005064532
4,316,completed,88984.345283,88984.3475886,88984.3499058,4.622799999197014
2,316,completed,88984.3454351,88984.3475702,88984.350694,5.258899996988475
0,316,completed,88984.3454561,88984.3476332,88984.3512536,5.797500009066425
1,317,completed,88984.392289,88984.3942814,88984.3951501,2.861100001609884
4,317,completed,88984.3923286,88984.3943338,88984.3957109,3.3822999976109713
5,317,completed,88984.3923664,88984.3943747,88984.3963403,3.9738999912515283
3,317,completed,88984.3922854,88984.3943266,88984.398207,5.921600008150563
0,317,completed,88984.3924241,88984.39443,88984.3989175,6.493399996543303
2,317,completed,88984.3924947,88984.3944583,88984.3998168,7.32209999114275
1,318,completed,88984.4230121,88984.4248863,88984.4256206,2.608499999041669
3,318,completed,88984.4230052,88984.4249885,88984.4262656,3.260400000726804
5,318,completed,88984.4230538,88984.4249941,88984.4267915,3.7376999971456826
0,318,completed,88984.4231105,88984.4251535,88984.427318,4.207499994663522
2,318,completed,88984.4232588,88984.4251992,88984.427992,4.7331999958259985
4,318,completed,88984.4231949,88984.4252056,88984.4286001,5.405200005043298
0,319,completed,88984.4548535,88984.4569608,88984.4577068,2.853300000424497
1,319,completed,88984.4548626,88984.4569867,88984.4582742,3.4116000024368986
5,319,completed,88984.4549729,88984.4570646,88984.4587701,3.797199999098666
4,319,completed,88984.4549303,88984.4570777,88984.4593983,4.4679999991785735
2,319,completed,88984.454892,88984.4570749,88984.4600297,5.1377000054344535
3,319,completed,88984.4550773,88984.4572597,88984.4606435,5.566200008615851
1,320,completed,88984.4862384,88984.4884142,88984.4891682,2.9298000008566305
2,320,completed,88984.4862245,88984.4884711,88984.4898208,3.596299997298047
5,320,completed,88984.4863075,88984.4885455,88984.4904588,4.151300003286451
4,320,completed,88984.4862737,88984.4885094,88984.4911323,4.858600004808977
3,320,completed,88984.4862243,88984.488651,88984.4917782,5.553900002269074
0,320,completed,88984.4863419,88984.4887064,88984.492263,5.921099989791401
1,321,completed,88984.5177323,88984.5200111,88984.520873,3.140700006042607
0,321,completed,88984.5177398,88984.5200928,88984.5215938,3.854000009596348
5,321,completed,88984.5177812,88984.5202056,88984.5223446,4.56339999800548
2,321,completed,88984.5177315,88984.5202454,88984.522882,5.150500001036562
4,321,completed,88984.5178744,88984.5202928,88984.5233976,5.5232000013347715
3,321,completed,88984.5178597,88984.5203204,88984.5238893,6.029600001056679
3,322,completed,88984.5484728,88984.5506733,88984.5516007,3.1278999958885834
5,322,completed,88984.5485265,88984.5507491,88984.55242,3.893500004778616
0,322,completed,88984.5485331,88984.5508446,88984.5530196,4.486500009079464
2,322,completed,88984.5486067,88984.5509518,88984.5536109,5.004199992981739
1,322,completed,88984.5487292,88984.5510064,88984.5541564,5.427199997939169
4,322,completed,88984.5486531,88984.5511442,88984.5546543,6.00119998853188
1,323,completed,88984.5800774,88984.581797,88984.5826883,2.610900002764538
5,323,completed,88984.5800353,88984.5818489,88984.5833327,3.2974000059766695
4,323,completed,88984.5800562,88984.5820098,88984.5839373,3.881100012222305
0,323,completed,88984.5800168,88984.5820933,88984.5843789,4.362100007710978
2,323,completed,88984.5801553,88984.5822175,88984.5848031,4.64780000038445
3,323,completed,88984.5802405,88984.5822226,88984.5853004,5.059899995103478
0,324,completed,88984.6111111,88984.6131289,88984.6137536,2.6424999959999695
4,324,completed,88984.6110986,88984.6130961,88984.6143619,3.2633000082569197
2,324,completed,88984.6111186,88984.6131366,88984.6148253,3.7066999939270318
5,324,completed,88984.6111408,88984.6130883,88984.6153525,4.211699997540563
1,324,completed,88984.6112087,88984.613244,88984.6158113,4.602600005455315
3,324,completed,88984.6112423,88984.6133866,88984.6162867,5.044399993494153
5,325,completed,88984.6577988,88984.6597328,88984.6605098,2.710999993723817
3,325,completed,88984.657857,88984.6598967,88984.6610148,3.1578000052832067
4,325,completed,88984.6578991,88984.6599313,88984.6616123,3.713199999765493
1,325,completed,88984.6578309,88984.6599063,88984.6620871,4.256200001691468
0,325,completed,88984.6580734,88984.6600038,88984.6625512,4.477800001041032
2,325,completed,88984.6579359,88984.6600635,88984.662978,5.0420999905327335
1,326,completed,88984.6914348,88984.6935079,88984.6942516,2.816799998981878
0,326,completed,88984.6913365,88984.693511,88984.6947858,3.4493000130169094
3,326,completed,88984.6913534,88984.6935885,88984.6952722,3.918799993698485
5,326,completed,88984.6915327,88984.6936031,88984.6957425,4.209799997624941
2,326,completed,88984.6913698,88984.6935886,88984.6962034,4.833600003621541
4,326,completed,88984.6914725,88984.6936642,88984.6968027,5.330200001480989
4,327,completed,88984.7233041,88984.7254847,88984.7263226,3.018500006874092
0,327,completed,88984.7233396,88984.7255851,88984.7268183,3.478700004052371
5,327,completed,88984.7233187,88984.725643,88984.7272797,3.9610000094398856
1,327,completed,88984.7234076,88984.7256582,88984.7277453,4.337699996540323
3,327,completed,88984.723284,88984.7256801,88984.7282333,4.949299996951595
2,327,completed,88984.7234253,88984.7257506,88984.7287343,5.309000000124797
0,328,completed,88984.7547782,88984.7568685,88984.7576161,2.8378999995766208
2,328,completed,88984.7548198,88984.7569005,88984.7581556,3.335799992782995
4,328,completed,88984.7548026,88984.7568771,88984.758807,4.004400005214848
3,328,completed,88984.7549758,88984.7570002,88984.759284,4.308200004743412
1,328,completed,88984.75489,88984.7570122,88984.759733,4.8430000024382025
5,328,completed,88984.7547785,88984.7570677,88984.7601737,5.395199987106025
4,329,completed,88984.7861631,88984.7879507,88984.7889108,2.7476999966893345
0,329,completed,88984.7861868,88984.7880603,88984.7894208,3.2340000034309924
3,329,completed,88984.7862531,88984.7881665,88984.7899543,3.701199995703064
1,329,completed,88984.7861546,88984.7881485,88984.7904346,4.279999993741512
2,329,completed,88984.7864945,88984.7882905,88984.79089,4.395500000100583
5,329,completed,88984.7863418,88984.7884144,88984.7913415,4.99969998782035
3,330,completed,88984.8169408,88984.8188995,88984.8197313,2.7905000024475157
0,330,completed,88984.8169143,88984.8189421,88984.8202456,3.3313000021735206
4,330,completed,88984.8169536,88984.8189888,88984.8209144,3.9607999933650717
2,330,completed,88984.8171981,88984.819152,88984.8215252,4.327099988586269
5,330,completed,88984.8170265,88984.8191237,88984.8221724,5.145900009665638
1,330,completed,88984.8171473,88984.8191576,88984.8227602,5.612900000414811
2,331,completed,88984.8488074,88984.8509674,88984.8516441,2.8366999904392287
3,331,completed,88984.8487796,88984.8509122,88984.8521408,3.3611999970162287
1,331,completed,88984.8488344,88984.8510751,88984.8526271,3.7926999939372763
5,331,completed,88984.8487418,88984.8510966,88984.8566568,7.914999994682148
0,331,completed,88984.8488443,88984.8511009,88984.857221,8.376700003282167
4,331,completed,88984.8490153,88984.8511258,88984.8578581,8.842800001730211
1,332,completed,88984.8808412,88984.8826923,88984.8834642,2.622999993036501
0,332,completed,88984.8808794,88984.882813,88984.8839986,3.119199987850152
5,332,completed,88984.8808138,88984.8827998,88984.8845004,3.6866000009467825
4,332,completed,88984.8809341,88984.8828941,88984.885159,4.224899996188469
3,332,completed,88984.8810238,88984.8829572,88984.8856126,4.588800002238713
2,332,completed,88984.8811311,88984.8829724,88984.8861521,5.021000004489906
4,333,completed,88984.9121491,88984.9149257,88984.9158051,3.656000000773929
2,333,completed,88984.9122049,88984.9149253,88984.9163265,4.121599995414726
0,333,completed,88984.9121941,88984.9150523,88984.916807,4.6128999965731055
3,333,completed,88984.9123455,88984.9151192,88984.9172816,4.936100012855604
5,333,completed,88984.9124088,88984.91513,88984.9177677,5.3589000017382205
1,333,completed,88984.9126273,88984.9151617,88984.9182687,5.641399999149144
4,334,completed,88984.9586349,88984.9605636,88984.9613843,2.749399995082058
3,334,completed,88984.9586238,88984.9605738,88984.9618528,3.228999994462356
5,334,completed,88984.9586838,88984.9607117,88984.9622896,3.605799996876158
1,334,completed,88984.9587366,88984.9607453,88984.9626955,3.9588999934494495
2,334,completed,88984.9588155,88984.9607997,88984.963086,4.270500008715317
0,334,completed,88984.958902,88984.9608287,88984.9635355,4.633500007912517
5,335,completed,88984.9898092,88984.9918396,88984.9924634,2.654200012329966
0,335,completed,88984.9897761,88984.9917951,88984.9929234,3.1472999980906025
2,335,completed,88984.9897782,88984.9917993,88984.9933698,3.5915999906137586
4,335,completed,88984.9898364,88984.9919015,88984.9939582,4.121799996937625
3,335,completed,88984.9899444,88984.9920655,88984.9944044,4.459999996470287
1,335,completed,88984.9899334,88984.9920651,88984.9948304,4.897000006167218
1,336,completed,88985.0211878,88985.0234688,88985.0243067,3.118900000117719
2,336,completed,88985.0211233,88985.0236241,88985.0248799,3.756599995540455
0,336,completed,88985.0213186,88985.0236601,88985.0254032,4.084599990164861
4,336,completed,88985.0211402,88985.0236675,88985.0259951,4.854900005739182
5,336,completed,88985.0214488,88985.0236982,88985.0264207,4.971899994416162
3,336,completed,88985.0212156,88985.0237002,88985.0268692,5.653599990182556
5,337,completed,88985.05257,88985.0543905,88985.055206,2.6360000047134236
2,337,completed,88985.0526245,88985.054584,88985.0556727,3.0482000001939014
3,337,completed,88985.0526682,88985.0546528,88985.056088,3.419799992116168
1,337,completed,88985.0526796,88985.0546763,88985.0564691,3.789499998674728
4,337,completed,88985.0528533,88985.0547644,88985.0570818,4.228499994496815
0,337,completed,88985.0528732,88985.0548921,88985.0575273,4.6541000047000125
4,338,completed,88985.0840723,88985.0861215,88985.0871993,3.1270000035874546
0,338,completed,88985.0840711,88985.0862095,88985.0877274,3.656299988506362
2,338,completed,88985.0841171,88985.0863807,88985.0882152,4.098099991097115
5,338,completed,88985.0842098,88985.0865148,88985.0886698,4.459999996470287
3,338,completed,88985.0841877,88985.0864725,88985.0891331,4.945399996358901
1,338,completed,88985.0841321,88985.0866216,88985.0895926,5.4604999895673245
4,339,completed,88985.11566,88985.1179328,88985.1187833,3.1233000045176595
1,339,completed,88985.1155421,88985.1178091,88985.1193567,3.8146000006236136
3,339,completed,88985.1156188,88985.1179223,88985.11987,4.251199992722832
5,339,completed,88985.1155848,88985.117916,88985.1203847,4.799899994395673
2,339,completed,88985.1155228,88985.1179813,88985.1210393,5.516499993973412
0,339,completed,88985.1157938,88985.1181395,88985.1218186,6.024800008162856
0,340,completed,88985.1465173,88985.1485831,88985.15006,3.5426999966148287
2,340,completed,88985.1466515,88985.1487491,88985.1508465,4.194999986793846
5,340,completed,88985.14678,88985.148829,88985.1516233,4.8433000047225505
4,340,completed,88985.1468037,88985.1490448,88985.1527064,5.902699995203875
3,340,completed,88985.1474975,88985.1491185,88985.1534625,5.965000003925525
1,340,completed,88985.1488574,88985.1499911,88985.1542086,5.351200001314282
5,341,completed,88985.1932872,88985.1956429,88985.1966145,3.3273000008193776
2,341,completed,88985.1932904,88985.1958131,88985.1972414,3.951000006054528
4,341,completed,88985.1934596,88985.1959089,88985.1980468,4.587199990055524
0,341,completed,88985.1934046,88985.1958766,88985.1987172,5.312599998433143
1,341,completed,88985.1933156,88985.1959546,88985.1993634,6.047799994121306
3,341,completed,88985.193548,88985.1959597,88985.1999765,6.428499997127801
4,342,completed,88985.2257628,88985.2280119,88985.2288494,3.086600001552142
0,342,completed,88985.2257989,88985.2280269,88985.229391,3.5920999944210052
1,342,completed,88985.2257873,88985.2281739,88985.229885,4.097699988051318
2,342,completed,88985.2259327,88985.2281971,88985.2303764,4.443699988769367
3,342,completed,88985.2257631,88985.2282223,88985.2308865,5.123399998410605
5,342,completed,88985.2258581,88985.2282865,88985.2314449,5.586799990851432
5,343,completed,88985.2580773,88985.2609297,88985.261847,3.7697000079788268
2,343,completed,88985.2580631,88985.2609667,88985.2624922,4.429099994013086
4,343,completed,88985.2581625,88985.2610467,88985.2632703,5.10779999603983
3,343,completed,88985.2582379,88985.261139,88985.2638024,5.564500010223128
1,343,completed,88985.2580876,88985.2611567,88985.2643093,6.221699994057417
0,343,completed,88985.2583462,88985.261163,88985.2647851,6.438899989007041
5,344,completed,88985.2894759,88985.2926718,88985.2935319,4.055999990669079
3,344,completed,88985.2895027,88985.2926772,88985.294197,4.694299990660511
0,344,completed,88985.2895403,88985.2926597,88985.2947657,5.2254000038374215
4,344,completed,88985.2897442,88985.2927926,88985.2954752,5.730999997467734
2,344,completed,88985.2896641,88985.2929354,88985.2960418,6.377700003213249
1,344,completed,88985.2896001,88985.292986,88985.2965972,6.997099990257993
2,345,completed,88985.3206632,88985.3231683,88985.3247754,4.11220001114998
1,345,completed,88985.3206715,88985.3234268,88985.3254346,4.763100005220622
4,345,completed,88985.3209521,88985.3237301,88985.3261335,5.1814000034937635
5,345,completed,88985.3207841,88985.323805,88985.3266479,5.863800004590303
0,345,completed,88985.3207181,88985.3238073,88985.3271886,6.470499996794388
3,345,completed,88985.3208416,88985.3238978,88985.3276593,6.8177000066498294
5,346,completed,88985.3521212,88985.3549591,88985.3558935,3.772299998672679
0,346,completed,88985.3521315,88985.3549798,88985.3565265,4.395000010845251
1,346,completed,88985.3521526,88985.3549756,88985.3570409,4.888299998128787
2,346,completed,88985.3522181,88985.3550919,88985.3575567,5.338599992683157
4,346,completed,88985.3523231,88985.3551411,88985.3582042,5.881100005353801
3,346,completed,88985.3524158,88985.3551715,88985.3587141,6.298300009802915
0,347,completed,88985.3833164,88985.385482,88985.3862973,2.9809000116074458
1,347,completed,88985.3833236,88985.3856861,88985.3868486,3.524999992805533
3,347,completed,88985.3834639,88985.3857029,88985.3873739,3.9099999994505197
2,347,completed,88985.383354,88985.3857388,88985.3878977,4.5436999935191125
5,347,completed,88985.3833851,88985.3857649,88985.3885467,5.161599998245947
4,347,completed,88985.383581,88985.3858195,88985.3892314,5.650399994920008
3,348,completed,88985.4150678,88985.4175718,88985.418442,3.374199994141236
0,348,completed,88985.4151613,88985.4176691,88985.4191114,3.950099999201484
4,348,completed,88985.4149462,88985.4176464,88985.4198961,4.949899986968376
5,348,completed,88985.4149208,88985.4177621,88985.4206268,5.705999996280298
1,348,completed,88985.4149931,88985.4177362,88985.4213289,6.335800004308112
2,348,completed,88985.4149431,88985.4177561,88985.4221032,7.1601000090595335
1,349,completed,88985.4468114,88985.4492035,88985.4503021,3.4906999935628846
2,349,completed,88985.4468772,88985.449346,88985.4509883,4.111100002774037
0,349,completed,88985.4469613,88985.4494935,88985.4516255,4.664200008846819
3,349,completed,88985.4470221,88985.4495374,88985.4522632,5.241100006969646
5,349,completed,88985.4467993,88985.4495932,88985.4528799,6.080599996494129
4,349,completed,88985.4468217,88985.4496236,88985.453616,6.794300003093667
0,350,completed,88985.4940042,88985.496164,88985.4968146,2.8104000084567815
5,350,completed,88985.4938584,88985.496094,88985.4973662,3.507799992803484
4,350,completed,88985.4939205,88985.4962203,88985.4978661,3.9456000085920095
3,350,completed,88985.4939054,88985.4962256,88985.4984047,4.499300004681572
1,350,completed,88985.4938585,88985.4960988,88985.4989512,5.092699997476302
2,350,completed,88985.4941134,88985.4962325,88985.4995176,5.404199997428805
4,351,completed,88985.5245543,88985.5266475,88985.5275573,3.0029999907128513
1,351,completed,88985.5247432,88985.5269027,88985.5281091,3.365900003700517
2,351,completed,88985.5245428,88985.5268764,88985.5285897,4.046899994136766
3,351,completed,88985.5245486,88985.5269549,88985.529076,4.527400000370108
5,351,completed,88985.5245943,88985.5270013,88985.5296912,5.096900000353344
0,351,completed,88985.5246862,88985.5270094,88985.5301779,5.491699994308874
3,352,completed,88985.5562141,88985.5584651,88985.5596976,3.4834999969461933
4,352,completed,88985.5562693,88985.5586553,88985.5605389,4.269600001862273
2,352,completed,88985.5562136,88985.5587326,88985.5612801,5.066500001703389
5,352,completed,88985.5564602,88985.5587645,88985.5618519,5.391700004111044
1,352,completed,88985.5562132,88985.5590499,88985.5624998,6.286599993472919
0,352,completed,88985.5563609,88985.5591826,88985.5631649,6.804000004194677
0,353,completed,88985.5874788,88985.5897868,88985.591206,3.7272000045049936
1,353,completed,88985.5875345,88985.5902045,88985.5919023,4.367800007457845
4,353,completed,88985.5874788,88985.5905046,88985.5924736,4.994800008716993
2,353,completed,88985.5876344,88985.5906688,88985.593236,5.601600001682527
3,353,completed,88985.5875233,88985.5906898,88985.5939528,6.4295000047422945
5,353,completed,88985.5877355,88985.5907573,88985.5945343,6.798800008255057
2,354,completed,88985.6190449,88985.622777,88985.6246657,5.620800002361648
3,354,completed,88985.6189183,88985.6229429,88985.6276499,8.731599999009632
0,354,completed,88985.6189177,88985.6229388,88985.6290623,10.144599989871494
5,354,completed,88985.619883,88985.6233953,88985.6298902,10.007199991378002
4,354,completed,88985.6205305,88985.623477,88985.630529,9.998499997891486
1,354,completed,88985.620852,88985.6236962,88985.6312942,10.442200000397861
2,355,completed,88985.65037,88985.6535047,88985.6545782,4.208199999993667
5,355,completed,88985.650398,88985.653478,88985.655331,4.93300000380259
3,355,completed,88985.6503572,88985.6534243,88985.6562232,5.866000006790273
0,355,completed,88985.6505218,88985.6536847,88985.6570708,6.549000012455508
4,355,completed,88985.6506605,88985.6536802,88985.6576936,7.0331000024452806
1,355,completed,88985.6504449,88985.6537252,88985.6584613,8.016399995540269
4,356,completed,88985.6815489,88985.684022,88985.684839,3.2900999940466136
2,356,completed,88985.6815893,88985.6841122,88985.6855616,3.972299993620254
3,356,completed,88985.6815349,88985.6840449,88985.6862476,4.712699999799952
5,356,completed,88985.6815349,88985.6841098,88985.6868804,5.345500001567416
0,356,completed,88985.6817191,88985.6841863,88985.6876226,5.90350000129547
1,356,completed,88985.6818158,88985.6843695,88985.6884016,6.58580000163056
2,357,completed,88985.7127536,88985.715737,88985.7171043,4.35069999366533
3,357,completed,88985.7128395,88985.7158128,88985.7183043,5.4647999932058156
4,357,completed,88985.7127733,88985.715712,88985.7191934,6.420100005925633
1,357,completed,88985.7131481,88985.7159456,88985.7202486,7.100500006345101
0,357,completed,88985.7127553,88985.7160409,88985.7211765,8.421199992881157
5,357,completed,88985.7127641,88985.7161305,88985.7228615,10.097400008817203
4,358,completed,88985.7463132,88985.748676,88985.749705,3.391799997189082
5,358,completed,88985.7462999,88985.7487752,88985.7506425,4.34260000474751
2,358,completed,88985.7463401,88985.7488132,88985.7515509,5.210799994529225
0,358,completed,88985.7464154,88985.7488702,88985.7528726,6.4571999973850325
3,358,completed,88985.746391,88985.7488892,88985.7537257,7.334699999773875
1,358,completed,88985.7464767,88985.748928,88985.7545041,8.027399991988204
5,359,completed,88985.7929116,88985.7952628,88985.7962789,3.3672999998088926
4,359,completed,88985.792912,88985.7954683,88985.7968318,3.9198000013129786
1,359,completed,88985.7929448,88985.7955051,88985.7975333,4.588499999954365
2,359,completed,88985.7929736,88985.7955338,88985.7981885,5.2149000111967325
3,359,completed,88985.7930174,88985.7955627,88985.7988244,5.806999994092621
0,359,completed,88985.7935137,88985.7957175,88985.7995296,6.015899998601526
0,360,completed,88985.8240775,88985.8265469,88985.8275393,3.4617999917827547
5,360,completed,88985.8241433,88985.8266271,88985.8282384,4.0951000119093806
2,360,completed,88985.824176,88985.8266045,88985.8289698,4.793800006154925
1,360,completed,88985.8242237,88985.8266397,88985.8296274,5.403700008173473
3,360,completed,88985.8240815,88985.8267462,88985.8303167,6.235199994989671
4,360,completed,88985.8240781,88985.8267462,88985.8308697,6.7915999970864505
3,361,completed,88985.8553492,88985.8581775,88985.8592316,3.882399993017316
2,361,completed,88985.8553493,88985.8581997,88985.8603385,4.989199995179661
4,361,completed,88985.8554244,88985.8582946,88985.8611562,5.731800003559329
5,361,completed,88985.8555056,88985.8583052,88985.8622393,6.733699992764741
1,361,completed,88985.8553816,88985.8583175,88985.8632227,7.841099999495782
0,361,completed,88985.855565,88985.8583698,88985.8643296,8.764599988353439
5,362,completed,88985.8874292,88985.8895614,88985.8905243,3.095100008067675
3,362,completed,88985.8874171,88985.8896403,88985.8913025,3.8853999867569655
4,362,completed,88985.887459,88985.8896471,88985.8918516,4.392599992570467
2,362,completed,88985.8875227,88985.8896556,88985.8925802,5.057500005932525
1,362,completed,88985.8873899,88985.8898938,88985.8932458,5.855900002643466
0,362,completed,88985.8873898,88985.8899505,88985.8939802,6.590399993001483
5,363,completed,88985.9196183,88985.9221301,88985.9237352,4.116900003282353
4,363,completed,88985.9196334,88985.9222861,88985.9247266,5.093200001283549
2,363,completed,88985.9196281,88985.9223199,88985.9254896,5.861500001628883
3,363,completed,88985.9197287,88985.9224944,88985.9261769,6.448200001614168
0,363,completed,88985.919589,88985.9224921,88985.9269764,7.387400008155964
1,363,completed,88985.9197466,88985.9226521,88985.9276444,7.897799994680099
5,364,completed,88985.9511963,88985.9535144,88985.955419,4.222700008540414
4,364,completed,88985.9512365,88985.9536665,88985.9565299,5.2933999977540225
3,364,completed,88985.9513159,88985.953753,88985.9580245,6.708599990815856
0,364,completed,88985.9514459,88985.9538138,88985.9594438,7.997900000191294
1,364,completed,88985.9512362,88985.9539126,88985.9604266,9.190400000079535
2,364,completed,88985.9512488,88985.9539316,88985.9612334,9.984599993913434
0,365,completed,88985.9827239,88985.9845655,88985.9854123,2.6883999962592497
1,365,completed,88985.9827631,88985.9846792,88985.9860727,3.3096000115619972
2,365,completed,88985.9827473,88985.9847153,88985.9866555,3.908200000296347
4,365,completed,88985.9828528,88985.9848113,88985.9870904,4.237599991029128
3,365,completed,88985.982941,88985.9848597,88985.9877037,4.7627000021748245
5,365,completed,88985.9829931,88985.9848592,88985.9883143,5.321200005710125
2,366,completed,88986.0141681,88986.0159996,88986.0168525,2.684400009457022
0,366,completed,88986.014281,88986.0161762,88986.0175228,3.2418000046163797
3,366,completed,88986.0140698,88986.0161895,88986.0181579,4.088100002263673
1,366,completed,88986.0142035,88986.0162031,88986.0187796,4.576099992846139
5,366,completed,88986.0140951,88986.0162052,88986.0193732,5.278099997667596
4,366,completed,88986.0140863,88986.016261,88986.019815,5.72870000905823
1,367,completed,88986.0456614,88986.0475328,88986.0484333,2.7719000063370913
5,367,completed,88986.0456521,88986.0476489,88986.0491307,3.4786000032909214
3,367,completed,88986.0456742,88986.047696,88986.0497234,4.0492000116501
2,367,completed,88986.0457154,88986.047757,88986.0503498,4.634400000213645
4,367,completed,88986.0458054,88986.0478092,88986.0508398,5.0343999901087955
0,367,completed,88986.0457983,88986.047821,88986.0514434,5.645100012770854
2,368,completed,88986.0769749,88986.0783872,88986.0793147,2.3397999902954325
0,368,completed,88986.0770327,88986.0785858,88986.0799355,2.9027999989921227
4,368,completed,88986.0771055,88986.078804,88986.0804192,3.3137000136775896
3,368,completed,88986.0770065,88986.0788296,88986.0808757,3.869200008921325
1,368,completed,88986.0926566,88986.0935253,88986.0942226,1.5660000062780455
5,368,completed,88986.0926231,88986.0935341,88986.0948246,2.201499999500811
1,369,completed,88986.1233243,88986.1248838,88986.1261017,2.777400004561059
5,369,completed,88986.1234238,88986.1253945,88986.1267279,3.304099998786114
3,369,completed,88986.1234149,88986.1253965,88986.127197,3.782100000535138
2,369,completed,88986.123493,88986.1255316,88986.1278965,4.403499988256954
4,369,completed,88986.1236827,88986.1256129,88986.1283734,4.6907000069040805
0,369,completed,88986.1235997,88986.1256027,88986.1289431,5.343400000128895
1,370,completed,88986.1548349,88986.1561283,88986.1574347,2.599800005555153
2,370,completed,88986.1547812,88986.1562781,88986.1580785,3.297299990663305
4,370,completed,88986.1552323,88986.156765,88986.1585532,3.3208999957423657
0,370,completed,88986.1552632,88986.156775,88986.1591433,3.8801000046078116
3,370,completed,88986.1553387,88986.1569383,88986.1596347,4.295999999158084
5,370,completed,88986.1554505,88986.1569495,88986.1602283,4.7778000007383525
1,371,completed,88986.1862788,88986.1880833,88986.1890589,2.780099996016361
3,371,completed,88986.1863526,88986.1881999,88986.1895804,3.227799999876879
2,371,completed,88986.1863925,88986.1882471,88986.1901967,3.8041999941924587
4,371,completed,88986.1862271,88986.188307,88986.1906771,4.450000007636845
5,371,completed,88986.186271,88986.1883899,88986.1912453,4.974299998139031
0,371,completed,88986.186489,88986.1884358,88986.1918388,5.349800005205907
3,372,completed,88986.2174121,88986.2193335,88986.220391,2.978899996378459
5,372,completed,88986.2174362,88986.2194327,88986.2212836,3.8474000029964373
1,372,completed,88986.2175692,88986.2196668,88986.2220129,4.443700003321283
0,372,completed,88986.2176697,88986.2198239,88986.2227586,5.088899997645058
2,372,completed,88986.2174787,88986.2198983,88986.2234712,5.992500009597279
4,372,completed,88986.2174962,88986.2199036,88986.2240107,6.514499997138046
2,373,completed,88986.2494247,88986.2504044,88986.2522438,2.8191000019432977
0,373,completed,88986.2495218,88986.2508108,88986.2528955,3.3737000048859045
1,373,completed,88986.2501225,88986.2517649,88986.2535595,3.436999992118217
4,373,completed,88986.2500577,88986.2518135,88986.2540008,3.9431000041076913
5,373,completed,88986.2500821,88986.2518221,88986.2546638,4.581700006383471
3,373,completed,88986.2501629,88986.2518689,88986.2551452,4.982300000847317
0,374,completed,88986.2819993,88986.2834275,88986.2845401,2.540799992857501
1,374,completed,88986.2820896,88986.2836676,88986.2852053,3.1156999903032556
4,374,completed,88986.2819664,88986.2837524,88986.285666,3.6995999980717897
3,374,completed,88986.2823484,88986.2839756,88986.2860849,3.7365000025602058
5,374,completed,88986.2823798,88986.2839916,88986.2867342,4.354399992735125
2,374,completed,88986.2824396,88986.2840141,88986.2873149,4.875299986451864
1,375,completed,88986.3137113,88986.3154168,88986.3163496,2.638300007674843
3,375,completed,88986.3136829,88986.315501,88986.3168866,3.203700005542487
0,375,completed,88986.3137243,88986.3155702,88986.3175226,3.7983000074746087
2,375,completed,88986.3137558,88986.3156114,88986.3181414,4.385599997476675
5,375,completed,88986.3138782,88986.3156904,88986.3187332,4.854999991948716
4,375,completed,88986.3139604,88986.3157472,88986.3191154,5.1549999916460365
3,376,completed,88986.3455734,88986.34734,88986.3481891,2.6156999956583604
1,376,completed,88986.3456988,88986.3476011,88986.3487795,3.080700000282377
4,376,completed,88986.3459751,88986.3477065,88986.3492341,3.2589999900665134
0,376,completed,88986.3459328,88986.3476952,88986.3497717,3.8388999964809045
2,376,completed,88986.3459143,88986.347672,88986.3502716,4.357300000265241
5,376,completed,88986.3458357,88986.3477061,88986.3508124,4.9767000018619
5,377,completed,88986.3773926,88986.3781039,88986.3788858,1.4932000049157068
4,377,completed,88986.3773842,88986.378082,88986.3794579,2.0737000013468787
0,377,completed,88986.392612,88986.3937095,88986.3945375,1.925500007928349
2,377,completed,88986.392668,88986.3938188,88986.3951922,2.524199997424148
1,377,completed,88986.3926764,88986.3938267,88986.3957916,3.115200001047924
3,377,completed,88986.3927186,88986.3938392,88986.396322,3.603400007705204
1,378,completed,88986.4230182,88986.4253794,88986.4263485,3.3302999945590273
4,378,completed,88986.4231812,88986.4255755,88986.426914,3.7327999889384955
5,378,completed,88986.4232628,88986.4256015,88986.4275495,4.286700001102872
3,378,completed,88986.422989,88986.4257039,88986.4280158,5.026800004998222
0,378,completed,88986.4231468,88986.4257097,88986.4286169,5.470099989906885
2,378,completed,88986.4230763,88986.4257591,88986.42927,6.193699999130331
3,379,completed,88986.454241,88986.456168,88986.4570427,2.80170000041835
5,379,completed,88986.4543943,88986.4563067,88986.4577949,3.4005999914370477
2,379,completed,88986.4542467,88986.4564846,88986.4584503,4.203599994070828
1,379,completed,88986.4545005,88986.4565574,88986.4590958,4.595300008077174
4,379,completed,88986.4542578,88986.4565611,88986.4595401,5.282300000544637
0,379,completed,88986.454332,88986.4565572,88986.460171,5.839000004925765
5,380,completed,88986.4857081,88986.4881533,88986.4889035,3.195400000549853
4,380,completed,88986.4856887,88986.4880979,88986.4894207,3.731999997398816
0,380,completed,88986.4857378,88986.488155,88986.4900157,4.2778999923029914
1,380,completed,88986.4858078,88986.4882083,88986.4906687,4.860900007770397
3,380,completed,88986.4859387,88986.4882326,88986.4911815,5.242799990810454
2,380,completed,88986.4860181,88986.4882463,88986.4918606,5.842500002472661
5,381,completed,88986.5171397,88986.5188836,88986.5196908,2.5511000130791217
1,381,completed,88986.5171853,88986.5189462,88986.5203471,3.1617999920854345
0,381,completed,88986.5171477,88986.5188859,88986.5209409,3.793199997744523
3,381,completed,88986.5172845,88986.5190016,88986.5214274,4.142899997532368
2,381,completed,88986.5170962,88986.5190636,88986.522099,5.002799996873364
4,381,completed,88986.5173065,88986.5191528,88986.522712,5.405500007327646
3,382,completed,88986.5488901,88986.5507389,88986.5515689,2.6787999959196895
0,382,completed,88986.5489245,88986.5509172,88986.5522605,3.335999994305894
4,382,completed,88986.5489506,88986.5509541,88986.5527886,3.8380000041797757
5,382,completed,88986.5490064,88986.5510212,88986.5534518,4.445400001714006
1,382,completed,88986.5490547,88986.5510534,88986.5540934,5.038700008299202
2,382,completed,88986.5491613,88986.5510865,88986.5547317,5.570399996940978
0,383,completed,88986.5802779,88986.5817876,88986.5830122,2.734300011070445
3,383,completed,88986.5802986,88986.5817464,88986.5835512,3.2525999995414168
5,383,completed,88986.5806925,88986.5822419,88986.584171,3.478499987977557
4,383,completed,88986.5808169,88986.5823496,88986.5846487,3.8318000006256625
2,383,completed,88986.5807668,88986.5825493,88986.5852998,4.532999999355525
1,383,completed,88986.5807478,88986.5825389,88986.5859151,5.167299997992814
4,384,completed,88986.6116466,88986.6128851,88986.6142662,2.6196000108029693
3,384,completed,88986.6117891,88986.6135884,88986.614722,2.9328999953577295
2,384,completed,88986.6119939,88986.613707,88986.6152396,3.245699990657158
1,384,completed,88986.6121147,88986.6138427,88986.6156776,3.5629000049084425
0,384,completed,88986.6122016,88986.6138929,88986.616184,3.982399997767061
5,384,completed,88986.6119745,88986.6139404,88986.6166903,4.715799994301051
5,385,completed,88986.6592827,88986.6610851,88986.6618851,2.602399996249005
0,385,completed,88986.6593175,88986.6611829,88986.662423,3.1054999999469146
4,385,completed,88986.659346,88986.6612666,88986.662851,3.505000000586733
2,385,completed,88986.6593961,88986.6613152,88986.6633192,3.9230999973369762
1,385,completed,88986.6594854,88986.66137,88986.6638384,4.35299999662675
3,385,completed,88986.6595519,88986.6613954,88986.6643323,4.78040000598412
3,386,completed,88986.6908709,88986.6928806,88986.6937958,2.9249000072013587
0,386,completed,88986.6911002,88986.6931317,88986.6942975,3.197300000465475
4,386,completed,88986.6911489,88986.693172,88986.6947942,3.645299992058426
2,386,completed,88986.6910469,88986.6932537,88986.6952737,4.226799996104091
5,386,completed,88986.6913956,88986.6933235,88986.6957467,4.3510999967111275
1,386,completed,88986.6912793,88986.6933585,88986.6962078,4.928500013193116
0,387,completed,88986.7225775,88986.7254736,88986.72639,3.8124999991850927
2,387,completed,88986.7226225,88986.7255617,88986.7269095,4.286999988835305
3,387,completed,88986.7228529,88986.7257299,88986.7274089,4.5559999998658895
5,387,completed,88986.7229013,88986.725741,88986.7279191,5.017799994675443
1,387,completed,88986.7227121,88986.7258062,88986.7284111,5.699000001186505
4,387,completed,88986.722754,88986.7259273,88986.728891,6.137000003946014
0,388,completed,88986.7539361,88986.7564022,88986.7573165,3.3804000122472644
4,388,completed,88986.7543027,88986.7566869,88986.7579644,3.6617000005207956
3,388,completed,88986.7542916,88986.7566899,88986.7585013,4.209700011415407
1,388,completed,88986.7543772,88986.7567117,88986.7589944,4.6172000002115965
5,388,completed,88986.7540145,88986.7567019,88986.7594887,5.474200006574392
2,388,completed,88986.75442,88986.7567141,88986.7600872,5.667200006428175
4,389,completed,88986.7853452,88986.7877988,88986.7885514,3.20619999547489
1,389,completed,88986.7853877,88986.7878646,88986.7890634,3.675700005260296
5,389,completed,88986.7855802,88986.7879792,88986.7896087,4.02849999954924
3,389,completed,88986.7856589,88986.7879986,88986.7901218,4.462900004000403
0,389,completed,88986.7853708,88986.787974,88986.7905957,5.224900000030175
2,389,completed,88986.7853394,88986.7879765,88986.7911181,5.778699996881187
2,390,completed,88986.8173356,88986.8196086,88986.8204732,3.137599996989593
4,390,completed,88986.8173825,88986.8198066,88986.8210027,3.6202000046614558
5,390,completed,88986.8175056,88986.8198294,88986.8214672,3.9615999994566664
3,390,completed,88986.8173292,88986.8198753,88986.8219946,4.665400003432296
1,390,completed,88986.8176822,88986.8199146,88986.8225185,4.836300009628758
0,390,completed,88986.8174227,88986.8199613,88986.8230704,5.647700003464706
3,391,completed,88986.8559546,88986.8588586,88986.8595792,3.624599994509481
1,391,completed,88986.8559962,88986.8589406,88986.8600791,4.082900006324053
4,391,completed,88986.8560909,88986.8589918,88986.8605478,4.4569000019691885
5,391,completed,88986.8561202,88986.8590202,88986.861053,4.932800002279691
0,391,completed,88986.8560118,88986.859089,88986.8615329,5.521099999896251
2,391,completed,88986.8559576,88986.8590815,88986.8620139,6.056300000636838
3,392,completed,88986.8877358,88986.889223,88986.8911695,3.4336999960942194
2,392,completed,88986.8882749,88986.8907954,88986.8917079,3.432999990764074
5,392,completed,88986.8883096,88986.8908372,88986.892167,3.8573999918298796
0,392,completed,88986.8884359,88986.8909358,88986.8926303,4.19440001132898
1,392,completed,88986.8883966,88986.890922,88986.893088,4.691399997682311
4,392,completed,88986.8887198,88986.8910444,88986.8935043,4.784499993547797
3,393,completed,88986.9192187,88986.9208979,88986.922172,2.953300005174242
4,393,completed,88986.9195376,88986.9215783,88986.922645,3.107399999862537
2,393,completed,88986.9197484,88986.9217435,88986.9230832,3.334799999720417
5,393,completed,88986.9196686,88986.921719,88986.9236466,3.9779999933671206
1,393,completed,88986.9195752,88986.9218537,88986.9241952,4.620000006980263
0,393,completed,88986.9197778,88986.921914,88986.9246893,4.91150000016205
4,394,completed,88986.9510192,88986.9535908,88986.9544235,3.404300005058758
3,394,completed,88986.9510237,88986.9537072,88986.9549725,3.9487999893026426
1,394,completed,88986.9511816,88986.9538233,88986.9554525,4.270899997209199
0,394,completed,88986.9515462,88986.9538093,88986.955944,4.397800003062002
5,394,completed,88986.9514882,88986.9538207,88986.9564545,4.96630000998266
2,394,completed,88986.9514216,88986.9538896,88986.9569077,5.486100009875372
0,395,completed,88986.9832355,88986.9859663,88986.9867098,3.4742999996524304
2,395,completed,88986.9832488,88986.9860163,88986.9872214,3.9726000104565173
5,395,completed,88986.9834707,88986.9860065,88986.9877131,4.242399998474866
3,395,completed,88986.9835328,88986.9860376,88986.9882139,4.681099992012605
1,395,completed,88986.9834361,88986.9860871,88986.988724,5.287899999530055
4,395,completed,88986.9836439,88986.9861562,88986.9891581,5.514199991011992
0,396,completed,88987.014757,88987.0170168,88987.0176994,2.9424000094877556
3,396,completed,88987.0148467,88987.0170471,88987.0182965,3.449800002272241
2,396,completed,88987.0146522,88987.0171013,88987.018827,4.174800007604063
4,396,completed,88987.0146846,88987.0169438,88987.0192559,4.571299999952316
5,396,completed,88987.014731,88987.0170169,88987.0197851,5.054099994595163
1,396,completed,88987.0145233,88987.0169087,88987.0202975,5.7742000062717125
0,397,completed,88987.0457875,88987.0482373,88987.0491724,3.384900002856739
2,397,completed,88987.0457872,88987.0485468,88987.0496709,3.8837000029161572
5,397,completed,88987.0464568,88987.0486411,88987.050135,3.678199995192699
3,397,completed,88987.0464288,88987.0486578,88987.0506232,4.19440001132898
1,397,completed,88987.0463645,88987.0486362,88987.0510771,4.712599999038503
4,397,completed,88987.0458791,88987.0486267,88987.0515466,5.667500008712523
2,398,completed,88987.0769972,88987.0783265,88987.0789918,1.9945999956689775
0,398,completed,88987.0770462,88987.0784297,88987.079468,2.4218000035034493
4,398,completed,88987.0772478,88987.0784878,88987.0799543,2.7065000031143427
1,398,completed,88987.0929955,88987.0936984,88987.0943592,1.3636999938171357
3,398,completed,88987.0928954,88987.0937081,88987.0948804,1.9850000098813325
5,398,completed,88987.093229,88987.0939069,88987.0954149,2.1858999971300364
4,399,completed,88987.1243355,88987.1272382,88987.1279276,3.5920999944210052
3,399,completed,88987.1242015,88987.1272029,88987.1284603,4.25879999238532
2,399,completed,88987.1242769,88987.1272476,88987.1289785,4.701600002590567
1,399,completed,88987.1241691,88987.1273525,88987.129506,5.336899994290434
5,399,completed,88987.1241237,88987.1273927,88987.1300547,5.930999992415309
0,399,completed,88987.1241092,88987.1273894,88987.1305383,6.429100001696497
0,400,completed,88987.1557394,88987.1573637,88987.1588648,3.1254000059561804
1,400,completed,88987.1561117,88987.1583315,88987.1593776,3.265899998950772
5,400,completed,88987.15616,88987.1583565,88987.1598525,3.6925000022165477
2,400,completed,88987.1559899,88987.1584042,88987.1602447,4.254800005583093
4,400,completed,88987.1563074,88987.1584811,88987.1606221,4.314699996029958
3,400,completed,88987.1564167,88987.158522,88987.1612567,4.839999994146638
4,401,completed,88987.1871002,88987.1893037,88987.1903395,3.2393000001320615
3,401,completed,88987.187238,88987.1896987,88987.1909488,3.710799996042624
2,401,completed,88987.1875067,88987.1898987,88987.1914018,3.8951000024098903
5,401,completed,88987.1875469,88987.189939,88987.1918666,4.3197000049985945
1,401,completed,88987.1875794,88987.1899246,88987.1923423,4.762900003697723
0,401,completed,88987.1876085,88987.1899319,88987.1928487,5.240200000116602
4,402,completed,88987.2185975,88987.2204762,88987.2219945,3.396999993128702
1,402,completed,88987.2190549,88987.221414,88987.2226845,3.6296000034781173
3,402,completed,88987.2190188,88987.2213555,88987.2235855,4.5667000085813925
2,402,completed,88987.219205,88987.2215194,88987.2242262,5.021200006012805
0,402,completed,88987.2191526,88987.2215506,88987.2248794,5.7268000091426075
5,402,completed,88987.2192711,88987.2215341,88987.2255057,6.23460000497289
1,403,completed,88987.2500867,88987.2525386,88987.253317,3.230299989809282
4,403,completed,88987.2501079,88987.2526089,88987.2538029,3.6949999921489507
5,403,completed,88987.2504492,88987.2527532,88987.2543155,3.8663000013912097
2,403,completed,88987.2505125,88987.2527586,88987.2548493,4.336800004239194
3,403,completed,88987.250511,88987.2527576,88987.2555469,5.0359000015305355
0,403,completed,88987.2504276,88987.252743,88987.2559726,5.5450000072596595
3,404,completed,88987.2819869,88987.2840075,88987.2848515,2.8645999991567805
0,404,completed,88987.2820092,88987.2840706,88987.2854186,3.4094000002369285
5,404,completed,88987.2820279,88987.2840793,88987.2859015,3.8735999987693503
1,404,completed,88987.2822885,88987.2841886,88987.2864029,4.114399998798035
2,404,completed,88987.2821663,88987.2841547,88987.2869086,4.742299992358312
4,404,completed,88987.2823749,88987.2841995,88987.2874441,5.069200007710606
5,405,completed,88987.3145956,88987.3164544,88987.3170886,2.4930000072345138
4,405,completed,88987.3146327,88987.3165428,88987.3175504,2.917699996032752
3,405,completed,88987.3145927,88987.3164541,88987.3181364,3.543700004229322
1,405,completed,88987.314818,88987.3166305,88987.3185797,3.7617000052705407
2,405,completed,88987.3148879,88987.3166485,88987.319053,4.165100006503053
0,405,completed,88987.3147774,88987.3166172,88987.3195107,4.733300011139363
1,406,completed,88987.3434316,88987.3454668,88987.3462524,2.820800000336021
2,406,completed,88987.3434414,88987.3455372,88987.3467345,3.2931000023381785
4,406,completed,88987.3434785,88987.3456285,88987.3471652,3.686700001708232
0,406,completed,88987.3435442,88987.3456767,88987.3476827,4.138499993132427
3,406,completed,88987.3436288,88987.3457212,88987.3483827,4.753900007926859
5,406,completed,88987.3437248,88987.3457444,88987.348869,5.1441999967209995
1,407,completed,88987.3898909,88987.3926594,88987.3933044,3.413500002352521
0,407,completed,88987.38989,88987.3926629,88987.3938225,3.9324999961536378
3,407,completed,88987.3899348,88987.3927272,88987.3944425,4.5076999958837405
2,407,completed,88987.3900856,88987.3928102,88987.3949086,4.823000010219403
5,407,completed,88987.3901902,88987.3928207,88987.3953711,5.180899999686517
4,407,completed,88987.3900344,88987.3928094,88987.3958458,5.811399998492561
4,408,completed,88987.4216408,88987.4236278,88987.4244432,2.8023999911965802
5,408,completed,88987.4216566,88987.4237257,88987.4250027,3.3460999984527007
3,408,completed,88987.4217505,88987.4238289,88987.4256451,3.8945999986026436
0,408,completed,88987.421829,88987.4239102,88987.4260858,4.256800006260164
2,408,completed,88987.4219801,88987.423953,88987.4265244,4.5442999980878085
1,408,completed,88987.4220226,88987.4239929,88987.4269467,4.92409999424126
0,409,completed,88987.4535844,88987.4548335,88987.4562019,2.6174999948125333
2,409,completed,88987.4537055,88987.4555603,88987.4567001,2.994599999510683
1,409,completed,88987.4539081,88987.4556886,88987.4571379,3.2298000005539507
3,409,completed,88987.4539663,88987.4558234,88987.4577219,3.755600002477877
4,409,completed,88987.4540283,88987.455882,88987.4582101,4.181800002697855
5,409,completed,88987.4541289,88987.4559102,88987.4586856,4.55669999064412
3,410,completed,88987.4855222,88987.4877265,88987.489413,3.8907999987713993
1,410,completed,88987.4855539,88987.4884047,88987.4902037,4.6498000010615215
2,410,completed,88987.4860474,88987.4886157,88987.4907161,4.668699999456294
0,410,completed,88987.4861068,88987.4886188,88987.4911598,5.053000000771135
5,410,completed,88987.4856291,88987.4885861,88987.4916028,5.973699997412041
4,410,completed,88987.4860883,88987.4886036,88987.4919904,5.902100005187094
0,411,completed,88987.5166006,88987.5179934,88987.5191559,2.555299986852333
5,411,completed,88987.5166039,88987.5179921,88987.519674,3.0700999923283234
2,411,completed,88987.5170917,88987.5187238,88987.5201966,3.1048999953782186
4,411,completed,88987.5171563,88987.5187733,88987.5206829,3.5265999904368073
1,411,completed,88987.516891,88987.5187347,88987.521154,4.262999995262362
3,411,completed,88987.5170819,88987.5189216,88987.5217321,4.650199989555404
5,412,completed,88987.5479563,88987.5499756,88987.5511036,3.1472999980906025
1,412,completed,88987.5479613,88987.5499463,88987.5516497,3.6884000001009554
3,412,completed,88987.5483633,88987.5505878,88987.5521757,3.8123999984236434
4,412,completed,88987.5487546,88987.5506913,88987.5526112,3.8566000002902
0,412,completed,88987.5488373,88987.5507052,88987.5530808,4.243500006850809
2,412,completed,88987.5485202,88987.5507011,88987.5535379,5.0177000084659085
0,413,completed,88987.5792766,88987.5807377,88987.5819869,2.710300002945587
2,413,completed,88987.579308,88987.5810136,88987.5824935,3.1854999979259446
4,413,completed,88987.5796632,88987.581557,88987.5829164,3.253200004110113
1,413,completed,88987.5797715,88987.5815846,88987.5833736,3.602100012358278
5,413,completed,88987.5797638,88987.5815895,88987.5838505,4.086700006155297
3,413,completed,88987.5797144,88987.5815712,88987.5843351,4.620699997758493
3,414,completed,88987.6110227,88987.6126725,88987.613655,2.6322999910917133
4,414,completed,88987.6111041,88987.612896,88987.6141601,3.0560000013792887
1,414,completed,88987.6113382,88987.6130352,88987.6146515,3.313299996079877
5,414,completed,88987.6113995,88987.6132914,88987.6151095,3.7099999899510294
2,414,completed,88987.6114139,88987.6132943,88987.6156087,4.1947999998228624
0,414,completed,88987.6265742,88987.6269596,88987.6275207,0.9465000039199367
1,415,completed,88987.6585294,88987.6602245,88987.661017,2.4876000097719952
2,415,completed,88987.6586097,88987.6603827,88987.6615516,2.941900005680509
3,415,completed,88987.6586888,88987.6604861,88987.6620394,3.3506000036140904
5,415,completed,88987.6587616,88987.6605293,88987.6625337,3.7720999971497804
0,415,completed,88987.6585563,88987.660562,88987.662967,4.41069999942556
4,415,completed,88987.6585572,88987.6605637,88987.6634005,4.843299990170635
3,416,completed,88987.6900909,88987.6924374,88987.6931435,3.0526000045938417
4,416,completed,88987.6901032,88987.6924506,88987.6936847,3.581500001018867
1,416,completed,88987.6901636,88987.6925309,88987.6941393,3.9757000049576163
5,416,completed,88987.6902546,88987.6925754,88987.6946372,4.38259998918511
0,416,completed,88987.6903752,88987.6926045,88987.6951068,4.731599998194724
2,416,completed,88987.690457,88987.6926198,88987.6955856,5.128599994350225
4,417,completed,88987.7215592,88987.724141,88987.724958,3.39880000683479
5,417,completed,88987.7215637,88987.7241303,88987.7255685,4.00479999370873
1,417,completed,88987.7216192,88987.7242449,88987.7261838,4.564599992590956
2,417,completed,88987.7217477,88987.7242949,88987.7267441,4.996400006348267
3,417,completed,88987.7219067,88987.7243453,88987.7272662,5.3595000063069165
0,417,completed,88987.721865,88987.7243408,88987.7277731,5.908100007218309
1,418,completed,88987.7532193,88987.7552,88987.7561614,2.9421000072034076
0,418,completed,88987.7532561,88987.7555557,88987.7567603,3.5042000090470538
3,418,completed,88987.7532308,88987.7555494,88987.757331,4.100200007087551
5,418,completed,88987.7532915,88987.7555303,88987.7578793,4.58779999462422
4,418,completed,88987.7533721,88987.7555693,88987.7584374,5.065299992565997
2,418,completed,88987.7534141,88987.755556,88987.7589665,5.552399990847334
0,419,completed,88987.7850076,88987.7872281,88987.7879051,2.8975000022910535
5,419,completed,88987.7849995,88987.7872927,88987.7883793,3.379799993126653
2,419,completed,88987.7850409,88987.7873332,88987.7888202,3.779300008318387
1,419,completed,88987.7850881,88987.7874141,88987.7893116,4.223500000080094
4,419,completed,88987.7851531,88987.7874434,88987.7897637,4.610599993611686
3,419,completed,88987.7852509,88987.7874452,88987.7902505,4.9996000016108155
0,420,completed,88987.8166167,88987.8179566,88987.8194441,2.8273999923840165
5,420,completed,88987.8165762,88987.8179619,88987.8202339,3.6576999991666526
3,420,completed,88987.8168582,88987.8182035,88987.8209938,4.135600000154227
4,420,completed,88987.8169395,88987.818622,88987.8217095,4.769999999552965
1,420,completed,88987.8172527,88987.8190571,88987.8224046,5.1518999971449375
2,420,completed,88987.8182795,88987.819317,88987.8230769,4.797399989911355
0,421,completed,88987.8496665,88987.85198,88987.8534676,3.8010999996913597
1,421,completed,88987.8496346,88987.852032,88987.857237,7.602400000905618
5,421,completed,88987.8498052,88987.8519993,88987.858265,8.459799995762296
4,421,completed,88987.8498364,88987.8522641,88987.8588785,9.042100005899556
3,421,completed,88987.8496553,88987.8523184,88987.8594702,9.814899996854365
2,421,completed,88987.8496319,88987.8527351,88987.8600341,10.402200001408346
3,422,completed,88987.8811142,88987.8831376,88987.8839257,2.811500002280809
4,422,completed,88987.8811201,88987.8830835,88987.8844644,3.344299999298528
1,422,completed,88987.8811985,88987.8833325,88987.8849525,3.7539999902946874
2,422,completed,88987.8811643,88987.8833168,88987.8854019,4.237600005581044
5,422,completed,88987.8813205,88987.8834761,88987.8858303,4.509799997322261
0,422,completed,88987.8812921,88987.8834736,88987.8863037,5.011599991121329
0,423,completed,88987.91288,88987.9152987,88987.916032,3.1519999902229756
3,423,completed,88987.9129176,88987.9154778,88987.9165245,3.6069000052521005
2,423,completed,88987.9129807,88987.9155128,88987.9170047,4.02399999438785
4,423,completed,88987.9129359,88987.9155386,88987.917438,4.502099996898323
5,423,completed,88987.9130643,88987.9155605,88987.9179182,4.853899998124689
1,423,completed,88987.913145,88987.9155911,88987.9183847,5.239699996309355
4,424,completed,88987.9449483,88987.9466615,88987.947448,2.4997000000439584
3,424,completed,88987.9451066,88987.9467711,88987.9480134,2.9068000003462657
2,424,completed,88987.9449878,88987.9467784,88987.948625,3.637200003140606
5,424,completed,88987.9455157,88987.9469831,88987.9491423,3.6265999951865524
1,424,completed,88987.9455733,88987.9469811,88987.9496434,4.070099996170029
0,424,completed,88987.9607079,88987.9614397,88987.962175,1.4670999953523278
2,425,completed,88987.9911353,88987.9935031,88987.9942175,3.082199997152202
1,425,completed,88987.9910699,88987.9933648,88987.9947222,3.652300001704134
0,425,completed,88987.9914135,88987.9935798,88987.9951795,3.7659999943571165
5,425,completed,88987.9915463,88987.9936431,88987.995653,4.106699998374097
4,425,completed,88987.9916361,88987.9936928,88987.9961025,4.466399986995384
3,425,completed,88987.9916747,88987.993688,88987.9966065,4.931800009217113
5,426,completed,88988.022949,88988.0252578,88988.0259492,3.0001999984961003
4,426,completed,88988.0229236,88988.0252412,88988.0265283,3.6047000030521303
1,426,completed,88988.0229357,88988.0253499,88988.0270188,4.083099993295036
3,426,completed,88988.022994,88988.0253921,88988.0275139,4.519900001469068
0,426,completed,88988.0231202,88988.0254032,88988.0280296,4.909399998723529
2,426,completed,88988.0233798,88988.0254563,88988.0285239,5.14409999595955
2,427,completed,88988.0580185,88988.0605745,88988.0612628,3.2442999945487827
4,427,completed,88988.057972,88988.0605762,88988.0618098,3.837800002656877
5,427,completed,88988.0579968,88988.0605706,88988.0622858,4.289000004064292
3,427,completed,88988.058173,88988.0606773,88988.062735,4.562000001897104
0,427,completed,88988.0580678,88988.0606999,88988.0631779,5.11009999900125
1,427,completed,88988.0583476,88988.0607117,88988.0636499,5.302299992763437
3,428,completed,88988.0825023,88988.0844766,88988.0854357,2.933399999164976
1,428,completed,88988.0824804,88988.084509,88988.0859269,3.446500006248243
0,428,completed,88988.0830776,88988.0848891,88988.0863868,3.3092000085162
5,428,completed,88988.0831314,88988.0849317,88988.0867897,3.6583000037353486
2,428,completed,88988.0833031,88988.0850511,88988.0871905,3.8874000019859523
4,428,completed,88988.0832255,88988.0850474,88988.0875855,4.3600000062724575
2,429,completed,88988.1141249,88988.1150007,88988.1165517,2.4267999979201704
5,429,completed,88988.1141233,88988.1150021,88988.1170786,2.9553000058513135
0,429,completed,88988.1146606,88988.1160977,88988.117521,2.860399996279739
1,429,completed,88988.1147824,88988.1163116,88988.1179677,3.185299996403046
4,429,completed,88988.114733,88988.1164944,88988.1184428,3.709800002980046
3,429,completed,88988.1147992,88988.116532,88988.1188915,4.092299990588799
4,430,completed,88988.1455957,88988.1468581,88988.1486927,3.096999993431382
5,430,completed,88988.1458838,88988.1482422,88988.1492091,3.325300000142306
1,430,completed,88988.1459635,88988.1484455,88988.1496895,3.7259999953676015
3,430,completed,88988.1459228,88988.1483569,88988.1501667,4.243899995344691
2,430,completed,88988.1460529,88988.1485294,88988.1506808,4.627899994375184
0,430,completed,88988.146144,88988.1485449,88988.1511837,5.03970000136178
4,431,completed,88988.1772242,88988.1778514,88988.1785559,1.3316999975359067
0,431,completed,88988.192878,88988.1944048,88988.1951487,2.270700002554804
5,431,completed,88988.1929572,88988.194553,88988.1956976,2.740399999311194
2,431,completed,88988.1929097,88988.1945313,88988.1961937,3.284000005805865
3,431,completed,88988.1930095,88988.1946223,88988.196674,3.664500007289462
1,431,completed,88988.1930742,88988.1946908,88988.1971522,4.077999998116866
4,432,completed,88988.2239613,88988.2271368,88988.2280326,4.071300005307421
2,432,completed,88988.2239746,88988.2271234,88988.2286944,4.719799995655194
0,432,completed,88988.2239967,88988.2271097,88988.2293666,5.369899998186156
1,432,completed,88988.224297,88988.227307,88988.2298326,5.535600008442998
5,432,completed,88988.2241673,88988.2273235,88988.2303427,6.175400005304255
3,432,completed,88988.2242181,88988.2273181,88988.2307566,6.538499990710989
4,433,completed,88988.2565301,88988.258743,88988.2594434,2.913300006184727
5,433,completed,88988.2565246,88988.2587476,88988.2599591,3.434500002185814
2,433,completed,88988.2565535,88988.2588082,88988.2604173,3.8637999969068915
0,433,completed,88988.2566548,88988.2588679,88988.2608465,4.191699990769848
1,433,completed,88988.2568843,88988.2589243,88988.2613225,4.4381999905453995
3,433,completed,88988.2567752,88988.2589884,88988.2617608,4.985599996871315
1,434,completed,88988.2878012,88988.2896166,88988.2907664,2.9651999939233065
3,434,completed,88988.2881379,88988.2902748,88988.2912609,3.1230000022333115
2,434,completed,88988.2881675,88988.2903473,88988.2917493,3.581800003303215
5,434,completed,88988.2882433,88988.2903473,88988.2922029,3.959599998779595
4,434,completed,88988.2883368,88988.2903822,88988.2926648,4.327999995439313
0,434,completed,88988.2882042,88988.2903446,88988.2931239,4.919700004393235
0,435,completed,88988.3193898,88988.3225938,88988.3234642,4.07439999980852
5,435,completed,88988.3197972,88988.3228093,88988.3239821,4.184899997198954
3,435,completed,88988.3194751,88988.3227577,88988.3245462,5.071100007626228
1,435,completed,88988.3199175,88988.3228564,88988.3250871,5.169600000954233
2,435,completed,88988.3199605,88988.3229607,88988.3256296,5.669100006343797
4,435,completed,88988.31977,88988.3229303,88988.3261839,6.41390000237152
5,436,completed,88988.3510904,88988.3521702,88988.3539014,2.8109999984735623
4,436,completed,88988.3514137,88988.3533896,88988.3544291,3.0153999978210777
3,436,completed,88988.3514548,88988.3534514,88988.3549281,3.4733000065898523
2,436,completed,88988.3515303,88988.3535482,88988.3554324,3.902099997503683
0,436,completed,88988.3515585,88988.3535775,88988.3558629,4.304400004912168
1,436,completed,88988.351655,88988.3536092,88988.3563344,4.679399993619882
1,437,completed,88988.3930713,88988.3950089,88988.3958151,2.743799996096641
2,437,completed,88988.3931147,88988.3951652,88988.3963383,3.2235999969998375
0,437,completed,88988.3931369,88988.3953113,88988.3968107,3.6737999907927588
4,437,completed,88988.3932142,88988.3953287,88988.3973102,4.096000004210509
3,437,completed,88988.3932623,88988.3953328,88988.3977814,4.5190999953774735
5,437,completed,88988.3933724,88988.3953742,88988.3981817,4.80930000776425
1,438,completed,88988.423086,88988.4253144,88988.4262961,3.210100010619499
5,438,completed,88988.4234128,88988.4255806,88988.4268742,3.4614000032888725
0,438,completed,88988.4234541,88988.4256003,88988.4273805,3.926399993360974
3,438,completed,88988.4231945,88988.4256241,88988.4278517,4.6571999992011115
2,438,completed,88988.423374,88988.4257294,88988.4283472,4.9731999897630885
4,438,completed,88988.4233739,88988.4257271,88988.4288321,5.45820000115782
5,439,completed,88988.4550632,88988.4576984,88988.4584617,3.398499989998527
0,439,completed,88988.4550977,88988.4577602,88988.4589618,3.8640999991912395
4,439,completed,88988.4552839,88988.4578859,88988.4594624,4.178500006673858
2,439,completed,88988.4550642,88988.457939,88988.4599405,4.876300008618273
1,439,completed,88988.4553552,88988.4579097,88988.4603858,5.030600004829466
3,439,completed,88988.4552272,88988.4579819,88988.460857,5.629799998132512
2,440,completed,88988.4873945,88988.4896277,88988.4903775,2.9829999984940514
1,440,completed,88988.4874118,88988.4896558,88988.4908705,3.4586999972816557
0,440,completed,88988.4874293,88988.4896831,88988.4913087,3.879399999277666
5,440,completed,88988.4876584,88988.4898673,88988.4917396,4.081199993379414
4,440,completed,88988.4875235,88988.4899334,88988.492237,4.713499991339631
3,440,completed,88988.4876629,88988.4899747,88988.4926915,5.02859998960048
3,441,completed,88988.5187665,88988.5204918,88988.5213001,2.5335999962408096
5,441,completed,88988.5187953,88988.5205801,88988.5218492,3.053899999940768
4,441,completed,88988.5188441,88988.5206622,88988.522361,3.5168999893357977
1,441,completed,88988.5189314,88988.5207712,88988.5228077,3.876300004776567
0,441,completed,88988.5190201,88988.5208198,88988.5232254,4.205300007015467
2,441,completed,88988.5190275,88988.5208232,88988.5236896,4.662099992856383
4,442,completed,88988.5504474,88988.5524684,88988.553233,2.7855999942403287
5,442,completed,88988.5504482,88988.5525054,88988.5538064,3.358200003276579
0,442,completed,88988.5504918,88988.5525788,88988.5542871,3.795300013734959
2,442,completed,88988.550676,88988.5526207,88988.554728,4.052000003866851
1,442,completed,88988.5506004,88988.5527246,88988.5551252,4.52479999512434
3,442,completed,88988.5506,88988.5527242,88988.5555702,4.970199996023439
3,443,completed,88988.5818711,88988.5841021,88988.5851094,3.238299992517568
1,443,completed,88988.5819599,88988.5843172,88988.5857661,3.8062000094214454
4,443,completed,88988.5820921,88988.5843815,88988.5863236,4.23150000278838
5,443,completed,88988.5821586,88988.5844062,88988.5869374,4.778800008352846
2,443,completed,88988.5819766,88988.5844927,88988.5874983,5.5216999899130315
0,443,completed,88988.5819565,88988.5844826,88988.5880905,6.133999995654449
2,444,completed,88988.6131795,88988.6151844,88988.6158812,2.70170001022052
4,444,completed,88988.6132023,88988.6152451,88988.6163607,3.1584000098519027
0,444,completed,88988.613233,88988.6153752,88988.6168193,3.5863000084646046
5,444,completed,88988.6134112,88988.6154475,88988.6172142,3.802999999606982
1,444,completed,88988.6132522,88988.6154204,88988.6176721,4.419899996719323
3,444,completed,88988.6133489,88988.6154429,88988.618195,4.8460999969393015
3,445,completed,88988.6597685,88988.6620102,88988.6628615,3.092999992077239
0,445,completed,88988.659944,88988.6621789,88988.663379,3.4350000059930608
5,445,completed,88988.6597541,88988.6621989,88988.6638377,4.083600011654198
4,445,completed,88988.6598822,88988.6623034,88988.6642967,4.414499999256805
1,445,completed,88988.6597952,88988.6622863,88988.664763,4.96779999230057
2,445,completed,88988.6598581,88988.6623058,88988.6652439,5.385800002841279
2,446,completed,88988.6912759,88988.6934143,88988.6940196,2.7437000098871067
3,446,completed,88988.6912982,88988.693393,88988.694652,3.3537999988766387
0,446,completed,88988.6912771,88988.6933972,88988.6951497,3.872599991154857
4,446,completed,88988.6913477,88988.6935027,88988.695619,4.271300000254996
5,446,completed,88988.6914696,88988.6935207,88988.6960507,4.581100001814775
1,446,completed,88988.6913843,88988.6935168,88988.6965182,5.133900005603209
4,447,completed,88988.7231385,88988.725005,88988.725898,2.759499999228865
1,447,completed,88988.723164,88988.7253405,88988.7263979,3.233900002669543
3,447,completed,88988.7232842,88988.7253743,88988.7270318,3.747599999769591
5,447,completed,88988.7232299,88988.7254466,88988.7275778,4.347900001448579
0,447,completed,88988.7233713,88988.7255103,88988.7281241,4.752799999550916
2,447,completed,88988.7235277,88988.7255696,88988.7286658,5.138099993928336
0,448,completed,88988.7549827,88988.757031,88988.7576929,2.7102000021841377
4,448,completed,88988.7549534,88988.7571114,88988.7582589,3.3054999948944896
2,448,completed,88988.7550665,88988.7571471,88988.7587597,3.693199992994778
3,448,completed,88988.7550207,88988.7571555,88988.7592324,4.211699997540563
5,448,completed,88988.7549635,88988.7571858,88988.7596544,4.690899993875064
1,448,completed,88988.7551629,88988.7572662,88988.7601069,4.944000000250526
5,449,completed,88988.786917,88988.7891167,88988.7898465,2.9294999985722825
4,449,completed,88988.7868982,88988.7890519,88988.7903504,3.4521999914431944
0,449,completed,88988.7869488,88988.789162,88988.7908184,3.8695999974152073
3,449,completed,88988.7870186,88988.7892701,88988.7912799,4.261300011421554
2,449,completed,88988.7871682,88988.7893086,88988.7917584,4.590199998347089
1,449,completed,88988.7872842,88988.789343,88988.7922412,4.956999997375533
0,450,completed,88988.8189575,88988.8208824,88988.821903,2.9455000039888546
4,450,completed,88988.8191534,88988.8212159,88988.822423,3.269599998020567
5,450,completed,88988.8191749,88988.8212299,88988.8229367,3.76180000603199
1,450,completed,88988.8194496,88988.8214014,88988.8234265,3.976899999543093
3,450,completed,88988.8191539,88988.8214314,88988.8239239,4.769999999552965
2,450,completed,88988.8193157,88988.821501,88988.8243527,5.036999995354563
1,451,completed,88988.8503717,88988.8525812,88988.8531937,2.821999994921498
2,451,completed,88988.8503432,88988.8525522,88988.8536576,3.3144000044558197
3,451,completed,88988.8503724,88988.852646,88988.8541141,3.7416999984998256
0,451,completed,88988.8504222,88988.8526943,88988.8545446,4.122400001506321
5,451,completed,88988.8504992,88988.8527532,88988.8549681,4.4689000060316175
4,451,completed,88988.8505774,88988.8527532,88988.8553882,4.810800004634075
3,452,completed,88988.8822133,88988.8843334,88988.8849543,2.7409999893279746
5,452,completed,88988.8822133,88988.8842918,88988.8854311,3.2177999964915216
1,452,completed,88988.8822553,88988.8843984,88988.8858915,3.6361999955261126
4,452,completed,88988.8822955,88988.8844072,88988.8863256,4.030099997180514
2,452,completed,88988.882345,88988.884445,88988.8867619,4.416899988427758
0,452,completed,88988.8825318,88988.8844949,88988.887198,4.666199994971976
0,453,completed,88988.9128406,88988.9147213,88988.9155205,2.6799000042956322
2,453,completed,88988.9129417,88988.914957,88988.9159963,3.0546000052709132
1,453,completed,88988.9128532,88988.915074,88988.9164486,3.595399990445003
3,453,completed,88988.9129875,88988.9150696,88988.9169066,3.919099995982833
5,453,completed,88988.9130442,88988.9150889,88988.9173754,4.331199990701862
4,453,completed,88988.9128461,88988.9150804,88988.9178357,4.989600012777373
1,454,completed,88988.9513751,88988.9535162,88988.9543438,2.968699991470203
2,454,completed,88988.9514742,88988.9536849,88988.9549161,3.441900000325404
5,454,completed,88988.9514289,88988.9537035,88988.9555817,4.152799985604361
3,454,completed,88988.9515342,88988.9537684,88988.9560645,4.530300007900223
0,454,completed,88988.9515933,88988.9538041,88988.9565232,4.929900009301491
4,454,completed,88988.9513906,88988.9538393,88988.9570027,5.612099994323216
4,455,completed,88988.9831715,88988.9851132,88988.9858511,2.6796000020112842
5,455,completed,88988.9831854,88988.9851085,88988.9863425,3.1570999999530613
3,455,completed,88988.9831678,88988.9853678,88988.9868088,3.640999988419935
2,455,completed,88988.9832146,88988.9854302,88988.9872552,4.040600004373118
1,455,completed,88988.9834626,88988.9854447,88988.9877554,4.292800003895536
0,455,completed,88988.983351,88988.9854166,88988.9882246,4.873600002611056
4,456,completed,88989.0147323,88989.0168015,88989.0174654,2.733100001933053
1,456,completed,88989.0146833,88989.0167592,88989.0179732,3.289899992523715
5,456,completed,88989.0147647,88989.0168606,88989.018404,3.639300004579127
3,456,completed,88989.014709,88989.0168146,88989.0188895,4.180500007350929
0,456,completed,88989.0148538,88989.0169309,88989.0193347,4.480899995542131
2,456,completed,88989.014924,88989.0169424,88989.019823,4.898999992292374
5,457,completed,88989.0455081,88989.0472887,88989.048136,2.627900001243688
0,457,completed,88989.0455955,88989.0476028,88989.0486399,3.044399985810742
1,457,completed,88989.0455646,88989.0476091,88989.0491236,3.5589999897638336
4,457,completed,88989.0457155,88989.0477076,88989.0496154,3.899899995303713
2,457,completed,88989.0455512,88989.0477044,88989.0500789,4.527700002654456
3,457,completed,88989.0456784,88989.0478067,88989.0505669,4.888499999651685
2,458,completed,88989.0917404,88989.0938395,88989.0944536,2.7131999959237874
4,458,completed,88989.0917658,88989.0938637,88989.0949271,3.161300002830103
3,458,completed,88989.0917392,88989.0937781,88989.0953642,3.6249999975552782
5,458,completed,88989.0918182,88989.0939048,88989.0958532,4.034999990835786
1,458,completed,88989.0918775,88989.0939411,88989.0962905,4.41300000238698
0,458,completed,88989.0919704,88989.093983,88989.0967708,4.80039999820292
2,459,completed,88989.1228815,88989.1247491,88989.1254018,2.5202999968314543
1,459,completed,88989.1228473,88989.1246765,88989.1258695,3.022200005943887
5,459,completed,88989.1229439,88989.1248934,88989.1263136,3.3697000035317615
3,459,completed,88989.1230747,88989.1249524,88989.1267784,3.703700000187382
4,459,completed,88989.1228793,88989.1249421,88989.1272182,4.3388999911258
0,459,completed,88989.123217,88989.1250465,88989.1276935,4.476500005694106
4,460,completed,88989.15386,88989.1558273,88989.1565499,2.6898999931290746
5,460,completed,88989.1538463,88989.1558966,88989.1570107,3.164399997331202
1,460,completed,88989.1539027,88989.156038,88989.1574435,3.5407999966992065
3,460,completed,88989.153947,88989.1561079,88989.1578667,3.9197000005515292
2,460,completed,88989.1540012,88989.1561018,88989.1583446,4.343399996287189
0,460,completed,88989.1541232,88989.15612,88989.1588381,4.714900001999922
1,461,completed,88989.1850676,88989.1870468,88989.1877224,2.6548000023467466
0,461,completed,88989.1850865,88989.1871172,88989.1882028,3.1162999948719516
3,461,completed,88989.1851583,88989.1872618,88989.1886475,3.489200011244975
2,461,completed,88989.1851232,88989.187209,88989.1891118,3.988600001321174
5,461,completed,88989.1852675,88989.1872941,88989.1895751,4.307600000174716
4,461,completed,88989.1852098,88989.1872922,88989.1900553,4.845500006922521
1,462,completed,88989.2162409,88989.2183773,88989.2190004,2.759499999228865
3,462,completed,88989.2162504,88989.2183623,88989.219475,3.224600004614331
2,462,completed,88989.2163285,88989.2185056,88989.2199144,3.5859000054188073
5,462,completed,88989.2163127,88989.2185133,88989.2203652,4.052500007674098
4,462,completed,88989.2163869,88989.2185574,88989.2208228,4.43589998758398
0,462,completed,88989.2164308,88989.2185776,88989.2213086,4.877799990936182
1,463,completed,88989.2481853,88989.2502885,88989.2509051,2.7197999879717827
0,463,completed,88989.2481673,88989.2503005,88989.2514018,3.234499992686324
3,463,completed,88989.2482173,88989.2503708,88989.2518535,3.6361999955261126
5,463,completed,88989.2481867,88989.2502733,88989.2523,4.113299990422092
2,463,completed,88989.2483256,88989.2504005,88989.252763,4.43739999900572
4,463,completed,88989.2483724,88989.2504187,88989.2533006,4.928199996356852
5,464,completed,88989.27936,88989.2818286,88989.2825347,3.1747000030009076
0,464,completed,88989.2793225,88989.2818279,88989.2830375,3.714999998919666
1,464,completed,88989.279458,88989.2819684,88989.2835,4.042000000481494
3,464,completed,88989.2796032,88989.2820021,88989.2839482,4.344999993918464
4,464,completed,88989.2798755,88989.2820569,88989.2844293,4.553799997665919
2,464,completed,88989.2796537,88989.2821786,88989.2849058,5.252100003417581
0,465,completed,88989.3263796,88989.3285191,88989.3294939,3.1143000087467954
5,465,completed,88989.3264105,88989.32862,88989.3301638,3.7532999995164573
4,465,completed,88989.3264715,88989.3287669,88989.3307686,4.297100007534027
2,465,completed,88989.3265671,88989.3288563,88989.3312696,4.702500009443611
1,465,completed,88989.3265095,88989.3288779,88989.3317848,5.275300005450845
3,465,completed,88989.3266893,88989.3288792,88989.3323285,5.6391999969491735
4,466,completed,88989.3579896,88989.3600835,88989.3608344,2.844799993908964
1,466,completed,88989.3580457,88989.360098,88989.3613357,3.2899999932851642
2,466,completed,88989.3581119,88989.3601697,88989.3618043,3.6924000014550984
0,466,completed,88989.3580267,88989.3602658,88989.3622966,4.269899989594705
3,466,completed,88989.3582168,88989.3602944,88989.362842,4.6252000029198825
5,466,completed,88989.3582483,88989.3603621,88989.3633737,5.125399999087676
5,467,completed,88989.3895905,88989.3917877,88989.3926965,3.1060000037541613
4,467,completed,88989.3896473,88989.3919075,88989.3931727,3.5253999958513305
0,467,completed,88989.3902842,88989.3922125,88989.3936818,3.397599997697398
1,467,completed,88989.3902626,88989.3922035,88989.3941708,3.908200000296347
2,467,completed,88989.389909,88989.3922172,88989.3946008,4.691800000728108
3,467,completed,88989.3897004,88989.3922205,88989.3949921,5.291699999361299
0,468,completed,88989.421974,88989.423692,88989.424535,2.5610000011511147
5,468,completed,88989.4220193,88989.4238244,88989.4251351,3.11580000561662
1,468,completed,88989.4220046,88989.4239232,88989.4256129,3.608300001360476
4,468,completed,88989.4220757,88989.4239441,88989.4261611,4.085399996256456
2,468,completed,88989.4221611,88989.423989,88989.4266386,4.477499998756684
3,468,completed,88989.4222491,88989.4240128,88989.4272182,4.969100002199411
4,469,completed,88989.4544341,88989.4567355,88989.4574963,3.062200004933402
3,469,completed,88989.4543499,88989.4567378,88989.4580417,3.6917999968864024
2,469,completed,88989.4544186,88989.4568513,88989.4585382,4.119599994737655
5,469,completed,88989.4544872,88989.4569494,88989.4590285,4.541300004348159
0,469,completed,88989.4549499,88989.4569737,88989.4594758,4.525900003500283
1,469,completed,88989.4548951,88989.4569582,88989.459978,5.082899995613843
2,470,completed,88989.4786689,88989.4808394,88989.4817599,3.0909999914001673
3,470,completed,88989.4786784,88989.4812246,88989.4822867,3.608300001360476
5,470,completed,88989.4791016,88989.4813179,88989.4827704,3.668800010927953
1,470,completed,88989.4791602,88989.4813228,88989.4832631,4.102899998542853
4,470,completed,88989.4791681,88989.4813243,88989.4836811,4.51299999258481
0,470,completed,88989.4787184,88989.4813227,88989.4841037,5.385299999034032
4,471,completed,88989.5104487,88989.5121572,88989.5128496,2.40089998987969
1,471,completed,88989.5104816,88989.5122278,88989.5133752,2.89360000169836
0,471,completed,88989.5105167,88989.5122733,88989.5139147,3.3980000007431954
5,471,completed,88989.5105713,88989.5123222,88989.5144193,3.8480000075651333
3,471,completed,88989.5105739,88989.5123756,88989.5149012,4.327300004661083
2,471,completed,88989.5257973,88989.5262634,88989.5268712,1.0738999990280718
4,472,completed,88989.5573552,88989.5590208,88989.5598209,2.465700003085658
2,472,completed,88989.5574082,88989.5592336,88989.5603838,2.9756000003544614
5,472,completed,88989.5574352,88989.5592098,88989.5608112,3.376000007847324
1,472,completed,88989.5575586,88989.5592939,88989.561312,3.7534000002779067
3,472,completed,88989.5573424,88989.5592597,88989.5617755,4.433099995367229
0,472,completed,88989.55766,88989.5594146,88989.562256,4.5959999988554046
5,473,completed,88989.5893258,88989.591467,88989.5926088,3.2829999981913716
0,473,completed,88989.589369,88989.5918241,88989.5932482,3.8792000123066828
1,473,completed,88989.5897683,88989.5919801,88989.5937583,3.990000011981465
2,473,completed,88989.5898589,88989.5920318,88989.5942857,4.426800005603582
3,473,completed,88989.5899069,88989.5920437,88989.5948114,4.9045000050682575
4,473,completed,88989.5898666,88989.5921466,88989.5952852,5.418600005214103
2,474,completed,88989.6210486,88989.6231252,88989.6239232,2.874599987990223
4,474,completed,88989.6210406,88989.6231234,88989.6244277,3.387099990504794
3,474,completed,88989.6210938,88989.6232588,88989.6249248,3.830999994534068
1,474,completed,88989.6211404,88989.6232777,88989.625438,4.297599996789359
0,474,completed,88989.6212334,88989.6233287,88989.6259944,4.761000003782101
5,474,completed,88989.6213109,88989.6233574,88989.6265395,5.22859999909997
5,475,completed,88989.6520756,88989.6543572,88989.6549599,2.8843000036431476
1,475,completed,88989.6520793,88989.6543152,88989.6554233,3.344000011566095
0,475,completed,88989.6521045,88989.6543759,88989.6558521,3.747599999769591
3,475,completed,88989.6521406,88989.6544536,88989.6563202,4.179600000497885
2,475,completed,88989.6521693,88989.6544835,88989.656804,4.634700002497993
4,475,completed,88989.6522989,88989.6545148,88989.6572892,4.990300003555603
4,476,completed,88989.6834393,88989.6854437,88989.6861452,2.7058999985456467
3,476,completed,88989.6834573,88989.6854498,88989.6866192,3.161900007398799
1,476,completed,88989.6835147,88989.6855721,88989.6870569,3.5422000073594972
5,476,completed,88989.6836069,88989.6856892,88989.6875551,3.948199999285862
0,476,completed,88989.6835529,88989.6856742,88989.6880664,4.513500010943972
2,476,completed,88989.6837434,88989.6857138,88989.6884847,4.741299999295734
5,477,completed,88989.7152955,88989.7173865,88989.7180608,2.7652999997371808
2,477,completed,88989.7152755,88989.7173104,88989.7185392,3.263699996750802
0,477,completed,88989.7152952,88989.7173836,88989.7190172,3.7219999940134585
4,477,completed,88989.7153873,88989.717514,88989.7194585,4.0711999899940565
3,477,completed,88989.7155278,88989.7176719,88989.7198839,4.356100005679764
1,477,completed,88989.7154868,88989.7176539,88989.7203582,4.871399985859171
2,478,completed,88989.7475929,88989.7496764,88989.7504693,2.8763999871443957
1,478,completed,88989.7476242,88989.7497593,88989.7509776,3.3533999958308414
5,478,completed,88989.7476893,88989.749903,88989.7514282,3.7389000062830746
3,478,completed,88989.7477255,88989.7499603,88989.7519023,4.176800008281134
0,478,completed,88989.7478692,88989.7500034,88989.7523903,4.521099996054545
4,478,completed,88989.7479089,88989.7500478,88989.7528513,4.942400002619252
4,479,completed,88989.7790083,88989.7813909,88989.7824118,3.4034999989671633
1,479,completed,88989.7790244,88989.7815792,88989.782957,3.932599996915087
3,479,completed,88989.7791708,88989.7817805,88989.783476,4.305199996451847
0,479,completed,88989.7794687,88989.7818638,88989.7839505,4.481800002395175
5,479,completed,88989.7795933,88989.7818836,88989.7844555,4.862200003117323
2,479,completed,88989.7800401,88989.7820315,88989.7849735,4.933400006848387
2,480,completed,88989.8100123,88989.8104413,88989.8110843,1.0719999991124496
5,480,completed,88989.8253289,88989.8271184,88989.8278323,2.5033999991137534
3,480,completed,88989.8253495,88989.8272018,88989.8283721,3.0226000089896843
4,480,completed,88989.8254376,88989.8272524,88989.8290011,3.5635000094771385
0,480,completed,88989.8254532,88989.8272685,88989.8294876,4.034400000819005
1,480,completed,88989.8255342,88989.8272848,88989.8300102,4.4760000018868595
5,481,completed,88989.8573791,88989.8592708,88989.8600998,2.720700009376742
1,481,completed,88989.8574531,88989.8594737,88989.8605945,3.1413999968208373
0,481,completed,88989.8574204,88989.8595771,88989.8610278,3.607399994507432
4,481,completed,88989.8574919,88989.8595887,88989.8616139,4.121999998460524
2,481,completed,88989.857574,88989.8596216,88989.8620268,4.452799999853596
3,481,completed,88989.8576971,88989.8596556,88989.862459,4.76189999608323
3,482,completed,88989.8892202,88989.8907958,88989.8918243,2.6040999946417287
5,482,completed,88989.8892356,88989.8908598,88989.8923521,3.1164999963948503
4,482,completed,88989.8893585,88989.8910352,88989.8930147,3.6562000022968277
0,482,completed,88989.8897167,88989.8913698,88989.8934906,3.7739000108558685
2,482,completed,88989.8897705,88989.8914248,88989.8939788,4.208300000755116
1,482,completed,88989.8898214,88989.8914303,88989.8945371,4.715700008091517
5,483,completed,88989.9216164,88989.9238528,88989.9245434,2.9270000086398795
2,483,completed,88989.9216822,88989.9239385,88989.9250624,3.3801999961724505
1,483,completed,88989.9216175,88989.9239036,88989.9256014,3.983899994636886
4,483,completed,88989.9217222,88989.9239661,88989.9262992,4.576999999699183
3,483,completed,88989.9218332,88989.9240039,88989.9267258,4.892600001767278
0,483,completed,88989.921943,88989.9240206,88989.9272342,5.2912000101059675
3,484,completed,88989.9535782,88989.956007,88989.9569974,3.4192000020993873
0,484,completed,88989.9535776,88989.9560374,88989.9577252,4.147600004216656
4,484,completed,88989.953606,88989.9560666,88989.9583237,4.717700008768588
1,484,completed,88989.9538611,88989.9562218,88989.9588018,4.940700004226528
5,484,completed,88989.9537166,88989.9563225,88989.9592944,5.577800009632483
2,484,completed,88989.9536588,88989.9563182,88989.9597483,6.089499991503544
2,485,completed,88989.9839656,88989.985715,88989.9865378,2.572199999121949
4,485,completed,88989.983998,88989.9858134,88989.9870978,3.099800000200048
5,485,completed,88989.9839667,88989.9858912,88989.9875758,3.6090999929001555
3,485,completed,88989.9842016,88989.9860129,88989.9881082,3.9066000026650727
0,485,completed,88989.9841737,88989.9860093,88989.988688,4.514300002483651
1,485,completed,88989.9841238,88989.9860294,88989.9892436,5.119800000102259
4,486,completed,88990.0223483,88990.025183,88990.0261597,3.8114000053610653
0,486,completed,88990.0224854,88990.0254389,88990.0266294,4.14400000590831
5,486,completed,88990.0226136,88990.0255546,88990.0271158,4.502199997659773
3,486,completed,88990.0227465,88990.0256637,88990.0275168,4.770299987285398
2,486,completed,88990.022388,88990.0258647,88990.0279954,5.607400002190843
1,486,completed,88990.0224089,88990.0258759,88990.0285563,6.147400010377169
2,487,completed,88990.0537122,88990.0559688,88990.0566713,2.959100005682558
4,487,completed,88990.0537355,88990.0560462,88990.0571305,3.3950000070035458
3,487,completed,88990.0537054,88990.0560469,88990.0575921,3.886699996655807
1,487,completed,88990.0538489,88990.0561596,88990.0580744,4.225500000757165
0,487,completed,88990.0540026,88990.0562126,88990.0585287,4.526100005023181
5,487,completed,88990.0541205,88990.0562345,88990.0590277,4.907199996523559
1,488,completed,88990.0849672,88990.0877297,88990.088449,3.4817999985534698
4,488,completed,88990.0849648,88990.0876957,88990.0889405,3.9757000049576163
0,488,completed,88990.0856174,88990.0880015,88990.0893695,3.7521000049309805
2,488,completed,88990.0856517,88990.088006,88990.0897629,4.1111999889835715
5,488,completed,88990.0856944,88990.088025,88990.0902305,4.536100008408539
3,488,completed,88990.085741,88990.0880386,88990.0906908,4.949800000758842
5,489,completed,88990.1160141,88990.1168704,88990.1184431,2.4290000001201406
2,489,completed,88990.1161456,88990.1177486,88990.1189497,2.804100004141219
1,489,completed,88990.116259,88990.1180456,88990.1194467,3.187700000125915
3,489,completed,88990.1165654,88990.1181698,88990.1199358,3.3703999943099916
4,489,completed,88990.1164892,88990.1183206,88990.1204181,3.9289000123972073
0,489,completed,88990.1165082,88990.1183339,88990.120897,4.388800007291138
3,490,completed,88990.1476124,88990.1499393,88990.1506638,3.0513999954564497
0,490,completed,88990.1476795,88990.1500558,88990.1511682,3.488699992885813
1,490,completed,88990.147727,88990.1501493,88990.1516269,3.899899995303713
5,490,completed,88990.1479353,88990.1501838,88990.152095,4.159699994488619
2,490,completed,88990.147702,88990.1501248,88990.152561,4.858999993302859
4,490,completed,88990.1478046,88990.1501746,88990.1530338,5.229200003668666
0,491,completed,88990.1795971,88990.1812355,88990.1822083,2.611200005048886
5,491,completed,88990.1797453,88990.1815956,88990.1827491,3.003799996804446
2,491,completed,88990.1797894,88990.1816359,88990.1832313,3.441900000325404
4,491,completed,88990.1796452,88990.1817266,88990.1837168,4.071600007591769
1,491,completed,88990.179649,88990.1817158,88990.1842199,4.570899996906519
3,491,completed,88990.1799097,88990.1817383,88990.1846787,4.768999991938472
3,492,completed,88990.2266294,88990.2288516,88990.2297043,3.074899999774061
1,492,completed,88990.2266452,88990.2289223,88990.2302772,3.631999992649071
2,492,completed,88990.2266784,88990.2290002,88990.2308668,4.188400009297766
0,492,completed,88990.2267538,88990.2291085,88990.2313488,4.595000005792826
5,492,completed,88990.2266977,88990.2291538,88990.2317672,5.069500009994954
4,492,completed,88990.226878,88990.2291839,88990.2322213,5.343299999367446
3,493,completed,88990.2575284,88990.2596973,88990.2607864,3.2579999970039353
1,493,completed,88990.2580617,88990.2602481,88990.261324,3.2623000006424263
2,493,completed,88990.2579918,88990.2602205,88990.261865,3.873199995723553
5,493,completed,88990.2580885,88990.2602469,88990.2623565,4.267999989679083
0,493,completed,88990.2579417,88990.2601937,88990.262761,4.819300011149608
4,493,completed,88990.2578762,88990.2602644,88990.263142,5.265799991320819
1,494,completed,88990.2890584,88990.2925949,88990.2933407,4.282299996702932
4,494,completed,88990.2890302,88990.2926395,88990.2938286,4.7983999975258484
2,494,completed,88990.2894278,88990.2928287,88990.2942652,4.837400003452785
3,494,completed,88990.2894386,88990.2928543,88990.2946498,5.211199997575022
0,494,completed,88990.2893556,88990.292836,88990.2950952,5.739599990192801
5,494,completed,88990.2893564,88990.292909,88990.295547,6.190600004629232
3,495,completed,88990.3202027,88990.3219627,88990.3227778,2.5751000066520646
0,495,completed,88990.3202473,88990.322105,88990.3233142,3.066899997065775
2,495,completed,88990.3202751,88990.3221963,88990.323825,3.54989999323152
1,495,completed,88990.3203545,88990.3222823,88990.3243058,3.951299993786961
4,495,completed,88990.3203268,88990.3222859,88990.3247939,4.4670999923255295
5,495,completed,88990.3204415,88990.3223246,88990.3251756,4.7341000026790425
1,496,completed,88990.3519861,88990.3538361,88990.3551548,3.168700000969693
2,496,completed,88990.35229,88990.3545229,88990.3556841,3.3941000001505017
3,496,completed,88990.352341,88990.3545974,88990.3561854,3.8443999947048724
4,496,completed,88990.3524046,88990.3546897,88990.3566239,4.219300011754967
0,496,completed,88990.3524798,88990.3547363,88990.3570575,4.577700005029328
5,496,completed,88990.3523117,88990.3548061,88990.3574739,5.162200002814643
0,497,completed,88990.3846523,88990.3867978,88990.3874851,2.8328000043984503
3,497,completed,88990.3844506,88990.3866838,88990.3879743,3.523699997458607
2,497,completed,88990.3844016,88990.3868167,88990.3884517,4.050100003951229
4,497,completed,88990.3843995,88990.3868531,88990.3888523,4.452799999853596
5,497,completed,88990.3845742,88990.3869154,88990.3892675,4.693299997597933
1,497,completed,88990.3843998,88990.3869565,88990.389642,5.242200000793673
3,498,completed,88990.4161982,88990.419073,88990.4202848,4.086600005393848
1,498,completed,88990.4162065,88990.4193488,88990.4208791,4.672600000048988
5,498,completed,88990.4165893,88990.4198787,88990.4213366,4.747300001326948
4,498,completed,88990.4166746,88990.4199266,88990.4217777,5.103100003907457
2,498,completed,88990.4167096,88990.419935,88990.4222013,5.491699994308874
0,498,completed,88990.4166412,88990.4199097,88990.4226412,5.999999993946403
1,499,completed,88990.4472866,88990.4497385,88990.4506819,3.3952999947359785
3,499,completed,88990.4473031,88990.4500203,88990.4511884,3.8853000005474314
4,499,completed,88990.447704,88990.4501608,88990.4515815,3.877499999362044
5,499,completed,88990.4476945,88990.4501711,88990.4519648,4.270299992640503
0,499,completed,88990.4477529,88990.4501967,88990.4524392,4.68630000250414
2,499,completed,88990.447397,88990.4502995,88990.45289,5.493000004207715
2,500,completed,88990.479201,88990.4819709,88990.4828435,3.642499999841675
0,500,completed,88990.4792662,88990.4821789,88990.4833789,4.112700000405312
3,500,completed,88990.4796995,88990.4823329,88990.483853,4.153499990934506
1,500,completed,88990.4797557,88990.4823487,88990.4843018,4.546099997241981
4,500,completed,88990.4795579,88990.482389,88990.4847386,5.180699998163618
5,500,completed,88990.4793253,88990.482407,88990.4852062,5.880900003830902
1,501,completed,88990.5133318,88990.5157715,88990.5165254,3.19360000139568
3,501,completed,88990.5133591,88990.5158463,88990.5171121,3.7529999972321093
0,501,completed,88990.513399,88990.5158827,88990.5176341,4.2351000010967255
5,501,completed,88990.5136027,88990.5160381,88990.5180845,4.481800002395175
2,501,completed,88990.5134849,88990.5160519,88990.5185031,5.01819999772124
4,501,completed,88990.513755,88990.5160676,88990.5189725,5.21749998733867
4,502,completed,88990.5477603,88990.5500484,88990.5510651,3.3047999895643443
0,502,completed,88990.5479633,88990.5504989,88990.5515703,3.6069999914616346
3,502,completed,88990.5479345,88990.5504603,88990.5520033,4.068800000823103
5,502,completed,88990.5480687,88990.5505839,88990.5524381,4.369400005089119
2,502,completed,88990.5482061,88990.5506229,88990.5529743,4.768200000398792
1,502,completed,88990.5481669,88990.5506303,88990.553502,5.335099995136261
0,503,completed,88990.5788488,88990.5813995,88990.582106,3.257200005464256
5,503,completed,88990.5788682,88990.5814036,88990.582601,3.7328000034904107
4,503,completed,88990.5790257,88990.5815365,88990.5830892,4.0634999895701185
3,503,completed,88990.5789748,88990.5815141,88990.5835284,4.553600010694936
1,503,completed,88990.5792095,88990.5815762,88990.584014,4.804499985766597
2,503,completed,88990.5791706,88990.5815608,88990.5845233,5.352699998184107
0,504,completed,88990.626372,88990.629044,88990.6298708,3.49879999703262
5,504,completed,88990.6263758,88990.6290272,88990.630413,4.037200007587671
3,504,completed,88990.6264035,88990.6290794,88990.6309058,4.502299998421222
2,504,completed,88990.6265719,88990.6291667,88990.6313604,4.7885000094538555
4,504,completed,88990.6267079,88990.6293207,88990.6318407,5.132800011779182
1,504,completed,88990.6264856,88990.6294394,88990.6323063,5.8206999965477735
3,505,completed,88990.6572093,88990.6599093,88990.6606243,3.4149999992223457
0,505,completed,88990.6572615,88990.6599674,88990.6611409,3.879399999277666
2,505,completed,88990.6574434,88990.6600941,88990.661623,4.179600000497885
5,505,completed,88990.6573612,88990.6600958,88990.6621093,4.748099992866628
1,505,completed,88990.6572012,88990.6601277,88990.6625478,5.346600009943359
4,505,completed,88990.6572011,88990.6601257,88990.662925,5.723900001612492
4,506,completed,88990.6895757,88990.6919551,88990.6927998,3.224100000807084
0,506,completed,88990.6897197,88990.6921304,88990.6933068,3.587100000004284
2,506,completed,88990.689577,88990.6922768,88990.693827,4.249999998137355
3,506,completed,88990.6896259,88990.6923083,88990.6942981,4.67219999700319
5,506,completed,88990.6896021,88990.6922702,88990.6948229,5.2207999979145825
1,506,completed,88990.6899279,88990.6923474,88990.6953429,5.414999992353842
0,507,completed,88990.7213059,88990.7231103,88990.7238456,2.5396999990334734
3,507,completed,88990.7212199,88990.7232761,88990.7244105,3.190599993104115
2,507,completed,88990.72143,88990.7232678,88990.7248883,3.4582999942358583
5,507,completed,88990.7212302,88990.7232886,88990.7252998,4.069600006914698
1,507,completed,88990.7212257,88990.7232944,88990.7257207,4.494999986491166
4,507,completed,88990.7213293,88990.7233671,88990.7261938,4.8645000060787424
3,508,completed,88990.752784,88990.7549135,88990.7555033,2.7192999987164512
2,508,completed,88990.7527625,88990.7549099,88990.7559717,3.2092000037664548
4,508,completed,88990.7527632,88990.7548685,88990.756444,3.6808000004384667
1,508,completed,88990.7529055,88990.7549562,88990.7568591,3.9535999967483804
5,508,completed,88990.7530292,88990.7549836,88990.7572738,4.244600000674836
0,508,completed,88990.7529532,88990.7549919,88990.7576764,4.723199992440641
3,509,completed,88990.7845789,88990.7869316,88990.7875308,2.9518999945139512
2,509,completed,88990.7845866,88990.7869003,88990.7880297,3.443099994910881
0,509,completed,88990.7845782,88990.7869078,88990.7885329,3.954700005124323
5,509,completed,88990.7846125,88990.7869648,88990.7890145,4.401999991387129
4,509,completed,88990.7848312,88990.7870282,88990.7894647,4.633500007912517
1,509,completed,88990.7848122,88990.7870277,88990.7899059,5.0937000050907955
3,510,completed,88990.8159806,88990.8182325,88990.8189544,2.9738000012002885
4,510,completed,88990.8159317,88990.8182532,88990.8194402,3.5084999981336296
5,510,completed,88990.8159329,88990.8182276,88990.8198964,3.9634999993722886
1,510,completed,88990.8161998,88990.8184119,88990.8203513,4.15150000480935
0,510,completed,88990.8162346,88990.8184454,88990.8208176,4.583000001730397
2,510,completed,88990.8160267,88990.8184806,88990.8213171,5.290399989462458
3,511,completed,88990.8469687,88990.849327,88990.8501287,3.1599999929312617
0,511,completed,88990.8470183,88990.8494529,88990.850615,3.5967000003438443
5,511,completed,88990.8469042,88990.8495096,88990.8510497,4.14549998822622
4,511,completed,88990.8469846,88990.849603,88990.8514774,4.492800013395026
1,511,completed,88990.8472497,88990.8496702,88990.8518712,4.621499989298172
2,511,completed,88990.8472113,88990.8496646,88990.8523545,5.143200003658421
4,512,completed,88990.8781031,88990.8800305,88990.880819,2.7159000019310042
5,512,completed,88990.8781841,88990.8801218,88990.8813197,3.1355999963125214
1,512,completed,88990.8782051,88990.8802419,88990.8817952,3.5900999937439337
2,512,completed,88990.8783716,88990.8802678,88990.8822223,3.850699999020435
3,512,completed,88990.8783057,88990.8802599,88990.8826028,4.297100007534027
0,512,completed,88990.8781639,88990.8804097,88990.8830166,4.852700003539212
4,513,completed,88990.925384,88990.9278439,88990.9284867,3.1026999931782484
0,513,completed,88990.9253716,88990.9278925,88990.9289585,3.5868999984813854
3,513,completed,88990.9253715,88990.9279542,88990.9294338,4.062300009536557
2,513,completed,88990.9254383,88990.9279426,88990.9299207,4.482400006963871
1,513,completed,88990.9255394,88990.9279765,88990.9304158,4.876399994827807
5,513,completed,88990.9256568,88990.9279886,88990.9309522,5.295399998431094
3,514,completed,88990.9575668,88990.9603332,88990.9612133,3.646500001195818
2,514,completed,88990.9575509,88990.9606018,88990.9618535,4.302600005757995
5,514,completed,88990.9575509,88990.9606104,88990.9625214,4.970499998307787
1,514,completed,88990.9578521,88990.9606298,88990.9631499,5.297800002153963
0,514,completed,88990.9576958,88990.960674,88990.9637203,6.024500005878508
4,514,completed,88990.957698,88990.9606946,88990.9647925,7.094500004313886
4,515,completed,88990.989738,88990.9925957,88990.9933143,3.576299990527332
5,515,completed,88990.989739,88990.992738,88990.9937766,4.037599996081553
1,515,completed,88990.9897603,88990.9927006,88990.9942289,4.4686000037472695
2,515,completed,88990.9898223,88990.9928491,88990.9947438,4.9214999889954925
0,515,completed,88990.989879,88990.9928645,88990.9952908,5.411799997091293
3,515,completed,88990.989968,88990.9928313,88990.9957561,5.788100010249764
2,516,completed,88991.0214442,88991.024562,88991.0252105,3.7662999966414645
0,516,completed,88991.021444,88991.024591,88991.0257013,4.2572999955154955
3,516,completed,88991.0214558,88991.0245872,88991.0261623,4.706499996245839
5,516,completed,88991.0215542,88991.024619,88991.0266791,5.124900009832345
4,516,completed,88991.021776,88991.024668,88991.0272764,5.500400002347305
1,516,completed,88991.0217256,88991.0246654,88991.0277853,6.059699997422285
5,517,completed,88991.0520135,88991.0543886,88991.0550529,3.039400005945936
4,517,completed,88991.0519326,88991.0543026,88991.0556686,3.735999998752959
1,517,completed,88991.0519738,88991.0544602,88991.0561211,4.147300001932308
2,517,completed,88991.0521406,88991.0544858,88991.0565562,4.415599993080832
3,517,completed,88991.0521043,88991.0544757,88991.0570151,4.910799994831905
0,517,completed,88991.0522535,88991.0545249,88991.0575438,5.290299988701008
5,518,completed,88991.0833239,88991.0856749,88991.0866384,3.314499990665354
2,518,completed,88991.0836568,88991.0860818,88991.0870925,3.435700011323206
3,518,completed,88991.0836853,88991.0861106,88991.0875483,3.863000005367212
1,518,completed,88991.0837434,88991.0861657,88991.0880658,4.322399996453896
4,518,completed,88991.0839942,88991.0862554,88991.0888318,4.837600004975684
0,518,completed,88991.0839026,88991.0862333,88991.0893495,5.4469000024255365
4,519,completed,88991.1149804,88991.1173122,88991.118173,3.1925999937811866
1,519,completed,88991.1149814,88991.1172915,88991.1186849,3.7034999986644834
3,519,completed,88991.1150703,88991.1173893,88991.1191356,4.0653000032762066
0,519,completed,88991.1151751,88991.117437,88991.1195663,4.391199996462092
2,519,completed,88991.115002,88991.1175066,88991.1200431,5.041099997470155
5,519,completed,88991.1153639,88991.1175686,88991.12053,5.166100003407337
0,520,completed,88991.145805,88991.1483933,88991.1492132,3.4082000056514516
5,520,completed,88991.1458127,88991.148396,88991.1497146,3.9019000105326995
1,520,completed,88991.1462607,88991.1485696,88991.1501358,3.875099995639175
2,520,completed,88991.1462802,88991.148588,88991.1506581,4.377899997052737
3,520,completed,88991.145937,88991.1485637,88991.151093,5.15599999926053
4,520,completed,88991.1458584,88991.1486262,88991.1517426,5.8841999998549
4,521,completed,88991.1935402,88991.1956111,88991.1965749,3.0346999992616475
3,521,completed,88991.1935403,88991.1956349,88991.1971215,3.581199998734519
5,521,completed,88991.1936073,88991.1959558,88991.1976153,4.008000003523193
1,521,completed,88991.1937954,88991.1960466,88991.1980843,4.288900003302842
0,521,completed,88991.193617,88991.1959579,88991.1985807,4.963700004736893
2,521,completed,88991.1936683,88991.1959968,88991.1991195,5.4512000060640275
5,522,completed,88991.2246696,88991.2278598,88991.2286115,3.9419000095222145
0,522,completed,88991.2246694,88991.2278616,88991.2292275,4.55810000130441
3,522,completed,88991.2248324,88991.2279586,88991.2298171,4.984700004570186
4,522,completed,88991.2248808,88991.2280355,88991.2303198,5.4390000004787
1,522,completed,88991.2249655,88991.228109,88991.2308278,5.862299993168563
2,522,completed,88991.2247019,88991.2280568,88991.2313671,6.6651999950408936
2,523,completed,88991.2567418,88991.2590312,88991.2599321,3.1903000053716823
4,523,completed,88991.2567876,88991.2591668,88991.2604963,3.7087000091560185
1,523,completed,88991.2568425,88991.2592841,88991.2609781,4.135600000154227
3,523,completed,88991.2567392,88991.2592818,88991.2614648,4.72559999616351
0,523,completed,88991.2570276,88991.2593699,88991.2619346,4.90699999500066
5,523,completed,88991.2570584,88991.2595423,88991.262386,5.327599996235222
4,524,completed,88991.2888175,88991.2907932,88991.2916346,2.817100001266226
2,524,completed,88991.2891437,88991.2910544,88991.2921347,2.990999986650422
5,524,completed,88991.2889435,88991.2911403,88991.2926255,3.6820000095758587
1,524,completed,88991.2888229,88991.2911021,88991.2930856,4.262700007529929
0,524,completed,88991.2888175,88991.2911021,88991.2935357,4.71819999802392
3,524,completed,88991.2889173,88991.2911327,88991.2940178,5.1004999986616895
0,525,completed,88991.3206602,88991.3233226,88991.3240783,3.4180999937234446
1,525,completed,88991.3207723,88991.3234658,88991.3246166,3.8443000084953383
3,525,completed,88991.3206636,88991.3235716,88991.3250985,4.434900009073317
4,525,completed,88991.3206602,88991.3235698,88991.3255787,4.918499995255843
5,525,completed,88991.3208924,88991.3235845,88991.3260498,5.157399995368905
2,525,completed,88991.3208715,88991.3235815,88991.3265094,5.637900001602247
5,526,completed,88991.3518219,88991.3531607,88991.3544992,2.6772999990498647
2,526,completed,88991.3519162,88991.3536525,88991.3549818,3.065600001718849
4,526,completed,88991.3521809,88991.354079,88991.3554375,3.25660000089556
0,526,completed,88991.3522026,88991.3540693,88991.3558817,3.679100002045743
3,526,completed,88991.3523611,88991.3541797,88991.3563425,3.981400004704483
1,526,completed,88991.3522465,88991.3542337,88991.3568239,4.57740000274498
5,527,completed,88991.3835688,88991.3858599,88991.3865473,2.978500007884577
3,527,completed,88991.3835713,88991.3858695,88991.387029,3.4577000042190775
4,527,completed,88991.3836769,88991.3859732,88991.3875151,3.838199991150759
0,527,completed,88991.383841,88991.3860248,88991.3880121,4.171099993982352
1,527,completed,88991.3835686,88991.3860472,88991.3884787,4.910100004053675
2,527,completed,88991.3839132,88991.3861129,88991.3889165,5.0033000006806105
0,528,completed,88991.4156332,88991.4187208,88991.4194435,3.8102999969851226
1,528,completed,88991.4156493,88991.4187456,88991.4199553,4.306000002543442
5,528,completed,88991.4157239,88991.4188076,88991.4204962,4.7722999879624695
2,528,completed,88991.4155466,88991.4188075,88991.4209802,5.433600003016181
4,528,completed,88991.4158827,88991.4188522,88991.421418,5.535299991606735
3,528,completed,88991.4159168,88991.4189261,88991.42184,5.923199991229922
5,529,completed,88991.4463998,88991.4486267,88991.4493438,2.9440000071190298
4,529,completed,88991.4463341,88991.4485408,88991.4498452,3.511100003379397
2,529,completed,88991.4464982,88991.4487696,88991.4503696,3.87139999656938
3,529,completed,88991.4464476,88991.4487703,88991.4508527,4.405100000440143
1,529,completed,88991.4466028,88991.4488134,88991.4513203,4.717499992693774
0,529,completed,88991.4466797,88991.4488141,88991.4517851,5.105399992316961
1,530,completed,88991.4774036,88991.4798534,88991.4809364,3.5327999939909205
4,530,completed,88991.477841,88991.4804938,88991.4814242,3.5831999994115904
2,530,completed,88991.4778039,88991.4804883,88991.4819418,4.1379000031156465
5,530,completed,88991.4778666,88991.4805184,88991.482392,4.525399999693036
3,530,completed,88991.4775651,88991.4805413,88991.482802,5.236900004092604
0,530,completed,88991.4774923,88991.4806009,88991.4831945,5.7022000110009685
2,531,completed,88991.5195573,88991.5223304,88991.5230958,3.5385000082897022
3,531,completed,88991.5195694,88991.5223601,88991.5235948,4.025400005048141
4,531,completed,88991.5197469,88991.5225473,88991.5240329,4.285999995772727
5,531,completed,88991.5198039,88991.5225592,88991.5244691,4.6652000019093975
1,531,completed,88991.5196692,88991.5225129,88991.524984,5.314800000633113
0,531,completed,88991.5199057,88991.5225722,88991.5254739,5.568199994741008
1,532,completed,88991.5505189,88991.5532736,88991.5543176,3.798700010520406
3,532,completed,88991.5506149,88991.5534888,88991.5548495,4.234599997289479
2,532,completed,88991.5511454,88991.5538767,88991.5553344,4.189000013866462
5,532,completed,88991.5509602,88991.5538273,88991.5558219,4.861699999310076
4,532,completed,88991.5510091,88991.5538546,88991.5563108,5.3017000027466565
0,532,completed,88991.5510745,88991.5538681,88991.5567681,5.693599989172071
3,533,completed,88991.5797883,88991.5819868,88991.5827876,2.9992999916430563
0,533,completed,88991.5798331,88991.5821984,88991.5832759,3.442800007178448
4,533,completed,88991.5798685,88991.5822529,88991.5837541,3.885599988279864
2,533,completed,88991.5798429,88991.5822387,88991.5842262,4.383299994515255
1,533,completed,88991.5798052,88991.582278,88991.584716,4.910799994831905
5,533,completed,88991.5799791,88991.5823189,88991.5852407,5.261600002995692
3,534,completed,88991.6269611,88991.6283992,88991.6298896,2.928499990957789
5,534,completed,88991.6270764,88991.6288409,88991.6304202,3.3438000100431964
4,534,completed,88991.627491,88991.6294536,88991.6310168,3.525799998897128
2,534,completed,88991.6275656,88991.6295039,88991.631523,3.9573999965796247
1,534,completed,88991.6276487,88991.6295564,88991.6320273,4.378600002382882
0,534,completed,88991.6274157,88991.6295543,88991.6325387,5.1229999953648075
1,535,completed,88991.6586582,88991.6607035,88991.6615544,2.896199992392212
3,535,completed,88991.6587263,88991.6608773,88991.6620813,3.3550000080140308
4,535,completed,88991.6587457,88991.6609147,88991.662539,3.7932999985059723
2,535,completed,88991.6588028,88991.6609659,88991.6629673,4.164500001934357
5,535,completed,88991.6589027,88991.6610241,88991.6633926,4.489900005864911
0,535,completed,88991.6590515,88991.6610444,88991.6638171,4.765599995153025
2,536,completed,88991.6913734,88991.6926243,88991.694022,2.6485999987926334
3,536,completed,88991.691447,88991.6930591,88991.6945277,3.080700000282377
4,536,completed,88991.6918064,88991.693592,88991.6950146,3.2081999961519614
1,536,completed,88991.6917452,88991.6935665,88991.695485,3.7397999985842034
0,536,completed,88991.6917228,88991.693632,88991.6960365,4.31370000296738
5,536,completed,88991.6919117,88991.6936604,88991.6965253,4.613599987351336
5,537,completed,88991.7224283,88991.7236579,88991.7251455,2.7171999972779304
0,537,completed,88991.7226412,88991.7246273,88991.7256473,3.0060999997658655
1,537,completed,88991.7228157,88991.7247106,88991.7261119,3.2961999968392774
4,537,completed,88991.7226759,88991.7246729,88991.7265691,3.893200002494268
2,537,completed,88991.7228937,88991.724798,88991.7270738,4.1800999897532165
3,537,completed,88991.722932,88991.7248256,88991.7276263,4.694299990660511
0,538,completed,88991.7535988,88991.7556156,88991.7564385,2.8396999987307936
1,538,completed,88991.7536104,88991.7556275,88991.7570058,3.395399995497428
3,538,completed,88991.7536426,88991.7557469,88991.7575173,3.874699992593378
5,538,completed,88991.7537878,88991.7558606,88991.7579879,4.200099996523932
2,538,completed,88991.7539547,88991.7559198,88991.75847,4.515299995546229
4,538,completed,88991.7540106,88991.7559431,88991.7589754,4.96479999856092
2,539,completed,88991.7847637,88991.7860705,88991.7873207,2.5569999997969717
1,539,completed,88991.7847882,88991.7863659,88991.7878688,3.0805999995209277
4,539,completed,88991.7851089,88991.7869114,88991.7883398,3.230899994377978
0,539,completed,88991.78516,88991.7869554,88991.7888344,3.674399995361455
5,539,completed,88991.7852036,88991.7869587,88991.7892889,4.085300010046922
3,539,completed,88991.7850277,88991.7869409,88991.789881,4.853300008107908
2,540,completed,88991.8157616,88991.8175218,88991.8184012,2.6396000030217692
3,540,completed,88991.8159377,88991.8178928,88991.8189112,2.9734999989159405
0,540,completed,88991.8160221,88991.8179656,88991.8193959,3.373800005647354
1,540,completed,88991.8158087,88991.8179481,88991.8198705,4.061799991177395
5,540,completed,88991.815825,88991.8179606,88991.8204053,4.5802999957231805
4,540,completed,88991.8161273,88991.8180052,88991.8208966,4.76929999422282
5,541,completed,88991.8469278,88991.8490613,88991.8498012,2.8734000079566613
4,541,completed,88991.8469314,88991.849079,88991.8503269,3.3955000108107924
2,541,completed,88991.8470784,88991.8492704,88991.8507765,3.698100001201965
3,541,completed,88991.8470336,88991.8493148,88991.8513081,4.2744999955175444
1,541,completed,88991.8469823,88991.8493436,88991.8517864,4.804099997272715
0,541,completed,88991.8473418,88991.8494509,88991.852237,4.89519999246113
3,542,completed,88991.8787588,88991.8809234,88991.8817597,3.0009000038262457
5,542,completed,88991.8788519,88991.8811384,88991.8823231,3.4712000051513314
0,542,completed,88991.8787954,88991.8810947,88991.8828211,4.025699992780574
4,542,completed,88991.8790495,88991.8812715,88991.8832521,4.20260000100825
2,542,completed,88991.8790349,88991.8813077,88991.8836744,4.639499995391816
1,542,completed,88991.8792085,88991.8813144,88991.8841035,4.894999990938231
1,543,completed,88991.910885,88991.912179,88991.9135843,2.699299991945736
5,543,completed,88991.9109533,88991.9125268,88991.9141652,3.2118999952217564
4,543,completed,88991.9112151,88991.9130322,88991.914656,3.4408999927109107
2,543,completed,88991.9112653,88991.9131112,88991.9151731,3.9077999972505495
3,543,completed,88991.9113753,88991.9132484,88991.9156492,4.273900005500764
0,543,completed,88991.9114908,88991.9132466,88991.9161328,4.641999999876134
2,544,completed,88991.9584218,88991.96053,88991.9614083,2.986500010592863
3,544,completed,88991.9585126,88991.9607002,88991.9619456,3.432999990764074
5,544,completed,88991.9586627,88991.9607776,88991.9625538,3.8911000010557473
0,544,completed,88991.958779,88991.9608122,88991.9630153,4.2363000102341175
1,544,completed,88991.9584056,88991.9607659,88991.963486,5.080399991129525
4,544,completed,88991.9584352,88991.960838,88991.9639342,5.49900000623893
4,545,completed,88991.9901115,88991.9914514,88991.9927467,2.635199998621829
3,545,completed,88991.9902395,88991.9919808,88991.993212,2.9725000058533624
1,545,completed,88991.9904852,88991.9921867,88991.9937341,3.2489000004716218
5,545,completed,88991.9906192,88991.9923499,88991.9941235,3.504299995256588
0,545,completed,88991.9905429,88991.9923727,88991.9945949,4.051999989314936
2,545,completed,88991.9907369,88991.9924344,88991.9951045,4.367600005934946
5,546,completed,88992.0220626,88992.02302,88992.0247777,2.7151000103913248
0,546,completed,88992.0222495,88992.0241638,88992.0253341,3.0846000008750707
3,546,completed,88992.0224597,88992.0244347,88992.0258503,3.39059998805169
4,546,completed,88992.0225159,88992.0244941,88992.0263471,3.8312000106088817
1,546,completed,88992.0225361,88992.0245211,88992.0268088,4.272699996363372
2,546,completed,88992.0225765,88992.0245391,88992.02729,4.713499991339631
3,547,completed,88992.0541414,88992.0556703,88992.0569539,2.812499995343387
2,547,completed,88992.0541637,88992.0559661,88992.0574652,3.301500008092262
4,547,completed,88992.0545962,88992.0564997,88992.0579868,3.3906000026036054
5,547,completed,88992.0546238,88992.0565655,88992.0584709,3.8471000007120892
0,547,completed,88992.0546902,88992.0565974,88992.0590597,4.369499991298653
1,547,completed,88992.0545659,88992.0566261,88992.059572,5.0060999928973615
5,548,completed,88992.0850625,88992.0863754,88992.0881379,3.075400003581308
0,548,completed,88992.0851956,88992.0872349,88992.08863,3.4344000014243647
1,548,completed,88992.0855136,88992.0878194,88992.0891033,3.5896999906981364
4,548,completed,88992.0856063,88992.0879099,88992.089549,3.942700001061894
2,548,completed,88992.0855695,88992.0879758,88992.0900244,4.454899986740202
3,548,completed,88992.0854722,88992.0881186,88992.0904249,4.952700008288957
3,549,completed,88992.1147178,88992.1169982,88992.1178727,3.154899997753091
5,549,completed,88992.1148305,88992.1172762,88992.118382,3.5515000054147094
4,549,completed,88992.1149186,88992.1173285,88992.1188519,3.9333000022452325
1,549,completed,88992.1149367,88992.1173263,88992.1193201,4.383399995276704
2,549,completed,88992.1147789,88992.1173963,88992.1198152,5.036300004576333
0,549,completed,88992.114843,88992.1174324,88992.1202712,5.4281999910017475
1,550,completed,88992.1464759,88992.1488078,88992.1499027,3.426800001761876
3,550,completed,88992.1468455,88992.1492971,88992.1504672,3.6217000015312806
4,550,completed,88992.1468886,88992.1493852,88992.1509488,4.060200008098036
5,550,completed,88992.1469255,88992.1493954,88992.151433,4.507500008912757
2,550,completed,88992.1471101,88992.1494761,88992.1520192,4.909099996439181
0,550,completed,88992.147102,88992.1495762,88992.1525741,5.472099990583956
0,551,completed,88992.1778345,88992.1798024,88992.1809703,3.13579999783542
3,551,completed,88992.1781312,88992.1804057,88992.1814385,3.3073000086005777
5,551,completed,88992.1781899,88992.1805323,88992.1818817,3.6917999968864024
1,551,completed,88992.1782895,88992.180546,88992.1822571,3.9675999869359657
2,551,completed,88992.1782271,88992.1805153,88992.1827721,4.545000003417954
4,551,completed,88992.1783667,88992.1805641,88992.1833572,4.990500005078502
3,552,completed,88992.2097701,88992.2112876,88992.2119815,2.2114000021247193
2,552,completed,88992.2097886,88992.2113728,88992.2124654,2.6768000097945333
1,552,completed,88992.2098569,88992.2114438,88992.2128907,3.0338000069605187
5,552,completed,88992.2097647,88992.2114579,88992.2133083,3.5435999889159575
4,552,completed,88992.2098752,88992.2115092,88992.2137577,3.882499993778765
0,552,completed,88992.2251411,88992.2258417,88992.2264807,1.3395999994827434
0,553,completed,88992.2566618,88992.2589392,88992.2597926,3.130800003418699
2,553,completed,88992.2566987,88992.2591297,88992.2602717,3.572999994503334
5,553,completed,88992.2567571,88992.2591635,88992.2607451,3.987999996752478
4,553,completed,88992.2568523,88992.2592316,88992.2612367,4.384400002891198
3,553,completed,88992.2568372,88992.2592173,88992.2616828,4.84560000768397
1,553,completed,88992.2569906,88992.2592661,88992.262076,5.085400000098161
1,554,completed,88992.2884396,88992.2901593,88992.2909027,2.4630999978398904
3,554,completed,88992.2884351,88992.2901521,88992.2914436,3.0085000034887344
0,554,completed,88992.2885242,88992.2902884,88992.2919626,3.4383999882265925
2,554,completed,88992.288589,88992.2903816,88992.2923936,3.804599997238256
4,554,completed,88992.2884991,88992.2904026,88992.2930029,4.503799995291047
5,554,completed,88992.2886213,88992.2904824,88992.2934457,4.824399991775863
3,555,completed,88992.3195121,88992.321914,88992.3227099,3.1978000042727217
4,555,completed,88992.319456,88992.3219959,88992.3234035,3.9475000085076317
1,555,completed,88992.3194574,88992.3219505,88992.3239484,4.490999999688938
2,555,completed,88992.3196603,88992.3220366,88992.3244799,4.81959999888204
5,555,completed,88992.3195746,88992.322193,88992.3250234,5.448800002341159
0,555,completed,88992.3196782,88992.3222106,88992.325548,5.869799992069602
3,556,completed,88992.3507343,88992.3528266,88992.35353,2.7956999983871356
2,556,completed,88992.3506603,88992.3527856,88992.3540862,3.425899994908832
4,556,completed,88992.3507869,88992.3529027,88992.3547134,3.9264999941224232
1,556,completed,88992.3507997,88992.3529013,88992.3551796,4.379899997729808
5,556,completed,88992.3506583,88992.35295,88992.3556285,4.970199996023439
0,556,completed,88992.3506853,88992.3529658,88992.3561066,5.421299996669404
3,557,completed,88992.3819081,88992.3829085,88992.3846158,2.7076999976998195
1,557,completed,88992.3822642,88992.3841178,88992.3851291,2.8649000014411286
5,557,completed,88992.382336,88992.3841622,88992.3855985,3.262500002165325
2,557,completed,88992.3823834,88992.384261,88992.3860974,3.7139999913051724
0,557,completed,88992.3824356,88992.3842928,88992.3866066,4.171000007772818
4,557,completed,88992.382311,88992.3843253,88992.3872153,4.904300003545359
2,558,completed,88992.4134371,88992.4145007,88992.4160811,2.6440000074217096
3,558,completed,88992.4134927,88992.4147727,88992.4166227,3.129999997327104
5,558,completed,88992.4140325,88992.4157129,88992.4170732,3.040700001292862
4,558,completed,88992.4140483,88992.4157688,88992.41766,3.6117000126978382
0,558,completed,88992.4142152,88992.415906,88992.4180878,3.872600005706772
1,558,completed,88992.4142747,88992.4158887,88992.4184888,4.214100001263432
0,559,completed,88992.4444489,88992.4458737,88992.4465659,2.1169999963603914
5,559,completed,88992.4444928,88992.4459567,88992.4470971,2.6042999961646274
1,559,completed,88992.4445413,88992.446019,88992.4475531,3.011799999512732
4,559,completed,88992.4445702,88992.4460478,88992.448125,3.554800001438707
2,559,completed,88992.4601296,88992.4607787,88992.4616651,1.5354999923147261
3,559,completed,88992.4601919,88992.4608102,88992.4621996,2.0077000081073493
1,560,completed,88992.4909359,88992.4934625,88992.4943019,3.3660000044619665
2,560,completed,88992.4910151,88992.4937133,88992.4947919,3.7768000038340688
4,560,completed,88992.4911775,88992.4938793,88992.4953845,4.20700000540819
5,560,completed,88992.4912583,88992.4938664,88992.4958553,4.597000006469898
3,560,completed,88992.4909282,88992.4939199,88992.4963076,5.379399997764267
0,560,completed,88992.4909759,88992.4938961,88992.4967467,5.77079999493435
1,561,completed,88992.5224723,88992.5254002,88992.5260851,3.6128000065218657
4,561,completed,88992.5224285,88992.5254156,88992.5266382,4.209699996863492
2,561,completed,88992.5224351,88992.5254185,88992.5271326,4.697499985923059
5,561,completed,88992.5226416,88992.5255271,88992.5275893,4.947700013872236
0,561,completed,88992.5225686,88992.5255805,88992.5280231,5.454500002088025
3,561,completed,88992.5230721,88992.5256286,88992.5284668,5.394699997850694
1,562,completed,88992.5545437,88992.5567488,88992.5575991,3.0553999968105927
5,562,completed,88992.5545853,88992.5568578,88992.5581989,3.6136000126134604
3,562,completed,88992.5545436,88992.5570059,88992.5587109,4.167300008703023
2,562,completed,88992.5546567,88992.5570495,88992.5591942,4.5375000045169145
0,562,completed,88992.5547634,88992.5571424,88992.5596319,4.8685000074328855
4,562,completed,88992.5548163,88992.5570994,88992.5600423,5.225999993854202
5,563,completed,88992.5854606,88992.5876934,88992.5888664,3.4057999873766676
0,563,completed,88992.5857831,88992.5883074,88992.5894033,3.6201999901095405
4,563,completed,88992.5859156,88992.5883951,88992.5898934,3.977800006396137
3,563,completed,88992.5859936,88992.5884057,88992.5903853,4.3917000002693385
1,563,completed,88992.5859526,88992.5884206,88992.5908419,4.88930000574328
2,563,completed,88992.5858466,88992.5884105,88992.5913631,5.516499993973412
4,564,completed,88992.6166393,88992.6195953,88992.6208398,4.200499999569729
2,564,completed,88992.6169953,88992.6203572,88992.6213339,4.338599988841452
0,564,completed,88992.6170261,88992.6203757,88992.621824,4.797900008270517
3,564,completed,88992.6171039,88992.6204295,88992.6223026,5.1986999897053465
5,564,completed,88992.6172616,88992.6205776,88992.6227821,5.52050000987947
1,564,completed,88992.6169508,88992.6205767,88992.6232452,6.294399994658306
5,565,completed,88992.6503816,88992.6525465,88992.6533311,2.9494999907910824
0,565,completed,88992.6503725,88992.6526956,88992.6538469,3.4744000004138798
3,565,completed,88992.6504205,88992.6526974,88992.6543512,3.93070001155138
2,565,completed,88992.6504772,88992.6527633,88992.6548337,4.356499994173646
1,565,completed,88992.6505177,88992.6528162,88992.6553136,4.79589999304153
4,565,completed,88992.6506996,88992.6528539,88992.6559232,5.223600004683249
3,566,completed,88992.6817104,88992.6837979,88992.6845688,2.8584000101545826
4,566,completed,88992.6817244,88992.683826,88992.6850583,3.333900007419288
0,566,completed,88992.6818444,88992.6839754,88992.6854853,3.640900002210401
5,566,completed,88992.6819191,88992.6840333,88992.6859838,4.0646999987075105
1,566,completed,88992.6820361,88992.684053,88992.686487,4.450899999937974
2,566,completed,88992.6819749,88992.6840893,88992.6870078,5.032900007790886
5,567,completed,88992.7126999,88992.7147578,88992.7155088,2.8088999970350415
4,567,completed,88992.7127449,88992.7148768,88992.7161022,3.357299996423535
0,567,completed,88992.7128843,88992.7149308,88992.7165907,3.706400006194599
2,567,completed,88992.7126358,88992.7149521,88992.7170611,4.425300008733757
3,567,completed,88992.7129637,88992.7149596,88992.7175338,4.570099990814924
1,567,completed,88992.7126334,88992.7149574,88992.7180124,5.37899999471847
3,568,completed,88992.7442777,88992.7464489,88992.7471182,2.8405000048223883
4,568,completed,88992.744259,88992.746432,88992.7476866,3.4276000078534707
0,568,completed,88992.7443198,88992.7465166,88992.7481735,3.853700007312
2,568,completed,88992.7443522,88992.7465713,88992.7486903,4.33809999958612
5,568,completed,88992.7444314,88992.7466254,88992.749212,4.7805999929551035
1,568,completed,88992.744519,88992.7466506,88992.7497131,5.194099998334423
2,569,completed,88992.7917199,88992.7947148,88992.7954787,3.7588000122923404
3,569,completed,88992.7917214,88992.794729,88992.7960565,4.335099991294555
4,569,completed,88992.7917529,88992.7947849,88992.796608,4.855100007262081
1,569,completed,88992.7918259,88992.7948254,88992.7970762,5.2503000042634085
0,569,completed,88992.791898,88992.7948803,88992.7975473,5.64930000109598
5,569,completed,88992.792006,88992.7948829,88992.7980792,6.073199998354539
3,570,completed,88992.8235958,88992.825941,88992.8265863,2.9904999973950908
2,570,completed,88992.8235167,88992.825866,88992.8271349,3.6182000039843842
5,570,completed,88992.8238431,88992.8260283,88992.8276934,3.8502999959746376
1,570,completed,88992.8235167,88992.8260497,88992.8281846,4.667900007916614
4,570,completed,88992.8235164,88992.8260507,88992.8286747,5.158299987670034
0,570,completed,88992.8237914,88992.826026,88992.82916,5.368599988287315
1,571,completed,88992.8545416,88992.8571156,88992.8580372,3.4956000017700717
4,571,completed,88992.8546734,88992.8573643,88992.8586276,3.9542000013170764
5,571,completed,88992.8549971,88992.8574528,88992.8591046,4.1074999899137765
2,571,completed,88992.8551015,88992.8574617,88992.8595847,4.483199998503551
0,571,completed,88992.8551391,88992.8574696,88992.8600596,4.9205000104848295
3,571,completed,88992.8550443,88992.8574378,88992.8605289,5.484599998453632
2,572,completed,88992.8872276,88992.8895029,88992.8902793,3.0516999977407977
0,572,completed,88992.8872123,88992.8894881,88992.8908196,3.6072999937459826
5,572,completed,88992.8873308,88992.8896689,88992.8913203,3.989499993622303
3,572,completed,88992.8875345,88992.8897019,88992.8918487,4.314200006774627
1,572,completed,88992.8872152,88992.8897246,88992.8923457,5.130500008817762
4,572,completed,88992.8874982,88992.8897856,88992.8927397,5.241499995463528
5,573,completed,88992.9194436,88992.9221786,88992.9228655,3.421900008106604
4,573,completed,88992.9194314,88992.922178,88992.9233807,3.9492999931098893
2,573,completed,88992.9195147,88992.92224,88992.9238122,4.297499996027909
3,573,completed,88992.9196069,88992.9223205,88992.9241973,4.590399999869987
0,573,completed,88992.9194314,88992.9223794,88992.9246544,5.223000000114553
1,573,completed,88992.9198298,88992.9224457,88992.9251789,5.349099999875762
3,574,completed,88992.9513778,88992.9532759,88992.9539468,2.5690000038594007
5,574,completed,88992.9513822,88992.9532864,88992.9544703,3.088099998421967
0,574,completed,88992.9514719,88992.9533743,88992.9549233,3.451399999903515
4,574,completed,88992.95158,88992.9534129,88992.9553537,3.77370000933297
2,574,completed,88992.9514214,88992.9535286,88992.9558205,4.399100012960844
1,574,completed,88992.9516939,88992.9535448,88992.9562958,4.60190000012517
1,575,completed,88992.9841514,88992.9867483,88992.9873147,3.1633000035071746
4,575,completed,88992.984107,88992.986728,88992.9878194,3.7124000082258135
5,575,completed,88992.9841096,88992.9866896,88992.9882698,4.160199998295866
3,575,completed,88992.9842302,88992.9867959,88992.9886475,4.417299991473556
2,575,completed,88992.9843691,88992.9868302,88992.9890857,4.716600000392646
0,575,completed,88992.984363,88992.9868244,88992.9895734,5.210400006035343
2,576,completed,88993.0162896,88993.0192853,88993.0199396,3.6499999987427145
1,576,completed,88993.0163148,88993.0192958,88993.0204901,4.175299996859394
3,576,completed,88993.0162894,88993.0192672,88993.0209907,4.701300000306219
4,576,completed,88993.0163751,88993.0193403,88993.0214121,5.037000009906478
5,576,completed,88993.0165579,88993.0193833,88993.0218252,5.267300002742559
0,576,completed,88993.016494,88993.0193768,88993.0222024,5.7084000000031665
5,577,completed,88993.04789,88993.0510269,88993.0518409,3.9509000052930787
0,577,completed,88993.0479109,88993.0511197,88993.052344,4.433099995367229
4,577,completed,88993.0480046,88993.0512529,88993.0528426,4.837999993469566
3,577,completed,88993.0480304,88993.0512752,88993.0533156,5.285200008074753
1,577,completed,88993.0482684,88993.0513367,88993.053795,5.5265999981202185
2,577,completed,88993.0481998,88993.0513329,88993.0542564,6.056600002921186
1,578,completed,88993.0792185,88993.0817784,88993.082525,3.306500002508983
2,578,completed,88993.0792361,88993.0818816,88993.0830793,3.8432000001193956
3,578,completed,88993.0793173,88993.0819534,88993.0835696,4.252300001098774
5,578,completed,88993.0793781,88993.0819726,88993.084084,4.705900006229058
4,578,completed,88993.0791806,88993.0820428,88993.0845924,5.411799997091293
0,578,completed,88993.0791759,88993.0820588,88993.0850909,5.915000001550652
1,579,completed,88993.1106534,88993.1120727,88993.1127431,2.089700006763451
5,579,completed,88993.1107363,88993.1120893,88993.1133019,2.5655999925220385
3,579,completed,88993.1106449,88993.1121326,88993.1138021,3.1571999861625955
2,579,completed,88993.1106686,88993.1121559,88993.1142992,3.6305999965406954
0,579,completed,88993.1265399,88993.1272438,88993.1278966,1.356699998723343
4,579,completed,88993.1265565,88993.1272938,88993.1284205,1.863999990746379
1,580,completed,88993.1570666,88993.1589284,88993.1596977,2.6310999965062365
4,580,completed,88993.1571081,88993.1590595,88993.1602193,3.111199999693781
5,580,completed,88993.1571927,88993.1591302,88993.1607221,3.5293999972054735
0,580,completed,88993.1572262,88993.1591906,88993.1612456,4.019400003016926
3,580,completed,88993.1570329,88993.159194,88993.1617501,4.717200004961342
2,580,completed,88993.1570329,88993.1592472,88993.1622527,5.219800004852004
5,581,completed,88993.1785823,88993.1805063,88993.1812621,2.679800003534183
3,581,completed,88993.1786027,88993.1806272,88993.1817687,3.165999994962476
1,581,completed,88993.1786813,88993.1807406,88993.1822724,3.591099986806512
2,581,completed,88993.1787329,88993.1807825,88993.1827696,4.036699989228509
4,581,completed,88993.1787982,88993.1808224,88993.1831879,4.389699999592267
0,581,completed,88993.1789548,88993.1808623,88993.1837032,4.748400009702891
0,582,completed,88993.2257851,88993.227499,88993.2284813,2.696199997444637
4,582,completed,88993.2258117,88993.2279018,88993.2290047,3.192999996826984
5,582,completed,88993.2258248,88993.2279252,88993.2295125,3.68769999477081
3,582,completed,88993.2260662,88993.2279319,88993.2300016,3.935399989131838
1,582,completed,88993.2259516,88993.2279891,88993.2305434,4.591799995978363
2,582,completed,88993.2259011,88993.2279555,88993.2310808,5.17970000510104
3,583,completed,88993.2567389,88993.2589583,88993.2595935,2.854599995771423
1,583,completed,88993.2567072,88993.2589105,88993.2600759,3.3687000104691833
0,583,completed,88993.2566821,88993.2589337,88993.2605677,3.8856000028317794
4,583,completed,88993.2568157,88993.2590952,88993.2610279,4.212199986795895
5,583,completed,88993.2568516,88993.259103,88993.2614873,4.6356999955605716
2,583,completed,88993.2569156,88993.2591031,88993.2619342,5.018600000767037
0,584,completed,88993.2879458,88993.2900834,88993.291063,3.1172000017249957
3,584,completed,88993.288031,88993.2902036,88993.2917502,3.7192000017967075
1,584,completed,88993.2879299,88993.2903506,88993.2922921,4.3621999939205125
2,584,completed,88993.2879295,88993.2903504,88993.2927936,4.864100003032945
4,584,completed,88993.2879904,88993.2904531,88993.2932661,5.275699993944727
5,584,completed,88993.2880761,88993.2904948,88993.2937575,5.681399998138659
4,585,completed,88993.3189998,88993.3207229,88993.3215385,2.53869999141898
1,585,completed,88993.3190262,88993.3208647,88993.3220751,3.0489000055240467
3,585,completed,88993.3189683,88993.3209864,88993.3225344,3.566100000170991
0,585,completed,88993.3191288,88993.3209915,88993.3229987,3.8698999996995553
2,585,completed,88993.3193633,88993.3210705,88993.3234745,4.1111999889835715
5,585,completed,88993.3192779,88993.321158,88993.3238837,4.605800000717863
0,586,completed,88993.3507645,88993.3527242,88993.3535482,2.7836999943247065
5,586,completed,88993.3508278,88993.3528834,88993.3540415,3.2137000089278445
2,586,completed,88993.3507831,88993.3528162,88993.3545313,3.748200004338287
3,586,completed,88993.3508564,88993.3529859,88993.3550179,4.161500008194707
1,586,completed,88993.3510385,88993.3530324,88993.3554672,4.428700005519204
4,586,completed,88993.3511602,88993.3530766,88993.3559733,4.813099993043579
3,587,completed,88993.3824025,88993.3835646,88993.385119,2.716499991947785
4,587,completed,88993.3826858,88993.3844131,88993.3856508,2.965000006952323
5,587,completed,88993.3826155,88993.3845286,88993.3861077,3.4922000049846247
1,587,completed,88993.3828795,88993.3846867,88993.3865635,3.683999995701015
2,587,completed,88993.3829595,88993.3847809,88993.3870185,4.058999998960644
0,587,completed,88993.3829933,88993.3847889,88993.3874727,4.4793999986723065
0,588,completed,88993.4143355,88993.4161654,88993.4173465,3.0110000079730526
5,588,completed,88993.4143628,88993.4165102,88993.4178846,3.521799997542985
4,588,completed,88993.414534,88993.4167756,88993.4183876,3.8536000065505505
2,588,completed,88993.4150386,88993.4169716,88993.4188438,3.805200001806952
1,588,completed,88993.4150759,88993.4169787,88993.4192857,4.209799997624941
3,588,completed,88993.4150077,88993.4169649,88993.4197496,4.74190000386443
2,589,completed,88993.4464138,88993.4484176,88993.4492417,2.827899996191263
1,589,completed,88993.4464616,88993.4485612,88993.4497765,3.314899993711151
3,589,completed,88993.4465198,88993.4486447,88993.4502575,3.7376999971456826
0,589,completed,88993.4464389,88993.4487076,88993.4506612,4.222299990942702
4,589,completed,88993.446808,88993.4487489,88993.4510327,4.224700009217486
5,589,completed,88993.4467748,88993.4488186,88993.4515121,4.737299997941591
5,590,completed,88993.4791046,88993.4814943,88993.4821905,3.085899996221997
0,590,completed,88993.4790967,88993.4814978,88993.4827186,3.6219000030541793
4,590,completed,88993.4791701,88993.4815645,88993.483186,4.015899990918115
1,590,completed,88993.4790788,88993.4816335,88993.483707,4.628200011211447
2,590,completed,88993.479273,88993.4816998,88993.4842175,4.944499989505857
3,590,completed,88993.4795001,88993.4817416,88993.4847054,5.205299996305257
3,591,completed,88993.5258186,88993.5279974,88993.5286901,2.871500008041039
1,591,completed,88993.5258269,88993.5280025,88993.5292305,3.4035999997286126
5,591,completed,88993.5258926,88993.5280382,88993.5297073,3.814700001385063
4,591,completed,88993.5258179,88993.5279961,88993.5301344,4.316500009736046
2,591,completed,88993.5260688,88993.5281973,88993.5305709,4.502099996898323
0,591,completed,88993.5260458,88993.5281965,88993.5310562,5.0103999965358526
2,592,completed,88993.5566139,88993.5587144,88993.5599171,3.3032000064849854
5,592,completed,88993.5569335,88993.5593617,88993.5604176,3.4841000015148893
3,592,completed,88993.5569535,88993.5593953,88993.5608835,3.930000006221235
4,592,completed,88993.5570107,88993.5594334,88993.5612969,4.286200011847541
1,592,completed,88993.5571382,88993.5595074,88993.5617192,4.581000001053326
0,592,completed,88993.5571016,88993.5595698,88993.5621629,5.061299991211854
1,593,completed,88993.5877423,88993.5899206,88993.5913581,3.6158000002615154
0,593,completed,88993.5882009,88993.5908222,88993.5919054,3.7044999917270616
5,593,completed,88993.5882888,88993.590921,88993.5923675,4.078699988895096
4,593,completed,88993.5884247,88993.5910207,88993.5929119,4.487199999857694
3,593,completed,88993.5883791,88993.591003,88993.5933326,4.953499999828637
2,593,completed,88993.5884712,88993.5910241,88993.5937649,5.2937000000383705
5,594,completed,88993.6197332,88993.6219641,88993.6226375,2.9042999958619475
2,594,completed,88993.6197327,88993.6220884,88993.6231118,3.379100002348423
0,594,completed,88993.6197815,88993.6221122,88993.6236224,3.840899997157976
4,594,completed,88993.6198302,88993.6221873,88993.6241839,4.353700001956895
3,594,completed,88993.6197682,88993.6221477,88993.6246812,4.912999997031875
1,594,completed,88993.6199225,88993.6222003,88993.6251516,5.2291000029072165
3,595,completed,88993.6515906,88993.6546875,88993.6558206,4.230000005918555
1,595,completed,88993.6516384,88993.6552191,88993.6563067,4.6682999964104965
4,595,completed,88993.6520214,88993.6553625,88993.6569326,4.911199997877702
2,595,completed,88993.6521173,88993.6554192,88993.6574485,5.3312000090954825
5,595,completed,88993.6521998,88993.6554402,88993.6579025,5.7027000002563
0,595,completed,88993.6519045,88993.6554811,88993.6584322,6.527699995785952
5,596,completed,88993.6832414,88993.6850419,88993.6859167,2.675299998372793
0,596,completed,88993.6832911,88993.6852754,88993.6864225,3.131400007987395
4,596,completed,88993.6833961,88993.6853942,88993.6870808,3.6847000010311604
1,596,completed,88993.6834403,88993.6854896,88993.6875431,4.102799997781403
2,596,completed,88993.6832687,88993.6854866,88993.6880101,4.741400000057183
3,596,completed,88993.6833642,88993.6855377,88993.688446,5.081800001789816
3,597,completed,88993.7221454,88993.7241695,88993.7252586,3.1132000003708526
2,597,completed,88993.722216,88993.7243206,88993.7257787,3.562700003385544
5,597,completed,88993.7227126,88993.7247757,88993.7262633,3.5506999993231148
1,597,completed,88993.7226587,88993.7247645,88993.7267259,4.0671999886399135
4,597,completed,88993.7225523,88993.7247436,88993.7272621,4.709800006821752
0,597,completed,88993.7226028,88993.7247821,88993.7277374,5.134599996381439
3,598,completed,88993.7547141,88993.7568267,88993.7575838,2.8697000088868663
0,598,completed,88993.7547327,88993.7568541,88993.7580979,3.3651999983703718
5,598,completed,88993.7547469,88993.7570408,88993.7585794,3.832500005955808
4,598,completed,88993.754714,88993.7570102,88993.7590304,4.316400008974597
1,598,completed,88993.7549118,88993.7570901,88993.7594548,4.543000002740882
2,598,completed,88993.7549257,88993.7571415,88993.7598779,4.952199989929795
0,599,completed,88993.7863985,88993.7889511,88993.7897256,3.327099999296479
2,599,completed,88993.7863922,88993.7889599,88993.7902117,3.8195000088308007
5,599,completed,88993.7865408,88993.7891218,88993.7906939,4.153099987888709
1,599,completed,88993.7864624,88993.7891852,88993.7912181,4.755699992529117
4,599,completed,88993.7867217,88993.7891881,88993.7917104,4.988699991372414
3,599,completed,88993.7867574,88993.7891972,88993.7922289,5.4715000005671754
2,600,completed,88993.8181475,88993.8205986,88993.8212727,3.1252000044332817
0,600,completed,88993.8181383,88993.82065,88993.8217782,3.6398999945959076
1,600,completed,88993.8181829,88993.820675,88993.8223139,4.131000008783303
3,600,completed,88993.8181372,88993.8206307,88993.8227719,4.634700002497993
5,600,completed,88993.8182625,88993.8206933,88993.8232162,4.953700001351535
4,600,completed,88993.8183484,88993.8206961,88993.8236028,5.254399991827086
3,601,completed,88993.8496477,88993.8516775,88993.8524816,2.8338999982224777
1,601,completed,88993.8497159,88993.8517832,88993.8529872,3.2713000109652057
2,601,completed,88993.8496806,88993.8518675,88993.8534848,3.8041999941924587
5,601,completed,88993.8497616,88993.8518769,88993.8539546,4.19300000066869
4,601,completed,88993.8498169,88993.8520055,88993.8544814,4.664500011131167
0,601,completed,88993.8496411,88993.8521704,88993.854954,5.312900000717491
0,602,completed,88993.8808052,88993.8836156,88993.8843733,3.5681000008480623
5,602,completed,88993.8812121,88993.8837052,88993.8849232,3.7111000128788874
1,602,completed,88993.8808944,88993.8837162,88993.8854097,4.515299995546229
2,602,completed,88993.8808206,88993.8836546,88993.8859075,5.086899996967986
3,602,completed,88993.8812996,88993.8837356,88993.8863978,5.09819999570027
4,602,completed,88993.8808086,88993.8837499,88993.8868473,6.038699997588992
4,603,completed,88993.9120098,88993.9152874,88993.9161309,4.121100006159395
1,603,completed,88993.9124058,88993.9155131,88993.9166291,4.223299998557195
5,603,completed,88993.9124593,88993.9155432,88993.9170992,4.639899998437613
2,603,completed,88993.9120101,88993.9156042,88993.9175146,5.504500004462898
0,603,completed,88993.9122927,88993.9156111,88993.9180227,5.730000004405156
3,603,completed,88993.9123646,88993.9156474,88993.9185509,6.186300000990741
0,604,completed,88993.9601558,88993.962372,88993.9630898,2.934000003733672
3,604,completed,88993.9601379,88993.9623426,88993.9636248,3.4869000082835555
4,604,completed,88993.9602032,88993.9624811,88993.9641397,3.936499997507781
2,604,completed,88993.9602452,88993.9625404,88993.9646083,4.3631000007735565
1,604,completed,88993.9603411,88993.9625904,88993.9651256,4.784500008099712
5,604,completed,88993.9604141,88993.962599,88993.9656444,5.230299997492693
0,605,completed,88993.991747,88993.9940586,88993.9946744,2.927400011685677
3,605,completed,88993.9918115,88993.9941122,88993.9951692,3.3576999994693324
4,605,completed,88993.9917464,88993.9940553,88993.9957246,3.9781999948900193
1,605,completed,88993.9917632,88993.9940643,88993.9962205,4.457300005014986
2,605,completed,88993.9919132,88993.9941437,88993.9967018,4.78859999566339
5,605,completed,88993.9920597,88993.9941609,88993.9972139,5.154200000106357
0,606,completed,88994.0233223,88994.0255281,88994.0265283,3.2060000085039064
2,606,completed,88994.0236409,88994.026047,88994.0270178,3.376900000148453
1,606,completed,88994.0235514,88994.0260367,88994.0275257,3.974300008849241
5,606,completed,88994.0237252,88994.0260322,88994.0279505,4.225300013786182
3,606,completed,88994.0237832,88994.0260662,88994.0284151,4.631899995729327
4,606,completed,88994.0238337,88994.0260851,88994.0289096,5.0759000005200505
2,607,completed,88994.0551864,88994.0576519,88994.0583827,3.1962999928509817
4,607,completed,88994.0552151,88994.0576883,88994.058913,3.6978999996790662
0,607,completed,88994.0553194,88994.0577989,88994.0593738,4.05440000758972
1,607,completed,88994.0553825,88994.0577938,88994.0598783,4.495800007134676
5,607,completed,88994.0551872,88994.0578197,88994.0603219,5.134699997142889
3,607,completed,88994.0555888,88994.0579143,88994.0608628,5.274000010103919
1,608,completed,88994.0863207,88994.089121,88994.0898484,3.527700013364665
3,608,completed,88994.0863707,88994.0891975,88994.0903829,4.012200006400235
2,608,completed,88994.0864476,88994.0892578,88994.0909085,4.4609000033233315
0,608,completed,88994.0863207,88994.0893203,88994.0914526,5.131900004926138
5,608,completed,88994.0866498,88994.0893182,88994.0919806,5.330800006049685
4,608,completed,88994.0865898,88994.0893797,88994.0924905,5.9006999945268035
3,609,completed,88994.1182283,88994.1205861,88994.1213396,3.1113000004552305
5,609,completed,88994.1182984,88994.1207459,88994.1218504,3.551999994670041
1,609,completed,88994.1182764,88994.1207313,88994.1223514,4.075000004377216
0,609,completed,88994.1184428,88994.1208197,88994.1228977,4.454900001292117
4,609,completed,88994.1185882,88994.1208614,88994.1234633,4.875099999480881
2,609,completed,88994.1186566,88994.120875,88994.1239945,5.337900001904927
2,610,completed,88994.1492599,88994.1516615,88994.1527691,3.5091999889118597
3,610,completed,88994.1493814,88994.1520946,88994.1533823,4.000900007667951
5,610,completed,88994.149738,88994.1523415,88994.1538508,4.112800001166761
1,610,completed,88994.1498331,88994.1523786,88994.1543283,4.49520000256598
0,610,completed,88994.1498034,88994.1523948,88994.154805,5.001600002287887
4,610,completed,88994.1496907,88994.1523717,88994.1552308,5.540099999052472
1,611,completed,88994.1805312,88994.1828177,88994.1837181,3.18689999403432
0,611,completed,88994.1807669,88994.1831439,88994.1842233,3.4564000088721514
2,611,completed,88994.1806345,88994.1831053,88994.1847277,4.093200011993758
4,611,completed,88994.1810232,88994.1832219,88994.1852158,4.192599997622892
3,611,completed,88994.1810556,88994.1832401,88994.1856971,4.641499996068887
5,611,completed,88994.1811058,88994.1832464,88994.1861838,5.078000001958571
2,612,completed,88994.2182734,88994.2201683,88994.2225657,4.292300000088289
4,612,completed,88994.218485,88994.2204862,88994.2231004,4.615400001057424
0,612,completed,88994.2185242,88994.2205896,88994.2236118,5.087600002298132
5,612,completed,88994.2186045,88994.2206475,88994.2241222,5.517700003110804
3,612,completed,88994.2186812,88994.2206633,88994.2246347,5.953500003670342
1,612,completed,88994.2184228,88994.2206736,88994.2251465,6.723700003931299
3,613,completed,88994.2498197,88994.2529777,88994.2537646,3.944900003261864
0,613,completed,88994.2498065,88994.2529881,88994.2543344,4.527900004177354
2,613,completed,88994.2498778,88994.2530535,88994.2548181,4.940300001180731
4,613,completed,88994.2499444,88994.2531729,88994.2552617,5.317300005117431
1,613,completed,88994.2500751,88994.253235,88994.2557038,5.628699989756569
5,613,completed,88994.2502366,88994.2532539,88994.2561563,5.9197000082349405
1,614,completed,88994.2815721,88994.2824732,88994.2844967,2.9246000049170107
0,614,completed,88994.2819031,88994.2840651,88994.2850141,3.1109999981708825
5,614,completed,88994.2819359,88994.2841863,88994.2854572,3.5213000082876533
4,614,completed,88994.2820762,88994.2843434,88994.2859226,3.846399995381944
3,614,completed,88994.2819927,88994.284293,88994.2863432,4.350500006694347
2,614,completed,88994.2821259,88994.2843628,88994.2867713,4.645399996661581
4,615,completed,88994.3128176,88994.3147374,88994.3156136,2.7960000006714836
0,615,completed,88994.3128671,88994.3148215,88994.3161253,3.258199998526834
3,615,completed,88994.3129271,88994.3149841,88994.3165538,3.6266999959480017
2,615,completed,88994.3129895,88994.3150685,88994.3169434,3.9538999990327284
5,615,completed,88994.3130827,88994.3151087,88994.3173902,4.307499999413267
1,615,completed,88994.3132412,88994.3151762,88994.317878,4.636800003936514
2,616,completed,88994.3445009,88994.3458547,88994.3472098,2.7089000068372115
4,616,completed,88994.3447317,88994.3467903,88994.3477004,2.968700006022118
5,616,completed,88994.3445529,88994.3467676,88994.3482224,3.669500001706183
3,616,completed,88994.344919,88994.3467755,88994.3487122,3.793199997744523
1,616,completed,88994.345015,88994.3468367,88994.3492122,4.197200003545731
0,616,completed,88994.3450621,88994.3468661,88994.3497059,4.643799999030307
4,617,completed,88994.3915507,88994.3942363,88994.3949153,3.3645999938016757
5,617,completed,88994.3915316,88994.3943388,88994.3954536,3.9219999889610335
1,617,completed,88994.3917053,88994.3943884,88994.3958993,4.193999993731268
0,617,completed,88994.3916129,88994.3943516,88994.3963579,4.744999998365529
2,617,completed,88994.391531,88994.3944163,88994.3968705,5.339499999536201
3,617,completed,88994.3917692,88994.3944827,88994.3973551,5.585899998550303
5,618,completed,88994.4230211,88994.4262133,88994.4269028,3.8817000022390857
0,618,completed,88994.4230029,88994.4262111,88994.4275022,4.499299990129657
1,618,completed,88994.4230034,88994.4262098,88994.4280045,5.00109999848064
2,618,completed,88994.42307,88994.4262913,88994.4284375,5.367499994463287
4,618,completed,88994.4231897,88994.4263391,88994.4289124,5.722700007027015
3,618,completed,88994.423305,88994.4263808,88994.4293941,6.089100003009662
4,619,completed,88994.4542612,88994.4565249,88994.457305,3.043800010345876
3,619,completed,88994.4542752,88994.4566139,88994.4577843,3.5091000027023256
1,619,completed,88994.4543433,88994.4566637,88994.4582735,3.9301999931922182
0,619,completed,88994.4546007,88994.4568118,88994.4587648,4.16409999888856
2,619,completed,88994.4546252,88994.4568258,88994.4592101,4.5849000016460195
5,619,completed,88994.4544133,88994.4567986,88994.4597155,5.302199992001988
2,620,completed,88994.4857262,88994.4875889,88994.4883501,2.623899999889545
5,620,completed,88994.485859,88994.4876968,88994.4888282,2.9692000098293647
3,620,completed,88994.4857342,88994.4876051,88994.4892836,3.5494000039761886
4,620,completed,88994.4860104,88994.4877449,88994.489702,3.691600009915419
1,620,completed,88994.4859757,88994.4878728,88994.4900968,4.121100006159395
0,620,completed,88994.4857271,88994.4879325,88994.4904971,4.77000001410488
4,621,completed,88994.517508,88994.5199135,88994.5206197,3.1116999889491126
0,621,completed,88994.5175235,88994.5199138,88994.5211142,3.5906999983126298
5,621,completed,88994.5176589,88994.5200103,88994.5216108,3.951899998355657
3,621,completed,88994.5178252,88994.5200811,88994.5220231,4.197899994323961
1,621,completed,88994.5175609,88994.5201059,88994.5224459,4.885000002104789
2,621,completed,88994.5175082,88994.5201523,88994.522886,5.377800000132993
1,622,completed,88994.5482036,88994.5502212,88994.5513835,3.1798999989405274
2,622,completed,88994.54832,88994.550374,88994.5519076,3.5876000038115308
0,622,completed,88994.5486145,88994.5508742,88994.5523928,3.7783000007038936
5,622,completed,88994.5486779,88994.5509202,88994.5528789,4.20099998882506
4,622,completed,88994.5487152,88994.5509421,88994.5533453,4.630099996575154
3,622,completed,88994.548433,88994.5509674,88994.5538323,5.399299989221618
3,623,completed,88994.5801968,88994.5827771,88994.5835405,3.343699994729832
2,623,completed,88994.5802584,88994.5828547,88994.5840017,3.7432999961310998
1,623,completed,88994.5803093,88994.5829411,88994.5844581,4.148799998802133
4,623,completed,88994.5803716,88994.5829806,88994.5849723,4.600700005539693
5,623,completed,88994.5805763,88994.5830451,88994.5854606,4.884300011326559
0,623,completed,88994.5806135,88994.5830454,88994.585937,5.323499994119629
2,624,completed,88994.611985,88994.6143224,88994.6149445,2.959500008728355
3,624,completed,88994.6115825,88994.6143315,88994.6155003,3.917800000635907
0,624,completed,88994.6120409,88994.6143473,88994.6159905,3.9495999953942373
4,624,completed,88994.6115794,88994.6143385,88994.6164438,4.864399990765378
1,624,completed,88994.6115599,88994.6142122,88994.6168458,5.285899998852983
5,624,completed,88994.6117695,88994.6144602,88994.6172341,5.464600006234832
0,625,completed,88994.6587408,88994.6605029,88994.6612428,2.5019999884534627
5,625,completed,88994.6587606,88994.6605621,88994.6617651,3.0045000021345913
2,625,completed,88994.6588068,88994.6606897,88994.6622548,3.448000003118068
1,625,completed,88994.658852,88994.6607084,88994.6627044,3.8524000119650736
4,625,completed,88994.6589206,88994.6607443,88994.6631385,4.217899986542761
3,625,completed,88994.6590017,88994.6607732,88994.6635441,4.542399998172186
5,626,completed,88994.6911957,88994.6934336,88994.6941222,2.926500004832633
1,626,completed,88994.6910824,88994.6933434,88994.6947017,3.619300012360327
2,626,completed,88994.6913271,88994.6935012,88994.6951369,3.809800007729791
4,626,completed,88994.6911021,88994.6935368,88994.6956538,4.5516999962273985
0,626,completed,88994.6910823,88994.6935333,88994.6961718,5.0894999876618385
3,626,completed,88994.6913755,88994.6935137,88994.6966538,5.278299999190494
0,627,completed,88994.7220701,88994.7242293,88994.7249368,2.8667000005953014
2,627,completed,88994.7220642,88994.7242492,88994.7254736,3.4094000002369285
4,627,completed,88994.7221231,88994.7243345,88994.7259626,3.8395000010496005
5,627,completed,88994.722255,88994.7244027,88994.7264819,4.226899996865541
1,627,completed,88994.7223573,88994.7244368,88994.727007,4.649700000300072
3,627,completed,88994.7223519,88994.7244285,88994.7275468,5.194900004426017
4,628,completed,88994.7530449,88994.7542969,88994.7557891,2.744199999142438
1,628,completed,88994.7530801,88994.7544789,88994.7562727,3.192600008333102
2,628,completed,88994.7535747,88994.7553257,88994.7566828,3.108100005192682
3,628,completed,88994.753637,88994.7554218,88994.7571055,3.4684999991441146
0,628,completed,88994.7537002,88994.7554582,88994.7575846,3.8843999936943874
5,628,completed,88994.7537542,88994.7554852,88994.7580777,4.323499990277924
5,629,completed,88994.790725,88994.7924088,88994.7931238,2.3988000029930845
0,629,completed,88994.7907757,88994.7924937,88994.793611,2.8352999943308532
2,629,completed,88994.7906456,88994.7925125,88994.7940872,3.441599998041056
3,629,completed,88994.7906832,88994.792647,88994.7945405,3.8573000056203455
4,629,completed,88994.7908485,88994.7926898,88994.7951535,4.305000009480864
1,629,completed,88994.7906455,88994.7927126,88994.7956087,4.963200000929646
4,630,completed,88994.8217394,88994.8235538,88994.8244588,2.7193999994779006
0,630,completed,88994.8217534,88994.8236297,88994.8249996,3.246199994464405
2,630,completed,88994.8218139,88994.8237544,88994.8254649,3.651000006357208
1,630,completed,88994.8218694,88994.8237681,88994.8259225,4.053099997690879
3,630,completed,88994.8219054,88994.8238,88994.8263848,4.479400013224222
5,630,completed,88994.8219861,88994.8238199,88994.8268355,4.849400007515214
5,631,completed,88994.8529107,88994.8555242,88994.8563497,3.4389999927952886
1,631,completed,88994.852951,88994.8556293,88994.8568926,3.9416000072378665
0,631,completed,88994.8529847,88994.8556839,88994.8573695,4.38479999138508
2,631,completed,88994.8531609,88994.8558121,88994.8578456,4.684699990320951
3,631,completed,88994.8532909,88994.8558211,88994.8583129,5.021999997552484
4,631,completed,88994.8532445,88994.8558147,88994.8589024,5.657899993821047
4,632,completed,88994.8850182,88994.8879236,88994.8887066,3.6884000001009554
2,632,completed,88994.8849975,88994.8878864,88994.889229,4.231499988236465
1,632,completed,88994.8849992,88994.8879276,88994.8897202,4.720999990240671
3,632,completed,88994.8851969,88994.8880308,88994.8901397,4.942800005665049
0,632,completed,88994.8852511,88994.8880547,88994.8905205,5.26940000418108
5,632,completed,88994.8853698,88994.8880666,88994.8908886,5.518799996934831
4,633,completed,88994.9164607,88994.918246,88994.9190479,2.587199996924028
1,633,completed,88994.9164976,88994.9182919,88994.9195487,3.0510999931721017
5,633,completed,88994.9165882,88994.9183794,88994.9200341,3.445900001679547
0,633,completed,88994.9166182,88994.9184055,88994.920491,3.8727999926777557
2,633,completed,88994.9164684,88994.9184083,88994.9209408,4.472400003578514
3,633,completed,88994.9167291,88994.9185233,88994.9214053,4.676199998357333
1,634,completed,88994.947491,88994.9489368,88994.9501833,2.6922999968519434
4,634,completed,88994.9475424,88994.9491028,88994.9507303,3.1879000016488135
5,634,completed,88994.9476554,88994.9494664,88994.951208,3.552599999238737
2,634,completed,88994.9480332,88994.9498147,88994.9517098,3.67660001211334
3,634,completed,88994.9480937,88994.9498543,88994.9522046,4.110900001251139
0,634,completed,88994.9481582,88994.9498601,88994.9526857,4.527500001131557
3,635,completed,88994.9791281,88994.9818249,88994.9827192,3.591099986806512
0,635,completed,88994.9791674,88994.9820028,88994.9834103,4.242900002282113
4,635,completed,88994.9791845,88994.9820118,88994.9838874,4.702899997937493
1,635,completed,88994.9794254,88994.9821424,88994.9843382,4.912799995508976
2,635,completed,88994.9793076,88994.9821156,88994.9848233,5.515699987881817
5,635,completed,88994.9792969,88994.9821358,88994.985284,5.987099997582845
0,636,completed,88995.0258814,88995.0282912,88995.0289885,3.1070999975781888
1,636,completed,88995.0258396,88995.028163,88995.0294768,3.637200003140606
3,636,completed,88995.0259854,88995.0283734,88995.0298943,3.908899991074577
4,636,completed,88995.0261681,88995.0284445,88995.0303014,4.1332999971928075
5,636,completed,88995.0260594,88995.028427,88995.0307192,4.659800004446879
2,636,completed,88995.0260395,88995.0284583,88995.0311918,5.152300000190735
0,637,completed,88995.0575141,88995.0597401,88995.0604922,2.9781000048387796
4,637,completed,88995.0577105,88995.0599189,88995.0609811,3.2706000056350604
2,637,completed,88995.0574683,88995.0599535,88995.0614502,3.9818999939598143
1,637,completed,88995.0574527,88995.0599377,88995.0618948,4.442100005690008
5,637,completed,88995.0574405,88995.0599341,88995.0625261,5.08560000162106
3,637,completed,88995.0576768,88995.0599969,88995.062956,5.279199991491623
1,638,completed,88995.0893961,88995.0927238,88995.0933503,3.9542000013170764
5,638,completed,88995.0893856,88995.0927096,88995.093854,4.468400002224371
0,638,completed,88995.0894252,88995.0927693,88995.0943183,4.893100005574524
2,638,completed,88995.0895043,88995.0928253,88995.0948156,5.3112999885343015
4,638,completed,88995.0895789,88995.0928575,88995.0953597,5.780799998319708
3,638,completed,88995.0896915,88995.0928696,88995.0959111,6.219599992618896
2,639,completed,88995.1215783,88995.1233152,88995.12406,2.48170000850223
5,639,completed,88995.1216093,88995.1233819,88995.1245928,2.983500002301298
1,639,completed,88995.1216522,88995.1234803,88995.1250991,3.4468999947421253
0,639,completed,88995.121728,88995.1235778,88995.1255932,3.865200007567182
4,639,completed,88995.1217948,88995.1236012,88995.1260298,4.235000000335276
3,639,completed,88995.1217972,88995.1236077,88995.1264531,4.655900003854185
3,640,completed,88995.1529586,88995.1558143,88995.1578326,4.874000005656853
1,640,completed,88995.1533266,88995.1569137,88995.1583698,5.043199998908676
2,640,completed,88995.1533669,88995.1570246,88995.158833,5.466099988552742
5,640,completed,88995.1534483,88995.1571127,88995.1593251,5.87680000171531
4,640,completed,88995.1534782,88995.1571501,88995.1598083,6.330100004561245
0,640,completed,88995.1532411,88995.1571946,88995.1602636,7.022500009043142
2,641,completed,88995.1839288,88995.1852403,88995.1868583,2.9294999985722825
5,641,completed,88995.1843771,88995.1864071,88995.1873655,2.98839999595657
1,641,completed,88995.1844111,88995.1864867,88995.1878673,3.4562000073492527
4,641,completed,88995.1844998,88995.1865484,88995.1883056,3.805799991823733
0,641,completed,88995.1845821,88995.1865774,88995.1887606,4.178499992121942
3,641,completed,88995.184677,88995.1865965,88995.1892392,4.562200003420003
0,642,completed,88995.2157098,88995.2180402,88995.2188577,3.1479000026592985
1,642,completed,88995.2157208,88995.2180558,88995.2193475,3.6266999959480017
5,642,completed,88995.2161151,88995.218332,88995.2198253,3.710199991473928
3,642,completed,88995.2161881,88995.2183569,88995.220471,4.282899986719713
4,642,completed,88995.216151,88995.2183458,88995.2209689,4.817900000489317
2,642,completed,88995.2162792,88995.2183726,88995.2215288,5.249599998933263
0,643,completed,88995.2469989,88995.2496526,88995.2504723,3.4734000073513016
1,643,completed,88995.2470662,88995.249584,88995.2510133,3.9471000054618344
5,643,completed,88995.2475391,88995.2498697,88995.2514925,3.9533999952254817
4,643,completed,88995.2475792,88995.2499252,88995.2519688,4.389599998830818
3,643,completed,88995.2476242,88995.2499232,88995.2524604,4.8362000088673085
2,643,completed,88995.2476927,88995.2499385,88995.2529053,5.212600008235313
5,644,completed,88995.2781093,88995.2788144,88995.2806535,2.544200004194863
2,644,completed,88995.2782452,88995.2796515,88995.2811884,2.943200001027435
3,644,completed,88995.2785146,88995.2803263,88995.2816303,3.115700004855171
1,644,completed,88995.2785764,88995.2804073,88995.282081,3.504599997540936
4,644,completed,88995.2786888,88995.2804697,88995.2825691,3.8803000061307102
0,644,completed,88995.2788188,88995.2805087,88995.2830866,4.2678000027081
0,645,completed,88995.3131095,88995.3155836,88995.3163358,3.2263000030070543
1,645,completed,88995.313353,88995.3156816,88995.3168531,3.500099992379546
4,645,completed,88995.3130652,88995.3157211,88995.3174844,4.419200005941093
5,645,completed,88995.3130652,88995.3157197,88995.3179476,4.8823999968590215
3,645,completed,88995.3131496,88995.315774,88995.3184053,5.255700001725927
2,645,completed,88995.3133085,88995.3158115,88995.3188693,5.560799996601418
1,646,completed,88995.3446443,88995.3460342,88995.3474619,2.817600005073473
4,646,completed,88995.345025,88995.3469902,88995.3479661,2.941099999588914
2,646,completed,88995.3447809,88995.3468229,88995.348445,3.664099989691749
5,646,completed,88995.345095,88995.3470606,88995.3489028,3.8078000070527196
0,646,completed,88995.3451465,88995.3470694,88995.3493324,4.185900004813448
3,646,completed,88995.3448551,88995.3472446,88995.349731,4.87589999102056
2,647,completed,88995.3918159,88995.3936379,88995.3946502,2.834300001268275
4,647,completed,88995.3922326,88995.394133,88995.395146,2.913399992394261
1,647,completed,88995.3922756,88995.3941593,88995.3956354,3.3598000009078532
5,647,completed,88995.3923459,88995.394198,88995.3961101,3.7641999952029437
3,647,completed,88995.3921545,88995.3942126,88995.3965724,4.417899996042252
0,647,completed,88995.3923838,88995.3942097,88995.3971207,4.7368999948957935
0,648,completed,88995.4234403,88995.4257846,88995.42735,3.9096999971661717
5,648,completed,88995.4238616,88995.4268229,88995.4278877,4.026100010378286
4,648,completed,88995.4239122,88995.426903,88995.4283946,4.482400006963871
1,648,completed,88995.4241185,88995.4270073,88995.4288868,4.768300001160242
3,648,completed,88995.4240133,88995.4271098,88995.4293679,5.354599998099729
2,648,completed,88995.4239717,88995.4271091,88995.4298669,5.895199996302836
1,649,completed,88995.4553797,88995.4574394,88995.4583581,2.9784000071231276
5,649,completed,88995.4554224,88995.4575551,88995.4588954,3.4730000043055043
0,649,completed,88995.455462,88995.4577427,88995.4593537,3.8917000056244433
4,649,completed,88995.4555496,88995.4577967,88995.4598622,4.3126000091433525
2,649,completed,88995.4554538,88995.4578659,88995.4603485,4.894700003205799
3,649,completed,88995.4556406,88995.4579302,88995.4608169,5.176299993763678
0,650,completed,88995.4865441,88995.4882441,88995.489058,2.5139000063063577
4,650,completed,88995.4866328,88995.4884866,88995.4895517,2.918899990618229
1,650,completed,88995.4867141,88995.4885632,88995.4900211,3.3070000063162297
3,650,completed,88995.48676,88995.4885868,88995.490499,3.739000007044524
2,650,completed,88995.4865517,88995.4885421,88995.4909516,4.399900004500523
5,650,completed,88995.4865309,88995.4886502,88995.4914025,4.8716000019339845
1,651,completed,88995.5180478,88995.520145,88995.5213717,3.3239000040339306
4,651,completed,88995.5184022,88995.5208574,88995.5218226,3.420399996684864
0,651,completed,88995.5184256,88995.5208758,88995.5223068,3.881199998431839
5,651,completed,88995.5184461,88995.5208855,88995.5228428,4.39669999468606
3,651,completed,88995.5185121,88995.521111,88995.5233967,4.884599999058992
2,651,completed,88995.5185573,88995.5211045,88995.5238618,5.3044999949634075
3,652,completed,88995.5498522,88995.553569,88995.554351,4.498800000874326
2,652,completed,88995.5498843,88995.5536316,88995.5548718,4.987500011338852
5,652,completed,88995.5502032,88995.5537639,88995.5553835,5.180300009669736
0,652,completed,88995.5503028,88995.5537873,88995.5557986,5.495800010976382
4,652,completed,88995.5501791,88995.5537824,88995.5561777,5.998599997838028
1,652,completed,88995.5502673,88995.5537842,88995.5566543,6.387000001268461
2,653,completed,88995.58068,88995.5833231,88995.5842051,3.5251000081188977
3,653,completed,88995.5806709,88995.5834241,88995.5847975,4.126600004383363
0,653,completed,88995.5811399,88995.5835897,88995.5852908,4.150900000240654
5,653,completed,88995.5811525,88995.5836488,88995.5857821,4.629599992767908
1,653,completed,88995.5809958,88995.5836805,88995.5862248,5.229000002145767
4,653,completed,88995.5810625,88995.5836854,88995.5867227,5.660199996782467
1,654,completed,88995.6119569,88995.614227,88995.6149589,3.001999997650273
4,654,completed,88995.6119695,88995.6143239,88995.6155146,3.5451000003376976
0,654,completed,88995.6120224,88995.6143748,88995.6160415,4.019100000732578
5,654,completed,88995.6119482,88995.6143705,88995.616562,4.613799988874234
3,654,completed,88995.6120942,88995.6144223,88995.6170098,4.9156000022776425
2,654,completed,88995.6121736,88995.6144525,88995.6175064,5.3327999921748415
4,655,completed,88995.6581729,88995.6603848,88995.6611854,3.012499990290962
5,655,completed,88995.6581876,88995.6604789,88995.6617022,3.5146000009262934
2,655,completed,88995.6582398,88995.6605577,88995.66219,3.9501999999629334
1,655,completed,88995.6582491,88995.660606,88995.6626577,4.408599997987039
3,655,completed,88995.658374,88995.6606524,88995.6631251,4.751100001158193
0,655,completed,88995.6584322,88995.6606919,88995.6635961,5.163900001207367
5,656,completed,88995.6893352,88995.6917018,88995.6925758,3.2405999954789877
4,656,completed,88995.6894612,88995.6919304,88995.6931035,3.6422999983187765
0,656,completed,88995.6894018,88995.6919732,88995.6935526,4.150799999479204
2,656,completed,88995.6897168,88995.6920555,88995.6939429,4.226100005325861
3,656,completed,88995.6893667,88995.6921211,88995.6943946,5.0278999988222495
1,656,completed,88995.6896734,88995.6922264,88995.6948859,5.212499992921948
0,657,completed,88995.7205352,88995.722297,88995.7231505,2.615299992612563
3,657,completed,88995.7205588,88995.7224481,88995.72366,3.1011999963084236
1,657,completed,88995.7205803,88995.7224817,88995.7241358,3.5555000067688525
4,657,completed,88995.7206577,88995.7225858,88995.724651,3.9932999934535474
2,657,completed,88995.7207791,88995.7227926,88995.7250381,4.259000008460134
5,657,completed,88995.7207354,88995.7227884,88995.725464,4.728600004455075
2,658,completed,88995.7526824,88995.7546551,88995.7555595,2.8771000070264563
5,658,completed,88995.7527446,88995.7548138,88995.7560759,3.3313000021735206
0,658,completed,88995.7528269,88995.7550312,88995.7565473,3.7203999963821843
4,658,completed,88995.7528319,88995.7550532,88995.7569221,4.0902000037021935
1,658,completed,88995.7528866,88995.7550998,88995.7574006,4.514000000199303
3,658,completed,88995.753082,88995.7551311,88995.7578716,4.789600003277883
0,659,completed,88995.7844545,88995.7858379,88995.7869541,2.499599999282509
4,659,completed,88995.7844297,88995.7858875,88995.787444,3.0143000039970502
1,659,completed,88995.784855,88995.7865533,88995.7878926,3.037599992239848
2,659,completed,88995.7846548,88995.7864997,88995.788375,3.720200009411201
3,659,completed,88995.78489,88995.7865796,88995.7888454,3.9554000104544684
5,659,completed,88995.7849424,88995.7866307,88995.7892814,4.338999991887249
2,660,completed,88995.8230829,88995.8262342,88995.8270396,3.9567000058013946
4,660,completed,88995.8234277,88995.8264476,88995.8276187,4.190999999991618
1,660,completed,88995.8230966,88995.8264265,88995.8281606,5.063999997219071
5,660,completed,88995.8232102,88995.8265379,88995.828703,5.492800002684817
3,660,completed,88995.8231731,88995.8265292,88995.8291731,6.0000000084983185
0,660,completed,88995.8234117,88995.8266073,88995.8296044,6.192700006067753
5,661,completed,88995.8574693,88995.8591065,88995.8600308,2.5615000049583614
0,661,completed,88995.8576285,88995.85939,88995.8605691,2.9405999957816675
3,661,completed,88995.857469,88995.8593848,88995.8610507,3.5817000025417656
4,661,completed,88995.8575434,88995.8594914,88995.8615599,4.016500010038726
2,661,completed,88995.85752,88995.8595125,88995.862036,4.5160000008763745
1,661,completed,88995.8577383,88995.8595594,88995.862472,4.733699999633245
0,662,completed,88995.8897587,88995.8922588,88995.8930835,3.3248000108869746
2,662,completed,88995.8899453,88995.8923568,88995.8936507,3.7053999985801056
5,662,completed,88995.889813,88995.8924592,88995.8941789,4.3658999929903075
3,662,completed,88995.889759,88995.8923957,88995.8946244,4.865399998379871
4,662,completed,88995.8900015,88995.8925122,88995.8950476,5.046100006438792
1,662,completed,88995.8897854,88995.8925674,88995.8954698,5.684400006430224
5,663,completed,88995.9217035,88995.923366,88995.9241351,2.431599990813993
3,663,completed,88995.9218457,88995.9236026,88995.9246414,2.7956999983871356
2,663,completed,88995.9217026,88995.9236733,88995.9251524,3.449800002272241
4,663,completed,88995.9217027,88995.9236733,88995.9256116,3.908900005626492
1,663,completed,88995.9217772,88995.9237207,88995.9260574,4.280200009816326
0,663,completed,88995.921744,88995.9237171,88995.9264943,4.750299995066598
1,664,completed,88995.9535893,88995.9556618,88995.9564489,2.8596000047400594
0,664,completed,88995.9536163,88995.9557314,88995.9568979,3.281600002082996
2,664,completed,88995.9536729,88995.9558375,88995.9574147,3.741799999261275
5,664,completed,88995.9535852,88995.9559126,88995.9579133,4.328099996200763
3,664,completed,88995.9539125,88995.9559607,88995.9584383,4.525800002738833
4,664,completed,88995.9538981,88995.956059,88995.9589559,5.057800008216873
5,665,completed,88995.9857524,88995.9879165,88995.9886938,2.9414000018732622
4,665,completed,88995.9858064,88995.9879967,88995.9893231,3.5167000023648143
1,665,completed,88995.9859112,88995.9881712,88995.9897243,3.8131000037537888
3,665,completed,88995.9857486,88995.9881548,88995.9901807,4.432100002304651
0,665,completed,88995.9860227,88995.9882034,88995.99065,4.627300004358403
2,665,completed,88995.9859889,88995.9882614,88995.9911848,5.1958999974885955
4,666,completed,88996.0180239,88996.0204765,88996.0226582,4.634299999452196
5,666,completed,88996.0183827,88996.0215415,88996.023139,4.756299997097813
3,666,completed,88996.0184156,88996.0216295,88996.0236761,5.2604999946197495
2,666,completed,88996.018581,88996.0218808,88996.0241945,5.613500004983507
0,666,completed,88996.0186611,88996.0219338,88996.0246913,6.030200005625375
1,666,completed,88996.018532,88996.0219961,88996.0252046,6.672599993180484
5,667,completed,88996.0495787,88996.0509368,88996.0528445,3.2657999981893227
1,667,completed,88996.0500891,88996.0524238,88996.053843,3.7539000040851533
4,667,completed,88996.050135,88996.0524401,88996.0544572,4.322200009482913
0,667,completed,88996.0502163,88996.0524914,88996.0550157,4.799399990588427
3,667,completed,88996.0503211,88996.052522,88996.0555665,5.245399996056221
2,667,completed,88996.0502953,88996.0525177,88996.0561299,5.834600000525825
5,668,completed,88996.0813841,88996.0843546,88996.0850674,3.6832999903708696
3,668,completed,88996.0813839,88996.08434,88996.0855516,4.167699997196905
2,668,completed,88996.0815183,88996.0844781,88996.0860932,4.574900012812577
4,668,completed,88996.0814532,88996.0844936,88996.0867203,5.26710000121966
1,668,completed,88996.0816278,88996.0845131,88996.0871889,5.561099998885766
0,668,completed,88996.0817325,88996.0845386,88996.0876734,5.940900009591132
2,669,completed,88996.1127628,88996.1147807,88996.1157819,3.0190999968908727
3,669,completed,88996.1133997,88996.1152866,88996.1163077,2.9079999949317425
0,669,completed,88996.1129044,88996.1152448,88996.1168303,3.9259000041056424
1,669,completed,88996.1133114,88996.1152492,88996.1173418,4.030399999464862
4,669,completed,88996.1130895,88996.1152731,88996.1179329,4.843400005484
5,669,completed,88996.1129242,88996.1152827,88996.1184601,5.535899996175431
3,670,completed,88996.1624897,88996.1643321,88996.1651173,2.62759999895934
1,670,completed,88996.1626342,88996.1645579,88996.1656666,3.032400010852143
4,670,completed,88996.1624699,88996.1645718,88996.166165,3.6951000074623153
2,670,completed,88996.1625014,88996.1646042,88996.1666549,4.153499990934506
0,670,completed,88996.1625419,88996.1646248,88996.1671432,4.601299995556474
5,670,completed,88996.16247,88996.1646652,88996.1676213,5.151300007128157
1,671,completed,88996.1915342,88996.1935366,88996.194206,2.671800000825897
4,671,completed,88996.1915282,88996.1935335,88996.1947262,3.1980000057956204
0,671,completed,88996.1915668,88996.1936313,88996.1952025,3.635700006270781
3,671,completed,88996.191633,88996.1936484,88996.1956715,4.038500002934597
2,671,completed,88996.1917135,88996.1936722,88996.1961134,4.399900004500523
5,671,completed,88996.1918518,88996.1937183,88996.1965372,4.685399995651096
3,672,completed,88996.2241249,88996.2266526,88996.227377,3.25209999573417
4,672,completed,88996.2241722,88996.2267194,88996.2279482,3.775999997742474
1,672,completed,88996.2242376,88996.2267857,88996.2284002,4.16259998746682
0,672,completed,88996.2244509,88996.2268631,88996.2289129,4.461999997147359
2,672,completed,88996.2241345,88996.226877,88996.2293874,5.252900009509176
5,672,completed,88996.224413,88996.2269365,88996.2298458,5.432799996924587
4,673,completed,88996.2554502,88996.2574345,88996.2585961,3.145900001982227
2,673,completed,88996.2555562,88996.2578043,88996.259187,3.630799998063594
3,673,completed,88996.2554878,88996.2578217,88996.2597098,4.222000003210269
1,673,completed,88996.2558582,88996.2579231,88996.2602373,4.379099991638213
0,673,completed,88996.2559309,88996.2579845,88996.2607585,4.827599987038411
5,673,completed,88996.2557421,88996.2583212,88996.261287,5.54490000649821
5,674,completed,88996.287468,88996.2901225,88996.2907949,3.3268999977735803
1,674,completed,88996.2874851,88996.29019,88996.2912703,3.785200009588152
3,674,completed,88996.2874679,88996.2901919,88996.291762,4.294099999242462
0,674,completed,88996.2876058,88996.2902542,88996.2922469,4.641100007575005
4,674,completed,88996.2877087,88996.2902887,88996.2926742,4.965500003891066
2,674,completed,88996.2877769,88996.2902931,88996.2931118,5.334899993613362
0,675,completed,88996.3193567,88996.3227027,88996.3234242,4.067500005476177
2,675,completed,88996.3192558,88996.3226613,88996.3239317,4.675899996072985
1,675,completed,88996.319256,88996.3228218,88996.3244185,5.162499990547076
4,675,completed,88996.3192862,88996.3228704,88996.3248801,5.593900001258589
5,675,completed,88996.3195345,88996.3228985,88996.3253656,5.831100002978928
3,675,completed,88996.3194022,88996.3228877,88996.3258528,6.450600005337037
3,676,completed,88996.3577695,88996.3598243,88996.3607524,2.982899997732602
5,676,completed,88996.3580124,88996.3599693,88996.3612963,3.2839000050444156
1,676,completed,88996.357859,88996.360091,88996.3617828,3.9238000026671216
2,676,completed,88996.3580954,88996.360097,88996.3622682,4.172799992375076
4,676,completed,88996.3578262,88996.3602069,88996.3627781,4.9519000021973625
0,676,completed,88996.3579782,88996.3602701,88996.363299,5.320800002664328
5,677,completed,88996.3897861,88996.3928335,88996.3935148,3.7287000013748184
1,677,completed,88996.3898744,88996.3929029,88996.3940863,4.211899999063462
2,677,completed,88996.3898083,88996.3928978,88996.394575,4.7667000035289675
0,677,completed,88996.3897588,88996.3928287,88996.3950592,5.30040000739973
4,677,completed,88996.3900596,88996.3929658,88996.3955088,5.449199990835041
3,677,completed,88996.3900933,88996.3929753,88996.3960212,5.92789999791421
4,678,completed,88996.421456,88996.423564,88996.4243337,2.877699997043237
2,678,completed,88996.4216143,88996.4237241,88996.4248801,3.265800012741238
3,678,completed,88996.4214753,88996.4236505,88996.4253864,3.9111000078264624
5,678,completed,88996.4214532,88996.4237629,88996.4258656,4.412399997818284
1,678,completed,88996.4217011,88996.4238066,88996.4263769,4.675799995311536
0,678,completed,88996.421937,88996.4238943,88996.4268471,4.910099989501759
3,679,completed,88996.453744,88996.455971,88996.4567015,2.9575000080512837
5,679,completed,88996.4537338,88996.4559505,88996.4571963,3.4625000116648152
2,679,completed,88996.4538007,88996.456111,88996.4576903,3.8896000041859224
4,679,completed,88996.453835,88996.4561677,88996.4581582,4.323200002545491
0,679,completed,88996.4539355,88996.4562269,88996.4586501,4.714599999715574
1,679,completed,88996.4540242,88996.4562702,88996.4591277,5.103500006953254
3,680,completed,88996.4858873,88996.4889359,88996.4896093,3.7219999940134585
1,680,completed,88996.4858803,88996.4889405,88996.4901624,4.282100009731948
5,680,completed,88996.4859055,88996.4889671,88996.4906629,4.757400005473755
4,680,completed,88996.486025,88996.4890428,88996.4911293,5.104299998492934
2,680,completed,88996.4861296,88996.4890725,88996.4916482,5.5185999954119325
0,680,completed,88996.4862069,88996.4890874,88996.4921665,5.959600006463006
0,681,completed,88996.5174567,88996.5203156,88996.520952,3.4952999994857237
2,681,completed,88996.517636,88996.5204116,88996.5214301,3.794099990045652
4,681,completed,88996.5174247,88996.5204536,88996.5218651,4.440400007297285
1,681,completed,88996.5174043,88996.5204644,88996.5223739,4.969600006006658
5,681,completed,88996.517404,88996.5204558,88996.5228591,5.455100006656721
3,681,completed,88996.5175554,88996.5205091,88996.5233309,5.775500001618639
4,682,completed,88996.5509492,88996.5530394,88996.5538745,2.925299995695241
1,682,completed,88996.550972,88996.553101,88996.5549072,3.9352000021608546
0,682,completed,88996.5510068,88996.5532038,88996.5554042,4.397400000016205
3,682,completed,88996.55107,88996.5532641,88996.5559212,4.851199992117472
2,682,completed,88996.5512865,88996.5533371,88996.5564075,5.120999994687736
5,682,completed,88996.5511422,88996.5533526,88996.5568735,5.731299999752082
4,683,completed,88996.5826735,88996.5846497,88996.5855802,2.9066999995848164
1,683,completed,88996.5826656,88996.5846813,88996.5861393,3.4736999950837344
5,683,completed,88996.582679,88996.5848665,88996.5866175,3.9384999981848523
0,683,completed,88996.5831054,88996.5851352,88996.587079,3.9736000035190955
3,683,completed,88996.5831271,88996.5851498,88996.5875286,4.401499987579882
2,683,completed,88996.5830044,88996.5851519,88996.5879695,4.965100000845268
3,684,completed,88996.6144638,88996.6164943,88996.6172601,2.7963000029558316
2,684,completed,88996.6144644,88996.6165872,88996.6178126,3.3481999998912215
4,684,completed,88996.6144927,88996.616628,88996.6183868,3.894099994795397
0,684,completed,88996.6145533,88996.6166639,88996.618941,4.3876999989151955
1,684,completed,88996.6147077,88996.6167482,88996.619432,4.724300000816584
5,684,completed,88996.6146494,88996.6167563,88996.6199297,5.280299999867566
1,685,completed,88996.6461816,88996.6491708,88996.6499923,3.81070000003092
5,685,completed,88996.6465718,88996.6493146,88996.6504955,3.9237000019056723
2,685,completed,88996.6466087,88996.6493497,88996.6509514,4.342700005508959
4,685,completed,88996.6462206,88996.6493127,88996.6513986,5.1780000067083165
3,685,completed,88996.6467174,88996.6493531,88996.6519232,5.205800000112504
0,685,completed,88996.6466843,88996.6493772,88996.6524234,5.739100000937469
4,686,completed,88996.6778169,88996.6791439,88996.6807585,2.941600003396161
5,686,completed,88996.6783322,88996.6803338,88996.6813103,2.9781000048387796
2,686,completed,88996.6783705,88996.6803496,88996.6817828,3.412300007767044
0,686,completed,88996.6786122,88996.6804879,88996.6822729,3.660699992906302
1,686,completed,88996.6784653,88996.6806336,88996.682784,4.318699997384101
3,686,completed,88996.6787145,88996.6807005,88996.6833081,4.593599995132536
0,687,completed,88996.709789,88996.7113711,88996.7119866,2.1975999989081174
2,687,completed,88996.7097614,88996.7113079,88996.7125421,2.780700000585057
5,687,completed,88996.7097561,88996.7113421,88996.7130243,3.2682000019121915
3,687,completed,88996.7098507,88996.7114384,88996.7134968,3.646099998150021
1,687,completed,88996.7098937,88996.7114504,88996.7139208,4.027100003440864
4,687,completed,88996.7252467,88996.7259167,88996.726799,1.5522999892709777
3,688,completed,88996.7575575,88996.7608203,88996.7615748,4.0173000015784055
0,688,completed,88996.7575658,88996.7608667,88996.7620732,4.507400008151308
2,688,completed,88996.7577229,88996.7609945,88996.7625528,4.829900004551746
5,688,completed,88996.7577973,88996.761016,88996.7629258,5.128499993588775
1,688,completed,88996.7575575,88996.7610574,88996.7633924,5.834900002810173
4,688,completed,88996.7575967,88996.7611123,88996.7638377,6.240999995497987
5,689,completed,88996.7892534,88996.7919324,88996.7926464,3.3930000063264742
4,689,completed,88996.789278,88996.7919574,88996.7931453,3.867300009005703
1,689,completed,88996.7894446,88996.7920739,88996.7936416,4.197000002022833
2,689,completed,88996.7895491,88996.7920932,88996.7941067,4.557600012049079
3,689,completed,88996.789254,88996.7921465,88996.7945447,5.290699991746806
0,689,completed,88996.789315,88996.7921682,88996.7950112,5.696199994417839
2,690,completed,88996.8203594,88996.822671,88996.8233606,3.0012000061105937
1,690,completed,88996.8203577,88996.8226447,88996.8238429,3.485200009890832
4,690,completed,88996.820383,88996.8227182,88996.82439,4.0069999959087
3,690,completed,88996.820432,88996.8227775,88996.8248852,4.453200002899393
0,690,completed,88996.8205369,88996.8228472,88996.8253714,4.83449999592267
5,690,completed,88996.8206281,88996.8228648,88996.8258639,5.235799995716661
5,691,completed,88996.8523102,88996.8559546,88996.8567204,4.4101999956183136
0,691,completed,88996.8523024,88996.8560073,88996.8572281,4.925699991872534
1,691,completed,88996.852306,88996.8560027,88996.8576519,5.345900004613213
4,691,completed,88996.8525796,88996.8561784,88996.858089,5.50939999811817
3,691,completed,88996.8523678,88996.8562313,88996.858517,6.149199994979426
2,691,completed,88996.8525152,88996.8562612,88996.8589797,6.464500009315088
2,692,completed,88996.8858105,88996.8873182,88996.8883122,2.50170000072103
3,692,completed,88996.8858273,88996.8873396,88996.888846,3.0187000083969906
0,692,completed,88996.8858995,88996.8876132,88996.8893385,3.4389999927952886
5,692,completed,88996.8863285,88996.8878559,88996.8898446,3.5160999977961183
1,692,completed,88996.8862681,88996.8878555,88996.8903345,4.066399997100234
4,692,completed,88996.8860801,88996.8878648,88996.8908443,4.764199999044649
2,693,completed,88996.9173582,88996.91975,88996.9206429,3.2847000111360103
5,693,completed,88996.9173775,88996.9197223,88996.921172,3.7945000076433644
1,693,completed,88996.9175307,88996.9200484,88996.9216182,4.087499997694977
0,693,completed,88996.9177793,88996.920104,88996.9220796,4.300300002796575
3,693,completed,88996.9178519,88996.9201433,88996.9225374,4.685499996412545
4,693,completed,88996.9179397,88996.9201759,88996.9230326,5.092899998999201
2,694,completed,88996.9489465,88996.9508139,88996.9516815,2.7350000018486753
3,694,completed,88996.9489702,88996.9509847,88996.9522039,3.2337000011466444
4,694,completed,88996.9490143,88996.9510923,88996.9526135,3.5992000048281625
0,694,completed,88996.9490394,88996.951141,88996.9530933,4.0539000037824735
1,694,completed,88996.9492338,88996.9512361,88996.9535669,4.333100005169399
5,694,completed,88996.9493416,88996.9512477,88996.9540384,4.696799995144829
0,695,completed,88996.9809543,88996.9832624,88996.9841108,3.1564999953843653
4,695,completed,88996.980852,88996.9832016,88996.9846037,3.751700001885183
3,695,completed,88996.9811985,88996.9835229,88996.9850786,3.8801000046078116
2,695,completed,88996.9813555,88996.9835845,88996.9855528,4.197300004307181
1,695,completed,88996.9813104,88996.9835788,88996.9860243,4.713899994385429
5,695,completed,88996.9813173,88996.9836558,88996.9864845,5.167199997231364
4,696,completed,88997.0134623,88997.0155517,88997.0163355,2.8731999918818474
5,696,completed,88997.0135179,88997.0156523,88997.0168808,3.3628999954089522
2,696,completed,88997.0134871,88997.0157832,88997.0173548,3.867699997499585
3,696,completed,88997.0137423,88997.0157997,88997.0178446,4.102300008526072
1,696,completed,88997.0137662,88997.0158042,88997.0183149,4.548699987935834
0,696,completed,88997.0136696,88997.0158457,88997.0189172,5.247599998256192
4,697,completed,88997.0455774,88997.047901,88997.0487324,3.1549999985145405
5,697,completed,88997.0454596,88997.0478885,88997.049235,3.775399993173778
2,697,completed,88997.0458026,88997.0480466,88997.0497328,3.9302000077441335
0,697,completed,88997.0456339,88997.0481883,88997.0502281,4.594199999701232
3,697,completed,88997.0457487,88997.0482036,88997.0507431,4.994400005671196
1,697,completed,88997.0458845,88997.0482341,88997.0511876,5.303099998855032
2,698,completed,88997.076844,88997.0785782,88997.0794372,2.5931999989552423
1,698,completed,88997.0768441,88997.0786556,88997.0799375,3.0934000096749514
3,698,completed,88997.0771801,88997.0788824,88997.080438,3.257900010794401
0,698,completed,88997.076965,88997.078871,88997.0809641,3.999099993961863
4,698,completed,88997.0772482,88997.0789185,88997.0814612,4.2129999928874895
5,698,completed,88997.0770735,88997.0789334,88997.0820229,4.949399997713044
3,699,completed,88997.1237956,88997.1260324,88997.1268867,3.091100006713532
1,699,completed,88997.1239996,88997.1261936,88997.127404,3.4044000058202073
2,699,completed,88997.1237957,88997.1262792,88997.1278632,4.067500005476177
5,699,completed,88997.1239195,88997.1263472,88997.1283174,4.397900003823452
4,699,completed,88997.1238652,88997.1263381,88997.1287258,4.8605999909341335
0,699,completed,88997.1241204,88997.1263802,88997.1290902,4.969800007529557
4,700,completed,88997.1545002,88997.1567218,88997.157443,2.9427999979816377
2,700,completed,88997.1545131,88997.1567426,88997.1579489,3.4357999975327402
0,700,completed,88997.154611,88997.156931,88997.1584898,3.87879999470897
3,700,completed,88997.1545585,88997.1568776,88997.1589618,4.40330000128597
5,700,completed,88997.1547239,88997.1569907,88997.159432,4.708099993877113
1,700,completed,88997.1547446,88997.1569899,88997.1598579,5.113299994263798
3,701,completed,88997.1856537,88997.1876542,88997.1885074,2.853700003470294
5,701,completed,88997.1856123,88997.1876986,88997.1890108,3.398499989998527
0,701,completed,88997.1860271,88997.1879291,88997.1895118,3.48469999153167
2,701,completed,88997.1859822,88997.1879276,88997.1900158,4.033600009279326
4,701,completed,88997.1861347,88997.1879583,88997.1906101,4.475400011870079
1,701,completed,88997.1861846,88997.1880842,88997.1910817,4.897100006928667
0,702,completed,88997.2179646,88997.2207454,88997.2214319,3.4673000045586377
2,702,completed,88997.2179527,88997.2207602,88997.2219449,3.99219999962952
3,702,completed,88997.2180044,88997.2207952,88997.2223809,4.376500000944361
1,702,completed,88997.2180508,88997.2208397,88997.2228859,4.835100000491366
5,702,completed,88997.2180029,88997.2209346,88997.2233774,5.374500004108995
4,702,completed,88997.2181336,88997.2209602,88997.2239684,5.834799987496808
4,703,completed,88997.2485751,88997.2507809,88997.2519189,3.343799995491281
5,703,completed,88997.2486643,88997.2511653,88997.2525303,3.8659999991068617
0,703,completed,88997.2490498,88997.2511779,88997.2530345,3.9847000007284805
3,703,completed,88997.2488467,88997.2512216,88997.2535424,4.695700001320802
2,703,completed,88997.2490247,88997.2511789,88997.2540366,5.011900007957593
1,703,completed,88997.2489507,88997.2512622,88997.2544781,5.527400004211813
0,704,completed,88997.2796828,88997.2818882,88997.2828595,3.176700003677979
5,704,completed,88997.280055,88997.2823025,88997.2835634,3.5083999973721802
2,704,completed,88997.2800735,88997.2823164,88997.2840971,4.023599991342053
1,704,completed,88997.2800186,88997.2823244,88997.284607,4.588399999192916
4,704,completed,88997.279714,88997.2824758,88997.2851063,5.392299994127825
3,704,completed,88997.2798604,88997.2824967,88997.2855742,5.713799997465685
1,705,completed,88997.3115126,88997.3129446,88997.3136044,2.0917999936500564
5,705,completed,88997.311479,88997.3128963,88997.3142495,2.770500010228716
2,705,completed,88997.3115729,88997.3130697,88997.3147766,3.203700005542487
0,705,completed,88997.3116313,88997.3130567,88997.3152428,3.6114999966230243
4,705,completed,88997.3272051,88997.3279313,88997.3285309,1.3258000108180568
3,705,completed,88997.3271863,88997.3279109,88997.3290737,1.8874000088544562
3,706,completed,88997.3588131,88997.3606401,88997.3614978,2.6846999971894547
4,706,completed,88997.3588912,88997.3608445,88997.3620158,3.1245999998645857
0,706,completed,88997.3590811,88997.3609769,88997.3624858,3.40469999355264
1,706,completed,88997.3588127,88997.3609728,88997.3629028,4.090100002940744
5,706,completed,88997.3589978,88997.360944,88997.3635062,4.508400001213886
2,706,completed,88997.3588202,88997.3609646,88997.3639659,5.1457000081427395
1,707,completed,88997.3911831,88997.3930897,88997.3938648,2.681700003449805
3,707,completed,88997.3912173,88997.3931639,88997.3943571,3.139799999189563
2,707,completed,88997.3912702,88997.3932271,88997.3948032,3.5330000100657344
4,707,completed,88997.3913456,88997.3932938,88997.3952326,3.886999998940155
5,707,completed,88997.3911937,88997.3934022,88997.3958458,4.652100004022941
0,707,completed,88997.3914545,88997.3933903,88997.3962931,4.838599998038262
2,708,completed,88997.4230196,88997.4249381,88997.4257737,2.7541000017663464
5,708,completed,88997.4230521,88997.4250664,88997.4264433,3.3912000071723014
4,708,completed,88997.4230139,88997.4250825,88997.426912,3.89809999614954
3,708,completed,88997.4231287,88997.4251648,88997.4273793,4.250600002706051
1,708,completed,88997.4233245,88997.4252488,88997.427887,4.5624999911524355
0,708,completed,88997.423237,88997.425253,88997.4284369,5.199899998842739
3,709,completed,88997.4543819,88997.4563246,88997.4571638,2.781900009722449
4,709,completed,88997.4544417,88997.4565632,88997.4576859,3.2441999937873334
0,709,completed,88997.4544218,88997.4565829,88997.4581987,3.776900004595518
1,709,completed,88997.4545747,88997.4566406,88997.4587515,4.176800008281134
2,709,completed,88997.4544941,88997.4566273,88997.4593012,4.807099991012365
5,709,completed,88997.4546047,88997.4566622,88997.460034,5.42929999937769
4,710,completed,88997.4855802,88997.4867944,88997.4882944,2.7142000035382807
1,710,completed,88997.4856487,88997.4876671,88997.4888654,3.216699988115579
5,710,completed,88997.4860222,88997.4877581,88997.4894534,3.4312000061618164
0,710,completed,88997.4860656,88997.4879207,88997.4899446,3.879000010783784
2,710,completed,88997.4859614,88997.4879724,88997.4904975,4.536099993856624
3,710,completed,88997.4859866,88997.4880872,88997.4909893,5.0026999961119145
5,711,completed,88997.5171296,88997.5193765,88997.5201177,2.988099993672222
1,711,completed,88997.5172563,88997.5195925,88997.520607,3.3507000043755397
0,711,completed,88997.5172386,88997.5195837,88997.5210864,3.8477999914903194
2,711,completed,88997.5171626,88997.5194928,88997.5215444,4.3818000121973455
3,711,completed,88997.5170564,88997.5195894,88997.522058,5.001600002287887
4,711,completed,88997.5170758,88997.5195865,88997.5225313,5.455499995150603
0,712,completed,88997.5483889,88997.5507434,88997.5516181,3.2291999959852546
2,712,completed,88997.5484873,88997.5510222,88997.552147,3.659699999843724
1,712,completed,88997.5484875,88997.5510179,88997.5526536,4.166099999565631
3,712,completed,88997.5485361,88997.5511232,88997.5531365,4.600400003255345
4,712,completed,88997.5490541,88997.5511236,88997.553672,4.617899990989827
5,712,completed,88997.5490786,88997.5511337,88997.5541368,5.058199996710755
3,713,completed,88997.5798432,88997.5820416,88997.5827759,2.932699993834831
4,713,completed,88997.5798329,88997.5820121,88997.5833242,3.4912999981315807
5,713,completed,88997.5799131,88997.5821593,88997.5838329,3.9198000013129786
2,713,completed,88997.5799628,88997.582221,88997.5843414,4.378600002382882
1,713,completed,88997.5800535,88997.5822633,88997.5848796,4.826100004720502
0,713,completed,88997.5801445,88997.5822885,88997.5853307,5.186200010939501
3,714,completed,88997.6112435,88997.6130501,88997.6137721,2.5286000018240884
0,714,completed,88997.6112728,88997.6131279,88997.6142903,3.0174999992595986
4,714,completed,88997.6112443,88997.6130659,88997.6148447,3.6003999994136393
1,714,completed,88997.6113357,88997.6131867,88997.6153021,3.966400006902404
2,714,completed,88997.6113999,88997.6132336,88997.6157243,4.324400011682883
5,714,completed,88997.6115163,88997.6132647,88997.616148,4.6316999942064285
3,715,completed,88997.6582843,88997.6601422,88997.6607855,2.5011999969137833
1,715,completed,88997.6582633,88997.6601783,88997.6612916,3.0282999941846356
4,715,completed,88997.6583445,88997.6602006,88997.6617389,3.3944000024348497
2,715,completed,88997.6582617,88997.6601656,88997.6621831,3.9213999989442527
0,715,completed,88997.6585088,88997.6603028,88997.6626227,4.113899994990788
5,715,completed,88997.6585892,88997.6603757,88997.6630909,4.501699993852526
3,716,completed,88997.6902509,88997.6926713,88997.6935019,3.2509999873582274
1,716,completed,88997.690332,88997.6928712,88997.6939992,3.6671999987447634
5,716,completed,88997.690621,88997.6929893,88997.6944827,3.8616999954683706
2,716,completed,88997.6906752,88997.6930027,88997.6949821,4.306899994844571
0,716,completed,88997.6906549,88997.6929978,88997.6954795,4.824600007850677
4,716,completed,88997.6907271,88997.6930233,88997.6959459,5.218800011789426
5,717,completed,88997.7230039,88997.7260692,88997.7267821,3.7781999999424443
0,717,completed,88997.7230559,88997.7261308,88997.7273287,4.272799997124821
3,717,completed,88997.723113,88997.7261816,88997.727833,4.719999997178093
1,717,completed,88997.7232298,88997.7262285,88997.7283229,5.093100000522099
2,717,completed,88997.7229927,88997.7262461,88997.7287981,5.805399996461347
4,717,completed,88997.7234256,88997.7263273,88997.7292291,5.80350001109764
5,718,completed,88997.754768,88997.7569302,88997.7576482,2.8802000015275553
3,718,completed,88997.7547667,88997.7569566,88997.758198,3.4312999923713505
4,718,completed,88997.7548121,88997.7570546,88997.7586603,3.8481999945361167
2,718,completed,88997.754862,88997.757103,88997.7591021,4.240099995513447
1,718,completed,88997.755058,88997.7571604,88997.7595879,4.529900004854426
0,718,completed,88997.7550154,88997.7571579,88997.7600778,5.062399999587797
0,719,completed,88997.7859708,88997.7881744,88997.7902803,4.309500000090338
2,719,completed,88997.7863066,88997.7897654,88997.7908057,4.499100003158674
3,719,completed,88997.7863476,88997.7898524,88997.7913194,4.971799993654713
5,719,completed,88997.7865647,88997.7899983,88997.7918333,5.268599998089485
4,719,completed,88997.7864415,88997.7899718,88997.7923121,5.870600012713112
1,719,completed,88997.786521,88997.7899813,88997.792817,6.29599999228958
4,720,completed,88997.8183818,88997.8201119,88997.8208165,2.434699999867007
3,720,completed,88997.8181794,88997.8200834,88997.8213241,3.14470000739675
1,720,completed,88997.8181794,88997.8201132,88997.8217394,3.559999997378327
5,720,completed,88997.8184258,88997.8202172,88997.8221158,3.6899999977322295
0,720,completed,88997.8183082,88997.8202567,88997.8225001,4.191899992292747
2,720,completed,88997.8183655,88997.8202623,88997.822944,4.578499996569008
2,721,completed,88997.8501053,88997.8520794,88997.8527468,2.641499988385476
5,721,completed,88997.8501591,88997.8521351,88997.8532553,3.0962000018917024
0,721,completed,88997.8501034,88997.8520665,88997.8537398,3.6364000116009265
4,721,completed,88997.8502278,88997.8521776,88997.8541512,3.9233999996213242
3,721,completed,88997.8503797,88997.8522508,88997.8545748,4.1951000021072105
1,721,completed,88997.8503169,88997.8522469,88997.8550625,4.745600002934225
0,722,completed,88997.8810074,88997.8832565,88997.8840896,3.082199997152202
3,722,completed,88997.8810306,88997.8833058,88997.8845992,3.568600004655309
4,722,completed,88997.8816599,88997.8835672,88997.8851395,3.4795999963534996
5,722,completed,88997.8816205,88997.88355,88997.8856147,3.9942000003065914
1,722,completed,88997.8813934,88997.8836161,88997.8860826,4.6891999954823405
2,722,completed,88997.8810731,88997.8836836,88997.8864839,5.410800004028715
2,723,completed,88997.9126268,88997.9151496,88997.9159675,3.340700000990182
1,723,completed,88997.91264,88997.9152197,88997.9164697,3.8296999991871417
4,723,completed,88997.9126454,88997.9152571,88997.9169012,4.255799998645671
5,723,completed,88997.9131275,88997.9154667,88997.9173438,4.216300003463402
0,723,completed,88997.9132114,88997.9154747,88997.9178042,4.592800003592856
3,723,completed,88997.9135814,88997.9155379,88997.91827,4.688599990913644
5,724,completed,88997.9479454,88997.9505184,88997.9512563,3.3109000069089234
2,724,completed,88997.9479857,88997.9505688,88997.9517719,3.7862000026507303
3,724,completed,88997.947962,88997.9505642,88997.952269,4.30699999560602
1,724,completed,88997.9480536,88997.9506374,88997.9526555,4.60190000012517
4,724,completed,88997.9481282,88997.9506927,88997.9531402,5.011999994167127
0,724,completed,88997.948222,88997.950706,88997.9536026,5.380599992349744
1,725,completed,88997.9803993,88997.9824601,88997.9832941,2.894800010835752
2,725,completed,88997.9803684,88997.9826482,88997.98379,3.421599991270341
4,725,completed,88997.9803746,88997.9826495,88997.9842757,3.901100004441105
0,725,completed,88997.9809662,88997.9828099,88997.9847485,3.7823000020580366
3,725,completed,88997.9810133,88997.9828254,88997.9852391,4.225800003041513
5,725,completed,88997.9809205,88997.9827872,88997.9858024,4.881899993051775
4,726,completed,88998.0118871,88998.0142798,88998.0151931,3.3059999987017363
5,726,completed,88998.0122624,88998.0146773,88998.0157094,3.4469999955035746
0,726,completed,88998.0123288,88998.0147305,88998.0161767,3.8478999922517687
3,726,completed,88998.0124203,88998.0147522,88998.0166727,4.252400001860224
2,726,completed,88998.0121505,88998.0147659,88998.0172371,5.086599994683638
1,726,completed,88998.0122005,88998.0147832,88998.0177463,5.545799998799339
4,727,completed,88998.0438322,88998.0455954,88998.0462819,2.449699997669086
2,727,completed,88998.0438799,88998.0456308,88998.0468164,2.9365000082179904
3,727,completed,88998.0439131,88998.0456714,88998.0472925,3.379400004632771
0,727,completed,88998.0439906,88998.0457119,88998.0477669,3.776300000026822
5,727,completed,88998.0438297,88998.0456864,88998.0482781,4.448400010005571
1,727,completed,88998.0442104,88998.0459644,88998.048737,4.526600008830428
1,728,completed,88998.0912099,88998.0924594,88998.0939827,2.77279999863822
0,728,completed,88998.0915219,88998.0934486,88998.0944577,2.935800002887845
4,728,completed,88998.0915543,88998.0935636,88998.0948611,3.306800004793331
5,728,completed,88998.0916265,88998.0936774,88998.095333,3.7065000069560483
2,728,completed,88998.0916826,88998.0936693,88998.0957039,4.0213000029325485
3,728,completed,88998.0917577,88998.0937139,88998.0961701,4.412400012370199
4,729,completed,88998.1225312,88998.1242404,88998.1252249,2.693699992960319
5,729,completed,88998.1225048,88998.1242028,88998.1257868,3.281999990576878
3,729,completed,88998.1227124,88998.1247569,88998.1262823,3.569900000002235
2,729,completed,88998.1226145,88998.1247624,88998.12676,4.145500002778135
0,729,completed,88998.1227313,88998.1247578,88998.1271697,4.438400006620213
1,729,completed,88998.1225045,88998.1253816,88998.1276803,5.175799989956431
4,730,completed,88998.1532689,88998.1555495,88998.1563653,3.096400003414601
0,730,completed,88998.1532892,88998.1556107,88998.1569391,3.649899997981265
3,730,completed,88998.1532639,88998.1556343,88998.1574116,4.14769999042619
5,730,completed,88998.1535118,88998.1558199,88998.1579213,4.409499990288168
2,730,completed,88998.1534075,88998.1559068,88998.1583966,4.9891000089701265
1,730,completed,88998.153367,88998.155898,88998.1588427,5.475699988892302
2,731,completed,88998.1846078,88998.1866299,88998.1875427,2.9349000105867162
0,731,completed,88998.1846795,88998.186841,88998.1880306,3.351099992869422
4,731,completed,88998.1847275,88998.1869168,88998.1884919,3.7643999967258424
1,731,completed,88998.1846576,88998.1869694,88998.188871,4.213400010485202
5,731,completed,88998.1848998,88998.1870162,88998.1892563,4.356499994173646
3,731,completed,88998.1848682,88998.1871536,88998.1897239,4.855699997278862
5,732,completed,88998.2162531,88998.218324,88998.2190117,2.758599992375821
2,732,completed,88998.2162702,88998.2183387,88998.2195281,3.257899996242486
1,732,completed,88998.2163285,88998.218403,88998.219997,3.6684999940916896
3,732,completed,88998.2165543,88998.2184871,88998.2203808,3.8265000039245933
0,732,completed,88998.2162531,88998.2185208,88998.2207677,4.514599990216084
4,732,completed,88998.2164299,88998.2185748,88998.2212276,4.797700006747618
2,733,completed,88998.2485353,88998.2506045,88998.2513954,2.860100008547306
1,733,completed,88998.2485196,88998.2505145,88998.251915,3.395399995497428
0,733,completed,88998.2485801,88998.2506938,88998.2524112,3.831099995295517
4,733,completed,88998.2486867,88998.2508707,88998.2529339,4.247200005920604
3,733,completed,88998.2488046,88998.250918,88998.2534196,4.614999998011626
5,733,completed,88998.2488805,88998.2509385,88998.2539421,5.061599993496202
5,734,completed,88998.2803065,88998.2821063,88998.2828507,2.544199989642948
4,734,completed,88998.2803324,88998.2822176,88998.2833329,3.0005000007804483
2,734,completed,88998.2803464,88998.2822546,88998.2838404,3.4940000041387975
3,734,completed,88998.2803873,88998.2823238,88998.2843336,3.9462999993702397
1,734,completed,88998.2805349,88998.2824099,88998.284789,4.254100000252947
0,734,completed,88998.2806924,88998.2824484,88998.2852592,4.566799994790927
4,735,completed,88998.3113877,88998.3133479,88998.3142337,2.846000003046356
2,735,completed,88998.3113653,88998.3132726,88998.3147315,3.36619999143295
0,735,completed,88998.311513,88998.3136567,88998.3152289,3.71590000577271
5,735,completed,88998.3114987,88998.3137534,88998.3157413,4.242599999997765
1,735,completed,88998.3118226,88998.3137701,88998.3162217,4.399100012960844
3,735,completed,88998.3117719,88998.313747,88998.3167325,4.960599995683879
0,736,completed,88998.3592971,88998.36049,88998.3620579,2.760799994575791
2,736,completed,88998.3596295,88998.3614099,88998.3626157,2.9861999937565997
5,736,completed,88998.3596608,88998.3615003,88998.3631055,3.4447000070940703
4,736,completed,88998.3598696,88998.3617302,88998.3635423,3.6726999969687313
3,736,completed,88998.3598014,88998.3616986,88998.3639912,4.189800005406141
1,736,completed,88998.3599663,88998.3617895,88998.3644657,4.499399990891106
0,737,completed,88998.3917954,88998.3948538,88998.3956909,3.8954999909037724
4,737,completed,88998.3918828,88998.3950596,88998.3962178,4.334999990533106
2,737,completed,88998.3917575,88998.395144,88998.3966931,4.935600009048358
1,737,completed,88998.3917562,88998.3951666,88998.3971874,5.431199999293312
3,737,completed,88998.3919474,88998.3952874,88998.3976793,5.731900004320778
5,737,completed,88998.3920102,88998.3953011,88998.398262,6.251800004974939
1,738,completed,88998.4230341,88998.4254098,88998.426145,3.1109000119613484
2,738,completed,88998.4230624,88998.4254926,88998.4266457,3.5833000001730397
3,738,completed,88998.4231351,88998.4255029,88998.4270827,3.947599994717166
0,738,completed,88998.423352,88998.4256093,88998.4275805,4.22850000904873
5,738,completed,88998.4230349,88998.4256275,88998.4280951,5.060199997387826
4,738,completed,88998.4234591,88998.4257318,88998.4285683,5.109200006700121
0,739,completed,88998.4539662,88998.4559662,88998.4568487,2.882500004488975
2,739,completed,88998.453995,88998.4561769,88998.4573529,3.357900000992231
3,739,completed,88998.4540282,88998.4561776,88998.4578133,3.785100008826703
5,739,completed,88998.4541906,88998.4563406,88998.4582213,4.03070000174921
4,739,completed,88998.454288,88998.4563702,88998.4586643,4.376299999421462
1,739,completed,88998.4544878,88998.4564109,88998.4591874,4.699600001913495
0,740,completed,88998.4929022,88998.4948291,88998.4956452,2.7430000045569614
2,740,completed,88998.4930291,88998.4950978,88998.4961299,3.1007999932626262
5,740,completed,88998.4931455,88998.4951396,88998.4965491,3.4035999997286126
3,740,completed,88998.4932036,88998.4951569,88998.496965,3.7614000029861927
1,740,completed,88998.4929675,88998.4952039,88998.4973998,4.4323000038275495
4,740,completed,88998.4929384,88998.4951935,88998.4978118,4.873400001088157
4,741,completed,88998.5240936,88998.5260272,88998.5269325,2.838899992639199
3,741,completed,88998.5240972,88998.5261006,88998.5274528,3.3555999980308115
5,741,completed,88998.524434,88998.52645,88998.5279773,3.5432999866316095
2,741,completed,88998.5245284,88998.5264808,88998.5284809,3.952500002924353
1,741,completed,88998.5245022,88998.5264738,88998.5290715,4.569299999275245
0,741,completed,88998.5246018,88998.5265105,88998.5296117,5.009899992728606
5,742,completed,88998.5554243,88998.5584035,88998.5593738,3.9495000091847032
3,742,completed,88998.555414,88998.558628,88998.5599233,4.509299993515015
1,742,completed,88998.5554238,88998.5585942,88998.5604687,5.0448999973014
4,742,completed,88998.5560663,88998.5587079,88998.560963,4.896699989330955
2,742,completed,88998.5561192,88998.5587118,88998.5614355,5.316299997502938
0,742,completed,88998.5560468,88998.5588091,88998.5619528,5.905999991227873
5,743,completed,88998.5868722,88998.5894434,88998.5907712,3.899000003002584
1,743,completed,88998.5872608,88998.59012,88998.5912967,4.03589999768883
3,743,completed,88998.5873171,88998.5901436,88998.591842,4.524899995885789
2,743,completed,88998.5873707,88998.5901762,88998.5923735,5.002799996873364
0,743,completed,88998.5870619,88998.5901762,88998.5928277,5.765800000517629
4,743,completed,88998.5872305,88998.5903239,88998.5933024,6.071900003007613
3,744,completed,88998.6189713,88998.6215025,88998.6221532,3.181899999617599
1,744,completed,88998.6189725,88998.6215443,88998.6226729,3.7004000041633844
4,744,completed,88998.6191026,88998.6216028,88998.6231611,4.058499995153397
2,744,completed,88998.6191896,88998.6216506,88998.6235922,4.40260001050774
5,744,completed,88998.6192997,88998.6216555,88998.6242052,4.905499998130836
0,744,completed,88998.619009,88998.6215533,88998.624694,5.684999996447004
0,745,completed,88998.6504039,88998.6523575,88998.6537329,3.328999999212101
5,745,completed,88998.6507788,88998.6530836,88998.6543744,3.5955999919679016
3,745,completed,88998.6508674,88998.6532005,88998.6548739,4.006499992101453
1,745,completed,88998.6510383,88998.6533339,88998.6553265,4.288199997972697
4,745,completed,88998.6509554,88998.6532988,88998.6557909,4.835500003537163
2,745,completed,88998.6509482,88998.6534226,88998.6562324,5.28420000046026
1,746,completed,88998.6818346,88998.6842568,88998.6852102,3.3756000048015267
4,746,completed,88998.682055,88998.684569,88998.6857284,3.6734000022988766
3,746,completed,88998.6821906,88998.6846527,88998.6861961,4.005499999038875
2,746,completed,88998.6822382,88998.6846733,88998.6866544,4.416199997649528
5,746,completed,88998.6821049,88998.6847056,88998.6871193,5.014399997889996
0,746,completed,88998.6823521,88998.6847151,88998.6876273,5.27519999013748
2,747,completed,88998.7135002,88998.7157965,88998.7166532,3.152999997837469
0,747,completed,88998.714002,88998.7159415,88998.7171949,3.19290001061745
4,747,completed,88998.7137002,88998.7159836,88998.717725,4.024800000479445
1,747,completed,88998.7140068,88998.7159451,88998.7182019,4.1951000021072105
3,747,completed,88998.7135183,88998.7162085,88998.7187201,5.201799998758361
5,747,completed,88998.7134694,88998.7161998,88998.7192119,5.742499997722916
2,748,completed,88998.7452555,88998.7471581,88998.7480153,2.759800001513213
0,748,completed,88998.745232,88998.7472801,88998.7485776,3.345599994645454
3,748,completed,88998.7453326,88998.7473792,88998.7490734,3.740800006198697
1,748,completed,88998.7453743,88998.7474319,88998.7496529,4.278600012185052
4,748,completed,88998.7457322,88998.7475042,88998.7501674,4.43519999680575
5,748,completed,88998.7456768,88998.7475157,88998.7506469,4.970100009813905
3,749,completed,88998.7924986,88998.7943546,88998.7950484,2.5498000031802803
4,749,completed,88998.7924992,88998.7943424,88998.7955935,3.0943000019760802
2,749,completed,88998.7926082,88998.7944878,88998.7960788,3.4706000005826354
5,749,completed,88998.792529,88998.7944689,88998.7966049,4.075899996678345
1,749,completed,88998.7926941,88998.7945249,88998.7970655,4.371399991214275
0,749,completed,88998.7926745,88998.7945543,88998.7974976,4.823099996428937
0,750,completed,88998.8235654,88998.8255728,88998.8263322,2.7667999966070056
1,750,completed,88998.8235999,88998.8256096,88998.826857,3.2570999901508912
2,750,completed,88998.8236277,88998.825775,88998.8273148,3.687100004754029
3,750,completed,88998.8237389,88998.825818,88998.8277908,4.051900003105402
5,750,completed,88998.8238967,88998.8258389,88998.8282784,4.381699996883981
4,750,completed,88998.8239278,88998.8258473,88998.8287766,4.848800002946518
0,751,completed,88998.8550123,88998.8561344,88998.8577911,2.7788000006694347
4,751,completed,88998.8551326,88998.8569943,88998.8583145,3.181899999617599
3,751,completed,88998.8554035,88998.8572653,88998.8587896,3.3860999974422157
2,751,completed,88998.8555537,88998.8574654,88998.8592792,3.725499991560355
5,751,completed,88998.8554633,88998.8574875,88998.859744,4.280699999071658
1,751,completed,88998.8556676,88998.8575111,88998.8602431,4.575500002829358
3,752,completed,88998.8865872,88998.8882388,88998.8895133,2.9261000017868355
1,752,completed,88998.8867112,88998.8889758,88998.8899923,3.2810999982757494
2,752,completed,88998.8866928,88998.8890152,88998.8904389,3.7460999883478507
5,752,completed,88998.8870528,88998.8890946,88998.8909085,3.8557000079890713
4,752,completed,88998.8871127,88998.8891316,88998.8914322,4.319500003475696
0,752,completed,88998.8871969,88998.8891546,88998.8919923,4.795400003786199
2,753,completed,88998.9178177,88998.9194729,88998.9204127,2.594999998109415
4,753,completed,88998.9179554,88998.919774,88998.9209552,2.999799995450303
3,753,completed,88998.9178505,88998.9198223,88998.9214319,3.5814000002574176
5,753,completed,88998.9182873,88998.9199014,88998.9219145,3.6271999997552484
1,753,completed,88998.9178669,88998.9199456,88998.9224252,4.558300002827309
0,753,completed,88998.9183412,88998.9199308,88998.9229922,4.650999995646998
3,754,completed,88998.9494012,88998.9516382,88998.9522757,2.8744999872287735
2,754,completed,88998.9493805,88998.9516437,88998.9527828,3.4023000043816864
5,754,completed,88998.9494835,88998.9517307,88998.9532625,3.779000006034039
0,754,completed,88998.9495477,88998.9517768,88998.9537244,4.1766999929677695
1,754,completed,88998.949386,88998.9518374,88998.9541618,4.775800000061281
4,754,completed,88998.9494363,88998.9518526,88998.9546195,5.183200002647936
1,755,completed,88998.9815037,88998.9835052,88998.9847172,3.213500007404946
0,755,completed,88998.9815793,88998.9840267,88998.9852444,3.6650999973062426
4,755,completed,88998.9815339,88998.9842347,88998.9856896,4.155699993134476
2,755,completed,88998.9819629,88998.9843683,88998.9861621,4.199200004222803
3,755,completed,88998.9820247,88998.9844184,88998.9866421,4.617400001734495
5,755,completed,88998.9820028,88998.9844122,88998.987118,5.115200008731335
3,756,completed,88999.0206776,88999.0230366,88999.0237435,3.065900004003197
0,756,completed,88999.0206736,88999.0230391,88999.024249,3.575399998226203
5,756,completed,88999.0207098,88999.0231518,88999.0247182,4.008400006568991
2,756,completed,88999.0208972,88999.0232307,88999.0252014,4.304200003389269
4,756,completed,88999.0210147,88999.0232499,88999.0256611,4.646399989724159
1,756,completed,88999.0208594,88999.0232251,88999.0261195,5.260100006125867
0,757,completed,88999.051531,88999.0539853,88999.0547839,3.2529000018257648
2,757,completed,88999.0516095,88999.0540982,88999.0553212,3.711699988343753
5,757,completed,88999.0517175,88999.0542102,88999.0557946,4.077100005815737
3,757,completed,88999.0517862,88999.0542334,88999.0563575,4.571299999952316
1,757,completed,88999.0516371,88999.0543037,88999.0569202,5.283100006636232
4,757,completed,88999.0515833,88999.054294,88999.0574226,5.839300007210113
1,758,completed,88999.0830545,88999.0854912,88999.0863012,3.2466999982716516
2,758,completed,88999.0831728,88999.0857463,88999.0867758,3.6029999901074916
5,758,completed,88999.0833114,88999.0857953,88999.0876879,4.376500000944361
0,758,completed,88999.0834338,88999.0858392,88999.0882087,4.774900007760152
3,758,completed,88999.0831114,88999.0858525,88999.0887198,5.608399995253421
4,758,completed,88999.0830863,88999.0858442,88999.0891772,6.090900002163835
4,759,completed,88999.1134042,88999.1151465,88999.1159985,2.59429999277927
2,759,completed,88999.1134614,88999.1153323,88999.116522,3.0605999927502126
3,759,completed,88999.1133144,88999.1153595,88999.1169914,3.6770000006072223
0,759,completed,88999.1135894,88999.1154392,88999.1174665,3.8770999963162467
1,759,completed,88999.1135525,88999.1154255,88999.1179323,4.379799996968359
5,759,completed,88999.1134322,88999.1154985,88999.1184425,5.010299995774403
1,760,completed,88999.1452257,88999.1479041,88999.1486626,3.4368999913567677
3,760,completed,88999.1452658,88999.1480167,88999.14919,3.9241999911610037
5,760,completed,88999.1453169,88999.1480863,88999.1496499,4.33300000440795
0,760,completed,88999.1453288,88999.1480948,88999.1501929,4.86409998848103
4,760,completed,88999.1455045,88999.1481665,88999.1507491,5.244599989964627
2,760,completed,88999.1456382,88999.1481715,88999.1512497,5.61149998975452
4,761,completed,88999.1760233,88999.1778678,88999.1785784,2.5550999998813495
0,761,completed,88999.1759969,88999.1778171,88999.1790996,3.1027000077301636
5,761,completed,88999.1759952,88999.1778185,88999.1796251,3.6299000057624653
1,761,completed,88999.1761498,88999.1780348,88999.1801569,4.007099996670149
3,761,completed,88999.1762494,88999.1780598,88999.1806608,4.411400004755706
2,761,completed,88999.1762475,88999.1780699,88999.1811851,4.937599995173514
3,762,completed,88999.2230548,88999.2242268,88999.2256218,2.5670000031823292
0,762,completed,88999.2233852,88999.2249806,88999.2261126,2.7273999876342714
2,762,completed,88999.2234184,88999.2250908,88999.2266083,3.189900002325885
5,762,completed,88999.2235737,88999.2252712,88999.2271509,3.577199997380376
4,762,completed,88999.2233193,88999.2253235,88999.2276147,4.295399994589388
1,762,completed,88999.2235084,88999.2253551,88999.2280597,4.551300007733516
4,763,completed,88999.2546249,88999.2553277,88999.2571205,2.495599997928366
3,763,completed,88999.2547449,88999.2558269,88999.2576481,2.90320000203792
5,763,completed,88999.2553869,88999.2568945,88999.2581552,2.7683000080287457
1,763,completed,88999.2552686,88999.2569865,88999.2586847,3.4161000075982884
2,763,completed,88999.2553261,88999.2570186,88999.2592121,3.8860000058775768
0,763,completed,88999.2552341,88999.2569775,88999.2597495,4.5153999963076785
4,764,completed,88999.2869663,88999.2878753,88999.2894508,2.484500000718981
2,764,completed,88999.2872395,88999.2888993,88999.2899954,2.7559000009205192
1,764,completed,88999.2872766,88999.2889868,88999.2904615,3.184900007909164
5,764,completed,88999.2873717,88999.2891409,88999.2909842,3.6124999896856025
3,764,completed,88999.2874508,88999.2891847,88999.2914698,4.018999999971129
0,764,completed,88999.2875126,88999.289218,88999.2920432,4.530599995632656
3,765,completed,88999.3180418,88999.3198283,88999.3206359,2.5941000058082864
4,765,completed,88999.3180418,88999.3199336,88999.3211756,3.1337999971583486
5,765,completed,88999.3181079,88999.3200012,88999.3216459,3.5379999899305403
1,765,completed,88999.3181683,88999.3200443,88999.322112,3.943699994124472
2,765,completed,88999.318335,88999.3201481,88999.3225992,4.264199989847839
0,765,completed,88999.3182962,88999.3201873,88999.3230472,4.751000000396743
1,766,completed,88999.3491447,88999.3509687,88999.3516981,2.553400001488626
4,766,completed,88999.3491308,88999.3509554,88999.3522224,3.0916000105207786
0,766,completed,88999.3492288,88999.3511193,88999.3527385,3.5097000072710216
3,766,completed,88999.3491966,88999.3511432,88999.3532525,4.055900004459545
2,766,completed,88999.3493932,88999.3512179,88999.3537484,4.35519999882672
5,766,completed,88999.3493383,88999.351199,88999.3542278,4.8894999927142635
3,767,completed,88999.3807142,88999.3823023,88999.3831638,2.4495999969076365
5,767,completed,88999.3807306,88999.3823624,88999.3836719,2.941300001111813
4,767,completed,88999.3807979,88999.3825157,88999.3841663,3.3684000081848353
2,767,completed,88999.3809139,88999.382632,88999.3846634,3.749499999685213
1,767,completed,88999.3810009,88999.3826835,88999.3851319,4.130999994231388
0,767,completed,88999.3810646,88999.3827276,88999.3856479,4.58329998946283
5,768,completed,88999.4116059,88999.4135017,88999.4141486,2.5427000073250383
2,768,completed,88999.4115901,88999.4134249,88999.4146479,3.0578000005334616
3,768,completed,88999.4115899,88999.4134212,88999.4151206,3.5306999925523996
1,768,completed,88999.4116344,88999.413531,88999.4155868,3.9523999876109883
4,768,completed,88999.4117277,88999.4135982,88999.4160426,4.314899997552857
0,768,completed,88999.4117862,88999.4136136,88999.4164829,4.69669999438338
1,769,completed,88999.4433258,88999.4452336,88999.445883,2.557199986767955
4,769,completed,88999.4432844,88999.4451698,88999.4463888,3.104400006122887
2,769,completed,88999.443296,88999.4452393,88999.4468895,3.593500005081296
3,769,completed,88999.4433424,88999.4452564,88999.4473544,4.012000004877336
5,769,completed,88999.4434487,88999.4453206,88999.4478559,4.407200001878664
0,769,completed,88999.4435047,88999.4453329,88999.4483479,4.843200003961101
4,770,completed,88999.4903435,88999.4920394,88999.4930273,2.683800004888326
0,770,completed,88999.4903657,88999.4922113,88999.4936054,3.239700003177859
5,770,completed,88999.4906671,88999.4923987,88999.494078,3.4108999971067533
1,770,completed,88999.4907667,88999.4925107,88999.4945867,3.8200000126380473
3,770,completed,88999.4908537,88999.4925542,88999.4950862,4.232499995850958
2,770,completed,88999.4907208,88999.4925163,88999.4955065,4.785700002685189
4,771,completed,88999.5217246,88999.5235122,88999.5243813,2.656700002262369
0,771,completed,88999.5217353,88999.5235508,88999.524971,3.235700001823716
1,771,completed,88999.521782,88999.5236972,88999.5254882,3.7062000046717003
3,771,completed,88999.5218067,88999.5237327,88999.5259745,4.167799997958355
2,771,completed,88999.5218775,88999.5237661,88999.5264411,4.563599999528378
5,771,completed,88999.522054,88999.5238216,88999.5269747,4.920699997455813
1,772,completed,88999.5545354,88999.5563706,88999.5573307,2.795299995341338
2,772,completed,88999.5546019,88999.5565009,88999.5578927,3.290799999376759
3,772,completed,88999.5546133,88999.5568056,88999.5584431,3.829799999948591
4,772,completed,88999.5546684,88999.5568098,88999.5589465,4.27809999382589
5,772,completed,88999.554569,88999.5568058,88999.5594675,4.898500003037043
0,772,completed,88999.5546247,88999.5567842,88999.5599872,5.362500000046566
3,773,completed,88999.586065,88999.5887959,88999.5898514,3.786400004173629
1,773,completed,88999.586333,88999.589109,88999.5909067,4.573700003675185
2,773,completed,88999.5860862,88999.5893791,88999.5913739,5.287699998007156
5,773,completed,88999.5861043,88999.5893772,88999.5918332,5.728899996029213
4,773,completed,88999.586242,88999.5894173,88999.5923418,6.09979999717325
0,773,completed,88999.5867161,88999.5895386,88999.5928396,6.123499988461845
0,774,completed,88999.6177588,88999.6202006,88999.621145,3.386199998203665
4,774,completed,88999.6179397,88999.6205691,88999.6217096,3.7699000095017254
5,774,completed,88999.6180231,88999.6206142,88999.6222226,4.199499991955236
3,774,completed,88999.6180609,88999.6206675,88999.6226751,4.614200006471947
1,774,completed,88999.6181758,88999.6206956,88999.6231037,4.927899994072504
2,774,completed,88999.6181225,88999.6207095,88999.6236438,5.521300001419149
3,775,completed,88999.6492581,88999.6520661,88999.6528268,3.568699990864843
5,775,completed,88999.6493571,88999.652195,88999.653307,3.9498999976785854
0,775,completed,88999.6492962,88999.6521822,88999.6537707,4.4744999904651195
4,775,completed,88999.6494143,88999.6523207,88999.6541578,4.743500001495704
1,775,completed,88999.6495226,88999.6523219,88999.6546792,5.156600003829226
2,775,completed,88999.6495597,88999.6523405,88999.655203,5.643299999064766
4,776,completed,88999.6802427,88999.6829439,88999.6836673,3.424600014113821
0,776,completed,88999.6802395,88999.6829503,88999.6841888,3.9493000076618046
5,776,completed,88999.6802733,88999.6829465,88999.684672,4.398700009915046
1,776,completed,88999.6803435,88999.6830028,88999.6851598,4.816300002858043
2,776,completed,88999.6803789,88999.683138,88999.6856564,5.277500007650815
3,776,completed,88999.6805846,88999.6831709,88999.6861551,5.570499997702427
3,777,completed,88999.7111294,88999.7136639,88999.7142949,3.1654999911552295
0,777,completed,88999.7113649,88999.7136268,88999.7148119,3.44700001005549
4,777,completed,88999.7115886,88999.7136868,88999.715288,3.6994000111008063
1,777,completed,88999.7111645,88999.7136638,88999.7157695,4.605000009178184
2,777,completed,88999.7117437,88999.713767,88999.7161943,4.450599997653626
5,777,completed,88999.7268193,88999.7271733,88999.7277585,0.9391999919898808
2,778,completed,88999.7582089,88999.7610883,88999.7619627,3.7537999887717888
5,778,completed,88999.7582795,88999.761362,88999.7625523,4.272799997124821
3,778,completed,88999.7583632,88999.7614061,88999.7630447,4.681499995058402
4,778,completed,88999.7584734,88999.761432,88999.763449,4.975600008037873
0,778,completed,88999.7582471,88999.7613914,88999.7639272,5.680099988239817
1,778,completed,88999.7586122,88999.7614614,88999.7644495,5.837299991981126
2,779,completed,88999.7897831,88999.7907271,88999.7926466,2.863500005332753
5,779,completed,88999.7898044,88999.7915407,88999.7932612,3.4567999973660335
1,779,completed,88999.7901471,88999.7923269,88999.7937062,3.559100005077198
3,779,completed,88999.7904009,88999.7923813,88999.7940918,3.6908999900333583
4,779,completed,88999.7904462,88999.7924056,88999.7945663,4.120099998544902
0,779,completed,88999.7905178,88999.7924393,88999.7950091,4.491300001973286
3,780,completed,88999.8216592,88999.824041,88999.8250542,3.3950000070035458
0,780,completed,88999.8219927,88999.8244229,88999.8255459,3.553200003807433
4,780,completed,88999.8220294,88999.8244388,88999.8260198,3.990400000475347
2,780,completed,88999.8221696,88999.8245362,88999.8264089,4.239300003973767
5,780,completed,88999.8222153,88999.8245817,88999.8269699,4.754599998705089
1,780,completed,88999.822193,88999.8246948,88999.8274479,5.254899995634332
3,781,completed,88999.8524574,88999.8547895,88999.8557733,3.3159000013256446
1,781,completed,88999.8524917,88999.855064,88999.8562499,3.758199993171729
2,781,completed,88999.8525446,88999.8552487,88999.8567025,4.157899995334446
0,781,completed,88999.8526618,88999.8553,88999.857101,4.439199998159893
4,781,completed,88999.8527955,88999.855381,88999.8574823,4.686799991759472
5,781,completed,88999.8525725,88999.855379,88999.858153,5.5804999865358695
4,782,completed,88999.8839374,88999.886142,88999.8869309,2.9935000056866556
0,782,completed,88999.8839609,88999.8861257,88999.8874346,3.4736999950837344
5,782,completed,88999.8840096,88999.8863755,88999.8880732,4.063599990331568
1,782,completed,88999.8841338,88999.8864135,88999.8885538,4.419999997480772
2,782,completed,88999.8841773,88999.8864462,88999.8889951,4.8177999997278675
3,782,completed,88999.8842825,88999.8864688,88999.8894937,5.211199997575022
5,783,completed,88999.9151777,88999.9175394,88999.9183434,3.1657000072300434
4,783,completed,88999.9151296,88999.9174999,88999.9189017,3.7720999971497804
0,783,completed,88999.9151564,88999.9174847,88999.919375,4.218599991872907
3,783,completed,88999.9151657,88999.9175122,88999.9198468,4.681099992012605
1,783,completed,88999.9153811,88999.9176571,88999.9202628,4.881700006080791
2,783,completed,88999.9153322,88999.9176457,88999.9207273,5.395100000896491
0,784,completed,88999.9461958,88999.9485132,88999.9492615,3.0657000024802983
3,784,completed,88999.9461784,88999.9485286,88999.9497504,3.572000001440756
5,784,completed,88999.9462169,88999.948653,88999.9504025,4.1856000025291
2,784,completed,88999.9462969,88999.948733,88999.9509163,4.619400002411567
4,784,completed,88999.9463561,88999.9487259,88999.9513963,5.0402000051690266
1,784,completed,88999.9465417,88999.9487776,88999.9519277,5.386000004364178
2,785,completed,88999.977343,88999.9790031,88999.9795808,2.237799999420531
1,785,completed,88999.9773121,88999.9789721,88999.9800807,2.7685999957611784
4,785,completed,88999.9774227,88999.9790637,88999.980567,3.144300004350953
0,785,completed,88999.9930612,88999.9944082,88999.9949817,1.9204999989597127
5,785,completed,88999.9930441,88999.9944518,88999.9955833,2.5391999952262267
3,785,completed,88999.9931098,88999.9944915,88999.9960913,2.9815000016242266
5,786,completed,89000.0238309,89000.0257077,89000.0267937,2.962800004752353
1,786,completed,89000.023831,89000.0258197,89000.0273165,3.485499997623265
3,786,completed,89000.0240698,89000.0260259,89000.0277845,3.714699996635318
2,786,completed,89000.0241745,89000.0261163,89000.0282059,4.031400007079355
0,786,completed,89000.024096,89000.0261707,89000.0286544,4.558400003588758
4,786,completed,89000.0242066,89000.0262008,89000.0291251,4.918499995255843
1,787,completed,89000.0550213,89000.0572149,89000.0579421,2.9208000050857663
4,787,completed,89000.055001,89000.0571978,89000.0584595,3.458499995758757
3,787,completed,89000.0550096,89000.0571981,89000.0589681,3.9585000049555674
5,787,completed,89000.0550931,89000.057404,89000.0594911,4.397999990032986
2,787,completed,89000.0552125,89000.0574119,89000.0600241,4.81160001072567
0,787,completed,89000.0553209,89000.0574261,89000.0605437,5.222799998591654
0,788,completed,89000.090917,89000.0928752,89000.093793,2.8759999986505136
4,788,completed,89000.0909133,89000.0929003,89000.0943096,3.396300002350472
1,788,completed,89000.0908572,89000.0929028,89000.094753,3.8957999931881204
5,788,completed,89000.0911598,89000.0931089,89000.095159,3.999200009275228
3,788,completed,89000.0908895,89000.0931029,89000.0955786,4.689099994720891
2,788,completed,89000.0910523,89000.0931624,89000.0960592,5.006899998988956
0,789,completed,89000.1215453,89000.1240267,89000.1248909,3.345599994645454
5,789,completed,89000.1215749,89000.124179,89000.1254847,3.909799997927621
2,789,completed,89000.1216183,89000.1241843,89000.1261253,4.506999990553595
3,789,completed,89000.1216537,89000.1242617,89000.1265674,4.91370000236202
4,789,completed,89000.1217541,89000.1243296,89000.1270408,5.286700004944578
1,789,completed,89000.1218093,89000.12434,89000.1275079,5.698599998140708
1,790,completed,89000.1528126,89000.1543222,89000.1555604,2.747799997450784
5,790,completed,89000.1530826,89000.1550059,89000.1560936,3.0110000079730526
3,790,completed,89000.1528131,89000.1550022,89000.1566318,3.818700002739206
0,790,completed,89000.1531123,89000.1551091,89000.1571778,4.065500004799105
4,790,completed,89000.1531924,89000.1551768,89000.1576657,4.473299995879643
2,790,completed,89000.1532751,89000.1552138,89000.158207,4.931899995426647
2,791,completed,89000.1845639,89000.1874438,89000.1900392,5.47530000039842
4,791,completed,89000.184583,89000.1876238,89000.1905595,5.976500004180707
5,791,completed,89000.1846552,89000.18762,89000.191051,6.395799995516427
1,791,completed,89000.1848052,89000.187667,89000.1915291,6.7239000054541975
0,791,completed,89000.1848692,89000.1877853,89000.1920057,7.1364999894285575
3,791,completed,89000.184907,89000.1878773,89000.1925027,7.595699993544258
5,792,completed,89000.215341,89000.2173926,89000.2182613,2.9203000012785196
3,792,completed,89000.215341,89000.2173803,89000.2188253,3.484300003037788
0,792,completed,89000.2157543,89000.2177407,89000.2192804,3.5260999866295606
1,792,completed,89000.215716,89000.217757,89000.2197603,4.044299988890998
2,792,completed,89000.2158407,89000.2177903,89000.2202832,4.442500008735806
4,792,completed,89000.2158541,89000.2177932,89000.2207338,4.87970000540372
0,793,completed,89000.2469107,89000.2493307,89000.2501127,3.201999992597848
1,793,completed,89000.2468927,89000.2494025,89000.2505907,3.6980000004405156
3,793,completed,89000.2469951,89000.2494782,89000.2510927,4.0976000018417835
5,793,completed,89000.2471554,89000.2495748,89000.2515706,4.41520000458695
4,793,completed,89000.2472195,89000.2496163,89000.2520549,4.835400002775714
2,793,completed,89000.2471635,89000.2496407,89000.2525865,5.423000009614043
3,794,completed,89000.2778919,89000.2798688,89000.2812461,3.354200001922436
2,794,completed,89000.2782747,89000.280743,89000.2817447,3.4699999960139394
5,794,completed,89000.2783386,89000.2808441,89000.282195,3.8564000133192167
4,794,completed,89000.2784771,89000.2809227,89000.2825868,4.109700006665662
1,794,completed,89000.2783955,89000.2809656,89000.2830626,4.66710000182502
0,794,completed,89000.2785913,89000.2809634,89000.2835345,4.943200008710846
1,795,completed,89000.3094722,89000.3102312,89000.3110508,1.5786000003572553
5,795,completed,89000.3249385,89000.3265807,89000.3272233,2.284800008055754
4,795,completed,89000.3250052,89000.3266481,89000.3277275,2.722300007008016
2,795,completed,89000.3251293,89000.3267093,89000.3281241,2.9947999864816666
0,795,completed,89000.3248952,89000.3267285,89000.3285048,3.609599996707402
3,795,completed,89000.3250752,89000.3268106,89000.3289879,3.9126999909058213
2,796,completed,89000.3574402,89000.3596604,89000.3605295,3.089300007559359
4,796,completed,89000.3574255,89000.3597464,89000.3610631,3.6376000061864033
3,796,completed,89000.3578474,89000.3599647,89000.3615386,3.6912000068696216
1,796,completed,89000.3579892,89000.3600199,89000.3620182,4.029000003356487
0,796,completed,89000.357941,89000.3600274,89000.3625234,4.5824000117136165
5,796,completed,89000.3580101,89000.360098,89000.3630158,5.005700004403479
2,797,completed,89000.3885219,89000.3905744,89000.3914287,2.9068000003462657
4,797,completed,89000.3885017,89000.390741,89000.3919272,3.42550000641495
3,797,completed,89000.3885932,89000.3909048,89000.3923651,3.7718999956268817
1,797,completed,89000.388964,89000.3909432,89000.3928758,3.9117999986046925
5,797,completed,89000.3890495,89000.3909562,89000.3934411,4.391599999507889
0,797,completed,89000.3889956,89000.3909468,89000.393989,4.993399998056702
1,798,completed,89000.419582,89000.4214081,89000.4226035,3.0215000006137416
5,798,completed,89000.4198934,89000.4220722,89000.4231785,3.2850999996298924
3,798,completed,89000.4199602,89000.4221085,89000.4236512,3.691000005346723
0,798,completed,89000.420006,89000.4221483,89000.4241072,4.101200000150129
4,798,completed,89000.4201239,89000.4222036,89000.4246397,4.515799999353476
2,798,completed,89000.4200848,89000.4221968,89000.425134,5.049200000939891
3,799,completed,89000.4508843,89000.4531215,89000.4541789,3.2946000137599185
0,799,completed,89000.4509274,89000.4535016,89000.4547028,3.775399993173778
4,799,completed,89000.4513585,89000.4536052,89000.4552101,3.851600005873479
5,799,completed,89000.451187,89000.4537174,89000.4557306,4.543600007309578
2,799,completed,89000.4514241,89000.4537933,89000.4562596,4.835500003537163
1,799,completed,89000.4514641,89000.4538265,89000.4567272,5.263099999865517
1,800,completed,89000.4822636,89000.4850514,89000.4857984,3.534799994667992
5,800,completed,89000.4827396,89000.4851593,89000.4863111,3.5714999976335093
3,800,completed,89000.4822933,89000.4850921,89000.4867503,4.457000002730638
4,800,completed,89000.4827203,89000.4851564,89000.4872131,4.492799998843111
2,800,completed,89000.4823277,89000.4851364,89000.4876563,5.328600003849715
0,800,completed,89000.4822929,89000.4852002,89000.488116,5.823100000270642
5,801,completed,89000.5143804,89000.517255,89000.5181115,3.7311000050976872
4,801,completed,89000.5143064,89000.5172077,89000.5186422,4.335799996624701
0,801,completed,89000.5147097,89000.5176021,89000.5190934,4.383699997561052
1,801,completed,89000.5148152,89000.5176537,89000.5195257,4.710499997599982
3,801,completed,89000.5147623,89000.5176393,89000.520019,5.25670000934042
2,801,completed,89000.5146887,89000.5176929,89000.5204097,5.720999994082376
5,802,completed,89000.5460969,89000.5484433,89000.5492109,3.1140000064624473
4,802,completed,89000.5460549,89000.5484087,89000.5497346,3.679700006614439
3,802,completed,89000.5461255,89000.5484848,89000.5502377,4.112199996598065
0,802,completed,89000.5464428,89000.5486059,89000.5507614,4.318599996622652
1,802,completed,89000.5463354,89000.5485992,89000.5512495,4.914100005407818
2,802,completed,89000.5461915,89000.5485454,89000.5517135,5.5219999921973795
4,803,completed,89000.5949272,89000.5966017,89000.5974732,2.546000003349036
5,803,completed,89000.594921,89000.5966167,89000.5979886,3.0676000023959205
0,803,completed,89000.5949097,89000.5968302,89000.5983649,3.4551999997347593
2,803,completed,89000.5950799,89000.5969786,89000.5988325,3.752600008738227
1,803,completed,89000.5950019,89000.5969602,89000.5993089,4.30699999560602
3,803,completed,89000.5951401,89000.5970027,89000.5997638,4.6236999914981425
3,804,completed,89000.6257978,89000.6277505,89000.6286039,2.8060999902663752
1,804,completed,89000.6257581,89000.6277158,89000.6292465,3.4884000051533803
4,804,completed,89000.625867,89000.6278601,89000.6297766,3.9096000109566376
5,804,completed,89000.6257773,89000.6279303,89000.6303654,4.588099996908568
2,804,completed,89000.6260611,89000.6279789,89000.6308192,4.758099996251985
0,804,completed,89000.6260191,89000.6279828,89000.6313229,5.303799989633262
2,805,completed,89000.6569521,89000.6588539,89000.6601563,3.2041999947978184
4,805,completed,89000.6573597,89000.6596706,89000.6606831,3.323400000226684
1,805,completed,89000.6573942,89000.6597087,89000.6611783,3.7841000012122095
3,805,completed,89000.6574354,89000.6597439,89000.6616011,4.165699996519834
5,805,completed,89000.6575036,89000.659775,89000.6620641,4.560500005027279
0,805,completed,89000.6575361,89000.6597677,89000.6625272,4.991099995095283
3,806,completed,89000.6887028,89000.6908322,89000.6914213,2.7184999926248565
4,806,completed,89000.6884419,89000.6908289,89000.6919681,3.526200001942925
2,806,completed,89000.6886098,89000.690815,89000.6924224,3.812599999946542
5,806,completed,89000.6884264,89000.690878,89000.6929182,4.491800005780533
1,806,completed,89000.6884264,89000.6908873,89000.6934043,4.977899996447377
0,806,completed,89000.6885087,89000.6908841,89000.6938678,5.359100003261119
5,807,completed,89000.7200502,89000.7225566,89000.7232247,3.174500001478009
0,807,completed,89000.7200503,89000.7225634,89000.7236944,3.6440999974729493
2,807,completed,89000.7200713,89000.7225955,89000.7242117,4.1403999930480495
4,807,completed,89000.7203305,89000.7227051,89000.7246301,4.29959999746643
3,807,completed,89000.7202419,89000.7226818,89000.7250982,4.856300001847558
1,807,completed,89000.7203844,89000.7227234,89000.7255708,5.186399997910485
0,808,completed,89000.7513878,89000.7536726,89000.7545147,3.126900002826005
2,808,completed,89000.7515468,89000.7539254,89000.7550236,3.4767999895848334
5,808,completed,89000.7517557,89000.7539726,89000.7554884,3.7327000027289614
1,808,completed,89000.7517445,89000.7539733,89000.7559498,4.205300007015467
3,808,completed,89000.75143,89000.7539923,89000.7564197,4.989699998986907
4,808,completed,89000.7514657,89000.7540662,89000.7569865,5.520799997611903
1,809,completed,89000.7829019,89000.7837466,89000.785437,2.5350999931106344
3,809,completed,89000.7830703,89000.7847788,89000.7859525,2.8821999876527116
5,809,completed,89000.7833052,89000.7850974,89000.786433,3.127799995127134
4,809,completed,89000.7833414,89000.7852406,89000.7869504,3.608999992138706
0,809,completed,89000.7833466,89000.7852339,89000.7874033,4.0566999959992245
2,809,completed,89000.7834371,89000.7852603,89000.7879141,4.476999994949438
0,810,completed,89000.8149735,89000.8167422,89000.8174905,2.5170000008074567
4,810,completed,89000.8149617,89000.8167206,89000.8180143,3.0526000045938417
5,810,completed,89000.8150364,89000.8168551,89000.8184889,3.4524999937275425
3,810,completed,89000.8151506,89000.8169001,89000.8189649,3.8142999983392656
2,810,completed,89000.8149145,89000.8169097,89000.8195333,4.618799997842871
1,810,completed,89000.8149147,89000.8169172,89000.8200079,5.093200001283549
2,811,completed,89000.8465226,89000.8487353,89000.8497325,3.2099000090966
0,811,completed,89000.8464833,89000.8488068,89000.8502726,3.7892999971518293
1,811,completed,89000.8469342,89000.8490959,89000.8508103,3.8761000032536685
4,811,completed,89000.846975,89000.849103,89000.8512982,4.323200002545491
3,811,completed,89000.8470545,89000.8491346,89000.85181,4.755499991006218
5,811,completed,89000.8469171,89000.8491978,89000.8523113,5.394199994043447
1,812,completed,89000.8775135,89000.8781065,89000.8801253,2.6117999950656667
3,812,completed,89000.8779317,89000.8796424,89000.8806399,2.708200001507066
4,812,completed,89000.8780022,89000.879817,89000.8811086,3.1064000067999586
5,812,completed,89000.8779141,89000.8798772,89000.88162,3.7059000023873523
2,812,completed,89000.8780624,89000.8799134,89000.8820993,4.036899990751408
0,812,completed,89000.8781156,89000.879938,89000.8826177,4.502099996898323
4,813,completed,89000.9244819,89000.9262739,89000.926948,2.46609999157954
1,813,completed,89000.9244863,89000.9262667,89000.9274403,2.953999995952472
3,813,completed,89000.9245513,89000.9263631,89000.9278936,3.3422999986214563
2,813,completed,89000.9245166,89000.9263856,89000.9283952,3.8785999931860715
5,813,completed,89000.9246466,89000.926579,89000.9288608,4.2142000020248815
0,813,completed,89000.9246327,89000.9265658,89000.9293045,4.671799993957393
0,814,completed,89000.9554759,89000.9572696,89000.9580154,2.5394999975105748
4,814,completed,89000.9555279,89000.9573625,89000.9585056,2.977700001792982
2,814,completed,89000.955438,89000.9574774,89000.9589622,3.5242000012658536
5,814,completed,89000.9556079,89000.9574923,89000.9594476,3.839700002572499
1,814,completed,89000.955438,89000.9574966,89000.959967,4.528999998001382
3,814,completed,89000.955626,89000.9574871,89000.960449,4.823000010219403
2,815,completed,89000.9865472,89000.9876113,89000.9893782,2.8310000052442774
1,815,completed,89000.9868764,89000.9889371,89000.9899439,3.067500001634471
3,815,completed,89000.9869704,89000.9890789,89000.9904254,3.4549999982118607
4,815,completed,89000.9870988,89000.9891547,89000.9908947,3.7958999891998246
0,815,completed,89000.9870589,89000.9891416,89000.9913374,4.2784999968716875
5,815,completed,89000.9869285,89000.9891295,89000.9917826,4.8540999996475875
2,816,completed,89001.0183565,89001.0209012,89001.0217325,3.375999993295409
4,816,completed,89001.0183704,89001.0209908,89001.022308,3.9376000058837235
1,816,completed,89001.0184792,89001.0210395,89001.0228019,4.322700013290159
0,816,completed,89001.0185676,89001.021142,89001.0232457,4.678099998272955
5,816,completed,89001.0183977,89001.0212226,89001.0237569,5.3592000040225685
3,816,completed,89001.0188584,89001.0212954,89001.02428,5.421599998953752
5,817,completed,89001.0495767,89001.0521399,89001.0529808,3.4041000035358593
1,817,completed,89001.0496261,89001.0521364,89001.0534968,3.87070000579115
3,817,completed,89001.0498131,89001.052303,89001.0539789,4.165799997281283
2,817,completed,89001.0497888,89001.0523842,89001.0544171,4.6282999974209815
0,817,completed,89001.0495666,89001.0524022,89001.0549045,5.337899987353012
4,817,completed,89001.049567,89001.0524547,89001.0553767,5.809700000099838
0,818,completed,89001.08113,89001.0837524,89001.0845388,3.4087999956682324
5,818,completed,89001.0811749,89001.0839366,89001.0850669,3.8920000079087913
4,818,completed,89001.081233,89001.0839688,89001.085584,4.350999995949678
1,818,completed,89001.0811332,89001.0840028,89001.0860797,4.946500004734844
2,818,completed,89001.0813187,89001.08408,89001.0866104,5.291699999361299
3,818,completed,89001.0814768,89001.084099,89001.0871483,5.6714999955147505
3,819,completed,89001.1121006,89001.1144851,89001.1153078,3.2072000030893832
4,819,completed,89001.1121436,89001.1145969,89001.1158219,3.6783000105060637
0,819,completed,89001.1121029,89001.1147451,89001.1162944,4.1914999892469496
2,819,completed,89001.1122866,89001.1147808,89001.1167372,4.450600012205541
1,819,completed,89001.1124453,89001.1148246,89001.1171915,4.746200007502921
5,819,completed,89001.1124124,89001.1148256,89001.1176951,5.28269998903852
1,820,completed,89001.1455897,89001.1482311,89001.1489983,3.408600008697249
5,820,completed,89001.1455974,89001.1483034,89001.1496798,4.082400002516806
2,820,completed,89001.1456684,89001.1483291,89001.1502204,4.5519999985117465
0,820,completed,89001.1456432,89001.1483782,89001.1507593,5.116100001032464
4,820,completed,89001.1457713,89001.1483958,89001.1512767,5.505399996764027
3,820,completed,89001.1459846,89001.1484699,89001.151829,5.844399987836368
1,821,completed,89001.1923113,89001.195006,89001.1958052,3.493900003377348
4,821,completed,89001.1922955,89001.1950108,89001.1964464,4.150900000240654
0,821,completed,89001.1924159,89001.1951178,89001.1969568,4.5409000013023615
2,821,completed,89001.1922923,89001.1951406,89001.1974627,5.170400007045828
3,821,completed,89001.1925582,89001.1952207,89001.1979544,5.396200009272434
5,821,completed,89001.1926355,89001.1952233,89001.1985511,5.915599991567433
5,822,completed,89001.2234242,89001.2261064,89001.2270203,3.5960999957751483
2,822,completed,89001.2234453,89001.2260813,89001.2275515,4.10619999456685
3,822,completed,89001.2236416,89001.2263015,89001.2280199,4.378300000098534
1,822,completed,89001.2236232,89001.2263275,89001.2284588,4.8356000042986125
0,822,completed,89001.2235251,89001.2263942,89001.2288894,5.364299999200739
4,822,completed,89001.2234974,89001.2263803,89001.2293163,5.818899997393601
4,823,completed,89001.2544756,89001.2570221,89001.2578349,3.3592999971006066
0,823,completed,89001.2545721,89001.257184,89001.2583975,3.8253999955486506
3,823,completed,89001.2544094,89001.2571984,89001.2589021,4.492699998081662
1,823,completed,89001.2544096,89001.2572743,89001.2593837,4.974099996616133
5,823,completed,89001.2547931,89001.2572557,89001.2598887,5.095600005006418
2,823,completed,89001.254739,89001.2572714,89001.2603349,5.595900001935661
3,824,completed,89001.2864146,89001.2890336,89001.2897181,3.303499994217418
1,824,completed,89001.2863178,89001.28896,89001.2902733,3.9554999966640025
5,824,completed,89001.2865439,89001.2890718,89001.2907861,4.2421999969519675
4,824,completed,89001.2862503,89001.2889557,89001.2912796,5.029299994930625
2,824,completed,89001.2862504,89001.2891218,89001.2918247,5.574300012085587
0,824,completed,89001.2862609,89001.2892361,89001.2923374,6.076499994378537
2,825,completed,89001.318055,89001.3205801,89001.3213364,3.2814000005600974
1,825,completed,89001.3181168,89001.3206605,89001.3218497,3.73290000425186
0,825,completed,89001.3180078,89001.3205831,89001.3223389,4.331100004492328
5,825,completed,89001.3180221,89001.3208058,89001.3228829,4.860800007008947
3,825,completed,89001.3182961,89001.3207713,89001.323445,5.148900003405288
4,825,completed,89001.3182485,89001.3208648,89001.3239977,5.749200005084276
5,826,completed,89001.3492564,89001.3513845,89001.3522059,2.9494999907910824
0,826,completed,89001.3492585,89001.3513531,89001.3527227,3.4641999955056235
2,826,completed,89001.3492889,89001.3516651,89001.3531954,3.9065000019036233
3,826,completed,89001.349374,89001.3517049,89001.3536373,4.26329999754671
1,826,completed,89001.3494097,89001.351767,89001.3540941,4.684400002588518
4,826,completed,89001.3495682,89001.3517528,89001.3545726,5.004399994504638
5,827,completed,89001.3811204,89001.3835082,89001.3844834,3.363000010722317
3,827,completed,89001.3811267,89001.3835096,89001.3850409,3.9142000023275614
4,827,completed,89001.3812164,89001.3836613,89001.385525,4.3086000077892095
0,827,completed,89001.3814922,89001.3838112,89001.3860287,4.536499996902421
1,827,completed,89001.3812001,89001.3837978,89001.3865227,5.3226000018185005
2,827,completed,89001.3813966,89001.3838076,89001.3869525,5.555900002946146
2,828,completed,89001.412703,89001.4152624,89001.4160512,3.3481999998912215
4,828,completed,89001.4127555,89001.4153839,89001.4165742,3.818700002739206
0,828,completed,89001.412703,89001.4152695,89001.4170733,4.370300011942163
5,828,completed,89001.4128674,89001.4154702,89001.4177248,4.8574000102235
3,828,completed,89001.4130794,89001.415541,89001.4182236,5.144200011272915
1,828,completed,89001.4129352,89001.4156159,89001.4187176,5.782399995950982
5,829,completed,89001.4448956,89001.447332,89001.4482822,3.3866000012494624
4,829,completed,89001.4448144,89001.4472732,89001.4489243,4.109899993636645
0,829,completed,89001.4449696,89001.4473892,89001.4494991,4.529500001808628
2,829,completed,89001.4450943,89001.4474339,89001.4500437,4.949399997713044
3,829,completed,89001.4448198,89001.4474258,89001.4506275,5.807699999422766
1,829,completed,89001.4448146,89001.4475951,89001.4511796,6.364999993820675
3,830,completed,89001.4923508,89001.4948507,89001.4955118,3.161000000545755
2,830,completed,89001.4923501,89001.4947552,89001.4960213,3.6712000000989065
0,830,completed,89001.492434,89001.4948581,89001.496452,4.018000006908551
5,830,completed,89001.4923865,89001.4949052,89001.4970273,4.640800005290657
4,830,completed,89001.492557,89001.4949616,89001.4975338,4.976799988071434
1,830,completed,89001.4926156,89001.494973,89001.498029,5.4133999947225675
4,831,completed,89001.5235493,89001.5256266,89001.5263511,2.8018000011797994
5,831,completed,89001.5235569,89001.5256625,89001.5271053,3.5483999963616952
0,831,completed,89001.5236467,89001.5257761,89001.5276372,3.990499986684881
3,831,completed,89001.5235221,89001.5257795,89001.5281276,4.605499998433515
2,831,completed,89001.5238226,89001.5258447,89001.528573,4.750400010379963
1,831,completed,89001.5237839,89001.5259499,89001.5290368,5.252899994957261
1,832,completed,89001.5546021,89001.5565989,89001.5574102,2.8080999909434468
0,832,completed,89001.5545864,89001.5565743,89001.5580058,3.419400003622286
4,832,completed,89001.5546594,89001.5567896,89001.558575,3.915599998435937
2,832,completed,89001.5547195,89001.5567931,89001.5590743,4.354800010332838
5,832,completed,89001.5548703,89001.5568731,89001.559631,4.760700001497753
3,832,completed,89001.5547663,89001.5568923,89001.5601235,5.357200003345497
5,833,completed,89001.5861558,89001.5883158,89001.5890489,2.893099997891113
1,833,completed,89001.5861342,89001.5882752,89001.5896082,3.4739999973680824
4,833,completed,89001.5862046,89001.5884758,89001.590038,3.8333999982569367
0,833,completed,89001.5863844,89001.5885547,89001.5905102,4.125799998291768
3,833,completed,89001.5862278,89001.5884985,89001.5909714,4.743600002257153
2,833,completed,89001.5864538,89001.5885651,89001.5914675,5.01369999255985
0,834,completed,89001.6174787,89001.6195142,89001.6203101,2.8313999937381595
2,834,completed,89001.6174898,89001.6196831,89001.6208494,3.3595999993849546
4,834,completed,89001.6176478,89001.6197502,89001.6213474,3.6995999980717897
3,834,completed,89001.617683,89001.6197651,89001.6218192,4.136199990171008
1,834,completed,89001.6177258,89001.6197827,89001.6222738,4.548000011709519
5,834,completed,89001.6175316,89001.6197939,89001.6227719,5.240300000878051
1,835,completed,89001.6505595,89001.652636,89001.6533886,2.82909999077674
3,835,completed,89001.6505584,89001.6526032,89001.6538859,3.3275000023422763
0,835,completed,89001.6505651,89001.652718,89001.6543629,3.797799989115447
2,835,completed,89001.6508035,89001.6528399,89001.6548276,4.0240999951492995
4,835,completed,89001.6506245,89001.6528733,89001.655284,4.659499987610616
5,835,completed,89001.6506491,89001.6529143,89001.6557145,5.065399993327446
2,836,completed,89001.6821096,89001.6842635,89001.6849835,2.8738999972119927
5,836,completed,89001.6820993,89001.6842229,89001.6854562,3.3568999933777377
4,836,completed,89001.6821625,89001.6843447,89001.6858956,3.7331000057747588
0,836,completed,89001.6821679,89001.6843918,89001.6863437,4.175800000666641
1,836,completed,89001.6823264,89001.6844459,89001.686781,4.454599999007769
3,836,completed,89001.6822743,89001.684632,89001.6872443,4.970000009052455
4,837,completed,89001.7130293,89001.7150413,89001.7158272,2.7979000005871058
1,837,completed,89001.7130958,89001.7151884,89001.716385,3.2892000017454848
0,837,completed,89001.7131299,89001.7152333,89001.7168877,3.757799990125932
5,837,completed,89001.7130006,89001.7152779,89001.7173285,4.327900009229779
2,837,completed,89001.7130004,89001.7152781,89001.7177507,4.750299995066598
3,837,completed,89001.7132302,89001.7152732,89001.7181927,4.962500010151416
5,838,completed,89001.7450749,89001.7469664,89001.7477562,2.6813000004040077
4,838,completed,89001.7451062,89001.7471418,89001.7482257,3.1194999901345
2,838,completed,89001.7451359,89001.7471629,89001.7486477,3.5118000087095425
1,838,completed,89001.7452261,89001.7472699,89001.74907,3.843900005449541
3,838,completed,89001.7453585,89001.7473043,89001.7496446,4.286099996534176
0,838,completed,89001.7454716,89001.7473278,89001.7501365,4.6648999996250495
2,839,completed,89001.7768681,89001.7794606,89001.7803372,3.4691000037128106
1,839,completed,89001.7768706,89001.7795814,89001.7810021,4.131499998038635
3,839,completed,89001.7769043,89001.7796144,89001.7816372,4.7328999935416505
4,839,completed,89001.7769551,89001.7796833,89001.7822392,5.28409999969881
5,839,completed,89001.7770046,89001.7796629,89001.7828474,5.8428000047570094
0,839,completed,89001.7770063,89001.7796814,89001.7834455,6.439199991291389
2,840,completed,89001.8248553,89001.8270867,89001.8279179,3.062599993427284
5,840,completed,89001.8249213,89001.8271762,89001.8284481,3.526800006511621
3,840,completed,89001.8251839,89001.8273769,89001.8289635,3.7795999960508198
1,840,completed,89001.8251236,89001.8273655,89001.8294476,4.32399999408517
0,840,completed,89001.8248337,89001.8273795,89001.8299383,5.104600000777282
4,840,completed,89001.8249125,89001.8275002,89001.8303909,5.478399994899519
2,841,completed,89001.8569335,89001.8593126,89001.859999,3.0654999864054844
0,841,completed,89001.856977,89001.859387,89001.8604827,3.5056999913649634
4,841,completed,89001.856998,89001.859447,89001.8609514,3.9533999952254817
5,841,completed,89001.8570856,89001.8594903,89001.8613817,4.296099999919534
1,841,completed,89001.856931,89001.8595222,89001.8618392,4.9082000041380525
3,841,completed,89001.8572815,89001.859614,89001.8622936,5.012100009480491
1,842,completed,89001.8888095,89001.8896293,89001.8918248,3.0152999970596284
5,842,completed,89001.8893851,89001.891435,89001.8923582,2.973099995870143
4,842,completed,89001.8890096,89001.8914851,89001.8928989,3.8893000019015744
2,842,completed,89001.8890359,89001.8914742,89001.8934108,4.374899988761172
0,842,completed,89001.8893315,89001.8915647,89001.8939218,4.590299999108538
3,842,completed,89001.889197,89001.8916689,89001.8944522,5.25519999791868
1,843,completed,89001.9198478,89001.9225738,89001.9234972,3.6493999941740185
5,843,completed,89001.9199874,89001.9229138,89001.9240252,4.037799997604452
3,843,completed,89001.9199458,89001.9230485,89001.9245381,4.5922999997856095
2,843,completed,89001.9198486,89001.9229741,89001.9250735,5.224900000030175
4,843,completed,89001.9200802,89001.9230508,89001.9255541,5.473900004290044
0,843,completed,89001.9199234,89001.9230403,89001.9260524,6.129000001237728
0,844,completed,89001.9507404,89001.9518682,89001.9536417,2.901300002122298
4,844,completed,89001.9510607,89001.9532356,89001.9541126,3.0518999992636964
1,844,completed,89001.9510917,89001.9532822,89001.9545694,3.4776999964378774
5,844,completed,89001.951142,89001.9533429,89001.954954,3.811999995377846
2,844,completed,89001.951296,89001.9534361,89001.9554218,4.125799998291768
3,844,completed,89001.9512231,89001.9534151,89001.9559017,4.678600002080202
2,845,completed,89001.9823222,89001.9841542,89001.9849163,2.5941000058082864
3,845,completed,89001.982359,89001.9842767,89001.9854297,3.0706999968970194
1,845,completed,89001.9824457,89001.9843966,89001.9858796,3.433899997617118
5,845,completed,89001.9822777,89001.9843712,89001.9863647,4.087000008439645
0,845,completed,89001.982516,89001.9844177,89001.9868548,4.33879999036435
4,845,completed,89001.9823855,89001.9844767,89001.9873505,4.965000000083819
1,846,completed,89002.0135734,89002.0155643,89002.016377,2.8036000003339723
2,846,completed,89002.0136359,89002.0158195,89002.0168499,3.2139999966602772
0,846,completed,89002.0136196,89002.0158147,89002.0173053,3.6857000086456537
3,846,completed,89002.0136795,89002.0158961,89002.0177399,4.0603999950690195
5,846,completed,89002.0138039,89002.0159354,89002.0181719,4.367999994428828
4,846,completed,89002.0138855,89002.0159583,89002.0186124,4.726900006062351
3,847,completed,89002.0452342,89002.0472742,89002.0480877,2.8534999873954803
0,847,completed,89002.0452754,89002.047469,89002.0485758,3.300399999716319
5,847,completed,89002.0452905,89002.0475212,89002.0490249,3.734400001121685
2,847,completed,89002.045373,89002.0475852,89002.0494108,4.037799997604452
4,847,completed,89002.045481,89002.0476523,89002.0497883,4.307300012442283
1,847,completed,89002.0455962,89002.0476688,89002.0502061,4.609900002833456
0,848,completed,89002.0773252,89002.078345,89002.0799603,2.6350999978603795
1,848,completed,89002.0776436,89002.0793197,89002.0804537,2.8100999916205183
4,848,completed,89002.0776937,89002.0795425,89002.0809572,3.263499995227903
3,848,completed,89002.0777459,89002.0795274,89002.0814287,3.682800001115538
2,848,completed,89002.0778539,89002.0796214,89002.0819497,4.095800002687611
5,848,completed,89002.0779085,89002.0797786,89002.0824856,4.577100000460632
0,849,completed,89002.1245662,89002.1263241,89002.1273943,2.828099997714162
1,849,completed,89002.1246048,89002.126609,89002.1278754,3.270599991083145
3,849,completed,89002.1249334,89002.1268872,89002.1283445,3.411099998629652
2,849,completed,89002.1249932,89002.1269426,89002.1288118,3.8185999874258414
4,849,completed,89002.1250447,89002.1269765,89002.1292641,4.219399997964501
5,849,completed,89002.1252599,89002.1270529,89002.1297007,4.440799995791167
4,850,completed,89002.1556477,89002.1573679,89002.1585383,2.89060000795871
0,850,completed,89002.1556599,89002.1577089,89002.1591011,3.4411999949952587
3,850,completed,89002.1560154,89002.1580196,89002.159578,3.5626000026240945
2,850,completed,89002.156055,89002.1580881,89002.1600432,3.988199998275377
5,850,completed,89002.1561344,89002.1581581,89002.1605218,4.387400011182763
1,850,completed,89002.1561903,89002.1582225,89002.1609976,4.8073000070871785
4,851,completed,89002.1911791,89002.1929818,89002.1939066,2.727500002947636
2,851,completed,89002.1912131,89002.1931974,89002.1944606,3.2475000043632463
1,851,completed,89002.1912551,89002.1932721,89002.1949176,3.6625000066123903
5,851,completed,89002.1913711,89002.1933938,89002.1953561,3.9850000030128285
3,851,completed,89002.1915359,89002.1934468,89002.1957876,4.251699996530078
0,851,completed,89002.1914515,89002.1934304,89002.1961709,4.719400007161312
0,852,completed,89002.2229629,89002.2251102,89002.2258422,2.8792999946745113
1,852,completed,89002.2230114,89002.2251702,89002.2263271,3.315699999802746
4,852,completed,89002.2229867,89002.2252325,89002.2267992,3.8124999991850927
5,852,completed,89002.2230354,89002.2252497,89002.2272781,4.242700000759214
3,852,completed,89002.2231033,89002.2252718,89002.2277456,4.642300002160482
2,852,completed,89002.2231955,89002.2253077,89002.228227,5.031499997130595
2,853,completed,89002.2544721,89002.2565946,89002.2574331,2.96100000559818
5,853,completed,89002.2545014,89002.2568089,89002.2579581,3.456699996604584
4,853,completed,89002.254567,89002.2568937,89002.2584394,3.8724000041838735
3,853,completed,89002.2545393,89002.2569049,89002.25898,4.440699995029718
0,853,completed,89002.2546661,89002.2569692,89002.2594999,4.83380000514444
1,853,completed,89002.2548215,89002.2569901,89002.2599835,5.162000001291744
4,854,completed,89002.2860858,89002.2879991,89002.2888298,2.7439999976195395
0,854,completed,89002.2861128,89002.2881964,89002.2893265,3.2137000089278445
1,854,completed,89002.2861433,89002.2882685,89002.2897305,3.587199986213818
2,854,completed,89002.2862013,89002.2883225,89002.2901716,3.970300007495098
3,854,completed,89002.2863612,89002.2883927,89002.2906341,4.2729000124381855
5,854,completed,89002.2864864,89002.2884162,89002.2911549,4.668499997933395
2,855,completed,89002.3179884,89002.3200276,89002.3207817,2.7932999946642667
0,855,completed,89002.3179952,89002.320018,89002.3212631,3.2678999996278435
3,855,completed,89002.3180828,89002.3202554,89002.3217657,3.6829000018769875
5,855,completed,89002.3181421,89002.3202681,89002.3223561,4.214000000501983
1,855,completed,89002.3180571,89002.3202732,89002.3228436,4.786500008776784
4,855,completed,89002.3181907,89002.3203,89002.3233836,5.192900003748946
1,856,completed,89002.3492654,89002.3512092,89002.3520348,2.769400001852773
3,856,completed,89002.3492457,89002.3514825,89002.3525442,3.298499999800697
4,856,completed,89002.3494119,89002.3514656,89002.3530319,3.620000003138557
0,856,completed,89002.3493643,89002.3514551,89002.3535303,4.165999998804182
2,856,completed,89002.3492803,89002.3515062,89002.3540007,4.72040000022389
5,856,completed,89002.3495451,89002.3515356,89002.3546802,5.135100000188686
2,857,completed,89002.3808537,89002.381539,89002.3834315,2.5777999981073663
4,857,completed,89002.3812274,89002.382979,89002.3840083,2.7809000021079555
0,857,completed,89002.3812877,89002.3830637,89002.3844963,3.2085999991977587
3,857,completed,89002.3813819,89002.3831889,89002.3850037,3.6217999877408147
5,857,completed,89002.3815332,89002.3832611,89002.3857079,4.174700006842613
1,857,completed,89002.3813991,89002.3835345,89002.3861081,4.709000000730157
2,858,completed,89002.4120499,89002.4129146,89002.414699,2.64910000259988
3,858,completed,89002.4123722,89002.4141801,89002.4152059,2.8337000112514943
0,858,completed,89002.4124176,89002.4142991,89002.4157212,3.3035999949788675
5,858,completed,89002.412459,89002.4143895,89002.4163681,3.909100007149391
1,858,completed,89002.4125835,89002.4144867,89002.4168804,4.296899991459213
4,858,completed,89002.4126698,89002.4145002,89002.4173473,4.677499993704259
4,859,completed,89002.4431588,89002.4444019,89002.4450022,1.843399993958883
5,859,completed,89002.4431536,89002.4443717,89002.445498,2.3443999962182716
1,859,completed,89002.4432527,89002.4445142,89002.4460388,2.7860999980475754
3,859,completed,89002.4586816,89002.4596424,89002.4602783,1.5967000072123483
2,859,completed,89002.4587121,89002.459698,89002.4608257,2.1136000141268596
0,859,completed,89002.4587857,89002.4597447,89002.4612479,2.4622000055387616
3,860,completed,89002.4901779,89002.4922685,89002.4929879,2.809999990859069
4,860,completed,89002.4901051,89002.4924333,89002.4935047,3.3995999983744696
5,860,completed,89002.4902791,89002.4924336,89002.4939926,3.7134999874979258
1,860,completed,89002.4902884,89002.4924607,89002.494516,4.227600002195686
2,860,completed,89002.4900643,89002.4923904,89002.4950075,4.943199994158931
0,860,completed,89002.4901476,89002.4924925,89002.4954944,5.346800011466257
1,861,completed,89002.5216674,89002.5237227,89002.5245391,2.871700009563938
3,861,completed,89002.5217149,89002.5238718,89002.5251052,3.3903000003192574
0,861,completed,89002.5216911,89002.5237593,89002.5257009,4.009800002677366
5,861,completed,89002.5217686,89002.523886,89002.5261952,4.426600004080683
2,861,completed,89002.5219565,89002.5240239,89002.5267628,4.806299999472685
4,861,completed,89002.5219109,89002.5240417,89002.5272276,5.316700000548735
0,862,completed,89002.5528696,89002.5549185,89002.5562828,3.413200000068173
4,862,completed,89002.5530816,89002.555602,89002.5568001,3.7185000110184774
3,862,completed,89002.5532043,89002.5557606,89002.5572421,4.037799997604452
2,862,completed,89002.5532971,89002.5557878,89002.5577015,4.404399995109998
5,862,completed,89002.55341,89002.5558969,89002.5581774,4.767400008859113
1,862,completed,89002.5535124,89002.5559997,89002.5586841,5.171700002392754
5,863,completed,89002.5840725,89002.5861344,89002.5869188,2.846300005330704
2,863,completed,89002.5841216,89002.586127,89002.5874355,3.313900000648573
1,863,completed,89002.584091,89002.5862644,89002.5879134,3.822400001809001
0,863,completed,89002.5841835,89002.5863336,89002.5883996,4.216100001940504
4,863,completed,89002.5843471,89002.5863685,89002.588881,4.533900006208569
3,863,completed,89002.5842485,89002.5863384,89002.5893648,5.116300002555363
5,864,completed,89002.6150777,89002.617448,89002.618963,3.8853000005474314
1,864,completed,89002.6154029,89002.6181358,89002.6195458,4.142899997532368
4,864,completed,89002.6155316,89002.6182476,89002.6200696,4.538000008324161
2,864,completed,89002.6156504,89002.6182908,89002.6205455,4.895100006251596
3,864,completed,89002.6154439,89002.6183774,89002.6210581,5.6142000103136525
0,864,completed,89002.6155005,89002.6183855,89002.6217015,6.200999996508472
4,865,completed,89002.6468942,89002.6488583,89002.6500754,3.1811999942874536
0,865,completed,89002.647299,89002.6495811,89002.6506796,3.380599999218248
1,865,completed,89002.6472758,89002.6495637,89002.6511526,3.8767999940318987
3,865,completed,89002.6473596,89002.6496388,89002.6516398,4.280199995264411
5,865,completed,89002.6475675,89002.6497025,89002.6520972,4.529700003331527
2,865,completed,89002.647457,89002.6496863,89002.6525631,5.106099997647107
2,866,completed,89002.6785405,89002.680392,89002.6812025,2.661999998963438
4,866,completed,89002.6789812,89002.6807513,89002.6817167,2.7354999911040068
5,866,completed,89002.6789144,89002.6807363,89002.6822044,3.2899999932851642
1,866,completed,89002.6937614,89002.6947134,89002.6953579,1.5964999911375344
3,866,completed,89002.6938194,89002.6949077,89002.6959102,2.0908000005874783
0,866,completed,89002.693825,89002.6949101,89002.6965369,2.711900000576861
0,867,completed,89002.7132096,89002.7149953,89002.7160276,2.81800000811927
1,867,completed,89002.7132595,89002.7151612,89002.7165507,3.2912000024225563
3,867,completed,89002.713316,89002.7153055,89002.7170277,3.711700002895668
4,867,completed,89002.7133164,89002.7153274,89002.7175085,4.192100008367561
2,867,completed,89002.7134522,89002.7154166,89002.7179874,4.535200001555495
5,867,completed,89002.7134993,89002.7154295,89002.7184388,4.939499995089136
3,868,completed,89002.745068,89002.7471276,89002.7480429,2.974899995024316
5,868,completed,89002.7451378,89002.7474038,89002.7485194,3.381600006832741
1,868,completed,89002.7451548,89002.7474506,89002.7489816,3.8268000062089413
2,868,completed,89002.7452197,89002.7475326,89002.7494328,4.213100008200854
0,868,completed,89002.7454786,89002.7476211,89002.7500472,4.568599993945099
4,868,completed,89002.745365,89002.7476172,89002.7505309,5.165900001884438
4,869,completed,89002.7774593,89002.7791811,89002.7800484,2.58909999683965
1,869,completed,89002.777544,89002.7793735,89002.7805523,3.0083000019658357
3,869,completed,89002.7777198,89002.77956,89002.7810566,3.3368000003974885
0,869,completed,89002.7777091,89002.779553,89002.7817269,4.017799990833737
5,869,completed,89002.7774797,89002.779543,89002.7822098,4.7301000013248995
2,869,completed,89002.7774602,89002.779512,89002.7827229,5.26269999681972
1,870,completed,89002.8244335,89002.826904,89002.827597,3.163499990478158
0,870,completed,89002.8243527,89002.8268387,89002.8282063,3.8535999919986352
2,870,completed,89002.8247653,89002.8270253,89002.828665,3.899699993780814
4,870,completed,89002.8249082,89002.8270657,89002.8291821,4.273900005500764
3,870,completed,89002.82474,89002.8271203,89002.829694,4.954000003635883
5,870,completed,89002.8248977,89002.8271795,89002.8301952,5.297499999869615
5,871,completed,89002.8563467,89002.8584822,89002.8591435,2.796799992211163
3,871,completed,89002.8563475,89002.8584372,89002.8596996,3.352100000483915
0,871,completed,89002.8563661,89002.8585668,89002.8603281,3.9620000025024638
2,871,completed,89002.8564497,89002.8585648,89002.8608096,4.359899990959093
4,871,completed,89002.8566071,89002.8586005,89002.8611982,4.591100005200133
1,871,completed,89002.8567194,89002.8586258,89002.8617127,4.993299997295253
5,872,completed,89002.8885302,89002.8914964,89002.8921795,3.6493000079644844
3,872,completed,89002.8885508,89002.8915127,89002.8926898,4.139000011491589
4,872,completed,89002.8886668,89002.8915927,89002.8931967,4.529899990302511
2,872,completed,89002.8887671,89002.8916367,89002.8936494,4.882299996097572
1,872,completed,89002.8885301,89002.8916865,89002.8941061,5.575999995926395
0,872,completed,89002.8889111,89002.8917471,89002.8946881,5.7769999984884635
0,873,completed,89002.9200471,89002.922297,89002.9230852,3.0381000105990097
1,873,completed,89002.9199849,89002.9222598,89002.9237018,3.716899998835288
2,873,completed,89002.9200094,89002.9222729,89002.9242045,4.1951000021072105
3,873,completed,89002.9201601,89002.9223327,89002.9247085,4.548400000203401
4,873,completed,89002.9199846,89002.9223654,89002.9251952,5.2106000075582415
5,873,completed,89002.9203584,89002.922464,89002.9256751,5.316700000548735
5,874,completed,89002.951626,89002.9535122,89002.9542117,2.585700000054203
2,874,completed,89002.9516257,89002.9536014,89002.9546937,3.0679999908898026
3,874,completed,89002.951645,89002.953584,89002.9551474,3.502400009892881
4,874,completed,89002.9516861,89002.9536064,89002.9556053,3.9191999967442825
0,874,completed,89002.9517959,89002.9537001,89002.9561887,4.392800008645281
1,874,completed,89002.9519006,89002.9537281,89002.9566848,4.784199991263449
4,875,completed,89002.9827649,89002.98465,89002.9852905,2.5255999935325235
1,875,completed,89002.9827417,89002.9846499,89002.9858382,3.096499989624135
5,875,completed,89002.9828981,89002.9847396,89002.9862977,3.3995999983744696
3,875,completed,89002.9827883,89002.9847153,89002.9867611,3.972799997427501
0,875,completed,89002.9827403,89002.9847575,89002.9873071,4.566800009342842
2,875,completed,89002.9829536,89002.9848701,89002.9877632,4.809599995496683
4,876,completed,89003.0147145,89003.0172573,89003.017916,3.2015000033425167
1,876,completed,89003.0147602,89003.0172533,89003.0183667,3.606499987654388
0,876,completed,89003.0142202,89003.0172346,89003.0189734,4.753200002596714
5,876,completed,89003.0142451,89003.01716,89003.019437,5.1918999961344525
2,876,completed,89003.0142387,89003.0173833,89003.0198675,5.628800005069934
3,876,completed,89003.0146922,89003.0173862,89003.0202766,5.5844000016804785
0,877,completed,89003.0456634,89003.0478248,89003.0489271,3.263699996750802
3,877,completed,89003.0458498,89003.0482519,89003.0493783,3.5285000049043447
2,877,completed,89003.0460017,89003.0483079,89003.0498303,3.828600005363114
5,877,completed,89003.0461646,89003.0483355,89003.0503146,4.14999999338761
1,877,completed,89003.0462102,89003.0483488,89003.0508039,4.593699995893985
4,877,completed,89003.0460725,89003.0483471,89003.0512787,5.206200003158301
3,878,completed,89003.0774457,89003.0807322,89003.0820446,4.59890000638552
0,878,completed,89003.077529,89003.0807984,89003.0825769,5.047899991041049
4,878,completed,89003.0774615,89003.080999,89003.0830331,5.57160000607837
5,878,completed,89003.0778729,89003.081194,89003.0834989,5.625999998301268
1,878,completed,89003.0779216,89003.081245,89003.0839806,6.059000006644055
2,878,completed,89003.0780434,89003.0815738,89003.0844977,6.454299989854917
4,879,completed,89003.1252727,89003.1271405,89003.1279216,2.6489000010769814
3,879,completed,89003.1252858,89003.1272183,89003.1284,3.114200007985346
5,879,completed,89003.1252929,89003.1271698,89003.128865,3.5721000022022054
0,879,completed,89003.1252592,89003.1272273,89003.1292816,4.022400011308491
2,879,completed,89003.1253744,89003.1272315,89003.1296841,4.309700001613237
1,879,completed,89003.1254245,89003.1272536,89003.130074,4.6494999987771735
5,880,completed,89003.1566187,89003.1596005,89003.1605842,3.96550000004936
2,880,completed,89003.1566514,89003.159737,89003.1611291,4.477700000279583
1,880,completed,89003.1570417,89003.1600871,89003.1616092,4.567500000121072
3,880,completed,89003.1571392,89003.160137,89003.1621382,4.9989999970421195
0,880,completed,89003.1570703,89003.1601165,89003.162593,5.522699997527525
4,880,completed,89003.1572018,89003.1601439,89003.1630615,5.85970000247471
4,881,completed,89003.1885188,89003.1915944,89003.1922671,3.748300005099736
3,881,completed,89003.1885256,89003.1915931,89003.1927927,4.26710001192987
2,881,completed,89003.1885641,89003.1916896,89003.1933018,4.737700000987388
1,881,completed,89003.1887216,89003.1917677,89003.1939029,5.181300002732314
0,881,completed,89003.1888718,89003.191808,89003.1944193,5.547499997192062
5,881,completed,89003.1888374,89003.191818,89003.1949065,6.069099996238947
4,882,completed,89003.2222325,89003.2241161,89003.2248128,2.5803000025916845
0,882,completed,89003.2222324,89003.2241132,89003.2252709,3.038499999092892
3,882,completed,89003.2222638,89003.2241634,89003.2258041,3.540300007443875
2,882,completed,89003.2224279,89003.2242527,89003.2262989,3.871000008075498
1,882,completed,89003.2223963,89003.2242477,89003.2268259,4.429599997820333
5,882,completed,89003.2224913,89003.2243116,89003.2273524,4.861100009293295
1,883,completed,89003.2577366,89003.2595669,89003.2603485,2.611899995827116
2,883,completed,89003.2577419,89003.2595553,89003.2608672,3.125300005194731
3,883,completed,89003.2578197,89003.2597292,89003.2613467,3.52700000803452
0,883,completed,89003.257965,89003.2598,89003.2618783,3.9133000100264326
4,883,completed,89003.2578764,89003.2597786,89003.2623513,4.474899993510917
5,883,completed,89003.2577697,89003.2597938,89003.2627923,5.02260000212118
3,884,completed,89003.2894074,89003.2916828,89003.2923871,2.9796999879181385
2,884,completed,89003.2894074,89003.2916884,89003.2929159,3.5084999981336296
0,884,completed,89003.2896113,89003.2918448,89003.2933112,3.6999000003561378
5,884,completed,89003.28942,89003.29181,89003.2938087,4.388699991977774
4,884,completed,89003.2896935,89003.291978,89003.2942906,4.597099992679432
1,884,completed,89003.2895142,89003.2919769,89003.2947976,5.283399994368665
0,885,completed,89003.3220727,89003.3252238,89003.3261618,4.089099995326251
1,885,completed,89003.3221464,89003.325573,89003.3266558,4.509400008828379
2,885,completed,89003.3220899,89003.3256555,89003.3271558,5.065899997134693
4,885,completed,89003.3223521,89003.3256417,89003.3276717,5.319599993526936
3,885,completed,89003.3220723,89003.3256779,89003.3281675,6.095200005802326
5,885,completed,89003.3222886,89003.3257922,89003.3286353,6.346699999994598
3,886,completed,89003.3531254,89003.3552258,89003.3559056,2.78019999677781
4,886,completed,89003.3531091,89003.3552409,89003.3564531,3.34399999701418
5,886,completed,89003.3531539,89003.3554416,89003.3569376,3.783699998166412
0,886,completed,89003.3531271,89003.3553963,89003.3573689,4.241800008458085
1,886,completed,89003.3531862,89003.3554547,89003.3578031,4.616900012479164
2,886,completed,89003.3532942,89003.355469,89003.3582747,4.980500001693144
2,887,completed,89003.38455,89003.3857445,89003.3871701,2.620100000058301
4,887,completed,89003.3848541,89003.3866887,89003.3877058,2.8517000027932227
0,887,completed,89003.3848906,89003.3867595,89003.3882797,3.3890999911818653
5,887,completed,89003.3846797,89003.3867989,89003.3887187,4.038999992189929
1,887,completed,89003.3850128,89003.3868694,89003.38921,4.197199988993816
3,887,completed,89003.3850266,89003.3868785,89003.3896654,4.638800004613586
5,888,completed,89003.4163299,89003.4186576,89003.4196573,3.3273999870289117
0,888,completed,89003.4167363,89003.4191424,89003.4203165,3.5802000056719407
3,888,completed,89003.4163466,89003.4191058,89003.4208066,4.459999996470287
4,888,completed,89003.4167995,89003.4191619,89003.4211937,4.3941999902017415
2,888,completed,89003.416817,89003.4191619,89003.4216568,4.839799992623739
1,888,completed,89003.4163706,89003.41925,89003.4221284,5.757799997809343
1,889,completed,89003.4486416,89003.4508366,89003.4518556,3.2139999966602772
2,889,completed,89003.4490621,89003.4512759,89003.452381,3.318899995065294
5,889,completed,89003.4486857,89003.4513326,89003.4528968,4.211099992971867
3,889,completed,89003.4486715,89003.4513221,89003.4534108,4.739299998618662
0,889,completed,89003.4491306,89003.4514203,89003.4540345,4.903900000499561
4,889,completed,89003.4491122,89003.4514458,89003.4545021,5.389899990404956
0,890,completed,89003.4800382,89003.4826071,89003.4839891,3.9509000052930787
5,890,completed,89003.4805049,89003.4833628,89003.4845024,3.997499996330589
3,890,completed,89003.4804566,89003.4833254,89003.4850089,4.5523000007960945
2,890,completed,89003.4805492,89003.4833783,89003.4854453,4.896099999314174
4,890,completed,89003.4806836,89003.4834282,89003.4859504,5.266799998935312
1,890,completed,89003.4807081,89003.4834257,89003.4864401,5.731999990530312
0,891,completed,89003.5116806,89003.5134313,89003.5147938,3.1132000003708526
4,891,completed,89003.5120988,89003.5141548,89003.5152922,3.1933999998727813
2,891,completed,89003.5121714,89003.5141968,89003.5157715,3.6000999971292913
3,891,completed,89003.5122043,89003.5142113,89003.5162251,4.020799999125302
1,891,completed,89003.5119375,89003.5142498,89003.5166903,4.752799999550916
5,891,completed,89003.5120077,89003.5143119,89003.5171974,5.189699993934482
5,892,completed,89003.5581273,89003.5598721,89003.5607116,2.5843000039458275
3,892,completed,89003.5581274,89003.5598756,89003.5612126,3.0852000054437667
0,892,completed,89003.5581504,89003.560121,89003.5618291,3.678699998999946
1,892,completed,89003.5581762,89003.5601614,89003.5622724,4.096200005733408
2,892,completed,89003.5583166,89003.5601944,89003.5627641,4.447500003152527
4,892,completed,89003.558316,89003.5601896,89003.5632516,4.935600009048358
5,893,completed,89003.5911724,89003.5932273,89003.5938418,2.669399997103028
4,893,completed,89003.5912923,89003.5932778,89003.5943222,3.029900006367825
1,893,completed,89003.5912042,89003.5932658,89003.594836,3.6318000056780875
2,893,completed,89003.5911469,89003.5932287,89003.5953238,4.176899994490668
3,893,completed,89003.5911424,89003.5931945,89003.5958351,4.692700007581152
0,893,completed,89003.5911416,89003.5932568,89003.5965457,5.404099996667355
1,894,completed,89003.6230216,89003.6249067,89003.6255935,2.571899996837601
5,894,completed,89003.6230773,89003.6249701,89003.6266439,3.5666000039782375
0,894,completed,89003.6230148,89003.624897,89003.6272134,4.198599999654107
3,894,completed,89003.6231796,89003.6251024,89003.6276543,4.474699991988018
4,894,completed,89003.6233039,89003.6251348,89003.6281064,4.802499999641441
2,894,completed,89003.6233123,89003.6250953,89003.6286433,5.331000007572584
4,895,completed,89003.6554052,89003.6576494,89003.6584178,3.0126000056043267
1,895,completed,89003.6553981,89003.6576573,89003.6589716,3.573499998310581
2,895,completed,89003.6553973,89003.6576626,89003.6594626,4.0653000032762066
0,895,completed,89003.6554608,89003.6577065,89003.6600277,4.566899995552376
3,895,completed,89003.6556695,89003.6578851,89003.6605059,4.836399995838292
5,895,completed,89003.6556335,89003.6579006,89003.661033,5.399499990744516
4,896,completed,89003.6870519,89003.6893183,89003.6900394,2.987500003655441
5,896,completed,89003.6870766,89003.6893344,89003.6905937,3.5170999908586964
1,896,completed,89003.6869648,89003.6895162,89003.6911048,4.140000004554167
0,896,completed,89003.6869645,89003.6895078,89003.6916101,4.64559999818448
2,896,completed,89003.686965,89003.6895017,89003.6922014,5.236400000285357
3,896,completed,89003.6872267,89003.6895507,89003.6927701,5.54339999507647
3,897,completed,89003.7184134,89003.7211761,89003.7224778,4.0643999964231625
0,897,completed,89003.7186187,89003.7216948,89003.7229876,4.368900001281872
5,897,completed,89003.7189391,89003.722046,89003.7235066,4.567500000121072
2,897,completed,89003.7189902,89003.7220795,89003.7240582,5.067999998573214
1,897,completed,89003.7190612,89003.722119,89003.7245425,5.481300002429634
4,897,completed,89003.7191126,89003.7221277,89003.7250228,5.91020000865683
0,898,completed,89003.752054,89003.754272,89003.755249,3.1949999975040555
4,898,completed,89003.7522089,89003.7546337,89003.7557833,3.574400005163625
1,898,completed,89003.7524344,89003.754669,89003.7562801,3.8457000046037138
3,898,completed,89003.752487,89003.7547083,89003.7567833,4.296300001442432
2,898,completed,89003.752538,89003.754725,89003.7572358,4.6978000027593225
5,898,completed,89003.7525127,89003.7547162,89003.7577272,5.214500008150935
2,899,completed,89003.7835407,89003.7854923,89003.7870678,3.527100008795969
5,899,completed,89003.7835481,89003.7854012,89003.7877909,4.2428000015206635
0,899,completed,89003.7842196,89003.7860907,89003.7883902,4.170600004727021
1,899,completed,89003.7840918,89003.7860396,89003.7889559,4.864100003032945
4,899,completed,89003.7842867,89003.7861033,89003.7894815,5.194800003664568
3,899,completed,89003.7841278,89003.7860669,89003.7900354,5.907600003411062
