camera,seq,status,capture_s,enqueue_s,finish_s,latency_ms
4,0,completed,90170.9995225,90171.0020687,90171.0085394,9.016900003189221
1,0,completed,90170.9995106,90171.0021108,90171.0104805,10.96990000223741
2,0,completed,90170.9995092,90171.0020172,90171.0124966,12.987399997655302
3,0,completed,90170.9996146,90171.0021738,90171.0144068,14.792199988733046
5,0,completed,90171.006209,90171.0085036,90171.0163007,10.091699994518422
0,0,completed,90171.0062078,90171.0087162,90171.0181107,11.902899990673177
1,1,completed,90171.0408488,90171.0435092,90171.0455928,4.744000005302951
0,1,completed,90171.0410192,90171.0435302,90171.04761,6.590799996047281
4,1,completed,90171.0409055,90171.0436223,90171.0496459,8.740399993257597
5,1,completed,90171.0410722,90171.0436817,90171.0516708,10.59860001259949
3,1,completed,90171.0409906,90171.0439795,90171.0534558,12.465200008591637
2,1,completed,90171.0410515,90171.0440895,90171.0555296,14.478099998086691
3,2,completed,90171.0687082,90171.0715308,90171.0734981,4.789900005562231
2,2,completed,90171.0687107,90171.0715504,90171.0756589,6.9481999962590635
0,2,completed,90171.0687441,90171.0716183,90171.0775838,8.839699992677197
1,2,completed,90171.0688055,90171.0716323,90171.0796196,10.814099994604476
5,2,completed,90171.0688787,90171.0717045,90171.0816496,12.770900008035824
4,2,completed,90171.0688571,90171.0718391,90171.0837241,14.866999990772456
3,3,completed,90171.1035281,90171.1065568,90171.1085889,5.0608000019565225
2,3,completed,90171.1036876,90171.1066019,90171.1106471,6.959499994991347
4,3,completed,90171.1036019,90171.1066809,90171.1125709,8.96900000225287
1,3,completed,90171.1039509,90171.1068362,90171.1146529,10.701999999582767
0,3,completed,90171.1035925,90171.1069858,90171.1164767,12.884199997643009
5,3,completed,90171.1036867,90171.1069676,90171.1183551,14.668400006485172
0,4,completed,90171.1450373,90171.1480953,90171.1500982,5.060900002717972
5,4,completed,90171.1451611,90171.1482334,90171.1520865,6.925400011823513
4,4,completed,90171.145133,90171.1482398,90171.154088,8.954999997513369
2,4,completed,90171.1451059,90171.1482445,90171.1560803,10.974400007398799
1,4,completed,90171.1450608,90171.1482497,90171.1579193,12.858500005677342
3,4,completed,90171.1451878,90171.1482942,90171.1597886,14.600800001062453
4,5,completed,90171.1658198,90171.1684271,90171.1703722,4.552400001557544
2,5,completed,90171.1658332,90171.1685009,90171.1722958,6.462600009399466
1,5,completed,90171.1660518,90171.1685202,90171.1742973,8.245499993790872
3,5,completed,90171.1658708,90171.1685616,90171.1761689,10.298099994543009
5,5,completed,90171.1659383,90171.1686451,90171.1781119,12.173600000096485
0,5,completed,90171.1797656,90171.181948,90171.1839844,4.218800007947721
1,6,completed,90171.2075062,90171.2103606,90171.212304,4.797800007509068
4,6,completed,90171.2075934,90171.2103602,90171.2141337,6.540300004417077
5,6,completed,90171.2075696,90171.2104037,90171.2161628,8.59320000745356
2,6,completed,90171.2076176,90171.2104725,90171.2179616,10.344000009354204
3,6,completed,90171.20754,90171.2105285,90171.2199567,12.41670000308659
0,6,completed,90171.2076714,90171.2106199,90171.2219958,14.324400006444193
1,7,completed,90171.2494547,90171.252059,90171.25395,4.495300003327429
5,7,completed,90171.2493506,90171.2521179,90171.2558902,6.539599999086931
2,7,completed,90171.2494438,90171.2521775,90171.257804,8.360199994058348
3,7,completed,90171.2493674,90171.2522146,90171.2595676,10.2002000057837
0,7,completed,90171.2493436,90171.2522257,90171.2612843,11.940700002014637
4,7,completed,90171.2494966,90171.2523297,90171.2631744,13.677800001460128
2,8,completed,90171.2702474,90171.2733656,90171.2752905,5.043099998147227
3,8,completed,90171.2702985,90171.2735531,90171.2773213,7.022799996775575
0,8,completed,90171.2702578,90171.2735497,90171.2792575,8.999700003187172
4,8,completed,90171.2704298,90171.2736888,90171.2811355,10.705699998652562
1,8,completed,90171.2703529,90171.2738721,90171.282833,12.480100005632266
5,8,completed,90171.2704535,90171.2739028,90171.2845451,14.091600009123795
0,9,completed,90171.3047448,90171.3076203,90171.3094711,4.726300001493655
3,9,completed,90171.3050346,90171.3076037,90171.3113517,6.317100007436238
4,9,completed,90171.3047409,90171.3076991,90171.3131729,8.432000002358109
1,9,completed,90171.3046847,90171.307699,90171.3149558,10.271100007230416
2,9,completed,90171.3050024,90171.3077743,90171.3167867,11.784300004364923
5,9,completed,90171.3051191,90171.3078292,90171.3186508,13.531700009480119
4,10,completed,90171.3394304,90171.3424411,90171.3443652,4.934800002956763
5,10,completed,90171.3394698,90171.3424663,90171.346372,6.902199995238334
3,10,completed,90171.3394822,90171.342503,90171.3483183,8.836100008920766
1,10,completed,90171.3395603,90171.342533,90171.3502351,10.674800010747276
0,10,completed,90171.3395747,90171.3425569,90171.3521831,12.60839999304153
2,10,completed,90171.3396483,90171.3426514,90171.3542006,14.55230001010932
4,11,completed,90171.3673733,90171.3700552,90171.3719437,4.570399993099272
1,11,completed,90171.3673408,90171.3700839,90171.3738926,6.551799990120344
5,11,completed,90171.3672796,90171.3700144,90171.3759287,8.649099996546283
0,11,completed,90171.3673952,90171.3700152,90171.377684,10.288800011039712
2,11,completed,90171.3673055,90171.3700989,90171.3794015,12.096000005840324
3,11,completed,90171.3672511,90171.3702278,90171.3813664,14.11530000041239
0,12,completed,90171.4019304,90171.404675,90171.4066548,4.724400001578033
4,12,completed,90171.4021847,90171.4048093,90171.4085279,6.343200002447702
5,12,completed,90171.4019655,90171.4048511,90171.4104329,8.467399995424785
2,12,completed,90171.4022485,90171.4048755,90171.412329,10.080499996547587
1,12,completed,90171.4019301,90171.4049096,90171.414249,12.318900000536814
3,12,completed,90171.402222,90171.4050303,90171.4160345,13.812499993946403
5,13,completed,90171.4369011,90171.4396617,90171.4414975,4.596400001901202
0,13,completed,90171.4369872,90171.4397234,90171.4431866,6.1993999988771975
3,13,completed,90171.4368681,90171.4397441,90171.4449415,8.073399993008934
4,13,completed,90171.436847,90171.4397123,90171.4466785,9.831499992287718
2,13,completed,90171.4369313,90171.4397498,90171.4485452,11.613899987423792
1,13,completed,90171.436968,90171.4398537,90171.450524,13.55600000533741
0,14,completed,90171.4714886,90171.4740596,90171.4760844,4.595799997332506
5,14,completed,90171.471406,90171.4741351,90171.4778017,6.395700009306893
3,14,completed,90171.4716573,90171.4741408,90171.4797409,8.08359999791719
1,14,completed,90171.471421,90171.4742235,90171.4815017,10.080699998070486
4,14,completed,90171.4714616,90171.4742227,90171.4835231,12.061500005074777
2,14,completed,90171.4716849,90171.4745373,90171.4855588,13.873900010366924
2,15,completed,90171.499163,90171.5015803,90171.5033887,4.225700002280064
3,15,completed,90171.4991823,90171.5016729,90171.505318,6.135699994047172
0,15,completed,90171.4992578,90171.5017233,90171.5074423,8.18450000951998
5,15,completed,90171.4992231,90171.501818,90171.5093372,10.11409999046009
4,15,completed,90171.5061914,90171.5084957,90171.5112668,5.075399996712804
1,15,completed,90171.5061664,90171.508724,90171.5130687,6.9023000105516985
4,16,completed,90171.5340635,90171.5369363,90171.5389846,4.92110000050161
1,16,completed,90171.5340214,90171.5370957,90171.540797,6.775599991669878
5,16,completed,90171.5340434,90171.5370795,90171.5427781,8.734700008062646
3,16,completed,90171.5340204,90171.5372027,90171.5445876,10.567200006335042
0,16,completed,90171.5341454,90171.5374361,90171.5463206,12.17519999772776
2,16,completed,90171.5341237,90171.5375417,90171.5483722,14.248500010580756
0,17,completed,90171.568713,90171.5716372,90171.5738742,5.16119999520015
1,17,completed,90171.5687179,90171.5718435,90171.5757638,7.045900012599304
3,17,completed,90171.5687629,90171.5718587,90171.5776773,8.914399993955158
4,17,completed,90171.5688163,90171.571907,90171.579535,10.71869999577757
5,17,completed,90171.5688199,90171.5720285,90171.5813178,12.497899995651096
2,17,completed,90171.5687856,90171.5720569,90171.5832815,14.495900002657436
4,18,completed,90171.5965018,90171.5992526,90171.6011356,4.633799995644949
1,18,completed,90171.5966215,90171.5992605,90171.6030034,6.381900006090291
2,18,completed,90171.596551,90171.5993876,90171.6049225,8.371500007342547
5,18,completed,90171.5965024,90171.5994498,90171.6068311,10.328699994715862
3,18,completed,90171.5965419,90171.5996629,90171.6085727,12.030800004140474
0,18,completed,90171.5966294,90171.5997283,90171.610325,13.695600006030872
1,19,completed,90171.631182,90171.6342914,90171.6362388,5.056800000602379
4,19,completed,90171.6312469,90171.6342865,90171.6381179,6.8710000050487
5,19,completed,90171.6312915,90171.6342867,90171.6401183,8.826799996313639
3,19,completed,90171.6311371,90171.6343394,90171.6420169,10.879800000111572
0,19,completed,90171.6311955,90171.6346711,90171.6437292,12.533700006315485
2,19,completed,90171.6313572,90171.6347439,90171.6455001,14.142899992293678
4,20,completed,90171.674605,90171.677063,90171.678956,4.351000010501593
2,20,completed,90171.6746994,90171.6771789,90171.6810983,6.398900004569441
0,20,completed,90171.6747271,90171.6772813,90171.6828721,8.144999999785796
3,20,completed,90171.6746731,90171.6772863,90171.684825,10.15190000180155
5,20,completed,90171.6747573,90171.6773202,90171.6868185,12.061200002790429
1,20,completed,90171.6746421,90171.6773294,90171.68869,14.04789999651257
5,21,completed,90171.7006241,90171.7034325,90171.7053015,4.67739999294281
3,21,completed,90171.7005778,90171.7035223,90171.707179,6.601200002478436
4,21,completed,90171.7006914,90171.7035664,90171.7091261,8.434700008365326
0,21,completed,90171.7008236,90171.7036398,90171.7109086,10.085000001708977
1,21,completed,90171.7007574,90171.7036488,90171.7128615,12.104099994758144
2,21,completed,90171.7008128,90171.7036843,90171.7148757,14.062899994314648
1,22,completed,90171.7353299,90171.7378481,90171.7399554,4.6255000052042305
2,22,completed,90171.7353817,90171.7379186,90171.7419214,6.539699999848381
0,22,completed,90171.7354932,90171.7380949,90171.7439882,8.495000001857989
3,22,completed,90171.7353396,90171.7381424,90171.7457615,10.421900005894713
5,22,completed,90171.73543,90171.7381475,90171.7476975,12.267500002053566
4,22,completed,90171.735511,90171.7382532,90171.7494452,13.934199989307672
3,23,completed,90171.7769916,90171.7801885,90171.7822482,5.256600008578971
1,23,completed,90171.7770242,90171.7803259,90171.7844473,7.423100003506988
5,23,completed,90171.776979,90171.7803259,90171.7863903,9.411299994098954
2,23,completed,90171.7771254,90171.780457,90171.7882876,11.162199996761046
0,23,completed,90171.7770727,90171.7804637,90171.7900257,12.952999997651204
4,23,completed,90171.7771376,90171.7806654,90171.7918198,14.682199995149858
0,24,completed,90171.8047024,90171.8074398,90171.8093211,4.618699997081421
5,24,completed,90171.8047166,90171.8074219,90171.8112272,6.510599996545352
2,24,completed,90171.8048331,90171.8075944,90171.8132161,8.382999993045814
3,24,completed,90171.8047836,90171.8076775,90171.814991,10.20740000240039
4,24,completed,90171.8048643,90171.807812,90171.8167313,11.86700000835117
1,24,completed,90171.8047503,90171.8079043,90171.8186513,13.900999998440966
0,25,completed,90171.8324558,90171.834786,90171.8368717,4.41589999536518
1,25,completed,90171.8324705,90171.8348584,90171.8385812,6.110700007411651
5,25,completed,90171.8325031,90171.8348917,90171.8407903,8.287200005725026
3,25,completed,90171.839518,90171.8418759,90171.8436553,4.137300013098866
4,25,completed,90171.8394783,90171.8419406,90171.8454924,6.014099999447353
2,25,completed,90171.8395034,90171.842085,90171.8475494,8.046000002650544
0,26,completed,90171.8672439,90171.8700442,90171.8720875,4.8436000070068985
2,26,completed,90171.8672369,90171.8700443,90171.8738536,6.616700004087761
3,26,completed,90171.8676231,90171.8704285,90171.8757678,8.144699997501448
5,26,completed,90171.8676252,90171.8704288,90171.8776504,10.025199997471645
4,26,completed,90171.8672929,90171.8705228,90171.8793539,12.06100000126753
1,26,completed,90171.8673017,90171.8705516,90171.881096,13.794300000881776
4,27,completed,90171.9021711,90171.9049487,90171.9068526,4.681500009610318
5,27,completed,90171.9021182,90171.9049081,90171.9087083,6.590100005269051
1,27,completed,90171.9020737,90171.9050849,90171.9105343,8.46060000185389
0,27,completed,90171.9021456,90171.90507,90171.9123024,10.156799995456822
2,27,completed,90171.9021902,90171.9051026,90171.9142625,12.072299999999814
3,27,completed,90171.9020837,90171.9051042,90171.916268,14.184300001943484
1,28,completed,90171.9368026,90171.9394073,90171.9414471,4.644500004360452
3,28,completed,90171.9367293,90171.9395677,90171.9433594,6.630100004258566
5,28,completed,90171.9367713,90171.9395597,90171.9453414,8.570100006181747
2,28,completed,90171.9368205,90171.9396641,90171.9472985,10.477999996510334
4,28,completed,90171.9366816,90171.939706,90171.9492306,12.549000006401911
0,28,completed,90171.9367043,90171.9397411,90171.9513874,14.683100002002902
0,29,completed,90171.9715268,90171.9744264,90171.9764833,4.956499993568286
4,29,completed,90171.9715352,90171.9745168,90171.9784347,6.899499989231117
5,29,completed,90171.971636,90171.9746451,90171.9802824,8.646400005090982
2,29,completed,90171.971569,90171.9746843,90171.9822058,10.636799997882918
1,29,completed,90171.97166,90171.9747782,90171.9841328,12.472800008254126
3,29,completed,90171.9715983,90171.9748945,90171.9860577,14.459400001214817
1,30,completed,90171.9991168,90172.0014921,90172.0032929,4.176100002950989
5,30,completed,90171.9991088,90172.001516,90172.005735,6.626200003665872
3,30,completed,90171.9991425,90172.0015456,90172.0080442,8.901699999114498
2,30,completed,90171.9991943,90172.0017371,90172.0099188,10.724499996285886
0,30,completed,90172.0061567,90172.0084443,90172.0117639,5.6072000006679446
4,30,completed,90172.0062047,90172.0086527,90172.0136927,7.48800000292249
1,31,completed,90172.0341036,90172.0369735,90172.0388939,4.790299994056113
0,31,completed,90172.0340079,90172.0369728,90172.0408128,6.804899996495806
2,31,completed,90172.034141,90172.0369723,90172.042773,8.631999997305684
5,31,completed,90172.034191,90172.0371487,90172.044516,10.324999995646067
3,31,completed,90172.0341345,90172.0374638,90172.0462533,12.118799990275875
4,31,completed,90172.03406,90172.0374839,90172.0480111,13.951100001577288
1,32,completed,90172.0686269,90172.0707685,90172.0716428,3.0159000016283244
0,32,completed,90172.0685971,90172.0707185,90172.0722665,3.6694000009447336
4,32,completed,90172.0688079,90172.0709261,90172.0727055,3.8976000068942085
3,32,completed,90172.0687069,90172.0709108,90172.0731609,4.454000008990988
2,32,completed,90172.0687413,90172.0710031,90172.0737695,5.0282000011065975
5,32,completed,90172.0686641,90172.0710479,90172.074214,5.549899986363016
4,33,completed,90172.1033075,90172.1049657,90172.10585,2.5425000058021396
1,33,completed,90172.103352,90172.1050323,90172.1064658,3.1137999903876334
0,33,completed,90172.1033842,90172.1051022,90172.1070507,3.666499993414618
3,33,completed,90172.1036829,90172.1053697,90172.1075197,3.836800009594299
2,33,completed,90172.1037746,90172.105437,90172.1081506,4.37600001168903
5,33,completed,90172.1037454,90172.1055244,90172.1085838,4.8383999965153635
0,34,completed,90172.1381675,90172.1401382,90172.1410258,2.858299994841218
3,34,completed,90172.1381683,90172.1401928,90172.1415418,3.3734999888110906
5,34,completed,90172.1382453,90172.1404056,90172.1420204,3.7751000054413453
2,34,completed,90172.1383842,90172.1404083,90172.1426244,4.240199996274896
1,34,completed,90172.1382827,90172.1403986,90172.1432918,5.009100001188926
4,34,completed,90172.1384194,90172.1404983,90172.1438196,5.400199996074662
3,35,completed,90172.1728791,90172.1751861,90172.1758583,2.979199998662807
5,35,completed,90172.1729739,90172.1752359,90172.1763664,3.3925000025192276
0,35,completed,90172.1729006,90172.1751147,90172.1770232,4.12260000302922
2,35,completed,90172.1728823,90172.1751441,90172.1775303,4.648000001907349
1,35,completed,90172.1729802,90172.1752808,90172.1780984,5.118200002470985
4,35,completed,90172.1729157,90172.1754117,90172.178545,5.6293000088771805
3,36,completed,90172.2006558,90172.203004,90172.2036628,3.0070000066189095
4,36,completed,90172.2005853,90172.2030292,90172.2041703,3.5849999985657632
2,36,completed,90172.20062,90172.2028334,90172.204645,4.0250000020023435
5,36,completed,90172.2008487,90172.2031146,90172.2051044,4.255699997884221
0,36,completed,90172.2007649,90172.2030926,90172.2057332,4.968299996107817
1,36,completed,90172.2009714,90172.2031342,90172.2063646,5.393200000980869
4,37,completed,90172.2352271,90172.2365515,90172.2378271,2.6000000070780516
3,37,completed,90172.23528,90172.2369804,90172.238344,3.064000004087575
2,37,completed,90172.2355187,90172.2372036,90172.2388106,3.2918999932007864
5,37,completed,90172.2354785,90172.2374994,90172.2392725,3.7939999892842025
0,37,completed,90172.2356146,90172.2375437,90172.2398428,4.228200006764382
1,37,completed,90172.2355702,90172.2375159,90172.2404241,4.853899998124689
0,38,completed,90172.2700242,90172.2720076,90172.2730209,2.996700000949204
1,38,completed,90172.2700943,90172.2722777,90172.2737406,3.6462999996729195
2,38,completed,90172.2701683,90172.2723216,90172.2742119,4.043599998112768
4,38,completed,90172.2700758,90172.2723496,90172.2746802,4.604400004609488
5,38,completed,90172.2702502,90172.2723805,90172.2751565,4.90630000422243
3,38,completed,90172.2703185,90172.2723942,90172.2755943,5.275799994706176
2,39,completed,90172.2977511,90172.2996967,90172.3004273,2.676199990673922
0,39,completed,90172.2977828,90172.2997863,90172.3010492,3.2664000027580187
4,39,completed,90172.2977685,90172.2997661,90172.3014856,3.7171000003581867
3,39,completed,90172.297953,90172.2999678,90172.3019486,3.995599996414967
1,39,completed,90172.2979176,90172.299974,90172.3025312,4.613600001903251
5,39,completed,90172.2981405,90172.3000043,90172.30303,4.8894999927142635
5,40,completed,90172.332425,90172.3335162,90172.3340448,1.6197999939322472
1,40,completed,90172.3324732,90172.3335138,90172.3346581,2.184899989515543
3,40,completed,90172.3324576,90172.3335079,90172.3351267,2.66909999481868
0,40,completed,90172.3395557,90172.3412002,90172.3419309,2.3751999979140237
2,40,completed,90172.3396709,90172.3412726,90172.3424304,2.759499999228865
4,40,completed,90172.3396363,90172.341294,90172.3428848,3.2484999974258244
4,41,completed,90172.3741964,90172.3763014,90172.3769617,2.765300014289096
1,41,completed,90172.37429,90172.3763741,90172.3775944,3.304399986518547
2,41,completed,90172.3741952,90172.3763932,90172.3780546,3.8594000070588663
0,41,completed,90172.3743928,90172.3764229,90172.378634,4.241199989337474
3,41,completed,90172.3743226,90172.3764795,90172.3790802,4.757600006996654
5,41,completed,90172.3742167,90172.3763011,90172.3795381,5.321399992681108
0,42,completed,90172.401935,90172.4035329,90172.4046243,2.689300003112294
1,42,completed,90172.401951,90172.4035937,90172.4052859,3.334899985929951
2,42,completed,90172.4020613,90172.4037183,90172.4057985,3.737199993338436
4,42,completed,90172.4021628,90172.4041592,90172.406248,4.085199994733557
3,42,completed,90172.401992,90172.4041493,90172.4067047,4.712699999799952
5,42,completed,90172.4022406,90172.4042342,90172.4071612,4.920599996694364
4,43,completed,90172.4367071,90172.4386587,90172.4398647,3.157600003760308
5,43,completed,90172.4367112,90172.4387664,90172.4405674,3.8561999972444028
3,43,completed,90172.4368119,90172.4388409,90172.4412287,4.416800002218224
0,43,completed,90172.4368559,90172.4392381,90172.4419425,5.086599994683638
1,43,completed,90172.4367838,90172.4392697,90172.442715,5.931199993938208
2,43,completed,90172.4369432,90172.4393233,90172.4433968,6.453599999076687
5,44,completed,90172.4714064,90172.4734686,90172.4744005,2.9940999957034364
1,44,completed,90172.4714568,90172.4734771,90172.4751206,3.663799987407401
3,44,completed,90172.4715142,90172.4735569,90172.4757882,4.273999991710298
0,44,completed,90172.4715691,90172.4736649,90172.4764258,4.856700004893355
2,44,completed,90172.4714143,90172.4737047,90172.4770697,5.655400003888644
4,44,completed,90172.4716773,90172.4738081,90172.4777206,6.043300003511831
0,45,completed,90172.4992171,90172.5013014,90172.5021213,2.904199995100498
4,45,completed,90172.4992963,90172.5013786,90172.5027534,3.4570999996503815
1,45,completed,90172.4992169,90172.5013131,90172.503347,4.130100001930259
5,45,completed,90172.4993643,90172.5014503,90172.5044877,5.123399998410605
3,45,completed,90172.4992651,90172.501416,90172.5050781,5.8129999961238354
2,45,completed,90172.4993945,90172.5014527,90172.5056945,6.299999993643723
3,46,completed,90172.5338869,90172.535731,90172.5366918,2.8049000102328137
1,46,completed,90172.5339774,90172.5358781,90172.5373308,3.3533999958308414
5,46,completed,90172.5340698,90172.5360121,90172.537944,3.874199988786131
2,46,completed,90172.5340535,90172.5360411,90172.5385324,4.47889999486506
0,46,completed,90172.5338861,90172.5360367,90172.5391106,5.2244999969843775
4,46,completed,90172.5339474,90172.5361041,90172.539684,5.736599996453151
0,47,completed,90172.5756871,90172.5778846,90172.578745,3.057900001294911
4,47,completed,90172.5756597,90172.5779534,90172.5793827,3.723000001627952
2,47,completed,90172.5757362,90172.5779408,90172.5800034,4.267199998139404
1,47,completed,90172.5757761,90172.577995,90172.5806668,4.8907000018516555
3,47,completed,90172.5758035,90172.5781286,90172.5813323,5.528800000320189
5,47,completed,90172.5758981,90172.5781534,90172.5819815,6.0834000032627955
2,48,completed,90172.6033099,90172.6052021,90172.606115,2.805099997203797
3,48,completed,90172.6033354,90172.6052801,90172.6067349,3.3994999976130202
0,48,completed,90172.6033723,90172.6053385,90172.6073021,3.929800004698336
1,48,completed,90172.603532,90172.6054661,90172.607943,4.411000001709908
5,48,completed,90172.6034497,90172.6055578,90172.6085577,5.108000012114644
4,48,completed,90172.6034497,90172.6055726,90172.609143,5.693300001439638
3,49,completed,90172.6311705,90172.6330627,90172.6339295,2.7590000099735335
4,49,completed,90172.6310713,90172.6331829,90172.6346015,3.530200003297068
2,49,completed,90172.6312157,90172.6331629,90172.635223,4.007299998193048
5,49,completed,90172.6310711,90172.6331833,90172.6358837,4.812600003788248
1,49,completed,90172.6311145,90172.6332216,90172.6364892,5.374699991079979
0,49,completed,90172.6313213,90172.6333027,90172.6370738,5.752500001108274
1,50,completed,90172.6659111,90172.6678485,90172.668942,3.030899999430403
5,50,completed,90172.6660467,90172.6680408,90172.6697548,3.7080999900354072
0,50,completed,90172.6659577,90172.6680554,90172.670377,4.419300006702542
4,50,completed,90172.665992,90172.6680367,90172.6710614,5.0694000092335045
3,50,completed,90172.6659038,90172.6681065,90172.6716744,5.770599993411452
2,50,completed,90172.666165,90172.6682713,90172.6722753,6.110300004365854
3,51,completed,90172.7006151,90172.7024616,90172.7034017,2.786600001854822
5,51,completed,90172.7007163,90172.7026174,90172.7040714,3.35510000877548
4,51,completed,90172.7006445,90172.7026749,90172.7047375,4.0929999959189445
0,51,completed,90172.7006085,90172.7026664,90172.7054202,4.811699996935204
1,51,completed,90172.700789,90172.7027671,90172.706007,5.2180000056978315
2,51,completed,90172.7008749,90172.702791,90172.7066074,5.732500008889474
0,52,completed,90172.7352224,90172.7371276,90172.7380399,2.8174999897601083
5,52,completed,90172.7353014,90172.7372097,90172.7387033,3.401900001335889
3,52,completed,90172.7353452,90172.7374147,90172.7392868,3.9416000072378665
1,52,completed,90172.7354336,90172.7374056,90172.7398665,4.43289999384433
4,52,completed,90172.735255,90172.7374284,90172.7404304,5.175399986910634
2,52,completed,90172.7354006,90172.7375147,90172.741114,5.713400008971803
3,53,completed,90172.7700627,90172.7723364,90172.7732117,3.148999996483326
2,53,completed,90172.7700273,90172.7722783,90172.7738883,3.8610000046901405
1,53,completed,90172.7701432,90172.7724075,90172.7745304,4.387199995107949
5,53,completed,90172.7701814,90172.7724209,90172.7751548,4.973399991285987
4,53,completed,90172.770035,90172.772451,90172.7757362,5.701200003386475
0,53,completed,90172.7700862,90172.7725071,90172.7764378,6.35159999364987
3,54,completed,90172.7977682,90172.7986771,90172.7995026,1.7343999934382737
1,54,completed,90172.7977506,90172.7988638,90172.8001278,2.377199998591095
2,54,completed,90172.7977752,90172.7988973,90172.8007509,2.9757000011159107
0,54,completed,90172.8048871,90172.8062772,90172.8070109,2.1237999899312854
4,54,completed,90172.8048626,90172.8062506,90172.8076541,2.791500010062009
5,54,completed,90172.8049597,90172.8063635,90172.8082584,3.2986999867716804
2,55,completed,90172.8326025,90172.834361,90172.8352562,2.653699993970804
3,55,completed,90172.8327543,90172.8345519,90172.8359003,3.145999988191761
0,55,completed,90172.8325759,90172.8345991,90172.8364671,3.8912000018171966
5,55,completed,90172.8326257,90172.8346808,90172.837031,4.405300001963042
4,55,completed,90172.8327071,90172.8346935,90172.837584,4.876899998635054
1,55,completed,90172.8326702,90172.8346958,90172.8381948,5.524599997443147
0,56,completed,90172.8673296,90172.869553,90172.8705354,3.2057999924290925
2,56,completed,90172.8674753,90172.8696336,90172.8712005,3.725200003827922
1,56,completed,90172.8672374,90172.869752,90172.8717982,4.560799992759712
3,56,completed,90172.8672903,90172.8697746,90172.8724083,5.118000000948086
4,56,completed,90172.8673944,90172.8697925,90172.8729879,5.593499998212792
5,56,completed,90172.8672374,90172.8697503,90172.8735705,6.333099998300895
2,57,completed,90172.9019717,90172.9037552,90172.9046781,2.7064000023528934
1,57,completed,90172.9020953,90172.9040218,90172.9053278,3.2325000065611675
0,57,completed,90172.9020469,90172.9040635,90172.9059572,3.9103000017348677
3,57,completed,90172.9020731,90172.9040382,90172.9065859,4.512799991061911
5,57,completed,90172.9019955,90172.9040939,90172.907176,5.1804999966407195
4,57,completed,90172.9021551,90172.9041658,90172.9077515,5.596399991190992
3,58,completed,90172.9368911,90172.9387472,90172.9395465,2.6553999923635274
1,58,completed,90172.9368133,90172.9386537,90172.9402116,3.3983000030275434
2,58,completed,90172.9367762,90172.9388255,90172.940781,4.00479999370873
5,58,completed,90172.9368609,90172.9389038,90172.9413858,4.524900010437705
4,58,completed,90172.9368352,90172.9388839,90172.94206,5.2247999992687255
0,58,completed,90172.9369835,90172.9389457,90172.9428274,5.843899998581037
0,59,completed,90172.9643997,90172.9663526,90172.9672253,2.825600007781759
1,59,completed,90172.9645492,90172.9665002,90172.9678818,3.3325999975204468
4,59,completed,90172.9644718,90172.9664685,90172.9684704,3.9985999901546165
2,59,completed,90172.9645441,90172.9665392,90172.969071,4.526899996562861
3,59,completed,90172.9644179,90172.9665907,90172.9697913,5.3733999957330525
5,59,completed,90172.9644338,90172.9666013,90172.9705195,6.0856999916723
0,60,completed,90172.9992388,90173.001192,90173.0021682,2.929399997810833
1,60,completed,90172.9992236,90173.0013851,90173.0028878,3.664200005005114
2,60,completed,90172.9994891,90173.0014503,90173.0035769,4.087799999979325
3,60,completed,90172.9993026,90173.0014901,90173.0048146,5.512000003363937
5,60,completed,90172.999277,90173.0014716,90173.0055363,6.259300003875978
4,60,completed,90172.9993933,90173.0015441,90173.0063411,6.947800007765181
1,61,completed,90173.0338993,90173.0361858,90173.037076,3.176699989126064
2,61,completed,90173.0339768,90173.0361996,90173.0377005,3.723700006958097
5,61,completed,90173.0339181,90173.0363885,90173.0382791,4.360999999335036
3,61,completed,90173.0341479,90173.0364833,90173.0388561,4.708199994638562
0,61,completed,90173.0341165,90173.0364817,90173.039425,5.3084999963175505
4,61,completed,90173.03435,90173.036515,90173.0399994,5.64940000185743
3,62,completed,90173.0687819,90173.0710655,90173.072022,3.240099991671741
5,62,completed,90173.0686928,90173.0712016,90173.0727181,4.025299989734776
1,62,completed,90173.0688158,90173.0710767,90173.0733446,4.528799996478483
0,62,completed,90173.0687113,90173.0712273,90173.0740939,5.382599993026815
4,62,completed,90173.0686932,90173.0712276,90173.0751468,6.453599999076687
2,62,completed,90173.068731,90173.0712173,90173.07681,8.078999991994351
5,63,completed,90173.1033802,90173.1057322,90173.1064755,3.0952999950386584
3,63,completed,90173.1034016,90173.1057674,90173.1070924,3.690799989271909
2,63,completed,90173.1034629,90173.1056268,90173.1076903,4.227400000672787
0,63,completed,90173.103506,90173.1056341,90173.1083118,4.8057999956654385
4,63,completed,90173.1036533,90173.1058693,90173.1088864,5.23310000426136
1,63,completed,90173.103552,90173.1058561,90173.1095637,6.011699995724484
2,64,completed,90173.145233,90173.1473715,90173.148177,2.9439999925671145
1,64,completed,90173.1450937,90173.1473895,90173.1488707,3.776999990805052
4,64,completed,90173.1450938,90173.1473908,90173.1495035,4.409699991811067
0,64,completed,90173.1451529,90173.1473951,90173.150171,5.018099996959791
5,64,completed,90173.1453213,90173.147467,90173.1508148,5.493499993463047
3,64,completed,90173.1453156,90173.147466,90173.1514385,6.122899998445064
5,65,completed,90173.1743209,90173.1761006,90173.1770047,2.683800004888326
0,65,completed,90173.1743643,90173.1762139,90173.1776733,3.309000006993301
3,65,completed,90173.1745148,90173.1763185,90173.1782606,3.745800000615418
4,65,completed,90173.1744886,90173.1763232,90173.1788559,4.367300003650598
2,65,completed,90173.1742851,90173.1763088,90173.179449,5.163900001207367
1,65,completed,90173.1743896,90173.17639,90173.1802459,5.856300005689263
3,66,completed,90173.200636,90173.2029433,90173.203789,3.153000012389384
1,66,completed,90173.2008701,90173.2030138,90173.2045434,3.6733000015374273
2,66,completed,90173.2007233,90173.2030708,90173.2051691,4.445799990207888
0,66,completed,90173.2006489,90173.2030391,90173.2057839,5.134999999427237
5,66,completed,90173.2005953,90173.2030252,90173.206386,5.790700000943616
4,66,completed,90173.2007521,90173.2030809,90173.207002,6.2498999905074015
3,67,completed,90173.2353787,90173.237253,90173.2380179,2.639199999975972
4,67,completed,90173.2354378,90173.2372436,90173.2386643,3.226500004529953
1,67,completed,90173.2352849,90173.2373146,90173.2392512,3.9662999915890396
5,67,completed,90173.2353121,90173.2373391,90173.2398362,4.524099989794195
0,67,completed,90173.2353342,90173.2373529,90173.2404148,5.080600007204339
2,67,completed,90173.2355185,90173.2374269,90173.241034,5.5155000009108335
3,68,completed,90173.2700587,90173.2723751,90173.2731897,3.1310000049415976
1,68,completed,90173.2701313,90173.2725269,90173.2738701,3.7388000055216253
5,68,completed,90173.2700748,90173.2724989,90173.2744573,4.38249998842366
4,68,completed,90173.2700442,90173.2724918,90173.2750899,5.045699988841079
2,68,completed,90173.2702309,90173.2725286,90173.2756796,5.448700001579709
0,68,completed,90173.2701535,90173.2725176,90173.276267,6.113499999628402
0,69,completed,90173.3047378,90173.3065611,90173.3074843,2.7465000021038577
5,69,completed,90173.3047454,90173.3067528,90173.3081249,3.379499990842305
2,69,completed,90173.3047949,90173.3068258,90173.3087408,3.9458999963244423
3,69,completed,90173.3048488,90173.3068698,90173.3093403,4.49149998894427
1,69,completed,90173.3049044,90173.3068189,90173.3099357,5.0312999956076965
4,69,completed,90173.3049717,90173.3069261,90173.3105167,5.5450000072596595
3,70,completed,90173.3325914,90173.3351348,90173.335873,3.281600002082996
2,70,completed,90173.3328286,90173.3351564,90173.3367082,3.879600000800565
0,70,completed,90173.332647,90173.335128,90173.3374099,4.762900003697723
4,70,completed,90173.3325499,90173.3350592,90173.3380816,5.531699993298389
1,70,completed,90173.3327334,90173.3351483,90173.3387045,5.971099992166273
5,70,completed,90173.3325279,90173.3350448,90173.3395168,6.988900000578724
0,71,completed,90173.3779544,90173.3797195,90173.3805985,2.644100008183159
2,71,completed,90173.3779482,90173.3798074,90173.3816547,3.7065000069560483
3,71,completed,90173.378019,90173.3798807,90173.3824055,4.386500004329719
4,71,completed,90173.3780514,90173.3799275,90173.3830264,4.975000003469177
1,71,completed,90173.3779356,90173.3799733,90173.3836281,5.692499995348044
5,71,completed,90173.3781038,90173.3800507,90173.3842168,6.112999995821156
2,72,completed,90173.4019378,90173.4037305,90173.4047435,2.805700001772493
1,72,completed,90173.4019137,90173.4038099,90173.4053881,3.4744000004138798
0,72,completed,90173.4020004,90173.4038322,90173.4059788,3.978399996412918
4,72,completed,90173.402127,90173.4042355,90173.4065609,4.433900001458824
5,72,completed,90173.402155,90173.4042717,90173.4071441,4.989099994418211
3,72,completed,90173.4019666,90173.4042695,90173.4077515,5.7849000004353
5,73,completed,90173.4366756,90173.438491,90173.4396804,3.0048000044189394
3,73,completed,90173.4366856,90173.4386406,90173.4405895,3.903899996657856
4,73,completed,90173.4367023,90173.4386819,90173.4412368,4.534500010777265
2,73,completed,90173.4368028,90173.4389464,90173.4418752,5.072400002973154
1,73,completed,90173.4368872,90173.439021,90173.442484,5.59679999423679
0,73,completed,90173.4370133,90173.4392054,90173.4430854,6.072099989978597
1,74,completed,90173.4783331,90173.4804592,90173.4814156,3.08249999943655
5,74,completed,90173.4784011,90173.4805142,90173.4821462,3.7450999952852726
0,74,completed,90173.4783471,90173.4805121,90173.4827692,4.422099998919293
2,74,completed,90173.4783314,90173.4804875,90173.4833657,5.034300003899261
4,74,completed,90173.4784577,90173.480447,90173.4839794,5.521700004464947
3,74,completed,90173.478523,90173.4804676,90173.4845684,6.045400004950352
3,75,completed,90173.4991954,90173.5011029,90173.5021261,2.9306999931577593
4,75,completed,90173.4993945,90173.5013823,90173.5027765,3.3819999953266233
1,75,completed,90173.4992098,90173.5013898,90173.5033889,4.179100011242554
5,75,completed,90173.4992131,90173.5013878,90173.5040301,4.816999993636273
2,75,completed,90173.4992924,90173.501455,90173.5051854,5.893000008654781
0,75,completed,90173.4993151,90173.5014567,90173.5057778,6.4627000101609156
2,76,completed,90173.5339905,90173.5359168,90173.5366813,2.6907999999821186
0,76,completed,90173.5339301,90173.5358769,90173.537321,3.390899990336038
5,76,completed,90173.5338835,90173.5360084,90173.5379131,4.029599993373267
4,76,completed,90173.5338464,90173.5359691,90173.538488,4.641600011382252
1,76,completed,90173.5338671,90173.5359981,90173.5391333,5.266199994366616
3,76,completed,90173.5340119,90173.536054,90173.5397431,5.731199998990633
3,77,completed,90173.5756794,90173.5777412,90173.5784964,2.817000000504777
5,77,completed,90173.5757176,90173.5777853,90173.5792127,3.495099997962825
2,77,completed,90173.5756384,90173.5777688,90173.5797915,4.153100002440624
0,77,completed,90173.5756585,90173.5777404,90173.5803843,4.7257999976864085
4,77,completed,90173.5757667,90173.5778722,90173.5809542,5.187500006286427
1,77,completed,90173.5757676,90173.577866,90173.581585,5.817400000523776
4,78,completed,90173.6032456,90173.6053617,90173.6061315,2.885900001274422
2,78,completed,90173.6033001,90173.6053959,90173.6068458,3.5456999903544784
3,78,completed,90173.6033727,90173.6052832,90173.6074652,4.092499992111698
1,78,completed,90173.6032456,90173.6053609,90173.6080867,4.84110000252258
0,78,completed,90173.6034318,90173.6053495,90173.6086602,5.228399997577071
5,78,completed,90173.6032807,90173.6053833,90173.6092558,5.975099993520416
1,79,completed,90173.638008,90173.6399065,90173.6407831,2.7751000015996397
0,79,completed,90173.638068,90173.6399905,90173.6414529,3.384900002856739
3,79,completed,90173.6380192,90173.6398774,90173.6420337,4.014499994809739
5,79,completed,90173.6382052,90173.6400989,90173.6426604,4.455200003576465
4,79,completed,90173.6380972,90173.6401949,90173.6432318,5.134599996381439
2,79,completed,90173.6381365,90173.6402227,90173.6438142,5.677699999068864
3,80,completed,90173.6657895,90173.6678236,90173.6688314,3.041900010430254
0,80,completed,90173.6658703,90173.6679913,90173.6696753,3.8050000002840534
2,80,completed,90173.6658233,90173.667919,90173.6703187,4.495399989536963
4,80,completed,90173.6658495,90173.6679822,90173.6709189,5.069399994681589
1,80,completed,90173.6659593,90173.6680669,90173.6716005,5.64120001217816
5,80,completed,90173.6660113,90173.6680793,90173.6722451,6.233799998881295
2,81,completed,90173.7005575,90173.7024892,90173.7034754,2.917900012107566
5,81,completed,90173.7005378,90173.7024671,90173.704124,3.58619999315124
1,81,completed,90173.7005921,90173.702771,90173.7047309,4.138800009968691
0,81,completed,90173.7006428,90173.702802,90173.7053742,4.731399996671826
3,81,completed,90173.7007634,90173.7028704,90173.7060251,5.261699989205226
4,81,completed,90173.7007174,90173.7028602,90173.7066188,5.901399999856949
4,82,completed,90173.7352097,90173.7373122,90173.7380637,2.854000005754642
5,82,completed,90173.7352179,90173.7373096,90173.73869,3.4720999974524602
3,82,completed,90173.7353472,90173.7372725,90173.7393305,3.983300004620105
1,82,completed,90173.7353859,90173.7372724,90173.7399825,4.596600003424101
0,82,completed,90173.7352836,90173.7373638,90173.7406195,5.3358999866759405
2,82,completed,90173.7352666,90173.7373587,90173.7412494,5.98280000849627
3,83,completed,90173.7771031,90173.7793592,90173.7804262,3.323099997942336
1,83,completed,90173.7770786,90173.7793248,90173.7811819,4.10330000158865
4,83,completed,90173.7770766,90173.7793992,90173.7818721,4.795499989995733
5,83,completed,90173.7773894,90173.779595,90173.782562,5.172599994693883
2,83,completed,90173.7774516,90173.7796147,90173.7832353,5.783699991297908
0,83,completed,90173.77753,90173.7796395,90173.7842042,6.674199990811758
0,84,completed,90173.797824,90173.8003163,90173.8012468,3.422800000407733
3,84,completed,90173.7978553,90173.8004132,90173.8019677,4.112399998120964
1,84,completed,90173.7978408,90173.8003225,90173.8026487,4.807899997103959
5,84,completed,90173.7979443,90173.800444,90173.8033741,5.429800003184937
2,84,completed,90173.7979304,90173.8004528,90173.8040517,6.12130000081379
4,84,completed,90173.797824,90173.8004586,90173.8049855,7.161500005167909
3,85,completed,90173.8394934,90173.8419051,90173.8428713,3.377900007762946
2,85,completed,90173.8397816,90173.8419851,90173.8436171,3.8354999996954575
0,85,completed,90173.8394942,90173.8418865,90173.8443499,4.855699997278862
1,85,completed,90173.8398373,90173.8420422,90173.8450445,5.2072000107727945
5,85,completed,90173.8396737,90173.842101,90173.8457441,6.070400006137788
4,85,completed,90173.8400021,90173.8421681,90173.8466211,6.619000007049181
3,86,completed,90173.8672705,90173.86945,90173.8706289,3.3583999902475625
0,86,completed,90173.8672751,90173.8694627,90173.8715393,4.264200004399754
5,86,completed,90173.8673834,90173.8695729,90173.8723192,4.935800010571256
4,86,completed,90173.8675449,90173.869769,90173.8730405,5.495599994901568
2,86,completed,90173.8676463,90173.8699331,90173.8737632,6.116899996413849
1,86,completed,90173.8676277,90173.8699252,90173.8746389,7.011199995758943
2,87,completed,90173.9021306,90173.9043653,90173.9052779,3.1472999980906025
1,87,completed,90173.9021287,90173.9044706,90173.9059123,3.783599997404963
4,87,completed,90173.9022337,90173.9044199,90173.9065108,4.277100000763312
3,87,completed,90173.9021552,90173.9045292,90173.9071474,4.99219998891931
5,87,completed,90173.902297,90173.9045999,90173.9077268,5.429800003184937
0,87,completed,90173.9023069,90173.9046033,90173.9083555,6.0486000002129
3,88,completed,90173.9367271,90173.9385684,90173.9394674,2.7403000131016597
2,88,completed,90173.9367961,90173.9386978,90173.9401027,3.3066000032704324
1,88,completed,90173.9368378,90173.9387667,90173.9406883,3.8504999974975362
4,88,completed,90173.9367019,90173.9388549,90173.9412739,4.571999990730546
0,88,completed,90173.936938,90173.9388427,90173.9418656,4.927600006340072
5,88,completed,90173.9369579,90173.9389411,90173.9424404,5.482499997015111
5,89,completed,90173.9783983,90173.9806114,90173.9813392,2.9409000126179308
1,89,completed,90173.9783474,90173.9805906,90173.9820158,3.6683999933302402
3,89,completed,90173.9785774,90173.9806031,90173.9826165,4.039099992951378
2,89,completed,90173.9785189,90173.9805242,90173.9831987,4.679800011217594
4,89,completed,90173.978461,90173.9806425,90173.9838208,5.359799994039349
0,89,completed,90173.9783822,90173.9805996,90173.9844656,6.0834000032627955
1,90,completed,90173.9992559,90174.0013507,90174.002052,2.796100001432933
4,90,completed,90173.9991975,90174.0012632,90174.0026884,3.4908999950857833
0,90,completed,90173.9993625,90174.0012984,90174.0032746,3.9121000008890405
2,90,completed,90173.9993468,90174.0012887,90174.0038496,4.502800002228469
3,90,completed,90173.9994116,90174.0014125,90174.004399,4.987399996025488
5,90,completed,90173.9992257,90174.001315,90174.0054461,6.220399998710491
1,91,completed,90174.0338423,90174.035777,90174.0365743,2.7319999935571104
5,91,completed,90174.0338417,90174.0357774,90174.0372234,3.3816999930422753
0,91,completed,90174.0338975,90174.0358631,90174.0378023,3.9047999889589846
2,91,completed,90174.0339546,90174.0359133,90174.0383875,4.43289999384433
3,91,completed,90174.0340248,90174.0359382,90174.0390415,5.016700000851415
4,91,completed,90174.0340839,90174.0359515,90174.0396336,5.549699999392033
5,92,completed,90174.068512,90174.0705831,90174.0717528,3.2407999970018864
3,92,completed,90174.0685675,90174.0708331,90174.072458,3.8904999964870512
2,92,completed,90174.068676,90174.0709393,90174.0731246,4.44860001152847
4,92,completed,90174.0685542,90174.0709139,90174.073758,5.203799999435432
1,92,completed,90174.0686197,90174.0710609,90174.0743505,5.730799995944835
0,92,completed,90174.0687369,90174.071104,90174.0749634,6.226500001503155
2,93,completed,90174.1033025,90174.105225,90174.1062263,2.923799998825416
1,93,completed,90174.1033829,90174.1053553,90174.1068621,3.4792000078596175
4,93,completed,90174.1033086,90174.1054059,90174.1074508,4.142200006754138
3,93,completed,90174.1033713,90174.105511,90174.1080925,4.721199991763569
5,93,completed,90174.1034466,90174.1055637,90174.1087697,5.323100005625747
0,93,completed,90174.1034985,90174.1055756,90174.1093644,5.8659000060288236
5,94,completed,90174.1380284,90174.1399887,90174.1408386,2.8101999923819676
3,94,completed,90174.1380432,90174.1399997,90174.1415546,3.511400005663745
2,94,completed,90174.13808,90174.1400528,90174.1421605,4.080500002601184
4,94,completed,90174.1381526,90174.1401511,90174.1427634,4.610799995134585
1,94,completed,90174.1381984,90174.1401667,90174.1433688,5.170399992493913
0,94,completed,90174.1383155,90174.1401845,90174.1439705,5.655000000842847
0,95,completed,90174.1658363,90174.1678151,90174.1688581,3.0218000028980896
1,95,completed,90174.1658217,90174.1680185,90174.1695649,3.7432000099215657
2,95,completed,90174.1658672,90174.1680839,90174.1701935,4.32629999704659
5,95,completed,90174.1660205,90174.1681365,90174.1708009,4.78040000598412
4,95,completed,90174.1659187,90174.1681107,90174.1713764,5.4576999973505735
3,95,completed,90174.1660436,90174.1681746,90174.1720703,6.026700008078478
0,96,completed,90174.2005503,90174.2024692,90174.203331,2.780700000585057
2,96,completed,90174.2006395,90174.2026142,90174.2040021,3.3625999931246042
1,96,completed,90174.2005683,90174.2025586,90174.2046182,4.0499000024283305
5,96,completed,90174.2007483,90174.2026871,90174.2052267,4.478399991057813
3,96,completed,90174.2006867,90174.2027066,90174.205825,5.138299995451234
4,96,completed,90174.2007953,90174.2027002,90174.2064245,5.629199993563816
0,97,completed,90174.2353332,90174.2374158,90174.238185,2.8517999890027568
4,97,completed,90174.2354262,90174.2373465,90174.2388457,3.4195000043837354
5,97,completed,90174.2355721,90174.2375113,90174.2394707,3.8985999999567866
1,97,completed,90174.2353628,90174.2374626,90174.240124,4.761200005305
3,97,completed,90174.2354799,90174.2375451,90174.2407355,5.255600000964478
2,97,completed,90174.2355151,90174.2375601,90174.241339,5.823900006362237
0,98,completed,90174.2701287,90174.2722252,90174.2730114,2.8827000060118735
4,98,completed,90174.2700319,90174.2721222,90174.2736522,3.620300005422905
3,98,completed,90174.2699954,90174.2723386,90174.2742535,4.25810000160709
2,98,completed,90174.2700299,90174.2723564,90174.2749162,4.886299997451715
1,98,completed,90174.2701474,90174.2724204,90174.2755493,5.401899994467385
5,98,completed,90174.2701263,90174.2724171,90174.2761352,6.008899988955818
4,99,completed,90174.2979984,90174.3006581,90174.301354,3.3555999980308115
5,99,completed,90174.2980756,90174.3006745,90174.3019897,3.914100001566112
3,99,completed,90174.2979352,90174.3006632,90174.3025767,4.641500010620803
1,99,completed,90174.2978832,90174.3005806,90174.3031621,5.27890000375919
0,99,completed,90174.2980283,90174.3006609,90174.3037982,5.769899988081306
2,99,completed,90174.2978834,90174.3006141,90174.3044897,6.606300012208521
4,100,completed,90174.3394598,90174.3414011,90174.3422411,2.781300005153753
1,100,completed,90174.3394934,90174.3415301,90174.3429047,3.4113000001525506
2,100,completed,90174.3395231,90174.3415379,90174.3435801,4.0569999982835725
5,100,completed,90174.3395498,90174.341581,90174.3442653,4.715499992016703
0,100,completed,90174.3396312,90174.3416003,90174.3448634,5.2321999974083155
3,100,completed,90174.3397022,90174.3416469,90174.3454626,5.760400003055111
1,101,completed,90174.367273,90174.3693651,90174.3703912,3.118200009339489
0,101,completed,90174.3672152,90174.3695799,90174.3710991,3.8838999898871407
5,101,completed,90174.3673984,90174.3695468,90174.3717424,4.3440000008558854
2,101,completed,90174.3672152,90174.3695686,90174.3723743,5.159099993761629
3,101,completed,90174.3673406,90174.3696786,90174.3730055,5.664900003466755
4,101,completed,90174.3673113,90174.3696586,90174.3736836,6.372300005750731
0,102,completed,90174.4019256,90174.4040703,90174.4048153,2.889700001105666
1,102,completed,90174.4019361,90174.4039727,90174.4054648,3.5287000064272434
5,102,completed,90174.4019198,90174.4039732,90174.4060723,4.152499997871928
2,102,completed,90174.4020992,90174.4041447,90174.4066724,4.5731999998679385
3,102,completed,90174.4020236,90174.4041208,90174.4072485,5.224900000030175
4,102,completed,90174.4021126,90174.4041386,90174.4078752,5.762600005255081
4,103,completed,90174.4366386,90174.4382834,90174.4393285,2.6898999931290746
5,103,completed,90174.4367745,90174.4384526,90174.4399966,3.2221000001300126
3,103,completed,90174.4366532,90174.4384312,90174.4405938,3.940599999623373
2,103,completed,90174.4366858,90174.4388424,90174.4412219,4.536099993856624
1,103,completed,90174.4367521,90174.4389169,90174.4418372,5.085099997813813
0,103,completed,90174.4368401,90174.4389311,90174.4424599,5.61980000929907
3,104,completed,90174.4646508,90174.4658915,90174.4667206,2.069800000754185
4,104,completed,90174.4647463,90174.4660093,90174.4674343,2.6879999932134524
5,104,completed,90174.4646718,90174.4660886,90174.4681087,3.436900005908683
2,104,completed,90174.4646627,90174.4660818,90174.4689655,4.302799992728978
1,104,completed,90174.4713463,90174.4722913,90174.4731207,1.774400006979704
0,104,completed,90174.4713727,90174.4723174,90174.4738071,2.434399997582659
1,105,completed,90174.4991533,90174.5002324,90174.5009246,1.7712999979266897
0,105,completed,90174.499106,90174.5002132,90174.5015734,2.4674000014783815
3,105,completed,90174.4991072,90174.5002159,90174.5021877,3.0804999987594783
2,105,completed,90174.5061296,90174.5073222,90174.5083105,2.1808999881614
5,105,completed,90174.506163,90174.5074528,90174.5089759,2.8128999983891845
4,105,completed,90174.5061556,90174.5074416,90174.5096177,3.4620999940671027
4,106,completed,90174.5338779,90174.5358145,90174.5367027,2.824800001690164
1,106,completed,90174.5339556,90174.5358956,90174.5373492,3.3936000108951703
5,106,completed,90174.5338619,90174.5359973,90174.5379471,4.085200009285472
0,106,completed,90174.5338938,90174.5360465,90174.5385534,4.659599988372065
3,106,completed,90174.534026,90174.5361071,90174.5391473,5.121300011523999
2,106,completed,90174.5340726,90174.5361226,90174.5397395,5.666900004143827
3,107,completed,90174.5756448,90174.5777857,90174.5785577,2.9129000031389296
2,107,completed,90174.5756463,90174.5777002,90174.5791878,3.541500002029352
4,107,completed,90174.5756957,90174.5777841,90174.5797941,4.098400007933378
1,107,completed,90174.5758107,90174.5778438,90174.5803973,4.586600000038743
5,107,completed,90174.5757178,90174.5779688,90174.5809734,5.255600000964478
0,107,completed,90174.5757375,90174.5779673,90174.5815904,5.852900008903816
3,108,completed,90174.6034164,90174.6054302,90174.6061601,2.7436999953351915
1,108,completed,90174.6032883,90174.6054695,90174.6067963,3.507999994326383
0,108,completed,90174.6032881,90174.6054269,90174.6073876,4.099500001757406
5,108,completed,90174.6034492,90174.6054,90174.6080006,4.5513999939430505
2,108,completed,90174.6033278,90174.6055231,90174.608582,5.254200004856102
4,108,completed,90174.603346,90174.605521,90174.6091826,5.836600001202896
0,109,completed,90174.6311063,90174.6331839,90174.6339705,2.864199996110983
3,109,completed,90174.6310711,90174.6331074,90174.6345962,3.5251000081188977
4,109,completed,90174.6310867,90174.6331416,90174.6351941,4.107400003704242
5,109,completed,90174.631163,90174.6332658,90174.6357789,4.61590000486467
2,109,completed,90174.6311985,90174.6332648,90174.6363738,5.175299986149184
1,109,completed,90174.6312591,90174.6332919,90174.6369392,5.6801000027917325
4,110,completed,90174.6657628,90174.6674261,90174.6682727,2.5099000049522147
5,110,completed,90174.6657619,90174.667546,90174.6690737,3.311799999210052
0,110,completed,90174.665786,90174.6675762,90174.669761,3.974999999627471
2,110,completed,90174.6658492,90174.6676314,90174.6703944,4.5452000049408525
1,110,completed,90174.6658653,90174.6676473,90174.6709943,5.128999997396022
3,110,completed,90174.6796772,90174.6802565,90174.6810493,1.372099999571219
3,111,completed,90174.7005589,90174.7024274,90174.7033141,2.755199995590374
0,111,completed,90174.700485,90174.7023642,90174.703958,3.4730000043055043
2,111,completed,90174.7005117,90174.702589,90174.7045776,4.065900007844903
5,111,completed,90174.7006795,90174.702732,90174.7051721,4.492599997320212
1,111,completed,90174.7005975,90174.7027194,90174.70576,5.162499990547076
4,111,completed,90174.7006317,90174.7027182,90174.7063803,5.74860000051558
3,112,completed,90174.7352469,90174.7371184,90174.7380481,2.8011999966111034
1,112,completed,90174.7351928,90174.7373002,90174.7387316,3.538799996022135
5,112,completed,90174.7351931,90174.7373031,90174.7393377,4.144599995925091
2,112,completed,90174.735388,90174.7373248,90174.7399239,4.535899992333725
4,112,completed,90174.7352779,90174.7374225,90174.7404994,5.221499988692813
0,112,completed,90174.7353038,90174.7374017,90174.7411894,5.885599995963275
5,113,completed,90174.7769724,90174.7794004,90174.780583,3.6106000043218955
0,113,completed,90174.7770628,90174.7797634,90174.7812802,4.21739999728743
3,113,completed,90174.7771767,90174.7797145,90174.7821633,4.986600004485808
1,113,completed,90174.7770343,90174.7797264,90174.7829202,5.885899998247623
2,113,completed,90174.7770009,90174.7797248,90174.7836896,6.688699999358505
4,113,completed,90174.7771129,90174.7797974,90174.7846435,7.5305999926058576
4,114,completed,90174.8047909,90174.8067436,90174.808245,3.4540999913588166
0,114,completed,90174.8049249,90174.8071792,90174.8089506,4.025699992780574
1,114,completed,90174.805124,90174.8074108,90174.8096815,4.557499996735714
3,114,completed,90174.8052324,90174.8075396,90174.8103381,5.105699994601309
5,114,completed,90174.8053731,90174.8075339,90174.8110819,5.708800003048964
2,114,completed,90174.8052846,90174.8075433,90174.811975,6.6903999977512285
4,115,completed,90174.8325577,90174.8332635,90174.8342319,1.6741999861551449
3,115,completed,90174.8465136,90174.8486409,90174.849491,2.977399999508634
5,115,completed,90174.846639,90174.8485976,90174.8503177,3.678699998999946
2,115,completed,90174.8465139,90174.8486865,90174.851013,4.499100003158674
0,115,completed,90174.8466247,90174.8487245,90174.8517829,5.1582000014605
1,115,completed,90174.8466703,90174.8487331,90174.8525253,5.854999995790422
5,116,completed,90174.8672615,90174.8697065,90174.8706633,3.4018000005744398
4,116,completed,90174.8673947,90174.8698206,90174.8715301,4.135399998631328
3,116,completed,90174.867295,90174.8697206,90174.8722659,4.970900001353584
0,116,completed,90174.8672614,90174.8698995,90174.8730458,5.784400011179969
1,116,completed,90174.8673019,90174.8699196,90174.8737394,6.437500007450581
2,116,completed,90174.8673687,90174.8699979,90174.8747528,7.384099997580051
3,117,completed,90174.9021118,90174.9043433,90174.9053946,3.282800011220388
2,117,completed,90174.9021814,90174.9045482,90174.9060564,3.874999994877726
1,117,completed,90174.9021024,90174.904636,90174.90672,4.617600003257394
4,117,completed,90174.9021236,90174.9046335,90174.907423,5.299399999785237
5,117,completed,90174.9022971,90174.9047054,90174.9080996,5.802500003483146
0,117,completed,90174.9022322,90174.9047251,90174.9092603,7.028100008028559
2,118,completed,90174.9369454,90174.9391568,90174.9403334,3.387999997357838
3,118,completed,90174.9369176,90174.9392392,90174.9411581,4.240499998559244
4,118,completed,90174.9371193,90174.9394122,90174.9418989,4.779599999892525
0,118,completed,90174.9372214,90174.939455,90174.9426802,5.458799991174601
1,118,completed,90174.9370027,90174.9394511,90174.9434164,6.413700000848621
5,118,completed,90174.9376431,90174.9396376,90174.944442,6.798900009016506
3,119,completed,90174.971598,90174.9741387,90174.975061,3.4630000009201467
4,119,completed,90174.9716369,90174.9741664,90174.9759832,4.346300003817305
0,119,completed,90174.9716774,90174.9741372,90174.9767572,5.079800001112744
2,119,completed,90174.9717333,90174.974217,90174.9775824,5.849099994520657
1,119,completed,90174.9715973,90174.9742511,90174.9784372,6.8399000010685995
5,119,completed,90174.9715973,90174.9742586,90174.9795257,7.928399994852953
5,120,completed,90175.0062558,90175.0082125,90175.0096526,3.3967999916058034
1,120,completed,90175.0064909,90175.0089299,90175.0103282,3.8372999988496304
4,120,completed,90175.006794,90175.0090121,90175.0110259,4.231900005834177
2,120,completed,90175.0066797,90175.0091206,90175.0117415,5.061799995019101
3,120,completed,90175.006766,90175.0091771,90175.0124519,5.685899988748133
0,120,completed,90175.0067621,90175.0091947,90175.0133528,6.590699995285831
5,121,completed,90175.0340472,90175.0363639,90175.0373384,3.2912000024225563
3,121,completed,90175.0340773,90175.0364452,90175.0380276,3.9503000007243827
0,121,completed,90175.0340457,90175.0364182,90175.0387797,4.734000001917593
2,121,completed,90175.0341754,90175.0365428,90175.0394371,5.2617000037571415
4,121,completed,90175.0342306,90175.036662,90175.0401665,5.935900000622496
1,121,completed,90175.0342896,90175.0366802,90175.0411187,6.8291000061435625
3,122,completed,90175.0758315,90175.0784272,90175.0794566,3.6250999983167276
5,122,completed,90175.0759234,90175.0785261,90175.0802655,4.342100000940263
2,122,completed,90175.0758043,90175.0785532,90175.0810144,5.210100003750995
1,122,completed,90175.075735,90175.0786404,90175.0817245,5.989500001305714
0,122,completed,90175.075909,90175.0785542,90175.0827525,6.843499999376945
4,122,completed,90175.0757562,90175.078773,90175.0838079,8.051699987845495
2,123,completed,90175.103438,90175.1057774,90175.1069079,3.46989999525249
5,123,completed,90175.1034373,90175.1060398,90175.1076463,4.209000006085262
0,123,completed,90175.1036957,90175.1059988,90175.108352,4.6562999923480675
3,123,completed,90175.1034377,90175.1060665,90175.1090437,5.6059999915305525
4,123,completed,90175.103508,90175.1061631,90175.1097181,6.210099993040785
1,123,completed,90175.1036815,90175.1061661,90175.1107724,7.0909000060055405
5,124,completed,90175.1312902,90175.1336375,90175.1345945,3.304300000309013
4,124,completed,90175.1312383,90175.1337966,90175.1353249,4.086599990841933
1,124,completed,90175.1312385,90175.1338001,90175.1360448,4.806299999472685
2,124,completed,90175.1313341,90175.1338453,90175.1367568,5.42269999277778
0,124,completed,90175.1313653,90175.1338675,90175.1374454,6.080100007238798
3,124,completed,90175.1314466,90175.1337484,90175.1383596,6.912999990163371
0,125,completed,90175.1658973,90175.1680435,90175.16934,3.4426999918650836
4,125,completed,90175.1659017,90175.1682572,90175.1701656,4.263899987563491
2,125,completed,90175.1662623,90175.1684586,90175.1709419,4.67959999514278
1,125,completed,90175.1661015,90175.1684851,90175.1716352,5.5336999939754605
3,125,completed,90175.1663731,90175.1685202,90175.1723979,6.024799993610941
5,125,completed,90175.1665463,90175.1686948,90175.1732389,6.692599999951199
4,126,completed,90175.2007677,90175.2032943,90175.2040851,3.3174000127473846
1,126,completed,90175.2006494,90175.2033223,90175.2048929,4.243500006850809
3,126,completed,90175.2007355,90175.2033748,90175.205611,4.875500002526678
2,126,completed,90175.200649,90175.2032054,90175.2063447,5.695699990610592
5,126,completed,90175.2008239,90175.2034358,90175.2068953,6.071399999200366
0,126,completed,90175.2006913,90175.2034358,90175.2079071,7.215800011181273
5,127,completed,90175.2423139,90175.2448011,90175.2456673,3.3533999958308414
4,127,completed,90175.2423647,90175.2448579,90175.2463737,4.009000011137687
3,127,completed,90175.2423674,90175.2450013,90175.2471179,4.750499996589497
2,127,completed,90175.2425113,90175.2450204,90175.2478377,5.32639998709783
1,127,completed,90175.2424241,90175.2450438,90175.2485736,6.149499997263774
0,127,completed,90175.2423142,90175.2451958,90175.2495299,7.215699995867908
5,128,completed,90175.2701291,90175.2728398,90175.2736368,3.50770000659395
3,128,completed,90175.2702394,90175.2728714,90175.2743531,4.113700008019805
2,128,completed,90175.2701006,90175.272681,90175.2750405,4.939899998134933
4,128,completed,90175.270101,90175.2728179,90175.2757445,5.6435000005876645
0,128,completed,90175.2701567,90175.2728198,90175.2765001,6.343399989418685
1,128,completed,90175.2702723,90175.2728516,90175.2775689,7.296600000699982
1,129,completed,90175.29791,90175.3004841,90175.3013463,3.436300001339987
5,129,completed,90175.2980977,90175.3004877,90175.3021198,4.022100009024143
4,129,completed,90175.2980072,90175.3005594,90175.3027901,4.782899995916523
2,129,completed,90175.2982421,90175.3005625,90175.3035263,5.28420000046026
3,129,completed,90175.2980459,90175.3005476,90175.3042402,6.194300003699027
0,129,completed,90175.2981447,90175.3006645,90175.3052333,7.088599988492206
3,130,completed,90175.3326971,90175.3349488,90175.3357722,3.0750999867450446
4,130,completed,90175.3326803,90175.3349566,90175.3364603,3.779999999096617
0,130,completed,90175.3325821,90175.3350934,90175.3371217,4.53959999140352
5,130,completed,90175.3325381,90175.3350764,90175.3377597,5.221600004006177
2,130,completed,90175.3325389,90175.3350788,90175.3384436,5.904700010432862
1,130,completed,90175.3325721,90175.3350912,90175.339164,6.591900004423223
2,131,completed,90175.3674536,90175.3699388,90175.3712517,3.798099991399795
0,131,completed,90175.367484,90175.3702256,90175.3721288,4.644799992092885
1,131,completed,90175.3675156,90175.370242,90175.3728895,5.373899999540299
4,131,completed,90175.3675831,90175.3704449,90175.3737012,6.118100005551241
5,131,completed,90175.3674045,90175.3704905,90175.3747365,7.332000008318573
3,131,completed,90175.3674045,90175.370501,90175.3757557,8.3512000128394
5,132,completed,90175.4089564,90175.4111715,90175.4122316,3.275199997005984
0,132,completed,90175.4091276,90175.4113479,90175.4129862,3.8586000009672716
2,132,completed,90175.4091891,90175.411393,90175.4137127,4.523600000538863
4,132,completed,90175.409063,90175.4113821,90175.4144706,5.407599994214252
1,132,completed,90175.4089773,90175.4114433,90175.4151592,6.181899996590801
3,132,completed,90175.4089693,90175.4114566,90175.4159937,7.024399994406849
3,133,completed,90175.4366914,90175.438943,90175.4398969,3.2055000046966597
4,133,completed,90175.4367257,90175.4390516,90175.4405826,3.856900002574548
0,133,completed,90175.4366917,90175.4390792,90175.441278,4.586299997754395
2,133,completed,90175.4367926,90175.4391217,90175.4419324,5.139800006872974
1,133,completed,90175.4368388,90175.4392237,90175.4425254,5.6865999940782785
5,133,completed,90175.436764,90175.4392062,90175.4432694,6.505400000605732
3,134,completed,90175.4714765,90175.4739234,90175.4751094,3.632899999502115
0,134,completed,90175.4715536,90175.4741283,90175.4758546,4.300999993574806
2,134,completed,90175.4715289,90175.4741331,90175.4765387,5.0097999919671565
4,134,completed,90175.4714969,90175.474172,90175.4772265,5.729600001359358
5,134,completed,90175.4716817,90175.4741795,90175.4778979,6.216199995833449
1,134,completed,90175.471618,90175.4743859,90175.4787808,7.162800000514835
1,135,completed,90175.5061231,90175.5082805,90175.5092354,3.1122999935178086
5,135,completed,90175.506305,90175.5085929,90175.5105233,4.218300004140474
4,135,completed,90175.5061404,90175.5086852,90175.5112242,5.083800002466887
0,135,completed,90175.5062159,90175.508718,90175.5118906,5.674700005329214
2,135,completed,90175.5061202,90175.5086769,90175.5124904,6.370199989760295
3,135,completed,90175.5062004,90175.5087341,90175.5133119,7.111499988241121
0,136,completed,90175.5339712,90175.536199,90175.5371738,3.202599997166544
3,136,completed,90175.5339941,90175.5362621,90175.5377615,3.7674000050174072
2,136,completed,90175.5339793,90175.5362428,90175.5382927,4.313400000683032
1,136,completed,90175.5340569,90175.5363947,90175.5388345,4.777599999215454
5,136,completed,90175.534111,90175.536361,90175.5393496,5.238600002485327
4,136,completed,90175.534191,90175.536467,90175.5398696,5.678600005921908
3,137,completed,90175.5687031,90175.5711708,90175.5720983,3.3952000085264444
5,137,completed,90175.5686913,90175.5712819,90175.5726736,3.982300011557527
2,137,completed,90175.5687851,90175.5713421,90175.5732061,4.421000005095266
1,137,completed,90175.5688363,90175.5714174,90175.5737955,4.959199999575503
4,137,completed,90175.5687577,90175.5714175,90175.5743831,5.625399993732572
0,137,completed,90175.5686917,90175.5714549,90175.5752456,6.55390000611078
5,138,completed,90175.6033814,90175.605908,90175.6066124,3.2310000096913427
0,138,completed,90175.6033985,90175.6059083,90175.6073246,3.926100005628541
2,138,completed,90175.6033817,90175.6057082,90175.6078779,4.496199995628558
4,138,completed,90175.6035649,90175.6059432,90175.6084725,4.907599999569356
1,138,completed,90175.6034357,90175.6059466,90175.6090322,5.596499991952442
3,138,completed,90175.6034514,90175.6060399,90175.6097042,6.252799998037517
1,139,completed,90175.6380833,90175.6404748,90175.6412924,3.2091000030050054
3,139,completed,90175.6382185,90175.6406222,90175.6419076,3.6891000054311007
4,139,completed,90175.6382026,90175.6405811,90175.6424626,4.259999986970797
0,139,completed,90175.6380823,90175.640678,90175.6431355,5.0531999877421185
2,139,completed,90175.6381173,90175.6406769,90175.6436731,5.5558000021846965
5,139,completed,90175.6381366,90175.6407333,90175.6442298,6.093200005125254
3,140,completed,90175.6659782,90175.6682045,90175.6690636,3.08539999241475
5,140,completed,90175.6659206,90175.6681547,90175.6697025,3.7818999990122393
0,140,completed,90175.6659364,90175.6681756,90175.6703954,4.459000003407709
1,140,completed,90175.6661696,90175.668337,90175.671002,4.832400009036064
4,140,completed,90175.6660739,90175.6683953,90175.6715196,5.4456999932881445
2,140,completed,90175.6660195,90175.6684261,90175.6720724,6.052900003851391
4,141,completed,90175.7006459,90175.7029264,90175.7037735,3.1276000081561506
3,141,completed,90175.70061,90175.7029615,90175.7043133,3.7032999971415848
0,141,completed,90175.7007637,90175.7030886,90175.7048018,4.0380999998888
1,141,completed,90175.7006101,90175.7031611,90175.7053507,4.7405999939655885
2,141,completed,90175.700718,90175.7031623,90175.7058307,5.112700004247017
5,141,completed,90175.7006588,90175.7031826,90175.7063214,5.662600000505336
4,142,completed,90175.7357627,90175.7379699,90175.7386866,2.9238999995868653
3,142,completed,90175.7357021,90175.7379154,90175.7393025,3.6003999994136393
5,142,completed,90175.735629,90175.738035,90175.7397966,4.167599996435456
1,142,completed,90175.73562,90175.7380603,90175.7402691,4.649099995731376
2,142,completed,90175.7356193,90175.7380439,90175.740831,5.211700001382269
0,142,completed,90175.7356653,90175.738035,90175.7413616,5.696299995179288
4,143,completed,90175.7769448,90175.7793351,90175.7800719,3.1270999897969887
5,143,completed,90175.7769498,90175.7792993,90175.7806477,3.6978999996790662
3,143,completed,90175.7770193,90175.7793996,90175.781108,4.088699992280453
1,143,completed,90175.777113,90175.7794365,90175.7816864,4.573400001390837
0,143,completed,90175.7769847,90175.7794974,90175.7822573,5.272599999443628
2,143,completed,90175.7770914,90175.7794973,90175.7828127,5.721299996366724
3,144,completed,90175.7978802,90175.800192,90175.8009415,3.061299998080358
5,144,completed,90175.7979106,90175.800229,90175.8015245,3.613900000345893
0,144,completed,90175.7978324,90175.8003056,90175.8020848,4.252400001860224
1,144,completed,90175.7978008,90175.8003464,90175.8026434,4.842599999392405
4,144,completed,90175.7978005,90175.8003635,90175.8031784,5.377900000894442
2,144,completed,90175.7979654,90175.8004398,90175.8037163,5.750900003477
3,145,completed,90175.8327484,90175.8343071,90175.8361307,3.3822999976109713
0,145,completed,90175.8326365,90175.8341714,90175.83688,4.243500006850809
2,145,completed,90175.8326542,90175.835213,90175.8375098,4.855599996517412
4,145,completed,90175.8326124,90175.8356259,90175.8381317,5.519300000742078
1,145,completed,90175.8326874,90175.8357479,90175.838705,6.0175999969942495
5,145,completed,90175.8328075,90175.8357941,90175.8393561,6.5485999948577955
4,146,completed,90175.8672343,90175.8693528,90175.8704584,3.224099986255169
1,146,completed,90175.8672678,90175.8694756,90175.8711453,3.877499999362044
2,146,completed,90175.8674466,90175.8696959,90175.8717043,4.257700013113208
3,146,completed,90175.8674871,90175.8697079,90175.8723145,4.827400000067428
5,146,completed,90175.8673021,90175.8697767,90175.8728876,5.585499995504506
0,146,completed,90175.8673378,90175.8697666,90175.8735161,6.178299998282455
3,147,completed,90175.9020656,90175.904334,90175.9051637,3.0980999872554094
2,147,completed,90175.9020845,90175.9043849,90175.9057367,3.6522000009426847
1,147,completed,90175.9021425,90175.9044876,90175.9062872,4.144700011238456
0,147,completed,90175.9022268,90175.9044973,90175.906892,4.6652000019093975
5,147,completed,90175.9020714,90175.9044835,90175.9075308,5.459399995743297
4,147,completed,90175.9021756,90175.9046655,90175.9081393,5.963699994026683
2,148,completed,90175.9368183,90175.9391038,90175.9399527,3.1344000017270446
1,148,completed,90175.9368172,90175.9391442,90175.9406023,3.785100008826703
0,148,completed,90175.9369464,90175.9392648,90175.9411857,4.239299989421852
5,148,completed,90175.9368684,90175.9393496,90175.9418187,4.950300004566088
3,148,completed,90175.9370228,90175.9394296,90175.9422876,5.2647999982582405
4,148,completed,90175.9368998,90175.939458,90175.9427858,5.885999999009073
5,149,completed,90175.9645398,90175.9668352,90175.9676259,3.0860999977448955
3,149,completed,90175.9645746,90175.9668799,90175.9682422,3.667600001790561
2,149,completed,90175.9645528,90175.9669505,90175.9688661,4.313299999921583
1,149,completed,90175.9646323,90175.9669801,90175.9694734,4.841099987970665
4,149,completed,90175.9646445,90175.9669661,90175.9701432,5.498700003954582
0,149,completed,90175.9647334,90175.9670378,90175.9707766,6.043200002750382
4,150,completed,90175.9992641,90176.0017269,90176.0025169,3.2528000010643154
3,150,completed,90175.9994504,90176.0018019,90176.003092,3.641599992988631
1,150,completed,90175.9992831,90176.0018895,90176.0036551,4.371999995782971
2,150,completed,90175.9992634,90176.0018866,90176.0042847,5.021300006774254
5,150,completed,90175.999366,90176.0019305,90176.0049043,5.5382999998983
0,150,completed,90175.9993273,90176.0018759,90176.0054756,6.1483000026782975
5,151,completed,90176.0339872,90176.0365345,90176.0374498,3.4625999978743494
2,151,completed,90176.0340666,90176.0365731,90176.038125,4.058400008943863
0,151,completed,90176.0340003,90176.0366481,90176.0387691,4.768800004967488
4,151,completed,90176.0342154,90176.0366957,90176.0394191,5.203699998673983
1,151,completed,90176.0339869,90176.0367093,90176.0399793,5.992399994283915
3,151,completed,90176.034121,90176.0367062,90176.0405756,6.454599992139265
2,152,completed,90176.0687795,90176.0712819,90176.0723926,3.6131000088062137
0,152,completed,90176.0688064,90176.0712646,90176.0731743,4.367900008219294
4,152,completed,90176.0688527,90176.0714287,90176.0738115,4.958799996529706
5,152,completed,90176.0687872,90176.0714225,90176.0744503,5.663100004312582
1,152,completed,90176.0691508,90176.0715469,90176.0750549,5.9040999913122505
3,152,completed,90176.0690982,90176.0716976,90176.0757613,6.663100008154288
2,153,completed,90176.1033595,90176.1054643,90176.1064953,3.13579999783542
3,153,completed,90176.1034866,90176.1057083,90176.1071675,3.680900001199916
0,153,completed,90176.1033479,90176.1055127,90176.1077392,4.391299997223541
1,153,completed,90176.1034957,90176.1058622,90176.1082964,4.800700000487268
4,153,completed,90176.1035545,90176.1058641,90176.1088644,5.309899992425926
5,153,completed,90176.1035381,90176.1059287,90176.1093831,5.84500000695698
0,154,completed,90176.1379987,90176.1399672,90176.1410013,3.002600002218969
3,154,completed,90176.1380305,90176.1401637,90176.1416417,3.6111999943386763
5,154,completed,90176.1380968,90176.1403475,90176.1422221,4.1252999944845214
4,154,completed,90176.1381362,90176.1403162,90176.1427141,4.577900006552227
2,154,completed,90176.1380675,90176.1403886,90176.1431822,5.114700004924089
1,154,completed,90176.1382085,90176.1404638,90176.1436603,5.451800010632724
5,155,completed,90176.1658709,90176.1675237,90176.1683254,2.4544999905629084
3,155,completed,90176.1658875,90176.167546,90176.169101,3.213500007404946
4,155,completed,90176.1659138,90176.1675012,90176.1697202,3.806400010944344
2,155,completed,90176.1659508,90176.1676099,90176.1702636,4.312799996114336
1,155,completed,90176.1797752,90176.180617,90176.1813137,1.538500000606291
0,155,completed,90176.1797607,90176.1806089,90176.1818398,2.079099998809397
3,156,completed,90176.200552,90176.2025559,90176.2034672,2.915200006100349
1,156,completed,90176.2005762,90176.2028815,90176.2039917,3.415499988477677
5,156,completed,90176.200824,90176.202926,90176.2044444,3.6204000061843544
4,156,completed,90176.200543,90176.2028778,90176.2049262,4.383199993753806
2,156,completed,90176.2006138,90176.2029459,90176.2054039,4.79010000708513
0,156,completed,90176.2007068,90176.2029645,90176.2058928,5.1860000094166026
3,157,completed,90176.2351495,90176.2371033,90176.2379781,2.8286000015214086
2,157,completed,90176.2352062,90176.2372207,90176.2385248,3.3186000073328614
0,157,completed,90176.235165,90176.2374021,90176.2390024,3.8373999996110797
5,157,completed,90176.2353576,90176.2374737,90176.2394897,4.132100002607331
4,157,completed,90176.2352335,90176.237473,90176.2399598,4.726300001493655
1,157,completed,90176.235446,90176.2374688,90176.2403926,4.946599990944378
0,158,completed,90176.2700825,90176.2720504,90176.2730757,2.9931999888503924
2,158,completed,90176.2700642,90176.2723018,90176.2735788,3.5146000009262934
5,158,completed,90176.2701648,90176.2725067,90176.2741556,3.9908000035211444
4,158,completed,90176.2705852,90176.272558,90176.2746789,4.093699986697175
3,158,completed,90176.2706782,90176.2725837,90176.2752484,4.570199991576374
1,158,completed,90176.270709,90176.2726482,90176.2757538,5.04479999653995
1,159,completed,90176.3046784,90176.3065173,90176.3074529,2.7744999970309436
2,159,completed,90176.3048604,90176.3068379,90176.3080085,3.148099989630282
4,159,completed,90176.3046941,90176.3068981,90176.3084995,3.8053999887779355
0,159,completed,90176.3049252,90176.3069268,90176.3089351,4.0098999888869
5,159,completed,90176.3047789,90176.3069567,90176.3096137,4.834799998207018
3,159,completed,90176.3047174,90176.306973,90176.3100451,5.327700011548586
2,160,completed,90176.3325601,90176.3344369,90176.335055,2.494900007150136
3,160,completed,90176.3324817,90176.3344745,90176.3356418,3.1601000082446262
5,160,completed,90176.3325276,90176.334415,90176.3361846,3.6570000083884224
4,160,completed,90176.3326038,90176.3344498,90176.3366696,4.065800007083453
0,160,completed,90176.3324821,90176.3344141,90176.3372991,4.817000008188188
1,160,completed,90176.3394128,90176.3398855,90176.3406401,1.2272999883862212
3,161,completed,90176.367283,90176.3695704,90176.3703983,3.1153000018093735
0,161,completed,90176.3672469,90176.3695001,90176.371269,4.022099994472228
1,161,completed,90176.36743,90176.3696575,90176.3718721,4.442100005690008
2,161,completed,90176.3673707,90176.3696325,90176.3724135,5.042799995862879
5,161,completed,90176.3671871,90176.3695661,90176.3729704,5.783300002804026
4,161,completed,90176.3671872,90176.3696335,90176.3734628,6.275599997024983
0,162,completed,90176.4018403,90176.4039713,90176.404805,2.964700004667975
1,162,completed,90176.4018887,90176.403864,90176.4053851,3.4964000078616664
2,162,completed,90176.4020796,90176.4040372,90176.4058406,3.7609999999403954
4,162,completed,90176.4018483,90176.4039529,90176.4063158,4.467500009923242
5,162,completed,90176.4019368,90176.4040868,90176.4068148,4.877999992459081
3,162,completed,90176.4019848,90176.4041146,90176.4072952,5.310399996233173
1,163,completed,90176.4365841,90176.4385009,90176.4393697,2.785600008792244
2,163,completed,90176.4366472,90176.4388721,90176.4398964,3.2492000027559698
3,163,completed,90176.4367501,90176.4388567,90176.440404,3.653899999335408
4,163,completed,90176.4368388,90176.4388736,90176.4408579,4.019100000732578
0,163,completed,90176.4368028,90176.4388787,90176.4413323,4.529500001808628
5,163,completed,90176.4366239,90176.4388568,90176.4418885,5.264600011287257
3,164,completed,90176.4713776,90176.473591,90176.4743972,3.0196000006981194
0,164,completed,90176.4713549,90176.4737455,90176.4749793,3.624399992986582
2,164,completed,90176.4714776,90176.4738343,90176.4754979,4.020299995318055
4,164,completed,90176.471405,90176.4738792,90176.4760172,4.61219999124296
5,164,completed,90176.4715251,90176.4738734,90176.4765284,5.0033000006806105
1,164,completed,90176.4715669,90176.4738842,90176.4769879,5.420999994385056
4,165,completed,90176.4991961,90176.5011599,90176.502032,2.8358999988995492
1,165,completed,90176.4992171,90176.5014095,90176.5026271,3.4099999902537093
3,165,completed,90176.4992566,90176.5014978,90176.5031137,3.857100004097447
2,165,completed,90176.499411,90176.5014947,90176.5035654,4.15439999778755
0,165,completed,90176.4992864,90176.5015287,90176.5041322,4.845800009206869
5,165,completed,90176.4994494,90176.5015632,90176.5046083,5.158900006790645
0,166,completed,90176.5340165,90176.5351269,90176.5370301,3.013599998666905
3,166,completed,90176.5340207,90176.5351296,90176.5375499,3.529199995682575
5,166,completed,90176.5350186,90176.5367107,90176.5380361,3.0174999992595986
2,166,completed,90176.5350738,90176.5368407,90176.5385296,3.4558000043034554
4,166,completed,90176.5351953,90176.5368941,90176.5390169,3.8215999957174063
1,166,completed,90176.5351543,90176.5369449,90176.539561,4.406699998071417
5,167,completed,90176.5686637,90176.5712462,90176.5720423,3.3785999985411763
2,167,completed,90176.568733,90176.5712133,90176.5727176,3.984599999967031
3,167,completed,90176.5688193,90176.5712815,90176.5732391,4.419800010509789
4,167,completed,90176.5686291,90176.5713034,90176.5738205,5.191399992327206
0,167,completed,90176.5687686,90176.571317,90176.5743403,5.571699992287904
1,167,completed,90176.5686291,90176.5713756,90176.5749546,6.325499998638406
2,168,completed,90176.6034184,90176.6055832,90176.6064649,3.046500001801178
4,168,completed,90176.6035317,90176.6057891,90176.6070349,3.503199986880645
3,168,completed,90176.6036571,90176.6058412,90176.6076015,3.9443999994546175
0,168,completed,90176.6034061,90176.6058376,90176.6081675,4.761400006827898
5,168,completed,90176.6035877,90176.6059112,90176.6086763,5.088600009912625
1,168,completed,90176.6034826,90176.6072563,90176.609191,5.7084000000031665
0,169,completed,90176.6379809,90176.6399242,90176.6407821,2.8011999966111034
3,169,completed,90176.6380506,90176.6400912,90176.6413353,3.284699996584095
5,169,completed,90176.6380149,90176.6402052,90176.6418013,3.7863999896217138
2,169,completed,90176.6382436,90176.6402482,90176.6422771,4.033500008517876
1,169,completed,90176.638223,90176.6402504,90176.6427735,4.550500001641922
4,169,completed,90176.6381146,90176.6403117,90176.6433311,5.2164999942760915
4,170,completed,90176.665846,90176.6677349,90176.6686016,2.755599998636171
3,170,completed,90176.6659186,90176.6681142,90176.6691479,3.229299996746704
2,170,completed,90176.6658971,90176.668075,90176.6696317,3.7346000026445836
1,170,completed,90176.6660563,90176.668107,90176.6700543,3.9980000001378357
0,170,completed,90176.665871,90176.6681144,90176.6705033,4.6322999987751245
5,170,completed,90176.6661071,90176.6681882,90176.6710813,4.974199997377582
0,171,completed,90176.7006432,90176.7026381,90176.7034029,2.7597000007517636
3,171,completed,90176.7006134,90176.702662,90176.7039132,3.2998000096995384
1,171,completed,90176.7007705,90176.7029683,90176.7043625,3.591999993659556
5,171,completed,90176.7007161,90176.7029641,90176.7048444,4.128300002776086
4,171,completed,90176.7006917,90176.7028961,90176.7053386,4.646900008083321
2,171,completed,90176.7008309,90176.7029658,90176.7058131,4.982200000085868
2,172,completed,90176.7353227,90176.7371763,90176.7380598,2.737100003287196
3,172,completed,90176.7353607,90176.7372163,90176.7385973,3.23660000867676
5,172,completed,90176.7354241,90176.7374989,90176.7390521,3.628000005846843
4,172,completed,90176.7354807,90176.7375546,90176.739486,4.005300012067892
1,172,completed,90176.7355943,90176.7376004,90176.7399076,4.313299999921583
0,172,completed,90176.7355615,90176.7376034,90176.7403677,4.806199998711236
4,173,completed,90176.7700277,90176.7721567,90176.773085,3.057299996726215
5,173,completed,90176.7699964,90176.7721045,90176.7738114,3.8149999891174957
0,173,completed,90176.7699861,90176.7720835,90176.7745252,4.539100002148189
1,173,completed,90176.7700789,90176.7722127,90176.7750636,4.984700004570186
3,173,completed,90176.7701108,90176.7722675,90176.7755401,5.42929999937769
2,173,completed,90176.7702628,90176.7723263,90176.7759753,5.712500002118759
5,174,completed,90176.8048701,90176.8069929,90176.8075743,2.704200000152923
3,174,completed,90176.8046663,90176.8069459,90176.8080817,3.415400002268143
1,174,completed,90176.8046741,90176.8070157,90176.808568,3.8938999932724983
2,174,completed,90176.8047739,90176.8069472,90176.8090293,4.255399995599873
4,174,completed,90176.8046437,90176.8070041,90176.809485,4.841300004045479
0,174,completed,90176.8047172,90176.8070017,90176.8100868,5.369600010453723
4,175,completed,90176.8325265,90176.8346107,90176.8353012,2.7746999985538423
0,175,completed,90176.8324429,90176.8345217,90176.8359765,3.533600000082515
5,175,completed,90176.8325179,90176.8345189,90176.8364599,3.942000010283664
1,175,completed,90176.8326042,90176.8346703,90176.8369112,4.30699999560602
2,175,completed,90176.8327015,90176.8347787,90176.8373688,4.667300003347918
3,175,completed,90176.8326684,90176.8348199,90176.8378032,5.134799997904338
3,176,completed,90176.8697124,90176.8714944,90176.8723735,2.661099992110394
2,176,completed,90176.869712,90176.8716698,90176.8730918,3.379799993126653
4,176,completed,90176.8698633,90176.8717625,90176.873805,3.9416999934474006
1,176,completed,90176.8697123,90176.8718425,90176.8744845,4.772200001752935
5,176,completed,90176.8698015,90176.8718634,90176.8752669,5.465399997774512
0,176,completed,90176.8697691,90176.871833,90176.87621,6.440900004236028
0,177,completed,90176.901976,90176.9041125,90176.9049634,2.9874000028939918
5,177,completed,90176.9020327,90176.904232,90176.9054356,3.4028999943984672
4,177,completed,90176.9021017,90176.904282,90176.9059455,3.8437999901361763
1,177,completed,90176.901923,90176.904287,90176.9064158,4.492799998843111
3,177,completed,90176.9021647,90176.9042916,90176.9069161,4.7513999888906255
2,177,completed,90176.9019237,90176.9042729,90176.9074367,5.512999996426515
2,178,completed,90176.9368146,90176.9388915,90176.9395352,2.7205999940633774
3,178,completed,90176.936684,90176.9389055,90176.9400806,3.39660000463482
0,178,completed,90176.9368622,90176.9389913,90176.9406546,3.7923999916529283
4,178,completed,90176.9366838,90176.9389107,90176.9411131,4.429299995535985
5,178,completed,90176.9367172,90176.9390031,90176.9416064,4.8891999904299155
1,178,completed,90176.9367445,90176.9390196,90176.942101,5.356499998015352
2,179,completed,90176.9715406,90176.9735902,90176.9742859,2.7452999929664657
4,179,completed,90176.9713709,90176.9735674,90176.9750295,3.6585999914677814
1,179,completed,90176.9713731,90176.9735678,90176.9756362,4.263100010575727
5,179,completed,90176.971436,90176.9736483,90176.9761679,4.731899985927157
3,179,completed,90176.9714587,90176.9736723,90176.9766931,5.234399999608286
0,179,completed,90176.9716044,90176.9736776,90176.9772772,5.672800005413592
2,180,completed,90176.9992742,90177.0018247,90177.0025153,3.2410999992862344
1,180,completed,90176.9992205,90177.0018972,90177.0030937,3.873199995723553
0,180,completed,90176.9992205,90177.0019408,90177.0036713,4.450799999176525
4,180,completed,90176.9994253,90177.0018981,90177.0041881,4.762800002936274
5,180,completed,90176.9993785,90177.0019714,90177.0047639,5.385399999795482
3,180,completed,90176.9993106,90177.0019529,90177.0053063,5.995699990307912
3,181,completed,90177.0339036,90177.0364459,90177.0371472,3.2436000037705526
1,181,completed,90177.0339208,90177.036515,90177.0377165,3.795700002228841
0,181,completed,90177.0339179,90177.0364956,90177.0382042,4.286299998057075
2,181,completed,90177.0340452,90177.0365718,90177.0387193,4.674100011470728
4,181,completed,90177.0339682,90177.0365866,90177.0392271,5.258899996988475
5,181,completed,90177.0340107,90177.0365894,90177.0397093,5.698600012692623
4,182,completed,90177.0756694,90177.0781016,90177.078771,3.101599999354221
5,182,completed,90177.0756167,90177.0780384,90177.0792914,3.674699997645803
2,182,completed,90177.0755982,90177.0781371,90177.0797932,4.195000001345761
0,182,completed,90177.0756156,90177.0780976,90177.0802619,4.646300003514625
1,182,completed,90177.0758188,90177.0782045,90177.0807518,4.932999989250675
3,182,completed,90177.0758664,90177.078225,90177.081221,5.354599998099729
3,183,completed,90177.1033194,90177.1054851,90177.1062962,2.976799994939938
5,183,completed,90177.1033189,90177.1055119,90177.1068197,3.5007999977096915
1,183,completed,90177.1033563,90177.1055989,90177.1072933,3.9370000013150275
2,183,completed,90177.1034092,90177.1056726,90177.1077989,4.389699999592267
0,183,completed,90177.1034722,90177.1056923,90177.1083056,4.833400002098642
4,183,completed,90177.1035722,90177.1057226,90177.1087515,5.179300002055243
2,184,completed,90177.1380598,90177.1401914,90177.1410242,2.964400002383627
0,184,completed,90177.1380523,90177.1402152,90177.1416267,3.574400005163625
1,184,completed,90177.1381209,90177.1402977,90177.1421934,4.072499999892898
4,184,completed,90177.1380897,90177.1403265,90177.1426632,4.573499987600371
3,184,completed,90177.1382087,90177.140467,90177.143219,5.010300010326318
5,184,completed,90177.1381634,90177.1404836,90177.1437259,5.562499994994141
4,185,completed,90177.1658704,90177.1680031,90177.1687381,2.8676999936578795
2,185,completed,90177.1658304,90177.1678939,90177.1693343,3.5038999922107905
1,185,completed,90177.1658151,90177.1680614,90177.1699014,4.0863000031095
5,185,completed,90177.1660298,90177.1681621,90177.1704563,4.426499988767318
0,185,completed,90177.1660034,90177.1681499,90177.1709717,4.968300010659732
3,185,completed,90177.1659358,90177.1682132,90177.1714996,5.563799990341067
0,186,completed,90177.200544,90177.2026734,90177.2035092,2.9651999939233065
4,186,completed,90177.2005439,90177.2027238,90177.2040468,3.5028999991482124
2,186,completed,90177.2006051,90177.2028075,90177.2045343,3.92920000012964
3,186,completed,90177.2006299,90177.202991,90177.2050065,4.376599987153895
5,186,completed,90177.2007715,90177.2030123,90177.2054751,4.703599988715723
1,186,completed,90177.2006591,90177.2030113,90177.205933,5.273900009342469
2,187,completed,90177.2351622,90177.2370681,90177.2380195,2.85730000177864
1,187,completed,90177.2351969,90177.2373802,90177.2385355,3.3385999995516613
0,187,completed,90177.2351825,90177.2373663,90177.2390571,3.8746000063838437
4,187,completed,90177.2354222,90177.237442,90177.2396334,4.211199993733317
5,187,completed,90177.2352655,90177.2374967,90177.2401919,4.9263999972026795
3,187,completed,90177.2353277,90177.2375148,90177.2407765,5.448800002341159
2,188,completed,90177.2699671,90177.2723284,90177.2732346,3.267499996582046
5,188,completed,90177.2700567,90177.2725452,90177.2738053,3.748600007384084
4,188,completed,90177.2699899,90177.27251,90177.2743792,4.38929999654647
3,188,completed,90177.2699536,90177.2725989,90177.274939,4.985399995348416
1,188,completed,90177.2700772,90177.2726556,90177.2755117,5.434500009869225
0,188,completed,90177.2701222,90177.2726652,90177.2759956,5.873399990377948
2,189,completed,90177.3046798,90177.3066123,90177.3074807,2.8008999943267554
4,189,completed,90177.3047368,90177.3067579,90177.3080484,3.3115999976871535
3,189,completed,90177.3046998,90177.3068875,90177.3086028,3.9029999898048118
1,189,completed,90177.3047807,90177.3069501,90177.309152,4.371300005004741
5,189,completed,90177.3048942,90177.3069953,90177.3096963,4.8020999965956435
0,189,completed,90177.3049432,90177.3070413,90177.3102121,5.268900000373833
0,190,completed,90177.332589,90177.3349994,90177.3359237,3.3346999989589676
1,190,completed,90177.3326565,90177.3351022,90177.3364821,3.8255999970715493
4,190,completed,90177.3325612,90177.3351668,90177.3369814,4.420199999003671
5,190,completed,90177.3326866,90177.3352038,90177.3374567,4.7701000003144145
2,190,completed,90177.3326193,90177.3352062,90177.3379176,5.2983000059612095
3,190,completed,90177.3328375,90177.3353865,90177.3383736,5.536099997698329
1,191,completed,90177.3743796,90177.3767254,90177.3776723,3.292699999292381
3,191,completed,90177.3744152,90177.3768248,90177.3783245,3.9092999941203743
4,191,completed,90177.374404,90177.3768519,90177.3789386,4.534599996986799
2,191,completed,90177.3744759,90177.3768981,90177.3795416,5.0657000101637095
5,191,completed,90177.374627,90177.3770592,90177.3800864,5.459399995743297
0,191,completed,90177.3746062,90177.377059,90177.3807057,6.099499994888902
0,192,completed,90177.402265,90177.4034274,90177.405046,2.781000002869405
5,192,completed,90177.4022312,90177.4033169,90177.4064674,4.236199994920753
3,192,completed,90177.4038227,90177.4050934,90177.4072719,3.449199997703545
1,192,completed,90177.4039703,90177.4053012,90177.4080339,4.063600004883483
4,192,completed,90177.4026155,90177.4058268,90177.4091132,6.497700000181794
2,192,completed,90177.4054138,90177.4062756,90177.4100971,4.683299994212575
0,193,completed,90177.4369208,90177.4393732,90177.4401697,3.2489000004716218
4,193,completed,90177.4368172,90177.4393929,90177.4407676,3.950400001485832
5,193,completed,90177.4368709,90177.4393167,90177.4414277,4.556800005957484
3,193,completed,90177.4367969,90177.4394203,90177.4420293,5.232399998931214
1,193,completed,90177.4367519,90177.4394969,90177.4426126,5.860700010089204
2,193,completed,90177.4367519,90177.4395003,90177.4432665,6.51460001245141
4,194,completed,90177.4784013,90177.4807044,90177.4817745,3.373200001078658
2,194,completed,90177.4785043,90177.4810189,90177.482428,3.9237000019056723
3,194,completed,90177.4783999,90177.481009,90177.4830342,4.634299999452196
1,194,completed,90177.4785782,90177.4812221,90177.48361,5.031799999414943
5,194,completed,90177.4785074,90177.4812312,90177.4842007,5.693300001439638
0,194,completed,90177.4785135,90177.4812635,90177.4847956,6.282100002863444
5,195,completed,90177.5060845,90177.5082041,90177.509155,3.070500009926036
4,195,completed,90177.5062689,90177.5084464,90177.5097711,3.502199993818067
0,195,completed,90177.5060693,90177.5083962,90177.510325,4.255699997884221
1,195,completed,90177.5061233,90177.5084741,90177.51088,4.75670000014361
3,195,completed,90177.5061691,90177.5085525,90177.511381,5.211900002905168
2,195,completed,90177.5061044,90177.5086755,90177.511988,5.883599995286204
1,196,completed,90177.5339404,90177.5360821,90177.5369004,2.9599999979836866
3,196,completed,90177.5338858,90177.5360837,90177.5382538,4.367999994428828
4,196,completed,90177.5338668,90177.5362468,90177.538852,4.985199993825518
5,196,completed,90177.5341192,90177.5362869,90177.539435,5.315799993695691
2,196,completed,90177.5341245,90177.5363058,90177.5400024,5.877899995539337
0,196,completed,90177.5339837,90177.5363578,90177.5406096,6.625899986829609
1,197,completed,90177.5686264,90177.5705918,90177.5714891,2.8626999992411584
3,197,completed,90177.5685688,90177.5705068,90177.5720721,3.5033000021940097
2,197,completed,90177.5685421,90177.5706852,90177.5725874,4.045300011057407
4,197,completed,90177.5686798,90177.5709308,90177.5730878,4.408000007970259
0,197,completed,90177.5687774,90177.5709607,90177.5736561,4.8786999977892265
5,197,completed,90177.5687589,90177.5709664,90177.5741968,5.437899992102757
5,198,completed,90177.6032483,90177.6050456,90177.6060605,2.812199993059039
4,198,completed,90177.6032774,90177.6051911,90177.606603,3.325599987874739
1,198,completed,90177.6033194,90177.6054784,90177.6070713,3.7518999888561666
2,198,completed,90177.603536,90177.6056247,90177.6075309,3.9949000056367368
0,198,completed,90177.6033567,90177.6055792,90177.6080789,4.722199999378063
3,198,completed,90177.6034343,90177.6056233,90177.6086564,5.222099993261509
2,199,completed,90177.6380071,90177.6401231,90177.6408067,2.7995999989798293
3,199,completed,90177.638007,90177.6401236,90177.6413381,3.331100000650622
0,199,completed,90177.6380659,90177.6401256,90177.641866,3.8001000066287816
5,199,completed,90177.6382696,90177.6402874,90177.6424288,4.159200005233288
4,199,completed,90177.6381647,90177.6403029,90177.6429348,4.7701000003144145
1,199,completed,90177.6381093,90177.6403109,90177.6434534,5.34410000545904
1,200,completed,90177.6657991,90177.6676081,90177.6685914,2.7923000016016886
0,200,completed,90177.6657798,90177.6677774,90177.6692207,3.440900007262826
2,200,completed,90177.6658385,90177.6678637,90177.6696921,3.8535999919986352
3,200,completed,90177.6659124,90177.6680118,90177.6701828,4.270399993401952
4,200,completed,90177.6661108,90177.6680101,90177.6707372,4.626399997505359
5,200,completed,90177.6660486,90177.668058,90177.671342,5.2933999977540225
2,201,completed,90177.7004947,90177.7026726,90177.703278,2.7833000058308244
5,201,completed,90177.7005045,90177.702675,90177.7037856,3.2810999982757494
4,201,completed,90177.7006546,90177.7026688,90177.7043237,3.6690999986603856
0,201,completed,90177.7004623,90177.7025828,90177.7048105,4.348200003732927
1,201,completed,90177.7007807,90177.702752,90177.7052533,4.472599990549497
3,201,completed,90177.7005691,90177.7027522,90177.7056996,5.130500008817762
0,202,completed,90177.7352403,90177.7371499,90177.7380334,2.7931000076932833
5,202,completed,90177.7352639,90177.7374082,90177.7385354,3.271499997936189
1,202,completed,90177.7352973,90177.737496,90177.7389976,3.700300003401935
3,202,completed,90177.7354606,90177.7375239,90177.7394406,3.979999994044192
2,202,completed,90177.7353804,90177.7375313,90177.7398901,4.509699996560812
4,202,completed,90177.7354687,90177.7375893,90177.7403567,4.887999995844439
2,203,completed,90177.7699613,90177.7723253,90177.7730895,3.1281999981729314
1,203,completed,90177.7699488,90177.7723004,90177.7736567,3.7078999885125086
3,203,completed,90177.7699254,90177.7722453,90177.7742061,4.280699999071658
0,203,completed,90177.7700279,90177.7723856,90177.774768,4.740100004710257
4,203,completed,90177.7701352,90177.7724911,90177.7752862,5.151000004843809
5,203,completed,90177.7700911,90177.7724895,90177.7757753,5.684200004907325
2,204,completed,90177.8045828,90177.8063704,90177.8074261,2.8432999970391393
5,204,completed,90177.8046352,90177.8066395,90177.808064,3.4288000024389476
0,204,completed,90177.8047561,90177.8067813,90177.8085703,3.8141999975778162
1,204,completed,90177.8046601,90177.8067611,90177.8091663,4.506199999013916
4,204,completed,90177.804728,90177.806776,90177.8097329,5.004899998311885
3,204,completed,90177.8051797,90177.806926,90177.8102483,5.06860000314191
1,205,completed,90177.8326119,90177.8348721,90177.8355857,2.9738000012002885
4,205,completed,90177.8325692,90177.83483,90177.8361347,3.565499995602295
2,205,completed,90177.8326791,90177.8349559,90177.8366388,3.9596999995410442
5,205,completed,90177.8325905,90177.8348331,90177.8371508,4.560300003504381
0,205,completed,90177.8327205,90177.8350319,90177.837647,4.926499997964129
3,205,completed,90177.8327803,90177.8350809,90177.8381566,5.376300003263168
0,206,completed,90177.8672092,90177.8691491,90177.8699798,2.77059999643825
5,206,completed,90177.8672666,90177.869209,90177.8705135,3.2468999997945502
1,206,completed,90177.8672276,90177.8692121,90177.8709734,3.745800000615418
2,206,completed,90177.8673757,90177.8695159,90177.8714369,4.061199986608699
4,206,completed,90177.8675042,90177.8695003,90177.8719959,4.491700005019084
3,206,completed,90177.8673202,90177.8695221,90177.8725336,5.2133999997749925
5,207,completed,90177.9020108,90177.9040098,90177.9046784,2.667599997948855
4,207,completed,90177.9019464,90177.90408,90177.9052068,3.260400000726804
1,207,completed,90177.9019464,90177.9040829,90177.9057021,3.755700003239326
2,207,completed,90177.9019852,90177.9041037,90177.9062251,4.239899993990548
0,207,completed,90177.9021116,90177.9041188,90177.9067124,4.600800006301142
3,207,completed,90177.9022653,90177.90423,90177.9071565,4.891200005658902
3,208,completed,90177.9366548,90177.9386977,90177.9394691,2.814300009049475
2,208,completed,90177.9365911,90177.9386591,90177.9400139,3.422800000407733
4,208,completed,90177.9365913,90177.938811,90177.940494,3.902700002072379
0,208,completed,90177.9367499,90177.9388657,90177.9409592,4.2092999938176945
1,208,completed,90177.9369101,90177.9389688,90177.9414661,4.5559999998658895
5,208,completed,90177.9368542,90177.9389635,90177.9419323,5.078100002720021
1,209,completed,90177.9784168,90177.9805728,90177.9812727,2.855899991118349
2,209,completed,90177.978386,90177.9805666,90177.9817823,3.396300002350472
3,209,completed,90177.9783795,90177.9805949,90177.982236,3.8564999995287508
5,209,completed,90177.9784833,90177.9807199,90177.9827288,4.245499992975965
4,209,completed,90177.978584,90177.9807532,90177.9831999,4.61590000486467
0,209,completed,90177.9785464,90177.9807551,90177.9837489,5.202500004088506
3,210,completed,90177.9991037,90178.000917,90178.0018055,2.7017999964300543
5,210,completed,90177.9992042,90178.0011925,90178.0023371,3.1329000048572198
1,210,completed,90177.9990883,90178.0011328,90178.002799,3.710699995281175
0,210,completed,90177.9991597,90178.0011957,90178.0032791,4.119399993214756
4,210,completed,90177.999325,90178.0012913,90178.0037238,4.3987999961245805
2,210,completed,90177.9995075,90178.0014258,90178.004178,4.670499998610467
1,211,completed,90178.0339976,90178.0360182,90178.0369241,2.926500004832633
3,211,completed,90178.0339728,90178.0361187,90178.038328,4.35519999882672
4,211,completed,90178.034205,90178.0363164,90178.0388827,4.677699995227158
0,211,completed,90178.0340618,90178.0363342,90178.0394382,5.376399989472702
5,211,completed,90178.0342518,90178.0363505,90178.0399531,5.7013000041479245
2,211,completed,90178.0341047,90178.0363705,90178.0404834,6.378699996275827
5,212,completed,90178.0756479,90178.0770338,90178.0783377,2.6898000069195405
1,212,completed,90178.0757051,90178.0773784,90178.0788654,3.160300009767525
2,212,completed,90178.0755604,90178.0778144,90178.0793432,3.7828000058652833
3,212,completed,90178.0755701,90178.0778538,90178.0798247,4.254600004060194
4,212,completed,90178.0762501,90178.0780051,90178.0803182,4.0680999954929575
0,212,completed,90178.0761815,90178.0780427,90178.0809177,4.736200004117563
4,213,completed,90178.1032978,90178.1053872,90178.1060901,2.7923000016016886
5,213,completed,90178.103299,90178.1053524,90178.1065637,3.264700004365295
3,213,completed,90178.1033956,90178.1055117,90178.1070753,3.679699992062524
1,213,completed,90178.1033499,90178.1054718,90178.1075292,4.179299998213537
2,213,completed,90178.1034872,90178.1055995,90178.1080555,4.568299991660751
0,213,completed,90178.1036014,90178.1056003,90178.1087584,5.157000006875023
1,214,completed,90178.1381151,90178.1402517,90178.1408918,2.776699999230914
3,214,completed,90178.1381838,90178.1402939,90178.1414159,3.23210000351537
4,214,completed,90178.1380301,90178.1401548,90178.1418865,3.8563999987673014
0,214,completed,90178.1380535,90178.140145,90178.1425035,4.44999999308493
5,214,completed,90178.1380111,90178.1402466,90178.1430331,5.021999997552484
2,214,completed,90178.1383021,90178.1403931,90178.1435811,5.27900000452064
2,215,completed,90178.1742851,90178.1763055,90178.17703,2.7449000044725835
4,215,completed,90178.1742515,90178.1762223,90178.1775485,3.297000002930872
0,215,completed,90178.1743121,90178.1764062,90178.1781805,3.8684000028297305
5,215,completed,90178.1744576,90178.1764714,90178.1786322,4.174599991529249
3,215,completed,90178.1743761,90178.176436,90178.1790772,4.70109999878332
1,215,completed,90178.1744173,90178.1764687,90178.1796115,5.194199999095872
0,216,completed,90178.2005283,90178.202373,90178.203358,2.829699995345436
1,216,completed,90178.2006202,90178.2025501,90178.2039327,3.3124999899882823
2,216,completed,90178.2005008,90178.2025403,90178.2044092,3.9084000018192455
4,216,completed,90178.2005544,90178.2026045,90178.2048466,4.29219999932684
5,216,completed,90178.200746,90178.2027375,90178.2053167,4.57069999538362
3,216,completed,90178.2007999,90178.2027375,90178.2058057,5.0057999906130135
3,217,completed,90178.2351832,90178.2369796,90178.2378023,2.6191000069957227
0,217,completed,90178.2351995,90178.23698,90178.2384255,3.2260000007227063
4,217,completed,90178.2352472,90178.2372678,90178.2389325,3.685299991047941
2,217,completed,90178.2352879,90178.2373273,90178.2394118,4.123899998376146
5,217,completed,90178.2353384,90178.2373719,90178.2398593,4.520899994531646
1,217,completed,90178.2354355,90178.2373926,90178.2403188,4.8833000037120655
0,218,completed,90178.270384,90178.2724451,90178.2732875,2.903499989770353
1,218,completed,90178.2704307,90178.2726338,90178.2738608,3.430100012337789
3,218,completed,90178.270443,90178.2725608,90178.2744089,3.9659000030951574
4,218,completed,90178.270384,90178.2727462,90178.2749066,4.52259999292437
5,218,completed,90178.2705538,90178.2727585,90178.2754388,4.885000002104789
2,218,completed,90178.2704984,90178.2727729,90178.2759413,5.4429000010713935
0,219,completed,90178.3047409,90178.3069011,90178.307438,2.697100004297681
1,219,completed,90178.3047594,90178.306911,90178.3079674,3.208000009180978
2,219,completed,90178.3046837,90178.3068261,90178.3085163,3.832600006717257
5,219,completed,90178.3046838,90178.3068256,90178.3089774,4.2935999954352155
3,219,completed,90178.3048585,90178.3068644,90178.3094374,4.578899999614805
4,219,completed,90178.3049937,90178.3069184,90178.3098528,4.859099994064309
4,220,completed,90178.339465,90178.3414843,90178.3425685,3.103499999269843
1,220,completed,90178.339491,90178.3418145,90178.3431788,3.6877999955322593
0,220,completed,90178.3395548,90178.3418657,90178.3437106,4.155800008447841
2,220,completed,90178.3397678,90178.3420062,90178.3441997,4.431900000781752
5,220,completed,90178.3397053,90178.3420167,90178.3446965,4.991200010408647
3,220,completed,90178.339619,90178.3420313,90178.345194,5.574999988311902
2,221,completed,90178.3671694,90178.3690545,90178.3698455,2.676100004464388
0,221,completed,90178.3671606,90178.3690876,90178.3705557,3.395100007764995
5,221,completed,90178.3672179,90178.3693125,90178.3710856,3.867699997499585
1,221,completed,90178.3672613,90178.3692926,90178.3716378,4.376500000944361
3,221,completed,90178.3674656,90178.3693732,90178.3721043,4.638700003852136
4,221,completed,90178.3673815,90178.3694377,90178.3725912,5.2097000007051975
5,222,completed,90178.4019407,90178.4037841,90178.4046102,2.6694999978644773
4,222,completed,90178.4019123,90178.4039502,90178.4051501,3.2378000032622367
0,222,completed,90178.4021136,90178.404067,90178.4056851,3.5715000121854246
3,222,completed,90178.402027,90178.4041474,90178.4061683,4.1412999999010935
1,222,completed,90178.4019727,90178.4040893,90178.4066443,4.671600006986409
2,222,completed,90178.4021473,90178.4041842,90178.4071498,5.002499994589016
3,223,completed,90178.4435873,90178.4456605,90178.4464864,2.8990999999223277
2,223,completed,90178.4435566,90178.445746,90178.4470538,3.497199999401346
1,223,completed,90178.4436003,90178.4458415,90178.4475397,3.9394000050378963
5,223,completed,90178.4437466,90178.44583,90178.4480078,4.2612000106601045
0,223,completed,90178.4436725,90178.4458946,90178.4484885,4.816000000573695
4,223,completed,90178.4436515,90178.4459144,90178.4489723,5.320800002664328
3,224,completed,90178.4643229,90178.4648066,90178.4654428,1.1199000000488013
4,224,completed,90178.4783073,90178.4803386,90178.481203,2.8957000031368807
2,224,completed,90178.4784068,90178.4805008,90178.4817661,3.3592999971006066
1,224,completed,90178.4784508,90178.4805297,90178.4822891,3.8382999919122085
5,224,completed,90178.4783079,90178.4805591,90178.4828057,4.497799993259832
0,224,completed,90178.4783332,90178.4805862,90178.4833332,5.000000004656613
1,225,completed,90178.499103,90178.5004738,90178.501157,2.054000011412427
0,225,completed,90178.4990976,90178.5004756,90178.5017193,2.621699997689575
5,225,completed,90178.4993736,90178.5006423,90178.5022107,2.837099993485026
3,225,completed,90178.499412,90178.5006731,90178.5027027,3.2906999986153096
4,225,completed,90178.5061085,90178.5067919,90178.5075191,1.4106000016909093
2,225,completed,90178.5061485,90178.5069457,90178.5080687,1.9201999966753647
0,226,completed,90178.5338074,90178.5355765,90178.5364246,2.6171999925281852
4,226,completed,90178.5338363,90178.535861,90178.5369225,3.086199998506345
3,226,completed,90178.5339239,90178.5358454,90178.5373965,3.472600001259707
1,226,completed,90178.5338045,90178.5359799,90178.5385805,4.77600000158418
5,226,completed,90178.5340118,90178.5360146,90178.5390906,5.078799993498251
2,226,completed,90178.5340615,90178.5360832,90178.5396055,5.543999999645166
5,227,completed,90178.5685579,90178.5704574,90178.5713972,2.8392999956849962
0,227,completed,90178.5685993,90178.5706823,90178.5719912,3.3919000125024468
4,227,completed,90178.5685339,90178.5707205,90178.5725701,4.036199999973178
2,227,completed,90178.5688075,90178.5708348,90178.5731429,4.335399993578903
1,227,completed,90178.5687489,90178.5708173,90178.5737028,4.953900002874434
3,227,completed,90178.5686555,90178.5708752,90178.574275,5.619500007014722
0,228,completed,90178.6032729,90178.6052179,90178.6061078,2.834900005836971
5,228,completed,90178.6032594,90178.6054364,90178.6066165,3.3570999949006364
2,228,completed,90178.6033599,90178.6054813,90178.6071118,3.751900003408082
4,228,completed,90178.603311,90178.6055319,90178.6076316,4.320599997299723
1,228,completed,90178.6034763,90178.6055198,90178.6081418,4.66549998964183
3,228,completed,90178.603408,90178.6055723,90178.6086966,5.2886000048602
2,229,completed,90178.6311472,90178.6331246,90178.6340721,2.9249000072013587
4,229,completed,90178.6311212,90178.6330669,90178.6346731,3.5518999939085916
5,229,completed,90178.6313442,90178.6334612,90178.635181,3.836800009594299
0,229,completed,90178.6314034,90178.6334987,90178.635668,4.2646000074455515
1,229,completed,90178.6312144,90178.6335335,90178.6361179,4.903499997453764
3,229,completed,90178.6312717,90178.6335628,90178.6365534,5.281700010527857
2,230,completed,90178.6657841,90178.6662908,90178.6669447,1.1606000043684617
5,230,completed,90178.6727691,90178.6747998,90178.6754406,2.671499998541549
3,230,completed,90178.6727283,90178.6747595,90178.6759836,3.2553000055486336
4,230,completed,90178.6726971,90178.6748432,90178.676447,3.7499000027310103
0,230,completed,90178.6727996,90178.6748373,90178.676912,4.112399998120964
1,230,completed,90178.6728167,90178.6749144,90178.6774375,4.620799998519942
2,231,completed,90178.7005107,90178.702571,90178.7032718,2.761099996860139
3,231,completed,90178.7005463,90178.7026215,90178.7038474,3.3011000050464645
5,231,completed,90178.7004638,90178.7026164,90178.7044037,3.939899994293228
0,231,completed,90178.7007057,90178.7027371,90178.7049171,4.211399995256215
1,231,completed,90178.7006602,90178.702726,90178.7054621,4.801899995072745
4,231,completed,90178.7005863,90178.7027571,90178.7060202,5.433900005300529
3,232,completed,90178.7352408,90178.7372815,90178.7381047,2.863899993826635
2,232,completed,90178.7352036,90178.7372533,90178.7386711,3.4675000060815364
4,232,completed,90178.7352235,90178.7373589,90178.7392077,3.984199996921234
0,232,completed,90178.7353098,90178.7375215,90178.7397512,4.441400000359863
5,232,completed,90178.7353852,90178.7375548,90178.7402725,4.8873000050662085
1,232,completed,90178.735458,90178.7375846,90178.7407377,5.279700009850785
1,233,completed,90178.7699292,90178.7719246,90178.7729343,3.005099992151372
0,233,completed,90178.7699153,90178.771973,90178.7735226,3.6072999937459826
4,233,completed,90178.769992,90178.772236,90178.7740637,4.071699993801303
2,233,completed,90178.7701417,90178.7723565,90178.7745555,4.413799993926659
3,233,completed,90178.7700523,90178.7723569,90178.775086,5.033699999330565
5,233,completed,90178.7701783,90178.7723956,90178.7756022,5.423900001915172
3,234,completed,90178.804698,90178.8069538,90178.8076044,2.9063999973004684
2,234,completed,90178.8046867,90178.8068811,90178.8082803,3.5936000058427453
4,234,completed,90178.8047908,90178.8069195,90178.8088653,4.074500000569969
0,234,completed,90178.8046768,90178.8068825,90178.8093852,4.708399996161461
1,234,completed,90178.8049043,90178.8069297,90178.8099285,5.0241999997524545
5,234,completed,90178.804871,90178.8070055,90178.8104839,5.612900000414811
3,235,completed,90178.8324523,90178.8344726,90178.8352647,2.812399994581938
4,235,completed,90178.8324668,90178.8345364,90178.8358049,3.3380999957444146
0,235,completed,90178.8325721,90178.8347126,90178.8363234,3.751299998839386
5,235,completed,90178.8324432,90178.8346793,90178.8368058,4.362600011518225
2,235,completed,90178.8325341,90178.8346994,90178.8372509,4.716800001915544
1,235,completed,90178.8326654,90178.8347966,90178.8376986,5.033199995523319
2,236,completed,90178.8671184,90178.8690319,90178.8697489,2.6305000064894557
1,236,completed,90178.8671068,90178.8690305,90178.8703175,3.2107000006362796
4,236,completed,90178.8671872,90178.8692485,90178.8708574,3.6702000070363283
5,236,completed,90178.867177,90178.8692321,90178.8713761,4.1991000034613535
0,236,completed,90178.8672745,90178.8692814,90178.871943,4.66850001248531
3,236,completed,90178.8673225,90178.8692872,90178.8725231,5.200600004172884
1,237,completed,90178.9088862,90178.9109112,90178.9116815,2.795299995341338
0,237,completed,90178.9089039,90178.9109569,90178.9122701,3.366200005984865
3,237,completed,90178.9089302,90178.9109656,90178.9127432,3.812999988440424
5,237,completed,90178.9090158,90178.9110825,90178.9132199,4.204099997878075
4,237,completed,90178.9091184,90178.9111415,90178.9136854,4.566999996313825
2,237,completed,90178.9091753,90178.9111478,90178.9141647,4.9894000112544745
3,238,completed,90178.9366614,90178.938776,90178.9396922,3.0307999986689538
2,238,completed,90178.9368477,90178.939086,90178.9402231,3.375400003278628
0,238,completed,90178.9368011,90178.9391689,90178.9407115,3.910400002496317
1,238,completed,90178.9366566,90178.9391606,90178.9412144,4.557799999020062
4,238,completed,90178.9366742,90178.9391686,90178.9417124,5.038200004491955
5,238,completed,90178.936935,90178.9392462,90178.942228,5.292999994708225
0,239,completed,90178.9712945,90178.9731891,90178.9742418,2.947299988591112
2,239,completed,90178.9713052,90178.9735082,90178.97484,3.534799994667992
4,239,completed,90178.9713524,90178.9736083,90178.9753335,3.981100002420135
3,239,completed,90178.9714368,90178.9737104,90178.9757849,4.348100002971478
5,239,completed,90178.9714727,90178.9737347,90178.9762444,4.771699997945689
1,239,completed,90178.9717714,90178.9737993,90178.9766814,4.910000003292225
2,240,completed,90178.9991523,90179.000782,90179.0015352,2.3828999983379617
4,240,completed,90178.9991355,90179.0009369,90179.002093,2.9575000080512837
5,240,completed,90178.9992566,90179.0009448,90179.002578,3.3213999995496124
3,240,completed,90178.9991793,90179.0010104,90179.0030374,3.85810001171194
1,240,completed,90178.9992926,90179.0010692,90179.0034951,4.2025000002468005
0,240,completed,90179.006134,90179.0065726,90179.0071836,1.0496000031707808
3,241,completed,90179.0340193,90179.0360429,90179.0366017,2.5824000040302053
4,241,completed,90179.0340615,90179.036065,90179.0371584,3.0968999926699325
1,241,completed,90179.0339691,90179.0361002,90179.0376223,3.653200008557178
2,241,completed,90179.0339008,90179.0360741,90179.038726,4.825199997867458
0,241,completed,90179.0338646,90179.0360429,90179.039229,5.364399999962188
5,241,completed,90179.0338811,90179.0360332,90179.0397227,5.841600010171533
0,242,completed,90179.0756359,90179.0780167,90179.0786116,2.9757000011159107
3,242,completed,90179.0755903,90179.0779697,90179.0791465,3.5561999975470826
1,242,completed,90179.0757734,90179.0779831,90179.0796115,3.83809999038931
5,242,completed,90179.0756637,90179.0780455,90179.0801055,4.44180000340566
4,242,completed,90179.0755909,90179.0780471,90179.0805695,4.978600001777522
2,242,completed,90179.0758162,90179.078024,90179.0809962,5.180000007385388
0,243,completed,90179.1032743,90179.1051623,90179.1059879,2.7135999989695847
3,243,completed,90179.1034122,90179.1054273,90179.106502,3.0897999968146905
1,243,completed,90179.1032654,90179.1054579,90179.1069683,3.7028999940957874
2,243,completed,90179.1032894,90179.1054594,90179.1074175,4.128100001253188
4,243,completed,90179.1033503,90179.1054997,90179.1078936,4.543299990473315
5,243,completed,90179.1034785,90179.1055525,90179.1083954,4.916900012176484
5,244,completed,90179.1380323,90179.1401329,90179.1409381,2.9057999927317724
3,244,completed,90179.1380028,90179.1402521,90179.141475,3.4721999982139096
1,244,completed,90179.1381787,90179.1402824,90179.141966,3.787299996474758
4,244,completed,90179.1381293,90179.140273,90179.1424407,4.3114000000059605
0,244,completed,90179.138017,90179.1401167,90179.142978,4.960999998729676
2,244,completed,90179.1382829,90179.140378,90179.1435023,5.219399987254292
3,245,completed,90179.1657768,90179.1674169,90179.1681666,2.389799992670305
2,245,completed,90179.1657612,90179.1676139,90179.1686889,2.9276999994181097
0,245,completed,90179.1659142,90179.1676187,90179.1692017,3.2875000033527613
1,245,completed,90179.166003,90179.1676646,90179.1697243,3.721299988683313
4,245,completed,90179.1658106,90179.1676428,90179.1702521,4.441500001121312
5,245,completed,90179.1726907,90179.1735261,90179.1742561,1.5654000017093495
4,246,completed,90179.2004859,90179.2023548,90179.2032071,2.7211999986320734
2,246,completed,90179.2005196,90179.2024862,90179.2037037,3.184100001817569
1,246,completed,90179.2005689,90179.2025351,90179.2041771,3.6081999860471115
3,246,completed,90179.2007681,90179.2026653,90179.2046539,3.885800004354678
0,246,completed,90179.2005408,90179.2026375,90179.2051049,4.564100003335625
5,246,completed,90179.2006731,90179.2027411,90179.2055745,4.901399996015243
5,247,completed,90179.2352273,90179.23695,90179.2378011,2.5737999967532232
2,247,completed,90179.23523,90179.2369483,90179.2383311,3.1010999955469742
3,247,completed,90179.2355394,90179.2372281,90179.2388122,3.2727999932831153
1,247,completed,90179.2357364,90179.2373709,90179.239302,3.565599996363744
0,247,completed,90179.2356802,90179.2373734,90179.2397371,4.056899997522123
4,247,completed,90179.2355263,90179.2374585,90179.2401709,4.644599990569986
4,248,completed,90179.2769428,90179.2792068,90179.2799577,3.014899994013831
0,248,completed,90179.2770427,90179.2793088,90179.2804974,3.4546999959275126
1,248,completed,90179.2769439,90179.2792767,90179.2810008,4.056899997522123
3,248,completed,90179.2771536,90179.2793871,90179.281461,4.307400013203733
5,248,completed,90179.2769901,90179.2794208,90179.2819728,4.982700003893115
2,248,completed,90179.2770987,90179.2794472,90179.2825082,5.409500008681789
5,249,completed,90179.2977369,90179.2996053,90179.3005063,2.769400001852773
3,249,completed,90179.2977357,90179.2999081,90179.3010539,3.318199989735149
1,249,completed,90179.2978752,90179.2999207,90179.3015714,3.6962000012863427
0,249,completed,90179.2977513,90179.2999098,90179.3021278,4.376500000944361
4,249,completed,90179.2979234,90179.3000318,90179.3026051,4.681700011133216
2,249,completed,90179.2978174,90179.2999912,90179.3030712,5.253800001810305
5,250,completed,90179.3324959,90179.3344903,90179.3352831,2.787199991871603
1,250,completed,90179.3325492,90179.3345867,90179.3358242,3.2749999954830855
3,250,completed,90179.3325957,90179.3346837,90179.3362677,3.671999991638586
4,250,completed,90179.3325089,90179.3346699,90179.3367457,4.236799999489449
2,250,completed,90179.3327943,90179.3347767,90179.3372319,4.437600000528619
0,250,completed,90179.3327129,90179.3348371,90179.3378698,5.156900006113574
0,251,completed,90179.3673048,90179.3695869,90179.3708232,3.518400000757538
2,251,completed,90179.3673057,90179.3696916,90179.3715438,4.23810000938829
4,251,completed,90179.3674241,90179.3698158,90179.3721829,4.758800001582131
1,251,completed,90179.367574,90179.3698693,90179.3727359,5.161900000530295
3,251,completed,90179.3674028,90179.3699912,90179.3732633,5.860500008566305
5,251,completed,90179.3674751,90179.3699649,90179.3738902,6.415099996956997
1,252,completed,90179.4019636,90179.404303,90179.4051051,3.1414999975822866
3,252,completed,90179.4019637,90179.4042881,90179.4056198,3.6561000015353784
2,252,completed,90179.4019927,90179.4044086,90179.4061757,4.182999997283332
0,252,completed,90179.4021529,90179.4045027,90179.4069955,4.842599999392405
5,252,completed,90179.4020408,90179.4044878,90179.4075938,5.55299999541603
4,252,completed,90179.4021197,90179.4045066,90179.408119,5.999300003168173
0,253,completed,90179.4366225,90179.438866,90179.4399619,3.339400005643256
5,253,completed,90179.4367337,90179.4390775,90179.4405905,3.856800001813099
3,253,completed,90179.4367111,90179.4390988,90179.4411861,4.474999994272366
2,253,completed,90179.4366249,90179.439177,90179.4417422,5.117299995617941
4,253,completed,90179.4366462,90179.4391774,90179.4422767,5.630500003462657
1,253,completed,90179.4368037,90179.4392212,90179.4428575,6.053800010704435
1,254,completed,90179.4713239,90179.4736258,90179.4744352,3.1113000004552305
2,254,completed,90179.4713918,90179.473693,90179.4749549,3.563099991879426
4,254,completed,90179.4713203,90179.4736258,90179.4754126,4.092300005140714
0,254,completed,90179.4715018,90179.4738162,90179.4760641,4.562300004181452
5,254,completed,90179.471365,90179.4738966,90179.4765143,5.14929999189917
3,254,completed,90179.4714406,90179.473929,90179.4769811,5.54050000209827
2,255,completed,90179.499196,90179.5006676,90179.5012371,2.0411000004969537
0,255,completed,90179.4991131,90179.5006844,90179.5019405,2.8274000069359317
4,255,completed,90179.4991685,90179.5005942,90179.502409,3.2404999947175384
1,255,completed,90179.4991136,90179.5006913,90179.5028819,3.768299997318536
3,255,completed,90179.5060394,90179.5067655,90179.50739,1.3505999959306791
5,255,completed,90179.5060154,90179.506741,90179.5078981,1.8827000021701679
1,256,completed,90179.5341532,90179.5361921,90179.5369321,2.778900001430884
3,256,completed,90179.5339487,90179.5361726,90179.5374772,3.5285000049043447
0,256,completed,90179.5340239,90179.5360697,90179.5379273,3.903399992850609
2,256,completed,90179.5339995,90179.5362018,90179.5390067,5.007200001273304
4,256,completed,90179.533949,90179.536167,90179.5394587,5.509700000402518
5,256,completed,90179.5341016,90179.5363024,90179.5398979,5.796299999929033
5,257,completed,90179.5686243,90179.5709232,90179.5717659,3.141599998343736
0,257,completed,90179.5686384,90179.5709778,90179.5724058,3.7674000050174072
2,257,completed,90179.5687078,90179.571028,90179.5729387,4.230899998219684
3,257,completed,90179.5687336,90179.5710397,90179.5734944,4.760800002259202
1,257,completed,90179.5688214,90179.5711647,90179.5740815,5.260100006125867
4,257,completed,90179.5688733,90179.5712038,90179.5745929,5.719599997974001
4,258,completed,90179.6033211,90179.6053525,90179.6061169,2.795799999148585
1,258,completed,90179.6033196,90179.6054918,90179.6066507,3.331100000650622
0,258,completed,90179.6034793,90179.6055825,90179.6071934,3.714100006618537
3,258,completed,90179.6033786,90179.6055742,90179.6077585,4.379899997729808
2,258,completed,90179.6033562,90179.6055269,90179.6083509,4.994700007955544
5,258,completed,90179.6035445,90179.6056327,90179.6088613,5.316800001310185
3,259,completed,90179.6381139,90179.6400916,90179.6408324,2.7184999926248565
5,259,completed,90179.6380707,90179.6401553,90179.6413646,3.293899993877858
0,259,completed,90179.6381527,90179.6402054,90179.6418472,3.694499988341704
1,259,completed,90179.638279,90179.6403009,90179.642351,4.071999996085651
4,259,completed,90179.6382482,90179.6402874,90179.6428204,4.572199992253445
2,259,completed,90179.638071,90179.6403449,90179.6433499,5.27890000375919
4,260,completed,90179.6657691,90179.6674167,90179.6682236,2.4545000051148236
1,260,completed,90179.6657873,90179.6675378,90179.6688217,3.0344000115292147
0,260,completed,90179.6658898,90179.6676155,90179.66933,3.4402000019326806
5,260,completed,90179.6658329,90179.667689,90179.669781,3.9480999985244125
2,260,completed,90179.6658115,90179.6676749,90179.6702481,4.436599992914125
3,260,completed,90179.6727462,90179.6734701,90179.6742613,1.5150999970501289
2,261,completed,90179.7005294,90179.7027944,90179.703416,2.886600006604567
5,261,completed,90179.7005851,90179.7027251,90179.7039309,3.3457999961683527
0,261,completed,90179.7004887,90179.7027435,90179.704412,3.92330001341179
1,261,completed,90179.7005071,90179.7027765,90179.7048352,4.328099996200763
4,261,completed,90179.7007524,90179.7028137,90179.7052638,4.511400009505451
3,261,completed,90179.700689,90179.7028519,90179.7057924,5.10339999163989
2,262,completed,90179.7353026,90179.7374289,90179.7382389,2.9362999921431765
3,262,completed,90179.7352804,90179.7375467,90179.7387546,3.474199998890981
0,262,completed,90179.735337,90179.7376771,90179.7392804,3.943399991840124
4,262,completed,90179.7353761,90179.7377103,90179.7397448,4.368699999758974
1,262,completed,90179.735505,90179.7376695,90179.7402625,4.757499991683289
5,262,completed,90179.7355552,90179.7377606,90179.740756,5.200800005695783
0,263,completed,90179.7699452,90179.7720265,90179.7727833,2.8381000010995194
3,263,completed,90179.7699453,90179.7720265,90179.7735322,3.5868999984813854
2,263,completed,90179.7701017,90179.7721199,90179.7741628,4.06109998584725
1,263,completed,90179.7700301,90179.772145,90179.7747984,4.768300001160242
5,263,completed,90179.7702104,90179.7721654,90179.7753201,5.109699995955452
4,263,completed,90179.7701942,90179.7722419,90179.7757911,5.596899994998239
0,264,completed,90179.8046893,90179.8070708,90179.8076469,2.9575999942608178
1,264,completed,90179.8046839,90179.8070818,90179.8081981,3.514199997880496
3,264,completed,90179.8048595,90179.8070758,90179.808666,3.806499997153878
5,264,completed,90179.8046673,90179.8070718,90179.8091337,4.466399986995384
4,264,completed,90179.8047417,90179.8070241,90179.8096066,4.864899994572625
2,264,completed,90179.8047877,90179.8071173,90179.8100633,5.2755999931832775
2,265,completed,90179.8324948,90179.8344369,90179.8353589,2.864100009901449
1,265,completed,90179.8325302,90179.8347445,90179.8358713,3.3411000040359795
4,265,completed,90179.8326361,90179.8347286,90179.8364199,3.7837999989278615
3,265,completed,90179.8325113,90179.8346906,90179.8369179,4.406599997309968
5,265,completed,90179.8327336,90179.8348821,90179.8374049,4.671300004702061
0,265,completed,90179.8327787,90179.8348898,90179.8378807,5.101999995531514
1,266,completed,90179.8740608,90179.8762176,90179.8769301,2.869300005841069
2,266,completed,90179.8741121,90179.8763697,90179.8774651,3.352999992785044
5,266,completed,90179.8740608,90179.8762799,90179.8779365,3.875700000207871
0,266,completed,90179.8740849,90179.8763695,90179.8784173,4.332399999839254
4,266,completed,90179.874165,90179.876401,90179.8788832,4.71819999802392
3,266,completed,90179.8741964,90179.8764108,90179.8793142,5.117800013977103
5,267,completed,90179.9018801,90179.9036349,90179.9046229,2.7427999884821475
4,267,completed,90179.9018807,90179.9037572,90179.9051457,3.265000006649643
2,267,completed,90179.9021847,90179.9040823,90179.9056367,3.452000004472211
3,267,completed,90179.9023235,90179.9042178,90179.9061216,3.798099991399795
1,267,completed,90179.9023592,90179.9042154,90179.9066246,4.265399998985231
0,267,completed,90179.9023912,90179.9042526,90179.9071372,4.746000005980022
3,268,completed,90179.9366841,90179.9386844,90179.93958,2.8959000046597794
0,268,completed,90179.9366702,90179.938857,90179.9401737,3.5035000037169084
4,268,completed,90179.9368409,90179.9389502,90179.9406483,3.8074000040069222
1,268,completed,90179.9367048,90179.9389562,90179.9412249,4.520100002991967
5,268,completed,90179.9367304,90179.9390973,90179.9417911,5.060700001195073
2,268,completed,90179.9369784,90179.9390852,90179.942383,5.404600000474602
3,269,completed,90179.9783632,90179.9804072,90179.9812271,2.863899993826635
1,269,completed,90179.9783318,90179.9806276,90179.9817792,3.447399998549372
4,269,completed,90179.9783801,90179.9806773,90179.982273,3.89290000020992
5,269,completed,90179.9786052,90179.9806963,90179.9827744,4.169200008618645
0,269,completed,90179.9784591,90179.9807221,90179.9832656,4.806500000995584
2,269,completed,90179.9785346,90179.9807991,90179.9837222,5.187600007047877
0,270,completed,90179.9992291,90180.0009799,90180.0017508,2.521700007491745
2,270,completed,90179.9992517,90180.0010397,90180.0022936,3.041899995878339
4,270,completed,90179.9993131,90180.0010908,90180.0027912,3.4780999994836748
5,270,completed,90179.9992638,90180.0011142,90180.0033143,4.0505000069970265
1,270,completed,90179.9993569,90180.0011981,90180.0038148,4.457899995031767
3,270,completed,90180.0060668,90180.0067024,90180.0075613,1.494500000262633
5,271,completed,90180.0409549,90180.0432408,90180.044288,3.3331000013276935
1,271,completed,90180.0409101,90180.0432875,90180.0449072,3.997100007836707
4,271,completed,90180.0412058,90180.0434945,90180.0454548,4.249000005074777
3,271,completed,90180.040909,90180.0435071,90180.0459727,5.063699994934723
0,271,completed,90180.0409086,90180.043464,90180.0465446,5.636000001686625
2,271,completed,90180.0409689,90180.0435467,90180.0470838,6.114900010288693
3,272,completed,90180.0686156,90180.0709909,90180.0718639,3.2482999959029257
1,272,completed,90180.068615,90180.0709918,90180.0724425,3.8274999969871715
5,272,completed,90180.0686417,90180.0710977,90180.0730212,4.379500009235926
2,272,completed,90180.06871,90180.0711644,90180.0735941,4.884099995251745
4,272,completed,90180.0687728,90180.0712262,90180.0741144,5.341600000974722
0,272,completed,90180.0690173,90180.0713054,90180.0747167,5.699399989680387
1,273,completed,90180.1032929,90180.1055275,90180.106302,3.009099993505515
4,273,completed,90180.1035031,90180.105661,90180.1068373,3.334199995151721
3,273,completed,90180.1033226,90180.1056244,90180.1073201,3.997499996330589
2,273,completed,90180.1033614,90180.105651,90180.1078383,4.476899994187988
5,273,completed,90180.1033917,90180.1056861,90180.1083095,4.917800004477613
0,273,completed,90180.103608,90180.1057754,90180.1088217,5.2137000020593405
5,274,completed,90180.1380639,90180.140119,90180.1409077,2.843800000846386
2,274,completed,90180.1380987,90180.1402359,90180.1414449,3.34619999921415
3,274,completed,90180.1380188,90180.1401853,90180.1419072,3.8883999950485304
1,274,completed,90180.1382389,90180.1403096,90180.1423656,4.126699990592897
4,274,completed,90180.1383018,90180.1403284,90180.1428074,4.50559999444522
0,274,completed,90180.138144,90180.1403731,90180.1432737,5.129700002726167
4,275,completed,90180.165817,90180.1678362,90180.1688124,2.995400005602278
3,275,completed,90180.1657962,90180.1681219,90180.1694151,3.6188999947626144
0,275,completed,90180.1658291,90180.168161,90180.1698949,4.065799992531538
1,275,completed,90180.1658945,90180.1682777,90180.1703457,4.451200002222322
5,275,completed,90180.1661098,90180.1682878,90180.170799,4.6891999954823405
2,275,completed,90180.1659404,90180.1683209,90180.1712834,5.343000011635013
5,276,completed,90180.2074978,90180.2094336,90180.2103011,2.8032999980496243
0,276,completed,90180.2074838,90180.2095951,90180.2109243,3.4405000042170286
2,276,completed,90180.2075731,90180.2096493,90180.2114163,3.8432000001193956
3,276,completed,90180.2076287,90180.2097962,90180.2118997,4.271000012522563
1,276,completed,90180.2075347,90180.2097606,90180.212353,4.818299988983199
4,276,completed,90180.207746,90180.2098317,90180.2128213,5.0752999959513545
3,277,completed,90180.2352323,90180.2375735,90180.2382972,3.064900010940619
1,277,completed,90180.23526,90180.2374856,90180.2388968,3.6368000000948086
0,277,completed,90180.2352321,90180.2375212,90180.2394448,4.2126999906031415
5,277,completed,90180.2354484,90180.2375769,90180.2399807,4.532300008577295
4,277,completed,90180.2353254,90180.2374924,90180.2405233,5.197899998165667
2,277,completed,90180.2353626,90180.2376415,90180.2410879,5.725299997720867
4,278,completed,90180.2769236,90180.2790643,90180.279943,3.0193999991752207
2,278,completed,90180.2769463,90180.2792011,90180.2805142,3.5678999993251637
3,278,completed,90180.2771864,90180.2793684,90180.2810037,3.8173000066308305
5,278,completed,90180.2771309,90180.2793508,90180.2814836,4.352700008894317
0,278,completed,90180.2769956,90180.2793733,90180.2820057,5.01010000880342
1,278,completed,90180.2770171,90180.2794404,90180.282485,5.46790000225883
3,279,completed,90180.3116838,90180.3136649,90180.3146333,2.9495000053429976
5,279,completed,90180.3117013,90180.3138917,90180.3151716,3.4702999982982874
2,279,completed,90180.3116726,90180.3138832,90180.3155966,3.9240000041900203
1,279,completed,90180.3118803,90180.3141144,90180.3161279,4.247600008966401
0,279,completed,90180.311751,90180.314123,90180.3166803,4.929300004732795
4,279,completed,90180.3118399,90180.3140989,90180.3172236,5.383700001402758
4,280,completed,90180.3325802,90180.3338634,90180.3345835,2.0032999891554937
2,280,completed,90180.3325397,90180.3338271,90180.3352389,2.699200005736202
5,280,completed,90180.3325567,90180.3338662,90180.3359336,3.376900000148453
0,280,completed,90180.3394405,90180.3406963,90180.3415078,2.067299996269867
1,280,completed,90180.3394206,90180.3406982,90180.3420619,2.6413000014144927
3,280,completed,90180.3394732,90180.3407664,90180.3425611,3.0878999968990684
5,281,completed,90180.3758681,90180.3779366,90180.3788625,2.9943999979877844
4,281,completed,90180.3758604,90180.3781218,90180.379522,3.6615999997593462
0,281,completed,90180.3759858,90180.3781731,90180.3801196,4.133800001000054
3,281,completed,90180.376023,90180.3782935,90180.3807894,4.7664000012446195
1,281,completed,90180.3761623,90180.3783149,90180.3816612,5.498899990925565
2,281,completed,90180.3762466,90180.3783998,90180.3826524,6.405799998901784
2,282,completed,90180.4099358,90180.4107604,90180.4125776,2.6418000052217394
1,282,completed,90180.4104603,90180.4118244,90180.4138015,3.341200004797429
3,282,completed,90180.4108604,90180.4122162,90180.4145212,3.6607999936677516
0,282,completed,90180.4109237,90180.4124216,90180.415236,4.3123000068590045
4,282,completed,90180.4122426,90180.4131327,90180.4162696,4.027000002679415
5,282,completed,90180.412585,90180.4134896,90180.4173419,4.756900001666509
1,283,completed,90180.4367616,90180.4391445,90180.4400456,3.284000005805865
5,283,completed,90180.436833,90180.4392586,90180.4406707,3.8377000018954277
2,283,completed,90180.4367624,90180.4391399,90180.4412783,4.515900000114925
0,283,completed,90180.4370464,90180.4393307,90180.4418829,4.8365000111516565
4,283,completed,90180.4367573,90180.4393226,90180.4424942,5.736899998737499
3,283,completed,90180.4368683,90180.4394258,90180.4431053,6.236999994143844
4,284,completed,90180.4712973,90180.4734159,90180.474201,2.9037000058451667
5,284,completed,90180.4713177,90180.4734691,90180.4748515,3.533800001605414
0,284,completed,90180.4712662,90180.4733562,90180.4754184,4.152200010139495
3,284,completed,90180.4713562,90180.4735215,90180.4760091,4.652900010114536
1,284,completed,90180.4714319,90180.4736099,90180.4765918,5.159899999853224
2,284,completed,90180.4714919,90180.4736496,90180.4771003,5.608400009805337
0,285,completed,90180.4991009,90180.5009234,90180.5018626,2.761700001428835
2,285,completed,90180.4991357,90180.5010745,90180.5024454,3.3096999977715313
4,285,completed,90180.4992496,90180.5013803,90180.5029558,3.706199990119785
3,285,completed,90180.4991591,90180.5013716,90180.5034539,4.294800004572608
1,285,completed,90180.4991801,90180.5013728,90180.503952,4.771899999468587
5,285,completed,90180.49928,90180.5014051,90180.5044496,5.169600000954233
0,286,completed,90180.5338004,90180.5356503,90180.5364523,2.6519000093685463
5,286,completed,90180.5337852,90180.5358953,90180.5369835,3.1983000080799684
3,286,completed,90180.5338879,90180.5359117,90180.5374757,3.587799990782514
1,286,completed,90180.5340458,90180.5359656,90180.5379806,3.9347999991150573
2,286,completed,90180.5339868,90180.5359657,90180.5384594,4.4726000051014125
4,286,completed,90180.5338243,90180.5359429,90180.5389476,5.123299997649156
5,287,completed,90180.5755754,90180.5778032,90180.5785957,3.0203000060282648
1,287,completed,90180.5755891,90180.5777572,90180.5791215,3.5324000054970384
3,287,completed,90180.5756764,90180.5779036,90180.5795971,3.9207000081660226
4,287,completed,90180.5757215,90180.5779244,90180.5800811,4.359599988674745
2,287,completed,90180.5757651,90180.5779366,90180.5805457,4.7805999929551035
0,287,completed,90180.5756163,90180.5779509,90180.5810111,5.394799998612143
4,288,completed,90180.603262,90180.605179,90180.6060257,2.7637000021059066
0,288,completed,90180.6032483,90180.6053064,90180.6065763,3.3279999915976077
1,288,completed,90180.6033488,90180.6053812,90180.607042,3.693200007546693
2,288,completed,90180.603452,90180.6054385,90180.6074896,4.037600010633469
5,288,completed,90180.6032982,90180.6055238,90180.607995,4.696799995144829
3,288,completed,90180.6033813,90180.6055837,90180.6085141,5.132799997227266
2,289,completed,90180.6379574,90180.6397937,90180.6406757,2.718299991101958
0,289,completed,90180.638055,90180.6400006,90180.6412773,3.2223000016529113
4,289,completed,90180.6379968,90180.6401381,90180.6417846,3.7878000002820045
1,289,completed,90180.6379834,90180.6401405,90180.6424116,4.428200001711957
3,289,completed,90180.638222,90180.6401749,90180.6428967,4.674700001487508
5,289,completed,90180.6381789,90180.6401945,90180.6434483,5.26940000418108
3,290,completed,90180.6657362,90180.6675851,90180.6684322,2.6959999959217384
1,290,completed,90180.6657281,90180.6678277,90180.6690583,3.330200008349493
5,290,completed,90180.6657627,90180.667929,90180.6695125,3.749800001969561
0,290,completed,90180.6659638,90180.6678998,90180.670067,4.103200000827201
2,290,completed,90180.6658443,90180.6679503,90180.6706499,4.80559999414254
4,290,completed,90180.6658854,90180.6679922,90180.6711859,5.30050000816118
5,291,completed,90180.7004719,90180.7023174,90180.7032464,2.7744999970309436
4,291,completed,90180.7004815,90180.7026061,90180.7037899,3.308400002424605
0,291,completed,90180.7004952,90180.7026761,90180.7042702,3.775000004679896
1,291,completed,90180.7007254,90180.7027046,90180.7048952,4.169799998635426
2,291,completed,90180.7005754,90180.702775,90180.7053618,4.786400008015335
3,291,completed,90180.7006082,90180.7027783,90180.7058033,5.195100005948916
5,292,completed,90180.7421644,90180.7440719,90180.7450072,2.842800007783808
2,292,completed,90180.7421771,90180.7442483,90180.7455612,3.3841000113170594
4,292,completed,90180.7422444,90180.7444215,90180.7460237,3.779300008318387
1,292,completed,90180.7423408,90180.7444512,90180.7466987,4.3578999902820215
3,292,completed,90180.7424003,90180.7444945,90180.7472161,4.815799999050796
0,292,completed,90180.7422211,90180.7445128,90180.7476986,5.47750000259839
4,293,completed,90180.7699106,90180.7718349,90180.7726985,2.7879000117536634
3,293,completed,90180.7699505,90180.7720049,90180.7732916,3.3410999894840643
2,293,completed,90180.7699466,90180.7720375,90180.7737802,3.8335999997798353
0,293,completed,90180.7700266,90180.7721207,90180.7742769,4.250300000421703
1,293,completed,90180.7700983,90180.7722279,90180.7748873,4.788999998709187
5,293,completed,90180.7701541,90180.7722603,90180.7754616,5.307500003254972
0,294,completed,90180.7976934,90180.7998757,90180.8005415,2.8480999899329618
5,294,completed,90180.7976923,90180.7998791,90180.8010611,3.3688000112306327
4,294,completed,90180.7978381,90180.7999244,90180.8015372,3.699099994264543
1,294,completed,90180.7978873,90180.7999878,90180.8020197,4.132400004891679
2,294,completed,90180.7977391,90180.8000222,90180.8024544,4.7153000050457194
3,294,completed,90180.7977661,90180.8000365,90180.8029005,5.134399994858541
1,295,completed,90180.8324321,90180.8343201,90180.8352299,2.7977999998256564
3,295,completed,90180.8324157,90180.8344676,90180.8357844,3.368699995917268
5,295,completed,90180.8326478,90180.8345055,90180.8362749,3.627099998993799
2,295,completed,90180.8324534,90180.834532,90180.8368529,4.399500001454726
0,295,completed,90180.832703,90180.8346371,90180.837413,4.71000000834465
4,295,completed,90180.8325562,90180.8362888,90180.8379307,5.374500004108995
2,296,completed,90180.8671408,90180.8693649,90180.8703095,3.168700000969693
0,296,completed,90180.8671268,90180.8692591,90180.8710664,3.93959999200888
5,296,completed,90180.8672917,90180.8695846,90180.8717344,4.442700010258704
3,296,completed,90180.8671942,90180.8696247,90180.8723633,5.169100011698902
1,296,completed,90180.867172,90180.8696434,90180.8729353,5.763299996033311
4,296,completed,90180.8673533,90180.8696704,90180.8736064,6.253100000321865
3,297,completed,90180.9021384,90180.9040661,90180.9060066,3.868200001306832
4,297,completed,90180.9021387,90180.9042331,90180.9070332,4.8945000016829
0,297,completed,90180.9024746,90180.904536,90180.9079503,5.475699988892302
5,297,completed,90180.9028094,90180.9048892,90180.9090351,6.225700009963475
2,297,completed,90180.9033757,90180.9053839,90180.9102597,6.884000002173707
1,297,completed,90180.9044382,90180.9060648,90180.9113055,6.867300005978905
0,298,completed,90180.9369306,90180.9394184,90180.9402698,3.3392000041203573
3,298,completed,90180.9368125,90180.9393922,90180.9410108,4.198299997369759
2,298,completed,90180.9368614,90180.9394559,90180.9418396,4.978199998731725
1,298,completed,90180.9371192,90180.9394948,90180.9425013,5.382100003771484
4,298,completed,90180.9368286,90180.9392371,90180.9431863,6.357700010994449
5,298,completed,90180.9371115,90180.9396229,90180.9440338,6.922300002770498
1,299,completed,90180.9714559,90180.9739291,90180.9747014,3.2455000036861748
5,299,completed,90180.9714507,90180.9739534,90180.9753603,3.9095999964047223
2,299,completed,90180.9715036,90180.9739535,90180.9760448,4.5412000035867095
0,299,completed,90180.9715998,90180.974072,90180.9766585,5.058700000518002
3,299,completed,90180.971547,90180.9740939,90180.9772794,5.732400008128025
4,299,completed,90180.9718706,90180.974107,90180.9780667,6.1961000028532
2,300,completed,90180.9991582,90180.9996877,90181.000486,1.3278000114951283
3,300,completed,90181.0060579,90181.0081344,90181.0089479,2.890000003390014
4,300,completed,90181.006058,90181.0081173,90181.0095397,3.4816999977920204
0,300,completed,90181.0061285,90181.0081755,90181.0100297,3.901200005202554
1,300,completed,90181.0062013,90181.0081822,90181.0105382,4.336900005000643
5,300,completed,90181.0062391,90181.0082218,90181.0110936,4.854500002693385
1,301,completed,90181.0343669,90181.0368435,90181.0389511,4.584199996315874
5,301,completed,90181.0343376,90181.0369548,90181.0399507,5.61310000193771
0,301,completed,90181.0344417,90181.0368713,90181.0410136,6.571899997652508
3,301,completed,90181.0350068,90181.0374843,90181.0424401,7.4333000084152445
4,301,completed,90181.0351502,90181.038103,90181.0436847,8.534499997040257
2,301,completed,90181.0356016,90181.038781,90181.0448258,9.224199995514937
2,302,completed,90181.0774039,90181.0797807,90181.0810247,3.6208000092301518
5,302,completed,90181.0774761,90181.0799583,90181.0818874,4.411299989442341
0,302,completed,90181.0774039,90181.0800331,90181.0830207,5.616800001007505
3,302,completed,90181.0774105,90181.0801224,90181.0841717,6.761199998436496
4,302,completed,90181.0776724,90181.0801653,90181.0851523,7.479899999452755
1,302,completed,90181.0777715,90181.0802345,90181.0859144,8.142899998347275
2,303,completed,90181.1034194,90181.1058253,90181.1069304,3.5110000026179478
5,303,completed,90181.1034052,90181.1057452,90181.1076932,4.287999996449798
3,303,completed,90181.1036467,90181.1060528,90181.1083205,4.67380000918638
0,303,completed,90181.1035078,90181.1061275,90181.109001,5.493200005730614
1,303,completed,90181.1036065,90181.1061494,90181.1096613,6.0548000037670135
4,303,completed,90181.1036942,90181.1063061,90181.1104138,6.719599987263791
1,304,completed,90181.1380913,90181.1404551,90181.1418485,3.757200000109151
5,304,completed,90181.1380884,90181.1405401,90181.1427747,4.68630000250414
3,304,completed,90181.1381817,90181.1409059,90181.1434948,5.31310000224039
2,304,completed,90181.1382212,90181.1409629,90181.144185,5.963799994788133
4,304,completed,90181.1381329,90181.1409783,90181.1448602,6.7273000022396445
0,304,completed,90181.1382641,90181.1409581,90181.1458041,7.540000005974434
3,305,completed,90181.1815321,90181.1838488,90181.1848614,3.329300001496449
4,305,completed,90181.1815305,90181.1837707,90181.1854748,3.944299998693168
0,305,completed,90181.1815291,90181.1842067,90181.1861731,4.644000000553206
2,305,completed,90181.1815496,90181.1842459,90181.1872351,5.685500000254251
5,305,completed,90181.1816539,90181.1842996,90181.1881691,6.515200002468191
1,305,completed,90181.1816153,90181.1845107,90181.1890681,7.452799996826798
1,306,completed,90181.2007879,90181.2031087,90181.204019,3.231099995900877
2,306,completed,90181.2007358,90181.2030329,90181.2046757,3.939900008845143
3,306,completed,90181.2007395,90181.2031393,90181.2052497,4.510200000368059
4,306,completed,90181.2008393,90181.2031861,90181.2057403,4.901000007521361
5,306,completed,90181.2010029,90181.2032837,90181.2063945,5.391600003349595
0,306,completed,90181.2009326,90181.2032393,90181.2070468,6.114200004958548
4,307,completed,90181.2422813,90181.2447477,90181.2456663,3.385000003618188
0,307,completed,90181.2422807,90181.2447409,90181.2462636,3.9829000015743077
5,307,completed,90181.2423065,90181.2449388,90181.2468709,4.564399991068058
1,307,completed,90181.2424849,90181.2449093,90181.2474261,4.941200008033775
3,307,completed,90181.2424246,90181.2451044,90181.2481438,5.7191999949282035
2,307,completed,90181.2426402,90181.2450573,90181.2487724,6.132199996500276
2,308,completed,90181.2701688,90181.2729725,90181.2741705,4.001699999207631
1,308,completed,90181.2702053,90181.273119,90181.2752658,5.0604999996721745
0,308,completed,90181.2703205,90181.2731577,90181.2762595,5.938999995123595
4,308,completed,90181.2704628,90181.2731967,90181.2775008,7.037999996100552
3,308,completed,90181.270169,90181.2731864,90181.2787724,8.603399997809902
5,308,completed,90181.2702426,90181.2733335,90181.2796184,9.375800000270829
4,309,completed,90181.3054297,90181.3083057,90181.3092353,3.805599990300834
3,309,completed,90181.305384,90181.3084149,90181.310024,4.639999999199063
0,309,completed,90181.3053833,90181.308308,90181.3107655,5.382200004532933
1,309,completed,90181.3054603,90181.3082811,90181.3115307,6.070399991585873
5,309,completed,90181.3055497,90181.3084151,90181.3126896,7.13990000076592
2,309,completed,90181.3056516,90181.3084941,90181.3138898,8.238199996412732
1,310,completed,90181.3326423,90181.3336025,90181.3346577,2.0154000085312873
4,310,completed,90181.3465519,90181.3488016,90181.3497377,3.1858000002102926
0,310,completed,90181.3465818,90181.3488451,90181.3504459,3.8640999991912395
3,310,completed,90181.3465507,90181.3489156,90181.3511118,4.561100009595975
5,310,completed,90181.346798,90181.3489687,90181.3517994,5.001400000764988
2,310,completed,90181.3466494,90181.3489566,90181.3524839,5.834499999764375
4,311,completed,90181.367383,90181.3701829,90181.3710625,3.6794999905396253
0,311,completed,90181.3676755,90181.3702599,90181.371693,4.017499988549389
3,311,completed,90181.3674508,90181.3702109,90181.3723741,4.9233000027015805
1,311,completed,90181.3674154,90181.3703189,90181.3730294,5.6139999942388386
5,311,completed,90181.3673824,90181.3701889,90181.3736903,6.30789999559056
2,311,completed,90181.3675837,90181.3703678,90181.3748158,7.232099989778362
5,312,completed,90181.4090681,90181.4117964,90181.4128714,3.80330000189133
1,312,completed,90181.40913,90181.4119725,90181.4135481,4.41809999756515
2,312,completed,90181.4090529,90181.4120249,90181.4141914,5.138500011526048
0,312,completed,90181.4092084,90181.4121063,90181.414811,5.6025999947451055
3,312,completed,90181.4090688,90181.4121014,90181.4155036,6.434800001443364
4,312,completed,90181.4092799,90181.4120631,90181.4164349,7.154999999329448
0,313,completed,90181.4371757,90181.4398695,90181.4407278,3.5520999954314902
5,313,completed,90181.4368765,90181.4397971,90181.441514,4.63750000926666
3,313,completed,90181.4371199,90181.4398549,90181.4422749,5.1549999916460365
2,313,completed,90181.4369647,90181.4399753,90181.4430232,6.058500002836809
1,313,completed,90181.4368751,90181.4400165,90181.4439265,7.051399996271357
4,313,completed,90181.4369077,90181.440021,90181.4448865,7.978800000273623
1,314,completed,90181.4713979,90181.4739159,90181.4749808,3.5829000116791576
2,314,completed,90181.4713983,90181.4739257,90181.4757645,4.366200009826571
4,314,completed,90181.4714584,90181.4740041,90181.4764526,4.994200004148297
3,314,completed,90181.4714941,90181.4740151,90181.4771576,5.66350000735838
0,314,completed,90181.471526,90181.4740721,90181.4777478,6.2218000093707815
5,314,completed,90181.471438,90181.4740881,90181.4787202,7.282200007466599
2,315,completed,90181.4992995,90181.4999911,90181.5009612,1.6616999928373843
4,315,completed,90181.5131935,90181.5154293,90181.5163109,3.1174000032478943
3,315,completed,90181.5131736,90181.5153694,90181.5170486,3.874999994877726
1,315,completed,90181.5131731,90181.5155733,90181.5177106,4.5375000045169145
5,315,completed,90181.5134922,90181.5156929,90181.5184452,4.95299999602139
0,315,completed,90181.5137871,90181.5157693,90181.5191069,5.319799995049834
5,316,completed,90181.5340106,90181.5362899,90181.5375131,3.5025000106543303
1,316,completed,90181.534231,90181.5367468,90181.5383663,4.135299997869879
0,316,completed,90181.5343823,90181.5369157,90181.5390271,4.6448000066448
4,316,completed,90181.5344213,90181.5369436,90181.5396478,5.226499997661449
2,316,completed,90181.5345257,90181.5369488,90181.5403741,5.848400003742427
3,316,completed,90181.5345082,90181.537,90181.5411022,6.594000005861744
1,317,completed,90181.5688667,90181.5711656,90181.5721201,3.2533999910810962
4,317,completed,90181.5689062,90181.5712391,90181.5729172,4.010999997262843
3,317,completed,90181.5690367,90181.5713946,90181.5735902,4.553499995381571
2,317,completed,90181.5689557,90181.5714517,90181.5742035,5.24779999977909
0,317,completed,90181.5689216,90181.5714783,90181.5748307,5.909100000280887
5,317,completed,90181.5691163,90181.5715287,90181.575661,6.544699994265102
2,318,completed,90181.6033407,90181.6058491,90181.6066024,3.2616999960737303
4,318,completed,90181.603426,90181.6057697,90181.607189,3.763000000617467
0,318,completed,90181.6035864,90181.6059294,90181.607757,4.170600004727021
5,318,completed,90181.6034721,90181.6059402,90181.6083583,4.886199996690266
3,318,completed,90181.6033648,90181.6058917,90181.6089184,5.553599999984726
1,318,completed,90181.6033409,90181.6058842,90181.6094409,6.100000013248064
3,319,completed,90181.6312234,90181.6335565,90181.634323,3.0995999986771494
0,319,completed,90181.6311641,90181.6336167,90181.6348954,3.7312999920686707
4,319,completed,90181.6313601,90181.6336723,90181.6353797,4.019600004539825
2,319,completed,90181.6311873,90181.6337448,90181.6359142,4.726900006062351
5,319,completed,90181.6312494,90181.633766,90181.6364664,5.216999998083338
1,319,completed,90181.6312877,90181.6337657,90181.636922,5.634300003293902
3,320,completed,90181.6660836,90181.6686392,90181.6695062,3.4226000134367496
2,320,completed,90181.6660755,90181.6686639,90181.6701288,4.0532999992137775
4,320,completed,90181.666076,90181.6687119,90181.6707321,4.656100005377084
5,320,completed,90181.6663196,90181.6687955,90181.6712303,4.910699994070455
0,320,completed,90181.666122,90181.6687956,90181.6717285,5.606500009889714
1,320,completed,90181.6661761,90181.6688541,90181.6722423,6.066200003260747
2,321,completed,90181.700712,90181.7032467,90181.7039919,3.2798999891383573
0,321,completed,90181.7005579,90181.7032811,90181.7045946,4.036700003780425
3,321,completed,90181.7006191,90181.703177,90181.7052205,4.601400010869838
1,321,completed,90181.700693,90181.703299,90181.7058378,5.14479998673778
4,321,completed,90181.7005672,90181.7034112,90181.7064952,5.927999998675659
5,321,completed,90181.7005687,90181.7034227,90181.7070756,6.506899997475557
3,322,completed,90181.7352591,90181.7377388,90181.7384916,3.2325000065611675
0,322,completed,90181.7353753,90181.7378441,90181.7391177,3.7423999892780557
5,322,completed,90181.7353406,90181.7377531,90181.7396612,4.320599997299723
1,322,completed,90181.7352985,90181.7379346,90181.7402003,4.901799999061041
2,322,completed,90181.7354409,90181.7379465,90181.7407427,5.301800003508106
4,322,completed,90181.7352589,90181.7379525,90181.7413742,6.11530001333449
0,323,completed,90181.7701715,90181.7725508,90181.7733206,3.1490999972447753
5,323,completed,90181.7700904,90181.772703,90181.7739062,3.8158000097610056
1,323,completed,90181.7700479,90181.7726143,90181.7744533,4.405399988172576
3,323,completed,90181.7701083,90181.7727123,90181.7750121,4.903799999738112
2,323,completed,90181.7700476,90181.7726609,90181.775552,5.504400003701448
4,323,completed,90181.7702624,90181.7726402,90181.7760601,5.797700010589324
3,324,completed,90181.8000006,90181.8025654,90181.8036774,3.676800013636239
2,324,completed,90181.8005755,90181.8030162,90181.8043427,3.7671999889425933
1,324,completed,90181.8006962,90181.8030864,90181.8051786,4.482399992411956
5,324,completed,90181.800415,90181.8031071,90181.805933,5.5179999908432364
0,324,completed,90181.8008025,90181.8031155,90181.8064952,5.692699996870942
4,324,completed,90181.8005766,90181.8031406,90181.8070225,6.445899998652749
3,325,completed,90181.832514,90181.8344603,90181.83532,2.806000004056841
5,325,completed,90181.8325989,90181.8345797,90181.8359573,3.3584000047994778
2,325,completed,90181.8326622,90181.8346746,90181.8365241,3.8618999969912693
0,325,completed,90181.8325284,90181.834745,90181.8369762,4.44779999088496
1,325,completed,90181.8325468,90181.8347513,90181.8375161,4.96930000372231
4,325,completed,90181.8393653,90181.8399326,90181.8407174,1.3521000073524192
5,326,completed,90181.8672576,90181.8694609,90181.870343,3.0854000069666654
0,326,completed,90181.86725,90181.8696099,90181.8709933,3.743300010683015
2,326,completed,90181.8673452,90181.8696452,90181.8715001,4.154900001594797
3,326,completed,90181.8675076,90181.8697224,90181.8720016,4.493999993428588
4,326,completed,90181.8674182,90181.8697544,90181.8725034,5.085199998575263
1,326,completed,90181.8672943,90181.8698233,90181.8731897,5.895399997825734
3,327,completed,90181.9021358,90181.9048443,90181.9057365,3.6007000016979873
1,327,completed,90181.9021126,90181.9048226,90181.9065763,4.4636999955400825
0,327,completed,90181.9023526,90181.9049022,90181.9071915,4.83890000032261
2,327,completed,90181.9022947,90181.9049036,90181.9077783,5.483599990839139
4,327,completed,90181.9022004,90181.9048697,90181.9083775,6.177100003696978
5,327,completed,90181.9020861,90181.9049382,90181.9091905,7.104399992385879
0,328,completed,90181.9369142,90181.93937,90181.9401289,3.2146999874385074
2,328,completed,90181.9367367,90181.9393786,90181.9406921,3.9554000104544684
5,328,completed,90181.9367139,90181.9392817,90181.9412255,4.511600011028349
3,328,completed,90181.9368312,90181.9394317,90181.9418118,4.980600002454594
4,328,completed,90181.9367153,90181.9393482,90181.942381,5.665699995006435
1,328,completed,90181.9367909,90181.9394572,90181.9430807,6.289800003287382
3,329,completed,90181.971413,90181.9736832,90181.9745843,3.1712999916635454
1,329,completed,90181.9713809,90181.9738656,90181.9753334,3.952500002924353
4,329,completed,90181.9715275,90181.973934,90181.9759032,4.375699994852766
0,329,completed,90181.9714474,90181.9739867,90181.976523,5.0755999982357025
2,329,completed,90181.9713783,90181.9739824,90181.9771828,5.804499989608303
5,329,completed,90181.971643,90181.9740362,90181.9778476,6.204600009368733
2,330,completed,90181.9992372,90182.0013899,90182.0023326,3.0953999958001077
4,330,completed,90181.9993004,90182.0015526,90182.0030061,3.7057000008644536
5,330,completed,90181.9992314,90182.0016992,90182.0036211,4.389699999592267
0,330,completed,90181.999249,90182.0016909,90182.0042177,4.968699999153614
1,330,completed,90181.9993637,90182.0017464,90182.0048862,5.522499996004626
3,330,completed,90181.9993331,90182.0017332,90182.0054155,6.082399995648302
5,331,completed,90182.0339026,90182.0360699,90182.0371135,3.2109000021591783
2,331,completed,90182.0339025,90182.0363105,90182.0396852,5.78269999823533
1,331,completed,90182.0339663,90182.0364113,90182.0437723,9.80600000184495
4,331,completed,90182.0339373,90182.0364385,90182.0445928,10.655499994754791
3,331,completed,90182.0340651,90182.036479,90182.0451872,11.122099997010082
0,331,completed,90182.0340982,90182.0364968,90182.0457139,11.61570000112988
4,332,completed,90182.0686328,90182.0707978,90182.0721511,3.5182999999960884
0,332,completed,90182.0686735,90182.0709717,90182.0728456,4.172100001596846
1,332,completed,90182.0686438,90182.0709853,90182.0737177,5.073899999842979
3,332,completed,90182.0687402,90182.0710649,90182.0743472,5.606999999145046
2,332,completed,90182.0688235,90182.0712129,90182.0749656,6.142099999124184
5,332,completed,90182.0687759,90182.0712217,90182.0757812,7.005299994489178
4,333,completed,90182.1034282,90182.106273,90182.107295,3.866799990646541
2,333,completed,90182.1034805,90182.1062925,90182.1080756,4.595100006554276
3,333,completed,90182.1035137,90182.1063176,90182.1087368,5.223100000876002
1,333,completed,90182.1034515,90182.106193,90182.109658,6.2064999947324395
0,333,completed,90182.103427,90182.1062478,90182.1105602,7.133200007956475
5,333,completed,90182.1037627,90182.1063913,90182.1116076,7.844899999327026
0,334,completed,90182.1381675,90182.1404259,90182.1412765,3.108999997493811
5,334,completed,90182.1380816,90182.1403346,90182.1419672,3.8856000028317794
3,334,completed,90182.1381303,90182.140477,90182.1425721,4.44180000340566
1,334,completed,90182.1383417,90182.140571,90182.1433058,4.964099993230775
2,334,completed,90182.1381265,90182.1405682,90182.1439028,5.776300007710233
4,334,completed,90182.1382291,90182.1406601,90182.1444128,6.183699995744973
0,335,completed,90182.1659874,90182.1684142,90182.16912,3.1326000025728717
1,335,completed,90182.1659542,90182.1684811,90182.1697875,3.8332999974954873
5,335,completed,90182.1661063,90182.1684945,90182.1703103,4.203999997116625
4,335,completed,90182.165918,90182.1685115,90182.1707739,4.85589999880176
2,335,completed,90182.1659185,90182.1685704,90182.1713007,5.382200004532933
3,335,completed,90182.1660412,90182.1686077,90182.1719311,5.8898999996017665
0,336,completed,90182.2010066,90182.2040124,90182.2053451,4.338500002631918
5,336,completed,90182.2008652,90182.2041856,90182.2060656,5.200400002649985
4,336,completed,90182.2013271,90182.2043966,90182.2067163,5.389199999626726
3,336,completed,90182.2010243,90182.204566,90182.2076153,6.590999997570179
1,336,completed,90182.2011369,90182.2046842,90182.2088575,7.72059999871999
2,336,completed,90182.2012065,90182.2047462,90182.2094969,8.290400000987574
5,337,completed,90182.2355153,90182.2377916,90182.2384311,2.915800010669045
4,337,completed,90182.2352793,90182.2377434,90182.2390013,3.7219999940134585
2,337,completed,90182.2352588,90182.2377389,90182.2394637,4.204899989417754
3,337,completed,90182.2352647,90182.2377838,90182.2400494,4.784700009622611
0,337,completed,90182.2354433,90182.2377341,90182.2405657,5.122400005348027
1,337,completed,90182.2353388,90182.2378087,90182.241231,5.892200002563186
3,338,completed,90182.2699831,90182.2723286,90182.2731814,3.198299993528053
1,338,completed,90182.2700163,90182.2723827,90182.2739101,3.893800007062964
0,338,completed,90182.2700681,90182.2724564,90182.2744785,4.410399997141212
4,338,completed,90182.2702074,90182.2725151,90182.2751054,4.897999999229796
5,338,completed,90182.2699937,90182.2725336,90182.2757258,5.732100005843677
2,338,completed,90182.2702731,90182.2726382,90182.2763178,6.044699999620207
3,339,completed,90182.2978298,90182.3005185,90182.3012653,3.4355000098003075
0,339,completed,90182.2978918,90182.3004586,90182.3019232,4.03139999252744
1,339,completed,90182.2979359,90182.3004595,90182.3026358,4.699900004197843
5,339,completed,90182.2980313,90182.30065,90182.303219,5.187699993257411
2,339,completed,90182.2979839,90182.3005965,90182.3038011,5.817199999000877
4,339,completed,90182.2978459,90182.3006047,90182.3043651,6.519200003822334
5,340,completed,90182.3395107,90182.3417968,90182.3425197,3.009000007295981
0,340,completed,90182.3395139,90182.3417053,90182.3430868,3.572899993741885
3,340,completed,90182.3396117,90182.3419476,90182.3435921,3.9804000116419047
4,340,completed,90182.33956,90182.3419936,90182.3440922,4.532200007815845
1,340,completed,90182.3397771,90182.3419948,90182.3447538,4.9767000018619
2,340,completed,90182.3396958,90182.3420661,90182.3453268,5.631000007269904
3,341,completed,90182.3672123,90182.3696151,90182.3703654,3.1530999985989183
4,341,completed,90182.3672249,90182.3696493,90182.3709804,3.7555000017164275
5,341,completed,90182.3671979,90182.369552,90182.3715636,4.365699991467409
1,341,completed,90182.3672997,90182.3697096,90182.3723297,5.03000000026077
0,341,completed,90182.3673691,90182.369842,90182.372922,5.552899994654581
2,341,completed,90182.3673293,90182.3698325,90182.373482,6.152699992526323
4,342,completed,90182.4020742,90182.4040923,90182.4055932,3.519000005326234
3,342,completed,90182.4021708,90182.404265,90182.406556,4.3852000089827925
2,342,completed,90182.4021679,90182.4043782,90182.4074566,5.288700005621649
5,342,completed,90182.4020739,90182.4043846,90182.4082302,6.1563000053865835
0,342,completed,90182.4029043,90182.4047354,90182.4090582,6.153900001663715
1,342,completed,90182.4022742,90182.4050776,90182.4102432,7.969000012963079
0,343,completed,90182.4366654,90182.4391534,90182.4400679,3.40249999135267
5,343,completed,90182.4366666,90182.4393099,90182.4407338,4.067200003191829
1,343,completed,90182.4369341,90182.4393285,90182.4415128,4.578699998091906
2,343,completed,90182.4366901,90182.4393164,90182.442085,5.394899999373592
3,343,completed,90182.4367359,90182.4393915,90182.4426256,5.889699998078868
4,343,completed,90182.4368053,90182.4393612,90182.4431663,6.360999992466532
2,344,completed,90182.4715304,90182.4740467,90182.4747503,3.2198999979300424
4,344,completed,90182.4716164,90182.4740411,90182.475423,3.8065999979153275
5,344,completed,90182.4714002,90182.4739952,90182.4760414,4.641200008336455
0,344,completed,90182.4714163,90182.4740204,90182.4765926,5.176299993763678
1,344,completed,90182.4714053,90182.4740284,90182.4774094,6.004099996061996
3,344,completed,90182.4715552,90182.474165,90182.4780213,6.4661000069463626
5,345,completed,90182.5061658,90182.5085272,90182.5096147,3.448899995419197
4,345,completed,90182.5061362,90182.5083763,90182.5104298,4.2935999954352155
3,345,completed,90182.5061447,90182.50868,90182.5111297,4.984999992302619
2,345,completed,90182.5062725,90182.5088619,90182.5117868,5.514299991773441
0,345,completed,90182.5063379,90182.5088694,90182.5124093,6.071399999200366
1,345,completed,90182.5063755,90182.5088726,90182.5133899,7.014400005573407
1,346,completed,90182.5340819,90182.5361346,90182.5371214,3.039500006707385
2,346,completed,90182.5342797,90182.5363881,90182.5377329,3.453199999057688
3,346,completed,90182.5340926,90182.5363916,90182.5382999,4.207299993140623
5,346,completed,90182.5342149,90182.5364652,90182.5388524,4.637499994714744
4,346,completed,90182.534109,90182.5364719,90182.5393868,5.277799995383248
0,346,completed,90182.534176,90182.536519,90182.5400667,5.890700005693361
2,347,completed,90182.5686751,90182.5709366,90182.5719962,3.3210999972652644
1,347,completed,90182.5686269,90182.5708511,90182.5727579,4.130999994231388
0,347,completed,90182.5688084,90182.5710758,90182.5733696,4.561199995805509
5,347,completed,90182.5688297,90182.5710917,90182.5739971,5.167399998754263
4,347,completed,90182.5687242,90182.5711597,90182.5745816,5.857399999513291
3,347,completed,90182.5686269,90182.5712035,90182.5752122,6.585299997823313
3,348,completed,90182.6103155,90182.6128179,90182.6136791,3.3636000007390976
1,348,completed,90182.6102694,90182.6127938,90182.6144924,4.222999996272847
2,348,completed,90182.6102794,90182.612934,90182.6150515,4.772100000991486
0,348,completed,90182.6105622,90182.6129822,90182.6155693,5.007100000511855
4,348,completed,90182.6105037,90182.6129649,90182.6160783,5.57459999981802
5,348,completed,90182.6104221,90182.6130751,90182.6166079,6.185799997183494
0,349,completed,90182.6380241,90182.6401932,90182.6411178,3.093699997407384
4,349,completed,90182.6380077,90182.6404039,90182.6416988,3.691099991556257
3,349,completed,90182.6382442,90182.6404569,90182.6421592,3.914999993867241
5,349,completed,90182.638064,90182.6404739,90182.6426365,4.572499994537793
1,349,completed,90182.6381651,90182.6405339,90182.6432338,5.068700003903359
2,349,completed,90182.6381319,90182.6405249,90182.643711,5.579099990427494
3,350,completed,90182.6658484,90182.6680612,90182.6689079,3.059499998926185
2,350,completed,90182.6658631,90182.6682752,90182.6694357,3.572599991457537
4,350,completed,90182.6659324,90182.6683609,90182.6699951,4.062699998030439
0,350,completed,90182.6662017,90182.6683849,90182.6705386,4.336899990448728
1,350,completed,90182.6659058,90182.6684077,90182.671171,5.265200001304038
5,350,completed,90182.6660236,90182.6684425,90182.6717636,5.739999993238598
0,351,completed,90182.7005642,90182.7032311,90182.7038211,3.256900003179908
2,351,completed,90182.7005645,90182.703228,90182.7044126,3.8480999937746674
3,351,completed,90182.7006933,90182.7032557,90182.7049087,4.215400011162274
1,351,completed,90182.700617,90182.7032015,90182.705598,4.981000005500391
5,351,completed,90182.7006026,90182.7031986,90182.7060908,5.488199996761978
4,351,completed,90182.7006769,90182.7032476,90182.70656,5.8831000060308725
3,352,completed,90182.7352993,90182.7376053,90182.7384271,3.1278000096790493
1,352,completed,90182.7352649,90182.7375963,90182.7389923,3.7274000060278922
2,352,completed,90182.7353259,90182.7376717,90182.7397536,4.427700012456626
0,352,completed,90182.7352639,90182.7377219,90182.7403412,5.077299996628426
4,352,completed,90182.7355036,90182.7377541,90182.7409689,5.4653000115649775
5,352,completed,90182.7353616,90182.7378182,90182.741564,6.202399992616847
4,353,completed,90182.7700084,90182.7722812,90182.7731799,3.1715000077383593
0,353,completed,90182.7700558,90182.7723736,90182.7737423,3.686500000185333
1,353,completed,90182.7701075,90182.7724387,90182.7742722,4.164700003457256
5,353,completed,90182.7700086,90182.7723839,90182.7748655,4.856900006416254
2,353,completed,90182.7702081,90182.7726137,90182.7755587,5.350599996745586
3,353,completed,90182.7702068,90182.7726022,90182.7760978,5.890999993425794
1,354,completed,90182.8047095,90182.8067807,90182.8078445,3.1350000062957406
5,354,completed,90182.8047165,90182.8067839,90182.8085012,3.7846999912289903
4,354,completed,90182.8047616,90182.8070716,90182.8090404,4.2787999991560355
2,354,completed,90182.8049902,90182.8071883,90182.8098523,4.862099987803958
0,354,completed,90182.8049473,90182.80716,90182.8108207,5.873400004929863
3,354,completed,90182.8050545,90182.807195,90182.815351,10.296499996911734
3,355,completed,90182.8330558,90182.8355124,90182.8368143,3.758499995456077
1,355,completed,90182.8331617,90182.8355513,90182.8376895,4.527800003415905
5,355,completed,90182.8330555,90182.8357726,90182.8383069,5.251399998087436
2,355,completed,90182.8340683,90182.8361562,90182.8390713,5.0029999983962625
4,355,completed,90182.8346365,90182.8364174,90182.8398302,5.193699995288625
0,355,completed,90182.83465,90182.8364508,90182.8405927,5.94269999419339
3,356,completed,90182.8672179,90182.8694794,90182.8702848,3.066899997065775
0,356,completed,90182.8672178,90182.8694662,90182.8708393,3.621500000008382
1,356,completed,90182.8672628,90182.8696311,90182.8714585,4.195699992123991
4,356,completed,90182.8673216,90182.8696233,90182.8719767,4.655099997762591
2,356,completed,90182.8674069,90182.8696455,90182.8727817,5.374800006393343
5,356,completed,90182.867249,90182.8698217,90182.8733757,6.126699998276308
4,357,completed,90182.9019943,90182.904556,90182.905456,3.4616999910213053
2,357,completed,90182.9019887,90182.9045575,90182.9062261,4.237400004058145
1,357,completed,90182.9021824,90182.9047001,90182.9068371,4.6547000092687085
5,357,completed,90182.901985,90182.9047316,90182.9074508,5.465800000820309
0,357,completed,90182.9022427,90182.9047248,90182.9080283,5.78559999121353
3,357,completed,90182.9020751,90182.9048701,90182.9087057,6.630599993513897
4,358,completed,90182.9367792,90182.9392378,90182.9400344,3.2552000047871843
2,358,completed,90182.9368791,90182.939213,90182.9408192,3.9400999958161265
0,358,completed,90182.93684,90182.9392119,90182.9414658,4.625800007488579
3,358,completed,90182.9369019,90182.9393644,90182.942128,5.226099994615652
5,358,completed,90182.936792,90182.9393625,90182.942717,5.92500000493601
1,358,completed,90182.9370035,90182.9394278,90182.9437669,6.763400000636466
3,359,completed,90182.9714173,90182.9738244,90182.9747076,3.2903000101214275
5,359,completed,90182.9714416,90182.973837,90182.9753559,3.9142999885370955
4,359,completed,90182.9716243,90182.973926,90182.9759595,4.33520000660792
0,359,completed,90182.9714665,90182.9739898,90182.9765461,5.0795999995898455
1,359,completed,90182.9714916,90182.9740105,90182.977167,5.675400010659359
2,359,completed,90182.9715593,90182.9738805,90182.9779433,6.3839999929768965
2,360,completed,90182.999194,90183.0014288,90183.0023347,3.140699991490692
4,360,completed,90182.9992021,90183.0013632,90183.0029718,3.7696999934269115
3,360,completed,90182.9992778,90183.0016383,90183.003562,4.284199996618554
5,360,completed,90182.9993269,90183.0016939,90183.0041304,4.803500007255934
1,360,completed,90182.9992432,90183.0018006,90183.0046955,5.452299999888055
0,360,completed,90182.9993988,90183.0018249,90183.0052597,5.860899997060187
0,361,completed,90183.0338688,90183.0360331,90183.0370855,3.216699988115579
2,361,completed,90183.0338848,90183.0360945,90183.0378034,3.9186000067275017
1,361,completed,90183.0340051,90183.0362633,90183.0384365,4.431400011526421
3,361,completed,90183.034099,90183.0363201,90183.0390406,4.941599996527657
4,361,completed,90183.0339085,90183.0363815,90183.0395874,5.6788999936543405
5,361,completed,90183.0339353,90183.0363837,90183.0401009,6.165600003441796
4,362,completed,90183.0685981,90183.0709244,90183.0717278,3.129699995042756
3,362,completed,90183.0686078,90183.0710149,90183.0731685,4.560700006550178
1,362,completed,90183.0686493,90183.0710285,90183.0737449,5.095600005006418
5,362,completed,90183.068698,90183.0711663,90183.0743866,5.68859999475535
2,362,completed,90183.0688136,90183.0712374,90183.0750049,6.191300009959377
0,362,completed,90183.0687443,90183.0712175,90183.0758654,7.121099988580681
3,363,completed,90183.1033161,90183.105493,90183.1063944,3.0783000111114234
5,363,completed,90183.1034607,90183.1056384,90183.1070259,3.565199993317947
4,363,completed,90183.1032937,90183.1055891,90183.1076422,4.348500006017275
0,363,completed,90183.1033636,90183.10575,90183.1082739,4.910299991024658
1,363,completed,90183.1033421,90183.105752,90183.1088394,5.497299993294291
2,363,completed,90183.1034849,90183.105806,90183.1094124,5.927499994868413
3,364,completed,90183.1310591,90183.1316292,90183.1324111,1.3520000065909699
1,364,completed,90183.1379818,90183.1400246,90183.1409097,2.9279000009410083
0,364,completed,90183.1380524,90183.1401734,90183.1415331,3.4807000047294423
4,364,completed,90183.138026,90183.1401836,90183.1420879,4.0619000064907596
5,364,completed,90183.1379969,90183.1402282,90183.1426082,4.611299998941831
2,364,completed,90183.1381197,90183.1403256,90183.1431421,5.022400000598282
2,365,completed,90183.1658393,90183.1680247,90183.1688697,3.0304000101750717
3,365,completed,90183.1658699,90183.1679951,90183.1694476,3.5777000011876225
4,365,completed,90183.1658168,90183.1679958,90183.1699772,4.160399999818765
5,365,completed,90183.1659311,90183.1681498,90183.1704796,4.54850000096485
0,365,completed,90183.1659717,90183.1682864,90183.1709901,5.018399999244139
1,365,completed,90183.166054,90183.1683357,90183.1715359,5.481899992446415
5,366,completed,90183.2042461,90183.2072198,90183.2086461,4.4000000052619725
1,366,completed,90183.2040276,90183.2071961,90183.209452,5.424399991170503
0,366,completed,90183.2042213,90183.2078616,90183.210107,5.88570001127664
3,366,completed,90183.2056032,90183.2080575,90183.2106964,5.093200001283549
4,366,completed,90183.2055513,90183.2080364,90183.2112244,5.67310000769794
2,366,completed,90183.2055346,90183.20813,90183.2117599,6.225300006917678
1,367,completed,90183.2352982,90183.2377284,90183.2385646,3.2664000027580187
5,367,completed,90183.2353374,90183.2378504,90183.2392204,3.883000012137927
4,367,completed,90183.2352975,90183.2378863,90183.2398215,4.524000003584661
2,367,completed,90183.2354984,90183.23792,90183.2403945,4.896099999314174
0,367,completed,90183.2353662,90183.2378785,90183.240933,5.566799998632632
3,367,completed,90183.2354438,90183.2378954,90183.2414517,6.00789999589324
0,368,completed,90183.2700048,90183.2722146,90183.2731132,3.10840000747703
4,368,completed,90183.2699726,90183.2722857,90183.2736989,3.7262999976519495
3,368,completed,90183.2699549,90183.2723882,90183.2741975,4.242599999997765
2,368,completed,90183.2700605,90183.2724857,90183.2746913,4.6308000019053
1,368,completed,90183.2700806,90183.2725563,90183.2751952,5.114599989610724
5,368,completed,90183.270175,90183.2726927,90183.2757063,5.531300004804507
0,369,completed,90183.304829,90183.3076278,90183.3115955,6.766499995137565
2,369,completed,90183.3048366,90183.3077303,90183.3142799,9.443300004932098
4,369,completed,90183.3048693,90183.3077412,90183.3152259,10.356600003433414
1,369,completed,90183.3050346,90183.3080051,90183.3158813,10.846700010006316
3,369,completed,90183.3049648,90183.3082132,90183.3164681,11.503300003823824
5,369,completed,90183.3048284,90183.3083184,90183.3170542,12.225800004671328
5,370,completed,90183.3325318,90183.3344349,90183.335138,2.6061999960802495
1,370,completed,90183.3325312,90183.3343852,90183.3358239,3.292699999292381
3,370,completed,90183.33257,90183.3344385,90183.3364646,3.8945999986026436
0,370,completed,90183.3394396,90183.3409343,90183.341677,2.237400010926649
2,370,completed,90183.3394234,90183.3408511,90183.3422755,2.85210000583902
4,370,completed,90183.339472,90183.3409754,90183.3428476,3.3755999902496114
0,371,completed,90183.367384,90183.3699095,90183.370769,3.385000003618188
4,371,completed,90183.3675514,90183.3699113,90183.3713925,3.8410999986808747
1,371,completed,90183.3675733,90183.370104,90183.3719358,4.3624999962048605
3,371,completed,90183.3674827,90183.3701045,90183.3725967,5.113999999593943
2,371,completed,90183.3673843,90183.3701678,90183.3733504,5.966099997749552
5,371,completed,90183.3677872,90183.37019,90183.3740099,6.22270000167191
3,372,completed,90183.4020553,90183.40441,90183.4052174,3.1620999943697825
2,372,completed,90183.4020681,90183.4045015,90183.4059812,3.913100008503534
4,372,completed,90183.4021684,90183.4045054,90183.4065057,4.3372999934945256
5,372,completed,90183.4019937,90183.4044184,90183.4070525,5.058800001279451
1,372,completed,90183.4020097,90183.4045419,90183.4076107,5.600999997113831
0,372,completed,90183.4021363,90183.4045469,90183.4081123,5.97600000037346
2,373,completed,90183.4368916,90183.4391747,90183.4404084,3.5168000031262636
0,373,completed,90183.4370392,90183.4393813,90183.4410543,4.015099999378435
1,373,completed,90183.4368916,90183.4395212,90183.4417237,4.832100006751716
4,373,completed,90183.4373307,90183.4396215,90183.4423004,4.969699992216192
5,373,completed,90183.4373503,90183.4396363,90183.4428351,5.484799999976531
3,373,completed,90183.4373797,90183.4396628,90183.4434663,6.086599998525344
5,374,completed,90183.4714747,90183.4739749,90183.4748819,3.4071999980369583
4,374,completed,90183.4714669,90183.4740088,90183.475516,4.049100010888651
1,374,completed,90183.4715253,90183.4742464,90183.4762446,4.719299991847947
0,374,completed,90183.4714661,90183.4742826,90183.4769794,5.513299998710863
2,374,completed,90183.4722455,90183.4743372,90183.4780185,5.77299999713432
3,374,completed,90183.4721748,90183.474347,90183.4789155,6.740700002410449
3,375,completed,90183.5062107,90183.5084199,90183.509404,3.193299999111332
1,375,completed,90183.5063007,90183.5086655,90183.5100186,3.7179000064497814
4,375,completed,90183.5063467,90183.5087047,90183.5105725,4.225800003041513
2,375,completed,90183.5063853,90183.508756,90183.5112144,4.829099998460151
0,375,completed,90183.5064357,90183.5088968,90183.5118448,5.409100005635992
5,375,completed,90183.5064975,90183.5089088,90183.5124333,5.935799999861047
4,376,completed,90183.5339749,90183.53635,90183.5372368,3.261899997596629
2,376,completed,90183.533855,90183.5364777,90183.5381972,4.342200001701713
3,376,completed,90183.5340265,90183.5364579,90183.5388242,4.797700006747618
5,376,completed,90183.5338858,90183.5364874,90183.5394886,5.602799996268004
0,376,completed,90183.5339162,90183.5365118,90183.5400714,6.155199997010641
1,376,completed,90183.533855,90183.5364765,90183.5407248,6.869799995911308
5,377,completed,90183.5686308,90183.5707835,90183.5717026,3.071800005272962
4,377,completed,90183.5687289,90183.5710127,90183.5722332,3.504299995256588
3,377,completed,90183.5687893,90183.5710448,90183.5733955,4.606200003763661
2,377,completed,90183.568746,90183.5710365,90183.5741236,5.377599998610094
0,377,completed,90183.5686402,90183.5710686,90183.5746346,5.994399994960986
1,377,completed,90183.5686259,90183.5710816,90183.5751578,6.531899998662993
0,378,completed,90183.6032792,90183.6053064,90183.606164,2.884799992898479
5,378,completed,90183.6034323,90183.6055625,90183.606731,3.2987000013235956
4,378,completed,90183.6032794,90183.6055733,90183.6071969,3.917499998351559
3,378,completed,90183.6033034,90183.6055839,90183.6076577,4.354300006525591
2,378,completed,90183.6033766,90183.6056653,90183.6082769,4.900300002191216
1,378,completed,90183.603513,90183.6057234,90183.6088114,5.298400006722659
0,379,completed,90183.6380336,90183.6400182,90183.6409094,2.875799997127615
2,379,completed,90183.637975,90183.6401392,90183.6415969,3.621899988502264
4,379,completed,90183.6379784,90183.6401231,90183.6420851,4.106699998374097
3,379,completed,90183.6381544,90183.6403373,90183.642615,4.4606000010389835
5,379,completed,90183.6382469,90183.640347,90183.6430772,4.830300007597543
1,379,completed,90183.6385293,90183.6403607,90183.6436171,5.087799989269115
3,380,completed,90183.6657917,90183.667343,90183.668059,2.267300005769357
5,380,completed,90183.665786,90183.6674835,90183.6686034,2.817400003550574
1,380,completed,90183.6658744,90183.6674411,90183.6690887,3.2142999989446253
2,380,completed,90183.66581,90183.6675341,90183.6696986,3.888599996571429
4,380,completed,90183.6796644,90183.6807433,90183.6814233,1.7589000053703785
0,380,completed,90183.6796642,90183.6807363,90183.6820036,2.3394000018015504
0,381,completed,90183.7005277,90183.7027512,90183.7036254,3.0976999987615272
5,381,completed,90183.7004701,90183.7028874,90183.7043329,3.8628000038443133
3,381,completed,90183.7004857,90183.7029216,90183.7050383,4.5526000030804425
1,381,completed,90183.7004609,90183.7028921,90183.7056963,5.235400007222779
4,381,completed,90183.7006037,90183.7028616,90183.7063287,5.725000009988435
2,381,completed,90183.7006202,90183.7029092,90183.7072219,6.601699991733767
1,382,completed,90183.73523,90183.7371959,90183.73817,2.9399999912129715
5,382,completed,90183.7352619,90183.7374238,90183.7386729,3.4109999978682026
2,382,completed,90183.7352962,90183.7376463,90183.7393106,4.01439999404829
3,382,completed,90183.735367,90183.7377263,90183.7398057,4.438699994352646
0,382,completed,90183.7353224,90183.737729,90183.7402911,4.968699999153614
4,382,completed,90183.7353902,90183.7377193,90183.740812,5.421800000476651
5,383,completed,90183.7700209,90183.7723069,90183.7733321,3.311199994641356
3,383,completed,90183.7700438,90183.7725706,90183.7739117,3.867899999022484
4,383,completed,90183.7700134,90183.7726247,90183.774455,4.441600001882762
0,383,completed,90183.7702701,90183.7726754,90183.7749739,4.703800004790537
1,383,completed,90183.7700854,90183.7727076,90183.7754788,5.393400002503768
2,383,completed,90183.7701211,90183.7727423,90183.776024,5.902900011278689
0,384,completed,90183.8047046,90183.8072081,90183.8081412,3.436600003624335
2,384,completed,90183.804799,90183.8073257,90183.8087717,3.9726999966660514
1,384,completed,90183.8047096,90183.8073899,90183.8093275,4.617900005541742
4,384,completed,90183.8047273,90183.8074202,90183.8098989,5.171600001631305
3,384,completed,90183.8049075,90183.8075361,90183.8105117,5.60419999237638
5,384,completed,90183.8048549,90183.8075172,90183.8111411,6.286200004979037
1,385,completed,90183.8464949,90183.8485817,90183.8499086,3.4136999893235043
5,385,completed,90183.8464857,90183.8490641,90183.8506081,4.122399986954406
2,385,completed,90183.8466738,90183.8490645,90183.8512181,4.5442999980878085
3,385,completed,90183.8465095,90183.8491843,90183.8518642,5.354699998861179
4,385,completed,90183.8464815,90183.8491796,90183.8524736,5.9920999919995666
0,385,completed,90183.8472571,90183.8494724,90183.8531129,5.855800001882017
1,386,completed,90183.8672624,90183.8699512,90183.8710582,3.7958000029902905
3,386,completed,90183.8673474,90183.8700477,90183.871779,4.431599998497404
2,386,completed,90183.8672947,90183.8701076,90183.8725296,5.234900003415532
0,386,completed,90183.8672583,90183.8701277,90183.873247,5.9886999952141196
4,386,completed,90183.8673966,90183.8701412,90183.8737993,6.40269998984877
5,386,completed,90183.867483,90183.8701661,90183.8745744,7.091400009812787
0,387,completed,90183.9021688,90183.9046342,90183.9054136,3.2447999983560294
4,387,completed,90183.9021268,90183.9047287,90183.9060908,3.96399998862762
5,387,completed,90183.9021133,90183.9045083,90183.9067007,4.5873999915784225
1,387,completed,90183.902206,90183.9047123,90183.9073254,5.119399997056462
3,387,completed,90183.9022839,90183.9048727,90183.9079356,5.651700004818849
2,387,completed,90183.9023456,90183.9049081,90183.9086092,6.263600007514469
0,388,completed,90183.9366937,90183.9391686,90183.9401423,3.4485999931348488
1,388,completed,90183.9367505,90183.9391932,90183.9408022,4.051700001582503
2,388,completed,90183.936652,90183.9390716,90183.9414122,4.760199997690506
4,388,completed,90183.9366698,90183.9392222,90183.9419945,5.324700003257021
5,388,completed,90183.9366554,90183.9393237,90183.9425025,5.847099993843585
3,388,completed,90183.9368207,90183.9393873,90183.9431451,6.324400004814379
2,389,completed,90183.9714894,90183.9739149,90183.9748345,3.3450999908382073
3,389,completed,90183.9714657,90183.9739122,90183.9754738,4.008100004284643
1,389,completed,90183.9716166,90183.9740608,90183.9760192,4.402599995955825
5,389,completed,90183.9714502,90183.9740718,90183.9765543,5.104099996970035
0,389,completed,90183.9715395,90183.9741261,90183.9770146,5.475099998875521
4,389,completed,90183.9716845,90183.9742167,90183.9776484,5.963900010101497
2,390,completed,90184.0061998,90184.0086979,90184.0095448,3.345000004628673
1,390,completed,90184.0061926,90184.0088216,90184.0101406,3.947999997762963
0,390,completed,90184.0062363,90184.0087803,90184.0106786,4.442299992660992
5,390,completed,90184.0062907,90184.0088756,90184.0112146,4.9239000072702765
3,390,completed,90184.0063701,90184.0089541,90184.0117401,5.3699999989476055
4,390,completed,90184.0063383,90184.0090106,90184.0122502,5.911900007049553
4,391,completed,90184.0339792,90184.0370503,90184.0377477,3.7684999988414347
5,391,completed,90184.0339783,90184.0370127,90184.0383945,4.416200012201443
2,391,completed,90184.0340212,90184.0369446,90184.0390396,5.018399999244139
0,391,completed,90184.0341078,90184.0370967,90184.0396364,5.52859999879729
1,391,completed,90184.0341666,90184.0370961,90184.0401997,6.033099998603575
3,391,completed,90184.0340464,90184.0371371,90184.0409264,6.880000000819564
3,392,completed,90184.0687316,90184.0716667,90184.0724721,3.740500003914349
5,392,completed,90184.0687319,90184.0716386,90184.0737698,5.037900002207607
1,392,completed,90184.0689139,90184.0717916,90184.0744469,5.53300000319723
0,392,completed,90184.0688555,90184.0718545,90184.0751609,6.305400005658157
2,392,completed,90184.0687658,90184.071893,90184.0761346,7.36880001204554
4,392,completed,90184.0690377,90184.0718921,90184.0769308,7.893100002547726
1,393,completed,90184.1033663,90184.1058006,90184.1068619,3.4956000017700717
0,393,completed,90184.1034197,90184.1057778,90184.1077129,4.293200006941333
2,393,completed,90184.1034645,90184.1058546,90184.1086525,5.187999995541759
3,393,completed,90184.1033388,90184.1057143,90184.1093178,5.97899999411311
5,393,completed,90184.1033392,90184.105731,90184.1099976,6.6584000014699996
4,393,completed,90184.1035221,90184.1060902,90184.110849,7.3268999985884875
4,394,completed,90184.1382728,90184.1408185,90184.141708,3.435199992964044
0,394,completed,90184.1381965,90184.140708,90184.1423206,4.124099999899045
1,394,completed,90184.1382444,90184.1409212,90184.142895,4.650599992601201
2,394,completed,90184.1384194,90184.1409825,90184.1436577,5.238300000200979
3,394,completed,90184.1381678,90184.1410623,90184.1441977,6.029900003341027
5,394,completed,90184.1381675,90184.1410755,90184.1448891,6.721600002492778
2,395,completed,90184.1799971,90184.1829858,90184.1839863,3.9892000058898702
4,395,completed,90184.1799283,90184.182953,90184.1847587,4.830399993807077
5,395,completed,90184.1799388,90184.1829264,90184.1855137,5.574899987550452
3,395,completed,90184.1800501,90184.1830867,90184.1862008,6.150700006401166
0,395,completed,90184.1799278,90184.1831619,90184.1870753,7.147500000428408
1,395,completed,90184.1807284,90184.1832535,90184.1879986,7.27020000340417
1,396,completed,90184.2005801,90184.2027801,90184.2036363,3.056199988350272
3,396,completed,90184.2005812,90184.2027911,90184.2041953,3.614100001868792
5,396,completed,90184.200756,90184.2028925,90184.2047153,3.959299996495247
4,396,completed,90184.2007003,90184.2029565,90184.2052671,4.566799994790927
2,396,completed,90184.2006261,90184.2030826,90184.2060359,5.409799996414222
0,396,completed,90184.2006352,90184.2030897,90184.206594,5.958800000371411
3,397,completed,90184.2354765,90184.2382313,90184.2390371,3.5605999873951077
5,397,completed,90184.235368,90184.2382398,90184.2396693,4.301300010411069
4,397,completed,90184.2352774,90184.2381148,90184.2403126,5.03519999620039
2,397,completed,90184.2352764,90184.2383677,90184.2411147,5.83829999959562
0,397,completed,90184.2353159,90184.2383679,90184.2417068,6.390900001861155
1,397,completed,90184.2353395,90184.2384413,90184.2423911,7.051599997794256
5,398,completed,90184.2700243,90184.2721481,90184.2728408,2.81649999669753
3,398,completed,90184.2699293,90184.2720257,90184.2734846,3.5552999906940386
4,398,completed,90184.2701093,90184.2722326,90184.2739989,3.889599989634007
0,398,completed,90184.2699845,90184.2722464,90184.2745585,4.573999991407618
2,398,completed,90184.2700668,90184.2723054,90184.2752373,5.170499993255362
1,398,completed,90184.2699287,90184.2723412,90184.2757251,5.796400000690483
4,399,completed,90184.3048594,90184.3072098,90184.3081557,3.296299997600727
3,399,completed,90184.3049212,90184.3074392,90184.3088287,3.9074999949662015
2,399,completed,90184.3048075,90184.3074157,90184.3096539,4.8463999992236495
1,399,completed,90184.304808,90184.3073869,90184.3103571,5.549099994823337
5,399,completed,90184.3049944,90184.3074821,90184.311112,6.117600001743995
0,399,completed,90184.3049358,90184.3073946,90184.3120353,7.099499998730607
0,400,completed,90184.3324016,90184.3333124,90184.3340806,1.6790000081527978
4,400,completed,90184.3324022,90184.3333393,90184.3353088,2.906599998823367
5,400,completed,90184.3345202,90184.3359436,90184.3367531,2.232899991213344
2,400,completed,90184.3346671,90184.3361149,90184.3375332,2.8660999960266054
3,400,completed,90184.3345711,90184.3361815,90184.3381148,3.543700004229322
1,400,completed,90184.3345491,90184.3361882,90184.3386467,4.0976000018417835
1,401,completed,90184.3676269,90184.3695354,90184.3703404,2.7134999982081354
4,401,completed,90184.3676164,90184.369491,90184.3709667,3.350299986777827
5,401,completed,90184.3677432,90184.369744,90184.3718373,4.094100004294887
2,401,completed,90184.367813,90184.3697694,90184.3728309,5.017899995436892
3,401,completed,90184.367673,90184.3698233,90184.374157,6.483999997726642
0,401,completed,90184.3678549,90184.3698463,90184.3767092,8.854300001985393
3,402,completed,90184.401881,90184.4038546,90184.4049871,3.1061000045156106
4,402,completed,90184.4019474,90184.4041089,90184.4056266,3.6792000028071925
1,402,completed,90184.4020147,90184.4042217,90184.4061451,4.130400004214607
5,402,completed,90184.4020663,90184.4042239,90184.4066406,4.574300008243881
0,402,completed,90184.4019045,90184.4042414,90184.4071276,5.223100000876002
2,402,completed,90184.4018676,90184.4043093,90184.407785,5.917400005273521
3,403,completed,90184.4367319,90184.4389831,90184.4401298,3.397899999981746
0,403,completed,90184.4367603,90184.4390013,90184.4407032,3.9429000025847927
5,403,completed,90184.4367598,90184.4389825,90184.4412274,4.467600010684691
4,403,completed,90184.4368984,90184.4390566,90184.4417366,4.838199994992465
1,403,completed,90184.4368112,90184.4390235,90184.4422233,5.412099999375641
2,403,completed,90184.4368496,90184.4392055,90184.4426851,5.835500007378869
5,404,completed,90184.4655829,90184.4679705,90184.4689264,3.3435000077588484
4,404,completed,90184.4655831,90184.4682263,90184.4694838,3.9007000013953075
3,404,completed,90184.4656061,90184.4682262,90184.4700936,4.487500002142042
1,404,completed,90184.466214,90184.4683776,90184.4705972,4.383199993753806
0,404,completed,90184.4659606,90184.4683988,90184.4712193,5.258699995465577
2,404,completed,90184.4813222,90184.4818368,90184.4824526,1.1304000072414055
2,405,completed,90184.4993645,90184.5014929,90184.5024671,3.102599992416799
1,405,completed,90184.4993804,90184.5015002,90184.5033036,3.9231999980984256
0,405,completed,90184.49935,90184.5016358,90184.5038887,4.538699999102391
3,405,completed,90184.4994223,90184.5017217,90184.5045861,5.163800000445917
4,405,completed,90184.4996023,90184.5017491,90184.5050688,5.466500006150454
5,405,completed,90184.499505,90184.5017447,90184.5055264,6.021399996825494
5,406,completed,90184.5341603,90184.5360069,90184.536889,2.7286999975331128
1,406,completed,90184.5341379,90184.5361857,90184.5374839,3.3459999976912513
2,406,completed,90184.534225,90184.5362657,90184.5380512,3.8262000016402453
4,406,completed,90184.534289,90184.5363079,90184.5385828,4.293799996958114
3,406,completed,90184.5344239,90184.5363934,90184.5392802,4.856300001847558
0,406,completed,90184.5343421,90184.5364077,90184.5397679,5.425800001830794
3,407,completed,90184.5687777,90184.5709333,90184.5717371,2.959400007966906
0,407,completed,90184.5687777,90184.5708833,90184.5722445,3.466800000751391
2,407,completed,90184.5688718,90184.5709691,90184.5727092,3.8373999996110797
5,407,completed,90184.5689507,90184.5710331,90184.5737304,4.779700000653975
4,407,completed,90184.5688311,90184.5710597,90184.5741921,5.361000003176741
1,407,completed,90184.5688952,90184.5710847,90184.5747251,5.829899993841536
3,408,completed,90184.6035499,90184.6056009,90184.6065205,2.97060000593774
5,408,completed,90184.6035074,90184.6055562,90184.6070808,3.5733999975491315
4,408,completed,90184.6035817,90184.6057371,90184.6076751,4.093399998964742
0,408,completed,90184.6037021,90184.605728,90184.6082584,4.556300002150238
2,408,completed,90184.6036183,90184.6057389,90184.6087967,5.178400009754114
1,408,completed,90184.6035073,90184.6055833,90184.6093126,5.805300010251813
0,409,completed,90184.6383184,90184.6404106,90184.6412754,2.957000004244037
2,409,completed,90184.6382845,90184.6405917,90184.641885,3.6005000001750886
5,409,completed,90184.6383681,90184.6406296,90184.6424599,4.091800001333468
4,409,completed,90184.6384723,90184.6407321,90184.6429904,4.518100002314895
1,409,completed,90184.6384143,90184.6407681,90184.6434894,5.075099994428456
3,409,completed,90184.6383131,90184.6407838,90184.6441168,5.803699998068623
2,410,completed,90184.665981,90184.6678272,90184.6685407,2.5597000058041885
5,410,completed,90184.6660645,90184.6679606,90184.6690509,2.9864000098314136
0,410,completed,90184.6660048,90184.6679628,90184.6695163,3.511499991873279
1,410,completed,90184.6660401,90184.667953,90184.6699708,3.930699996999465
4,410,completed,90184.6661383,90184.6680736,90184.6704418,4.303499998059124
3,410,completed,90184.6728918,90184.6733694,90184.6740133,1.1214999976800755
0,411,completed,90184.7008003,90184.702735,90184.7035329,2.7326000126777217
4,411,completed,90184.7008951,90184.7028722,90184.7040718,3.176700003677979
2,411,completed,90184.7009436,90184.7029814,90184.7045998,3.6562000022968277
5,411,completed,90184.700793,90184.702968,90184.7050993,4.30630000482779
3,411,completed,90184.7008174,90184.7029913,90184.705588,4.770600004121661
1,411,completed,90184.7010513,90184.7030265,90184.7060488,4.997500000172295
2,412,completed,90184.7354215,90184.7372907,90184.7381021,2.6806000096257776
0,412,completed,90184.7354571,90184.7374304,90184.7386117,3.154599995468743
1,412,completed,90184.7354888,90184.737487,90184.73913,3.641200004494749
3,412,completed,90184.7356314,90184.7375827,90184.7396193,3.987899995991029
4,412,completed,90184.7355495,90184.7376314,90184.7401041,4.554600003757514
5,412,completed,90184.7357111,90184.7376749,90184.740665,4.953900002874434
4,413,completed,90184.7702276,90184.7719462,90184.7728512,2.623599997605197
3,413,completed,90184.7702579,90184.7721991,90184.7733926,3.1346999894594774
5,413,completed,90184.7703213,90184.7722382,90184.7739522,3.6308999988250434
0,413,completed,90184.7703007,90184.7722445,90184.7744384,4.137700001592748
2,413,completed,90184.7704176,90184.7724121,90184.7749345,4.516900007729419
1,413,completed,90184.7704686,90184.772412,90184.7754354,4.966799999237992
5,414,completed,90184.7979359,90184.7998343,90184.8005622,2.626300003612414
0,414,completed,90184.7979973,90184.7999507,90184.8011009,3.1036000000312924
4,414,completed,90184.7979356,90184.79991,90184.801586,3.650400001788512
3,414,completed,90184.798137,90184.8000401,90184.8020854,3.9484000008087605
2,414,completed,90184.7981878,90184.8000685,90184.8025463,4.3584999948507175
1,414,completed,90184.7980453,90184.8000856,90184.8029916,4.94629998866003
5,415,completed,90184.8412188,90184.8431763,90184.8439062,2.6874000031966716
2,415,completed,90184.8411933,90184.8430719,90184.8446053,3.4119999909307808
3,415,completed,90184.841177,90184.8432431,90184.8451209,3.943900010199286
0,415,completed,90184.8413986,90184.8433012,90184.8456599,4.261300011421554
4,415,completed,90184.8413022,90184.8433573,90184.8462326,4.9303999985568225
1,415,completed,90184.8412449,90184.843288,90184.8468388,5.593900001258589
1,416,completed,90184.8673644,90184.8690347,90184.8699599,2.595500001916662
4,416,completed,90184.8673885,90184.8691089,90184.8705303,3.1417999998666346
5,416,completed,90184.8674601,90184.8694482,90184.8710236,3.5635000094771385
0,416,completed,90184.8675008,90184.8694742,90184.8715562,4.055400000652298
2,416,completed,90184.867683,90184.8695392,90184.872076,4.392999995616265
3,416,completed,90184.8676412,90184.8695327,90184.8727968,5.1555999962147325
3,417,completed,90184.9021129,90184.9040905,90184.9049685,2.8556000033859164
4,417,completed,90184.9021697,90184.9041929,90184.905478,3.308300001663156
2,417,completed,90184.9020947,90184.9042148,90184.9059629,3.868200001306832
5,417,completed,90184.9021532,90184.9042523,90184.9064995,4.34629998926539
1,417,completed,90184.9023323,90184.9043013,90184.9070226,4.690300003858283
0,417,completed,90184.9022517,90184.904362,90184.9075586,5.306899998686276
5,418,completed,90184.9451451,90184.9469734,90184.947717,2.571899996837601
2,418,completed,90184.945175,90184.9470882,90184.9482427,3.06770000315737
0,418,completed,90184.9451285,90184.9471579,90184.9487221,3.5936000058427453
3,418,completed,90184.9453823,90184.9472408,90184.9493467,3.9644000062253326
4,418,completed,90184.9452233,90184.9472313,90184.9498265,4.603199995472096
1,418,completed,90184.9453506,90184.9472772,90184.9503649,5.014299997128546
5,419,completed,90184.9716135,90184.9735402,90184.9743251,2.711599998292513
1,419,completed,90184.9715915,90184.9734792,90184.9748839,3.292399997008033
0,419,completed,90184.971751,90184.9737019,90184.9753956,3.644600001280196
3,419,completed,90184.9716507,90184.973781,90184.9759922,4.341499996371567
2,419,completed,90184.9716411,90184.9737751,90184.9764778,4.83669999812264
4,419,completed,90184.971907,90184.9737842,90184.9769543,5.047300001024269
2,420,completed,90185.0062697,90185.0082404,90185.0090548,2.785100004984997
3,420,completed,90185.0062697,90185.0083437,90185.0097103,3.440600004978478
0,420,completed,90185.0063168,90185.0084435,90185.0101573,3.8404999941121787
4,420,completed,90185.0063509,90185.0084186,90185.0106686,4.317700004321523
1,420,completed,90185.006439,90185.0085097,90185.0111812,4.742199991596863
5,420,completed,90185.0064654,90185.0085518,90185.011621,5.1555999962147325
5,421,completed,90185.0341298,90185.0359844,90185.0368301,2.7002999995602295
0,421,completed,90185.0340756,90185.0361113,90185.037388,3.312400003778748
4,421,completed,90185.0340756,90185.0361892,90185.0379464,3.8708000065525994
1,421,completed,90185.034174,90185.0361842,90185.0384588,4.28480000118725
2,421,completed,90185.0342478,90185.03621,90185.0389421,4.694300005212426
3,421,completed,90185.0342864,90185.0363246,90185.0395581,5.271700007142499
0,422,completed,90185.0718382,90185.0737716,90185.0746254,2.787199991871603
3,422,completed,90185.0718104,90185.0737701,90185.0768219,5.011500004911795
1,422,completed,90185.0719721,90185.0739628,90185.0774878,5.515699987881817
2,422,completed,90185.0719106,90185.0740667,90185.0781728,6.262199996854179
5,422,completed,90185.0718426,90185.0740508,90185.0788322,6.989600005908869
4,422,completed,90185.0720602,90185.0741057,90185.0793145,7.254300013300963
0,423,completed,90185.1104682,90185.1124507,90185.1131739,2.705699997022748
5,423,completed,90185.1104251,90185.1124648,90185.113685,3.2598999969195575
1,423,completed,90185.1105065,90185.1125217,90185.1141371,3.6305999965406954
4,423,completed,90185.1104244,90185.1125201,90185.1145825,4.158099996857345
3,423,completed,90185.1105607,90185.1125933,90185.1151968,4.636099998606369
2,423,completed,90185.110612,90185.1125804,90185.1157028,5.09079999756068
3,424,completed,90185.1312345,90185.1330661,90185.1340165,2.781999995931983
4,424,completed,90185.1312885,90185.1331928,90185.1345217,3.233200011891313
1,424,completed,90185.1312141,90185.1332662,90185.1349798,3.7657000066246837
2,424,completed,90185.1313793,90185.1333622,90185.1354379,4.058599995914847
5,424,completed,90185.1314308,90185.1334177,90185.1359051,4.474300003494136
0,424,completed,90185.1313606,90185.1334206,90185.1363927,5.032100001699291
5,425,completed,90185.1729413,90185.1749424,90185.1757404,2.7990999951725826
2,425,completed,90185.172987,90185.1750277,90185.176382,3.3950000070035458
1,425,completed,90185.1729219,90185.1750702,90185.1769349,4.0129999979399145
0,425,completed,90185.1730081,90185.1751593,90185.1774235,4.415400006109849
4,425,completed,90185.173109,90185.175249,90185.1779418,4.832799997529946
3,425,completed,90185.1731401,90185.1752705,90185.1787287,5.58860000455752
2,426,completed,90185.2009289,90185.2032444,90185.203941,3.01210000179708
0,426,completed,90185.2008389,90185.2033233,90185.2045266,3.6877000093227252
5,426,completed,90185.2010292,90185.2033223,90185.2050429,4.013699988718145
4,426,completed,90185.2008557,90185.2033442,90185.2055874,4.731700013508089
3,426,completed,90185.2008738,90185.2033271,90185.2062438,5.3699999989476055
1,426,completed,90185.200992,90185.2033823,90185.206797,5.805000007967465
1,427,completed,90185.2358444,90185.2386342,90185.2394678,3.623399999924004
2,427,completed,90185.2360272,90185.2387759,90185.2400404,4.013200014014728
0,427,completed,90185.2358783,90185.2386358,90185.2405807,4.702400008682162
4,427,completed,90185.2358448,90185.2387249,90185.2411757,5.330899992259219
5,427,completed,90185.2359957,90185.2388593,90185.2418438,5.848100001458079
3,427,completed,90185.2358447,90185.2389302,90185.2429355,7.090800005244091
2,428,completed,90185.2767796,90185.2789827,90185.2799091,3.1295000080717728
1,428,completed,90185.2769027,90185.2789867,90185.280543,3.640299997641705
5,428,completed,90185.2767972,90185.2792156,90185.2810757,4.2784999968716875
0,428,completed,90185.2769534,90185.2791533,90185.2816097,4.656300006899983
3,428,completed,90185.2768664,90185.2792865,90185.2822791,5.412700003944337
4,428,completed,90185.2768059,90185.2793142,90185.2827751,5.969200006802566
0,429,completed,90185.3053353,90185.3080792,90185.3088978,3.562500001862645
3,429,completed,90185.3053071,90185.3080772,90185.3096392,4.332099997554906
5,429,completed,90185.3052751,90185.3080722,90185.3101761,4.900999992969446
1,429,completed,90185.3054933,90185.3081332,90185.3107358,5.242500003078021
2,429,completed,90185.3054248,90185.3081805,90185.3113729,5.948100006207824
4,429,completed,90185.3053929,90185.3082026,90185.3122222,6.829299993114546
0,430,completed,90185.3328315,90185.3350187,90185.3358804,3.0489000055240467
2,430,completed,90185.3327909,90185.33502,90185.3364788,3.6878999962937087
3,430,completed,90185.3329785,90185.3352292,90185.337164,4.18550000176765
5,430,completed,90185.3327737,90185.3353243,90185.3376724,4.898699990008026
1,430,completed,90185.3329128,90185.3352475,90185.3380846,5.171799988602288
4,430,completed,90185.3328825,90185.3353627,90185.3386244,5.74189999315422
3,431,completed,90185.3676091,90185.3698359,90185.3708601,3.2510000019101426
4,431,completed,90185.3675616,90185.3698294,90185.3716998,4.1382000053999946
0,431,completed,90185.3677985,90185.3700569,90185.3724034,4.604900008416735
1,431,completed,90185.3675617,90185.370048,90185.3731322,5.570499997702427
5,431,completed,90185.3675906,90185.3701024,90185.3739222,6.33160000143107
2,431,completed,90185.3679067,90185.3701964,90185.3747779,6.871199992019683
5,432,completed,90185.4095739,90185.4121797,90185.4133408,3.7669000012101606
2,432,completed,90185.4096266,90185.4123653,90185.4140352,4.408599997987039
0,432,completed,90185.4097256,90185.4124133,90185.4146557,4.93010001082439
3,432,completed,90185.4095758,90185.4124532,90185.4156729,6.097099991166033
1,432,completed,90185.4096799,90185.4124151,90185.416562,6.882100002258085
4,432,completed,90185.4097839,90185.4125437,90185.41783,8.046100003411993
1,433,completed,90185.4369939,90185.4389716,90185.4398747,2.880799991544336
2,433,completed,90185.4371013,90185.4391194,90185.4405337,3.4324000007472932
4,433,completed,90185.4369821,90185.4391172,90185.4412524,4.270300007192418
3,433,completed,90185.4370424,90185.4391411,90185.441789,4.746600010548718
0,433,completed,90185.437069,90185.4391374,90185.4423621,5.2930999954696745
5,433,completed,90185.4371453,90185.4392347,90185.4428669,5.721599998651072
4,434,completed,90185.4729787,90185.4755198,90185.4766128,3.634100008639507
2,434,completed,90185.4730183,90185.4755969,90185.4773175,4.299199994420633
3,434,completed,90185.472957,90185.4754611,90185.4783097,5.352699998184107
0,434,completed,90185.4729727,90185.475675,90185.4791506,6.177900009788573
1,434,completed,90185.4732047,90185.4758254,90185.4800581,6.853400002000853
5,434,completed,90185.473777,90185.4759111,90185.4809304,7.153399987146258
0,435,completed,90185.4998625,90185.5025654,90185.5039735,4.111000002012588
1,435,completed,90185.4998808,90185.5025546,90185.5050167,5.135900006280281
2,435,completed,90185.5000507,90185.5027339,90185.5057783,5.727600000682287
5,435,completed,90185.4997335,90185.5027933,90185.5067315,6.998000011662953
3,435,completed,90185.4999623,90185.502819,90185.5077309,7.768600000417791
4,435,completed,90185.5001333,90185.5030365,90185.5088427,8.709400004590861
3,436,completed,90185.5343243,90185.5367339,90185.538455,4.130700006498955
2,436,completed,90185.534473,90185.5368922,90185.5403277,5.854699993506074
1,436,completed,90185.534396,90185.5368819,90185.541974,7.578000004286878
5,436,completed,90185.5345521,90185.5369264,90185.5431521,8.600000001024455
4,436,completed,90185.5343306,90185.5369785,90185.5442615,9.930900007020682
0,436,completed,90185.5343113,90185.5370655,90185.5452392,10.927900002570823
5,437,completed,90185.5691218,90185.5716937,90185.5728772,3.755400000954978
2,437,completed,90185.5692104,90185.5718117,90185.5737101,4.499699993175454
1,437,completed,90185.5693198,90185.5718814,90185.5745225,5.202700005611405
4,437,completed,90185.5691348,90185.5719696,90185.5757094,6.574600003659725
0,437,completed,90185.5691217,90185.5720324,90185.5781535,9.03180000022985
3,437,completed,90185.5693819,90185.5720683,90185.5789688,9.586899992427789
3,438,completed,90185.6051367,90185.6071787,90185.6082838,3.147099996567704
4,438,completed,90185.6051366,90185.6071599,90185.6092784,4.14180000370834
1,438,completed,90185.605434,90185.6074755,90185.6100098,4.575800005113706
5,438,completed,90185.6056931,90185.6076855,90185.6109237,5.230599999777041
0,438,completed,90185.6056225,90185.6077433,90185.6117489,6.12639999599196
2,438,completed,90185.6057812,90185.6078076,90185.612555,6.7737999925157055
2,439,completed,90185.6384568,90185.640581,90185.641308,2.851199998985976
3,439,completed,90185.6383885,90185.6405329,90185.6418833,3.494800010230392
1,439,completed,90185.6383396,90185.6406741,90185.6424533,4.11369999346789
0,439,completed,90185.6383093,90185.6406576,90185.6430284,4.719099990325049
5,439,completed,90185.638356,90185.6407071,90185.6436086,5.252600007224828
4,439,completed,90185.6385065,90185.6407149,90185.6443794,5.872899986570701
5,440,completed,90185.666569,90185.6690579,90185.6701736,3.604600002290681
1,440,completed,90185.6666093,90185.6691474,90185.672623,6.013700010953471
0,440,completed,90185.6665608,90185.6691503,90185.6763593,9.79850000294391
3,440,completed,90185.6667052,90185.6692311,90185.6777508,11.045599996577948
2,440,completed,90185.6666726,90185.6692195,90185.6785327,11.860099999466911
4,440,completed,90185.6665796,90185.6691467,90185.6798031,13.223500005551614
2,441,completed,90185.7008558,90185.703295,90185.7041691,3.3133000106317922
3,441,completed,90185.7008889,90185.7034181,90185.7047957,3.9068000041879714
4,441,completed,90185.7008407,90185.7034427,90185.7056223,4.781600000569597
0,441,completed,90185.7009769,90185.7034831,90185.7062695,5.292600006214343
1,441,completed,90185.7009336,90185.7034465,90185.7069135,5.979900000966154
5,441,completed,90185.7010283,90185.7035495,90185.7077053,6.676999997580424
1,442,completed,90185.7445237,90185.7466955,90185.7478662,3.342500000144355
3,442,completed,90185.7446268,90185.746972,90185.7490351,4.408299995702691
4,442,completed,90185.7445048,90185.7469957,90185.750328,5.823200001032092
5,442,completed,90185.7446575,90185.7471798,90185.7512584,6.600900000194088
2,442,completed,90185.744579,90185.7472053,90185.7520598,7.480799991753884
0,442,completed,90185.7445046,90185.7472117,90185.7529301,8.425499996519648
5,443,completed,90185.7708938,90185.7717914,90185.7747217,3.827900000032969
4,443,completed,90185.77101,90185.771959,90185.7758934,4.883400004473515
1,443,completed,90185.7721627,90185.7731143,90185.7767865,4.623800006811507
3,443,completed,90185.7723034,90185.7731774,90185.7786235,6.320100001175888
2,443,completed,90185.7733495,90185.7742133,90185.7814747,8.12519999453798
0,443,completed,90185.7744109,90185.7752576,90185.7840259,9.614999988116324
4,444,completed,90185.798428,90185.7994026,90185.8003868,1.9587999995565042
5,444,completed,90185.7984274,90185.7994577,90185.8012106,2.78319999051746
2,444,completed,90185.8049923,90185.8067475,90185.8076855,2.6931999891530722
1,444,completed,90185.8050283,90185.8068429,90185.8083717,3.343399992445484
3,444,completed,90185.8051044,90185.8068381,90185.8091789,4.074500000569969
0,444,completed,90185.8050764,90185.8069161,90185.8098419,4.7654999943915755
1,445,completed,90185.832908,90185.8357768,90185.8369154,4.007399998954497
3,445,completed,90185.8331519,90185.8359071,90185.8380121,4.860199987888336
4,445,completed,90185.8329417,90185.835804,90185.8389747,6.032999997842126
5,445,completed,90185.8329066,90185.8359282,90185.8399221,7.015499999397434
0,445,completed,90185.8330451,90185.8358788,90185.8406708,7.625700003700331
2,445,completed,90185.8329452,90185.8360538,90185.841363,8.41779999609571
3,446,completed,90185.8677145,90185.8703924,90185.8716981,3.983600006904453
2,446,completed,90185.867738,90185.870427,90185.8724377,4.699700002674945
0,446,completed,90185.8679448,90185.8705543,90185.8731026,5.157799998414703
5,446,completed,90185.8677147,90185.8705017,90185.8737188,6.004099996061996
1,446,completed,90185.8680333,90185.8706043,90185.8744937,6.460400007199496
4,446,completed,90185.868216,90185.8707501,90185.8755098,7.293799993931316
3,447,completed,90185.9023355,90185.9048262,90185.9062204,3.884899997501634
1,447,completed,90185.9023779,90185.9049338,90185.9071109,4.733000008855015
4,447,completed,90185.902309,90185.9048582,90185.9081523,5.843300008564256
2,447,completed,90185.9023077,90185.9048609,90185.9091515,6.843800001661293
0,447,completed,90185.9024247,90185.9050556,90185.9102182,7.793500000843778
5,447,completed,90185.9024922,90185.9051131,90185.9111818,8.689599999343045
0,448,completed,90185.9370546,90185.9393822,90185.9402736,3.2190000056289136
3,448,completed,90185.9370062,90185.939313,90185.9409878,3.9816000062273815
2,448,completed,90185.9370839,90185.9394661,90185.9416333,4.549399993265979
5,448,completed,90185.9370063,90185.939467,90185.9425839,5.5776000081095845
4,448,completed,90185.9371426,90185.9395277,90185.9435451,6.402500002877787
1,448,completed,90185.937226,90185.9395905,90185.9443312,7.105199998477474
3,449,completed,90185.9647438,90185.9654427,90185.9663752,1.6314000095007941
5,449,completed,90185.9716958,90185.973773,90185.9746371,2.9412999865598977
0,449,completed,90185.9717406,90185.9736778,90185.975274,3.5333999985596165
2,449,completed,90185.971769,90185.9738802,90185.9758868,4.117800010135397
4,449,completed,90185.9717887,90185.9738701,90185.9766729,4.884199996013194
1,449,completed,90185.9718783,90185.9738859,90185.977302,5.423700000392273
2,450,completed,90185.9995874,90186.002247,90186.0034266,3.8391999987652525
3,450,completed,90185.9995731,90186.0022798,90186.0041856,4.612500008079223
5,450,completed,90185.9996556,90186.0024877,90186.0052019,5.546300002606586
1,450,completed,90185.9997522,90186.0024738,90186.0059559,6.203699987963773
0,450,completed,90185.9998294,90186.0025929,90186.00677,6.94060001114849
4,450,completed,90185.9996182,90186.0026209,90186.0077787,8.160500001395121
3,451,completed,90186.0410824,90186.0431334,90186.0440392,2.9568000027211383
5,451,completed,90186.041082,90186.0430884,90186.0447595,3.677500004414469
2,451,completed,90186.0412432,90186.0433861,90186.0452612,4.017999992356636
4,451,completed,90186.0413104,90186.0434219,90186.0458743,4.563900001812726
0,451,completed,90186.0411379,90186.0434956,90186.0463675,5.229600006714463
1,451,completed,90186.0411631,90186.0435109,90186.046827,5.663899995852262
5,452,completed,90186.0774212,90186.0796088,90186.0806931,3.2719000009819865
3,452,completed,90186.0775688,90186.0797717,90186.0814123,3.8435000024037436
2,452,completed,90186.077425,90186.0798751,90186.0820248,4.599799998686649
4,452,completed,90186.0774543,90186.07988,90186.0829894,5.535100004635751
0,452,completed,90186.077489,90186.0799163,90186.0842389,6.749899999704212
1,452,completed,90186.0776687,90186.0799734,90186.0866527,8.984000000054948
4,453,completed,90186.1038829,90186.1065994,90186.1074677,3.5847999970428646
2,453,completed,90186.104058,90186.1066544,90186.1080516,3.9935999957378954
3,453,completed,90186.103855,90186.1066785,90186.1086606,4.805600008694455
1,453,completed,90186.1038036,90186.1066639,90186.1091888,5.385199998272583
5,453,completed,90186.1039767,90186.1066794,90186.1099073,5.930599989369512
0,453,completed,90186.1037979,90186.1065245,90186.1107157,6.917799997609109
5,454,completed,90186.1410022,90186.1427624,90186.143747,2.744799989159219
3,454,completed,90186.1411655,90186.1430337,90186.1442436,3.0781000095885247
4,454,completed,90186.1410135,90186.1430236,90186.1449492,3.935699991416186
0,454,completed,90186.1410408,90186.1430863,90186.1455544,4.513600011705421
1,454,completed,90186.1410659,90186.1431396,90186.1461142,5.048300008638762
2,454,completed,90186.1412961,90186.1431705,90186.1466591,5.363000003853813
2,455,completed,90186.1670234,90186.1698856,90186.1706802,3.6567999923136085
1,455,completed,90186.1670222,90186.1699714,90186.1712653,4.2431000038050115
0,455,completed,90186.1670535,90186.1699652,90186.1717624,4.708899999968708
3,455,completed,90186.1671563,90186.1699835,90186.1722798,5.123499999172054
4,455,completed,90186.1671138,90186.1700113,90186.1731403,6.02650000655558
5,455,completed,90186.1673192,90186.1700221,90186.1740373,6.718100004945882
2,456,completed,90186.2010814,90186.20298,90186.2036278,2.5464000063948333
5,456,completed,90186.2009843,90186.2029009,90186.2043176,3.333300002850592
0,456,completed,90186.2010384,90186.2030173,90186.2047749,3.7365000025602058
4,456,completed,90186.2009853,90186.2030327,90186.2053542,4.368900001281872
1,456,completed,90186.201246,90186.2031468,90186.205786,4.540000009001233
3,456,completed,90186.2012261,90186.2031926,90186.2062077,4.981599995517172
2,457,completed,90186.2357275,90186.2376554,90186.2383305,2.603000000817701
1,457,completed,90186.2356723,90186.2377101,90186.2388257,3.1534000008832663
0,457,completed,90186.2355706,90186.2376681,90186.2392815,3.7109000113559887
4,457,completed,90186.2356051,90186.2376911,90186.2398714,4.266300005838275
3,457,completed,90186.2355438,90186.2376022,90186.2403043,4.760499999974854
5,457,completed,90186.2356678,90186.2376558,90186.2408879,5.220099992584437
1,458,completed,90186.2701387,90186.2721116,90186.2728429,2.704200000152923
5,458,completed,90186.2705053,90186.2723435,90186.2734557,2.9503999976441264
3,458,completed,90186.2701493,90186.272125,90186.2738897,3.740399988600984
2,458,completed,90186.2703279,90186.2723553,90186.2743435,4.015600003185682
0,458,completed,90186.2702157,90186.2722962,90186.2747978,4.582099994877353
4,458,completed,90186.2702559,90186.2723096,90186.2753972,5.141300003742799
1,459,completed,90186.3048397,90186.3066817,90186.3074979,2.6581999991321936
3,459,completed,90186.3048674,90186.306751,90186.3080762,3.2088000007206574
4,459,completed,90186.3048166,90186.3068441,90186.3087157,3.8991000037640333
2,459,completed,90186.305008,90186.306985,90186.3091448,4.136800009291619
0,459,completed,90186.3049119,90186.3069693,90186.3096331,4.721199991763569
5,459,completed,90186.3050411,90186.3070341,90186.3101643,5.123199996887706
4,460,completed,90186.3328624,90186.3341109,90186.3349669,2.104500003042631
5,460,completed,90186.3328908,90186.334216,90186.3354919,2.601100000902079
0,460,completed,90186.3329054,90186.3342163,90186.3360306,3.1251999898813665
2,460,completed,90186.3329378,90186.3343251,90186.3365312,3.5933999897679314
3,460,completed,90186.3395813,90186.3402287,90186.3407828,1.2015000102110207
1,460,completed,90186.3395891,90186.3402351,90186.341299,1.7099000106099993
4,461,completed,90186.3673906,90186.3692282,90186.3702029,2.8122999938204885
3,461,completed,90186.3675302,90186.3694645,90186.3707079,3.1776999967405573
0,461,completed,90186.3674053,90186.3695032,90186.3711458,3.740500003914349
2,461,completed,90186.3673682,90186.3694641,90186.3715952,4.227000012178905
1,461,completed,90186.3674843,90186.3695697,90186.3720633,4.579000000376254
5,461,completed,90186.3675754,90186.3696281,90186.3727025,5.1270999974804
4,462,completed,90186.4020686,90186.4038296,90186.4048251,2.7565000054892153
5,462,completed,90186.4021051,90186.4041124,90186.4054327,3.3276000031037256
1,462,completed,90186.4022251,90186.4040718,90186.4058591,3.6340000078780577
0,462,completed,90186.402123,90186.404121,90186.4063577,4.234699998050928
2,462,completed,90186.4022877,90186.404229,90186.406944,4.656300006899983
3,462,completed,90186.4023851,90186.4042752,90186.4074714,5.086300006951205
0,463,completed,90186.4368042,90186.4385108,90186.4394254,2.6212000084342435
5,463,completed,90186.4368519,90186.4388725,90186.4400642,3.2122999982675537
3,463,completed,90186.4369709,90186.4389775,90186.4405442,3.573299996787682
1,463,completed,90186.4368989,90186.4389349,90186.4409852,4.086299988557585
4,463,completed,90186.4370622,90186.4389548,90186.4414475,4.385299995192327
2,463,completed,90186.4371363,90186.4390196,90186.4419341,4.797800007509068
3,464,completed,90186.4716077,90186.4734731,90186.4742824,2.674699993804097
2,464,completed,90186.4716017,90186.4737007,90186.4748076,3.205899993190542
4,464,completed,90186.4717294,90186.4736976,90186.4752931,3.563699996448122
5,464,completed,90186.4716425,90186.473735,90186.4758858,4.24330000532791
1,464,completed,90186.4718772,90186.4738652,90186.4763294,4.4521999952849
0,464,completed,90186.4718008,90186.4738517,90186.4768111,5.010299995774403
1,465,completed,90186.4995312,90186.5018568,90186.502569,3.0378000083146617
0,465,completed,90186.4994558,90186.5018451,90186.5031195,3.663700001197867
5,465,completed,90186.4994741,90186.5017718,90186.5036686,4.194499997538514
3,465,completed,90186.4997803,90186.5019977,90186.5041374,4.357099998742342
2,465,completed,90186.4995857,90186.5019955,90186.5045986,5.012900001020171
4,465,completed,90186.499653,90186.5020363,90186.505099,5.4459999955724925
4,466,completed,90186.5410604,90186.5430768,90186.54383,2.7695999888237566
3,466,completed,90186.5410686,90186.5430929,90186.5443799,3.3113000099547207
5,466,completed,90186.5411035,90186.5431692,90186.5448372,3.7336999957915395
2,466,completed,90186.5413189,90186.5432721,90186.5453013,3.982399997767061
0,466,completed,90186.5412198,90186.5433115,90186.5457607,4.5409000013023615
1,466,completed,90186.541161,90186.5433268,90186.5462103,5.04930000170134
5,467,completed,90186.5692523,90186.5712419,90186.5718752,2.6228999922750518
0,467,completed,90186.5691269,90186.5712967,90186.5723967,3.2697999995434657
2,467,completed,90186.5690482,90186.571301,90186.5728743,3.826100000878796
3,467,completed,90186.5692748,90186.5712536,90186.5733268,4.052000003866851
4,467,completed,90186.5690483,90186.5713084,90186.5738144,4.7660999989602715
1,467,completed,90186.5691021,90186.5713034,90186.5743312,5.2291000029072165
3,468,completed,90186.603482,90186.6054561,90186.6061909,2.7088999922852963
2,468,completed,90186.6035553,90186.6056164,90186.6067099,3.1546000100206584
4,468,completed,90186.6035298,90186.6053744,90186.6071813,3.6514999956125394
5,468,completed,90186.6036928,90186.6055588,90186.6076418,3.9490000053774565
1,468,completed,90186.6035727,90186.6056538,90186.6081025,4.5298000040929765
0,468,completed,90186.6037368,90186.6056643,90186.6085799,4.843100003199652
2,469,completed,90186.6379229,90186.6399356,90186.6405462,2.623299995320849
0,469,completed,90186.6378646,90186.6398505,90186.6410535,3.188900009263307
1,469,completed,90186.6378726,90186.6398358,90186.641572,3.699399996548891
5,469,completed,90186.6379999,90186.640002,90186.6420303,4.030399999464862
4,469,completed,90186.6381362,90186.6400752,90186.6424901,4.353900003479794
3,469,completed,90186.6380668,90186.6400709,90186.6429522,4.885399990598671
3,470,completed,90186.6659619,90186.6676513,90186.6685859,2.6240000006509945
2,470,completed,90186.6659921,90186.6680272,90186.6690744,3.082299997913651
1,470,completed,90186.666029,90186.668042,90186.6695325,3.5035000037169084
5,470,completed,90186.6661629,90186.6680784,90186.6699832,3.82030000037048
0,470,completed,90186.66609,90186.6681551,90186.6704596,4.369600006612018
4,470,completed,90186.6662542,90186.6681921,90186.6709606,4.706399995484389
1,471,completed,90186.7006446,90186.7022899,90186.7032073,2.562699999543838
0,471,completed,90186.7007935,90186.7026639,90186.7037008,2.9073000041535124
4,471,completed,90186.7007067,90186.7026969,90186.7041486,3.441900000325404
2,471,completed,90186.7006881,90186.7026817,90186.7046087,3.9206000074045733
3,471,completed,90186.7009076,90186.7028022,90186.7050496,4.142000005231239
5,471,completed,90186.7009739,90186.7028099,90186.7054894,4.515499997069128
0,472,completed,90186.7355277,90186.7373798,90186.7381947,2.666999993380159
3,472,completed,90186.7355115,90186.7375694,90186.7387086,3.1970999989425763
1,472,completed,90186.7355592,90186.7376344,90186.7391608,3.6016000085510314
2,472,completed,90186.735773,90186.7376732,90186.739648,3.875000009429641
4,472,completed,90186.7356895,90186.7377,90186.7401275,4.438000003574416
5,472,completed,90186.7356346,90186.7376945,90186.7406026,4.967999993823469
2,473,completed,90186.7702055,90186.7722932,90186.7730512,2.845700000762008
3,473,completed,90186.7702538,90186.7723234,90186.7735587,3.304900004877709
5,473,completed,90186.7705104,90186.7724808,90186.7740395,3.5290999949211255
1,473,completed,90186.770343,90186.7724311,90186.7745521,4.209100006846711
0,473,completed,90186.7704481,90186.772566,90186.7750342,4.586100010783412
4,473,completed,90186.7705958,90186.7725868,90186.7754935,4.897699996945448
0,474,completed,90186.7979015,90186.7985695,90186.7991777,1.2761999969370663
4,474,completed,90186.7979014,90186.7986136,90186.7996948,1.7934000061359257
2,474,completed,90186.8047708,90186.8059191,90186.8066112,1.8404000002192333
3,474,completed,90186.8048312,90186.8060436,90186.8071051,2.2738999978173524
1,474,completed,90186.8047995,90186.8060985,90186.8075579,2.7584000054048374
5,474,completed,90186.8048851,90186.8062177,90186.8080204,3.1352999940281734
3,475,completed,90186.8327565,90186.8346323,90186.8353802,2.6236999983666465
4,475,completed,90186.8328012,90186.8347936,90186.8358741,3.0728999990969896
5,475,completed,90186.8328843,90186.8348716,90186.8363198,3.4354999952483922
0,475,completed,90186.8327781,90186.8348215,90186.8367732,3.9951000071596354
2,475,completed,90186.8329844,90186.8349025,90186.8372192,4.2347999988123775
1,475,completed,90186.8328329,90186.8349175,90186.8376726,4.83969999186229
3,476,completed,90186.8673588,90186.8692089,90186.8700143,2.655500007676892
1,476,completed,90186.867378,90186.8693864,90186.8705268,3.1488000095123425
2,476,completed,90186.8674216,90186.869487,90186.8709844,3.562799989595078
4,476,completed,90186.8674449,90186.8695003,90186.8714789,4.033999997773208
0,476,completed,90186.8675386,90186.8695339,90186.8719508,4.4122000108473
5,476,completed,90186.8676294,90186.8695638,90186.8724066,4.7771999961696565
2,477,completed,90186.9021642,90186.9041581,90186.9047775,2.613300006487407
4,477,completed,90186.9021489,90186.9040825,90186.9052653,3.116399995633401
5,477,completed,90186.902337,90186.9042734,90186.9057176,3.380599999218248
3,477,completed,90186.9021097,90186.904246,90186.9061777,4.068000009283423
0,477,completed,90186.9022724,90186.9042585,90186.9066812,4.408799999509938
1,477,completed,90186.9021097,90186.9043107,90186.9071515,5.041800002800301
4,478,completed,90186.9369191,90186.9389316,90186.9396128,2.693699992960319
5,478,completed,90186.9369611,90186.9390169,90186.9401166,3.155500002321787
0,478,completed,90186.9368679,90186.939028,90186.9405582,3.6903000000165775
1,478,completed,90186.9368414,90186.9389628,90186.9410006,4.159199990681373
3,478,completed,90186.9369884,90186.9390766,90186.9414681,4.4797000009566545
2,478,completed,90186.9370713,90186.9390726,90186.9419243,4.85300000582356
2,479,completed,90186.9716037,90186.9735946,90186.9744738,2.8700999973807484
1,479,completed,90186.9718096,90186.973913,90186.975007,3.1974000012269244
0,479,completed,90186.9716556,90186.9739302,90186.9754811,3.8254999963101
3,479,completed,90186.9716308,90186.9739819,90186.9759281,4.2972999945050105
5,479,completed,90186.9717396,90186.9740549,90186.9763953,4.655699987779371
4,479,completed,90186.9716798,90186.9740121,90186.9768419,5.162100002053194
3,480,completed,90186.9995914,90187.0018154,90187.0025009,2.9094999918015674
2,480,completed,90186.999733,90187.0018457,90187.0031058,3.3727999980328605
1,480,completed,90186.9996595,90187.0017727,90187.0035966,3.937100002076477
5,480,completed,90186.9995611,90187.0017743,90187.0040765,4.5153999963076785
0,480,completed,90186.9996034,90187.0018969,90187.004525,4.921599989756942
4,480,completed,90186.9998905,90187.0020029,90187.0050198,5.12929999968037
4,481,completed,90187.0340786,90187.0358015,90187.0366879,2.6093000051332638
0,481,completed,90187.0341066,90187.0359385,90187.0371804,3.0738000059500337
2,481,completed,90187.0341469,90187.0362571,90187.0376391,3.4922000049846247
5,481,completed,90187.0341633,90187.0362575,90187.0380889,3.925599987269379
1,481,completed,90187.0342512,90187.036298,90187.0385552,4.303999987314455
3,481,completed,90187.0342186,90187.0362685,90187.0390393,4.820699992706068
5,482,completed,90187.0689014,90187.0709007,90187.0717265,2.825100003974512
0,482,completed,90187.0688708,90187.0710561,90187.0722511,3.380300011485815
4,482,completed,90187.0691195,90187.0711242,90187.0727237,3.6041999992448837
3,482,completed,90187.0689619,90187.0711586,90187.0731838,4.22190000244882
2,482,completed,90187.068976,90187.071232,90187.0736374,4.661400002078153
1,482,completed,90187.0690507,90187.0712307,90187.0740722,5.021500008297153
0,483,completed,90187.1104639,90187.1127776,90187.1135983,3.1344000017270446
5,483,completed,90187.1107646,90187.1129692,90187.1141145,3.349899998283945
3,483,completed,90187.1106101,90187.1130522,90187.114567,3.956899992772378
4,483,completed,90187.110488,90187.1130522,90187.1150179,4.529899990302511
1,483,completed,90187.1105059,90187.1130476,90187.1155108,5.004899998311885
2,483,completed,90187.1105769,90187.1130433,90187.1160152,5.4382999951485544
5,484,completed,90187.1384273,90187.1403593,90187.1412515,2.824199997121468
3,484,completed,90187.1386076,90187.1406054,90187.1417912,3.1835999980103225
2,484,completed,90187.1384184,90187.1406211,90187.1422676,3.849199987598695
0,484,completed,90187.1384183,90187.140672,90187.1426991,4.280799999833107
1,484,completed,90187.1385274,90187.1407005,90187.1431594,4.6319999964907765
4,484,completed,90187.1384986,90187.1406843,90187.143698,5.199399995035492
0,485,completed,90187.1730552,90187.1753055,90187.1759787,2.923500011092983
5,485,completed,90187.1730776,90187.1752627,90187.1764934,3.415799990762025
1,485,completed,90187.1729288,90187.1752908,90187.1769679,4.039099992951378
4,485,completed,90187.1730658,90187.1753838,90187.1774342,4.368399997474626
3,485,completed,90187.1733956,90187.1754511,90187.1778858,4.490200008149259
2,485,completed,90187.17334,90187.1755042,90187.1783309,4.990900008124299
4,486,completed,90187.2005821,90187.2023602,90187.2032437,2.6615999959176406
2,486,completed,90187.2006646,90187.2026953,90187.2037548,3.090199999860488
1,486,completed,90187.2007876,90187.2027501,90187.204215,3.427400006330572
3,486,completed,90187.2006011,90187.2027461,90187.2047085,4.107399989152327
0,486,completed,90187.20085,90187.2027874,90187.2052164,4.366400011349469
5,486,completed,90187.2006928,90187.2028133,90187.2056575,4.964699997799471
3,487,completed,90187.235458,90187.2372361,90187.2380922,2.6342000055592507
0,487,completed,90187.2355545,90187.2374244,90187.2385731,3.018599993083626
5,487,completed,90187.2355036,90187.2375377,90187.2390258,3.522200000588782
2,487,completed,90187.2355801,90187.2376234,90187.23947,3.8899000064702705
1,487,completed,90187.23565,90187.2376563,90187.239949,4.298999992897734
4,487,completed,90187.2357302,90187.2376805,90187.2404394,4.709200002253056
1,488,completed,90187.2701367,90187.2721475,90187.2727991,2.6624000020092353
5,488,completed,90187.2702374,90187.2721575,90187.2733418,3.104400006122887
4,488,completed,90187.2701203,90187.2721561,90187.2738035,3.6831999896094203
2,488,completed,90187.2701808,90187.2722237,90187.2742494,4.068599999300204
0,488,completed,90187.2703201,90187.2722135,90187.274713,4.3929000094067305
3,488,completed,90187.2704616,90187.2723075,90187.2751739,4.712299996754155
4,489,completed,90187.2979191,90187.2998788,90187.3007494,2.830299999914132
2,489,completed,90187.2979415,90187.3000305,90187.3012703,3.3287999976892024
3,489,completed,90187.2980248,90187.300164,90187.3017359,3.711099998326972
5,489,completed,90187.2980495,90187.3001822,90187.3022067,4.157200004556216
0,489,completed,90187.2979919,90187.3001574,90187.3026658,4.673899995395914
1,489,completed,90187.298161,90187.300196,90187.3031153,4.954300005920231
0,490,completed,90187.332611,90187.334392,90187.3352835,2.672499991604127
4,490,completed,90187.3327065,90187.3346161,90187.3358087,3.1021999893710017
2,490,completed,90187.3325953,90187.334653,90187.3362812,3.685899995616637
5,490,completed,90187.3327938,90187.3348332,90187.3367227,3.928899997845292
1,490,completed,90187.3326416,90187.3348442,90187.3371721,4.530499994871207
3,490,completed,90187.3328294,90187.334836,90187.3376634,4.834000006667338
5,491,completed,90187.3675663,90187.3693075,90187.3702442,2.6779000036185607
4,491,completed,90187.3675672,90187.3693577,90187.3708027,3.235500000300817
3,491,completed,90187.3677734,90187.3696382,90187.37127,3.496600009384565
2,491,completed,90187.3676221,90187.3696275,90187.3717142,4.0920999890659004
1,491,completed,90187.3676747,90187.3696966,90187.3722088,4.5341000077314675
0,491,completed,90187.3678061,90187.369723,90187.3727023,4.896200000075623
2,492,completed,90187.409128,90187.4109633,90187.4117429,2.614900004118681
5,492,completed,90187.4091623,90187.4112014,90187.412429,3.2667000050423667
3,492,completed,90187.4093403,90187.4111975,90187.4129061,3.565799997886643
4,492,completed,90187.4090843,90187.4111329,90187.4133655,4.281200002878904
1,492,completed,90187.4091925,90187.4112185,90187.4138161,4.623600005288608
0,492,completed,90187.4094539,90187.4112858,90187.4142585,4.804599986528046
4,493,completed,90187.436733,90187.4385541,90187.4392867,2.553700003772974
5,493,completed,90187.4367646,90187.4386591,90187.4398037,3.039100003661588
1,493,completed,90187.4369515,90187.4387711,90187.4402927,3.341200004797429
3,493,completed,90187.4367898,90187.4387886,90187.4407404,3.9505999884568155
2,493,completed,90187.4368115,90187.4387826,90187.4412168,4.405300001963042
0,493,completed,90187.4369923,90187.438854,90187.4416965,4.704199993284419
5,494,completed,90187.471855,90187.4739344,90187.4746519,2.7969000075245276
4,494,completed,90187.4719079,90187.473983,90187.4751738,3.265899998950772
2,494,completed,90187.4718236,90187.4738311,90187.4756675,3.8438999908976257
0,494,completed,90187.4720854,90187.4740464,90187.4761317,4.04629998956807
3,494,completed,90187.4719556,90187.4741167,90187.4765924,4.636799989384599
1,494,completed,90187.472027,90187.4741307,90187.4770198,4.9928000080399215
5,495,completed,90187.4989807,90187.5001638,90187.5010204,2.0397000043885782
4,495,completed,90187.4989677,90187.500214,90187.5016275,2.659799996763468
0,495,completed,90187.4993496,90187.5005985,90187.502134,2.784399999654852
2,495,completed,90187.4993201,90187.5005853,90187.5025928,3.272699992521666
1,495,completed,90187.5132494,90187.5144764,90187.5150771,1.8277000053785741
3,495,completed,90187.5132501,90187.5144885,90187.5157087,2.4585999926785007
4,496,completed,90187.5340186,90187.5359289,90187.5366656,2.6470000011613593
2,496,completed,90187.5339625,90187.5359184,90187.5372587,3.2961999968392774
0,496,completed,90187.5340447,90187.536036,90187.5377609,3.7161999935051426
1,496,completed,90187.533944,90187.5359622,90187.5382645,4.320500011090189
3,496,completed,90187.5342062,90187.5361331,90187.5387891,4.582900000968948
5,496,completed,90187.5341387,90187.5361487,90187.5392602,5.121500013046898
3,497,completed,90187.5756659,90187.5776626,90187.578436,2.7700999926310033
5,497,completed,90187.5757635,90187.5778261,90187.5790221,3.2586000015726313
4,497,completed,90187.5756372,90187.5777724,90187.5794852,3.847999993013218
0,497,completed,90187.5758408,90187.5778764,90187.5799562,4.1154000064125285
2,497,completed,90187.5757152,90187.577826,90187.5805683,4.853100006585009
1,497,completed,90187.5758711,90187.5778759,90187.5811354,5.264300009002909
2,498,completed,90187.6035339,90187.6056138,90187.606473,2.939100013463758
3,498,completed,90187.6036411,90187.6058374,90187.6070667,3.4256000071763992
4,498,completed,90187.6035887,90187.6058415,90187.6075607,3.971999991335906
5,498,completed,90187.6036792,90187.6058726,90187.6081848,4.505600008997135
1,498,completed,90187.6038134,90187.606022,90187.6087172,4.903799999738112
0,498,completed,90187.6038718,90187.6060406,90187.6092273,5.355499990400858
1,499,completed,90187.6311533,90187.6329583,90187.6338035,2.6501999964239076
0,499,completed,90187.6311312,90187.6330106,90187.6343279,3.196699995896779
5,499,completed,90187.631183,90187.6332278,90187.6350264,3.8434000016422942
2,499,completed,90187.6312828,90187.6333379,90187.6355577,4.274900013115257
3,499,completed,90187.6313987,90187.6333537,90187.6361176,4.718900003354065
4,499,completed,90187.6313025,90187.6333534,90187.6366104,5.30790000630077
0,500,completed,90187.6660226,90187.6681359,90187.6688563,2.8337000112514943
4,500,completed,90187.6660649,90187.6682091,90187.6693544,3.289500004029833
3,500,completed,90187.6660785,90187.6682414,90187.669817,3.7385000032372773
2,500,completed,90187.6661991,90187.6682871,90187.6702554,4.056299992953427
5,500,completed,90187.6663512,90187.668324,90187.6708888,4.537600005278364
1,500,completed,90187.6664574,90187.6683584,90187.671371,4.913600001600571
5,501,completed,90187.7007786,90187.7028795,90187.7037524,2.9738000012002885
3,501,completed,90187.7008706,90187.7030353,90187.7043993,3.528699991875328
1,501,completed,90187.7007882,90187.7031256,90187.7049085,4.1203000000678
4,501,completed,90187.7009702,90187.7031153,90187.7053961,4.425899998750538
0,501,completed,90187.7009072,90187.7030767,90187.705858,4.950800008373335
2,501,completed,90187.7008139,90187.7031624,90187.7063117,5.497800011653453
0,502,completed,90187.7354153,90187.7373719,90187.73819,2.7746999985538423
1,502,completed,90187.7354351,90187.7373688,90187.738765,3.329900006065145
5,502,completed,90187.7355983,90187.7375151,90187.7393152,3.716899998835288
3,502,completed,90187.7355972,90187.7375436,90187.7398475,4.250300000421703
4,502,completed,90187.7355344,90187.7376013,90187.7403504,4.816000000573695
2,502,completed,90187.7355122,90187.7376826,90187.7408579,5.345700003090315
2,503,completed,90187.7701764,90187.7721349,90187.772823,2.646600012667477
4,503,completed,90187.770163,90187.7720884,90187.7733366,3.17360000917688
3,503,completed,90187.7701907,90187.7721667,90187.7738139,3.6231999984011054
1,503,completed,90187.7703712,90187.7722998,90187.774276,3.9048000035109
5,503,completed,90187.770245,90187.772352,90187.7747434,4.498399997828528
0,503,completed,90187.7702912,90187.7723677,90187.775296,5.004800012102351
5,504,completed,90187.7978512,90187.7996176,90187.8005278,2.6766000082716346
3,504,completed,90187.7978935,90187.7998014,90187.8011032,3.2097000075737014
1,504,completed,90187.7980461,90187.7999889,90187.8015642,3.5180999984731898
0,504,completed,90187.7980937,90187.8000341,90187.8020412,3.9475000085076317
2,504,completed,90187.7979275,90187.8000522,90187.8024905,4.5630000095115975
4,504,completed,90187.7979579,90187.8000783,90187.8029381,4.980199999408796
0,505,completed,90187.8326676,90187.8340498,90187.8347403,2.0726999937323853
2,505,completed,90187.8327619,90187.8341165,90187.8353313,2.569399992353283
4,505,completed,90187.8327406,90187.83411,90187.8358261,3.0854999931761995
1,505,completed,90187.8326552,90187.8340891,90187.8363164,3.661199996713549
3,505,completed,90187.8396101,90187.8403735,90187.8410089,1.3987999991513789
5,505,completed,90187.8396015,90187.8403715,90187.8416053,2.0037999929627404
0,506,completed,90187.867309,90187.8689779,90187.8700259,2.7169000095454976
3,506,completed,90187.8674362,90187.869376,90187.8705423,3.1061000045156106
1,506,completed,90187.8673697,90187.869417,90187.8710689,3.6991999950259924
4,506,completed,90187.8673505,90187.8693521,90187.8715629,4.212400002870709
5,506,completed,90187.8675847,90187.8695221,90187.8720713,4.486599995288998
2,506,completed,90187.8675078,90187.8695341,90187.872606,5.098200010252185
4,507,completed,90187.9020583,90187.903935,90187.9046993,2.6409999991301447
3,507,completed,90187.9020808,90187.9039538,90187.9052665,3.1856999994488433
1,507,completed,90187.9021138,90187.9040089,90187.9058172,3.703399997903034
0,507,completed,90187.902179,90187.9041116,90187.9063332,4.154199996264651
2,507,completed,90187.9023566,90187.9042269,90187.906846,4.489400002057664
5,507,completed,90187.902312,90187.9042651,90187.907318,5.005999992135912
5,508,completed,90187.9367496,90187.9386145,90187.9393764,2.6267999928677455
4,508,completed,90187.9367163,90187.9386667,90187.9398918,3.175499994540587
2,508,completed,90187.9367687,90187.9387454,90187.9403833,3.6145999911241233
0,508,completed,90187.9368974,90187.9388159,90187.9408484,3.951000006054528
1,508,completed,90187.9369884,90187.9388419,90187.9413215,4.333099990617484
3,508,completed,90187.9368035,90187.9389139,90187.9417926,4.9891000089701265
2,509,completed,90187.9715285,90187.9736563,90187.97451,2.9815000016242266
0,509,completed,90187.9715478,90187.9738455,90187.9751483,3.6005000001750886
4,509,completed,90187.9717286,90187.9738639,90187.975723,3.99440000182949
3,509,completed,90187.9715157,90187.9735206,90187.9762428,4.727099993033335
5,509,completed,90187.9717904,90187.9739027,90187.9767423,4.9519000021973625
1,509,completed,90187.9715791,90187.9739376,90187.9772204,5.641299998387694
3,510,completed,90187.999258,90188.0011385,90188.0019039,2.6459000073373318
0,510,completed,90187.9993725,90188.0013385,90188.0024064,3.033900007721968
1,510,completed,90187.9993389,90188.0013427,90188.0028633,3.5244000027887523
4,510,completed,90187.9992734,90188.0013235,90188.0032569,3.9835000061430037
5,510,completed,90187.9992387,90188.001369,90188.0037887,4.55000001238659
2,510,completed,90187.9994483,90188.0014338,90188.004343,4.894699988653883
3,511,completed,90188.0341314,90188.0358287,90188.0366758,2.544400005717762
4,511,completed,90188.0342377,90188.0360525,90188.0372637,3.025999991223216
2,511,completed,90188.03413,90188.0360475,90188.0377445,3.6145000049145892
0,511,completed,90188.0341862,90188.0361267,90188.0382717,4.085499997017905
5,511,completed,90188.0343061,90188.0361987,90188.0388146,4.508500001975335
1,511,completed,90188.0343466,90188.0362918,90188.0393144,4.96779999230057
0,512,completed,90188.0686808,90188.0704715,90188.0713631,2.682299993466586
2,512,completed,90188.0686718,90188.0707268,90188.0718572,3.1853999971644953
3,512,completed,90188.0687315,90188.0707541,90188.0723303,3.598800001782365
1,512,completed,90188.0688213,90188.0708572,90188.0727611,3.9398000080836937
4,512,completed,90188.0687564,90188.070888,90188.073199,4.442600009497255
5,512,completed,90188.0688712,90188.0708814,90188.0736407,4.7694999957457185
4,513,completed,90188.1033727,90188.1051918,90188.1063721,2.9993999924045056
5,513,completed,90188.1040736,90188.1059355,90188.1069135,2.8399000002536923
2,513,completed,90188.1039598,90188.105937,90188.1074027,3.4428999933879822
3,513,completed,90188.1039449,90188.105919,90188.1078657,3.920800008927472
1,513,completed,90188.1040201,90188.1058957,90188.1083609,4.340800005593337
0,513,completed,90188.1041532,90188.10597,90188.1088123,4.659099999116734
4,514,completed,90188.1312262,90188.1330008,90188.1337971,2.570900003775023
2,514,completed,90188.131262,90188.1331436,90188.1343324,3.0704000091645867
0,514,completed,90188.1312092,90188.133175,90188.1348727,3.6634999996749684
5,514,completed,90188.1313152,90188.1332744,90188.1353959,4.080700004124083
1,514,completed,90188.1313933,90188.1333497,90188.1358931,4.499799993936904
3,514,completed,90188.1314398,90188.1333588,90188.1363882,4.948400004650466
1,515,completed,90188.1656064,90188.1674689,90188.1683002,2.6938000082736835
0,515,completed,90188.1655637,90188.1675149,90188.168852,3.288300009444356
2,515,completed,90188.1656505,90188.1677189,90188.1693899,3.739399995538406
5,515,completed,90188.1657282,90188.1677337,90188.1699436,4.215400011162274
3,515,completed,90188.1657679,90188.1678391,90188.1704844,4.716499999631196
4,515,completed,90188.1659204,90188.167878,90188.1710172,5.0967999995918944
1,516,completed,90188.2007099,90188.2027687,90188.2035044,2.7944999892497435
2,516,completed,90188.2007829,90188.2028012,90188.2040997,3.3167999936267734
4,516,completed,90188.2007113,90188.2027797,90188.204634,3.922699994291179
0,516,completed,90188.2008021,90188.2028513,90188.2051596,4.357500001788139
3,516,completed,90188.2008816,90188.2028908,90188.2056861,4.804500000318512
5,516,completed,90188.2008549,90188.2028951,90188.206202,5.34709999919869
3,517,completed,90188.2353391,90188.2370142,90188.2379518,2.6126999873667955
5,517,completed,90188.2354099,90188.237299,90188.2384495,3.0396000074688345
4,517,completed,90188.2355187,90188.2374073,90188.2388964,3.3776999916881323
1,517,completed,90188.2354397,90188.237448,90188.2393539,3.9142000023275614
2,517,completed,90188.2356897,90188.2374867,90188.2397823,4.092600007425062
0,517,completed,90188.235565,90188.2375399,90188.2401677,4.6027000062167645
5,518,completed,90188.2702623,90188.2721142,90188.2729283,2.666000000317581
3,518,completed,90188.2703813,90188.2723013,90188.2734163,3.0350000015459955
4,518,completed,90188.2703039,90188.2723591,90188.2739174,3.613499997300096
1,518,completed,90188.2702422,90188.2723915,90188.2744328,4.190599996945821
0,518,completed,90188.2705009,90188.2724951,90188.274916,4.415099989273585
2,518,completed,90188.2703318,90188.2725259,90188.2753693,5.03749999916181
5,519,completed,90188.2975158,90188.2979825,90188.2986361,1.1202999885426834
1,519,completed,90188.311875,90188.313899,90188.3146593,2.7842999988934025
3,519,completed,90188.3119463,90188.3139699,90188.3151927,3.2463999959873036
0,519,completed,90188.3120486,90188.3140301,90188.3156948,3.64619999891147
4,519,completed,90188.3119056,90188.3140347,90188.3161517,4.246099997544661
2,519,completed,90188.3125216,90188.3141356,90188.3166133,4.091700000572018
2,520,completed,90188.3325951,90188.3348669,90188.3356618,3.0666999955428764
3,520,completed,90188.3326307,90188.3350333,90188.3361878,3.5571000044001266
5,520,completed,90188.3327778,90188.3351226,90188.3366965,3.918700007488951
1,520,completed,90188.3326819,90188.3351126,90188.3371486,4.466699989279732
0,520,completed,90188.3327472,90188.3351412,90188.3376043,4.857100007939152
4,520,completed,90188.3328856,90188.3351459,90188.3380482,5.16260000586044
5,521,completed,90188.367373,90188.3693569,90188.3699321,2.5591000012354925
3,521,completed,90188.3673431,90188.369327,90188.3704157,3.0725999968126416
1,521,completed,90188.3672824,90188.3692999,90188.370867,3.584600010071881
0,521,completed,90188.3673091,90188.3692702,90188.3713138,4.004700007499196
2,521,completed,90188.3674815,90188.3694162,90188.3717463,4.26480000896845
4,521,completed,90188.367445,90188.3694156,90188.372171,4.725999999209307
3,522,completed,90188.4016811,90188.4034523,90188.4044056,2.724499994656071
0,522,completed,90188.4017254,90188.4035509,90188.4049853,3.2598999969195575
4,522,completed,90188.4017018,90188.4036964,90188.4054453,3.7434999976539984
5,522,completed,90188.4018499,90188.403918,90188.4059031,4.053200013004243
1,522,completed,90188.4019753,90188.4039245,90188.4063521,4.376800003228709
2,522,completed,90188.4018073,90188.4039014,90188.4067923,4.984999992302619
5,523,completed,90188.4368198,90188.4386027,90188.4394492,2.629399998113513
1,523,completed,90188.4368517,90188.4388672,90188.4399353,3.0836000078124925
0,523,completed,90188.4369141,90188.4389305,90188.4403933,3.4791999933077022
4,523,completed,90188.4368969,90188.4389302,90188.440845,3.9480999985244125
3,523,completed,90188.4370991,90188.4389908,90188.4413024,4.20329999178648
2,523,completed,90188.4370655,90188.4389381,90188.4417569,4.691400012234226
5,524,completed,90188.4715805,90188.473417,90188.4742306,2.6500999956624582
1,524,completed,90188.4715519,90188.4733174,90188.4747665,3.2146000012289733
0,524,completed,90188.4716573,90188.4735786,90188.4752204,3.563099991879426
4,524,completed,90188.4717461,90188.4737567,90188.4756713,3.925199998775497
3,524,completed,90188.4718453,90188.4737487,90188.4761336,4.288299998734146
2,524,completed,90188.4719057,90188.4738076,90188.4765767,4.671000002417713
3,525,completed,90188.4994059,90188.5016014,90188.5022638,2.8578999917954206
0,525,completed,90188.4996202,90188.5015984,90188.5027972,3.176999991410412
2,525,completed,90188.4993741,90188.5015815,90188.5032614,3.8872999866725877
1,525,completed,90188.4994781,90188.5015312,90188.5037524,4.274300008546561
4,525,completed,90188.4993879,90188.5015905,90188.5042103,4.822400005650707
5,525,completed,90188.5062648,90188.5067141,90188.5073498,1.0849999962374568
5,526,completed,90188.5340865,90188.536199,90188.5369521,2.8655999922193587
0,526,completed,90188.5342405,90188.536429,90188.5374653,3.2248000061372295
2,526,completed,90188.5341102,90188.5364342,90188.5379341,3.823899998678826
1,526,completed,90188.5342128,90188.5364118,90188.5384092,4.196399997454137
3,526,completed,90188.5343278,90188.5364526,90188.5389034,4.575600003590807
4,526,completed,90188.5341944,90188.5365101,90188.5393482,5.153800011612475
0,527,completed,90188.5686985,90188.5705844,90188.5713968,2.698299998883158
1,527,completed,90188.5688051,90188.5707518,90188.5719419,3.136799990897998
3,527,completed,90188.5686625,90188.5707428,90188.5723841,3.7216000055195764
5,527,completed,90188.5687251,90188.5708136,90188.57283,4.104899999219924
2,527,completed,90188.5688032,90188.5708577,90188.5733045,4.501299990806729
4,527,completed,90188.5689414,90188.5709415,90188.5737647,4.823300012503751
2,528,completed,90188.5964503,90188.5982463,90188.5990213,2.5710000045364723
1,528,completed,90188.5964501,90188.5982384,90188.59999,3.5399000043980777
0,528,completed,90188.5965115,90188.5984374,90188.6004479,3.9363999967463315
4,528,completed,90188.5968039,90188.5985983,90188.6009174,4.113500006496906
5,528,completed,90188.5966329,90188.5986121,90188.6013387,4.705800005467609
3,528,completed,90188.5965873,90188.5985902,90188.6017866,5.199300008825958
1,529,completed,90188.631386,90188.6333491,90188.6339851,2.5991000002250075
5,529,completed,90188.6313361,90188.633214,90188.6344656,3.1294999935198575
2,529,completed,90188.6313734,90188.6333501,90188.634953,3.5796000011032447
0,529,completed,90188.6315878,90188.6334725,90188.6353987,3.8109000015538186
4,529,completed,90188.6314559,90188.6334239,90188.6358589,4.402999999001622
3,529,completed,90188.6316327,90188.6335006,90188.6363057,4.673000003094785
0,530,completed,90188.6662626,90188.6682696,90188.6688322,2.5695999938761815
2,530,completed,90188.6661099,90188.6681873,90188.6693276,3.2176999957300723
1,530,completed,90188.6660825,90188.668239,90188.6697883,3.705800001625903
3,530,completed,90188.6661432,90188.6683022,90188.6702794,4.136200004722923
5,530,completed,90188.6662058,90188.6683304,90188.6707791,4.573300000629388
4,530,completed,90188.6664076,90188.668372,90188.6712558,4.848199998377822
0,531,completed,90188.7005893,90188.7022001,90188.7031652,2.575899998191744
4,531,completed,90188.7007156,90188.7025623,90188.7036481,2.932499992311932
1,531,completed,90188.7006472,90188.7026221,90188.7040912,3.4439999872120097
2,531,completed,90188.7006917,90188.7027329,90188.7045279,3.836200005025603
3,531,completed,90188.7008313,90188.7027722,90188.7049755,4.144200007431209
5,531,completed,90188.700939,90188.7027925,90188.7054111,4.472100001294166
0,532,completed,90188.7353547,90188.7371465,90188.7379951,2.640400009113364
3,532,completed,90188.7354115,90188.7373184,90188.7385118,3.1002999894553795
4,532,completed,90188.7353973,90188.7373144,90188.7389566,3.559300006600097
5,532,completed,90188.7355101,90188.7374166,90188.7394091,3.899000003002584
2,532,completed,90188.735454,90188.73747,90188.7399042,4.450200009159744
1,532,completed,90188.7355867,90188.7375354,90188.7404316,4.844900002353825
2,533,completed,90188.7701714,90188.7721407,90188.7728181,2.6466999988770112
3,533,completed,90188.7701253,90188.7720975,90188.7733503,3.225000007660128
1,533,completed,90188.7700968,90188.7721901,90188.7738068,3.7100000045029446
0,533,completed,90188.7703433,90188.7723096,90188.7742674,3.9241000049514696
4,533,completed,90188.7702988,90188.7723325,90188.7747519,4.453100002137944
5,533,completed,90188.7702244,90188.7723789,90188.7752825,5.058100010501221
4,534,completed,90188.8057096,90188.8074731,90188.8083147,2.605100002256222
5,534,completed,90188.8057304,90188.8077368,90188.8089804,3.2500000088475645
1,534,completed,90188.8057474,90188.8077826,90188.8094391,3.6917000106768683
3,534,completed,90188.8059119,90188.8078015,90188.8098819,3.97000000521075
0,534,completed,90188.805832,90188.8078297,90188.8103575,4.525500000454485
2,534,completed,90188.8060227,90188.8079127,90188.8108029,4.780200004461221
2,535,completed,90188.8326264,90188.8330457,90188.8336976,1.071199993020855
0,535,completed,90188.8396048,90188.8414062,90188.8419924,2.38760000502225
1,535,completed,90188.8395263,90188.8413225,90188.8425191,2.9928000003565103
5,535,completed,90188.83966,90188.8414473,90188.8431209,3.460899999481626
4,535,completed,90188.8397636,90188.8414441,90188.8435678,3.8041999941924587
3,535,completed,90188.8395659,90188.8413638,90188.8442006,4.634700002497993
5,536,completed,90188.867364,90188.8690625,90188.8701794,2.8153999883215874
3,536,completed,90188.8674009,90188.8694117,90188.870699,3.298100011306815
1,536,completed,90188.8674251,90188.8694552,90188.8711818,3.7566999963019043
4,536,completed,90188.8676662,90188.8694999,90188.8716516,3.9853999915067106
0,536,completed,90188.8674979,90188.8695581,90188.8721288,4.630899988114834
2,536,completed,90188.8675463,90188.8695798,90188.8726023,5.0560000090627
2,537,completed,90188.9021422,90188.9040504,90188.9047722,2.630000002682209
4,537,completed,90188.9022024,90188.9041579,90188.9052747,3.0722999945282936
0,537,completed,90188.902228,90188.904089,90188.9057386,3.5105999995721504
1,537,completed,90188.9021349,90188.9040095,90188.9062172,4.082300001755357
3,537,completed,90188.9023209,90188.9042724,90188.9067232,4.402299993671477
5,537,completed,90188.9024472,90188.9042994,90188.9072684,4.8211999965133145
3,538,completed,90188.9367692,90188.9386468,90188.9394246,2.6554000069154426
4,538,completed,90188.9367702,90188.9387741,90188.9399076,3.1373999954666942
5,538,completed,90188.9368292,90188.9388297,90188.9404333,3.6040999984834343
1,538,completed,90188.937034,90188.9389572,90188.9409003,3.8663000013912097
2,538,completed,90188.9369517,90188.9389494,90188.9413791,4.4273999956203625
0,538,completed,90188.9368496,90188.9389625,90188.9418894,5.039800002123229
5,539,completed,90188.9714095,90188.9730027,90188.9739267,2.5172000023303553
2,539,completed,90188.9714685,90188.9732302,90188.9744545,2.985999992233701
4,539,completed,90188.9715105,90188.9735033,90188.9749333,3.422800000407733
0,539,completed,90188.9715434,90188.9734833,90188.9753947,3.851300003589131
1,539,completed,90188.9716206,90188.9735261,90188.975854,4.233400002704002
3,539,completed,90188.9716947,90188.9735496,90188.9762874,4.592700002831407
2,540,completed,90188.9990097,90189.0007711,90189.0016608,2.6511000032769516
5,540,completed,90188.9990863,90189.0009909,90189.0021747,3.088400000706315
0,540,completed,90188.999046,90189.001122,90189.0026838,3.637800007709302
1,540,completed,90188.9993459,90189.001167,90189.003143,3.7970999983372167
4,540,completed,90188.999198,90189.0011608,90189.0035951,4.397099997731857
3,540,completed,90188.9991504,90189.0012416,90189.004085,4.934599986881949
2,541,completed,90189.0340685,90189.0359465,90189.0366851,2.6166000025114045
5,541,completed,90189.0340267,90189.0359361,90189.0371815,3.154799996991642
1,541,completed,90189.0341946,90189.0361026,90189.0376374,3.442800007178448
0,541,completed,90189.0340877,90189.0361594,90189.0381523,4.064599997946061
4,541,completed,90189.0342695,90189.0362251,90189.0386229,4.353399999672547
3,541,completed,90189.0342203,90189.0362582,90189.0390938,4.873500001849607
4,542,completed,90189.0683959,90189.0702662,90189.0710576,2.66169999667909
3,542,completed,90189.0684658,90189.0703043,90189.0715779,3.112100006546825
0,542,completed,90189.0683724,90189.070387,90189.0720664,3.6939999990863726
2,542,completed,90189.0684176,90189.0704527,90189.0725558,4.138199990848079
1,542,completed,90189.0686033,90189.0705848,90189.0730147,4.411400004755706
5,542,completed,90189.0685684,90189.0705825,90189.0734979,4.9294999917037785
3,543,completed,90189.1104723,90189.112335,90189.1131823,2.710000000661239
1,543,completed,90189.1103988,90189.1124899,90189.1137033,3.3045000018319115
4,543,completed,90189.110684,90189.1124962,90189.1141756,3.4916000004159287
0,543,completed,90189.1103928,90189.1124927,90189.1146904,4.297600011341274
5,543,completed,90189.1105367,90189.1125222,90189.1151591,4.622399996151216
2,543,completed,90189.1105833,90189.1126201,90189.1156138,5.030499989516102
3,544,completed,90189.1314878,90189.1337489,90189.1343898,2.9020000074524432
0,544,completed,90189.1314328,90189.1338417,90189.1349158,3.4829999931389466
2,544,completed,90189.1313521,90189.1337945,90189.1353984,4.046300004119985
4,544,completed,90189.1315127,90189.1337896,90189.1358545,4.341799998655915
1,544,completed,90189.1313595,90189.1338025,90189.136316,4.9565000081202015
5,544,completed,90189.1313791,90189.1338788,90189.1367812,5.402099995990284
0,545,completed,90189.172857,90189.1744955,90189.1754161,2.5591000012354925
5,545,completed,90189.1729462,90189.1747545,90189.1759663,3.020100004505366
1,545,completed,90189.1728917,90189.1748022,90189.1764623,3.5706000053323805
2,545,completed,90189.1730254,90189.1749388,90189.1769147,3.8893000019015744
4,545,completed,90189.1731504,90189.1750167,90189.177411,4.260599991539493
3,545,completed,90189.1730873,90189.1750061,90189.1779357,4.848399999900721
2,546,completed,90189.2006213,90189.2023709,90189.2032341,2.61280000268016
4,546,completed,90189.2006165,90189.2026098,90189.2037309,3.1143999949563295
1,546,completed,90189.2008273,90189.2026796,90189.2041913,3.364000003784895
0,546,completed,90189.2006742,90189.2027277,90189.2046538,3.97960000555031
3,546,completed,90189.2007005,90189.2027566,90189.2050983,4.397799988510087
5,546,completed,90189.2009697,90189.2028109,90189.205586,4.6162999933585525
5,547,completed,90189.2353127,90189.2375497,90189.238375,3.0623000056948513
3,547,completed,90189.2352874,90189.2378142,90189.2388795,3.5920999944210052
0,547,completed,90189.23553,90189.2378495,90189.2393897,3.859699994791299
4,547,completed,90189.2353405,90189.2378754,90189.2398631,4.52259999292437
1,547,completed,90189.2356006,90189.2378821,90189.2403242,4.723599995486438
2,547,completed,90189.2355286,90189.2379287,90189.2408126,5.283999998937361
1,548,completed,90189.2701011,90189.2717816,90189.2726888,2.5877000007312745
2,548,completed,90189.2701656,90189.272143,90189.2731645,2.998900003149174
0,548,completed,90189.2701457,90189.2722147,90189.27363,3.484300003037788
3,548,completed,90189.2702839,90189.2722104,90189.2740827,3.79879999672994
4,548,completed,90189.2702351,90189.2722794,90189.2745888,4.353700001956895
5,548,completed,90189.2703916,90189.2723014,90189.2750659,4.674299998441711
5,549,completed,90189.2980922,90189.3002152,90189.3009657,2.8734999941661954
2,549,completed,90189.2981643,90189.3003245,90189.3014804,3.3161000028485432
4,549,completed,90189.2980166,90189.3004062,90189.3019152,3.8985999999567866
1,549,completed,90189.2980516,90189.3004352,90189.3023933,4.341699997894466
0,549,completed,90189.2979974,90189.3004145,90189.3028932,4.895799997029826
3,549,completed,90189.2984025,90189.300477,90189.303416,5.0134999910369515
4,550,completed,90189.3396824,90189.3416468,90189.3424284,2.7460000128485262
2,550,completed,90189.3396945,90189.3417989,90189.3429404,3.245900006731972
5,550,completed,90189.3397057,90189.3417999,90189.3434133,3.707600000780076
3,550,completed,90189.3399116,90189.3418276,90189.3438609,3.9493000076618046
0,550,completed,90189.3398146,90189.34177,90189.3443457,4.531099999439903
1,550,completed,90189.339795,90189.3418575,90189.3448722,5.077199995866977
4,551,completed,90189.3675162,90189.3692185,90189.3700404,2.524199997424148
5,551,completed,90189.3676119,90189.3694082,90189.3705384,2.926500004832633
3,551,completed,90189.3676989,90189.3694931,90189.3709951,3.2962000113911927
0,551,completed,90189.3675618,90189.3695258,90189.371445,3.8831999991089106
1,551,completed,90189.3676652,90189.369685,90189.3718936,4.228399993735366
2,551,completed,90189.3677988,90189.3697022,90189.3724079,4.609099996741861
4,552,completed,90189.4020593,90189.4041485,90189.4048081,2.748799990513362
3,552,completed,90189.4021828,90189.4042785,90189.4053295,3.1467000080738217
1,552,completed,90189.4020578,90189.4041588,90189.405775,3.717200001119636
5,552,completed,90189.4023059,90189.4042448,90189.4062167,3.910799990990199
0,552,completed,90189.4022439,90189.4042931,90189.4066589,4.415000003064051
2,552,completed,90189.4021126,90189.4041053,90189.4071314,5.018800002289936
0,553,completed,90189.4367714,90189.4385581,90189.4394121,2.6406999968457967
2,553,completed,90189.4368295,90189.4387652,90189.4398964,3.066899997065775
4,553,completed,90189.4368599,90189.4388284,90189.4403427,3.482800006167963
5,553,completed,90189.4369453,90189.4388648,90189.44079,3.8446999969892204
3,553,completed,90189.4368394,90189.4389134,90189.4412689,4.429499997058883
1,553,completed,90189.4370673,90189.4389902,90189.441709,4.641700012143701
4,554,completed,90189.4646706,90189.4666227,90189.4673515,2.6808999973582104
5,554,completed,90189.4647091,90189.4666587,90189.4678398,3.1307000026572496
3,554,completed,90189.4648738,90189.4668217,90189.4683081,3.4343000006629154
0,554,completed,90189.4648922,90189.4668273,90189.4687262,3.8339999882737175
1,554,completed,90189.464739,90189.4668832,90189.4692232,4.484199991566129
2,554,completed,90189.4647954,90189.4669044,90189.4697109,4.915500001516193
4,555,completed,90189.4989352,90189.4993665,90189.4999508,1.0156000062124804
5,555,completed,90189.5062931,90189.5081979,90189.5088953,2.6021999947261065
0,555,completed,90189.5063251,90189.5083821,90189.5093873,3.062200004933402
3,555,completed,90189.5063535,90189.5083717,90189.5098325,3.479000006336719
1,555,completed,90189.5064673,90189.5083702,90189.5102535,3.7862000026507303
2,555,completed,90189.5065003,90189.5083618,90189.5107295,4.22919999982696
5,556,completed,90189.5341094,90189.5361755,90189.5367564,2.6470000011613593
2,556,completed,90189.5340471,90189.5360945,90189.5372502,3.203100000973791
4,556,completed,90189.5340396,90189.5361057,90189.53771,3.670400008559227
3,556,completed,90189.5342253,90189.5361773,90189.5381616,3.936299995984882
0,556,completed,90189.5343263,90189.5362044,90189.5386264,4.300100001273677
1,556,completed,90189.5341325,90189.5361989,90189.5391229,4.990399989765137
3,557,completed,90189.5683505,90189.5702689,90189.5711368,2.786299999570474
5,557,completed,90189.568365,90189.570261,90189.571694,3.328999999212101
1,557,completed,90189.5686888,90189.570616,90189.5721484,3.4595999895827845
0,557,completed,90189.5685052,90189.5706381,90189.5725966,4.09139999828767
4,557,completed,90189.5684171,90189.5705882,90189.5730435,4.626399997505359
2,557,completed,90189.568473,90189.5706217,90189.5734848,5.011799992644228
1,558,completed,90189.6034123,90189.6052235,90189.6060163,2.6039999938802794
4,558,completed,90189.6035758,90189.6054733,90189.6065051,2.929299997049384
0,558,completed,90189.6033874,90189.6054513,90189.6069531,3.5656999971251935
5,558,completed,90189.6034339,90189.6055001,90189.6073888,3.9548999920953065
3,558,completed,90189.6034858,90189.6055665,90189.6078503,4.364499996881932
2,558,completed,90189.6036901,90189.6055919,90189.6083182,4.628099995898083
3,559,completed,90189.631199,90189.6330048,90189.6338006,2.6016000047093257
5,559,completed,90189.6312372,90189.6331252,90189.6342995,3.0623000056948513
4,559,completed,90189.6313359,90189.6332328,90189.6347592,3.4232999896630645
1,559,completed,90189.6313729,90189.6332899,90189.6352115,3.8386000087484717
0,559,completed,90189.6312666,90189.6333013,90189.6356507,4.38410000060685
2,559,completed,90189.6315069,90189.6333936,90189.6360934,4.586499999277294
4,560,completed,90189.6658999,90189.6674417,90189.6681699,2.2699999972246587
1,560,completed,90189.6659671,90189.667632,90189.6686714,2.7043000009143725
0,560,completed,90189.6659455,90189.6676126,90189.6691314,3.185900000971742
2,560,completed,90189.6661066,90189.6677322,90189.669572,3.4654000046430156
3,560,completed,90189.6660812,90189.6677314,90189.6700631,3.9818999939598143
5,560,completed,90189.672978,90189.6734284,90189.6740378,1.0597999935271218
3,561,completed,90189.7008906,90189.7031521,90189.7037926,2.9020000074524432
1,561,completed,90189.7010855,90189.7032005,90189.7043135,3.228000001399778
4,561,completed,90189.7007931,90189.7030185,90189.7047823,3.9892000058898702
2,561,completed,90189.7009258,90189.7031593,90189.7052282,4.302399989683181
5,561,completed,90189.7008476,90189.7030782,90189.7056852,4.837599990423769
0,561,completed,90189.7013258,90189.7032363,90189.7061596,4.83380000514444
1,562,completed,90189.7355299,90189.7375501,90189.7382879,2.75800000235904
0,562,completed,90189.7354827,90189.7374977,90189.7388033,3.320600008009933
4,562,completed,90189.7357634,90189.7377124,90189.7392517,3.4882999898400158
2,562,completed,90189.7355449,90189.7376932,90189.7397067,4.16179999592714
5,562,completed,90189.7355716,90189.7377153,90189.7401547,4.583100002491847
3,562,completed,90189.735628,90189.7377377,90189.7406064,4.978400000254624
4,563,completed,90189.7700362,90189.7717716,90189.7726733,2.637099998537451
0,563,completed,90189.7701202,90189.7720545,90189.7732132,3.092999992077239
3,563,completed,90189.7702305,90189.7721882,90189.7736575,3.4270000032847747
2,563,completed,90189.7700887,90189.7721912,90189.7740862,3.9975000108825043
5,563,completed,90189.7703592,90189.7722176,90189.7745268,4.167599996435456
1,563,completed,90189.770186,90189.7722472,90189.7750061,4.820100002689287
1,564,completed,90189.7976115,90189.7995441,90189.8002447,2.6331999979447573
3,564,completed,90189.7975285,90189.79955,90189.8007422,3.2136999943759292
5,564,completed,90189.7975281,90189.7996011,90189.8012193,3.6912000068696216
4,564,completed,90189.7976619,90189.7996535,90189.8016684,4.0065000066533685
2,564,completed,90189.7975465,90189.799657,90189.8021224,4.57589999132324
0,564,completed,90189.7977523,90189.7997227,90189.802569,4.81670000590384
0,565,completed,90189.8323033,90189.8340971,90189.8349716,2.6682999887270853
4,565,completed,90189.8322815,90189.8342114,90189.8355193,3.2378000032622367
2,565,completed,90189.832342,90189.8343482,90189.8359748,3.6327999987406656
1,565,completed,90189.8324037,90189.8343601,90189.8364082,4.004500005976297
3,565,completed,90189.8324726,90189.8344688,90189.8368572,4.3846000044140965
5,565,completed,90189.8326064,90189.8344799,90189.8373015,4.695099996752106
0,566,completed,90189.8674321,90189.8695726,90189.8701697,2.737600007094443
5,566,completed,90189.867575,90189.869552,90189.8706664,3.09140000899788
1,566,completed,90189.86749,90189.8695298,90189.8711748,3.6848000017926097
2,566,completed,90189.867397,90189.8696214,90189.871623,4.226000004564412
4,566,completed,90189.8674666,90189.8696577,90189.8720854,4.618799997842871
3,566,completed,90189.8676882,90189.8696819,90189.8725706,4.8823999968590215
0,567,completed,90189.9020585,90189.9036099,90189.9045568,2.498300003935583
4,567,completed,90189.9020133,90189.9037455,90189.9050831,3.0698000045958906
2,567,completed,90189.9020977,90189.9039025,90189.9055517,3.4539999905973673
5,567,completed,90189.9021368,90189.90393,90189.9059887,3.851900008157827
3,567,completed,90189.9023507,90189.9040269,90189.9064274,4.07670000276994
1,567,completed,90189.902246,90189.9043217,90189.9068655,4.619500003173016
0,568,completed,90189.9367655,90189.9388195,90189.939486,2.7205000078538433
3,568,completed,90189.9367188,90189.938723,90189.9399938,3.2749999954830855
4,568,completed,90189.9367458,90189.9388706,90189.9404804,3.7345999880926684
1,568,completed,90189.936822,90189.9389292,90189.9409242,4.102199993212707
2,568,completed,90189.9369463,90189.9389644,90189.9432158,6.269499994232319
5,568,completed,90189.9368914,90189.9389611,90189.9447796,7.888200008892454
0,569,completed,90189.9715797,90189.9734471,90189.9742935,2.7138000004924834
1,569,completed,90189.971676,90189.9737649,90189.9748313,3.1553000007988885
5,569,completed,90189.9718716,90189.9737444,90189.975375,3.503399988403544
4,569,completed,90189.9716406,90189.9737319,90189.9758166,4.176000002189539
2,569,completed,90189.9717234,90189.9738297,90189.9762788,4.5553999952971935
3,569,completed,90189.9718703,90189.9738557,90189.9767395,4.869199998211116
3,570,completed,90189.9988938,90190.0004366,90190.0012442,2.350399998249486
2,570,completed,90189.998951,90190.000628,90190.001758,2.8069999971194193
4,570,completed,90189.9990144,90190.00067,90190.0022014,3.1869999947957695
1,570,completed,90189.9989362,90190.0007136,90190.0026571,3.720900000189431
5,570,completed,90189.9990952,90190.000779,90190.0032209,4.125700012082234
0,570,completed,90190.0058727,90190.0064277,90190.0071741,1.3013999996474013
5,571,completed,90190.0342659,90190.0362291,90190.0374461,3.1802000012248755
4,571,completed,90190.0343148,90190.0364272,90190.0380556,3.740800006198697
1,571,completed,90190.0342911,90190.0364508,90190.0386488,4.357699988759123
3,571,completed,90190.0344148,90190.0364793,90190.0391937,4.77889999456238
0,571,completed,90190.0342626,90190.0364606,90190.039815,5.552399990847334
2,571,completed,90190.0350035,90190.0366846,90190.0403665,5.363000003853813
3,572,completed,90190.0688566,90190.070879,90190.071612,2.7553999971132725
2,572,completed,90190.0690526,90190.0710981,90190.0721059,3.053300009923987
4,572,completed,90190.0689545,90190.0710646,90190.0725948,3.640299997641705
5,572,completed,90190.069024,90190.0710915,90190.0731885,4.164500001934357
0,572,completed,90190.0688401,90190.071127,90190.0736226,4.782500007422641
1,572,completed,90190.0688905,90190.0711419,90190.0740601,5.169600000954233
0,573,completed,90190.1034773,90190.104552,90190.1061584,2.681099998881109
1,573,completed,90190.1039682,90190.1046742,90190.1067249,2.756700007012114
2,573,completed,90190.1046429,90190.1057026,90190.1072263,2.5833999970927835
3,573,completed,90190.1046854,90190.1060203,90190.1077212,3.035799993085675
4,573,completed,90190.1045646,90190.1060568,90190.1081963,3.631700004916638
5,573,completed,90190.1050895,90190.106291,90190.10872,3.6305000103311613
0,574,completed,90190.1382962,90190.1405835,90190.141409,3.1127999973250553
2,574,completed,90190.1383158,90190.1406949,90190.141919,3.6032000061823055
1,574,completed,90190.1385292,90190.1407717,90190.1424066,3.8773999986005947
4,574,completed,90190.1386724,90190.1408606,90190.1428634,4.190999999991618
3,574,completed,90190.1383706,90190.1408642,90190.1433078,4.9371999921277165
5,574,completed,90190.1384356,90190.140867,90190.1438382,5.4025999997975305
0,575,completed,90190.1660407,90190.1667845,90190.1674115,1.370800004224293
2,575,completed,90190.1660422,90190.1667837,90190.1679623,1.9200999959139153
3,575,completed,90190.180015,90190.1817131,90190.1824195,2.404499988188036
4,575,completed,90190.1800295,90190.1817197,90190.1829546,2.925099994172342
5,575,completed,90190.1800899,90190.1818377,90190.1834388,3.348900005221367
1,575,completed,90190.1801137,90190.1818566,90190.1839359,3.8222000002861023
1,576,completed,90190.2008068,90190.2030523,90190.2037337,2.926899993326515
5,576,completed,90190.2009923,90190.2031547,90190.2042374,3.2451000006403774
2,576,completed,90190.2008397,90190.2031378,90190.2046759,3.8361999904736876
4,576,completed,90190.2009072,90190.2031084,90190.205132,4.224800009978935
3,576,completed,90190.2007774,90190.203168,90190.2055831,4.805700009455904
0,576,completed,90190.201118,90190.2032134,90190.2060316,4.913600001600571
1,577,completed,90190.2424453,90190.2442866,90190.2452627,2.817400003550574
0,577,completed,90190.2424545,90190.244583,90190.2459472,3.4927000087918714
3,577,completed,90190.2424722,90190.2446319,90190.2466058,4.1335999994771555
4,577,completed,90190.2424964,90190.2446405,90190.2471235,4.627100002835505
5,577,completed,90190.2426891,90190.244624,90190.2475842,4.895099991699681
2,577,completed,90190.2426054,90190.2447134,90190.248064,5.458600004203618
2,578,completed,90190.2697703,90190.2716254,90190.2724756,2.7052999939769506
3,578,completed,90190.2697689,90190.2716272,90190.2729922,3.2232999947154894
5,578,completed,90190.2698257,90190.2719444,90190.2734552,3.629500002716668
4,578,completed,90190.2698013,90190.2719473,90190.2739164,4.115099989576265
0,578,completed,90190.2699268,90190.271983,90190.2743932,4.466400001547299
1,578,completed,90190.2699755,90190.2719995,90190.2748599,4.884399997536093
1,579,completed,90190.3049142,90190.3070441,90190.3078291,2.914900003816001
3,579,completed,90190.3049388,90190.3070701,90190.3083527,3.413899990846403
2,579,completed,90190.3049914,90190.3072316,90190.3088061,3.814700001385063
0,579,completed,90190.3051444,90190.3072527,90190.3092727,4.128300002776086
5,579,completed,90190.3050047,90190.3073066,90190.3097301,4.725399994640611
4,579,completed,90190.3052597,90190.3074083,90190.3101805,4.920799998217262
5,580,completed,90190.3392728,90190.341338,90190.3422114,2.938599995104596
0,580,completed,90190.3393944,90190.3415379,90190.3427164,3.3220000041183084
2,580,completed,90190.3393221,90190.3416034,90190.3431805,3.858399999444373
3,580,completed,90190.3393708,90190.3416524,90190.343642,4.271200014045462
1,580,completed,90190.3395297,90190.3416969,90190.3441122,4.582499997923151
4,580,completed,90190.3396122,90190.3417114,90190.3445582,4.946000000927597
2,581,completed,90190.3675622,90190.3695234,90190.3702813,2.7190999971935526
3,581,completed,90190.3675315,90190.3696311,90190.3707859,3.2543999986955896
4,581,completed,90190.3674362,90190.3695473,90190.3712594,3.8231999933486804
5,581,completed,90190.3676603,90190.3696682,90190.371701,4.040699990582652
1,581,completed,90190.3677311,90190.3696273,90190.3721592,4.428099986398593
0,581,completed,90190.367463,90190.3696404,90190.372585,5.122000002302229
2,582,completed,90190.4020096,90190.403538,90190.4046305,2.6208999915979803
5,582,completed,90190.4020632,90190.4041016,90190.4051424,3.079200003412552
1,582,completed,90190.4020894,90190.4041454,90190.4056168,3.527399996528402
3,582,completed,90190.402257,90190.4042018,90190.4060639,3.8069000001996756
0,582,completed,90190.4022052,90190.4041831,90190.4065098,4.3046000064350665
4,582,completed,90190.402357,90190.4041548,90190.4069636,4.606600006809458
0,583,completed,90190.4367613,90190.4384391,90190.4393641,2.6027999992948025
5,583,completed,90190.4368243,90190.4388309,90190.4398588,3.034499997738749
3,583,completed,90190.4368084,90190.4388168,90190.4403335,3.5250999935669824
4,583,completed,90190.4369924,90190.4388407,90190.4407771,3.7846999912289903
1,583,completed,90190.4369596,90190.4389558,90190.4412462,4.286600000341423
2,583,completed,90190.4371092,90190.4389455,90190.4417125,4.6033000107854605
4,584,completed,90190.4712316,90190.4735683,90190.4742363,3.00470000365749
5,584,completed,90190.4712828,90190.4735309,90190.4747494,3.4665999992284924
3,584,completed,90190.4713284,90190.4736727,90190.4752104,3.8820000045234337
0,584,completed,90190.4713607,90190.4735322,90190.4756662,4.305499998736195
2,584,completed,90190.4712282,90190.4736826,90190.4761277,4.899500010651536
1,584,completed,90190.4714129,90190.4736919,90190.4766319,5.21899999876041
2,585,completed,90190.4996115,90190.5015888,90190.502164,2.552500009187497
1,585,completed,90190.4993651,90190.501469,90190.5026603,3.2952000037766993
3,585,completed,90190.4994606,90190.5016398,90190.5031161,3.6554999969666824
0,585,completed,90190.4993086,90190.5015331,90190.5035365,4.227899989928119
5,585,completed,90190.4994009,90190.5016162,90190.5040067,4.605800000717863
4,585,completed,90190.4995855,90190.5016836,90190.5044762,4.8907000018516555
5,586,completed,90190.5340712,90190.5363709,90190.537361,3.2897999917622656
3,586,completed,90190.5343869,90190.5367076,90190.537996,3.6090999929001555
0,586,completed,90190.5341834,90190.5367924,90190.5385126,4.329200004576705
2,586,completed,90190.5341213,90190.5368102,90190.5389953,4.873999991104938
1,586,completed,90190.5342471,90190.5368597,90190.5394472,5.200100000365637
4,586,completed,90190.5343939,90190.5368724,90190.5398807,5.486800000653602
1,587,completed,90190.5688215,90190.570807,90190.571559,2.7375000063329935
4,587,completed,90190.5689841,90190.5709789,90190.5721015,3.1174000032478943
5,587,completed,90190.5687886,90190.5709341,90190.5725747,3.786100001889281
3,587,completed,90190.5688683,90190.571028,90190.5730232,4.154900001594797
2,587,completed,90190.5688487,90190.5710558,90190.5734686,4.619900006218813
0,587,completed,90190.5689477,90190.5710937,90190.573947,4.9992999993264675
5,588,completed,90190.603636,90190.6059367,90190.6066583,3.0223000067053363
1,588,completed,90190.6039843,90190.6060646,90190.6071672,3.182899992680177
3,588,completed,90190.6037922,90190.6060233,90190.6076229,3.830700006801635
0,588,completed,90190.6036568,90190.6060356,90190.6081352,4.478400005609728
4,588,completed,90190.6040333,90190.6060745,90190.6085871,4.553799997665919
2,588,completed,90190.6036733,90190.606097,90190.6091099,5.436600011307746
1,589,completed,90190.6311501,90190.6323318,90190.6330542,1.9041000050492585
3,589,completed,90190.6312773,90190.6325926,90190.6335452,2.267900010338053
5,589,completed,90190.6311991,90190.6325831,90190.6339933,2.7942000015173107
0,589,completed,90190.6311813,90190.6325734,90190.6344821,3.3007999882102013
2,589,completed,90190.6384062,90190.639521,90190.6401359,1.7297000013059005
4,589,completed,90190.6384247,90190.6395552,90190.6406308,2.20610000542365
0,590,completed,90190.6655932,90190.6668701,90190.6676213,2.0281000033719465
3,590,completed,90190.6656124,90190.6669153,90190.6681523,2.539900000556372
5,590,completed,90190.6656412,90190.6670814,90190.6686039,2.9627000039909035
1,590,completed,90190.665622,90190.6670994,90190.6691027,3.4807000047294423
4,590,completed,90190.6729186,90190.673559,90190.6741423,1.2237000046297908
2,590,completed,90190.6729376,90190.6735904,90190.6746393,1.7017000063788146
4,591,completed,90190.700634,90190.7022308,90190.7032094,2.5754000089364126
5,591,completed,90190.7006901,90190.7024853,90190.7037246,3.034499997738749
1,591,completed,90190.7007683,90190.7028318,90190.7041786,3.4103000070899725
2,591,completed,90190.7009277,90190.7028475,90190.7046299,3.7022000033175573
3,591,completed,90190.7007478,90190.7028096,90190.7050562,4.308399991714396
0,591,completed,90190.7008519,90190.7028259,90190.7055119,4.660000005969778
3,592,completed,90190.7354376,90190.7374539,90190.7380829,2.6453000027686357
0,592,completed,90190.7355329,90190.7374041,90190.7385673,3.0343999969772995
1,592,completed,90190.7354952,90190.737327,90190.7390877,3.5924999974668026
2,592,completed,90190.7354254,90190.7374235,90190.7395419,4.116500000236556
5,592,completed,90190.7357407,90190.7376005,90190.7399709,4.230200007441454
4,592,completed,90190.7356471,90190.7375825,90190.7403953,4.748200008179992
4,593,completed,90190.7702458,90190.7721712,90190.7729421,2.6962999982060865
0,593,completed,90190.7702737,90190.7722507,90190.7734479,3.174199999193661
1,593,completed,90190.7703814,90190.7723559,90190.7739155,3.534100003889762
3,593,completed,90190.7704073,90190.7723539,90190.7743793,3.971999991335906
2,593,completed,90190.7703456,90190.7724196,90190.7748411,4.495500004850328
5,593,completed,90190.7705564,90190.7724639,90190.7753017,4.745300000649877
0,594,completed,90190.7979342,90190.8000093,90190.8008728,2.938599995104596
5,594,completed,90190.7983082,90190.8002789,90190.801366,3.0578000005334616
1,594,completed,90190.797976,90190.8002867,90190.8018091,3.8330999959725887
3,594,completed,90190.7979585,90190.800276,90190.8022497,4.291200006264262
2,594,completed,90190.7980678,90190.8003136,90190.8026936,4.625799992936663
4,594,completed,90190.7981796,90190.8003654,90190.8031633,4.983700011507608
1,595,completed,90190.8327242,90190.834963,90190.835732,3.0078000127105042
5,595,completed,90190.8328909,90190.8351555,90190.8362756,3.38470000133384
0,595,completed,90190.8327902,90190.8352378,90190.8367399,3.9496999961556867
4,595,completed,90190.8329763,90190.8352278,90190.8371917,4.215400011162274
3,595,completed,90190.8327576,90190.8352263,90190.8376499,4.89229999948293
2,595,completed,90190.8331085,90190.8352375,90190.8380925,4.983999999240041
0,596,completed,90190.8675175,90190.8695641,90190.8702924,2.774900000076741
3,596,completed,90190.8675368,90190.8696034,90190.8708197,3.2828999974299222
4,596,completed,90190.8675041,90190.869712,90190.8712998,3.795700002228841
2,596,completed,90190.8675907,90190.8696961,90190.8717461,4.1554000054020435
5,596,completed,90190.8676629,90190.8697828,90190.8721881,4.525199998170137
1,596,completed,90190.8677167,90190.8697267,90190.8726311,4.914400007692166
4,597,completed,90190.9020754,90190.9042482,90190.9049988,2.923400010331534
1,597,completed,90190.9023633,90190.9044429,90190.9055195,3.1561999931000173
5,597,completed,90190.9021017,90190.9044223,90190.9059804,3.878699993947521
0,597,completed,90190.9021586,90190.9045306,90190.9064477,4.289100004825741
3,597,completed,90190.9022095,90190.9045426,90190.9069092,4.699700002674945
2,597,completed,90190.9023405,90190.9045561,90190.9073853,5.04479999653995
0,598,completed,90190.9369112,90190.9391416,90190.939897,2.9858000052627176
4,598,completed,90190.9368736,90190.9391421,90190.9404046,3.5309999948367476
3,598,completed,90190.9369562,90190.9393619,90190.9408625,3.9063000003807247
5,598,completed,90190.9370042,90190.9393979,90190.9413213,4.317099999752827
2,598,completed,90190.9370768,90190.9393985,90190.9417929,4.716100011137314
1,598,completed,90190.9371843,90190.9394349,90190.9422513,5.067000005510636
4,599,completed,90190.9714257,90190.9731009,90190.9739984,2.5727000029291958
0,599,completed,90190.9715101,90190.9733229,90190.974533,3.022899996722117
2,599,completed,90190.9714654,90190.973466,90190.9750167,3.5513000038918108
3,599,completed,90190.9716688,90190.9736221,90190.9755052,3.8363999919965863
5,599,completed,90190.9716191,90190.9736187,90190.9759701,4.350999995949678
1,599,completed,90190.9717291,90190.9736325,90190.9764399,4.71079999988433
0,600,completed,90190.9994435,90191.0015456,90191.0022801,2.8366000042296946
2,600,completed,90190.9995111,90191.001634,90191.0027806,3.2694999972591177
1,600,completed,90190.9994033,90191.0016696,90191.0032336,3.8303000037558377
5,600,completed,90190.9996881,90191.0017679,90191.0036699,3.98180000775028
4,600,completed,90190.9995715,90191.0017848,90191.0041277,4.556200001388788
3,600,completed,90190.9997175,90191.0017999,90191.0046157,4.898200000752695
2,601,completed,90191.0339654,90191.0358235,90191.0365719,2.6064999983645976
0,601,completed,90191.0339226,90191.0360035,90191.0370736,3.1509999971603975
1,601,completed,90191.0340156,90191.036013,90191.0375135,3.497900004731491
5,601,completed,90191.033956,90191.0360283,90191.0380093,4.0532999992137775
4,601,completed,90191.0341101,90191.0360577,90191.038494,4.383899999083951
3,601,completed,90191.0342165,90191.0361145,90191.0389591,4.74259999464266
0,602,completed,90191.0690801,90191.07103,90191.071608,2.527899996493943
1,602,completed,90191.0688683,90191.071006,90191.0720989,3.23059999209363
3,602,completed,90191.068845,90191.0710042,90191.0725437,3.6986999912187457
2,602,completed,90191.0689651,90191.0710745,90191.0729939,4.028800001833588
5,602,completed,90191.0690185,90191.0710871,90191.0734199,4.401400001370348
4,602,completed,90191.0688447,90191.071088,90191.0738864,5.041700002038851
3,603,completed,90191.1035488,90191.1055905,90191.1065013,2.9524999990826473
5,603,completed,90191.1035987,90191.1057455,90191.1070012,3.40249999135267
2,603,completed,90191.1035503,90191.1057345,90191.1075304,3.9800999948056415
4,603,completed,90191.1036189,90191.1058277,90191.1080523,4.433399997651577
1,603,completed,90191.1037727,90191.105959,90191.1085754,4.8027000011643395
0,603,completed,90191.1037269,90191.1059991,90191.1091196,5.3927000117255375
1,604,completed,90191.1381803,90191.1401609,90191.1409917,2.8114000015193596
0,604,completed,90191.1382017,90191.1403779,90191.1415306,3.3288999984506518
5,604,completed,90191.1382193,90191.1404135,90191.1420127,3.7933999992674217
3,604,completed,90191.1384754,90191.1404443,90191.1425278,4.0523999923607334
2,604,completed,90191.1382815,90191.1404677,90191.1430409,4.759400006150827
4,604,completed,90191.1383285,90191.1404874,90191.1435532,5.224699998507276
1,605,completed,90191.1659343,90191.1678884,90191.1686362,2.7018999971915036
0,605,completed,90191.1659339,90191.1680026,90191.1691637,3.2298000005539507
2,605,completed,90191.1660157,90191.1680141,90191.169647,3.631300001870841
4,605,completed,90191.1659183,90191.1679391,90191.170116,4.197699992801063
3,605,completed,90191.1661334,90191.1681576,90191.1705679,4.43450000602752
5,605,completed,90191.1660807,90191.1681492,90191.1711063,5.02559999586083
0,606,completed,90191.2006563,90191.2024811,90191.203162,2.505700002075173
2,606,completed,90191.2005868,90191.2023893,90191.2036585,3.071700004511513
1,606,completed,90191.200672,90191.2025703,90191.2041227,3.4506999945733696
5,606,completed,90191.2007696,90191.2026489,90191.2046954,3.925800003344193
3,606,completed,90191.2005868,90191.2026837,90191.2051358,4.549000004772097
4,606,completed,90191.20074,90191.2027391,90191.2055828,4.842800000915304
3,607,completed,90191.2354131,90191.2374977,90191.2383027,2.889600000344217
1,607,completed,90191.235452,90191.2377116,90191.2387802,3.3282000076724216
4,607,completed,90191.2355093,90191.237775,90191.2392461,3.7368000048445538
0,607,completed,90191.2356309,90191.2378743,90191.2396964,4.065500004799105
5,607,completed,90191.2355716,90191.2378545,90191.240285,4.713400005130097
2,607,completed,90191.2358254,90191.2378771,90191.2407588,4.933400006848387
5,608,completed,90191.2701842,90191.272421,90191.2730478,2.8636000060942024
4,608,completed,90191.270374,90191.2724604,90191.2735502,3.1761999998707324
3,608,completed,90191.270412,90191.2724803,90191.2740103,3.5982999979751185
2,608,completed,90191.2702998,90191.2724953,90191.2745372,4.237400004058145
1,608,completed,90191.2702055,90191.2725128,90191.275072,4.866500006755814
0,608,completed,90191.2702402,90191.2725477,90191.2755266,5.28640000266023
0,609,completed,90191.3044637,90191.3063742,90191.3072326,2.7688999980455264
1,609,completed,90191.3045017,90191.3064808,90191.3077778,3.276100003859028
4,609,completed,90191.3044962,90191.3066857,90191.3082956,3.799400001298636
2,609,completed,90191.3045907,90191.3067568,90191.3087763,4.185599987977184
5,609,completed,90191.3047208,90191.3068057,90191.3092306,4.509799997322261
3,609,completed,90191.3046892,90191.3068021,90191.3096784,4.989199995179661
2,610,completed,90191.3325181,90191.3344684,90191.3352386,2.7205000078538433
5,610,completed,90191.3324892,90191.3345193,90191.3358917,3.402500005904585
4,610,completed,90191.3324906,90191.3346352,90191.3363584,3.8677999982610345
3,610,completed,90191.3325623,90191.3346927,90191.3368272,4.264899995177984
0,610,completed,90191.3326652,90191.3347188,90191.3373322,4.66700000106357
1,610,completed,90191.3326573,90191.3347519,90191.3378348,5.17750000290107
3,611,completed,90191.3676264,90191.370294,90191.3709886,3.362200004630722
1,611,completed,90191.3676888,90191.3703392,90191.3715526,3.8637999969068915
5,611,completed,90191.3675893,90191.3702288,90191.372046,4.45670000044629
2,611,completed,90191.367796,90191.370349,90191.3725863,4.790299994056113
4,611,completed,90191.367887,90191.3703618,90191.3731209,5.233899995801039
0,611,completed,90191.3675906,90191.3702745,90191.3736416,6.051000003935769
2,612,completed,90191.4020206,90191.4041217,90191.4048855,2.8649000014411286
4,612,completed,90191.4020732,90191.4040781,90191.4054198,3.346599987708032
0,612,completed,90191.4020243,90191.4042424,90191.4058943,3.8700000004610047
1,612,completed,90191.4021516,90191.404358,90191.4063782,4.226599994581193
5,612,completed,90191.4021136,90191.4043659,90191.4069023,4.788700010976754
3,612,completed,90191.4022051,90191.4043733,90191.4074467,5.241599996224977
0,613,completed,90191.436691,90191.4385296,90191.4393467,2.6557000091997907
1,613,completed,90191.4367328,90191.43862,90191.4398611,3.128300013486296
2,613,completed,90191.4368463,90191.4387845,90191.4403202,3.473899996606633
3,613,completed,90191.4367494,90191.438876,90191.4408336,4.084200001670979
5,613,completed,90191.4368808,90191.4388964,90191.4413448,4.4639999978244305
4,613,completed,90191.4370069,90191.4388986,90191.4418322,4.825299998628907
0,614,completed,90191.4714164,90191.4732722,90191.4740769,2.660500002093613
3,614,completed,90191.4715294,90191.4735652,90191.474667,3.137599996989593
2,614,completed,90191.4714511,90191.4735055,90191.4751589,3.7077999877510592
5,614,completed,90191.4715779,90191.4735873,90191.4756243,4.046400004881434
4,614,completed,90191.4716678,90191.4735709,90191.4761024,4.434600006788969
1,614,completed,90191.4714674,90191.4735053,90191.4766111,5.143700007465668
4,615,completed,90191.4994115,90191.5014029,90191.5021446,2.733100001933053
3,615,completed,90191.4993799,90191.5015229,90191.5026464,3.266500003519468
0,615,completed,90191.4994519,90191.5014894,90191.5031002,3.648300000349991
1,615,completed,90191.4995292,90191.5016552,90191.5035567,4.027500006486662
5,615,completed,90191.4997047,90191.5017053,90191.5040396,4.334899989771657
2,615,completed,90191.4997853,90191.5017071,90191.5045256,4.740300006233156
2,616,completed,90191.534164,90191.5362279,90191.5370584,2.8944000077899545
5,616,completed,90191.5342741,90191.536429,90191.5375345,3.260400000726804
0,616,completed,90191.534404,90191.5365124,90191.53798,3.575999988242984
1,616,completed,90191.5342147,90191.5365296,90191.5384245,4.209799997624941
4,616,completed,90191.5344891,90191.5365262,90191.538875,4.385899999761023
3,616,completed,90191.5343754,90191.536593,90191.5393205,4.945099994074553
1,617,completed,90191.568994,90191.5712537,90191.5719807,2.9866999975638464
4,617,completed,90191.5689901,90191.571445,90191.5724743,3.4842000022763386
3,617,completed,90191.5690634,90191.5714739,90191.5729221,3.8586999871768057
0,617,completed,90191.5692091,90191.5714353,90191.5733676,4.1584999999031425
2,617,completed,90191.5689618,90191.5714361,90191.5737971,4.8353000020142645
5,617,completed,90191.5693616,90191.5715243,90191.5742458,4.884199996013194
3,618,completed,90191.603341,90191.6052186,90191.6059479,2.606900001410395
1,618,completed,90191.6033461,90191.6052119,90191.6064737,3.1275999936042354
4,618,completed,90191.6033957,90191.6054472,90191.6069332,3.537500000675209
0,618,completed,90191.6033682,90191.6054049,90191.6073613,3.993100006482564
5,618,completed,90191.6034687,90191.605503,90191.6078256,4.356899997219443
2,618,completed,90191.6035099,90191.605501,90191.6082985,4.78859999566339
3,619,completed,90191.6312461,90191.6335668,90191.6344145,3.168399998685345
4,619,completed,90191.6313025,90191.6336175,90191.6349098,3.607300008297898
5,619,completed,90191.6314299,90191.633701,90191.635364,3.934100008336827
2,619,completed,90191.6312265,90191.6337154,90191.6358456,4.619100000127219
1,619,completed,90191.6315154,90191.6337329,90191.6363489,4.833500002860092
0,619,completed,90191.6313695,90191.6337774,90191.6368527,5.4832000023452565
1,620,completed,90191.6729898,90191.675035,90191.6757336,2.743799996096641
3,620,completed,90191.6731051,90191.6751395,90191.6762562,3.151099997921847
0,620,completed,90191.6729834,90191.6751233,90191.676694,3.7105999945197254
2,620,completed,90191.6732341,90191.6751942,90191.6771793,3.945199990994297
4,620,completed,90191.6730398,90191.6752102,90191.6776905,4.65069999336265
5,620,completed,90191.6731432,90191.6752376,90191.6781297,4.986500003724359
4,621,completed,90191.7006905,90191.702637,90191.7034663,2.77579999237787
1,621,completed,90191.7007206,90191.7028669,90191.7039389,3.2183000002987683
3,621,completed,90191.7009105,90191.7028874,90191.7044058,3.4952999994857237
0,621,completed,90191.7007823,90191.7030037,90191.7049059,4.123599996091798
5,621,completed,90191.7010712,90191.7030418,90191.7053572,4.285999995772727
2,621,completed,90191.7008171,90191.7030247,90191.7058138,4.9966999940807
5,622,completed,90191.7354357,90191.7377025,90191.7385222,3.086500000790693
4,622,completed,90191.7357133,90191.7379613,90191.7390008,3.287499988800846
3,622,completed,90191.735449,90191.7379947,90191.7394565,4.007499999715947
1,622,completed,90191.7354969,90191.7380046,90191.7399098,4.41290000162553
2,622,completed,90191.7355598,90191.7380641,90191.7403623,4.802499999641441
0,622,completed,90191.7356626,90191.7380714,90191.7408096,5.147000003489666
4,623,completed,90191.7697935,90191.7722074,90191.7729163,3.122800000710413
5,623,completed,90191.7698831,90191.7723748,90191.7734038,3.5207000037189573
3,623,completed,90191.7699644,90191.7723836,90191.7738392,3.8748000079067424
1,623,completed,90191.7699547,90191.7723955,90191.7742719,4.317200000514276
2,623,completed,90191.7697462,90191.7723633,90191.7747701,5.0238999974681064
0,623,completed,90191.7697343,90191.7723628,90191.7752723,5.537999997613952
0,624,completed,90191.7979575,90191.8002106,90191.8008354,2.8778999985661358
3,624,completed,90191.7979658,90191.8000896,90191.8013556,3.3897999965120107
4,624,completed,90191.7981449,90191.8002725,90191.8018057,3.6607999936677516
5,624,completed,90191.7980499,90191.8002548,90191.8022968,4.246900003636256
1,624,completed,90191.7980156,90191.8002584,90191.8027983,4.78270000894554
2,624,completed,90191.7981498,90191.8002686,90191.8032521,5.102299997815862
4,625,completed,90191.8329623,90191.8350216,90191.8358877,2.92539999645669
1,625,completed,90191.832995,90191.8352924,90191.8364296,3.4346000029472634
0,625,completed,90191.8330761,90191.8352507,90191.8369879,3.9117999986046925
2,625,completed,90191.8329398,90191.8352825,90191.837547,4.607199996826239
3,625,completed,90191.8331424,90191.8354343,90191.8380978,4.955399999744259
5,625,completed,90191.8330189,90191.8354459,90191.8386852,5.666299999575131
2,626,completed,90191.8671114,90191.8690959,90191.8699695,2.8580999933183193
3,626,completed,90191.8672142,90191.8692356,90191.8705237,3.3094999962486327
1,626,completed,90191.867092,90191.8694005,90191.8710062,3.9142000023275614
5,626,completed,90191.8671427,90191.8693936,90191.8714627,4.3200000072829425
0,626,completed,90191.8673426,90191.8694483,90191.8719496,4.60699999530334
4,626,completed,90191.8675768,90191.869491,90191.8724228,4.846000010729767
4,627,completed,90191.9020687,90191.9041661,90191.9049165,2.847800002200529
2,627,completed,90191.9020413,90191.9043307,90191.9054644,3.423100002692081
5,627,completed,90191.9022547,90191.9043589,90191.9059688,3.714099992066622
3,627,completed,90191.9020248,90191.9043267,90191.9064557,4.430899993167259
0,627,completed,90191.9021516,90191.904444,90191.9069402,4.78859999566339
1,627,completed,90191.9021249,90191.9044272,90191.9074057,5.280799989122897
5,628,completed,90191.937036,90191.9391975,90191.9398919,2.855899991118349
2,628,completed,90191.936954,90191.9391381,90191.9404408,3.486799992970191
3,628,completed,90191.9369665,90191.9392267,90191.9409603,3.993799997260794
1,628,completed,90191.9369274,90191.9392546,90191.941428,4.5006000000284985
4,628,completed,90191.9371319,90191.9393792,90191.9419639,4.831999991438352
0,628,completed,90191.9372185,90191.9393937,90191.9425313,5.312799999956042
2,629,completed,90191.9644863,90191.9662639,90191.9670961,2.6097999943885952
5,629,completed,90191.9645384,90191.9663941,90191.9675801,3.04169999435544
4,629,completed,90191.964523,90191.9665747,90191.9680399,3.516900003887713
1,629,completed,90191.9646371,90191.9666566,90191.9685159,3.87879999470897
0,629,completed,90191.9647401,90191.9666982,90191.9690078,4.2677000019466504
3,629,completed,90191.9647898,90191.9667005,90191.9694962,4.706400010036305
0,630,completed,90191.9994138,90192.0015175,90192.0022657,2.851899989764206
5,630,completed,90191.9994285,90192.0014538,90192.0027976,3.3690999989630654
2,630,completed,90191.9994944,90192.0017131,90192.0032352,3.7407999916467816
1,630,completed,90191.9996068,90192.0017502,90192.0036447,4.037899998365901
3,630,completed,90191.999571,90192.001745,90192.004086,4.515000007813796
4,630,completed,90191.9998128,90192.0017828,90192.004552,4.739199997857213
3,631,completed,90192.0337752,90192.035788,90192.036536,2.760799994575791
1,631,completed,90192.033734,90192.0356814,90192.0370869,3.35290000657551
2,631,completed,90192.0338155,90192.0358717,90192.0375439,3.7283999990904704
4,631,completed,90192.0338351,90192.0359795,90192.0379864,4.151300003286451
0,631,completed,90192.0339263,90192.0359801,90192.0384271,4.500799986999482
5,631,completed,90192.0339699,90192.0360077,90192.0388619,4.891999997198582
0,632,completed,90192.0686933,90192.0705983,90192.0712713,2.577999999630265
2,632,completed,90192.0687404,90192.0705583,90192.071774,3.0335999908857048
4,632,completed,90192.0686865,90192.0706356,90192.0722225,3.536000003805384
1,632,completed,90192.0689168,90192.0707748,90192.0726639,3.7471000105142593
5,632,completed,90192.0688116,90192.0708438,90192.0731002,4.288600001018494
3,632,completed,90192.068998,90192.0708776,90192.0735491,4.5510999916587025
0,633,completed,90192.1034606,90192.1051957,90192.1060839,2.623299995320849
2,633,completed,90192.1035159,90192.1055672,90192.1065794,3.063500000280328
1,633,completed,90192.1035689,90192.1056241,90192.1070349,3.4659999946597964
5,633,completed,90192.1036724,90192.1056452,90192.1074773,3.804899999522604
3,633,completed,90192.1037484,90192.1056057,90192.1079756,4.227199999149889
4,633,completed,90192.1035611,90192.1056167,90192.1085236,4.962500010151416
0,634,completed,90192.137903,90192.1399107,90192.1406571,2.7541000017663464
4,634,completed,90192.1379358,90192.1400003,90192.1411743,3.238500008592382
1,634,completed,90192.1378837,90192.1400365,90192.1416256,3.7419000000227243
3,634,completed,90192.1379789,90192.1400991,90192.1420701,4.091199996764772
2,634,completed,90192.1381377,90192.1401153,90192.1425201,4.382399987662211
5,634,completed,90192.1380466,90192.1401193,90192.1429654,4.918799997540191
0,635,completed,90192.172838,90192.1748038,90192.1754905,2.652499999385327
1,635,completed,90192.1729159,90192.174782,90192.1759744,3.058500005863607
3,635,completed,90192.1730917,90192.1749159,90192.1764172,3.3255000016652048
4,635,completed,90192.172859,90192.1747826,90192.1768568,3.997799998614937
5,635,completed,90192.1729846,90192.1749991,90192.1772766,4.292000012355857
2,635,completed,90192.1732024,90192.1750443,90192.1777175,4.515100008575246
5,636,completed,90192.2007382,90192.2024723,90192.2034211,2.682899998035282
3,636,completed,90192.2008654,90192.2027783,90192.203924,3.0586000066250563
1,636,completed,90192.2007883,90192.2028761,90192.2043985,3.610200001276098
4,636,completed,90192.2007745,90192.202862,90192.2048708,4.096299991942942
2,636,completed,90192.2009693,90192.2030072,90192.2053486,4.379299993161112
0,636,completed,90192.2009923,90192.2030176,90192.2058104,4.8181000020122156
0,637,completed,90192.2352962,90192.2369817,90192.2378333,2.537099993787706
4,637,completed,90192.2354009,90192.2373939,90192.2383224,2.9214999958639964
2,637,completed,90192.2353661,90192.2373817,90192.2387989,3.4328000037930906
5,637,completed,90192.2355773,90192.2374275,90192.2392456,3.668299992568791
1,637,completed,90192.2352762,90192.2373147,90192.2396832,4.407000000355765
3,637,completed,90192.2355045,90192.2374226,90192.2401153,4.610799995134585
2,638,completed,90192.2704018,90192.2721065,90192.2729805,2.5787000049604103
0,638,completed,90192.2705898,90192.2724354,90192.2734894,2.8996000037295744
1,638,completed,90192.2704335,90192.2724351,90192.2739607,3.5271999950055033
4,638,completed,90192.2704581,90192.2725439,90192.2744446,3.9864999998826534
3,638,completed,90192.270543,90192.2725735,90192.2749477,4.404699997394346
5,638,completed,90192.2706528,90192.2725962,90192.2754375,4.784699995070696
1,639,completed,90192.3115299,90192.3138201,90192.3146062,3.0762999958824366
0,639,completed,90192.31153,90192.3138844,90192.315111,3.58099999721162
3,639,completed,90192.31186,90192.3140625,90192.3156106,3.7505999935092404
2,639,completed,90192.3116407,90192.3140564,90192.316078,4.437299998244271
5,639,completed,90192.3117347,90192.3140447,90192.3165396,4.80490000336431
4,639,completed,90192.3119141,90192.3141513,90192.3169805,5.06640000094194
4,640,completed,90192.3326658,90192.3348767,90192.3356347,2.9688999929931015
3,640,completed,90192.3327361,90192.3350605,90192.3361581,3.4220000088680536
2,640,completed,90192.3328018,90192.3350552,90192.3366448,3.842999998596497
5,640,completed,90192.3326822,90192.3350461,90192.3371622,4.480000003241003
1,640,completed,90192.3329958,90192.3351184,90192.3376374,4.641600011382252
0,640,completed,90192.332909,90192.3351856,90192.3380815,5.172499993932433
3,641,completed,90192.3744342,90192.3763632,90192.3772034,2.7692000003298745
2,641,completed,90192.3744169,90192.3763634,90192.3777521,3.3352000027662143
5,641,completed,90192.3744692,90192.3765718,90192.3782483,3.779099992243573
1,641,completed,90192.3746253,90192.3766481,90192.3787382,4.11290000192821
0,641,completed,90192.3745387,90192.3766253,90192.379405,4.866300005232915
4,641,completed,90192.3745201,90192.3766209,90192.3798342,5.314099995302968
5,642,completed,90192.4017546,90192.4039798,90192.4047555,3.0009000038262457
2,642,completed,90192.4017258,90192.4040744,90192.4052767,3.5509000008460134
3,642,completed,90192.4018228,90192.4041659,90192.4057359,3.9130999939516187
4,642,completed,90192.4017937,90192.4041345,90192.4062078,4.414099996211007
0,642,completed,90192.402276,90192.4041883,90192.4067845,4.508500001975335
1,642,completed,90192.4023226,90192.4043004,90192.407227,4.904400004306808
1,643,completed,90192.4369633,90192.4392732,90192.4401026,3.1392999953823164
4,643,completed,90192.436935,90192.4392818,90192.4407553,3.82030000037048
0,643,completed,90192.4370435,90192.4393728,90192.4413508,4.307299997890368
5,643,completed,90192.4373254,90192.4394893,90192.4419399,4.614500008756295
2,643,completed,90192.4372312,90192.4395878,90192.4424963,5.2651000005425885
3,643,completed,90192.4371385,90192.4395567,90192.4430481,5.909600004088134
4,644,completed,90192.4715991,90192.473465,90192.4742762,2.677099997526966
5,644,completed,90192.4718281,90192.473705,90192.4747819,2.9538000089814886
3,644,completed,90192.4715745,90192.4736441,90192.4752262,3.651699997135438
0,644,completed,90192.4716571,90192.4737181,90192.4756633,4.0062000043690205
1,644,completed,90192.4718166,90192.4738019,90192.4761582,4.341600011684932
2,644,completed,90192.4717346,90192.4737762,90192.4766416,4.907000009552576
4,645,completed,90192.4992374,90192.5011102,90192.5019482,2.7108000067528337
2,645,completed,90192.4992344,90192.5011075,90192.5024519,3.2174999942071736
3,645,completed,90192.4992934,90192.5014087,90192.5029187,3.6252999998396263
0,645,completed,90192.4993929,90192.5013875,90192.503406,4.013099998701364
1,645,completed,90192.4994338,90192.5014092,90192.5038533,4.419500008225441
5,645,completed,90192.4995241,90192.5015202,90192.5043147,4.790599996340461
4,646,completed,90192.5339021,90192.535873,90192.5365244,2.622300002258271
5,646,completed,90192.5338802,90192.5357643,90192.5370194,3.139199994620867
0,646,completed,90192.5339939,90192.535935,90192.5374767,3.482800006167963
2,646,completed,90192.5339223,90192.5359011,90192.5379385,4.016199993202463
3,646,completed,90192.5341223,90192.5360007,90192.538397,4.274699997040443
1,646,completed,90192.534054,90192.536029,90192.5388435,4.789500002516434
4,647,completed,90192.5687967,90192.5706445,90192.5714723,2.675600000657141
3,647,completed,90192.5688618,90192.5708133,90192.5719581,3.0963000026531518
5,647,completed,90192.5689171,90192.5709257,90192.5724103,3.493199998047203
1,647,completed,90192.568995,90192.5709365,90192.5728504,3.8554000057047233
0,647,completed,90192.5689787,90192.5710339,90192.5732852,4.306499991798773
2,647,completed,90192.56894,90192.5710161,90192.5738272,4.887200004304759
0,648,completed,90192.6035231,90192.6055486,90192.6062852,2.7621000044746324
2,648,completed,90192.6035368,90192.6056622,90192.6067702,3.2333999988622963
1,648,completed,90192.603569,90192.6057224,90192.6072236,3.6546000046655536
4,648,completed,90192.603677,90192.6057479,90192.6076927,4.015699989395216
3,648,completed,90192.6036537,90192.6058173,90192.6081271,4.473399996641092
5,648,completed,90192.6038812,90192.6058615,90192.6086301,4.748899998958223
0,649,completed,90192.6382024,90192.6400444,90192.6410003,2.7979000005871058
5,649,completed,90192.6382027,90192.6401455,90192.6414818,3.279099997598678
4,649,completed,90192.638354,90192.6402633,90192.6419317,3.5777000011876225
1,649,completed,90192.6382251,90192.6402977,90192.6423905,4.165399994235486
2,649,completed,90192.6382861,90192.6402642,90192.6428274,4.541300004348159
3,649,completed,90192.6384866,90192.6404027,90192.6432651,4.778500006068498
5,650,completed,90192.6658711,90192.6678331,90192.6685824,2.711299996008165
3,650,completed,90192.6658611,90192.6680009,90192.6691146,3.2534999918425456
1,650,completed,90192.6659104,90192.6680541,90192.6696304,3.720000007888302
4,650,completed,90192.6660438,90192.6681259,90192.6701083,4.064499997184612
2,650,completed,90192.6660086,90192.6681117,90192.6705666,4.558000000542961
0,650,completed,90192.6728602,90192.6732322,90192.6738241,0.9639000054448843
4,651,completed,90192.7006126,90192.7023261,90192.7032024,2.58979998761788
1,651,completed,90192.7006703,90192.7024843,90192.7037002,3.029900006367825
2,651,completed,90192.7007534,90192.7027908,90192.7041681,3.4146999969379976
5,651,completed,90192.700701,90192.7027637,90192.7046117,3.910700004780665
3,651,completed,90192.7008446,90192.7028249,90192.705064,4.219399997964501
0,651,completed,90192.7008878,90192.7028267,90192.7055372,4.649399998015724
3,652,completed,90192.7354793,90192.7373878,90192.7381303,2.6510000025155023
1,652,completed,90192.7354991,90192.7373709,90192.7386426,3.143499998259358
5,652,completed,90192.7356491,90192.7375779,90192.7391488,3.499700003885664
4,652,completed,90192.735579,90192.7375647,90192.7396323,4.0532999992137775
0,652,completed,90192.7356036,90192.7376451,90192.7400962,4.492599997320212
2,652,completed,90192.7357351,90192.7376929,90192.7405467,4.81160001072567
3,653,completed,90192.7702449,90192.7722199,90192.7729317,2.6867999986279756
1,653,completed,90192.7702314,90192.7722328,90192.7734159,3.1844999903114513
0,653,completed,90192.7703531,90192.772372,90192.7739017,3.548599997884594
4,653,completed,90192.770395,90192.7724173,90192.7743549,3.959900001063943
5,653,completed,90192.7702779,90192.7724246,90192.774838,4.560100001981482
2,653,completed,90192.7704512,90192.7724751,90192.7753312,4.879999993136153
3,654,completed,90192.8048482,90192.8070118,90192.8076861,2.8378999995766208
1,654,completed,90192.80481,90192.8069616,90192.8082882,3.478200000245124
4,654,completed,90192.8049944,90192.8069933,90192.8088369,3.8425000093411654
2,654,completed,90192.8051325,90192.8071065,90192.8093488,4.216300003463402
5,654,completed,90192.8049011,90192.8071056,90192.8098835,4.982400001608767
0,654,completed,90192.8050445,90192.8071414,90192.8104769,5.4324000084307045
5,655,completed,90192.8394064,90192.8414544,90192.8422352,2.8288000030443072
3,655,completed,90192.8393438,90192.8414052,90192.8427841,3.4402999881422147
2,655,completed,90192.8393482,90192.8415097,90192.8433092,3.9610000094398856
0,655,completed,90192.8394702,90192.8415453,90192.8438348,4.364600012195297
1,655,completed,90192.8394631,90192.8415545,90192.8443247,4.861599998548627
4,655,completed,90192.8395109,90192.8416178,90192.8448118,5.300899996655062
0,656,completed,90192.8672609,90192.8688207,90192.8697651,2.504199990653433
3,656,completed,90192.8673688,90192.8692018,90192.8702676,2.8987999976379797
1,656,completed,90192.8673316,90192.8692373,90192.8707293,3.3976999984588474
4,656,completed,90192.8673048,90192.8692555,90192.8711796,3.874799993354827
5,656,completed,90192.8674563,90192.8693688,90192.8715989,4.142600009799935
2,656,completed,90192.8675065,90192.869376,90192.8720592,4.552700003841892
1,657,completed,90192.9120876,90192.9133552,90192.9147363,2.6486999995540828
5,657,completed,90192.9122853,90192.9140192,90192.9153811,3.095799998845905
3,657,completed,90192.9122638,90192.9141757,90192.9160997,3.835900002741255
2,657,completed,90192.9127246,90192.9144235,90192.9168572,4.132600006414577
0,657,completed,90192.9126019,90192.914453,90192.9176208,5.018900003051385
4,657,completed,90192.9126396,90192.9145072,90192.9181905,5.550899993977509
1,658,completed,90192.9364364,90192.9380477,90192.9390707,2.634299991768785
4,658,completed,90192.9364223,90192.9383267,90192.9396476,3.225299995392561
0,658,completed,90192.9364643,90192.9384931,90192.940191,3.726700000697747
5,658,completed,90192.9369281,90192.9386615,90192.9407011,3.7730000040028244
2,658,completed,90192.9368585,90192.9386455,90192.9412458,4.387299995869398
3,658,completed,90192.9368806,90192.9386576,90192.941762,4.881400003796443
0,659,completed,90192.9711707,90192.9730596,90192.9739871,2.816400010487996
5,659,completed,90192.9712153,90192.97346,90192.9745171,3.3017999958246946
1,659,completed,90192.9711966,90192.9734078,90192.9750036,3.807000000961125
3,659,completed,90192.9713473,90192.9734332,90192.9754684,4.121100006159395
4,659,completed,90192.9712813,90192.9734537,90192.9759369,4.655600001569837
2,659,completed,90192.971418,90192.9735166,90192.9763775,4.959500001859851
5,660,completed,90192.9989312,90193.0005534,90193.0015382,2.6070000021718442
2,660,completed,90192.9989553,90193.0006043,90193.0021168,3.1614999898010865
0,660,completed,90192.9989675,90193.0006597,90193.002573,3.605500009143725
4,660,completed,90192.9994329,90193.001049,90193.0030397,3.606799989938736
3,660,completed,90192.9993873,90193.001172,90193.0034909,4.103599989321083
1,660,completed,90192.9995217,90193.0012027,90193.0039994,4.477700000279583
0,661,completed,90193.0337418,90193.0358865,90193.0365912,2.849399999831803
1,661,completed,90193.0337419,90193.0359483,90193.0371022,3.3603000047151
5,661,completed,90193.0337508,90193.0360012,90193.0375646,3.813800009083934
3,661,completed,90193.0338259,90193.0360577,90193.03802,4.194100009044632
4,661,completed,90193.033859,90193.0360834,90193.0384866,4.627599992090836
2,661,completed,90193.0337892,90193.0360477,90193.0389362,5.147000003489666
5,662,completed,90193.068439,90193.0706061,90193.0715035,3.0645000078948215
0,662,completed,90193.0684193,90193.0707778,90193.0721331,3.7137999897822738
4,662,completed,90193.0686218,90193.0708313,90193.0726755,4.053700002259575
2,662,completed,90193.0684656,90193.0708283,90193.0732154,4.749800005811267
3,662,completed,90193.0684935,90193.0709046,90193.073744,5.250499991234392
1,662,completed,90193.0685784,90193.0709367,90193.0742556,5.677200009813532
1,663,completed,90193.1031341,90193.1051592,90193.1059021,2.7679999911924824
0,663,completed,90193.1031155,90193.1053591,90193.1064224,3.3069000055547804
3,663,completed,90193.1031449,90193.1053875,90193.1069581,3.813200004515238
4,663,completed,90193.1033089,90193.1053957,90193.1074205,4.111600006581284
5,663,completed,90193.1032482,90193.1053848,90193.1079155,4.667300003347918
2,663,completed,90193.1032074,90193.1053753,90193.1084471,5.23970001086127
3,664,completed,90193.1378129,90193.139668,90193.1405388,2.725900005316362
1,664,completed,90193.1378928,90193.1398824,90193.1416433,3.750499992747791
5,664,completed,90193.1378283,90193.1399663,90193.1421106,4.282300011254847
2,664,completed,90193.1379594,90193.1399869,90193.1425511,4.5916999952169135
4,664,completed,90193.1380419,90193.1400149,90193.1429961,4.954199990606867
0,664,completed,90193.1378963,90193.1400577,90193.1434461,5.549800000153482
2,665,completed,90193.1656448,90193.1675946,90193.1683569,2.71210000209976
5,665,completed,90193.1655868,90193.1676611,90193.1688514,3.264600003603846
0,665,completed,90193.165599,90193.1677143,90193.1693339,3.7349000049289316
1,665,completed,90193.165785,90193.1677671,90193.1698358,4.050799994729459
3,665,completed,90193.1656731,90193.1678471,90193.1703025,4.629400005796924
4,665,completed,90193.1657523,90193.1678723,90193.1707468,4.99449999188073
5,666,completed,90193.2003423,90193.2024581,90193.203086,2.7436999953351915
3,666,completed,90193.2003976,90193.2025338,90193.2035927,3.195099998265505
4,666,completed,90193.2003408,90193.2024621,90193.2040973,3.7564999947790056
2,666,completed,90193.2006924,90193.2026263,90193.2045927,3.90029999834951
0,666,completed,90193.2005014,90193.2025295,90193.2050909,4.589499993016943
1,666,completed,90193.2003816,90193.2025277,90193.2055641,5.182499997317791
2,667,completed,90193.2350705,90193.2368796,90193.2377718,2.701300007174723
3,667,completed,90193.2351083,90193.237029,90193.2383091,3.2007999980123714
0,667,completed,90193.2352306,90193.2372688,90193.2387701,3.5395000013522804
1,667,completed,90193.2351538,90193.2372813,90193.2392304,4.07660000200849
4,667,completed,90193.2353276,90193.2372695,90193.2397068,4.379199992399663
5,667,completed,90193.2352742,90193.2373185,90193.2401646,4.890400014119223
4,668,completed,90193.2697272,90193.2715358,90193.2723622,2.6350000116508454
5,668,completed,90193.2698325,90193.2717364,90193.2728877,3.0552000098396093
0,668,completed,90193.2697376,90193.2717562,90193.2734053,3.66770000255201
1,668,completed,90193.2697514,90193.2718481,90193.2738796,4.128200002014637
2,668,completed,90193.270226,90193.2719414,90193.2743718,4.145800005062483
3,668,completed,90193.2701899,90193.2719677,90193.2748845,4.694600007496774
2,669,completed,90193.3046821,90193.3068624,90193.3078947,3.2126000005519018
1,669,completed,90193.3047132,90193.3070124,90193.3085654,3.8521999958902597
0,669,completed,90193.3047618,90193.3071782,90193.3090898,4.327999995439313
4,669,completed,90193.3048394,90193.3072901,90193.3097112,4.871799988904968
5,669,completed,90193.3048049,90193.3073612,90193.3102666,5.461699998704717
3,669,completed,90193.304681,90193.307418,90193.3108423,6.161299999803305
1,670,completed,90193.3325976,90193.3345731,90193.3351891,2.591500000562519
5,670,completed,90193.332564,90193.3344715,90193.3356787,3.1146999972406775
4,670,completed,90193.3325649,90193.3346646,90193.3361638,3.5989000025438145
0,670,completed,90193.3326179,90193.3346847,90193.3366646,4.046700007165782
2,670,completed,90193.3326582,90193.3347022,90193.3371544,4.496199995628558
3,670,completed,90193.3392321,90193.3396772,90193.3403302,1.0980999941239133
0,671,completed,90193.3671117,90193.3694137,90193.3703273,3.2155999942915514
1,671,completed,90193.3671306,90193.3693768,90193.3709015,3.7709000025643036
4,671,completed,90193.3671797,90193.3695247,90193.3714872,4.307499999413267
2,671,completed,90193.3672986,90193.3695796,90193.3720044,4.705799990915693
3,671,completed,90193.36727,90193.369613,90193.3725912,5.32119999115821
5,671,completed,90193.3672024,90193.3696633,90193.3730762,5.87380000797566
3,672,completed,90193.4018514,90193.4041803,90193.4050724,3.22099999175407
0,672,completed,90193.4018879,90193.4043203,90193.4058749,3.986999989137985
5,672,completed,90193.4018499,90193.404382,90193.4064049,4.555000006803311
2,672,completed,90193.4022963,90193.4045496,90193.4069343,4.637999998521991
1,672,completed,90193.4022424,90193.4045981,90193.4074856,5.243199993856251
4,672,completed,90193.4023813,90193.4045691,90193.4080467,5.665400007274002
1,673,completed,90193.4365022,90193.438677,90193.4394042,2.9020000074524432
3,673,completed,90193.4364527,90193.4386103,90193.4399539,3.501200000755489
2,673,completed,90193.4365754,90193.4387687,90193.4405044,3.9289999986067414
5,673,completed,90193.4364528,90193.4388878,90193.4410572,4.604400004609488
0,673,completed,90193.4366493,90193.4388746,90193.441588,4.938700003549457
4,673,completed,90193.4367243,90193.4388761,90193.4421289,5.404600000474602
5,674,completed,90193.4712213,90193.4733283,90193.473959,2.737699993303977
4,674,completed,90193.4711967,90193.4732631,90193.4744895,3.2928000000538304
0,674,completed,90193.4711726,90193.4732209,90193.4749403,3.7677000073017552
2,674,completed,90193.4712602,90193.4734275,90193.4753819,4.121699996176176
3,674,completed,90193.471354,90193.473454,90193.4759107,4.556700005196035
1,674,completed,90193.4714519,90193.473477,90193.4764346,4.982700003893115
0,675,completed,90193.4989537,90193.5011255,90193.5018791,2.9254000110086054
4,675,completed,90193.4991076,90193.5011456,90193.5023813,3.2737000001361594
3,675,completed,90193.4990008,90193.5011972,90193.5028507,3.84989999292884
5,675,completed,90193.4990734,90193.5011294,90193.5032924,4.218999994918704
2,675,completed,90193.4989812,90193.501126,90193.5037503,4.769100007251836
1,675,completed,90193.499169,90193.5012719,90193.5041941,5.025099992053583
3,676,completed,90193.5337362,90193.5358625,90193.5364267,2.6904999976977706
0,676,completed,90193.5337049,90193.5357774,90193.5370742,3.369300000485964
1,676,completed,90193.533793,90193.5357749,90193.5375245,3.7315000081434846
5,676,completed,90193.5337172,90193.5358419,90193.5380251,4.307900002459064
4,676,completed,90193.533893,90193.5358853,90193.5385126,4.619600003934465
2,676,completed,90193.5340525,90193.5359717,90193.5389709,4.9183999944943935
1,677,completed,90193.5688355,90193.5713548,90193.571971,3.135499995551072
3,677,completed,90193.5687061,90193.5712887,90193.5724628,3.7566999963019043
4,677,completed,90193.5686915,90193.571382,90193.5729745,4.283000002033077
5,677,completed,90193.5689439,90193.5713966,90193.5735006,4.556700005196035
0,677,completed,90193.5687353,90193.5712879,90193.5740854,5.350100007490255
2,677,completed,90193.5689335,90193.5714581,90193.5745255,5.591999986791052
0,678,completed,90193.6031878,90193.6052213,90193.6061056,2.9177999967942014
1,678,completed,90193.6031776,90193.6052184,90193.6066026,3.425000002607703
4,678,completed,90193.60332,90193.6053975,90193.6070544,3.734400001121685
3,678,completed,90193.6032646,90193.6053781,90193.6075397,4.2751000000862405
5,678,completed,90193.6033864,90193.6055239,90193.6080041,4.617699989466928
2,678,completed,90193.6034351,90193.605554,90193.6085432,5.108099998324178
4,679,completed,90193.6378019,90193.6396305,90193.6404865,2.6845999964280054
3,679,completed,90193.6379258,90193.6398223,90193.6410175,3.091700011282228
5,679,completed,90193.6378211,90193.6398891,90193.6419828,4.161700009717606
0,679,completed,90193.6378295,90193.6398876,90193.6424683,4.6387999900616705
1,679,completed,90193.6380376,90193.6400099,90193.6429104,4.872799996519461
2,679,completed,90193.638082,90193.6400259,90193.6434141,5.332100001396611
0,680,completed,90193.6658267,90193.6678551,90193.6683951,2.5683999992907047
4,680,completed,90193.6657967,90193.6678551,90193.6688881,3.0913999944459647
3,680,completed,90193.6656724,90193.6677875,90193.669343,3.6705999955302104
5,680,completed,90193.6656863,90193.6677739,90193.6698195,4.133200010983273
2,680,completed,90193.6656027,90193.6678233,90193.6703264,4.723699996247888
1,680,completed,90193.6656027,90193.6678219,90193.670837,5.234299998846836
0,681,completed,90193.7003888,90193.7022769,90193.7030211,2.6322999910917133
2,681,completed,90193.7003672,90193.7024155,90193.7035442,3.177000005962327
5,681,completed,90193.7005981,90193.702469,90193.7040089,3.410799996345304
1,681,completed,90193.7004064,90193.7024711,90193.7044561,4.049699986353517
4,681,completed,90193.700465,90193.7025426,90193.7048864,4.421399993589148
3,681,completed,90193.7005402,90193.7025777,90193.7053325,4.792299994733185
3,682,completed,90193.7350998,90193.7371731,90193.7378636,2.763800002867356
4,682,completed,90193.7352479,90193.7372703,90193.7384256,3.1776999967405573
1,682,completed,90193.7351873,90193.7371558,90193.7388866,3.6992999957874417
5,682,completed,90193.7351326,90193.7372789,90193.7393251,4.192499996861443
2,682,completed,90193.7351208,90193.7372692,90193.7397964,4.675599993788637
0,682,completed,90193.7353899,90193.737374,90193.7402294,4.839500004891306
0,683,completed,90193.7699762,90193.7720025,90193.7726401,2.66389999887906
2,683,completed,90193.7698698,90193.771917,90193.7731313,3.2614999945508316
3,683,completed,90193.7698042,90193.7720344,90193.7736049,3.8006999966455624
5,683,completed,90193.7699094,90193.7720707,90193.7740573,4.147900006501004
4,683,completed,90193.7698041,90193.7720169,90193.7745274,4.7233000077540055
1,683,completed,90193.7700479,90193.7721186,90193.7750017,4.953800002112985
0,684,completed,90193.7976815,90193.7996318,90193.8002803,2.5987999979406595
2,684,completed,90193.7976444,90193.7996533,90193.8008414,3.1970000127330422
5,684,completed,90193.7977907,90193.7997313,90193.8013269,3.5361999907763675
3,684,completed,90193.7975999,90193.7997422,90193.8017845,4.184599994914606
4,684,completed,90193.7975998,90193.7997554,90193.8022193,4.619500003173016
1,684,completed,90193.8045199,90193.8049217,90193.805554,1.0341000015614554
1,685,completed,90193.8322355,90193.8326926,90193.8333195,1.0840000031748787
5,685,completed,90193.8395331,90193.8416044,90193.8422854,2.7522999880602583
0,685,completed,90193.839655,90193.8416975,90193.8428067,3.151700002490543
2,685,completed,90193.839559,90193.8417505,90193.8432694,3.7103999929968268
4,685,completed,90193.8394673,90193.8417376,90193.8437249,4.2575999977998435
3,685,completed,90193.8395506,90193.8417506,90193.8441768,4.626200010534376
2,686,completed,90193.8671511,90193.8696816,90193.8703305,3.1793999951332808
0,686,completed,90193.867217,90193.8695911,90193.8708933,3.676299995277077
4,686,completed,90193.8671552,90193.869743,90193.8713821,4.226899996865541
3,686,completed,90193.8671141,90193.8697626,90193.8719166,4.802499999641441
5,686,completed,90193.8672964,90193.8697987,90193.8724122,5.115799998748116
1,686,completed,90193.8673578,90193.8698134,90193.8728701,5.51229999109637
1,687,completed,90193.9090376,90193.9114732,90193.9121647,3.127100004348904
3,687,completed,90193.9087958,90193.9115055,90193.9128109,4.015099999378435
4,687,completed,90193.9087965,90193.9114088,90193.9134396,4.643099993700162
0,687,completed,90193.9091401,90193.911491,90193.9139867,4.846600000746548
2,687,completed,90193.9090817,90193.9114392,90193.914447,5.365300006815232
5,687,completed,90193.9089684,90193.9115231,90193.9148884,5.919999995967373
0,688,completed,90193.9367484,90193.9390524,90193.9396465,2.8981000068597496
4,688,completed,90193.9365938,90193.9390995,90193.9401376,3.5438000049907714
2,688,completed,90193.9365782,90193.9389483,90193.9405947,4.016500010038726
5,688,completed,90193.9365305,90193.9389789,90193.9410595,4.528999998001382
3,688,completed,90193.9366145,90193.9391518,90193.9415451,4.930600000079721
1,688,completed,90193.9369566,90193.939192,90193.9419809,5.024300000513904
4,689,completed,90193.9643679,90193.9661033,90193.9668982,2.530300000216812
3,689,completed,90193.9644951,90193.9662506,90193.9674736,2.978500007884577
0,689,completed,90193.9643398,90193.966308,90193.9679599,3.620099989348091
5,689,completed,90193.9643912,90193.9663392,90193.9684254,4.034199999296106
2,689,completed,90193.9645589,90193.9662876,90193.9689255,4.366599998320453
1,689,completed,90193.9711957,90193.9716073,90193.9722162,1.0204999998677522
4,690,completed,90193.9989167,90194.0009945,90194.0016456,2.7288999990560114
3,690,completed,90193.9989279,90194.0009732,90194.0021955,3.2675999973434955
2,690,completed,90193.9989941,90194.0009793,90194.0026587,3.664600008050911
5,690,completed,90193.9991418,90194.0010599,90194.0031132,3.9714000013191253
0,690,completed,90193.9991098,90194.0011419,90194.0035734,4.463599994778633
1,690,completed,90193.999057,90194.001154,90194.0040327,4.975700008799322
5,691,completed,90194.0337338,90194.0359503,90194.0366408,2.9070000018691644
1,691,completed,90194.0337487,90194.0360471,90194.0372101,3.4613999887369573
4,691,completed,90194.0337287,90194.0360609,90194.0377759,4.047199996421114
0,691,completed,90194.033832,90194.0359095,90194.038353,4.520999995293096
3,691,completed,90194.0339588,90194.0360368,90194.0389031,4.9442999879829586
2,691,completed,90194.0339032,90194.0360868,90194.0394177,5.51449999329634
2,692,completed,90194.0684527,90194.0704902,90194.0712457,2.793000006931834
0,692,completed,90194.068476,90194.070563,90194.0717367,3.260700003011152
1,692,completed,90194.0685288,90194.0706659,90194.0722105,3.6817000072915107
5,692,completed,90194.0685737,90194.0707115,90194.072675,4.1013000009115785
4,692,completed,90194.0686712,90194.0707258,90194.0731933,4.522100003669038
3,692,completed,90194.0687966,90194.0707595,90194.073698,4.901399996015243
3,693,completed,90194.1032209,90194.1052378,90194.1058972,2.6763000059872866
0,693,completed,90194.1032467,90194.1053063,90194.1064148,3.168099996400997
1,693,completed,90194.1034349,90194.1053624,90194.1068644,3.429500007769093
2,693,completed,90194.1031452,90194.1052954,90194.10732,4.174799993052147
5,693,completed,90194.1033374,90194.1053435,90194.1077894,4.452000008313917
4,693,completed,90194.1031397,90194.1052957,90194.1082603,5.120599991641939
0,694,completed,90194.1380617,90194.1400133,90194.1406381,2.5764000019989908
1,694,completed,90194.1379495,90194.1399761,90194.1411364,3.18689999403432
5,694,completed,90194.1379562,90194.1399759,90194.1421621,4.205900011584163
3,694,completed,90194.1382325,90194.1400869,90194.1426913,4.458800001884811
4,694,completed,90194.1381272,90194.1401637,90194.1431492,5.021999997552484
2,694,completed,90194.1380272,90194.1401033,90194.1435885,5.561300000408664
1,695,completed,90194.1796531,90194.1819667,90194.1827101,3.056999994441867
5,695,completed,90194.1796529,90194.1819868,90194.1832834,3.630499995779246
2,695,completed,90194.1797897,90194.1818897,90194.1838098,4.0200999937951565
4,695,completed,90194.1797039,90194.1818691,90194.1842932,4.58930000604596
0,695,completed,90194.1798844,90194.1820577,90194.1847596,4.87520000024233
3,695,completed,90194.1799697,90194.1820691,90194.1851835,5.21380000282079
4,696,completed,90194.2004608,90194.2025087,90194.2033327,2.8718999965349212
3,696,completed,90194.2005709,90194.2027023,90194.2038944,3.3235000009881333
5,696,completed,90194.2004771,90194.2027349,90194.2043832,3.906099998857826
2,696,completed,90194.2006907,90194.2027622,90194.2048558,4.165099991951138
1,696,completed,90194.2005538,90194.2027455,90194.2053002,4.74640000902582
0,696,completed,90194.2006204,90194.2028099,90194.2057423,5.121899986988865
1,697,completed,90194.2351213,90194.2370672,90194.2378357,2.7144000050611794
0,697,completed,90194.2351582,90194.2372043,90194.2383302,3.1719999969936907
2,697,completed,90194.2351661,90194.2372065,90194.2387837,3.617599999415688
4,697,completed,90194.2353021,90194.2373265,90194.2392159,3.913799999281764
3,697,completed,90194.2352383,90194.2373177,90194.2396661,4.42779999866616
5,697,completed,90194.2354543,90194.2373672,90194.2400881,4.633800010196865
0,698,completed,90194.2697957,90194.2723476,90194.2730827,3.2869999995455146
5,698,completed,90194.2697899,90194.2723575,90194.2736129,3.8229999918257818
4,698,completed,90194.2698766,90194.2724038,90194.27409,4.213400010485202
1,698,completed,90194.2699978,90194.2725126,90194.2745679,4.5701000053668395
2,698,completed,90194.2699505,90194.2724913,90194.2750346,5.08409999019932
3,698,completed,90194.270088,90194.2725184,90194.275523,5.434999999124557
0,699,completed,90194.3044601,90194.3066075,90194.3074613,3.0012000061105937
3,699,completed,90194.3044717,90194.3065922,90194.3083821,3.910400002496317
1,699,completed,90194.3045369,90194.3065618,90194.3092075,4.670599999371916
4,699,completed,90194.304631,90194.3067004,90194.3099564,5.325399994035251
2,699,completed,90194.3047084,90194.3068072,90194.3106426,5.9342000022297725
5,699,completed,90194.3045735,90194.3067826,90194.3114618,6.888299991260283
2,700,completed,90194.3326234,90194.3341029,90194.334661,2.0376000029500574
5,700,completed,90194.3326246,90194.3340891,90194.3351781,2.55349998769816
1,700,completed,90194.3392487,90194.3406671,90194.3412774,2.0287000079406425
3,700,completed,90194.3393014,90194.3407097,90194.3417928,2.4913999950513244
4,700,completed,90194.3392713,90194.3406669,90194.3422328,2.9614999948535115
0,700,completed,90194.3393459,90194.3407679,90194.3427257,3.379799993126653
2,701,completed,90194.3671606,90194.3696607,90194.3704339,3.273299997090362
1,701,completed,90194.3672683,90194.3696832,90194.3709498,3.681499991216697
3,701,completed,90194.3671195,90194.3698043,90194.371413,4.293499994673766
0,701,completed,90194.367429,90194.3698372,90194.3718644,4.4353999983286485
4,701,completed,90194.3673232,90194.3699187,90194.372308,4.9848000053316355
5,701,completed,90194.3671617,90194.3699784,90194.3728227,5.660999988322146
4,702,completed,90194.4017375,90194.4036167,90194.4044692,2.7317000058246776
0,702,completed,90194.4017325,90194.4039231,90194.40499,3.2574999931966886
5,702,completed,90194.4017584,90194.40396,90194.4054399,3.681500005768612
3,702,completed,90194.4019189,90194.4039534,90194.4058825,3.963600000133738
2,702,completed,90194.4018348,90194.4039951,90194.4063368,4.502000010688789
1,702,completed,90194.4018846,90194.4040112,90194.4067718,4.887200004304759
5,703,completed,90194.4365846,90194.4386732,90194.4392506,2.666000000317581
2,703,completed,90194.4365229,90194.4386234,90194.4397837,3.2608000037726015
1,703,completed,90194.4365132,90194.4386225,90194.4403158,3.8026000111130998
3,703,completed,90194.4366941,90194.4386686,90194.4407609,4.066800000146031
0,703,completed,90194.436782,90194.4386687,90194.4412713,4.489300001296215
4,703,completed,90194.4365076,90194.4386229,90194.441734,5.226400011451915
1,704,completed,90194.4712685,90194.4732174,90194.4739266,2.6580999983707443
3,704,completed,90194.4711435,90194.4731939,90194.4745311,3.3875999943120405
0,704,completed,90194.4711698,90194.4730056,90194.4750687,3.8989000022411346
5,704,completed,90194.4712014,90194.473291,90194.4755572,4.355800003395416
2,704,completed,90194.4713657,90194.4734226,90194.4760011,4.635400007828139
4,704,completed,90194.4714995,90194.4734321,90194.4764694,4.969900008291006
0,705,completed,90194.498933,90194.4993895,90194.5000361,1.1031000030925497
3,705,completed,90194.5059442,90194.5075921,90194.5082598,2.315599995199591
5,705,completed,90194.5059058,90194.5075335,90194.5087644,2.858599997125566
4,705,completed,90194.5060113,90194.5077846,90194.509245,3.233699986594729
1,705,completed,90194.5060953,90194.5077855,90194.5097032,3.6078999983146787
2,705,completed,90194.5060111,90194.5077512,90194.5102113,4.200199997285381
0,706,completed,90194.5336415,90194.5356154,90194.5364401,2.798599991365336
2,706,completed,90194.5336568,90194.5357383,90194.5369529,3.296099996077828
3,706,completed,90194.5337221,90194.5358713,90194.5374125,3.690400000778027
4,706,completed,90194.5337249,90194.5358748,90194.5378693,4.1443999944021925
5,706,completed,90194.5339275,90194.5359933,90194.5383277,4.400199992232956
1,706,completed,90194.5339207,90194.5359763,90194.5387862,4.865499999141321
5,707,completed,90194.5683951,90194.5704239,90194.571159,2.7639000036288053
3,707,completed,90194.5684777,90194.5704249,90194.571689,3.2113000052049756
2,707,completed,90194.5684254,90194.5703485,90194.5721436,3.7182000087341294
1,707,completed,90194.568649,90194.5706549,90194.5725958,3.9468000031774864
4,707,completed,90194.5686893,90194.5706657,90194.5730866,4.397299999254756
0,707,completed,90194.5685537,90194.5706366,90194.5735919,5.038200004491955
2,708,completed,90194.6031529,90194.6049193,90194.6057834,2.6304999919375405
3,708,completed,90194.6031324,90194.6052001,90194.6062696,3.1371999939437956
5,708,completed,90194.6032662,90194.6052538,90194.6067405,3.4742999996524304
4,708,completed,90194.603171,90194.6052977,90194.6072241,4.053099997690879
1,708,completed,90194.6033615,90194.6053643,90194.6077652,4.403699989779852
0,708,completed,90194.603334,90194.6053572,90194.6083034,4.969400004483759
4,709,completed,90194.6309028,90194.6329251,90194.6336258,2.7229999977862462
3,709,completed,90194.6309269,90194.6330657,90194.6341322,3.205299988621846
0,709,completed,90194.6310413,90194.6330766,90194.634586,3.5446999972919
2,709,completed,90194.6308802,90194.6329131,90194.6350277,4.147500003455207
5,709,completed,90194.6309669,90194.6331126,90194.6355052,4.538299996056594
1,709,completed,90194.6311252,90194.6331268,90194.6359806,4.855399994994514
5,710,completed,90194.665688,90194.6670571,90194.667645,1.9570000004023314
1,710,completed,90194.6656877,90194.6671037,90194.6681523,2.4645999947097152
4,710,completed,90194.6725848,90194.6738767,90194.6745711,1.9862999906763434
3,710,completed,90194.6726278,90194.6739032,90194.6750697,2.4418999964836985
0,710,completed,90194.6727191,90194.6740529,90194.6755474,2.8282999992370605
2,710,completed,90194.6727064,90194.6740681,90194.6760426,3.3361999958287925
0,711,completed,90194.7003599,90194.702445,90194.7032897,2.9298000008566305
2,711,completed,90194.7004036,90194.7025689,90194.7038027,3.399099994567223
3,711,completed,90194.7004568,90194.7024942,90194.7043078,3.851000001304783
4,711,completed,90194.7005881,90194.7025979,90194.7047656,4.177500013611279
1,711,completed,90194.7003886,90194.7025552,90194.7052398,4.851199992117472
5,711,completed,90194.700693,90194.7026811,90194.7056921,4.999099997803569
2,712,completed,90194.7350344,90194.736458,90194.7376009,2.5664999993750826
1,712,completed,90194.7350692,90194.7368556,90194.7381201,3.050899991649203
3,712,completed,90194.7353286,90194.7370926,90194.7385647,3.236100004869513
4,712,completed,90194.735525,90194.7372416,90194.7390303,3.5053000028710812
5,712,completed,90194.7354938,90194.7372402,90194.7394676,3.973799990490079
0,712,completed,90194.7354275,90194.7372622,90194.7399673,4.539800007478334
0,713,completed,90194.7698686,90194.772059,90194.7729757,3.107100012130104
5,713,completed,90194.7698944,90194.7720598,90194.7734828,3.5883999953512102
4,713,completed,90194.7699196,90194.7720687,90194.7739744,4.054799996083602
2,713,completed,90194.7700592,90194.7721805,90194.774471,4.411799993249588
3,713,completed,90194.7701022,90194.7722941,90194.7749401,4.837900007260032
1,713,completed,90194.7701535,90194.7722971,90194.7754021,5.248600005870685
0,714,completed,90194.7975868,90194.7994102,90194.8004365,2.849699987564236
3,714,completed,90194.7975969,90194.799528,90194.8009178,3.320900010294281
4,714,completed,90194.7976529,90194.7998096,90194.8013793,3.726399998413399
5,714,completed,90194.7976782,90194.7998377,90194.8018831,4.204899989417754
1,714,completed,90194.7978195,90194.7998926,90194.8023853,4.565800001728348
2,714,completed,90194.7979286,90194.7999122,90194.8028961,4.967499990016222
1,715,completed,90194.8323231,90194.8337597,90194.8343556,2.032500007771887
2,715,completed,90194.8323051,90194.8337889,90194.8349056,2.600499996333383
5,715,completed,90194.8324152,90194.8338281,90194.8353712,2.9559999966295436
0,715,completed,90194.8391888,90194.8401025,90194.8407892,1.600399991730228
3,715,completed,90194.839228,90194.8403088,90194.8413265,2.0985000010114163
4,715,completed,90194.8392376,90194.8403176,90194.8417934,2.555800005211495
0,716,completed,90194.8671571,90194.8695504,90194.8702451,3.0879999976605177
3,716,completed,90194.8671228,90194.8694954,90194.8707226,3.5997999948449433
5,716,completed,90194.8671003,90194.869673,90194.8711689,4.068599999300204
4,716,completed,90194.8672044,90194.8697575,90194.8716473,4.442899997229688
2,716,completed,90194.867311,90194.8697652,90194.8721361,4.8251000116579235
1,716,completed,90194.8673556,90194.8697761,90194.8725789,5.223300002398901
4,717,completed,90194.9017106,90194.9031031,90194.9043244,2.6138000102946535
5,717,completed,90194.9017512,90194.9034459,90194.9048405,3.089300007559359
1,717,completed,90194.9020204,90194.903906,90194.9053117,3.2913000031840056
3,717,completed,90194.9022123,90194.9039412,90194.9057905,3.578199990442954
0,717,completed,90194.9021589,90194.9039395,90194.9062349,4.075999997439794
2,717,completed,90194.9021106,90194.903955,90194.9066741,4.563499998766929
5,718,completed,90194.9365972,90194.9386399,90194.9392562,2.6590000052237883
3,718,completed,90194.9366219,90194.9386599,90194.9397857,3.1638000073144212
0,718,completed,90194.9365331,90194.938681,90194.9402776,3.744500005268492
2,718,completed,90194.9365521,90194.9385575,90194.9407848,4.232699997373857
4,718,completed,90194.9367451,90194.9387272,90194.9413059,4.560800007311627
1,718,completed,90194.9366831,90194.9387681,90194.9417668,5.083700001705438
4,719,completed,90194.9713119,90194.9735083,90194.974169,2.857100000255741
1,719,completed,90194.9712552,90194.9734336,90194.9747263,3.471100004389882
2,719,completed,90194.9715595,90194.973632,90194.9752049,3.6453999928198755
5,719,completed,90194.9714275,90194.9736097,90194.9756654,4.237899993313476
0,719,completed,90194.9713547,90194.9735942,90194.9761563,4.801600007340312
3,719,completed,90194.97149,90194.9736246,90194.9766375,5.147500007296912
3,720,completed,90194.998947,90195.0013677,90195.0021533,3.206299996236339
5,720,completed,90194.9989711,90195.0014958,90195.0026639,3.6928000045008957
0,720,completed,90194.99915,90195.0015532,90195.0031359,3.9858999953139573
1,720,completed,90194.9990523,90195.001574,90195.0035933,4.541000002063811
4,720,completed,90194.9991012,90195.001655,90195.0040541,4.952900009811856
2,720,completed,90194.9992816,90195.001649,90195.0044987,5.2170999988447875
0,721,completed,90195.0336679,90195.0358523,90195.0365516,2.8836999990744516
1,721,completed,90195.0337848,90195.0358294,90195.0371886,3.4038000012515113
3,721,completed,90195.033695,90195.0357474,90195.0377485,4.053500000736676
5,721,completed,90195.0337189,90195.0359111,90195.0382905,4.571600002236664
4,721,completed,90195.0337654,90195.0359642,90195.0387617,4.996299991034903
2,721,completed,90195.033932,90195.035997,90195.0392546,5.322599987266585
5,722,completed,90195.0686114,90195.0710588,90195.0717175,3.1061000045156106
1,722,completed,90195.0686859,90195.0710335,90195.0721982,3.512299997964874
0,722,completed,90195.0685318,90195.0710817,90195.0726656,4.133800001000054
4,722,completed,90195.0685079,90195.0711303,90195.0731169,4.609000010532327
2,722,completed,90195.068551,90195.0711699,90195.0735588,5.007799991290085
3,722,completed,90195.0686908,90195.0711714,90195.0740958,5.404999988968484
4,723,completed,90195.1032308,90195.1054443,90195.1061849,2.9540999967139214
0,723,completed,90195.1032596,90195.1056024,90195.1066889,3.4293000062461942
5,723,completed,90195.1035536,90195.1056391,90195.1071426,3.5889999999199063
2,723,completed,90195.1032786,90195.1056337,90195.107596,4.317400002037175
3,723,completed,90195.10339,90195.1056745,90195.1080256,4.635599994799122
1,723,completed,90195.1035289,90195.1057042,90195.1084938,4.96489999932237
3,724,completed,90195.1378416,90195.1398604,90195.1405949,2.753300010226667
5,724,completed,90195.1378717,90195.1398052,90195.1411397,3.268000000389293
1,724,completed,90195.1379245,90195.1399957,90195.1416373,3.7127999967196956
2,724,completed,90195.1379796,90195.1399983,90195.1420993,4.1197000100510195
0,724,completed,90195.1380095,90195.1401185,90195.1425388,4.52930000028573
4,724,completed,90195.1381791,90195.1401399,90195.1429658,4.786699995747767
3,725,completed,90195.1659236,90195.1679214,90195.1685026,2.5790000072447583
1,725,completed,90195.1657119,90195.1679311,90195.1690045,3.2925999985309318
0,725,completed,90195.1657499,90195.1679394,90195.1694657,3.7158000050112605
4,725,completed,90195.1658287,90195.1679643,90195.169924,4.095299998880364
2,725,completed,90195.165732,90195.167927,90195.1703695,4.63750000926666
5,725,completed,90195.1659842,90195.1679529,90195.1708816,4.897400009213015
2,726,completed,90195.2003294,90195.2022654,90195.2030706,2.7411999908508733
5,726,completed,90195.2004336,90195.202552,90195.2035811,3.147499999613501
1,726,completed,90195.2005569,90195.202602,90195.2040248,3.4678999945754185
3,726,completed,90195.2003575,90195.2025973,90195.2044668,4.109300003619865
4,726,completed,90195.2006209,90195.202605,90195.2049241,4.303200010326691
0,726,completed,90195.2003624,90195.2025952,90195.2053543,4.991899986634962
0,727,completed,90195.2352342,90195.2376605,90195.2382754,3.0412000051001087
4,727,completed,90195.2351279,90195.2376263,90195.2387718,3.6438999959500507
2,727,completed,90195.2354465,90195.2377531,90195.2392478,3.8013000012142584
5,727,completed,90195.2353241,90195.2377415,90195.2397381,4.414000010001473
1,727,completed,90195.2351424,90195.2377523,90195.2402075,5.0651000055950135
3,727,completed,90195.2351534,90195.237757,90195.2406767,5.523300002096221
5,728,completed,90195.2699515,90195.2723945,90195.2747725,4.820999994990416
2,728,completed,90195.2699261,90195.2726407,90195.2756717,5.7456000067759305
0,728,completed,90195.2699721,90195.2726248,90195.2762928,6.320700005744584
3,728,completed,90195.270214,90195.2726471,90195.2770424,6.828400000813417
4,728,completed,90195.2700852,90195.2727224,90195.2778444,7.75920000160113
1,728,completed,90195.2701371,90195.2727365,90195.2783705,8.23340000351891
1,729,completed,90195.3044848,90195.3059895,90195.3070936,2.608800001326017
2,729,completed,90195.3045259,90195.3063796,90195.3076053,3.0793999903835356
4,729,completed,90195.3046873,90195.3066117,90195.3080779,3.3906000026036054
5,729,completed,90195.3047405,90195.3066875,90195.3085227,3.7822000012965873
0,729,completed,90195.3047732,90195.306728,90195.3089667,4.193500004475936
3,729,completed,90195.3049541,90195.3067559,90195.3094836,4.529500001808628
1,730,completed,90195.3405513,90195.3425284,90195.3431712,2.619899998535402
0,730,completed,90195.3404984,90195.3424343,90195.3437271,3.228700006729923
3,730,completed,90195.3404803,90195.3424263,90195.3441984,3.718099993420765
2,730,completed,90195.3405655,90195.3425564,90195.3446628,4.0972999995574355
5,730,completed,90195.3406388,90195.3425722,90195.3451161,4.477299997233786
4,730,completed,90195.3407813,90195.3426113,90195.3455826,4.801300005055964
2,731,completed,90195.3670284,90195.3687595,90195.3696114,2.5830000085989013
1,731,completed,90195.3670574,90195.369037,90195.3701301,3.072699997574091
5,731,completed,90195.3671931,90195.3691506,90195.3705831,3.3899999980349094
4,731,completed,90195.3670891,90195.3691917,90195.371027,3.9379000081680715
0,731,completed,90195.3673359,90195.3691947,90195.3714852,4.14930000260938
3,731,completed,90195.3672749,90195.3692507,90195.3719144,4.639500009943731
1,732,completed,90195.401784,90195.4043999,90195.4050007,3.216700002667494
0,732,completed,90195.4017498,90195.4043686,90195.4055224,3.772600000957027
5,732,completed,90195.4018646,90195.4043626,90195.4059817,4.117099990253337
2,732,completed,90195.4019837,90195.4044113,90195.4064268,4.4430999987525865
3,732,completed,90195.4017687,90195.4043173,90195.406896,5.127299999003299
4,732,completed,90195.4019473,90195.4044923,90195.407338,5.390700011048466
2,733,completed,90195.4364756,90195.4385178,90195.4391852,2.7095999976154417
5,733,completed,90195.4365085,90195.4385643,90195.4397649,3.256399999372661
4,733,completed,90195.4364556,90195.4385119,90195.4402577,3.802100007305853
1,733,completed,90195.4365997,90195.4386473,90195.4407722,4.172500004642643
0,733,completed,90195.4366583,90195.4386498,90195.4413178,4.659500002162531
3,733,completed,90195.4365632,90195.4386439,90195.4418477,5.284500002744608
1,734,completed,90195.4642086,90195.4661243,90195.4669713,2.7627000090433285
5,734,completed,90195.4642657,90195.4663337,90195.4674878,3.2221000001300126
3,734,completed,90195.4644751,90195.4664594,90195.4679577,3.4826000046450645
4,734,completed,90195.4642447,90195.4663372,90195.4684161,4.1714000108186156
0,734,completed,90195.4643174,90195.466345,90195.4689366,4.619200000888668
2,734,completed,90195.4644687,90195.4664723,90195.4694234,4.954700008966029
1,735,completed,90195.4990036,90195.4997511,90195.5003432,1.3395999994827434
4,735,completed,90195.506,90195.5078915,90195.5085994,2.5994000025093555
2,735,completed,90195.5062033,90195.5080501,90195.5091182,2.914900003816001
5,735,completed,90195.5060966,90195.5080224,90195.5095954,3.49879999703262
3,735,completed,90195.505966,90195.5080457,90195.5100516,4.0855999977793545
0,735,completed,90195.5060581,90195.5081114,90195.5105113,4.453200002899393
5,736,completed,90195.5337563,90195.5360158,90195.5368041,3.047799997148104
4,736,completed,90195.533838,90195.5360832,90195.5373776,3.5396000021137297
0,736,completed,90195.5337613,90195.5362028,90195.5378827,4.121399993891828
3,736,completed,90195.5340084,90195.5362798,90195.5383579,4.349499999079853
2,736,completed,90195.5339163,90195.5363048,90195.5388208,4.904499990516342
1,736,completed,90195.5338049,90195.5362628,90195.5393697,5.564799997955561
5,737,completed,90195.5685576,90195.5707226,90195.5714546,2.896999998483807
4,737,completed,90195.5685344,90195.5708348,90195.5719904,3.456000005826354
1,737,completed,90195.5685906,90195.570881,90195.5724835,3.89290000020992
3,737,completed,90195.5687501,90195.5709291,90195.5730153,4.265199997462332
0,737,completed,90195.5686691,90195.5708386,90195.5735085,4.839400004129857
2,737,completed,90195.5687108,90195.5709031,90195.5739542,5.24339999537915
3,738,completed,90195.6031243,90195.60529,90195.6058951,2.7707999979611486
1,738,completed,90195.603163,90195.6051608,90195.606414,3.2509999873582274
5,738,completed,90195.6033251,90195.6053192,90195.6068515,3.5263999889139086
2,738,completed,90195.6031243,90195.6052828,90195.607305,4.1806999943219125
4,738,completed,90195.6032108,90195.6053464,90195.6077581,4.547299991827458
0,738,completed,90195.6032619,90195.605372,90195.608214,4.952100003720261
2,739,completed,90195.6311395,90195.6335173,90195.6341267,2.987200001371093
4,739,completed,90195.6311088,90195.6334776,90195.63463,3.521200007526204
3,739,completed,90195.6312515,90195.6335733,90195.6350884,3.836899995803833
1,739,completed,90195.631099,90195.6336022,90195.6355443,4.445300000952557
5,739,completed,90195.6313633,90195.6335888,90195.6360044,4.641100007575005
0,739,completed,90195.631044,90195.6335684,90195.6364515,5.4075000080047175
3,740,completed,90195.672592,90195.6745609,90195.6754082,2.816199994413182
2,740,completed,90195.6726731,90195.6746741,90195.6759451,3.272000001743436
0,740,completed,90195.6726806,90195.6748272,90195.6764118,3.7312000058591366
1,740,completed,90195.6727123,90195.6748802,90195.676856,4.143700003623962
4,740,completed,90195.6728277,90195.674911,90195.6773069,4.479200011701323
5,740,completed,90195.6729053,90195.6749138,90195.6777496,4.844299997785129
4,741,completed,90195.7003734,90195.7022408,90195.7030727,2.699299991945736
0,741,completed,90195.7003614,90195.7024154,90195.7035769,3.2155000080820173
5,741,completed,90195.7005563,90195.7025416,90195.7040286,3.472299998975359
2,741,completed,90195.7004083,90195.7025534,90195.7044686,4.06029999430757
3,741,completed,90195.700482,90195.7025909,90195.7049945,4.512500003329478
1,741,completed,90195.7006478,90195.7026179,90195.7054784,4.830600009881891
5,742,completed,90195.7352305,90195.737684,90195.7382471,3.0166000069584697
1,742,completed,90195.7351358,90195.7375704,90195.7387311,3.595300004235469
3,742,completed,90195.7351046,90195.7375715,90195.7391974,4.092800008947961
4,742,completed,90195.7355621,90195.7377385,90195.7396529,4.090799993718974
2,742,completed,90195.7351927,90195.7376735,90195.7400979,4.905199995846488
0,742,completed,90195.7354064,90195.7377436,90195.7405548,5.148399999598041
0,743,completed,90195.7698394,90195.771735,90195.7724873,2.647899993462488
1,743,completed,90195.769944,90195.7718719,90195.7730044,3.060400005779229
3,743,completed,90195.7698217,90195.7718944,90195.7734663,3.644600001280196
4,743,completed,90195.769878,90195.7719554,90195.7739101,4.0320999978575855
2,743,completed,90195.7700287,90195.7720297,90195.7743935,4.36479999916628
5,743,completed,90195.7700502,90195.7720293,90195.7748392,4.789000013261102
2,744,completed,90195.7976515,90195.7997103,90195.8004922,2.8406999917933717
4,744,completed,90195.7976964,90195.7997718,90195.8009764,3.280000004451722
0,744,completed,90195.7976848,90195.7997629,90195.8014578,3.7730000040028244
5,744,completed,90195.798145,90195.7999449,90195.8018901,3.745100009837188
1,744,completed,90195.7981378,90195.800054,90195.8023331,4.195300003630109
3,744,completed,90195.7981564,90195.80007,90195.8027725,4.616100006387569
4,745,completed,90195.8322502,90195.8341447,90195.8349641,2.7139000012539327
3,745,completed,90195.8323179,90195.8343419,90195.8354784,3.1604999967385083
5,745,completed,90195.8323846,90195.8343996,90195.8359411,3.5564999998314306
1,745,completed,90195.8322754,90195.8344307,90195.8363568,4.081400009454228
2,745,completed,90195.8323632,90195.8344802,90195.8367796,4.416399999172427
0,745,completed,90195.8324753,90195.8345346,90195.8372312,4.755899994052015
1,746,completed,90195.8669928,90195.8690333,90195.8697601,2.7673000004142523
5,746,completed,90195.8670143,90195.8690361,90195.8702868,3.2724999909987673
0,746,completed,90195.867275,90195.8691892,90195.8707602,3.485200009890832
3,746,completed,90195.867139,90195.8692068,90195.871243,4.104000006918795
2,746,completed,90195.8672198,90195.8692097,90195.8717301,4.510300001129508
4,746,completed,90195.8670798,90195.8692568,90195.872182,5.102200011606328
2,747,completed,90195.9088061,90195.9109196,90195.9116711,2.865000002202578
3,747,completed,90195.9088929,90195.911068,90195.9122066,3.3136999991256744
1,747,completed,90195.9088017,90195.9110926,90195.9127287,3.92699999792967
4,747,completed,90195.9089378,90195.9111673,90195.9132642,4.326399997808039
5,747,completed,90195.9090864,90195.9112071,90195.9137637,4.677299992181361
0,747,completed,90195.9090134,90195.9111936,90195.9143423,5.328900006134063
1,748,completed,90195.9364696,90195.9383044,90195.9391334,2.663799998117611
4,748,completed,90195.9365984,90195.9385662,90195.9396089,3.0104999896138906
3,748,completed,90195.9364608,90195.9385904,90195.9400513,3.590499996789731
5,748,completed,90195.9365131,90195.9386146,90195.9404862,3.973099999711849
2,748,completed,90195.9367539,90195.9387195,90195.9409613,4.2074000084539875
0,748,completed,90195.9366861,90195.9387063,90195.9415412,4.855099992710166
2,749,completed,90195.9713431,90195.9738084,90195.9745016,3.158499996061437
4,749,completed,90195.9713242,90195.9738096,90195.975056,3.7317999958759174
0,749,completed,90195.9714545,90195.9738878,90195.975737,4.2824999982258305
1,749,completed,90195.9716309,90195.9739303,90195.976186,4.5550999930128455
3,749,completed,90195.9713232,90195.9739833,90195.9766502,5.326999991666526
5,749,completed,90195.9715673,90195.974008,90195.9770956,5.528299996512942
2,750,completed,90195.998872,90195.9993257,90196.000294,1.4220000011846423
1,750,completed,90196.0129197,90196.0149586,90196.0155958,2.6760999899124727
3,750,completed,90196.0129044,90196.0149249,90196.0161491,3.24469999759458
0,750,completed,90196.0129668,90196.0150247,90196.0167355,3.7687000003643334
5,750,completed,90196.0131348,90196.0150563,90196.0172015,4.066699999384582
4,750,completed,90196.0130862,90196.0150607,90196.0176483,4.562100002658553
3,751,completed,90196.0338224,90196.0361229,90196.0368151,2.992699999595061
2,751,completed,90196.0337354,90196.035998,90196.037361,3.6256000021239743
4,751,completed,90196.0337231,90196.0361801,90196.0378442,4.12109999160748
5,751,completed,90196.0337888,90196.0362559,90196.0383596,4.57079999614507
0,751,completed,90196.0338975,90196.0362919,90196.0388484,4.950899994582869
1,751,completed,90196.0340679,90196.0363121,90196.0393155,5.247600012808107
2,752,completed,90196.0684169,90196.0708263,90196.0715815,3.1645999988541007
5,752,completed,90196.068623,90196.0709687,90196.0720867,3.463700006250292
3,752,completed,90196.0684055,90196.0709541,90196.0725368,4.131299996515736
1,752,completed,90196.0684666,90196.0710362,90196.0730131,4.546500000287779
0,752,completed,90196.0685475,90196.0711037,90196.0734344,4.886899987468496
4,752,completed,90196.068725,90196.0711393,90196.0738752,5.150199998752214
1,753,completed,90196.1030863,90196.1056876,90196.106339,3.252700000302866
2,753,completed,90196.1030862,90196.1056884,90196.1068255,3.7392999947769567
3,753,completed,90196.1031397,90196.1057471,90196.1072701,4.130399989662692
5,753,completed,90196.1032074,90196.1058232,90196.1077291,4.521700000623241
4,753,completed,90196.103255,90196.1058255,90196.1082165,4.961500002536923
0,753,completed,90196.1033527,90196.1058484,90196.1086679,5.31520000367891
3,754,completed,90196.1379861,90196.1399503,90196.1406331,2.6470000011613593
4,754,completed,90196.1377865,90196.1399129,90196.1411426,3.3561000018380582
1,754,completed,90196.1379096,90196.1399235,90196.1416345,3.724900001543574
2,754,completed,90196.1379986,90196.1400323,90196.1421325,4.1339000017615035
5,754,completed,90196.1378432,90196.1399526,90196.1426448,4.801599992788397
0,754,completed,90196.1378353,90196.1399671,90196.1430924,5.2570999978343025
5,755,completed,90196.1655749,90196.1676629,90196.1684594,2.884499990614131
3,755,completed,90196.1655872,90196.1676972,90196.1689817,3.394500003196299
0,755,completed,90196.1656254,90196.1677072,90196.1694399,3.8144999998621643
1,755,completed,90196.1656544,90196.1677676,90196.1698906,4.236199994920753
2,755,completed,90196.1657923,90196.167841,90196.1703378,4.545499992673285
4,755,completed,90196.1658477,90196.1678498,90196.1707918,4.944100001011975
3,756,completed,90196.2004011,90196.2028819,90196.2035376,3.1365000031655654
2,756,completed,90196.2003362,90196.2029016,90196.2040412,3.7050000100862235
4,756,completed,90196.2005355,90196.2029561,90196.204509,3.973500002757646
1,756,completed,90196.2003363,90196.202906,90196.2049509,4.614600009517744
0,756,completed,90196.2004288,90196.2030034,90196.2054043,4.975499992724508
5,756,completed,90196.2004941,90196.2030272,90196.2058573,5.363199990824796
4,757,completed,90196.2421103,90196.2437846,90196.2447031,2.59280001046136
5,757,completed,90196.2421013,90196.2438765,90196.2452471,3.1458000012207776
0,757,completed,90196.2420624,90196.2439442,90196.2457086,3.6462000134633854
2,757,completed,90196.2425079,90196.2442794,90196.2461774,3.669500001706183
3,757,completed,90196.2424554,90196.2442613,90196.2466396,4.184199991868809
1,757,completed,90196.2426644,90196.2442824,90196.2470683,4.403900005854666
0,758,completed,90196.2698888,90196.2718599,90196.2724875,2.59869999717921
3,758,completed,90196.2697835,90196.271891,90196.2729767,3.1931999983498827
1,758,completed,90196.269746,90196.2717944,90196.2734304,3.6843999987468123
5,758,completed,90196.2698013,90196.2719122,90196.2738608,4.059500002767891
2,758,completed,90196.2700161,90196.2719345,90196.2743685,4.352400006609969
4,758,completed,90196.2699518,90196.2719789,90196.2748329,4.881100001512095
2,759,completed,90196.3045548,90196.3069107,90196.3077522,3.1974000012269244
5,759,completed,90196.3045816,90196.307043,90196.3082888,3.7072000122861937
0,759,completed,90196.3046698,90196.3071081,90196.3087904,4.120600002352148
4,759,completed,90196.3046231,90196.3072261,90196.309255,4.631899995729327
1,759,completed,90196.3047243,90196.3072687,90196.3097146,4.990299989003688
3,759,completed,90196.3048033,90196.3072288,90196.3102261,5.422800008091144
1,760,completed,90196.3392609,90196.3413132,90196.3419833,2.72239999321755
3,760,completed,90196.3392787,90196.3413288,90196.3424839,3.2052000024123117
4,760,completed,90196.3392541,90196.3412932,90196.3429563,3.702199988765642
0,760,completed,90196.3393369,90196.3414146,90196.3434328,4.09590000344906
5,760,completed,90196.3394088,90196.341442,90196.3439026,4.493799991905689
2,760,completed,90196.3394696,90196.3414887,90196.3443501,4.880499996943399
1,761,completed,90196.3671909,90196.3697005,90196.3703007,3.1098000035854056
3,761,completed,90196.3673655,90196.3696694,90196.370865,3.4995000023627654
5,761,completed,90196.3672302,90196.3696506,90196.3713514,4.121199992368929
0,761,completed,90196.3671021,90196.3697255,90196.3717957,4.693599999882281
2,761,completed,90196.3671072,90196.3696511,90196.3722756,5.168400006368756
4,761,completed,90196.3672964,90196.3697892,90196.3727699,5.473500001244247
4,762,completed,90196.4017691,90196.4037072,90196.4044736,2.704500002437271
5,762,completed,90196.4016977,90196.4038024,90196.4049761,3.2784000068204477
2,762,completed,90196.4016979,90196.403818,90196.4054171,3.7192000017967075
1,762,completed,90196.4019065,90196.4038999,90196.40588,3.973500002757646
0,762,completed,90196.4018337,90196.4039673,90196.4063278,4.494099994190037
3,762,completed,90196.4019212,90196.4039975,90196.4068259,4.904700006591156
2,763,completed,90196.4364661,90196.4385389,90196.4392047,2.738600000157021
5,763,completed,90196.4364871,90196.438588,90196.439705,3.217899997252971
4,763,completed,90196.4365062,90196.4386711,90196.4401489,3.642700001364574
0,763,completed,90196.4366666,90196.4386284,90196.440605,3.938399997423403
1,763,completed,90196.4367566,90196.438683,90196.4411286,4.371999995782971
3,763,completed,90196.4365968,90196.4386814,90196.4416324,5.0355999992461875
3,764,completed,90196.4713208,90196.4733671,90196.4740898,2.768999998806976
1,764,completed,90196.4713093,90196.4733776,90196.4746443,3.3350000012433156
5,764,completed,90196.4714602,90196.4735732,90196.4751118,3.6515999963739887
2,764,completed,90196.4715608,90196.4735582,90196.4756183,4.057500002090819
4,764,completed,90196.4714187,90196.4734865,90196.4761107,4.691999987699091
0,764,completed,90196.4715219,90196.4735264,90196.4765742,5.05229999544099
5,765,completed,90196.499023,90196.5005784,90196.5012043,2.1813000057591125
2,765,completed,90196.4989975,90196.5006982,90196.5017205,2.7229999977862462
0,765,completed,90196.4990384,90196.5007116,90196.502171,3.1326000025728717
1,765,completed,90196.5059517,90196.5069123,90196.5075784,1.6266999882645905
3,765,completed,90196.5059962,90196.5070783,90196.5081122,2.1160000032978132
4,765,completed,90196.5059187,90196.5070119,90196.5085809,2.6622000004863366
4,766,completed,90196.5337752,90196.5359226,90196.5367951,3.019899988430552
5,766,completed,90196.5340325,90196.5362516,90196.5372769,3.244399995310232
3,766,completed,90196.5338825,90196.5362371,90196.5377215,3.838999997242354
2,766,completed,90196.5340041,90196.5362555,90196.5381741,4.170000000158325
1,766,completed,90196.533815,90196.536324,90196.5386097,4.794699998456053
0,766,completed,90196.5337595,90196.5363064,90196.5390605,5.300999997416511
1,767,completed,90196.5755433,90196.5776477,90196.5785759,3.0325999978231266
4,767,completed,90196.5755194,90196.5778544,90196.5792521,3.7327000027289614
5,767,completed,90196.5757664,90196.5778505,90196.5797578,3.9914000080898404
0,767,completed,90196.5755552,90196.5778506,90196.5802218,4.666599998017773
2,767,completed,90196.5756956,90196.5779211,90196.5806701,4.97449999966193
3,767,completed,90196.5758036,90196.577969,90196.5811049,5.301299999700859
5,768,completed,90196.6032669,90196.6058656,90196.6064811,3.214199998183176
3,768,completed,90196.6034283,90196.6058264,90196.6069763,3.547999993315898
4,768,completed,90196.6032481,90196.6058319,90196.6074407,4.192599997622892
2,768,completed,90196.6035293,90196.6059097,90196.6079355,4.4061999942641705
0,768,completed,90196.6032265,90196.6060034,90196.6083939,5.167399998754263
1,768,completed,90196.6033213,90196.6060043,90196.6088432,5.52189999143593
5,769,completed,90196.637951,90196.6403753,90196.6410927,3.1416999991051853
0,769,completed,90196.6382598,90196.6404006,90196.6416928,3.432999990764074
4,769,completed,90196.6380347,90196.6403071,90196.6422123,4.1775999998208135
3,769,completed,90196.6381163,90196.6404842,90196.6426798,4.563499998766929
2,769,completed,90196.6379617,90196.640444,90196.6431993,5.237599994870834
1,769,completed,90196.6382087,90196.6405078,90196.6436985,5.489800008945167
1,770,completed,90196.6656774,90196.6677702,90196.6685728,2.8954000008525327
0,770,completed,90196.6657771,90196.667804,90196.6690858,3.308699990157038
3,770,completed,90196.665697,90196.6678642,90196.6695543,3.8572999910684302
2,770,completed,90196.6657206,90196.6678742,90196.6700697,4.349100010585971
5,770,completed,90196.6658154,90196.6679536,90196.6706258,4.8104000015882775
4,770,completed,90196.6658302,90196.6679512,90196.6710749,5.244700005277991
4,771,completed,90196.7006204,90196.7030868,90196.7037707,3.150299991830252
5,771,completed,90196.7005071,90196.7031303,90196.7043125,3.8054000033298507
1,771,completed,90196.7005747,90196.7030989,90196.7047967,4.222000003210269
0,771,completed,90196.7004509,90196.7031964,90196.7052555,4.804600001079962
2,771,completed,90196.700451,90196.7031752,90196.7057177,5.266699998173863
3,771,completed,90196.7007558,90196.7032255,90196.7061584,5.4025999997975305
5,772,completed,90196.74202,90196.7440301,90196.7447275,2.707499996176921
0,772,completed,90196.7420006,90196.7440097,90196.7452589,3.2582999992882833
1,772,completed,90196.7420967,90196.7441967,90196.7457273,3.6305999965406954
4,772,completed,90196.7422291,90196.7442431,90196.7462013,3.97220000741072
2,772,completed,90196.7420459,90196.7442833,90196.7466935,4.647599998861551
3,772,completed,90196.7421482,90196.7442939,90196.747181,5.032799992477521
3,773,completed,90196.7697922,90196.7719401,90196.7725569,2.7647000097204
4,773,completed,90196.7697906,90196.7719429,90196.7730572,3.2666000042809173
1,773,completed,90196.7698825,90196.7718203,90196.7735036,3.6210999969625846
2,773,completed,90196.7699016,90196.7720481,90196.7739498,4.048200004035607
0,773,completed,90196.7699209,90196.7720618,90196.7744479,4.52699999732431
5,773,completed,90196.7700738,90196.7720362,90196.7749278,4.853999998886138
0,774,completed,90196.7975867,90196.7996719,90196.800324,2.7372999902581796
5,774,completed,90196.7975518,90196.7996725,90196.8009453,3.3934999955818057
3,774,completed,90196.7977949,90196.7997888,90196.8014024,3.6074999952688813
2,774,completed,90196.7976394,90196.7997694,90196.8018563,4.216899993480183
1,774,completed,90196.7976004,90196.7997368,90196.80232,4.7196000086842105
4,774,completed,90196.7977704,90196.7998149,90196.8027543,4.983900013030507
3,775,completed,90196.8462825,90196.8486704,90196.8493949,3.112399994279258
4,775,completed,90196.846267,90196.8487522,90196.8498877,3.620699993916787
5,775,completed,90196.8463866,90196.8487664,90196.8504021,4.015500002424233
1,775,completed,90196.8465901,90196.8488265,90196.8508573,4.267199998139404
0,775,completed,90196.8464829,90196.8488577,90196.8513254,4.842499998630956
2,775,completed,90196.8463729,90196.8489349,90196.8517806,5.407699994975701
3,776,completed,90196.8669985,90196.8687165,90196.8696177,2.6191999932052568
5,776,completed,90196.8670442,90196.8690287,90196.8701198,3.0756000051042065
4,776,completed,90196.8673167,90196.8691338,90196.8705858,3.2691000087652355
0,776,completed,90196.8671355,90196.869155,90196.8710376,3.902099997503683
2,776,completed,90196.8671045,90196.869129,90196.8715025,4.398000004584901
1,776,completed,90196.8672947,90196.8691875,90196.8719461,4.651399998692796
3,777,completed,90196.9017523,90196.9036655,90196.9044148,2.6625000027706847
5,777,completed,90196.9018623,90196.9037903,90196.9050004,3.1381000007968396
2,777,completed,90196.9018082,90196.9036674,90196.9054496,3.6414000060176477
0,777,completed,90196.9018373,90196.9038553,90196.9059019,4.064599997946061
4,777,completed,90196.9019524,90196.9039177,90196.906354,4.401600002893247
1,777,completed,90196.9021508,90196.9039519,90196.9067838,4.63300000410527
5,778,completed,90196.936448,90196.9385729,90196.9391896,2.741600008448586
1,778,completed,90196.9365164,90196.9384891,90196.9396909,3.174500001478009
2,778,completed,90196.9364494,90196.9385659,90196.9401545,3.7050999962957576
4,778,completed,90196.9365712,90196.938554,90196.9406521,4.080900005646981
3,778,completed,90196.9366404,90196.9387039,90196.9411297,4.489300001296215
0,778,completed,90196.9366776,90196.9387297,90196.9416207,4.943100007949397
2,779,completed,90196.9642566,90196.9664768,90196.9670573,2.800700007355772
3,779,completed,90196.9642327,90196.9664599,90196.967562,3.329300001496449
5,779,completed,90196.9642195,90196.9664382,90196.9680572,3.8377000018954277
0,779,completed,90196.9643104,90196.9665126,90196.9685212,4.2108000052394345
1,779,completed,90196.9643753,90196.9665693,90196.9689839,4.60860000748653
4,779,completed,90196.9644353,90196.9665683,90196.9694256,4.990299989003688
0,780,completed,90196.9991134,90197.001021,90197.0015379,2.424499994958751
4,780,completed,90196.9990438,90197.0010057,90197.0020338,2.9900000081397593
1,780,completed,90196.9991975,90197.0009188,90197.0025637,3.366200005984865
3,780,completed,90196.9990439,90197.0009925,90197.0030663,4.022400011308491
2,780,completed,90196.9990883,90197.0010206,90197.0035245,4.436200004420243
5,780,completed,90197.0058611,90197.0062773,90197.0068559,0.9948000079020858
5,781,completed,90197.0336497,90197.0355219,90197.036312,2.662300001247786
3,781,completed,90197.0338199,90197.0357815,90197.0368004,2.9805000085616484
2,781,completed,90197.0337116,90197.0357808,90197.037254,3.5423999943304807
4,781,completed,90197.0337192,90197.0358119,90197.0377061,3.9869000029284507
0,781,completed,90197.0337365,90197.0358506,90197.0381438,4.407300002640113
1,781,completed,90197.0339312,90197.0359109,90197.0386292,4.698000004282221
4,782,completed,90197.0683885,90197.0704532,90197.0710554,2.66689999261871
2,782,completed,90197.0683427,90197.0703818,90197.0715951,3.252399998018518
1,782,completed,90197.0683357,90197.0703797,90197.0720573,3.7216000055195764
0,782,completed,90197.0684281,90197.070526,90197.0725745,4.146399995079264
3,782,completed,90197.0685101,90197.0705266,90197.0731028,4.592700002831407
5,782,completed,90197.0685528,90197.0705587,90197.0735749,5.022099998313934
5,783,completed,90197.1030548,90197.1052881,90197.105913,2.858200008631684
0,783,completed,90197.1031767,90197.1052555,90197.1065331,3.3564000041224062
3,783,completed,90197.1031437,90197.1052153,90197.1069967,3.852999987429939
4,783,completed,90197.1030547,90197.1052813,90197.1074515,4.396799995447509
1,783,completed,90197.1033185,90197.105426,90197.1079354,4.6168999979272485
2,783,completed,90197.1032716,90197.1054218,90197.1084038,5.13219999265857
3,784,completed,90197.137802,90197.1397968,90197.1405697,2.7677000034600496
0,784,completed,90197.1377839,90197.1399187,90197.1412162,3.432299999985844
2,784,completed,90197.1378845,90197.1399776,90197.1417349,3.850399996736087
1,784,completed,90197.1378506,90197.1399697,90197.1421912,4.340599989518523
4,784,completed,90197.137994,90197.1400576,90197.1426557,4.661699989810586
5,784,completed,90197.1379636,90197.1401059,90197.1431034,5.139799992321059
5,785,completed,90197.1656774,90197.1661754,90197.1670417,1.3642999983858317
4,785,completed,90197.1724919,90197.1744,90197.1750814,2.5894999998854473
1,785,completed,90197.172501,90197.1743928,90197.1756241,3.123100002994761
2,785,completed,90197.1725428,90197.174348,90197.1760786,3.53579998773057
3,785,completed,90197.1726097,90197.17454,90197.1765191,3.9093999948818237
0,785,completed,90197.172584,90197.1745491,90197.1771241,4.540099995210767
5,786,completed,90197.2003396,90197.2025428,90197.2032922,2.952600014396012
4,786,completed,90197.2004149,90197.2026186,90197.2038806,3.4657000069273636
1,786,completed,90197.2003597,90197.202658,90197.2044118,4.052100004628301
2,786,completed,90197.2003455,90197.2026421,90197.2048663,4.520800008322112
0,786,completed,90197.2005745,90197.2026847,90197.2054857,4.911199997877702
3,786,completed,90197.2005334,90197.2027311,90197.2060275,5.494099998031743
3,787,completed,90197.2350473,90197.2372298,90197.2378316,2.7842999988934025
0,787,completed,90197.2350467,90197.2372285,90197.2383384,3.2916999916778877
2,787,completed,90197.2351734,90197.2372288,90197.2387936,3.6202000046614558
5,787,completed,90197.235224,90197.2373017,90197.2392433,4.019300002255477
1,787,completed,90197.2350891,90197.2373384,90197.2397023,4.6131999988574535
4,787,completed,90197.2351143,90197.2373638,90197.2401686,5.054299996118061
3,788,completed,90197.2698826,90197.2718192,90197.272722,2.8393999964464456
0,788,completed,90197.2698012,90197.2718115,90197.2733102,3.5090000019408762
1,788,completed,90197.2699126,90197.2719601,90197.2738253,3.9127000054577366
2,788,completed,90197.26998,90197.2721818,90197.2743477,4.367700006696396
5,788,completed,90197.2700189,90197.2721956,90197.2748786,4.859699998633005
4,788,completed,90197.2701096,90197.2721684,90197.2753822,5.272599999443628
5,789,completed,90197.3044922,90197.3065444,90197.3073071,2.814899999066256
0,789,completed,90197.3045103,90197.3065464,90197.3078352,3.3248999970965087
3,789,completed,90197.3045516,90197.3068193,90197.3083354,3.7837999989278615
4,789,completed,90197.3046524,90197.3068065,90197.308807,4.154599999310449
2,789,completed,90197.3047494,90197.3068391,90197.3092772,4.52779998886399
1,789,completed,90197.3045878,90197.3068507,90197.3097152,5.127399999764748
2,790,completed,90197.3461297,90197.3482643,90197.3489441,2.8143999952590093
3,790,completed,90197.3461296,90197.3481846,90197.349487,3.3573999971849844
4,790,completed,90197.3462679,90197.3483946,90197.3499754,3.7075000000186265
1,790,completed,90197.3461809,90197.3483965,90197.3504365,4.255599997122772
0,790,completed,90197.3463557,90197.3484425,90197.3508882,4.532499995548278
5,790,completed,90197.3464545,90197.3484598,90197.351349,4.8945000016829
1,791,completed,90197.3669769,90197.3690391,90197.3697642,2.7873000071849674
3,791,completed,90197.3670407,90197.369145,90197.3702895,3.2487999997101724
4,791,completed,90197.3669619,90197.3692343,90197.3707507,3.788800007896498
0,791,completed,90197.3669617,90197.3692358,90197.3711805,4.218800007947721
2,791,completed,90197.3670933,90197.3692381,90197.3716042,4.510900005698204
5,791,completed,90197.3671906,90197.3692723,90197.3720453,4.854700004216284
3,792,completed,90197.401688,90197.4036105,90197.4043706,2.682599995750934
5,792,completed,90197.4016696,90197.4037699,90197.4048718,3.202199994120747
0,792,completed,90197.4017018,90197.403805,90197.4053312,3.6294000019552186
4,792,completed,90197.4018204,90197.4037731,90197.4057857,3.9652999985264614
1,792,completed,90197.4018822,90197.4038655,90197.4062636,4.381399994599633
2,792,completed,90197.4020083,90197.4038645,90197.4067011,4.692799993790686
2,793,completed,90197.4364088,90197.4382458,90197.4391427,2.7338999934727326
1,793,completed,90197.436462,90197.4384008,90197.4396357,3.1736999953864142
4,793,completed,90197.4365293,90197.4384977,90197.4400935,3.5642000002553686
0,793,completed,90197.4366292,90197.4386667,90197.4405735,3.944299998693168
5,793,completed,90197.4365873,90197.4386652,90197.4410629,4.475599998841062
3,793,completed,90197.436857,90197.4386591,90197.441604,4.747000013594516
2,794,completed,90197.4711402,90197.4733047,90197.4739533,2.813099999912083
1,794,completed,90197.4712103,90197.4732975,90197.4744558,3.2454999891342595
4,794,completed,90197.4711277,90197.4733616,90197.4749473,3.8195999950403348
5,794,completed,90197.4711691,90197.4733868,90197.475458,4.288900003302842
3,794,completed,90197.4713049,90197.4734017,90197.4759461,4.641200008336455
0,794,completed,90197.4713345,90197.4734237,90197.4764251,5.090599996037781
2,795,completed,90197.5060056,90197.5083014,90197.5089343,2.928700007032603
5,795,completed,90197.5061689,90197.5084042,90197.509422,3.2531000033486634
3,795,completed,90197.5061092,90197.5083874,90197.5098776,3.7683999980799854
4,795,completed,90197.506064,90197.5081434,90197.5103202,4.256200001691468
0,795,completed,90197.5062638,90197.5083125,90197.510796,4.532200007815845
1,795,completed,90197.5059858,90197.508364,90197.5113121,5.3263000008882955
1,796,completed,90197.5337173,90197.5357266,90197.5364338,2.7165000064997002
0,796,completed,90197.5337709,90197.5356511,90197.5369501,3.179199993610382
4,796,completed,90197.533933,90197.5358279,90197.5374072,3.474199998890981
3,796,completed,90197.5337875,90197.5358159,90197.5378597,4.07219999760855
2,796,completed,90197.5338253,90197.5359001,90197.5383083,4.483000011532567
5,796,completed,90197.5339037,90197.5359397,90197.5388175,4.91380000312347
5,797,completed,90197.5684076,90197.5703235,90197.5711739,2.766299992799759
1,797,completed,90197.5684182,90197.5706382,90197.5716659,3.247700005886145
4,797,completed,90197.5685405,90197.5706309,90197.5720946,3.5540999961085618
2,797,completed,90197.5684052,90197.5706661,90197.5726029,4.197700007352978
3,797,completed,90197.5685873,90197.5707625,90197.5731313,4.5439999958034605
0,797,completed,90197.5684922,90197.5707135,90197.5735932,5.101000002468936
4,798,completed,90197.603186,90197.6056299,90197.6064731,3.287100000306964
2,798,completed,90197.6032075,90197.6057405,90197.6069755,3.7680000095861033
5,798,completed,90197.6032698,90197.6059129,90197.6074246,4.154800000833347
3,798,completed,90197.6035992,90197.6060155,90197.6078601,4.260900008375756
1,798,completed,90197.6033799,90197.6059909,90197.6083307,4.95079999382142
0,798,completed,90197.6034264,90197.6060075,90197.608845,5.418599990662187
0,799,completed,90197.6378716,90197.6397347,90197.6405474,2.67580000218004
3,799,completed,90197.6378465,90197.6399542,90197.6410468,3.2002999942051247
5,799,completed,90197.638026,90197.6400531,90197.6415119,3.485900000669062
4,799,completed,90197.6378979,90197.6400268,90197.641973,4.075100005138665
1,799,completed,90197.6379536,90197.6400701,90197.6424144,4.460800002561882
2,799,completed,90197.6381361,90197.6401172,90197.642868,4.731900000479072
5,800,completed,90197.6726069,90197.6744329,90197.675437,2.8300999983912334
0,800,completed,90197.6725713,90197.6744649,90197.6759662,3.394899991690181
1,800,completed,90197.6726685,90197.6746708,90197.6764223,3.753800003323704
3,800,completed,90197.6727574,90197.6748147,90197.6768869,4.129499997361563
2,800,completed,90197.672707,90197.6748201,90197.6773397,4.632700001820922
4,800,completed,90197.6728821,90197.674856,90197.6778353,4.953199997544289
2,801,completed,90197.7003869,90197.7025034,90197.7032324,2.8454999992391095
0,801,completed,90197.7003562,90197.7024645,90197.7037174,3.3611999970162287
3,801,completed,90197.7003808,90197.7026094,90197.7041776,3.7967999960528687
4,801,completed,90197.7004561,90197.7027042,90197.7046357,4.179600000497885
5,801,completed,90197.700581,90197.7027703,90197.7051409,4.559900000458583
1,801,completed,90197.7004151,90197.7027829,90197.7056241,5.208999995375052
5,802,completed,90197.7351362,90197.737105,90197.7377375,2.6013000024249777
2,802,completed,90197.7350062,90197.7370746,90197.7382677,3.2614999945508316
0,802,completed,90197.7350512,90197.7371458,90197.7387483,3.6971000081393868
4,802,completed,90197.7353108,90197.7371805,90197.7392086,3.897800008417107
1,802,completed,90197.734976,90197.7370675,90197.7396762,4.700199991930276
3,802,completed,90197.735208,90197.7372252,90197.740123,4.9149999977089465
3,803,completed,90197.7697057,90197.7719551,90197.7727869,3.0811999895377085
0,803,completed,90197.7697021,90197.7722837,90197.7733025,3.6003999994136393
4,803,completed,90197.7697139,90197.7722563,90197.7737975,4.083600011654198
1,803,completed,90197.7699237,90197.7722877,90197.7742807,4.356999997980893
2,803,completed,90197.769801,90197.7723556,90197.7747844,4.983399994671345
5,803,completed,90197.769847,90197.7723823,90197.7752902,5.4432000033557415
1,804,completed,90197.7975801,90197.7997795,90197.8003687,2.7886000025318936
4,804,completed,90197.7976457,90197.7997937,90197.8009103,3.2645999890519306
0,804,completed,90197.79758,90197.7997413,90197.8013701,3.790100003243424
5,804,completed,90197.7978318,90197.7997897,90197.8018144,3.9825999992899597
3,804,completed,90197.7977251,90197.7997336,90197.8022549,4.5298000040929765
2,804,completed,90197.7976227,90197.7997849,90197.8026954,5.072699990705587
0,805,completed,90197.8323162,90197.8340811,90197.8346834,2.3671999952057377
2,805,completed,90197.8322755,90197.8341621,90197.8352011,2.925599997979589
1,805,completed,90197.8323556,90197.8340759,90197.8356666,3.3110000076703727
4,805,completed,90197.8324374,90197.8341607,90197.8361167,3.679300003568642
5,805,completed,90197.8322753,90197.8341597,90197.8366077,4.332399999839254
3,805,completed,90197.8392821,90197.8397534,90197.8404336,1.151499993284233
4,806,completed,90197.8671413,90197.8694419,90197.8701685,3.027200000360608
2,806,completed,90197.8671013,90197.8694489,90197.8706924,3.591100001358427
1,806,completed,90197.8670731,90197.8695709,90197.8712014,4.128300002776086
0,806,completed,90197.8672497,90197.8696737,90197.8716554,4.405700005008839
3,806,completed,90197.867462,90197.8697324,90197.8721042,4.642200001399033
5,806,completed,90197.8674278,90197.8697351,90197.8725864,5.158600004506297
3,807,completed,90197.9016592,90197.9039203,90197.9047343,3.07510000129696
5,807,completed,90197.9017555,90197.9041788,90197.9052398,3.484300003037788
2,807,completed,90197.9016425,90197.9041215,90197.9057171,4.074600001331419
0,807,completed,90197.9017933,90197.9042025,90197.9061687,4.375400007120334
1,807,completed,90197.9018726,90197.9043468,90197.9066292,4.756599999382161
4,807,completed,90197.9020297,90197.9043495,90197.9070738,5.04410000576172
1,808,completed,90197.9364684,90197.9385133,90197.939189,2.7205999940633774
0,808,completed,90197.9365279,90197.9386023,90197.9396912,3.1632999889552593
3,808,completed,90197.9363912,90197.9385276,90197.9401403,3.7490999966394156
4,808,completed,90197.9363778,90197.9385892,90197.9405839,4.206099998555146
2,808,completed,90197.9364114,90197.9386084,90197.9410639,4.652499992516823
5,808,completed,90197.9365995,90197.9386802,90197.9415042,4.904700006591156
1,809,completed,90197.9711435,90197.9735987,90197.9743799,3.236399992601946
4,809,completed,90197.9711304,90197.9736152,90197.9748942,3.7638000067090616
5,809,completed,90197.9712544,90197.97381,90197.9753805,4.126099986024201
2,809,completed,90197.9711851,90197.9738522,90197.9758681,4.682999991928227
0,809,completed,90197.9714748,90197.9739524,90197.9763314,4.856600004131906
3,809,completed,90197.9713921,90197.9739388,90197.9767997,5.407600008766167
1,810,completed,90197.9990255,90198.000936,90198.0016709,2.645400003530085
5,810,completed,90197.9989698,90198.0011038,90198.0021383,3.1684999994467944
2,810,completed,90197.99897,90198.0010947,90198.0025931,3.623099997639656
4,810,completed,90197.9992197,90198.0011523,90198.0030199,3.800200007390231
3,810,completed,90197.9990652,90198.0011956,90198.0034979,4.432700006873347
0,810,completed,90197.99912,90198.0012033,90198.0040134,4.893400007858872
0,811,completed,90198.0338024,90198.0360312,90198.0367393,2.9369000112637877
3,811,completed,90198.0337506,90198.0361193,90198.0372321,3.4814999962691218
4,811,completed,90198.0337733,90198.0361654,90198.0377122,3.9389000012306497
2,811,completed,90198.0340768,90198.0362012,90198.0381556,4.0788000042084605
1,811,completed,90198.0338757,90198.0362543,90198.0386059,4.730200002086349
5,811,completed,90198.0340228,90198.0362541,90198.0390939,5.071100007626228
4,812,completed,90198.0754938,90198.0773699,90198.0781936,2.699799995752983
2,812,completed,90198.0754467,90198.0773704,90198.0787147,3.268000000389293
3,812,completed,90198.075555,90198.0775972,90198.0791945,3.6394999915501103
5,812,completed,90198.075655,90198.0776283,90198.0796448,3.9898000104585662
0,812,completed,90198.075578,90198.0776983,90198.0800938,4.515799999353476
1,812,completed,90198.0755994,90198.0776906,90198.0805218,4.9223999958485365
0,813,completed,90198.1032246,90198.1053428,90198.1060401,2.815500003634952
2,813,completed,90198.1032908,90198.1054361,90198.1065125,3.2216999970842153
1,813,completed,90198.1034301,90198.1055095,90198.1069622,3.5321000032126904
4,813,completed,90198.1032087,90198.105502,90198.1074159,4.207199992379174
3,813,completed,90198.1035279,90198.1055207,90198.1079157,4.387799999676645
5,813,completed,90198.103374,90198.1055762,90198.108385,5.011000001104549
1,814,completed,90198.1378761,90198.1402577,90198.1409857,3.109600002062507
2,814,completed,90198.1379209,90198.1403008,90198.1415379,3.616999994846992
0,814,completed,90198.1379738,90198.1403318,90198.1420566,4.0828000055626035
4,814,completed,90198.137838,90198.1402218,90198.1425415,4.703500002506189
5,814,completed,90198.1380791,90198.1403826,90198.1430226,4.943499996443279
3,814,completed,90198.138274,90198.140416,90198.1435368,5.262799997581169
0,815,completed,90198.1795635,90198.1819112,90198.1827616,3.1980999920051545
5,815,completed,90198.1795397,90198.182097,90198.1832537,3.7140000058570877
1,815,completed,90198.1795656,90198.1821191,90198.1837102,4.144599995925091
2,815,completed,90198.1801436,90198.1822562,90198.1843048,4.161200005910359
3,815,completed,90198.1800305,90198.1822871,90198.184786,4.755499991006218
4,815,completed,90198.1800629,90198.1822418,90198.1853692,5.30629999411758
4,816,completed,90198.200396,90198.2031715,90198.2037481,3.352100000483915
3,816,completed,90198.2004258,90198.2031852,90198.20425,3.824200000963174
1,816,completed,90198.2003959,90198.2030812,90198.2046905,4.294600003049709
5,816,completed,90198.2004558,90198.2031545,90198.2051343,4.678500001318753
2,816,completed,90198.2006017,90198.2032131,90198.2055705,4.968799999915063
0,816,completed,90198.2005407,90198.2032092,90198.206007,5.466300004627556
5,817,completed,90198.23507,90198.2370945,90198.2378991,2.8291000053286552
2,817,completed,90198.235071,90198.2372114,90198.2384904,3.419400003622286
3,817,completed,90198.2350975,90198.2372127,90198.2390487,3.9511999930255115
1,817,completed,90198.2352892,90198.2373548,90198.2395103,4.221099996357225
4,817,completed,90198.2351581,90198.2374047,90198.2399664,4.808300000149757
0,817,completed,90198.2352093,90198.237427,90198.2404325,5.223200001637451
5,818,completed,90198.2698357,90198.2717716,90198.2725918,2.756100002443418
4,818,completed,90198.269814,90198.271859,90198.2730864,3.272400004789233
0,818,completed,90198.2697879,90198.2719522,90198.273567,3.779099992243573
3,818,completed,90198.2699634,90198.2720979,90198.2740344,4.071000003023073
1,818,completed,90198.2698872,90198.2721109,90198.2745514,4.664199994294904
2,818,completed,90198.2700188,90198.2721684,90198.2750867,5.0678999978117645
0,819,completed,90198.3045543,90198.3068021,90198.3075533,2.9989999893587083
3,819,completed,90198.3045408,90198.3067311,90198.308073,3.5321999894222245
2,819,completed,90198.3046815,90198.3067735,90198.3085482,3.866700004437007
1,819,completed,90198.3045643,90198.306816,90198.3090047,4.440400007297285
4,819,completed,90198.3048456,90198.3068739,90198.3094564,4.6108000096865
5,819,completed,90198.3047696,90198.3069331,90198.3099408,5.171199998585507
4,820,completed,90198.3322258,90198.3330082,90198.3336069,1.3811000098939985
5,820,completed,90198.332231,90198.3330081,90198.3341467,1.9157000060658902
2,820,completed,90198.3391646,90198.34057,90198.3412729,2.108300002873875
3,820,completed,90198.3392325,90198.34066,90198.3418673,2.6347999955760315
1,820,completed,90198.3392674,90198.3406734,90198.3423476,3.0801999964751303
0,820,completed,90198.3392034,90198.3407039,90198.3430172,3.813799994532019
3,821,completed,90198.3669339,90198.3688153,90198.369658,2.7240999916102737
1,821,completed,90198.3669311,90198.3688913,90198.3702268,3.295700007583946
0,821,completed,90198.3669723,90198.369072,90198.370925,3.9526999898953363
4,821,completed,90198.3670155,90198.3690927,90198.3714571,4.441600001882762
5,821,completed,90198.3670755,90198.369207,90198.3719912,4.915699988487177
2,821,completed,90198.3671412,90198.369244,90198.3725106,5.369400008930825
0,822,completed,90198.4016754,90198.4037596,90198.4046288,2.953399991383776
1,822,completed,90198.4017238,90198.4038197,90198.4052232,3.499400001601316
2,822,completed,90198.4016943,90198.4038377,90198.4057027,4.008399992017075
4,822,completed,90198.401767,90198.4038466,90198.4061709,4.403899991302751
3,822,completed,90198.4018209,90198.4038791,90198.4066841,4.863199996179901
5,822,completed,90198.4018353,90198.4040028,90198.4072498,5.41450000309851
4,823,completed,90198.4364407,90198.4382919,90198.4391047,2.6639999996405095
0,823,completed,90198.4364071,90198.4383869,90198.4398467,3.4395999973639846
1,823,completed,90198.4364639,90198.4385528,90198.4403801,3.916200003004633
2,823,completed,90198.4366845,90198.438581,90198.4409263,4.24179999390617
3,823,completed,90198.4365971,90198.4386451,90198.441476,4.87890001386404
5,823,completed,90198.436545,90198.4386356,90198.4420051,5.460100001073442
1,824,completed,90198.4711544,90198.4732069,90198.4739446,2.7902000001631677
5,824,completed,90198.4711039,90198.4733571,90198.4745124,3.4085000079357997
2,824,completed,90198.4711855,90198.473355,90198.4750824,3.896899987012148
3,824,completed,90198.4711043,90198.4733567,90198.4755954,4.491100000450388
4,824,completed,90198.4713318,90198.4734111,90198.4761145,4.782699994393624
0,824,completed,90198.4712853,90198.4734186,90198.476769,5.483700006152503
4,825,completed,90198.5058275,90198.507595,90198.5085143,2.6867999986279756
2,825,completed,90198.5058588,90198.5078492,90198.5090186,3.159800005960278
3,825,completed,90198.5059261,90198.5078844,90198.509571,3.644900003564544
1,825,completed,90198.5060356,90198.5079621,90198.5101011,4.06549999024719
5,825,completed,90198.5059773,90198.5079967,90198.5105468,4.5695000007981434
0,825,completed,90198.5064639,90198.5081418,90198.5111495,4.685599997173995
3,826,completed,90198.5336622,90198.535729,90198.5365348,2.8726000018650666
0,826,completed,90198.5336324,90198.5356916,90198.5372618,3.6294000019552186
4,826,completed,90198.533622,90198.5358566,90198.5378063,4.184299992630258
5,826,completed,90198.5337084,90198.536015,90198.538358,4.649599999538623
1,826,completed,90198.5338561,90198.5360281,90198.5388865,5.030400003306568
2,826,completed,90198.5337949,90198.5360396,90198.5394018,5.6068999983835965
1,827,completed,90198.5754107,90198.577355,90198.5781788,2.768100006505847
2,827,completed,90198.5754057,90198.5773512,90198.5786782,3.2725000055506825
5,827,completed,90198.5754812,90198.577582,90198.5792019,3.7206999986665323
3,827,completed,90198.575545,90198.5776798,90198.5796926,4.147600004216656
4,827,completed,90198.5756069,90198.5777637,90198.5801869,4.5799999934388325
0,827,completed,90198.5758085,90198.5777161,90198.5806638,4.85530000878498
5,828,completed,90198.6031177,90198.6050982,90198.6059413,2.8236000071046874
0,828,completed,90198.6031781,90198.6051919,90198.6064474,3.269299995736219
3,828,completed,90198.6031075,90198.6053102,90198.6069635,3.855999995721504
4,828,completed,90198.6031327,90198.6052935,90198.6075021,4.369400005089119
1,828,completed,90198.6036394,90198.6054461,90198.6079602,4.320799998822622
2,828,completed,90198.603724,90198.6054847,90198.6084985,4.774500004714355
1,829,completed,90198.6377571,90198.6396093,90198.6404753,2.7181999903405085
3,829,completed,90198.6377462,90198.639858,90198.6410255,3.2792999991215765
4,829,completed,90198.6379789,90198.6399438,90198.6415102,3.5312999971210957
2,829,completed,90198.6377736,90198.6399623,90198.6419778,4.204199998639524
0,829,completed,90198.6378803,90198.6399826,90198.6424381,4.557799999020062
5,829,completed,90198.6378499,90198.6400588,90198.6429452,5.09530000272207
5,830,completed,90198.6724792,90198.6745557,90198.6752873,2.8080999909434468
1,830,completed,90198.6725624,90198.6745417,90198.6758561,3.2937000069068745
2,830,completed,90198.6725178,90198.674591,90198.6763822,3.8644000014755875
4,830,completed,90198.6727217,90198.6747151,90198.6769509,4.22919999982696
0,830,completed,90198.6726043,90198.6747371,90198.6774704,4.866100003710017
3,830,completed,90198.6728998,90198.6748432,90198.677992,5.092199993669055
3,831,completed,90198.7005743,90198.7026942,90198.703527,2.952700000605546
5,831,completed,90198.7004762,90198.7025744,90198.7044638,3.987599993706681
0,831,completed,90198.7004704,90198.7028173,90198.7057715,5.3010999981779605
1,831,completed,90198.7004712,90198.7027472,90198.7068803,6.409099994925782
4,831,completed,90198.7005415,90198.70295,90198.7078074,7.265899999765679
2,831,completed,90198.7009453,90198.7029601,90198.7086326,7.68729999253992
5,832,completed,90198.7350136,90198.7369533,90198.7377663,2.7526999911060557
3,832,completed,90198.7350311,90198.7372138,90198.7382946,3.263499995227903
4,832,completed,90198.735124,90198.7371851,90198.7387883,3.664300005766563
2,832,completed,90198.7350464,90198.7372242,90198.7392643,4.2179000010946766
0,832,completed,90198.7352557,90198.7372955,90198.7397282,4.472500004339963
1,832,completed,90198.7352131,90198.7373162,90198.7402439,5.030800006352365
5,833,completed,90198.7698516,90198.771553,90198.772465,2.613400007248856
3,833,completed,90198.7698519,90198.7718441,90198.7729583,3.1064000067999586
2,833,completed,90198.7700173,90198.7718828,90198.7734122,3.394899991690181
4,833,completed,90198.7698957,90198.771945,90198.7738883,3.9926000026753172
0,833,completed,90198.7699564,90198.7719824,90198.7744271,4.470699990633875
1,833,completed,90198.7700425,90198.7720115,90198.7749439,4.9014000105671585
1,834,completed,90198.8045921,90198.806744,90198.8074452,2.853099998901598
5,834,completed,90198.8046821,90198.8069152,90198.8079523,3.270200002589263
4,834,completed,90198.8048036,90198.8069105,90198.808454,3.650400001788512
3,834,completed,90198.8046641,90198.8067436,90198.8088945,4.230400008964352
0,834,completed,90198.8046025,90198.8069662,90198.8093627,4.7602000122424215
2,834,completed,90198.804759,90198.8070103,90198.8098601,5.10109998867847
0,835,completed,90198.8323313,90198.8339916,90198.8346917,2.3604000016348436
4,835,completed,90198.8323295,90198.8340987,90198.8352293,2.899800005252473
5,835,completed,90198.8323777,90198.8342151,90198.8357189,3.3411999902455136
2,835,completed,90198.8325316,90198.8343126,90198.8361774,3.645799995865673
3,835,completed,90198.8392666,90198.840024,90198.8406168,1.3501999928848818
1,835,completed,90198.8392719,90198.8400252,90198.8411428,1.8708999996306375
3,836,completed,90198.8741753,90198.8762018,90198.876814,2.638699996168725
0,836,completed,90198.8741877,90198.8760198,90198.8773318,3.144100002828054
1,836,completed,90198.8742725,90198.8762321,90198.8777957,3.5231999936513603
4,836,completed,90198.8742484,90198.8762744,90198.878253,4.004600006737746
5,836,completed,90198.8744161,90198.8763039,90198.8787002,4.284099995857105
2,836,completed,90198.8743645,90198.87631,90198.8792029,4.8383999965153635
4,837,completed,90198.9017235,90198.9036888,90198.9043861,2.6625999889802188
5,837,completed,90198.9016973,90198.9035823,90198.9048709,3.17360000917688
0,837,completed,90198.9018101,90198.9039298,90198.9053203,3.510199996526353
3,837,completed,90198.9018922,90198.9039312,90198.9058124,3.920200004358776
1,837,completed,90198.9018097,90198.9039355,90198.9063304,4.520700007560663
2,837,completed,90198.9017655,90198.9039223,90198.9068202,5.054699999163859
3,838,completed,90198.9367693,90198.9392564,90198.9399672,3.197900005034171
4,838,completed,90198.9365321,90198.9393103,90198.9406392,4.107100001419894
2,838,completed,90198.9366728,90198.939236,90198.9411163,4.443500001798384
0,838,completed,90198.9365321,90198.9392224,90198.9416207,5.088600009912625
5,838,completed,90198.936612,90198.9392845,90198.9420968,5.484799999976531
1,838,completed,90198.9368421,90198.9394484,90198.9425432,5.701100002625026
1,839,completed,90198.9711574,90198.9730845,90198.9738373,2.6799000042956322
3,839,completed,90198.9711297,90198.973224,90198.9743702,3.2404999947175384
4,839,completed,90198.9711766,90198.9732862,90198.9748455,3.668899997137487
2,839,completed,90198.9713461,90198.9733349,90198.9753112,3.9650999970035627
5,839,completed,90198.9712432,90198.9733361,90198.9758224,4.579200001899153
0,839,completed,90198.9712984,90198.9733627,90198.9763223,5.0238999974681064
0,840,completed,90199.005807,90199.0078424,90199.0085898,2.7828000020235777
3,840,completed,90199.005908,90199.0079946,90199.0090783,3.1702999986009672
4,840,completed,90199.0059545,90199.008032,90199.0095355,3.58099999721162
2,840,completed,90199.005851,90199.0080672,90199.0100031,4.152100009378046
5,840,completed,90199.0058317,90199.0080559,90199.0104781,4.6464000042760745
1,840,completed,90199.0060856,90199.0080921,90199.0109811,4.895499994745478
5,841,completed,90199.0363135,90199.0382037,90199.0391402,2.8267000016057864
4,841,completed,90199.0363518,90199.0384521,90199.0397187,3.3669000113150105
2,841,completed,90199.0363138,90199.0385227,90199.0402195,3.905700010363944
1,841,completed,90199.0363136,90199.0385213,90199.0408621,4.54850000096485
3,841,completed,90199.0364133,90199.0385139,90199.0414737,5.060399998910725
0,841,completed,90199.0365102,90199.0385806,90199.042067,5.556799995247275
0,842,completed,90199.0684959,90199.0703828,90199.0711166,2.6206999900750816
1,842,completed,90199.0684587,90199.0704415,90199.0716143,3.1556000030832365
2,842,completed,90199.0684306,90199.0705683,90199.0720711,3.6404999991646037
5,842,completed,90199.0685981,90199.0705688,90199.0725036,3.90549999428913
3,842,completed,90199.0684309,90199.0705665,90199.0729595,4.528599994955584
4,842,completed,90199.0688841,90199.0706501,90199.0734519,4.56780000240542
0,843,completed,90199.1031433,90199.1051643,90199.1059081,2.764799995929934
4,843,completed,90199.1031727,90199.1053621,90199.1064186,3.245900006731972
3,843,completed,90199.1033519,90199.1053741,90199.1068929,3.540999998222105
2,843,completed,90199.103253,90199.1054458,90199.1073401,4.0871000092010945
5,843,completed,90199.1032055,90199.1054728,90199.1078768,4.671300004702061
1,843,completed,90199.1032922,90199.1054628,90199.1083642,5.071999999927357
0,844,completed,90199.1377869,90199.1398236,90199.1404946,2.7076999976998195
5,844,completed,90199.1378516,90199.1399244,90199.1410004,3.1488000095123425
1,844,completed,90199.1378292,90199.1398973,90199.1414971,3.667900004074909
3,844,completed,90199.1377829,90199.1399197,90199.1420116,4.228699996019714
4,844,completed,90199.1379513,90199.1399879,90199.1424994,4.548099997919053
2,844,completed,90199.1379864,90199.1399931,90199.1429626,4.976199998054653
0,845,completed,90199.1726767,90199.1746253,90199.1753417,2.665000007255003
4,845,completed,90199.1726069,90199.1747608,90199.1758224,3.215499993530102
2,845,completed,90199.1726456,90199.1747688,90199.176272,3.6263999936636537
5,845,completed,90199.1726067,90199.174766,90199.1767335,4.1268000059062615
3,845,completed,90199.1727282,90199.174847,90199.1771707,4.4424999941838905
1,845,completed,90199.1729454,90199.1748581,90199.1776145,4.669100002502091
2,846,completed,90199.2003647,90199.2027677,90199.203504,3.1393000099342316
1,846,completed,90199.2003427,90199.2027119,90199.2040099,3.6671999987447634
0,846,completed,90199.2003114,90199.2029735,90199.2045115,4.200099996523932
3,846,completed,90199.2003917,90199.2029845,90199.2049691,4.57740000274498
4,846,completed,90199.2003117,90199.2029735,90199.2054036,5.091900005936623
5,846,completed,90199.2004167,90199.2029664,90199.20584,5.423299997346476
4,847,completed,90199.235115,90199.2369941,90199.2377194,2.6043999969260767
1,847,completed,90199.235089,90199.2369683,90199.238218,3.129000004264526
2,847,completed,90199.2350682,90199.2371518,90199.2386708,3.6026000016136095
5,847,completed,90199.2351418,90199.2372618,90199.2391072,3.9653999992879108
3,847,completed,90199.2352357,90199.2372817,90199.2395594,4.323699991800822
0,847,completed,90199.2353048,90199.2372878,90199.2399971,4.692300004535355
4,848,completed,90199.269828,90199.2722127,90199.2729946,3.166599999531172
5,848,completed,90199.2698723,90199.272305,90199.2734927,3.620399991632439
3,848,completed,90199.26987,90199.2723258,90199.2739677,4.097700002603233
2,848,completed,90199.2700052,90199.2723958,90199.2744191,4.413899994688109
0,848,completed,90199.2701218,90199.2724881,90199.2749158,4.793999993125908
1,848,completed,90199.2700907,90199.2724896,90199.2753761,5.285400009597652
0,849,completed,90199.3045323,90199.3063284,90199.3070287,2.4964000040199608
5,849,completed,90199.3044667,90199.3062783,90199.3075369,3.0701999930897728
4,849,completed,90199.3044316,90199.3063139,90199.3079889,3.55729999137111
1,849,completed,90199.3044799,90199.3064296,90199.3084617,3.981799993198365
3,849,completed,90199.3049394,90199.3065574,90199.3089031,3.9637000008951873
2,849,completed,90199.3049695,90199.3066453,90199.309353,4.383500010590069
2,850,completed,90199.3391217,90199.3408541,90199.3417886,2.66689999261871
1,850,completed,90199.3391816,90199.3411925,90199.3422997,3.1181000085780397
4,850,completed,90199.339199,90199.3412146,90199.3427735,3.574500005925074
5,850,completed,90199.3392647,90199.3411896,90199.343275,4.010300006484613
0,850,completed,90199.3393403,90199.3413084,90199.3437772,4.436900009750389
3,850,completed,90199.3394036,90199.3413532,90199.3443087,4.9051000096369535
3,851,completed,90199.3669868,90199.3688898,90199.3696037,2.6169000047957525
5,851,completed,90199.3670433,90199.3690068,90199.3700934,3.0501000001095235
0,851,completed,90199.366936,90199.3687938,90199.3705488,3.6127999919699505
1,851,completed,90199.3671152,90199.3691051,90199.3709955,3.880299991578795
4,851,completed,90199.3671637,90199.369128,90199.3714542,4.2905000009341165
2,851,completed,90199.367204,90199.3691584,90199.371905,4.701000012573786
1,852,completed,90199.4017113,90199.4037165,90199.4044938,2.7824999997392297
4,852,completed,90199.4017309,90199.4038143,90199.4049976,3.2666999904904515
2,852,completed,90199.4017178,90199.4038957,90199.4054739,3.7560999917332083
3,852,completed,90199.4018091,90199.4039994,90199.4059601,4.151000001002103
0,852,completed,90199.4019791,90199.403972,90199.4065099,4.530799997155555
5,852,completed,90199.4019119,90199.4040253,90199.4070136,5.101699993247166
1,853,completed,90199.4363981,90199.4388986,90199.4395384,3.1402999884448946
5,853,completed,90199.4364093,90199.4389249,90199.4400206,3.6112999951001257
2,853,completed,90199.4366225,90199.4390035,90199.4405379,3.915399996913038
3,853,completed,90199.4364449,90199.4388515,90199.4410405,4.595599995809607
4,853,completed,90199.4365138,90199.4390681,90199.441537,5.023200006689876
0,853,completed,90199.4365674,90199.4390679,90199.4420271,5.459699998027645
5,854,completed,90199.4781496,90199.4801119,90199.480921,2.7713999879779294
4,854,completed,90199.4782606,90199.4802695,90199.4814389,3.1783000013092533
0,854,completed,90199.478165,90199.4803494,90199.4819115,3.7465000059455633
2,854,completed,90199.4781313,90199.4803623,90199.4823666,4.235300002619624
1,854,completed,90199.4783645,90199.4804406,90199.4828228,4.458299998077564
3,854,completed,90199.4783243,90199.4804348,90199.4832698,4.945499997120351
2,855,completed,90199.4991669,90199.5013096,90199.5020866,2.9196999967098236
5,855,completed,90199.4991469,90199.5014568,90199.5025957,3.4488000092096627
0,855,completed,90199.4993442,90199.5014754,90199.5030578,3.7136000028112903
1,855,completed,90199.4992447,90199.5014472,90199.5035159,4.271199999493547
3,855,completed,90199.4992495,90199.5014967,90199.5039803,4.73079999210313
4,855,completed,90199.4994032,90199.5014868,90199.5044248,5.021600009058602
5,856,completed,90199.533667,90199.5355095,90199.5363054,2.6384000084362924
2,856,completed,90199.5337814,90199.5357236,90199.5367886,3.007200008141808
4,856,completed,90199.5337373,90199.5356787,90199.5372321,3.494800010230392
0,856,completed,90199.5336926,90199.5356656,90199.5376837,3.991099991253577
1,856,completed,90199.5338505,90199.5358574,90199.5381191,4.2686000087996945
3,856,completed,90199.533935,90199.535881,90199.5385683,4.633300006389618
2,857,completed,90199.568387,90199.5706278,90199.5714262,3.039199989871122
1,857,completed,90199.5683496,90199.5708207,90199.5719191,3.569499996956438
5,857,completed,90199.568425,90199.5709174,90199.5723962,3.9711999997962266
4,857,completed,90199.5687499,90199.5709547,90199.5728573,4.107399989152327
3,857,completed,90199.5685001,90199.5710005,90199.5733053,4.805200005648658
0,857,completed,90199.5686806,90199.570972,90199.5737472,5.066600002464838
3,858,completed,90199.6032826,90199.605534,90199.6062052,2.922600004239939
4,858,completed,90199.6032212,90199.6054721,90199.6067047,3.4834999969461933
0,858,completed,90199.6032486,90199.6055341,90199.6071743,3.9257000025827438
1,858,completed,90199.603474,90199.6056072,90199.607639,4.1649999911896884
5,858,completed,90199.603348,90199.6056626,90199.6081034,4.755399990244769
2,858,completed,90199.603582,90199.6057051,90199.6085394,4.95740000042133
5,859,completed,90199.6377535,90199.6397689,90199.6405339,2.780399998300709
4,859,completed,90199.6377691,90199.6397384,90199.6410331,3.26399999903515
3,859,completed,90199.6378082,90199.6400141,90199.6415147,3.706499992404133
1,859,completed,90199.6378491,90199.6399334,90199.64195,4.100899997865781
2,859,completed,90199.6379795,90199.6400054,90199.6424077,4.428200001711957
0,859,completed,90199.6379031,90199.6400711,90199.6429934,5.0903000083053485
3,860,completed,90199.665711,90199.6680582,90199.668825,3.1140000064624473
0,860,completed,90199.6656422,90199.668169,90199.6695114,3.869200008921325
4,860,completed,90199.6660047,90199.6682237,90199.6699572,3.952500002924353
2,860,completed,90199.6657389,90199.668198,90199.670397,4.65809999150224
5,860,completed,90199.6658623,90199.6682419,90199.670896,5.033699999330565
1,860,completed,90199.6658068,90199.668341,90199.6713923,5.585500010056421
4,861,completed,90199.7002387,90199.7023384,90199.7029633,2.7246000099694356
3,861,completed,90199.7002487,90199.7022953,90199.7034441,3.195400000549853
5,861,completed,90199.7002925,90199.702423,90199.7039005,3.607999999076128
2,861,completed,90199.7003788,90199.7023298,90199.704342,3.9631999970879406
1,861,completed,90199.7004901,90199.7024236,90199.7047922,4.302100001950748
0,861,completed,90199.7004326,90199.7024775,90199.7053607,4.928099995595403
3,862,completed,90199.7351067,90199.7370196,90199.7377494,2.642699997522868
2,862,completed,90199.7351418,90199.7370869,90199.7382413,3.0994999979157
0,862,completed,90199.7351,90199.7372035,90199.7388108,3.710799996042624
4,862,completed,90199.7351853,90199.7372345,90199.73926,4.074700002092868
1,862,completed,90199.7352984,90199.7372578,90199.7397366,4.4381999905453995
5,862,completed,90199.7354674,90199.7373278,90199.7402022,4.734800008009188
4,863,completed,90199.7698237,90199.77161,90199.77246,2.6362999924458563
2,863,completed,90199.7698375,90199.7716982,90199.7729446,3.1070999975781888
5,863,completed,90199.7698753,90199.7719246,90199.7733839,3.508599998895079
3,863,completed,90199.7698975,90199.7719462,90199.773819,3.921499999705702
1,863,completed,90199.7700859,90199.7720036,90199.7742865,4.200600000331178
0,863,completed,90199.7700212,90199.772073,90199.7747525,4.731299995910376
3,864,completed,90199.8044976,90199.8067053,90199.8073787,2.8811000083805993
0,864,completed,90199.8046306,90199.8067366,90199.8079437,3.3130999945569783
5,864,completed,90199.8044889,90199.8067288,90199.8084097,3.9207999943755567
1,864,completed,90199.8045107,90199.8067684,90199.80887,4.359299986390397
4,864,completed,90199.8047811,90199.8068233,90199.8093261,4.545000003417954
2,864,completed,90199.8045971,90199.8068211,90199.8098124,5.215299999690615
1,865,completed,90199.8394581,90199.8420996,90199.8427523,3.294199996162206
4,865,completed,90199.8393435,90199.8421368,90199.8433058,3.9622999902348965
2,865,completed,90199.8394047,90199.8420662,90199.8437932,4.388499990454875
3,865,completed,90199.8396218,90199.8421555,90199.8443061,4.684300001827069
0,865,completed,90199.8392886,90199.8420837,90199.8447769,5.488300012075342
5,865,completed,90199.8397577,90199.8422584,90199.8452357,5.478000006405637
0,866,completed,90199.8670109,90199.8688889,90199.8697043,2.693400005227886
2,866,completed,90199.8670311,90199.8690676,90199.8702085,3.1773999944562092
5,866,completed,90199.8671781,90199.8692313,90199.8706728,3.4946999949170277
4,866,completed,90199.8670928,90199.8692174,90199.8711178,4.024999987450428
1,866,completed,90199.8670088,90199.8692188,90199.8715768,4.567999989376403
3,866,completed,90199.8672583,90199.8692965,90199.8720217,4.763399992953055
0,867,completed,90199.901746,90199.9041989,90199.9050416,3.2955999922705814
3,867,completed,90199.9017462,90199.9044457,90199.9055756,3.8293999969027936
4,867,completed,90199.9020768,90199.9044892,90199.9060607,3.983899994636886
2,867,completed,90199.9022166,90199.904517,90199.9065238,4.307199997128919
5,867,completed,90199.902183,90199.9045185,90199.906979,4.796000008354895
1,867,completed,90199.9022709,90199.9046192,90199.9074282,5.157299994607456
3,868,completed,90199.9366052,90199.9388809,90199.939841,3.235800002585165
5,868,completed,90199.9367502,90199.9390829,90199.9405758,3.8256000116234645
4,868,completed,90199.9366266,90199.9391378,90199.9410896,4.463000004761852
1,868,completed,90199.9367701,90199.9391144,90199.9415725,4.8023999988799915
0,868,completed,90199.9368997,90199.9391325,90199.9420543,5.154600003152154
2,868,completed,90199.9365732,90199.9391416,90199.9425265,5.953300002147444
2,869,completed,90199.9642705,90199.9667343,90199.9675775,3.3070000063162297
3,869,completed,90199.9642822,90199.9667999,90199.968105,3.8228000048547983
0,869,completed,90199.9643013,90199.9668959,90199.9685852,4.283899994334206
1,869,completed,90199.9645535,90199.9669744,90199.9690538,4.5002999977441505
5,869,completed,90199.9644412,90199.9670579,90199.9694984,5.057199989096262
4,869,completed,90199.9644068,90199.9670699,90199.9699435,5.53669998771511
0,870,completed,90200.0073764,90200.0094506,90200.0101371,2.760700008366257
1,870,completed,90200.0074552,90200.0095199,90200.0107146,3.2593999931123108
5,870,completed,90200.0074394,90200.0095366,90200.0112126,3.773200005525723
3,870,completed,90200.0074079,90200.0095311,90200.011701,4.293099991627969
2,870,completed,90200.007378,90200.0096461,90200.0121848,4.806800003279932
4,870,completed,90200.0075195,90200.0096787,90200.012692,5.172500008484349
2,871,completed,90200.0335957,90200.0358498,90200.0367222,3.126499999780208
1,871,completed,90200.0336855,90200.0361607,90200.0372194,3.533899987814948
5,871,completed,90200.0336663,90200.0361415,90200.0376767,4.010399992694147
3,871,completed,90200.0338764,90200.0362923,90200.0383092,4.432799993082881
4,871,completed,90200.0336228,90200.0362688,90200.0387992,5.176400009077042
0,871,completed,90200.0337955,90200.0362727,90200.0392612,5.46570000005886
5,872,completed,90200.0684633,90200.0708434,90200.0715213,3.057999987504445
2,872,completed,90200.068753,90200.070929,90200.072028,3.2749999954830855
0,872,completed,90200.0684553,90200.0709505,90200.0724895,4.034199999296106
1,872,completed,90200.06843,90200.0708798,90200.0729398,4.509799997322261
4,872,completed,90200.0685569,90200.0710003,90200.0733759,4.818999994313344
3,872,completed,90200.0686653,90200.0710417,90200.0738568,5.191499993088655
5,873,completed,90200.1030387,90200.1048015,90200.1056329,2.5941999920178205
1,873,completed,90200.1030188,90200.1048249,90200.1061275,3.108699995209463
4,873,completed,90200.1031029,90200.1050658,90200.1065944,3.4914999996544793
3,873,completed,90200.1030707,90200.1050411,90200.1070409,3.9701999921817333
0,873,completed,90200.103596,90200.1051857,90200.1075152,3.9191999967442825
2,873,completed,90200.1036079,90200.1052438,90200.1079413,4.333399992901832
2,874,completed,90200.1309935,90200.1333858,90200.1341142,3.120699999271892
3,874,completed,90200.1310036,90200.133348,90200.134643,3.639399990788661
1,874,completed,90200.1318367,90200.1335791,90200.1351316,3.294899986940436
4,874,completed,90200.1319085,90200.1336612,90200.1356023,3.693799997563474
0,874,completed,90200.1318081,90200.1336496,90200.1361051,4.2969999922206625
5,874,completed,90200.1377664,90200.13826,90200.1388573,1.090899997507222
3,875,completed,90200.1726237,90200.1745244,90200.1753222,2.6985000004060566
2,875,completed,90200.172616,90200.1746682,90200.1758681,3.2521000102860853
0,875,completed,90200.1726496,90200.1747189,90200.1763304,3.6808000004384667
4,875,completed,90200.1727645,90200.174822,90200.1767878,4.023299989057705
5,875,completed,90200.1727926,90200.174795,90200.1772483,4.455699992831796
1,875,completed,90200.1727237,90200.1748539,90200.1776801,4.956399992806837
2,876,completed,90200.2073689,90200.2095458,90200.2102653,2.896400008467026
1,876,completed,90200.2073228,90200.2095575,90200.2107837,3.460899999481626
0,876,completed,90200.2073337,90200.2094852,90200.2112363,3.9026000013109297
5,876,completed,90200.207413,90200.2096469,90200.2116803,4.267299998900853
4,876,completed,90200.2074587,90200.209765,90200.212125,4.66630001028534
3,876,completed,90200.207419,90200.2097825,90200.2125539,5.134899998665787
4,877,completed,90200.235098,90200.2369171,90200.2380485,2.9504999984055758
3,877,completed,90200.2354224,90200.237544,90200.2386042,3.1817999988561496
1,877,completed,90200.2353935,90200.2375317,90200.2390737,3.6801999958697706
2,877,completed,90200.2353505,90200.2374608,90200.2395272,4.1766999929677695
5,877,completed,90200.2356106,90200.237651,90200.2399821,4.37150000652764
0,877,completed,90200.2355669,90200.2376716,90200.2404427,4.875800004811026
0,878,completed,90200.2767014,90200.2786638,90200.279514,2.8125999961048365
2,878,completed,90200.2767213,90200.2787238,90200.2800603,3.3390000025974587
3,878,completed,90200.2767446,90200.278998,90200.2805399,3.795299999183044
4,878,completed,90200.2769591,90200.278986,90200.2809989,4.039799998281524
5,878,completed,90200.2767745,90200.2790036,90200.2814487,4.674199997680262
1,878,completed,90200.2768904,90200.2790282,90200.2818962,5.005800005164929
3,879,completed,90200.3044336,90200.3068509,90200.3075545,3.1209000007947907
1,879,completed,90200.3044853,90200.3069551,90200.3080557,3.570400003809482
0,879,completed,90200.3045762,90200.307001,90200.3085881,4.011900004115887
4,879,completed,90200.3047186,90200.307051,90200.3090419,4.323299988755025
2,879,completed,90200.3045973,90200.3070673,90200.3095206,4.9233000027015805
5,879,completed,90200.3046293,90200.3070933,90200.3099717,5.342400007066317
5,880,completed,90200.332198,90200.3339491,90200.3347401,2.5421000027563423
1,880,completed,90200.3322164,90200.3339674,90200.3352241,3.0076999973971397
0,880,completed,90200.332183,90200.3341012,90200.335669,3.4859999868785962
3,880,completed,90200.3323749,90200.3343142,90200.3361021,3.7272000045049936
4,880,completed,90200.3323127,90200.3342831,90200.3365518,4.2391000024508685
2,880,completed,90200.3325056,90200.3343341,90200.3370001,4.494499997235835
0,881,completed,90200.3663643,90200.3682097,90200.3692914,2.9270999948494136
3,881,completed,90200.3664066,90200.368439,90200.3698173,3.4106999955838546
5,881,completed,90200.3666151,90200.3685823,90200.370314,3.6988999927416444
2,881,completed,90200.3664552,90200.368672,90200.3707815,4.32629999704659
1,881,completed,90200.3664782,90200.3687823,90200.3712326,4.75439999718219
4,881,completed,90200.3663824,90200.3689277,90200.3717562,5.37379999877885
1,882,completed,90200.4018585,90200.403725,90200.4045751,2.7165999927092344
3,882,completed,90200.4018506,90200.403961,90200.4050623,3.2116999936988577
2,882,completed,90200.4019093,90200.4040654,90200.4055231,3.613799999584444
4,882,completed,90200.4019478,90200.4040869,90200.4059636,4.015800004708581
0,882,completed,90200.4020754,90200.4040715,90200.4064209,4.3455000122776255
5,882,completed,90200.4021527,90200.4041365,90200.4069106,4.757899994729087
5,883,completed,90200.4364709,90200.4385,90200.4391229,2.6520000101299956
2,883,completed,90200.4363612,90200.4385471,90200.4396182,3.257000003941357
3,883,completed,90200.4365218,90200.4385798,90200.4400906,3.5687999916262925
4,883,completed,90200.4364264,90200.438445,90200.4405389,4.112499998882413
1,883,completed,90200.4365475,90200.4385682,90200.4410074,4.459900010260753
0,883,completed,90200.4363613,90200.4385615,90200.4414585,5.097200002637692
4,884,completed,90200.4642346,90200.4650099,90200.4656438,1.4091999910306185
5,884,completed,90200.4642271,90200.4650232,90200.466213,1.9859000021824613
2,884,completed,90200.4714369,90200.4731545,90200.4737083,2.2714000078849494
1,884,completed,90200.4712654,90200.4731447,90200.4742022,2.936799995950423
0,884,completed,90200.4713205,90200.473131,90200.4747212,3.400699992198497
3,884,completed,90200.4713539,90200.4732235,90200.4752039,3.850000008242205
0,885,completed,90200.498834,90200.5001958,90200.500839,2.0050000021001324
3,885,completed,90200.4988143,90200.5002014,90200.5013665,2.552200006903149
1,885,completed,90200.4988726,90200.5003851,90200.501823,2.9503999976441264
2,885,completed,90200.4988667,90200.5003794,90200.5022708,3.4041000035358593
5,885,completed,90200.5058835,90200.5065152,90200.5072171,1.3336000120034441
4,885,completed,90200.5061203,90200.506744,90200.5077127,1.5924000035738572
3,886,completed,90200.5337151,90200.5356127,90200.536349,2.6339000032749027
0,886,completed,90200.5337761,90200.5357366,90200.5368409,3.0647999956272542
2,886,completed,90200.5336612,90200.5357968,90200.5372722,3.611000007367693
1,886,completed,90200.5336615,90200.5357838,90200.5377717,4.110199995920993
5,886,completed,90200.5338922,90200.5359015,90200.5382268,4.334600002039224
4,886,completed,90200.5337652,90200.5358659,90200.5387009,4.935699995257892
5,887,completed,90200.5684138,90200.5702923,90200.571123,2.7091999945696443
3,887,completed,90200.568458,90200.5706014,90200.5716066,3.148600007989444
0,887,completed,90200.568558,90200.5706157,90200.5720744,3.5164000000804663
4,887,completed,90200.5684369,90200.570587,90200.5724975,4.060600011143833
1,887,completed,90200.5686806,90200.5706968,90200.5729306,4.249999998137355
2,887,completed,90200.5686234,90200.5707091,90200.5734151,4.791700004716404
3,888,completed,90200.6031628,90200.6055218,90200.6063042,3.1413999968208373
5,888,completed,90200.6032289,90200.6057551,90200.6067979,3.5690000077011064
4,888,completed,90200.6031154,90200.605746,90200.6072637,4.1483000095468014
1,888,completed,90200.603475,90200.6058004,90200.6077356,4.260600006091408
0,888,completed,90200.60327,90200.6057621,90200.6082247,4.9546999944141135
2,888,completed,90200.6031152,90200.6057479,90200.608667,5.551799986278638
1,889,completed,90200.6307807,90200.6315788,90200.6322042,1.4234999980544671
0,889,completed,90200.6307806,90200.6315808,90200.6327262,1.9456000009085983
4,889,completed,90200.6378964,90200.6392245,90200.6399446,2.0481999963521957
3,889,completed,90200.6378511,90200.6392728,90200.6404981,2.6470000011613593
5,889,completed,90200.6381747,90200.6393854,90200.6410288,2.8541000065160915
2,889,completed,90200.6378511,90200.6393004,90200.6415027,3.651600010925904
4,890,completed,90200.6655902,90200.6679955,90200.6687321,3.141900000628084
5,890,completed,90200.6656448,90200.6680873,90200.6692778,3.6330000002635643
3,890,completed,90200.6656879,90200.6681705,90200.6697398,4.051900003105402
2,890,completed,90200.6656094,90200.6681097,90200.6701832,4.573799989884719
0,890,completed,90200.665793,90200.6681726,90200.6706377,4.844700000830926
1,890,completed,90200.6659154,90200.6681951,90200.6710478,5.132400008733384
5,891,completed,90200.70031,90200.7027893,90200.7033607,3.0507000046782196
3,891,completed,90200.7003922,90200.7027589,90200.7038932,3.50099999923259
0,891,completed,90200.7002969,90200.7027414,90200.7043872,4.090300004463643
4,891,completed,90200.7005614,90200.7028494,90200.7048117,4.250300000421703
1,891,completed,90200.7002654,90200.7027365,90200.7052717,5.006300008972175
2,891,completed,90200.7005261,90200.7029177,90200.7057069,5.1807999989250675
5,892,completed,90200.7351126,90200.7375216,90200.738139,3.0263999942690134
0,892,completed,90200.7351422,90200.737529,90200.7386792,3.536999996867962
2,892,completed,90200.7350337,90200.7375398,90200.7390908,4.057099999045022
3,892,completed,90200.7351742,90200.7375706,90200.7395283,4.354099990450777
1,892,completed,90200.7350261,90200.7374249,90200.7399995,4.973400005837902
4,892,completed,90200.7350046,90200.7374409,90200.7405587,5.554099989240058
0,893,completed,90200.7698621,90200.7721431,90200.772908,3.045899997232482
3,893,completed,90200.7699319,90200.7723099,90200.7734429,3.5110000026179478
2,893,completed,90200.7700162,90200.7723212,90200.7739118,3.895600006217137
5,893,completed,90200.7698437,90200.7723558,90200.7743793,4.535599990049377
4,893,completed,90200.7701565,90200.772413,90200.7748822,4.725699996924959
1,893,completed,90200.7698812,90200.7724147,90200.7753303,5.449100004625507
4,894,completed,90200.8045115,90200.8069678,90200.8078503,3.33880000107456
5,894,completed,90200.8046389,90200.8071526,90200.8083536,3.714700011187233
0,894,completed,90200.8045252,90200.8071841,90200.8088752,4.3500000028871
1,894,completed,90200.8045428,90200.8072012,90200.8093341,4.791300001670606
2,894,completed,90200.8047912,90200.8073134,90200.8097845,4.993299997295253
3,894,completed,90200.8047199,90200.8073609,90200.8102643,5.5444000026909634
4,895,completed,90200.8322099,90200.8336964,90200.834821,2.6110999897355214
2,895,completed,90200.8325192,90200.8342827,90200.8353109,2.7916999970329925
0,895,completed,90200.8325661,90200.8343664,90200.8359044,3.3382999972673133
1,895,completed,90200.8324778,90200.8343549,90200.8363442,3.866400002152659
3,895,completed,90200.8324272,90200.8343546,90200.836829,4.401800004416145
5,895,completed,90200.8327039,90200.8344574,90200.8372891,4.5852000039303675
0,896,completed,90200.8670921,90200.8689429,90200.8696967,2.6045999984489754
2,896,completed,90200.8672123,90200.8691572,90200.8701926,2.9803000070387498
4,896,completed,90200.8670426,90200.8691102,90200.8706597,3.6170999956084415
3,896,completed,90200.8670696,90200.8691475,90200.8711169,4.047299997182563
1,896,completed,90200.8671714,90200.8691977,90200.8717529,4.5815000048605725
5,896,completed,90200.8672856,90200.8693116,90200.8721943,4.908699993393384
5,897,completed,90200.9017613,90200.9037153,90200.9043624,2.601100000902079
0,897,completed,90200.9016584,90200.9037675,90200.9048679,3.2094999914988875
3,897,completed,90200.9016564,90200.9037681,90200.9053088,3.652399987913668
4,897,completed,90200.9017328,90200.9037168,90200.9057674,4.034600002341904
2,897,completed,90200.9018934,90200.903884,90200.9062306,4.337199992733076
1,897,completed,90200.9018387,90200.9038928,90200.9068037,4.965000000083819
1,898,completed,90200.936564,90200.9385901,90200.9395229,2.958899989607744
3,898,completed,90200.9366336,90200.9387671,90200.940094,3.4604000102262944
2,898,completed,90200.9365399,90200.9387943,90200.9407728,4.232899998896755
4,898,completed,90200.9367142,90200.9388072,90200.9412704,4.556200001388788
0,898,completed,90200.9365666,90200.938813,90200.9418132,5.2466000051936135
5,898,completed,90200.9367996,90200.9388949,90200.9422996,5.500000013853423
3,899,completed,90200.9641215,90200.9660753,90200.9674084,3.2868999987840652
5,899,completed,90200.9641482,90200.9662945,90200.9680431,3.8949000008869916
1,899,completed,90200.964191,90200.9663135,90200.968692,4.500999988522381
4,899,completed,90200.9644207,90200.9663757,90200.9692674,4.8467000015079975
2,899,completed,90200.9642096,90200.9664471,90200.9698944,5.684799994924106
0,899,completed,90200.9642741,90200.966451,90200.970506,6.231899998965673
