camera,seq,status,capture_s,enqueue_s,finish_s,latency_ms
1,0,completed,90000.2597522,90000.2617669,90000.2643604,4.608200004440732
0,0,completed,90000.2597152,90000.2617207,90000.2663318,6.616600003326312
0,1,completed,90000.285848,90000.2881347,90000.290058,4.20999999914784
1,1,completed,90000.2858482,90000.2882937,90000.2919739,6.12570000521373
1,2,completed,90000.3205277,90000.3226006,90000.3247367,4.209000006085262
0,2,completed,90000.3205334,90000.3226082,90000.3267581,6.224700002348982
1,3,completed,90000.3482908,90000.3505923,90000.3527346,4.443800004082732
0,3,completed,90000.3482671,90000.3506333,90000.3548136,6.54650000797119
1,4,completed,90000.3829512,90000.3849841,90000.3868153,3.8640999991912395
0,4,completed,90000.3829592,90000.3849883,90000.3888133,5.854100003489293
0,5,completed,90000.4178431,90000.4201831,90000.4221611,4.317999992053956
1,5,completed,90000.4178366,90000.4202729,90000.4241081,6.271499994909391
0,6,completed,90000.4554903,90000.4576195,90000.4595993,4.109000001335517
1,6,completed,90000.4554973,90000.4576283,90000.4615388,6.041499989805743
1,7,completed,90000.4940757,90000.4966588,90000.4985272,4.45150000450667
0,7,completed,90000.4940773,90000.4967265,90000.5003623,6.284999995841645
1,8,completed,90000.5214983,90000.5237034,90000.5255904,4.0920999890659004
0,8,completed,90000.5214747,90000.5237001,90000.527423,5.948300007730722
0,9,completed,90000.5495936,90000.5518899,90000.5540084,4.414800001541153
1,9,completed,90000.5495847,90000.5519453,90000.5558506,6.265899995923974
1,10,completed,90000.5844991,90000.5867379,90000.5887216,4.2224999924656
0,10,completed,90000.5844993,90000.5867989,90000.5906856,6.186299986438826
1,11,completed,90000.6190917,90000.6213786,90000.6234273,4.335599995101802
0,11,completed,90000.6191112,90000.6214788,90000.6253976,6.286400006501935
0,12,completed,90000.6538837,90000.6566725,90000.6585987,4.715000002761371
1,12,completed,90000.653884,90000.6566544,90000.6607948,6.910800002515316
0,13,completed,90000.688641,90000.6908671,90000.6928052,4.164199999650009
1,13,completed,90000.6886503,90000.6910136,90000.6946137,5.9634000062942505
1,14,completed,90000.7162364,90000.7184913,90000.7203252,4.088800007593818
0,14,completed,90000.7162514,90000.7184841,90000.7221465,5.8951000100933015
0,15,completed,90000.7510447,90000.7533513,90000.7552484,4.2037000093841925
1,15,completed,90000.7510379,90000.753394,90000.7570926,6.054700003005564
1,16,completed,90000.7857149,90000.7878656,90000.7897402,4.025299989734776
0,16,completed,90000.7857045,90000.7879483,90000.7916965,5.9920000057900324
0,17,completed,90000.8204772,90000.8227473,90000.8248276,4.350399991380982
1,17,completed,90000.820483,90000.8231262,90000.8268485,6.365499997627921
0,18,completed,90000.8482967,90000.85059,90000.8526735,4.376800003228709
1,18,completed,90000.8483026,90000.8506549,90000.8546955,6.3929000025382265
0,19,completed,90000.883071,90000.8857377,90000.887799,4.727999999886379
1,19,completed,90000.883071,90000.8857261,90000.8898204,6.749399995896965
0,20,completed,90000.9176952,90000.9200233,90000.9220602,4.365000000689179
1,20,completed,90000.9176983,90000.9201065,90000.9238822,6.183899997267872
0,21,completed,90000.9526538,90000.9548851,90000.9569787,4.324899986386299
1,21,completed,90000.9526422,90000.9551911,90000.9588259,6.183699995744973
1,22,completed,90000.987371,90000.9896452,90000.9917506,4.379600009997375
0,22,completed,90000.9873641,90000.9895765,90000.9938257,6.461600001784973
0,23,completed,90001.014965,90001.0170415,90001.0189537,3.9887000020826235
1,23,completed,90001.0288318,90001.0310848,90001.0331123,4.280500012100674
1,24,completed,90001.0581944,90001.060254,90001.0622075,4.013099998701364
0,24,completed,90001.058198,90001.0603039,90001.064257,6.059000006644055
0,25,completed,90001.087673,90001.0904187,90001.0925539,4.880899999989197
1,25,completed,90001.0877144,90001.0905271,90001.0945449,6.830500002251938
1,26,completed,90001.129204,90001.1320012,90001.1342861,5.082100004074164
0,26,completed,90001.1292199,90001.1320192,90001.136315,7.095099994330667
1,27,completed,90001.1494113,90001.1519388,90001.1542261,4.814800005988218
0,27,completed,90001.1493971,90001.1520154,90001.1561544,6.757299997843802
1,28,completed,90001.1886562,90001.1911358,90001.1930934,4.437199997482821
0,28,completed,90001.1886749,90001.1911728,90001.1948103,6.13540000631474
0,29,completed,90001.216478,90001.2187839,90001.2205657,4.087699999217875
1,29,completed,90001.2165082,90001.2187791,90001.2224524,5.94420000561513
1,30,completed,90001.2529516,90001.2552091,90001.2570231,4.0714999922784045
0,30,completed,90001.252971,90001.2552937,90001.259004,6.033000012394041
1,31,completed,90001.2926478,90001.2948907,90001.2968259,4.17810000362806
0,31,completed,90001.2926549,90001.2949872,90001.2985282,5.873300004168414
0,32,completed,90001.3200917,90001.3207822,90001.3214759,1.3841999898431823
1,32,completed,90001.3201275,90001.3209025,90001.3220123,1.8848000036086887
1,33,completed,90001.3497947,90001.3506076,90001.3512636,1.4688999945065007
0,33,completed,90001.3497948,90001.3505763,90001.351795,2.0001999946543947
1,34,completed,90001.3829521,90001.3836283,90001.384257,1.3048999971942976
0,34,completed,90001.3829422,90001.3836315,90001.3847576,1.815399999031797
1,35,completed,90001.4177419,90001.4183895,90001.4190591,1.3171999889891595
0,35,completed,90001.4177417,90001.4186591,90001.4196727,1.9309999916004017
0,36,completed,90001.4592605,90001.460066,90001.4607868,1.5262999950209633
1,36,completed,90001.4592771,90001.4600642,90001.4612651,1.9880000036209822
1,37,completed,90001.4872281,90001.4885837,90001.4891484,1.920299997436814
0,37,completed,90001.4871874,90001.4885811,90001.4897601,2.5727000029291958
0,38,completed,90001.5148507,90001.5156582,90001.5162609,1.410199998645112
1,38,completed,90001.5148507,90001.5156423,90001.5167614,1.9106999970972538
0,39,completed,90001.5496992,90001.5505647,90001.551209,1.5098000003490597
1,39,completed,90001.5497122,90001.5505773,90001.5518713,2.1591000113403425
0,40,completed,90001.584521,90001.5861287,90001.5869659,2.4449000047752634
1,40,completed,90001.5845488,90001.5862172,90001.5876454,3.0965999903855845
0,41,completed,90001.6187491,90001.619559,90001.6201956,1.446499998564832
1,41,completed,90001.6187442,90001.6195608,90001.6207898,2.0456000056583434
0,42,completed,90001.6537204,90001.654566,90001.6552001,1.4796999894315377
1,42,completed,90001.6537412,90001.6545718,90001.6556867,1.945500000147149
1,43,completed,90001.6886556,90001.6899502,90001.6904845,1.828899999964051
0,43,completed,90001.6886508,90001.6899528,90001.6910308,2.379999990807846
0,44,completed,90001.716248,90001.717239,90001.7182193,1.97130000742618
1,44,completed,90001.7162598,90001.717245,90001.7190641,2.8043000056641176
1,45,completed,90001.7580413,90001.7588478,90001.7594883,1.4470000023720786
0,45,completed,90001.758041,90001.7588405,90001.7599852,1.9442000048002228
1,46,completed,90001.7855542,90001.786233,90001.7868624,1.3081999932182953
0,46,completed,90001.7855696,90001.7863066,90001.7874034,1.8337999936193228
0,47,completed,90001.8203881,90001.8211141,90001.8217406,1.3525000103982165
1,47,completed,90001.8203965,90001.8211198,90001.822286,1.8894999957410619
0,48,completed,90001.8553789,90001.8561861,90001.8570225,1.6436000005342066
1,48,completed,90001.8553795,90001.8562619,90001.8576712,2.2917000023880973
0,49,completed,90001.8830094,90001.883905,90001.8845707,1.561299999593757
1,49,completed,90001.8830122,90001.8839231,90001.8851305,2.1182999917073175
1,50,completed,90001.9177081,90001.9186634,90001.9193597,1.6516000032424927
0,50,completed,90001.9177138,90001.9186756,90001.9199491,2.235300009488128
1,51,completed,90001.9595135,90001.9602014,90001.9608874,1.373899998725392
0,51,completed,90001.959513,90001.9602563,90001.9614164,1.9033999997191131
0,52,completed,90001.9871392,90001.9878391,90001.9884419,1.3026999949943274
1,52,completed,90001.9871524,90001.9878458,90001.9889453,1.792900002328679
1,53,completed,90002.0218737,90002.0227127,90002.0234349,1.5611999988323078
0,53,completed,90002.0218737,90002.0227163,90002.0240698,2.1961000020382926
0,54,completed,90002.0495778,90002.0504521,90002.0512352,1.6573999891988933
1,54,completed,90002.0495447,90002.0504486,90002.0518706,2.3259000008692965
0,55,completed,90002.0844121,90002.0851187,90002.0859289,1.5168000099947676
1,55,completed,90002.0844338,90002.0852053,90002.0864917,2.0578999974532053
0,56,completed,90002.1189794,90002.1195908,90002.1202281,1.248700005817227
1,56,completed,90002.1189727,90002.1196482,90002.1207386,1.7659000004641712
0,57,completed,90002.1538056,90002.1546907,90002.1552983,1.4927000011084601
1,57,completed,90002.1537881,90002.1547303,90002.1558206,2.032500007771887
1,58,completed,90002.1815994,90002.1822981,90002.1828887,1.2892999948235229
0,58,completed,90002.1815883,90002.1822977,90002.183372,1.783700005034916
0,59,completed,90002.2163473,90002.2173218,90002.2179097,1.5624000079696998
1,59,completed,90002.2163647,90002.2173314,90002.21843,2.0652999955927953
0,60,completed,90002.2511825,90002.2525031,90002.2530961,1.9136000046273693
1,60,completed,90002.251147,90002.2525255,90002.2536013,2.454300003591925
0,61,completed,90002.2856927,90002.2863269,90002.2869446,1.2519000010797754
1,61,completed,90002.2857281,90002.2863771,90002.2874215,1.6934000013861805
1,62,completed,90002.3205386,90002.3219714,90002.3225799,2.0413000020198524
0,62,completed,90002.3205385,90002.3219673,90002.3231231,2.5845999916782603
1,63,completed,90002.3478598,90002.3485929,90002.3492942,1.4344000082928687
0,63,completed,90002.3478871,90002.3486124,90002.349852,1.964900002349168
0,64,completed,90002.3828962,90002.3835794,90002.3844498,1.553599999169819
1,64,completed,90002.3828946,90002.3836591,90002.3849305,2.035900004557334
1,65,completed,90002.4176655,90002.4184802,90002.4190894,1.4239000011002645
0,65,completed,90002.4176654,90002.418412,90002.4197919,2.1264999959385023
0,66,completed,90002.461083,90002.4617363,90002.4625038,1.4207999920472503
1,66,completed,90002.4610959,90002.461873,90002.4629942,1.8983000045409426
0,67,completed,90002.4871968,90002.4884778,90002.4890908,1.8940000009024516
1,67,completed,90002.4872215,90002.4885732,90002.4896329,2.4113999970722944
0,68,completed,90002.5149672,90002.5156116,90002.5162354,1.2682000087806955
1,68,completed,90002.5149738,90002.5157176,90002.5167398,1.7660000012256205
0,69,completed,90002.549666,90002.5507427,90002.5515234,1.8573999986983836
1,69,completed,90002.5497051,90002.5508267,90002.5521908,2.485699995304458
0,70,completed,90002.5843312,90002.5850589,90002.5858113,1.480099992477335
1,70,completed,90002.5843318,90002.5851443,90002.5863066,1.9748000049730763
0,71,completed,90002.6190619,90002.6197353,90002.6208401,1.7782000068109483
1,71,completed,90002.6190452,90002.6198681,90002.6213315,2.286300004925579
1,72,completed,90002.6536903,90002.6545256,90002.6551093,1.4190000074449927
0,72,completed,90002.65369,90002.6545254,90002.655811,2.1209999977145344
0,73,completed,90002.688552,90002.6893826,90002.6902316,1.6795999981695786
1,73,completed,90002.6885382,90002.6894151,90002.6907411,2.2028999956091866
1,74,completed,90002.7164081,90002.7178539,90002.7184177,2.0096000080229715
0,74,completed,90002.7163935,90002.7178716,90002.7190835,2.689999993890524
1,75,completed,90002.7509782,90002.7516219,90002.7523997,1.4214999973773956
0,75,completed,90002.7510109,90002.7518038,90002.7531286,2.1177000016905367
0,76,completed,90002.7857054,90002.7869236,90002.7876352,1.9297999970149249
1,76,completed,90002.7857594,90002.7869657,90002.7881902,2.4307999992743134
0,77,completed,90002.827104,90002.8279295,90002.8291318,2.0278000010875985
1,77,completed,90002.8271045,90002.8279399,90002.8296356,2.5311000063084066
0,78,completed,90002.855181,90002.8560496,90002.8567343,1.553299996885471
1,78,completed,90002.8551885,90002.856055,90002.8572217,2.033199998550117
0,79,completed,90002.8899677,90002.8908112,90002.8915267,1.5589999966323376
1,79,completed,90002.8899745,90002.8908071,90002.8920121,2.0376000029500574
0,80,completed,90002.917638,90002.9183737,90002.9193138,1.6757999983383343
1,80,completed,90002.9176642,90002.9184464,90002.9197959,2.1317000064300373
1,81,completed,90002.9524549,90002.9534845,90002.95421,1.755099990987219
0,81,completed,90002.9524484,90002.9534752,90002.9547416,2.293199999257922
1,82,completed,90002.9940139,90002.9951363,90002.9957519,1.7380000062985346
0,82,completed,90002.994029,90002.9951614,90002.9962914,2.2624000121140853
0,83,completed,90003.0148941,90003.0155443,90003.0161797,1.285600010305643
1,83,completed,90003.0149236,90003.0156351,90003.0166715,1.7478999943705276
0,84,completed,90003.0496002,90003.0502642,90003.0509258,1.3255999947432429
1,84,completed,90003.0496352,90003.0503013,90003.0515465,1.9113000016659498
0,85,completed,90003.084396,90003.0856808,90003.0862525,1.8564999918453395
1,85,completed,90003.0844209,90003.0857051,90003.0867401,2.3191999935079366
0,86,completed,90003.1187836,90003.1200726,90003.120957,2.173400003812276
1,86,completed,90003.1188375,90003.1204612,90003.1214794,2.6418999914312735
1,87,completed,90003.1606782,90003.1614406,90003.16202,1.3418000016827136
0,87,completed,90003.1606865,90003.16146,90003.162577,1.89049998880364
1,88,completed,90003.1886402,90003.1898719,90003.1904447,1.8045000033453107
0,88,completed,90003.1886324,90003.1898713,90003.1909734,2.3409999994328246
0,89,completed,90003.2162537,90003.2169782,90003.2175823,1.3286000030348077
1,89,completed,90003.2162649,90003.2169859,90003.2181028,1.8379000102868304
1,90,completed,90003.2509923,90003.2517074,90003.2523667,1.3744000025326386
0,90,completed,90003.2510081,90003.2516937,90003.253016,2.007900009630248
1,91,completed,90003.2858293,90003.2871119,90003.2876965,1.8672000005608425
0,91,completed,90003.2857828,90003.2871045,90003.2881984,2.415599999949336
1,92,completed,90003.3204529,90003.3211573,90003.3217214,1.2684999965131283
0,92,completed,90003.3204529,90003.3211553,90003.3222137,1.7607999907340854
1,93,completed,90003.3553199,90003.3561045,90003.356718,1.3980999938212335
0,93,completed,90003.3553315,90003.3561519,90003.3572497,1.9181999959982932
1,94,completed,90003.3829458,90003.3836754,90003.3843444,1.3985999976284802
0,94,completed,90003.3829659,90003.3836298,90003.3848306,1.8646999960765243
1,95,completed,90003.417663,90003.418416,90003.4190633,1.4002999960212037
0,95,completed,90003.4176723,90003.4183905,90003.4195704,1.898100003018044
1,96,completed,90003.4593868,90003.4601011,90003.4607719,1.3851000112481415
0,96,completed,90003.4593801,90003.4602121,90003.4612949,1.9147999992128462
1,97,completed,90003.4870973,90003.4877969,90003.4884664,1.3690999912796542
0,97,completed,90003.4870795,90003.4878798,90003.4889962,1.9166999991284683
1,98,completed,90003.5217864,90003.5223713,90003.523002,1.2156000011600554
0,98,completed,90003.5218317,90003.5225099,90003.5235313,1.6996000049402937
1,99,completed,90003.5496047,90003.5502685,90003.5508458,1.2410999916028231
0,99,completed,90003.5495926,90003.5503374,90003.5513242,1.7316000012215227
1,100,completed,90003.5844862,90003.5854424,90003.5860499,1.563700003316626
0,100,completed,90003.584447,90003.5855878,90003.5866039,2.156899994588457
1,101,completed,90003.6260866,90003.6271402,90003.6277798,1.6931999998632818
0,101,completed,90003.6260694,90003.6271786,90003.6283353,2.2659000096609816
1,102,completed,90003.6539584,90003.6550499,90003.6557193,1.76090000604745
0,102,completed,90003.6539609,90003.6551876,90003.6562334,2.272500001708977
0,103,completed,90003.6885981,90003.6898792,90003.6904749,1.8768000009004027
1,103,completed,90003.688618,90003.6899009,90003.6909774,2.3593999940203503
0,104,completed,90003.7163436,90003.717641,90003.7183228,1.9792000093730167
1,104,completed,90003.7163443,90003.7178637,90003.7188432,2.4988999939523637
0,105,completed,90003.7508228,90003.752242,90003.7528693,2.0465000125113875
1,105,completed,90003.7508261,90003.7522417,90003.7534844,2.658299999893643
0,106,completed,90003.7855581,90003.7861609,90003.78683,1.2718999932985753
1,106,completed,90003.7855843,90003.786273,90003.7873226,1.7382999940309674
1,107,completed,90003.8201407,90003.8217966,90003.8224502,2.309499992406927
0,107,completed,90003.820131,90003.8217887,90003.8229332,2.802200004225597
0,108,completed,90003.8479247,90003.8487826,90003.8497004,1.7756999877747148
1,108,completed,90003.8478894,90003.8488334,90003.8502885,2.3991000052774325
0,109,completed,90003.8829219,90003.8837016,90003.8842855,1.3635999930556864
1,109,completed,90003.8829487,90003.8837539,90003.8847919,1.8431999924359843
0,110,completed,90003.9174376,90003.9189387,90003.9196315,2.1938999998383224
1,110,completed,90003.917455,90003.9189387,90003.9201601,2.705099992454052
0,111,completed,90003.9524619,90003.9534048,90003.9540944,1.6325000033248216
1,111,completed,90003.9524524,90003.9534402,90003.9546405,2.1880999993300065
1,112,completed,90003.9872654,90003.9884703,90003.9890367,1.7712999979266897
0,112,completed,90003.9872655,90003.9884708,90003.9897093,2.4437999963993207
0,113,completed,90004.0149692,90004.0158917,90004.0166196,1.6504000086570159
1,113,completed,90004.0149692,90004.0158926,90004.0171183,2.149100007954985
0,114,completed,90004.0496254,90004.0514615,90004.0523237,2.698299998883158
1,114,completed,90004.0496397,90004.0514641,90004.0529029,3.2632000074954703
0,115,completed,90004.0843118,90004.0850573,90004.0858,1.4881999959470704
1,115,completed,90004.0843138,90004.0850337,90004.0863335,2.019699997617863
1,116,completed,90004.1191268,90004.1206187,90004.1212007,2.0739000028697774
0,116,completed,90004.1190943,90004.1206343,90004.1217515,2.6572000060696155
1,117,completed,90004.1537945,90004.154683,90004.1554816,1.687099997070618
0,117,completed,90004.1537983,90004.1546901,90004.1565648,2.7664999943226576
1,118,completed,90004.1817604,90004.1830345,90004.1835958,1.8354000058025122
0,118,completed,90004.1817723,90004.1830368,90004.1842857,2.513400002499111
1,119,completed,90004.2228678,90004.2236664,90004.2246704,1.8026000034296885
0,119,completed,90004.2228673,90004.2236431,90004.2253919,2.5246000004699454
1,120,completed,90004.2506262,90004.2521307,90004.2530607,2.4344999983441085
0,120,completed,90004.2506092,90004.2521464,90004.2537471,3.137899999273941
0,121,completed,90004.2859162,90004.2865654,90004.287248,1.331799998297356
1,121,completed,90004.285953,90004.2867051,90004.2877116,1.7586000030860305
0,122,completed,90004.3273203,90004.3280882,90004.3286577,1.3373999972827733
1,122,completed,90004.3273364,90004.3280889,90004.3291623,1.825899991672486
1,123,completed,90004.3551717,90004.3559422,90004.356544,1.3723000010941178
0,123,completed,90004.3552051,90004.3559727,90004.3570439,1.8388000025879592
1,124,completed,90004.3830468,90004.3837377,90004.3843155,1.2687000125879422
0,124,completed,90004.3830435,90004.3837458,90004.3849441,1.9006000075023621
1,125,completed,90004.417384,90004.4185723,90004.4191728,1.7888000002130866
0,125,completed,90004.4173716,90004.4185569,90004.4197387,2.3671000089962035
1,126,completed,90004.4594372,90004.46028,90004.4609758,1.5386000013677403
0,126,completed,90004.459464,90004.4603128,90004.4614977,2.0337000023573637
1,127,completed,90004.4871034,90004.4877865,90004.4883518,1.248400003532879
0,127,completed,90004.4870734,90004.4877668,90004.4888215,1.7480999958934262
1,128,completed,90004.5215414,90004.5223016,90004.5229613,1.4198999997461215
0,128,completed,90004.5215276,90004.5223455,90004.5235318,2.004200010560453
1,129,completed,90004.5495029,90004.5502129,90004.5507987,1.295800000661984
0,129,completed,90004.5495137,90004.5502213,90004.5512875,1.7738000024110079
0,130,completed,90004.5840607,90004.5850476,90004.585723,1.6622999974060804
1,130,completed,90004.5840404,90004.5850484,90004.5862047,2.164299992728047
0,131,completed,90004.6259212,90004.6265827,90004.6271755,1.2543000048026443
1,131,completed,90004.6259509,90004.6266498,90004.627679,1.7281000036746264
0,132,completed,90004.6535481,90004.654454,90004.6551504,1.6022999916458502
1,132,completed,90004.653542,90004.6544919,90004.6556979,2.155900001525879
0,133,completed,90004.6885407,90004.6897188,90004.6903186,1.7779000045266002
1,133,completed,90004.6885303,90004.6897196,90004.6908293,2.298999999766238
1,134,completed,90004.716326,90004.7171456,90004.7177728,1.44680000084918
0,134,completed,90004.7163479,90004.7171704,90004.7183365,1.988599993637763
0,135,completed,90004.7510956,90004.7522571,90004.7529463,1.8506999913370237
1,135,completed,90004.7510557,90004.7522048,90004.7536313,2.575599995907396
1,136,completed,90004.7857296,90004.7863591,90004.7869762,1.2466000043787062
0,136,completed,90004.7857067,90004.7864403,90004.7878592,2.152500004740432
0,137,completed,90004.8201244,90004.8213202,90004.8219411,1.8167000089306384
1,137,completed,90004.8201279,90004.8213073,90004.8224516,2.3236999986693263
0,138,completed,90004.8481708,90004.8488502,90004.8495586,1.3878000027034432
1,138,completed,90004.8481529,90004.8489054,90004.8501419,1.9889999966835603
0,139,completed,90004.8830074,90004.8836982,90004.8842999,1.2925000046379864
1,139,completed,90004.8830078,90004.8837534,90004.8847804,1.7725999932736158
0,140,completed,90004.9178373,90004.919249,90004.9198059,1.968600001418963
1,140,completed,90004.9178549,90004.919232,90004.9203024,2.4474999954691157
0,141,completed,90004.9593083,90004.9600762,90004.960737,1.428699993994087
1,141,completed,90004.9593023,90004.960208,90004.9612395,1.937199995154515
0,142,completed,90004.9870925,90004.9882495,90004.9888657,1.7731999978423119
1,142,completed,90004.9870925,90004.9883861,90004.9893369,2.2444000060204417
1,143,completed,90005.0146048,90005.0152681,90005.0159292,1.324400000157766
0,143,completed,90005.0146013,90005.0153653,90005.0164653,1.863999990746379
1,144,completed,90005.0496672,90005.0504057,90005.0509896,1.3223999994806945
0,144,completed,90005.0496682,90005.0504064,90005.0514864,1.8182000058004633
0,145,completed,90005.0843189,90005.0850158,90005.085611,1.292100001592189
1,145,completed,90005.0843134,90005.0850152,90005.0861089,1.7954999930225313
1,146,completed,90005.1191104,90005.1198667,90005.1204755,1.3651000044774264
0,146,completed,90005.1190837,90005.119866,90005.1209923,1.908599995658733
0,147,completed,90005.1538393,90005.1546667,90005.1552944,1.455100005841814
1,147,completed,90005.1538393,90005.1546805,90005.1557926,1.9533000013325363
1,148,completed,90005.1815357,90005.1822765,90005.1829806,1.4449000009335577
0,148,completed,90005.1815359,90005.1822545,90005.1835866,2.050700000836514
0,149,completed,90005.2163042,90005.2170819,90005.2177379,1.4337000029627234
1,149,completed,90005.2163039,90005.2170821,90005.218337,2.0330999977886677
0,150,completed,90005.2612436,90005.2619066,90005.2624891,1.2454999960027635
1,150,completed,90005.2612599,90005.2619964,90005.2630524,1.7924999992828816
0,151,completed,90005.2857322,90005.2866813,90005.2873045,1.5722999960416928
1,151,completed,90005.2857235,90005.2866737,90005.2884423,2.7188000094611198
0,152,completed,90005.3207666,90005.3215911,90005.3224004,1.6337999986717477
1,152,completed,90005.3207662,90005.3217655,90005.3231311,2.364899992244318
1,153,completed,90005.3484807,90005.3493641,90005.3501855,1.7048000008799136
0,153,completed,90005.3484473,90005.3493727,90005.3509667,2.5194000045303255
0,154,completed,90005.383184,90005.3839681,90005.3850454,1.8614000000525266
1,154,completed,90005.3831704,90005.3840535,90005.3856888,2.518399996915832
1,155,completed,90005.4179356,90005.4189113,90005.4197436,1.808000000892207
0,155,completed,90005.4179358,90005.4189795,90005.4206993,2.763500000583008
0,156,completed,90005.4596334,90005.4605907,90005.4613954,1.7619999998714775
1,156,completed,90005.4596365,90005.4606561,90005.4619765,2.339999991818331
0,157,completed,90005.4873078,90005.4882452,90005.4891473,1.8395000079181045
1,157,completed,90005.4873078,90005.4883247,90005.4898208,2.5129999994533136
0,158,completed,90005.5191564,90005.5199111,90005.5207537,1.597299997229129
1,158,completed,90005.519157,90005.5199044,90005.521501,2.343999993172474
1,159,completed,90005.5496967,90005.5505598,90005.5513145,1.6177999932551757
0,159,completed,90005.549701,90005.550624,90005.5519769,2.275899998494424
1,160,completed,90005.5847289,90005.5857063,90005.5865538,1.8249000131618232
0,160,completed,90005.5846869,90005.5858858,90005.5870729,2.386000007390976
0,161,completed,90005.6191696,90005.6201931,90005.6207905,1.6209000023081899
1,161,completed,90005.6191524,90005.6201894,90005.6214831,2.330699993763119
0,162,completed,90005.6538058,90005.6551217,90005.6558485,2.042699998128228
1,162,completed,90005.6538064,90005.6550858,90005.6565982,2.791799997794442
1,163,completed,90005.6884297,90005.6891551,90005.6898662,1.4364999951794744
0,163,completed,90005.6884546,90005.6891523,90005.6903511,1.8965000053867698
1,164,completed,90005.7163206,90005.7172524,90005.7178397,1.519099998404272
0,164,completed,90005.7163617,90005.7172525,90005.7183438,1.982100002351217
0,165,completed,90005.7510348,90005.7517306,90005.7523226,1.287799997953698
1,165,completed,90005.7510186,90005.7517189,90005.7528161,1.7974999936996028
0,166,completed,90005.7854197,90005.7863998,90005.7869884,1.5686999977333471
1,166,completed,90005.7854076,90005.7863998,90005.7874941,2.0865000115009025
0,167,completed,90005.8204949,90005.8212034,90005.8218754,1.3804999907733873
1,167,completed,90005.8205322,90005.8212372,90005.8223552,1.8229999986942858
0,168,completed,90005.855294,90005.856196,90005.8569152,1.6212000045925379
1,168,completed,90005.8553078,90005.8562577,90005.8575047,2.1969000081298873
1,169,completed,90005.8829962,90005.8836931,90005.8842786,1.2824000004911795
0,169,completed,90005.8829945,90005.8837683,90005.8847656,1.771099996403791
1,170,completed,90005.917664,90005.918302,90005.9189103,1.2463000020943582
0,170,completed,90005.9176522,90005.9183825,90005.9193998,1.7475999920861796
0,171,completed,90005.9523839,90005.9533848,90005.9542034,1.8195000011473894
1,171,completed,90005.9524003,90005.9533703,90005.9547932,2.3929000017233193
1,172,completed,90005.9871682,90005.9878898,90005.9885204,1.3522000081138685
0,172,completed,90005.9871677,90005.9879867,90005.9890132,1.8454999953974038
0,173,completed,90006.015015,90006.0155155,90006.016152,1.1369999992894009
1,173,completed,90006.0217764,90006.022172,90006.0227088,0.9323999984189868
1,174,completed,90006.0496643,90006.0506473,90006.0512619,1.597599999513477
0,174,completed,90006.0496751,90006.0506793,90006.0517785,2.103399994666688
0,175,completed,90006.0842129,90006.0848927,90006.0855617,1.3488000113284215
1,175,completed,90006.0842506,90006.0849892,90006.0861081,1.857499999459833
0,176,completed,90006.1190499,90006.1196631,90006.1203202,1.2703000102192163
1,176,completed,90006.1190756,90006.1198283,90006.1208641,1.7884999979287386
0,177,completed,90006.1603531,90006.1611139,90006.1617876,1.4344999945024028
1,177,completed,90006.1603519,90006.1612207,90006.162281,1.9290999916847795
0,178,completed,90006.1880799,90006.1887781,90006.1894222,1.342299990938045
1,178,completed,90006.1880888,90006.1888749,90006.1899142,1.8254000024171546
0,179,completed,90006.2165358,90006.2173172,90006.2179229,1.3870999973732978
1,179,completed,90006.2164822,90006.2173146,90006.2184456,1.963399990927428
1,180,completed,90006.2509644,90006.2520464,90006.2525674,1.6030000115279108
0,180,completed,90006.2510125,90006.2520499,90006.2530498,2.0373000006657094
0,181,completed,90006.2856312,90006.2862664,90006.2868978,1.2666000111494213
1,181,completed,90006.2856598,90006.2863237,90006.2874447,1.784899999620393
1,182,completed,90006.3274977,90006.3284065,90006.32898,1.4823000092292204
0,182,completed,90006.3274756,90006.3284083,90006.3294761,2.0004999969387427
1,183,completed,90006.3483702,90006.3491786,90006.3497586,1.3884000072721392
0,183,completed,90006.348363,90006.3491652,90006.3502339,1.8708999996306375
1,184,completed,90006.3829776,90006.3836649,90006.3842619,1.2843000004068017
0,184,completed,90006.3829685,90006.3836726,90006.3847609,1.7923999985214323
1,185,completed,90006.4176304,90006.4183681,90006.4189845,1.3540999934775755
0,185,completed,90006.4176935,90006.4184241,90006.4194727,1.7791999998735264
0,186,completed,90006.4526477,90006.4535603,90006.4542427,1.5949999942677096
1,186,completed,90006.4526623,90006.4535807,90006.454767,2.1047000045655295
1,187,completed,90006.4943994,90006.4951088,90006.4957237,1.3242999993963167
0,187,completed,90006.4944343,90006.4951311,90006.4962127,1.778400008333847
1,188,completed,90006.5219281,90006.5226305,90006.5232007,1.2725999986287206
0,188,completed,90006.5219377,90006.5226473,90006.5236796,1.741899992339313
1,189,completed,90006.5495212,90006.5502899,90006.5509187,1.3975000038044527
0,189,completed,90006.5495212,90006.5502913,90006.5514327,1.9115000031888485
0,190,completed,90006.5844755,90006.585148,90006.5857844,1.3088999985484406
1,190,completed,90006.5844834,90006.5852026,90006.5862632,1.7798000044422224
1,191,completed,90006.6189562,90006.6197547,90006.6203561,1.3998999929754063
0,191,completed,90006.6189883,90006.6197724,90006.620898,1.9096999894827604
0,192,completed,90006.6537456,90006.6544647,90006.6552213,1.47570000262931
1,192,completed,90006.6537459,90006.6544641,90006.6558173,2.071399998385459
0,193,completed,90006.6887996,90006.6895301,90006.6901487,1.3490999990608543
1,193,completed,90006.6888002,90006.6895299,90006.6906484,1.8482000014046207
0,194,completed,90006.715835,90006.7166563,90006.7173242,1.4892000035615638
1,194,completed,90006.7158427,90006.7166763,90006.7178444,2.0017000060761347
1,195,completed,90006.7510488,90006.7517796,90006.7523731,1.3242999993963167
0,195,completed,90006.7510773,90006.7518127,90006.752864,1.7866999987745658
0,196,completed,90006.7858459,90006.7865732,90006.7871937,1.3478000037139282
1,196,completed,90006.7858461,90006.7865727,90006.7878048,1.9586999987950549
1,197,completed,90006.8205092,90006.8212204,90006.8219334,1.4242000033846125
0,197,completed,90006.8205603,90006.8212343,90006.8224242,1.8639000045368448
1,198,completed,90006.8550113,90006.8563881,90006.8572141,2.2028000093996525
0,198,completed,90006.8550095,90006.8563876,90006.8577704,2.7609000098891556
0,199,completed,90006.8829779,90006.8837236,90006.8844305,1.4526000013574958
1,199,completed,90006.8830004,90006.8837584,90006.8850952,2.0948000019416213
0,200,completed,90006.9177794,90006.9185962,90006.9191784,1.3990000006742775
1,200,completed,90006.917775,90006.9186113,90006.919902,2.126999999745749
0,201,completed,90006.9595875,90006.9605567,90006.9612277,1.6402000037487596
1,201,completed,90006.9596342,90006.9606577,90006.9618993,2.265100003569387
0,202,completed,90006.9871229,90006.9878774,90006.9884717,1.3487999967765063
1,202,completed,90006.9871474,90006.9878807,90006.988952,1.80460000410676
0,203,completed,90007.0144739,90007.0150008,90007.0156315,1.157600010628812
1,203,completed,90007.0219187,90007.022535,90007.0231302,1.211499999044463
0,204,completed,90007.0494943,90007.0502168,90007.0507643,1.2700000079348683
1,204,completed,90007.0494943,90007.0502173,90007.0512603,1.7660000012256205
1,205,completed,90007.0843802,90007.0851801,90007.085919,1.538800002890639
0,205,completed,90007.0843799,90007.0852893,90007.0864302,2.0502999977907166
1,206,completed,90007.1190483,90007.1198154,90007.1204807,1.4324000076157972
0,206,completed,90007.1190481,90007.1199078,90007.1209826,1.9345000036992133
1,207,completed,90007.1603664,90007.161183,90007.1618855,1.519099998404272
0,207,completed,90007.1603659,90007.1613204,90007.1623766,2.010700001846999
1,208,completed,90007.188502,90007.1891974,90007.1897961,1.2941000022692606
0,208,completed,90007.1885262,90007.1892307,90007.1902715,1.7453000036766753
0,209,completed,90007.2159121,90007.2166891,90007.2173412,1.4290999970398843
1,209,completed,90007.2158993,90007.2166735,90007.2178442,1.944899995578453
0,210,completed,90007.2509964,90007.2520328,90007.2526152,1.618800000869669
1,210,completed,90007.2510149,90007.2520451,90007.2531438,2.128899999661371
0,211,completed,90007.2858119,90007.2866258,90007.2872803,1.4684000052511692
1,211,completed,90007.2857812,90007.2867189,90007.2878506,2.0693999977083877
0,212,completed,90007.3204935,90007.3212801,90007.3218984,1.4049000019440427
1,212,completed,90007.3204647,90007.3213438,90007.322389,1.924299998790957
0,213,completed,90007.3478599,90007.3485762,90007.3491879,1.328000013018027
1,213,completed,90007.3478829,90007.3486444,90007.3496858,1.8029000057140365
0,214,completed,90007.3830941,90007.3837203,90007.3843133,1.219199999468401
1,214,completed,90007.3830711,90007.3837997,90007.384814,1.7428999999538064
0,215,completed,90007.4176922,90007.4183845,90007.4190645,1.3723000010941178
1,215,completed,90007.417691,90007.4184807,90007.4195916,1.9006000075023621
1,216,completed,90007.4520306,90007.4528177,90007.4534431,1.4125000016065314
0,216,completed,90007.4520166,90007.4527851,90007.4539539,1.9372999959159642
0,217,completed,90007.4867748,90007.4875162,90007.4882273,1.4525000005960464
1,217,completed,90007.486775,90007.4875685,90007.4887901,2.0151000062469393
1,218,completed,90007.5217707,90007.5225373,90007.5232281,1.4574000088032335
0,218,completed,90007.5218005,90007.5225469,90007.5238248,2.024299988988787
0,219,completed,90007.5495689,90007.5501983,90007.5509377,1.3688000035472214
1,219,completed,90007.5495834,90007.5502895,90007.5514353,1.8519000004744157
0,220,completed,90007.5912498,90007.5919399,90007.5925418,1.2920000008307397
1,220,completed,90007.5912681,90007.5919744,90007.5930879,1.8197999888798222
1,221,completed,90007.6190783,90007.6200222,90007.6207687,1.6903999930946156
0,221,completed,90007.6190687,90007.6200552,90007.6212999,2.2311999928206205
1,222,completed,90007.6537585,90007.6544533,90007.6550866,1.328099999227561
0,222,completed,90007.6537523,90007.6544535,90007.6556687,1.9163999968441203
1,223,completed,90007.6953836,90007.6962097,90007.6969079,1.5242999943438917
0,223,completed,90007.6953731,90007.6962068,90007.6974967,2.123600002960302
0,224,completed,90007.7162818,90007.7169684,90007.7175767,1.29489999380894
1,224,completed,90007.7163051,90007.7169648,90007.718083,1.7779000045266002
1,225,completed,90007.751025,90007.7518819,90007.7525002,1.4751999988220632
0,225,completed,90007.751005,90007.7518899,90007.7530273,2.0223000028636307
0,226,completed,90007.7855808,90007.7863555,90007.7869549,1.3741000002482906
1,226,completed,90007.7855821,90007.7863537,90007.7874323,1.8502000020816922
0,227,completed,90007.8203114,90007.8209783,90007.8216054,1.293999986955896
1,227,completed,90007.8203343,90007.8210314,90007.8221098,1.7755000008037314
0,228,completed,90007.8552906,90007.8559852,90007.8567161,1.4254999987315387
1,228,completed,90007.8552798,90007.856073,90007.8573095,2.0297000010032207
1,229,completed,90007.8828272,90007.8835646,90007.8841566,1.3294000091264024
0,229,completed,90007.8828043,90007.8835469,90007.8846708,1.8665000097826123
0,230,completed,90007.9177133,90007.91853,90007.9191304,1.4170999929774553
1,230,completed,90007.9177134,90007.9185317,90007.9197491,2.03569998848252
1,231,completed,90007.9522433,90007.9531594,90007.9538705,1.6272000066237524
0,231,completed,90007.9522422,90007.9531604,90007.9544749,2.2327000042423606
0,232,completed,90007.9939581,90007.9947882,90007.9953863,1.4281999901868403
1,232,completed,90007.9939577,90007.994785,90007.9958931,1.935399996000342
0,233,completed,90008.0217336,90008.0223986,90008.0229888,1.255199997103773
1,233,completed,90008.0217289,90008.0224005,90008.0235166,1.7877000063890591
0,234,completed,90008.0495962,90008.0503354,90008.0509315,1.3352999958442524
1,234,completed,90008.0496435,90008.0503657,90008.0515445,1.9010000105481595
0,235,completed,90008.0843513,90008.0850655,90008.0856609,1.309600003878586
1,235,completed,90008.0843769,90008.0850881,90008.0862958,1.9189000013284385
1,236,completed,90008.1190922,90008.120002,90008.120758,1.665800009504892
0,236,completed,90008.1190921,90008.1199875,90008.1212806,2.188500002375804
0,237,completed,90008.1536594,90008.154338,90008.1549073,1.2478999997256324
1,237,completed,90008.1536562,90008.1543642,90008.1554761,1.8199000041931868
0,238,completed,90008.1885952,90008.1893237,90008.1899196,1.324400000157766
1,238,completed,90008.188617,90008.1893469,90008.1904324,1.815399999031797
1,239,completed,90008.2158792,90008.2166044,90008.2172846,1.4054000057512894
0,239,completed,90008.2158793,90008.2166356,90008.2178526,1.9733000081032515
1,240,completed,90008.2509567,90008.251577,90008.2521931,1.23639999947045
0,240,completed,90008.2509313,90008.2516321,90008.252692,1.760699989972636
1,241,completed,90008.2857516,90008.2864103,90008.2870542,1.3026000087847933
0,241,completed,90008.2857654,90008.2865403,90008.2875471,1.7817000043578446
1,242,completed,90008.3205937,90008.3215774,90008.3223151,1.7213999963132665
0,242,completed,90008.3205933,90008.3215676,90008.3229265,2.333199998247437
1,243,completed,90008.3549254,90008.3561739,90008.357241,2.315600009751506
0,243,completed,90008.3549557,90008.3562533,90008.3580251,3.0694000015500933
0,244,completed,90008.3829427,90008.3837644,90008.3844837,1.5410000050906092
1,244,completed,90008.3829434,90008.3837468,90008.385069,2.125599989085458
0,245,completed,90008.4176944,90008.4187832,90008.4193759,1.6814999980852008
1,245,completed,90008.417683,90008.418758,90008.4199003,2.2172999888425693
1,246,completed,90008.4524485,90008.4532006,90008.4537726,1.324099997873418
0,246,completed,90008.4524367,90008.4531918,90008.4542685,1.8318000074941665
0,247,completed,90008.4870995,90008.4879659,90008.4885357,1.4362000074470416
1,247,completed,90008.4871271,90008.4879697,90008.4890216,1.8945000047096983
0,248,completed,90008.5197136,90008.5205124,90008.5211342,1.4205999905243516
1,248,completed,90008.519714,90008.5206282,90008.5217041,1.990100005059503
0,249,completed,90008.5496353,90008.5505618,90008.5512157,1.5803999995114282
1,249,completed,90008.5496281,90008.5506356,90008.5516931,2.0650000078603625
1,250,completed,90008.5841919,90008.5848923,90008.5855958,1.4039000088814646
0,250,completed,90008.5841868,90008.5849804,90008.5861536,1.9668000022647902
1,251,completed,90008.6190297,90008.6197363,90008.6203524,1.3227000017650425
0,251,completed,90008.6190296,90008.6197365,90008.6208429,1.8132999975932762
0,252,completed,90008.6536798,90008.6543777,90008.6549827,1.302899996517226
1,252,completed,90008.6537091,90008.6544073,90008.6554879,1.778799996827729
1,253,completed,90008.6885645,90008.6891924,90008.6897567,1.1921999976038933
0,253,completed,90008.6885778,90008.6892045,90008.6902801,1.7022999963955954
1,254,completed,90008.7162362,90008.7170091,90008.7175935,1.357300003292039
0,254,completed,90008.7162431,90008.7170102,90008.7180792,1.8360999965807423
0,255,completed,90008.7510595,90008.7519842,90008.7525834,1.5238999912980944
1,255,completed,90008.7510609,90008.7520215,90008.7531203,2.05939999432303
1,256,completed,90008.7853056,90008.7860746,90008.786697,1.3914000010117888
0,256,completed,90008.7853456,90008.7861069,90008.7872348,1.8891999934567139
0,257,completed,90008.8204319,90008.8212661,90008.821887,1.4550999912898988
1,257,completed,90008.8204289,90008.8212906,90008.8223726,1.9437000009929761
1,258,completed,90008.8552608,90008.8562439,90008.8567884,1.5275999903678894
0,258,completed,90008.8552605,90008.8562121,90008.8573117,2.0512000046437606
1,259,completed,90008.8829268,90008.8836933,90008.8842617,1.3349000073503703
0,259,completed,90008.8829266,90008.8836909,90008.8847415,1.8149000097764656
0,260,completed,90008.9176323,90008.9183856,90008.9190427,1.4104000001680106
1,260,completed,90008.9176091,90008.9184351,90008.9195777,1.968600001418963
1,261,completed,90008.9522627,90008.9530084,90008.9538142,1.5514999977312982
0,261,completed,90008.9522999,90008.9530204,90008.9544926,2.1926999907009304
0,262,completed,90008.9870388,90008.9878341,90008.988383,1.3442000054055825
1,262,completed,90008.9870386,90008.9878231,90008.9889263,1.887699996586889
1,263,completed,90009.0217235,90009.0224503,90009.0230838,1.3602999970316887
0,263,completed,90009.0217156,90009.0224519,90009.0235968,1.881200005300343
0,264,completed,90009.0495427,90009.05031,90009.0509366,1.393900005496107
1,264,completed,90009.0495432,90009.0503429,90009.0514484,1.905199998873286
1,265,completed,90009.0911822,90009.0918856,90009.0926068,1.4245999918784946
0,265,completed,90009.0911869,90009.0919571,90009.0930968,1.9099000055575743
1,266,completed,90009.1186413,90009.1193097,90009.1199884,1.3470999983837828
0,266,completed,90009.1186321,90009.1194102,90009.1205333,1.901199997519143
0,267,completed,90009.1536606,90009.1543814,90009.1549701,1.3095000031171367
1,267,completed,90009.1536857,90009.1543793,90009.1555742,1.8885000026784837
0,268,completed,90009.1952987,90009.1960085,90009.1966797,1.3810000091325492
1,268,completed,90009.1953014,90009.1960447,90009.1971834,1.8819999968400225
0,269,completed,90009.2162028,90009.2169635,90009.217585,1.382200003718026
1,269,completed,90009.2162031,90009.2170136,90009.2182691,2.0660000009229407
0,270,completed,90009.2602862,90009.2609627,90009.2616225,1.3362999889068305
1,270,completed,90009.2602871,90009.2610239,90009.2622884,2.0013000030303374
1,271,completed,90009.2856738,90009.2863772,90009.2870833,1.4095000078668818
0,271,completed,90009.2856669,90009.2863757,90009.2876017,1.934799991431646
1,272,completed,90009.3203765,90009.3210633,90009.3218093,1.4327999961096793
0,272,completed,90009.3203444,90009.3211198,90009.3224244,2.0800000056624413
1,273,completed,90009.355139,90009.3559188,90009.3565817,1.4426999987335876
0,273,completed,90009.3551386,90009.3559183,90009.3572141,2.0755000005010515
1,274,completed,90009.3828487,90009.3835108,90009.38427,1.421299995854497
0,274,completed,90009.382802,90009.3835617,90009.3848446,2.042600011918694
1,275,completed,90009.4175412,90009.4181851,90009.4188077,1.2664999958360568
0,275,completed,90009.4175571,90009.4182879,90009.4192864,1.7293000128120184
1,276,completed,90009.4520363,90009.4531843,90009.4537966,1.760300001478754
0,276,completed,90009.4520923,90009.4532716,90009.4542934,2.201100011006929
1,277,completed,90009.4871231,90009.4878357,90009.4884184,1.2952999968547374
0,277,completed,90009.4870842,90009.4878648,90009.4889256,1.8414000078337267
1,278,completed,90009.5217049,90009.5224388,90009.5230666,1.3616999931400642
0,278,completed,90009.5217359,90009.5224753,90009.5235768,1.84090000402648
1,279,completed,90009.5496239,90009.5505824,90009.5511246,1.500699989264831
0,279,completed,90009.5496299,90009.550592,90009.5516156,1.9857000006595626
1,280,completed,90009.5843557,90009.5855149,90009.5861154,1.759699996910058
0,280,completed,90009.5843424,90009.5855202,90009.5866474,2.3050000017974526
1,281,completed,90009.6190499,90009.6197516,90009.6203835,1.3336000120034441
0,281,completed,90009.6190496,90009.6197515,90009.6208831,1.8334999913349748
0,282,completed,90009.6607218,90009.6615083,90009.6621973,1.4755000011064112
1,282,completed,90009.6607238,90009.6616473,90009.662689,1.965200004633516
0,283,completed,90009.6884107,90009.6891856,90009.6898208,1.4101000124355778
1,283,completed,90009.6884109,90009.689238,90009.6903328,1.9219000096200034
1,284,completed,90009.7231377,90009.7238345,90009.7245111,1.3733999949181452
0,284,completed,90009.7231147,90009.7238249,90009.7250096,1.8949000077554956
1,285,completed,90009.7509379,90009.7516337,90009.7521706,1.232700000400655
0,285,completed,90009.750949,90009.751636,90009.7526728,1.7238000000361353
1,286,completed,90009.7856425,90009.7864419,90009.7869985,1.3559999933931977
0,286,completed,90009.7856425,90009.7864388,90009.7874858,1.8432999931974337
0,287,completed,90009.8202774,90009.8209676,90009.8215412,1.2638000043807551
1,287,completed,90009.8202776,90009.8209674,90009.8220485,1.7709000094328076
1,288,completed,90009.8547117,90009.8554642,90009.8561016,1.389900004141964
0,288,completed,90009.8547061,90009.8554631,90009.8566681,1.9619999948190525
1,289,completed,90009.8827811,90009.8835861,90009.8841654,1.3843000051565468
0,289,completed,90009.8827722,90009.8836013,90009.8846489,1.8767000001389533
1,290,completed,90009.9194001,90009.920245,90009.920822,1.421900000423193
0,290,completed,90009.9194289,90009.9202645,90009.9213461,1.917200002935715
1,291,completed,90009.9523927,90009.9530843,90009.9537199,1.3272000069264323
0,291,completed,90009.9523889,90009.953138,90009.9542571,1.8682000081753358
1,292,completed,90009.9869608,90009.9876623,90009.9882423,1.2814999936381355
0,292,completed,90009.9869467,90009.9876878,90009.9887364,1.7897000070661306
0,293,completed,90010.0164058,90010.0171004,90010.0176706,1.2648000119952485
1,293,completed,90010.0164196,90010.0171452,90010.0181657,1.74610000976827
0,294,completed,90010.0494883,90010.0501714,90010.0508426,1.3542999950004742
1,294,completed,90010.0495017,90010.0502846,90010.0513354,1.8336999928578734
0,295,completed,90010.0842276,90010.0849382,90010.0854885,1.2608999968506396
1,295,completed,90010.0842183,90010.0849366,90010.0859725,1.7541999986860901
0,296,completed,90010.1189334,90010.1196354,90010.1202433,1.309900006162934
1,296,completed,90010.1189575,90010.1196631,90010.1207912,1.8336999928578734
0,297,completed,90010.1536013,90010.1543719,90010.1549832,1.381900001433678
1,297,completed,90010.1536018,90010.1543727,90010.155506,1.9041999912587926
0,298,completed,90010.1883919,90010.1891564,90010.1898337,1.4418000064324588
1,298,completed,90010.1883917,90010.1891802,90010.1903781,1.986400005989708
0,299,completed,90010.2161903,90010.2168988,90010.2174916,1.301299998885952
1,299,completed,90010.2161905,90010.2168989,90010.2180203,1.829800006817095
1,300,completed,90010.2508347,90010.2515615,90010.2521403,1.305600002524443
0,300,completed,90010.2508525,90010.2515237,90010.2526325,1.780000005965121
0,301,completed,90010.2855613,90010.2862736,90010.2868243,1.2629999982891604
1,301,completed,90010.2855696,90010.2862736,90010.2873177,1.7480999958934262
1,302,completed,90010.320529,90010.3212463,90010.3218864,1.3573999895015731
0,302,completed,90010.3205183,90010.3213569,90010.3223678,1.849500011303462
0,303,completed,90010.3482277,90010.3486317,90010.349287,1.0593000042717904
1,303,completed,90010.3550978,90010.3555119,90010.3560837,0.9858999983407557
1,304,completed,90010.3827591,90010.3840003,90010.3847392,1.9801000016741455
0,304,completed,90010.3827847,90010.3840403,90010.3852193,2.434599999105558
1,305,completed,90010.4269675,90010.4277371,90010.4284568,1.4893000043230131
0,305,completed,90010.4269515,90010.4277263,90010.4289397,1.9881999905919656
0,306,completed,90010.4524058,90010.4533076,90010.4539012,1.495400007115677
1,306,completed,90010.4524267,90010.4533478,90010.4544275,2.0007999992230907
0,307,completed,90010.4868264,90010.4876111,90010.4882861,1.4596999972127378
1,307,completed,90010.4868286,90010.4876079,90010.489,2.1714000031352043
1,308,completed,90010.5288995,90010.5296259,90010.5303239,1.4244000049075112
0,308,completed,90010.5288987,90010.5296153,90010.5308061,1.9074000010732561
1,309,completed,90010.5496289,90010.550337,90010.5510689,1.4399999927263707
0,309,completed,90010.5496367,90010.5503791,90010.5515773,1.940599991939962
1,310,completed,90010.5842986,90010.5849834,90010.5855688,1.2701999949058518
0,310,completed,90010.5842627,90010.5850351,90010.5860792,1.8165000074077398
0,311,completed,90010.6191226,90010.6198668,90010.6205401,1.4175000105751678
1,311,completed,90010.6191645,90010.619902,90010.6210265,1.8619999900693074
0,312,completed,90010.6536789,90010.654397,90010.6550716,1.3927000109106302
1,312,completed,90010.6536956,90010.6544409,90010.6555737,1.8780999962473288
1,313,completed,90010.6884162,90010.6892101,90010.6897886,1.3723999873036519
0,313,completed,90010.688416,90010.6892129,90010.690284,1.867999992100522
1,314,completed,90010.7163104,90010.7170734,90010.7176724,1.3619999954244122
0,314,completed,90010.7163096,90010.7170735,90010.7181675,1.8579000025056303
0,315,completed,90010.7508698,90010.7515675,90010.7522778,1.4079999964451417
1,315,completed,90010.750893,90010.7516504,90010.7527967,1.9037000020034611
0,316,completed,90010.7856493,90010.7864404,90010.7870618,1.4125000016065314
1,316,completed,90010.7856497,90010.7865148,90010.7875708,1.9211000035284087
1,317,completed,90010.8203152,90010.8209488,90010.821564,1.2487999920267612
0,317,completed,90010.8203274,90010.8209503,90010.8220638,1.7364000086672604
1,318,completed,90010.8547323,90010.8552967,90010.8559432,1.2109000090276822
0,318,completed,90010.8547363,90010.855533,90010.8564707,1.734400007990189
0,319,completed,90010.8828943,90010.8837246,90010.8843657,1.4713999989908189
1,319,completed,90010.8829164,90010.883731,90010.8850011,2.0846999977948144
0,320,completed,90010.9175592,90010.9182404,90010.9187969,1.2377000093692914
1,320,completed,90010.9175595,90010.9182409,90010.9192851,1.7255999991903082
1,321,completed,90010.9522653,90010.9529733,90010.9536731,1.407799994922243
0,321,completed,90010.952293,90010.9530513,90010.9541596,1.8666000105440617
0,322,completed,90010.9940305,90010.9951458,90010.9957537,1.7231999954674393
1,322,completed,90010.9940128,90010.9951961,90010.9962375,2.2247000015340745
1,323,completed,90011.0148429,90011.0155688,90011.0161919,1.348999998299405
0,323,completed,90011.0148585,90011.0155682,90011.0166852,1.8266999977640808
1,324,completed,90011.0496498,90011.0506108,90011.0512499,1.6001000039977953
0,324,completed,90011.0496869,90011.0506553,90011.0517624,2.0755000005010515
1,325,completed,90011.0844619,90011.0854863,90011.0860396,1.5777000080561265
0,325,completed,90011.084444,90011.0854904,90011.0865286,2.0846000115852803
1,326,completed,90011.1191678,90011.1198027,90011.1204891,1.3212999911047518
0,326,completed,90011.1193528,90011.1199877,90011.1209811,1.62830000044778
0,327,completed,90011.153725,90011.154544,90011.155198,1.472999996622093
1,327,completed,90011.15375,90011.1545353,90011.1557299,1.9799000001512468
1,328,completed,90011.188203,90011.1895338,90011.190138,1.93500000750646
0,328,completed,90011.1882366,90011.189543,90011.1906345,2.3978999961400405
0,329,completed,90011.2232768,90011.2240288,90011.2247681,1.4913000050000846
1,329,completed,90011.223336,90011.2240637,90011.22532,1.9840000022668391
0,330,completed,90011.2509024,90011.2516258,90011.2522263,1.3238999963505194
1,330,completed,90011.2508914,90011.2516292,90011.2527587,1.8672999867703766
0,331,completed,90011.2853645,90011.2867187,90011.2873132,1.9486999954096973
1,331,completed,90011.2853797,90011.2867191,90011.2878399,2.46020000486169
1,332,completed,90011.3203176,90011.3210633,90011.3217148,1.3972000015201047
0,332,completed,90011.3203673,90011.3210861,90011.3221953,1.8280000076629221
1,333,completed,90011.3551663,90011.3561574,90011.3568515,1.6851999971549958
0,333,completed,90011.3551773,90011.3561675,90011.3575092,2.331899988348596
0,334,completed,90011.3827923,90011.383542,90011.3841446,1.3522999943234026
1,334,completed,90011.3828408,90011.3835894,90011.3846534,1.812600006815046
0,335,completed,90011.4176999,90011.4184062,90011.4190787,1.3787999923806638
1,335,completed,90011.4177098,90011.4184076,90011.4195699,1.8601000047056004
0,336,completed,90011.4524025,90011.4533083,90011.4539271,1.5245999966282398
1,336,completed,90011.4524681,90011.4533734,90011.4544357,1.9675999938044697
0,337,completed,90011.4869853,90011.4877416,90011.4883344,1.3490999990608543
1,337,completed,90011.4870252,90011.4877762,90011.4888257,1.8005000019911677
1,338,completed,90011.521679,90011.5223766,90011.5230402,1.3612000038847327
0,338,completed,90011.5217085,90011.5224126,90011.5235552,1.8466999899828807
1,339,completed,90011.5496988,90011.5504036,90011.5510411,1.3423000054899603
0,339,completed,90011.5497044,90011.5504154,90011.5515813,1.876900001661852
0,340,completed,90011.5844281,90011.5854198,90011.586059,1.6308999911416322
1,340,completed,90011.5844258,90011.5854738,90011.5866043,2.1784999989904463
1,341,completed,90011.6256604,90011.6266755,90011.6273855,1.7251000099349767
0,341,completed,90011.625659,90011.6266789,90011.6279033,2.2443000052589923
1,342,completed,90011.6538621,90011.6547961,90011.6555161,1.6539999924134463
0,342,completed,90011.6538461,90011.6548421,90011.656008,2.1619000035570934
1,343,completed,90011.6815936,90011.6826296,90011.683243,1.6494000010425225
0,343,completed,90011.68157,90011.6826706,90011.6837612,2.1911999938311055
0,344,completed,90011.7162685,90011.7170255,90011.7176421,1.3736000109929591
1,344,completed,90011.7163026,90011.7170238,90011.7181439,1.8412999925203621
0,345,completed,90011.7510249,90011.7518058,90011.7524867,1.4617999986512586
1,345,completed,90011.751025,90011.7518048,90011.7530355,2.0105000003241003
0,346,completed,90011.7856229,90011.786268,90011.7869526,1.3296999968588352
1,346,completed,90011.7856064,90011.7863281,90011.7874313,1.8249000131618232
1,347,completed,90011.8203627,90011.821195,90011.8217616,1.3988999999128282
0,347,completed,90011.8203622,90011.8212136,90011.8222617,1.8994999991264194
1,348,completed,90011.8550575,90011.8557634,90011.856513,1.4555000088876113
0,348,completed,90011.8550997,90011.8558347,90011.8571567,2.0570000051520765
0,349,completed,90011.882832,90011.8834346,90011.8840817,1.2496999988798052
1,349,completed,90011.8828331,90011.8836254,90011.884643,1.8099000008078292
1,350,completed,90011.9176461,90011.9184246,90011.9190766,1.4304999931482598
0,350,completed,90011.9176242,90011.9183936,90011.9195993,1.9751000072574243
0,351,completed,90011.9522672,90011.9529565,90011.9535365,1.269300002604723
1,351,completed,90011.9522619,90011.9529372,90011.9540265,1.7645999905653298
0,352,completed,90011.9871136,90011.988224,90011.988787,1.6733999946154654
1,352,completed,90011.987108,90011.988246,90011.989339,2.231000005849637
1,353,completed,90012.0147995,90012.0155563,90012.0161775,1.3780000008409843
0,353,completed,90012.0147992,90012.0155554,90012.0166653,1.866100006736815
0,354,completed,90012.0495621,90012.0503799,90012.0510336,1.4714999997522682
1,354,completed,90012.0495624,90012.0503819,90012.0515451,1.9826999923679978
1,355,completed,90012.0943027,90012.095396,90012.0959595,1.6567999991821125
0,355,completed,90012.0942995,90012.095402,90012.0964488,2.1493000094778836
1,356,completed,90012.1188353,90012.1195352,90012.120107,1.2716999917756766
0,356,completed,90012.1188351,90012.119533,90012.1206092,1.774100004695356
0,357,completed,90012.153838,90012.1547247,90012.1553225,1.4844999968772754
1,357,completed,90012.1538207,90012.1547179,90012.1558559,2.0351999992271885
1,358,completed,90012.1814808,90012.182219,90012.1827944,1.3135999906808138
0,358,completed,90012.181481,90012.1822171,90012.1832848,1.8037999980151653
1,359,completed,90012.2162139,90012.2168958,90012.2174885,1.2745999993057922
0,359,completed,90012.2161927,90012.2168793,90012.2179873,1.7946000007214025
1,360,completed,90012.2510183,90012.2518946,90012.2524861,1.4678000006824732
0,360,completed,90012.2510437,90012.2518832,90012.2529899,1.946199990925379
0,361,completed,90012.2857927,90012.2867623,90012.2873276,1.5349000022979453
1,361,completed,90012.2858106,90012.2867964,90012.2878254,2.014799989410676
0,362,completed,90012.3204612,90012.3211362,90012.3217492,1.2879999994765967
1,362,completed,90012.3204193,90012.321172,90012.3226228,2.2035000001778826
1,363,completed,90012.3552323,90012.3559834,90012.3565768,1.3444999931380153
0,363,completed,90012.3552052,90012.3559592,90012.3571069,1.9017000013263896
1,364,completed,90012.3829811,90012.3839148,90012.3848203,1.8391999910818413
0,364,completed,90012.3830518,90012.3839864,90012.3853872,2.3354000004474074
1,365,completed,90012.4176196,90012.418511,90012.419205,1.5853999939281493
0,365,completed,90012.4176191,90012.4185118,90012.419732,2.112899994244799
1,366,completed,90012.4525012,90012.453454,90012.4541621,1.6609000012977049
0,366,completed,90012.4525007,90012.4535296,90012.454718,2.2172999888425693
0,367,completed,90012.4867556,90012.4875551,90012.4881526,1.396999999997206
1,367,completed,90012.486744,90012.4875524,90012.4887087,1.9647000008262694
1,368,completed,90012.5216945,90012.5224065,90012.5229964,1.301900003454648
0,368,completed,90012.5217203,90012.5224271,90012.5234959,1.7755999870132655
1,369,completed,90012.5495876,90012.5505085,90012.5511211,1.5334999916376546
0,369,completed,90012.5496064,90012.5505072,90012.5516532,2.0468000002438203
0,370,completed,90012.5839449,90012.5846928,90012.5854454,1.5004999877419323
1,370,completed,90012.5839559,90012.5847732,90012.5859974,2.041500003542751
0,371,completed,90012.6190905,90012.6199928,90012.6208448,1.7542999994475394
1,371,completed,90012.6191453,90012.6200344,90012.6214541,2.3087999870767817
1,372,completed,90012.6536497,90012.6543756,90012.6550011,1.3514000020222738
0,372,completed,90012.6536386,90012.6543872,90012.6555021,1.8635000014910474
1,373,completed,90012.6884274,90012.6891833,90012.6897712,1.3438000023597851
0,373,completed,90012.6884425,90012.6891772,90012.6902663,1.8237999902339652
1,374,completed,90012.7232609,90012.7243885,90012.7251637,1.902799995150417
0,374,completed,90012.723269,90012.7244366,90012.7257938,2.524800001992844
1,375,completed,90012.7509678,90012.7516811,90012.7523775,1.4096999948378652
0,375,completed,90012.7509386,90012.7516787,90012.7528565,1.9178999937139452
1,376,completed,90012.785875,90012.7869509,90012.7878232,1.9481999916024506
0,376,completed,90012.7858923,90012.787062,90012.7883511,2.4587999942013994
0,377,completed,90012.8272761,90012.8280097,90012.8287237,1.4476000069407746
1,377,completed,90012.8272849,90012.8280805,90012.829248,1.96309998864308
0,378,completed,90012.868629,90012.869417,90012.8700194,1.3903999933972955
1,378,completed,90012.8686309,90012.869415,90012.870523,1.8921000009868294
0,379,completed,90012.8829885,90012.8839805,90012.8845182,1.5296999918064103
1,379,completed,90012.8829925,90012.8839812,90012.8849902,1.9976999901700765
0,380,completed,90012.917696,90012.9188766,90012.9194168,1.7207999917445704
1,380,completed,90012.9177041,90012.9188636,90012.9199439,2.2398000000976026
1,381,completed,90012.9524463,90012.9532697,90012.9538401,1.3938000047346577
0,381,completed,90012.9524431,90012.9532383,90012.9543494,1.9062999926973134
0,382,completed,90012.9940246,90012.9950903,90012.995753,1.7283999914070591
1,382,completed,90012.9940251,90012.995194,90012.996282,2.256899999338202
0,383,completed,90013.0148372,90013.0159397,90013.0165372,1.700000007986091
1,383,completed,90013.0147885,90013.0159594,90013.0170543,2.265799994347617
1,384,completed,90013.0493455,90013.050066,90013.0506748,1.329300008364953
0,384,completed,90013.0493459,90013.0500509,90013.0511663,1.8204000080004334
0,385,completed,90013.0842363,90013.0849351,90013.0854751,1.2388000031933188
1,385,completed,90013.0842073,90013.0849119,90013.0859642,1.756900004693307
0,386,completed,90013.1190424,90013.120176,90013.1207983,1.7559000116307288
1,386,completed,90013.1190818,90013.1201996,90013.1212829,2.2010999964550138
1,387,completed,90013.1537828,90013.154445,90013.1551849,1.4020999951753765
0,387,completed,90013.1538335,90013.1545446,90013.1557119,1.878400013083592
1,388,completed,90013.1884689,90013.1895995,90013.1902516,1.7826999974204227
0,388,completed,90013.1884691,90013.1896216,90013.1908301,2.3609999916516244
1,389,completed,90013.2161243,90013.2173775,90013.2182469,2.1225999953458086
0,389,completed,90013.2161239,90013.2173838,90013.2190867,2.962800004752353
1,390,completed,90013.2511354,90013.2521675,90013.2528033,1.6678999963914976
0,390,completed,90013.2511429,90013.2521788,90013.2533127,2.16980000550393
0,391,completed,90013.2856314,90013.2866757,90013.2874186,1.7872000025818124
1,391,completed,90013.2856344,90013.286739,90013.2879919,2.357499994104728
0,392,completed,90013.3202962,90013.3215002,90013.3220695,1.7732999986037612
1,392,completed,90013.3203266,90013.3215112,90013.3225775,2.2508999973069876
1,393,completed,90013.3482579,90013.349102,90013.3497367,1.4787999971304089
0,393,completed,90013.3482573,90013.3491015,90013.3502342,1.9769000064115971
0,394,completed,90013.3829847,90013.3839695,90013.3845488,1.564099991810508
1,394,completed,90013.3829721,90013.3840008,90013.3850319,2.0598000119207427
1,395,completed,90013.4177441,90013.4188262,90013.4193962,1.6520999924978241
0,395,completed,90013.4177742,90013.41885,90013.4198862,2.11200000194367
1,396,completed,90013.4522199,90013.4529487,90013.4535431,1.323199991020374
0,396,completed,90013.4522198,90013.4529484,90013.4540375,1.8177000019932166
0,397,completed,90013.4866713,90013.4874615,90013.4880667,1.3954000023659319
1,397,completed,90013.4866719,90013.4874617,90013.4885756,1.9037000020034611
0,398,completed,90013.5217206,90013.5224452,90013.5230595,1.3389000087045133
1,398,completed,90013.5217208,90013.5224453,90013.5235617,1.84090000402648
0,399,completed,90013.5496537,90013.5504361,90013.5510292,1.375499996356666
1,399,completed,90013.5496462,90013.5504456,90013.5515337,1.8874999950639904
1,400,completed,90013.5843781,90013.5854133,90013.585977,1.5988999948604032
0,400,completed,90013.584356,90013.5853724,90013.5865021,2.14609999966342
1,401,completed,90013.6185587,90013.6192656,90013.6199468,1.388099990435876
0,401,completed,90013.6185472,90013.6193611,90013.6204842,1.9369999936316162
1,402,completed,90013.6537651,90013.6546585,90013.6552964,1.5313000039895996
0,402,completed,90013.6537648,90013.6546586,90013.6558627,2.0979000109946355
1,403,completed,90013.6884132,90013.6891137,90013.6897233,1.3101000076858327
0,403,completed,90013.6884485,90013.6891612,90013.6902077,1.7591999931028113
0,404,completed,90013.7162435,90013.7169386,90013.7175047,1.2611999991349876
1,404,completed,90013.7162741,90013.7169484,90013.718004,1.729899988276884
0,405,completed,90013.7509308,90013.7516598,90013.752255,1.3241999986348674
1,405,completed,90013.7509309,90013.7516593,90013.752731,1.8000999989453703
1,406,completed,90013.7855772,90013.7862678,90013.7868983,1.3210999895818532
0,406,completed,90013.7856089,90013.7863366,90013.7873931,1.7842000088421628
1,407,completed,90013.8203006,90013.8215058,90013.8220884,1.7878000071505085
0,407,completed,90013.8203005,90013.8215136,90013.8225756,2.2751000069547445
1,408,completed,90013.8482488,90013.8490999,90013.8496626,1.4137999969534576
0,408,completed,90013.8482526,90013.8490833,90013.8501392,1.8866000027628615
1,409,completed,90013.8829362,90013.8838886,90013.8845914,1.6552000015508384
0,409,completed,90013.8829141,90013.8839386,90013.8850605,2.146400001947768
0,410,completed,90013.917688,90013.9187992,90013.9193784,1.6903999930946156
1,410,completed,90013.9176972,90013.9188109,90013.9199985,2.3013000027276576
0,411,completed,90013.952205,90013.9529049,90013.9535435,1.338500005658716
1,411,completed,90013.9522473,90013.952942,90013.9540796,1.832299996749498
1,412,completed,90013.9871148,90013.9881253,90013.9886566,1.5418000111822039
0,412,completed,90013.987129,90013.9881229,90013.9891341,2.0051000028615817
1,413,completed,90014.0147369,90014.0154024,90014.0160066,1.269699991098605
0,413,completed,90014.0147566,90014.0154182,90014.016486,1.7293999990215525
1,414,completed,90014.049638,90014.050482,90014.0511154,1.4774000010220334
0,414,completed,90014.0496307,90014.0504826,90014.0516031,1.9724000012502074
0,415,completed,90014.0842468,90014.0849525,90014.0856159,1.3690999912796542
1,415,completed,90014.084257,90014.0850434,90014.0861158,1.8588000093586743
0,416,completed,90014.1189714,90014.119674,90014.1202812,1.3097999908495694
1,416,completed,90014.1189716,90014.119674,90014.1207887,1.8171000119764358
1,417,completed,90014.1538193,90014.1546514,90014.1551994,1.3801000022795051
0,417,completed,90014.1537987,90014.154637,90014.1556707,1.871999993454665
1,418,completed,90014.1911679,90014.1919032,90014.1925187,1.3507999974535778
0,418,completed,90014.1911678,90014.1919031,90014.1930518,1.883999997517094
1,419,completed,90014.2162987,90014.2173505,90014.2179109,1.6121999942697585
0,419,completed,90014.2162933,90014.2173611,90014.2183961,2.102799990097992
0,420,completed,90014.2581004,90014.2592968,90014.2599331,1.8326999997952953
1,420,completed,90014.2580989,90014.2593431,90014.2605579,2.458999995724298
0,421,completed,90014.2856836,90014.2863682,90014.2869208,1.2372000055620447
1,421,completed,90014.285647,90014.286349,90014.287425,1.7780000052880496
1,422,completed,90014.3205277,90014.321647,90014.3222081,1.6804000042611733
0,422,completed,90014.3204647,90014.3216341,90014.322691,2.2262999991653487
1,423,completed,90014.3480379,90014.3487153,90014.3493175,1.2796000082744285
0,423,completed,90014.3481052,90014.3487873,90014.3498624,1.757200006977655
0,424,completed,90014.3830395,90014.3841116,90014.3846751,1.6355999978259206
1,424,completed,90014.3830403,90014.3841209,90014.3852221,2.181799995014444
0,425,completed,90014.4172091,90014.4180826,90014.4187347,1.5256000042427331
1,425,completed,90014.4172437,90014.4180955,90014.419263,2.019300009123981
0,426,completed,90014.4522656,90014.4529577,90014.4535607,1.2950999953318387
1,426,completed,90014.4522635,90014.4529578,90014.454056,1.7924999992828816
0,427,completed,90014.4871099,90014.4881274,90014.4887386,1.6287000034935772
1,427,completed,90014.4871042,90014.4881022,90014.4893048,2.200599992647767
0,428,completed,90014.5147523,90014.515879,90014.5164271,1.674799990723841
1,428,completed,90014.5147652,90014.5158863,90014.5168962,2.131000001099892
1,429,completed,90014.5496109,90014.5504567,90014.551067,1.4560999989043921
0,429,completed,90014.5496152,90014.5504396,90014.5516105,1.9953000009991229
1,430,completed,90014.5912726,90014.5923214,90014.5929446,1.67199999850709
0,430,completed,90014.5912483,90014.5923465,90014.5934617,2.213400002801791
1,431,completed,90014.6190143,90014.6197454,90014.6203656,1.3513000012608245
0,431,completed,90014.6190429,90014.6197657,90014.6208849,1.8419999978505075
1,432,completed,90014.6538262,90014.6546642,90014.6552705,1.444300010916777
0,432,completed,90014.6538492,90014.6546917,90014.6557831,1.9338999991305172
1,433,completed,90014.6883741,90014.6891675,90014.689756,1.381900001433678
0,433,completed,90014.6883742,90014.6891684,90014.6902594,1.8851999921025708
1,434,completed,90014.7162854,90014.7173847,90014.7179796,1.69419999292586
0,434,completed,90014.7162714,90014.717383,90014.7184838,2.2123999951872975
1,435,completed,90014.7508996,90014.751583,90014.7521651,1.2655000027734786
0,435,completed,90014.7509328,90014.7516078,90014.7526689,1.7360999918309972
0,436,completed,90014.7857559,90014.7867391,90014.7873039,1.5480000001844019
1,436,completed,90014.7857337,90014.7867697,90014.7877899,2.056199999060482
1,437,completed,90014.8272912,90014.8284558,90014.8290631,1.7719000024953857
0,437,completed,90014.8273247,90014.8285254,90014.8295634,2.23869999172166
0,438,completed,90014.8482624,90014.8491602,90014.8498685,1.6060999914770946
1,438,completed,90014.8482797,90014.8492306,90014.8504281,2.1484000026248395
1,439,completed,90014.882961,90014.8839645,90014.8845159,1.5549000090686604
0,439,completed,90014.8829606,90014.8839519,90014.885006,2.0453999895835295
0,440,completed,90014.9175916,90014.918427,90014.919077,1.4854000037303194
1,440,completed,90014.9176072,90014.9183997,90014.9195631,1.9559000065783039
0,441,completed,90014.9522662,90014.9530202,90014.9536187,1.3525000103982165
1,441,completed,90014.9523676,90014.9530442,90014.9542255,1.8579000025056303
1,442,completed,90014.9869941,90014.9876958,90014.9883656,1.371499995002523
0,442,completed,90014.9870631,90014.987803,90014.9888616,1.7985000013140962
1,443,completed,90015.021753,90015.0229332,90015.0236618,1.9088000117335469
0,443,completed,90015.0217842,90015.0229524,90015.0241588,2.374600007897243
0,444,completed,90015.0493598,90015.0500608,90015.0506976,1.3378000003285706
1,444,completed,90015.04936,90015.0500611,90015.0512087,1.8486999906599522
1,445,completed,90015.0842181,90015.0848907,90015.0854729,1.2547999940579757
0,445,completed,90015.084218,90015.0848923,90015.0859771,1.759099992341362
0,446,completed,90015.1190656,90015.1202002,90015.120826,1.7604000022402033
1,446,completed,90015.1191037,90015.1202109,90015.1213294,2.225700009148568
0,447,completed,90015.1536318,90015.1543214,90015.154984,1.3521999935619533
1,447,completed,90015.1536642,90015.1543249,90015.1554643,1.8000999989453703
0,448,completed,90015.1883318,90015.1890612,90015.1896681,1.3363000034587458
1,448,completed,90015.1883793,90015.1890903,90015.1901644,1.7851000011432916
0,449,completed,90015.2161129,90015.2168129,90015.2174713,1.3583999971160665
1,449,completed,90015.2161221,90015.2168282,90015.2180213,1.8991999968420714
0,450,completed,90015.2508653,90015.2515679,90015.2521818,1.3164999982109293
1,450,completed,90015.2508649,90015.2515674,90015.2526832,1.8183000065619126
0,451,completed,90015.2872534,90015.2880428,90015.2886031,1.349699989077635
1,451,completed,90015.2872849,90015.2880642,90015.2890827,1.7977999959839508
1,452,completed,90015.3202417,90015.3209636,90015.3215777,1.3360000011743978
0,452,completed,90015.3202711,90015.3209587,90015.3221014,1.8302999960724264
0,453,completed,90015.35525,90015.3560387,90015.3567029,1.4529000036418438
1,453,completed,90015.3552832,90015.3561367,90015.3571952,1.9120000069960952
0,454,completed,90015.3827832,90015.3833045,90015.3839446,1.1614000104600564
1,454,completed,90015.3827839,90015.383575,90015.3844284,1.6444999928353354
1,455,completed,90015.4176881,90015.4189133,90015.4195048,1.8166999943787232
0,455,completed,90015.4176878,90015.4189136,90015.4200006,2.31280000298284
1,456,completed,90015.4522462,90015.4529697,90015.4535425,1.2963000044692308
0,456,completed,90015.4522455,90015.4529707,90015.4540274,1.7819000058807433
0,457,completed,90015.486902,90015.4876509,90015.48823,1.3279999984661117
1,457,completed,90015.4869396,90015.4876887,90015.4887173,1.7777000030037016
1,458,completed,90015.5217483,90015.5228861,90015.5234727,1.7244000046048313
0,458,completed,90015.5218056,90015.5229125,90015.5239789,2.1733000030508265
0,459,completed,90015.5494924,90015.5502126,90015.5508527,1.360300011583604
1,459,completed,90015.5495286,90015.5502547,90015.5513612,1.8326000135857612
0,460,completed,90015.5842135,90015.5849696,90015.5855858,1.3723000010941178
1,460,completed,90015.584234,90015.584988,90015.5860972,1.8631999992066994
1,461,completed,90015.6254887,90015.6262894,90015.6270249,1.5361999976448715
0,461,completed,90015.6254976,90015.6263099,90015.6275686,2.070999995339662
1,462,completed,90015.6532932,90015.6540937,90015.6547236,1.4304000069387257
0,462,completed,90015.653288,90015.6540909,90015.6552477,1.959699991857633
0,463,completed,90015.688051,90015.6888209,90015.6894746,1.4235999988159165
1,463,completed,90015.6880929,90015.6888584,90015.6900467,1.9537999905878678
1,464,completed,90015.7161268,90015.7168397,90015.7174515,1.3246999878901988
0,464,completed,90015.7161474,90015.7168631,90015.7179465,1.799099991330877
0,465,completed,90015.7509566,90015.7517092,90015.7524099,1.4533000066876411
1,465,completed,90015.7509884,90015.7517346,90015.7529858,1.9974000024376437
0,466,completed,90015.7925022,90015.7932306,90015.7938191,1.3169000012567267
1,466,completed,90015.7925023,90015.7932836,90015.7942927,1.7903999978443608
0,467,completed,90015.8204781,90015.821565,90015.8222089,1.7308000096818432
1,467,completed,90015.8204784,90015.8215913,90015.822688,2.2096000029705465
1,468,completed,90015.8552356,90015.8561319,90015.8568278,1.5922000020509586
0,468,completed,90015.8552211,90015.8561339,90015.8578835,2.66239998745732
1,469,completed,90015.8829358,90015.8838661,90015.8845669,1.631100007216446
0,469,completed,90015.8829356,90015.8839387,90015.8850718,2.136199997039512
0,470,completed,90015.9176641,90015.9188265,90015.9195373,1.873200002592057
1,470,completed,90015.9176655,90015.9188394,90015.9201188,2.4532999959774315
1,471,completed,90015.9522298,90015.9529932,90015.9536617,1.4319000038085505
0,471,completed,90015.9522269,90015.9530192,90015.9541986,1.971699995920062
1,472,completed,90015.9866583,90015.987441,90015.9880694,1.411100005498156
0,472,completed,90015.9866579,90015.9874428,90015.9885874,1.929500009282492
1,473,completed,90016.0214482,90016.0221936,90016.0229278,1.4796000032220036
0,473,completed,90016.0214705,90016.0222738,90016.0235731,2.1026000031270087
1,474,completed,90016.0494927,90016.0501948,90016.0508172,1.3245000009192154
0,474,completed,90016.0494922,90016.0502128,90016.0513185,1.8262999947182834
1,475,completed,90016.0842533,90016.0848929,90016.0855687,1.3154000043869019
0,475,completed,90016.0842342,90016.0850335,90016.0860855,1.851300010457635
1,476,completed,90016.1191695,90016.1198397,90016.1205107,1.3411999971140176
0,476,completed,90016.1191615,90016.1198367,90016.121025,1.8635000014910474
0,477,completed,90016.1536338,90016.1543419,90016.1549048,1.2710000009974465
1,477,completed,90016.1536344,90016.1543404,90016.1555411,1.9066999957431108
1,478,completed,90016.1884118,90016.1890732,90016.1896598,1.2480000004870817
0,478,completed,90016.1883867,90016.1890732,90016.1901522,1.7654999974183738
0,479,completed,90016.2165087,90016.2174723,90016.2180217,1.512999995611608
1,479,completed,90016.216511,90016.2174981,90016.2185311,2.0201000006636605
0,480,completed,90016.2579986,90016.2588715,90016.2596384,1.6398000007029623
1,480,completed,90016.2580019,90016.2588893,90016.260347,2.345100001548417
0,481,completed,90016.285548,90016.2862666,90016.2868339,1.2858999980380759
1,481,completed,90016.2855482,90016.286269,90016.2873233,1.775099997757934
1,482,completed,90016.3203631,90016.3210836,90016.3216691,1.305999991018325
0,482,completed,90016.3203585,90016.3211402,90016.3221862,1.8277000053785741
0,483,completed,90016.3550371,90016.3557337,90016.3563503,1.3132000021869317
1,483,completed,90016.3550561,90016.3557728,90016.3568904,1.8342999974265695
0,484,completed,90016.3829289,90016.3838431,90016.3844117,1.482799998484552
1,484,completed,90016.3829533,90016.3839223,90016.3849132,1.959900007932447
0,485,completed,90016.4171708,90016.4178771,90016.4185221,1.3512999867089093
1,485,completed,90016.4171599,90016.4179067,90016.4190733,1.9134000031044707
0,486,completed,90016.4519405,90016.4526883,90016.4533396,1.3991000014357269
1,486,completed,90016.4519566,90016.4527046,90016.4538963,1.939699999638833
1,487,completed,90016.4867143,90016.4878772,90016.4885682,1.8539000011514872
0,487,completed,90016.4867525,90016.4879296,90016.4890639,2.3113999923225492
0,488,completed,90016.5216525,90016.5223593,90016.5229463,1.2937999999849126
1,488,completed,90016.5216331,90016.5223383,90016.5234311,1.7979999975068495
1,489,completed,90016.5496687,90016.5507784,90016.5513562,1.6875000001164153
0,489,completed,90016.5497006,90016.550827,90016.5518599,2.159300012863241
1,490,completed,90016.5841568,90016.5848715,90016.5854671,1.3102999946568161
0,490,completed,90016.5842003,90016.5849114,90016.5859465,1.746199995977804
0,491,completed,90016.6189561,90016.6196607,90016.6202,1.2438999983714893
1,491,completed,90016.618944,90016.6196385,90016.6206876,1.7436000052839518
1,492,completed,90016.6538897,90016.6545737,90016.6551844,1.2947000068379566
0,492,completed,90016.6538833,90016.6545713,90016.655687,1.8037000118056312
1,493,completed,90016.688333,90016.68907,90016.6896432,1.310200008447282
0,493,completed,90016.6883532,90016.689083,90016.6901254,1.7721999902278185
1,494,completed,90016.7158856,90016.7173645,90016.7180057,2.1200999908614904
0,494,completed,90016.7158732,90016.7173695,90016.7185713,2.6981000119121745
1,495,completed,90016.7504984,90016.7512545,90016.7519198,1.4213999966159463
0,495,completed,90016.7505089,90016.7512556,90016.7524651,1.9561999943107367
0,496,completed,90016.7852891,90016.7858864,90016.7865368,1.247700012754649
1,496,completed,90016.7854923,90016.7860644,90016.787031,1.5387000021291897
1,497,completed,90016.8202897,90016.8209692,90016.8215482,1.2584999931277707
0,497,completed,90016.820261,90016.8209331,90016.8220694,1.8084000039380044
1,498,completed,90016.8546699,90016.8553983,90016.8560859,1.4159999991534278
0,498,completed,90016.8547356,90016.8555255,90016.856604,1.8683999951463193
0,499,completed,90016.8827413,90016.883495,90016.8841155,1.37420000100974
1,499,completed,90016.8827701,90016.8835167,90016.8846081,1.8379999964963645
0,500,completed,90016.9174803,90016.9181941,90016.9187612,1.2808999890694395
1,500,completed,90016.9174806,90016.9181943,90016.9192534,1.7728000093484297
0,501,completed,90016.9522235,90016.9534297,90016.9539883,1.7647999920882285
1,501,completed,90016.9522418,90016.9534355,90016.9545365,2.294699996127747
1,502,completed,90016.9868901,90016.9876527,90016.9882584,1.3682999997399747
0,502,completed,90016.9868913,90016.9876538,90016.9887563,1.8649999983608723
1,503,completed,90017.0218023,90017.0225401,90017.0231444,1.3420999894151464
0,503,completed,90017.0217925,90017.0225115,90017.0236649,1.8723999965004623
0,504,completed,90017.0494921,90017.0501867,90017.0507799,1.287799997953698
1,504,completed,90017.0494924,90017.0501869,90017.051274,1.7816000035963953
0,505,completed,90017.0841823,90017.0848892,90017.0854564,1.2741000100504607
1,505,completed,90017.0841667,90017.0848803,90017.0859398,1.7730999970808625
1,506,completed,90017.1190416,90017.1197402,90017.120378,1.3364000042201951
0,506,completed,90017.1190411,90017.1198273,90017.1209212,1.8800999969244003
1,507,completed,90017.1532914,90017.1540342,90017.1546454,1.3540000072680414
0,507,completed,90017.1532992,90017.1540615,90017.1551546,1.855399998021312
1,508,completed,90017.1886525,90017.1893985,90017.1899823,1.3297999976202846
0,508,completed,90017.1886116,90017.1894489,90017.1904587,1.8471000075805932
0,509,completed,90017.2161923,90017.2169362,90017.2175556,1.3633000053232536
1,509,completed,90017.2161926,90017.2169366,90017.2180746,1.8819999968400225
0,510,completed,90017.2510175,90017.2522128,90017.2527648,1.7472999898018315
1,510,completed,90017.2509826,90017.2521931,90017.2533997,2.417099996819161
1,511,completed,90017.2921813,90017.2929345,90017.2935497,1.368400000501424
0,511,completed,90017.292194,90017.2929387,90017.2940408,1.8468000052962452
1,512,completed,90017.319924,90017.3206351,90017.321282,1.3580000086221844
0,512,completed,90017.3199438,90017.3206679,90017.3218167,1.872900000307709
0,513,completed,90017.3547244,90017.3559929,90017.3567052,1.9808000070042908
1,513,completed,90017.35475,90017.3561144,90017.3572087,2.4587000079918653
0,514,completed,90017.3827183,90017.3834714,90017.3840556,1.3373000110732391
1,514,completed,90017.3827467,90017.3834809,90017.3845446,1.7979000112973154
0,515,completed,90017.4176034,90017.418336,90017.4189861,1.3827000075252727
1,515,completed,90017.4176504,90017.4183773,90017.4194648,1.8143999914173037
1,516,completed,90017.4589366,90017.4599473,90017.4606541,1.7174999957205728
0,516,completed,90017.4589364,90017.4599472,90017.461271,2.3345999943558127
1,517,completed,90017.4870003,90017.4877985,90017.4884036,1.4033000043127686
0,517,completed,90017.4869992,90017.4877999,90017.4889314,1.9322000007377937
0,518,completed,90017.5217537,90017.5224945,90017.5230871,1.3333999959286302
1,518,completed,90017.5217452,90017.5224945,90017.523566,1.8207999964943156
0,519,completed,90017.5491392,90017.5498868,90017.5505604,1.4212000096449628
1,519,completed,90017.5491722,90017.5499497,90017.5511406,1.9683999998960644
1,520,completed,90017.5838902,90017.5846115,90017.5852734,1.3831999967806041
0,520,completed,90017.583878,90017.5846084,90017.5858123,1.9343000021763146
0,521,completed,90017.6254987,90017.6263683,90017.6270607,1.5620000049239025
1,521,completed,90017.6262169,90017.6266698,90017.6275937,1.3768000062555075
1,522,completed,90017.6536472,90017.654853,90017.6554408,1.793599993106909
0,522,completed,90017.6536342,90017.6548334,90017.6559454,2.3111999907996505
1,523,completed,90017.6881962,90017.6894675,90017.6900972,1.9009999959962443
0,523,completed,90017.6881831,90017.6894728,90017.6907185,2.5353999953949824
1,524,completed,90017.7162862,90017.7173063,90017.7178744,1.5882000006968156
0,524,completed,90017.716285,90017.7172942,90017.7183775,2.092499998980202
1,525,completed,90017.7509815,90017.7522118,90017.7528988,1.9173000036971644
0,525,completed,90017.7510092,90017.7522588,90017.7534209,2.4116999993566424
1,526,completed,90017.7851897,90017.7859602,90017.7865953,1.405600007274188
0,526,completed,90017.7851898,90017.7859602,90017.7871187,1.928900004713796
1,527,completed,90017.8203696,90017.8214407,90017.8220054,1.6357999993488193
0,527,completed,90017.8203885,90017.821463,90017.8224747,2.0862000092165545
0,528,completed,90017.8551369,90017.85589,90017.8566247,1.487799992901273
1,528,completed,90017.8551368,90017.8559844,90017.8571958,2.0589999912772328
0,529,completed,90017.8827621,90017.8835427,90017.8842447,1.4826000115135685
1,529,completed,90017.8827622,90017.8835414,90017.8850589,2.2967000113567337
0,530,completed,90017.9245444,90017.925676,90017.9262285,1.6841000033309683
1,530,completed,90017.9245335,90017.9256587,90017.9267157,2.1821999980602413
1,531,completed,90017.9523401,90017.9530269,90017.9537049,1.3648000021930784
0,531,completed,90017.9523704,90017.953093,90017.9541875,1.8170999974245206
0,532,completed,90017.9870396,90017.9879798,90017.9885216,1.4819999923929572
1,532,completed,90017.9870641,90017.987965,90017.9890706,2.0064999989699572
1,533,completed,90018.0148502,90018.0158116,90018.0164999,1.6497000033268705
0,533,completed,90018.0148502,90018.0158196,90018.0170148,2.1646000095643103
1,534,completed,90018.0495502,90018.050552,90018.0512068,1.6565999976592138
0,534,completed,90018.0495498,90018.0505838,90018.0517334,2.183600008720532
1,535,completed,90018.0913404,90018.0922479,90018.0928684,1.5279999934136868
0,535,completed,90018.0913405,90018.0922701,90018.0933952,2.054700002190657
1,536,completed,90018.1190025,90018.1198552,90018.1205648,1.5623000072082505
0,536,completed,90018.1190156,90018.1199364,90018.1210483,2.0327000092947856
0,537,completed,90018.1536759,90018.1545856,90018.1553591,1.6831999964779243
1,537,completed,90018.1536811,90018.1545538,90018.1559163,2.235200008726679
1,538,completed,90018.1883537,90018.1892679,90018.189879,1.525300001958385
0,538,completed,90018.1883663,90018.1892968,90018.1903897,2.023399996687658
1,539,completed,90018.2161737,90018.2169937,90018.2176959,1.5222000074572861
0,539,completed,90018.2161759,90018.2169593,90018.218325,2.1490999934030697
0,540,completed,90018.250766,90018.2515104,90018.2522048,1.4387999981408939
1,540,completed,90018.2507814,90018.2515658,90018.2527537,1.972300000488758
0,541,completed,90018.2855615,90018.2864654,90018.2870509,1.4894000050844625
1,541,completed,90018.2855903,90018.2864526,90018.2876089,2.0186000037938356
1,542,completed,90018.3202837,90018.3209848,90018.3215607,1.277000003028661
0,542,completed,90018.3202741,90018.3209838,90018.3219826,1.7084999999497086
0,543,completed,90018.3550293,90018.3558585,90018.3565822,1.5528999938396737
1,543,completed,90018.3550706,90018.355867,90018.3573018,2.2312000073725358
0,544,completed,90018.3828529,90018.3836373,90018.384268,1.4150999923003837
1,544,completed,90018.3828532,90018.3836459,90018.3848194,1.9661999976960942
0,545,completed,90018.4174573,90018.4181641,90018.4188132,1.3558999926317483
1,545,completed,90018.41745,90018.4181636,90018.4193684,1.918400012073107
1,546,completed,90018.4525004,90018.4536135,90018.4541608,1.6603999974904582
0,546,completed,90018.4525204,90018.4536245,90018.4546467,2.126300008967519
0,547,completed,90018.486876,90018.4877928,90018.488403,1.5270000003511086
1,547,completed,90018.4868892,90018.4877917,90018.4889813,2.0921000104863197
0,548,completed,90018.5216347,90018.5226209,90018.5233224,1.687700001639314
1,548,completed,90018.521656,90018.5227071,90018.5238682,2.212200008216314
1,549,completed,90018.549473,90018.5504235,90018.5510923,1.6192999901250005
0,549,completed,90018.5494779,90018.5504916,90018.5516606,2.182700001867488
0,550,completed,90018.5842208,90018.5851746,90018.5858418,1.6210000030696392
1,550,completed,90018.5842401,90018.5852456,90018.5864934,2.2533000010298565
1,551,completed,90018.6188333,90018.6198287,90018.6204624,1.6290999919874594
0,551,completed,90018.6188248,90018.6198279,90018.6209942,2.169400002458133
1,552,completed,90018.6536167,90018.6546472,90018.6553026,1.6859000024851412
0,552,completed,90018.6536372,90018.6546847,90018.6558488,2.211600003647618
1,553,completed,90018.6883437,90018.6891795,90018.6897911,1.4473999908659607
0,553,completed,90018.6883608,90018.6891803,90018.6903691,2.00829999812413
1,554,completed,90018.7160897,90018.7168164,90018.7173934,1.3037000026088208
0,554,completed,90018.7161006,90018.7168377,90018.7178763,1.77570000232663
1,555,completed,90018.7507642,90018.7519551,90018.7525405,1.776300006895326
0,555,completed,90018.7507882,90018.7519793,90018.7530152,2.226999989943579
1,556,completed,90018.7856312,90018.7865765,90018.7871504,1.5192000137176365
0,556,completed,90018.7856395,90018.7865649,90018.7876785,2.038999999058433
1,557,completed,90018.8273128,90018.8284236,90018.8290014,1.6885999939404428
0,557,completed,90018.827312,90018.8284374,90018.8295166,2.2046000085538253
1,558,completed,90018.8482888,90018.8494152,90018.8500143,1.7254999984288588
0,558,completed,90018.8482876,90018.8494196,90018.8505256,2.2380000009434298
0,559,completed,90018.8899019,90018.8908861,90018.8915428,1.640900009078905
1,559,completed,90018.88987,90018.8908604,90018.8920317,2.1617000020341948
0,560,completed,90018.9175527,90018.9183664,90018.9189738,1.4210999943315983
1,560,completed,90018.9175259,90018.9183502,90018.919485,1.9591000018408522
1,561,completed,90018.9520968,90018.9533695,90018.9539448,1.847999999881722
0,561,completed,90018.9520769,90018.953351,90018.9544743,2.397400006884709
0,562,completed,90018.9868152,90018.9875337,90018.9881082,1.293000008445233
1,562,completed,90018.9868155,90018.9875434,90018.9885887,1.7731999978423119
1,563,completed,90019.0216722,90019.0227385,90019.0232801,1.6078999906312674
0,563,completed,90019.021706,90019.0227623,90019.0237614,2.0554000075208023
1,564,completed,90019.0493361,90019.0500295,90019.0507113,1.3752000086242333
0,564,completed,90019.0493545,90019.0500752,90019.0511913,1.8367999873589724
1,565,completed,90019.0838373,90019.0849614,90019.0855602,1.7228999931830913
0,565,completed,90019.083859,90019.0849618,90019.0860592,2.2001999896019697
1,566,completed,90019.1188513,90019.1195478,90019.1201409,1.289600011659786
0,566,completed,90019.1188629,90019.1195521,90019.1206442,1.7813000013120472
1,567,completed,90019.1532952,90019.1540285,90019.1546457,1.3504999951692298
0,567,completed,90019.1532756,90019.154014,90019.1551919,1.9163000106345862
0,568,completed,90019.1884077,90019.1893188,90019.1900012,1.5934999973978847
1,568,completed,90019.1884042,90019.1893583,90019.1906651,2.260900000692345
1,569,completed,90019.2160285,90019.2167178,90019.2172713,1.2428000045474619
0,569,completed,90019.2160324,90019.2167177,90019.2177361,1.703700007055886
1,570,completed,90019.2505136,90019.2519872,90019.2525285,2.0149000047240406
0,570,completed,90019.2504993,90019.2519629,90019.2530132,2.5138999917544425
1,571,completed,90019.2857535,90019.2864775,90019.2870548,1.3013000134378672
0,571,completed,90019.2857372,90019.286486,90019.2875452,1.808000000892207
0,572,completed,90019.3199121,90019.321198,90019.3217635,1.851399996667169
1,572,completed,90019.319938,90019.3212286,90019.3222458,2.3077999940142035
1,573,completed,90019.355212,90019.3558987,90019.3565159,1.3039000041317195
0,573,completed,90019.3552117,90019.3560114,90019.3570472,1.8354999920120463
1,574,completed,90019.3828419,90019.3836093,90019.3842649,1.4229999942472205
0,574,completed,90019.3828524,90019.3838163,90019.3847844,1.931999999214895
1,575,completed,90019.4177178,90019.4187087,90019.4193304,1.6125999973155558
0,575,completed,90019.4176967,90019.4187701,90019.4198757,2.179000002797693
1,576,completed,90019.4522067,90019.4528557,90019.4534963,1.2895999971078709
0,576,completed,90019.4522001,90019.4529343,90019.4540435,1.843399993958883
0,577,completed,90019.4868535,90019.4874887,90019.488103,1.2494999973569065
1,577,completed,90019.4868687,90019.4875864,90019.4886053,1.7365999956382439
1,578,completed,90019.521584,90019.5222901,90019.5229148,1.330800005234778
0,578,completed,90019.5216065,90019.5223989,90019.5234574,1.8509000074118376
0,579,completed,90019.5493394,90019.5500946,90019.5507375,1.3981000083731487
1,579,completed,90019.5493364,90019.5500589,90019.5513109,1.9745000026887283
1,580,completed,90019.5911512,90019.5918598,90019.5925128,1.3615999923786148
0,580,completed,90019.5911521,90019.5919258,90019.5930839,1.9318000122439116
0,581,completed,90019.6185452,90019.6192569,90019.6199118,1.366599986795336
1,581,completed,90019.6185267,90019.6193192,90019.6204479,1.921200004289858
0,582,completed,90019.6535057,90019.6541982,90019.6548852,1.3794999977108091
1,582,completed,90019.6534999,90019.6542187,90019.655446,1.946100004715845
1,583,completed,90019.6952264,90019.6961572,90019.6968707,1.644300005864352
0,583,completed,90019.6952267,90019.6961182,90019.6975279,2.301200001966208
1,584,completed,90019.7160462,90019.7167993,90019.7174366,1.3903999933972955
0,584,completed,90019.7160457,90019.7168019,90019.7179347,1.8890000064857304
1,585,completed,90019.7578201,90019.7585512,90019.7592372,1.4171000075293705
0,585,completed,90019.7578075,90019.7585987,90019.7597932,1.9857000006595626
0,586,completed,90019.785464,90019.7861946,90019.7869036,1.4396000042324886
1,586,completed,90019.785443,90019.7862283,90019.7874723,2.0292999979574233
1,587,completed,90019.8201891,90019.8209073,90019.8214933,1.3041999918641523
0,587,completed,90019.8201549,90019.8208697,90019.8219835,1.8286000122316182
1,588,completed,90019.8479588,90019.8487083,90019.849427,1.4681999891763553
0,588,completed,90019.8479474,90019.84876,90019.8499309,1.9834999984595925
1,589,completed,90019.8828073,90019.8834316,90019.8841326,1.3252999924588948
0,589,completed,90019.8828173,90019.8835246,90019.8846465,1.829200002248399
1,590,completed,90019.9174852,90019.9182277,90019.9189042,1.4190000074449927
0,590,completed,90019.9174662,90019.9182617,90019.9193938,1.9275999948149547
0,591,completed,90019.9521753,90019.9533999,90019.953933,1.7576999962329865
1,591,completed,90019.9521664,90019.9533831,90019.9544218,2.255399987916462
1,592,completed,90019.9866098,90019.9873938,90019.9880526,1.442799999495037
0,592,completed,90019.9866018,90019.9874099,90019.988594,1.9921999919461086
1,593,completed,90020.0286464,90020.0297721,90020.0304022,1.7558000108692795
0,593,completed,90020.0286324,90020.0297624,90020.0308997,2.267299991217442
0,594,completed,90020.0495107,90020.0506749,90020.0512383,1.7275999998673797
1,594,completed,90020.0494792,90020.0506779,90020.0517349,2.2557000047527254
0,595,completed,90020.0840663,90020.0846774,90020.0853259,1.2596000015037134
1,595,completed,90020.0841855,90020.0848336,90020.0858287,1.6431999974884093
1,596,completed,90020.1185731,90020.1193187,90020.1198784,1.305300000240095
0,596,completed,90020.1185651,90020.1193093,90020.1203773,1.8122000037692487
1,597,completed,90020.1536676,90020.1543946,90020.1549701,1.302500008023344
0,597,completed,90020.1536213,90020.1543964,90020.1555183,1.8969999946421012
1,598,completed,90020.1882647,90020.1889377,90020.1895853,1.3206000003265217
0,598,completed,90020.1882688,90020.1890087,90020.1901233,1.854499991168268
1,599,completed,90020.2162292,90020.2169227,90020.2175843,1.3551000010920689
0,599,completed,90020.2162034,90020.2169724,90020.218124,1.920599999721162
1,600,completed,90020.2507848,90020.2514641,90020.2520992,1.3144000113243237
0,600,completed,90020.2507849,90020.2514851,90020.2526508,1.8659000052139163
0,601,completed,90020.2856062,90020.286382,90020.2869884,1.3821999891661108
1,601,completed,90020.2856065,90020.2863743,90020.2874965,1.8899999995483086
0,602,completed,90020.3272985,90020.3279834,90020.3285792,1.280700002098456
1,602,completed,90020.327299,90020.3280154,90020.329077,1.7780000052880496
1,603,completed,90020.3549904,90020.3557433,90020.3563789,1.3885000080335885
0,603,completed,90020.35499,90020.3557438,90020.3569352,1.945199997862801
1,604,completed,90020.3898232,90020.3910496,90020.3916952,1.871999993454665
0,604,completed,90020.3898538,90020.3912971,90020.3922685,2.414699993096292
1,605,completed,90020.4174967,90020.4182146,90020.4187972,1.3005000073462725
0,605,completed,90020.417493,90020.4182146,90020.4192815,1.7884999979287386
0,606,completed,90020.4519019,90020.4527749,90020.453388,1.4860999945085496
1,606,completed,90020.4518754,90020.4527549,90020.4539402,2.0647999917855486
1,607,completed,90020.4938379,90020.4945049,90020.4950766,1.2387000024318695
0,607,completed,90020.4938576,90020.4945154,90020.4956125,1.7549000040162355
0,608,completed,90020.5214924,90020.5221232,90020.5227621,1.269699991098605
1,608,completed,90020.5215153,90020.5222762,90020.5232603,1.7450000013923272
1,609,completed,90020.5494026,90020.5501317,90020.5506768,1.27420001081191
0,609,completed,90020.5493612,90020.5501223,90020.5511712,1.8100000015692785
0,610,completed,90020.584021,90020.584757,90020.585382,1.361000002361834
1,610,completed,90020.5840272,90020.5847623,90020.5859116,1.8844000005628914
0,611,completed,90020.6189968,90020.6200107,90020.6206075,1.6106999973999336
1,611,completed,90020.6190101,90020.6200071,90020.6211267,2.1166000078665093
0,612,completed,90020.6605568,90020.6612548,90020.6619021,1.34529999922961
1,612,completed,90020.6605926,90020.6613237,90020.6624265,1.8338999943807721
0,613,completed,90020.6884065,90020.6891156,90020.6897179,1.3113999884808436
1,613,completed,90020.6884182,90020.6891233,90020.6902258,1.8075999978464097
1,614,completed,90020.7159198,90020.7167142,90020.717314,1.3941999932285398
0,614,completed,90020.7159199,90020.7167014,90020.7178141,1.8942000024253502
1,615,completed,90020.7506567,90020.7514098,90020.7519813,1.3246000016806647
0,615,completed,90020.7506713,90020.7513597,90020.7524695,1.7981999990297481
1,616,completed,90020.7856017,90020.7865031,90020.7871233,1.52160000288859
0,616,completed,90020.7856057,90020.786529,90020.787651,2.0453000033739954
1,617,completed,90020.8271013,90020.8282483,90020.8288294,1.7280999891227111
0,617,completed,90020.8270911,90020.8282465,90020.829312,2.22090000170283
1,618,completed,90020.8549159,90020.8560556,90020.8565875,1.6716000100132078
0,618,completed,90020.8548939,90020.8561022,90020.8570705,2.176599999074824
1,619,completed,90020.8894513,90020.8906211,90020.8913218,1.8704999965848401
0,619,completed,90020.8894503,90020.8906786,90020.8918226,2.372299990383908
1,620,completed,90020.917505,90020.918568,90020.9191283,1.6232999914791435
0,620,completed,90020.9175048,90020.9186123,90020.9196104,2.1055999968666583
0,621,completed,90020.9590755,90020.9597455,90020.9604656,1.3901000056648627
1,621,completed,90020.9591052,90020.9598038,90020.9610362,1.9309999916004017
0,622,completed,90020.9868654,90020.9878261,90020.9884269,1.5615000011166558
1,622,completed,90020.9868807,90020.987831,90020.9890159,2.1352000039769337
1,623,completed,90021.0216446,90021.022765,90021.023324,1.67939999664668
0,623,completed,90021.0217854,90021.0227837,90021.0238401,2.054700002190657
0,624,completed,90021.0493481,90021.0500632,90021.0507318,1.3837000005878508
1,624,completed,90021.0493681,90021.0500746,90021.0512525,1.8844000005628914
0,625,completed,90021.0841325,90021.0848838,90021.0854979,1.3654000067617744
1,625,completed,90021.0841449,90021.0848985,90021.0859944,1.8494999967515469
0,626,completed,90021.1188324,90021.119552,90021.1201208,1.288400002522394
1,626,completed,90021.1188341,90021.1195555,90021.1206248,1.7907000001287088
1,627,completed,90021.1536374,90021.154255,90021.1548838,1.2464000028558075
0,627,completed,90021.1536677,90021.1543754,90021.1553692,1.701500004855916
1,628,completed,90021.1883988,90021.1897483,90021.1903202,1.9213999912608415
0,628,completed,90021.1884106,90021.1898137,90021.1908248,2.4141999892890453
1,629,completed,90021.2230742,90021.2237528,90021.224364,1.2897999986307696
0,629,completed,90021.2230983,90021.2237819,90021.224867,1.7686999926809222
1,630,completed,90021.25081,90021.2521275,90021.2527166,1.9066000095335767
0,630,completed,90021.2508097,90021.2521308,90021.2532514,2.441700009512715
1,631,completed,90021.292641,90021.2934816,90021.2941988,1.5578000020468608
0,631,completed,90021.2926675,90021.2935279,90021.2947459,2.078399993479252
1,632,completed,90021.3202095,90021.3212465,90021.3217793,1.5697999915573746
0,632,completed,90021.3201817,90021.3212463,90021.3222701,2.0884000114165246
1,633,completed,90021.3477152,90021.348166,90021.3487784,1.063200004864484
0,633,completed,90021.3550084,90021.3555399,90021.3562047,1.1962999997194856
0,634,completed,90021.382966,90021.3842069,90021.3847481,1.7820999928517267
1,634,completed,90021.3829782,90021.3842288,90021.3852436,2.265400005853735
1,635,completed,90021.4246583,90021.4257157,90021.4263106,1.6522999940207228
0,635,completed,90021.4246575,90021.4257922,90021.4267897,2.1321999956853688
1,636,completed,90021.4521208,90021.4527844,90021.4533892,1.2684000103035942
0,636,completed,90021.4521073,90021.4527705,90021.4538785,1.7711999971652403
1,637,completed,90021.4869775,90021.4878451,90021.488453,1.4755000011064112
0,637,completed,90021.4869773,90021.4878118,90021.4889651,1.9878000020980835
1,638,completed,90021.5217299,90021.5224031,90021.5230393,1.309399987803772
0,638,completed,90021.5217134,90021.5224394,90021.5235641,1.850700005888939
1,639,completed,90021.5490615,90021.5497837,90021.5504446,1.3830999960191548
0,639,completed,90021.5491005,90021.5498229,90021.5509552,1.854700007243082
0,640,completed,90021.5841096,90021.5848384,90021.5855395,1.429900003131479
1,640,completed,90021.5841096,90021.5848431,90021.5860838,1.9742000004043803
1,641,completed,90021.618559,90021.6192854,90021.6198914,1.332400002866052
0,641,completed,90021.6185594,90021.6193209,90021.6205456,1.9862000044668093
0,642,completed,90021.6536679,90021.6543979,90021.6550509,1.3829999952577055
1,642,completed,90021.6536681,90021.6543977,90021.6555621,1.8940000009024516
0,643,completed,90021.687932,90021.6886932,90021.6893113,1.3792999961879104
1,643,completed,90021.6879544,90021.6887088,90021.6898839,1.929500009282492
0,644,completed,90021.7160117,90021.7167582,90021.7173448,1.3330999936442822
1,644,completed,90021.7229287,90021.723344,90021.7238943,0.9656000038376078
0,645,completed,90021.75073,90021.7515386,90021.7522833,1.553299996885471
1,645,completed,90021.7507288,90021.7515371,90021.7529019,2.173100001527928
1,646,completed,90021.7851182,90021.7858733,90021.7864612,1.3429999962681904
0,646,completed,90021.785086,90021.78584,90021.7869472,1.861199998529628
1,647,completed,90021.8199021,90021.8211566,90021.8218035,1.9013999990420416
0,647,completed,90021.8199078,90021.8211547,90021.8223715,2.4637000024085864
0,648,completed,90021.8549289,90021.8556775,90021.8563848,1.4559000119334087
1,648,completed,90021.8549625,90021.8556987,90021.8568932,1.930700003867969
1,649,completed,90021.882866,90021.8841519,90021.8846838,1.817800002754666
0,649,completed,90021.882866,90021.8841135,90021.8851835,2.317499995115213
1,650,completed,90021.9173583,90021.9181398,90021.9187232,1.3649000029545277
0,650,completed,90021.9173548,90021.9181407,90021.9192441,1.8893000087700784
1,651,completed,90021.9520839,90021.9527749,90021.9533855,1.3016000011703
0,651,completed,90021.952071,90021.9528535,90021.9538806,1.8095999985234812
0,652,completed,90021.9868271,90021.9881961,90021.9887419,1.9147999992128462
1,652,completed,90021.9869154,90021.9882858,90021.9892239,2.308499999344349
1,653,completed,90022.0146665,90022.015334,90022.0159258,1.2592999992193654
0,653,completed,90022.0146971,90022.0153913,90022.0164135,1.71639998734463
1,654,completed,90022.0560656,90022.0568088,90022.0575062,1.4405999972950667
0,654,completed,90022.0560618,90022.0568267,90022.0580719,2.010099997278303
0,655,completed,90022.0838365,90022.0848569,90022.0856273,1.7908000008901581
1,655,completed,90022.0838745,90022.0849605,90022.0861644,2.2899000032339245
1,656,completed,90022.1187889,90022.1194778,90022.120038,1.2490999943111092
0,656,completed,90022.1187887,90022.1194776,90022.1205224,1.7337000026600435
1,657,completed,90022.1532279,90022.1539773,90022.1546365,1.4086000010138378
0,657,completed,90022.1532279,90022.1539774,90022.1551358,1.9079000048805028
1,658,completed,90022.1882338,90022.1890147,90022.1896037,1.369899997371249
0,658,completed,90022.1883061,90022.1890222,90022.190096,1.7899000085890293
1,659,completed,90022.2159043,90022.2166017,90022.2171709,1.266599996597506
0,659,completed,90022.2159277,90022.2166198,90022.2176575,1.7298000020673499
1,660,completed,90022.2508641,90022.2520647,90022.2526448,1.7806999967433512
0,660,completed,90022.2508733,90022.2520679,90022.2531324,2.2591000015381724
1,661,completed,90022.2855118,90022.2865936,90022.2872044,1.6925999952945858
0,661,completed,90022.2855666,90022.2866886,90022.2876755,2.1089000074425712
0,662,completed,90022.3206051,90022.3213616,90022.3221483,1.5431999927386642
1,662,completed,90022.3206242,90022.3214824,90022.3227371,2.112899994244799
1,663,completed,90022.357531,90022.3582664,90022.3588422,1.3112000015098602
0,663,completed,90022.3575308,90022.3582779,90022.3593363,1.8054999964078888
1,664,completed,90022.3828145,90022.3840581,90022.3846339,1.81940000038594
0,664,completed,90022.3828028,90022.3840404,90022.3851316,2.328799993847497
1,665,completed,90022.4174333,90022.4181393,90022.4186919,1.2586000084411353
0,665,completed,90022.4174551,90022.4181628,90022.4191628,1.7076999938581139
1,666,completed,90022.4521933,90022.45286,90022.4535844,1.3910999987274408
0,666,completed,90022.4522094,90022.4529523,90022.4541162,1.9067999965045601
0,667,completed,90022.4871009,90022.4882827,90022.4888597,1.758799990057014
1,667,completed,90022.4871046,90022.4883059,90022.4893372,2.232599988928996
1,668,completed,90022.514799,90022.5157004,90022.5162653,1.4663000038126484
0,668,completed,90022.5147753,90022.5156958,90022.5167957,2.0203999883960932
1,669,completed,90022.5491335,90022.5505194,90022.5511265,1.9929999980377033
0,669,completed,90022.5491331,90022.5505075,90022.5516784,2.545300012570806
1,670,completed,90022.5837714,90022.5847245,90022.5855496,1.7782000068109483
0,670,completed,90022.5837717,90022.5847239,90022.586044,2.2723000001860783
0,671,completed,90022.6189678,90022.6196419,90022.6202666,1.298800008953549
1,671,completed,90022.6189746,90022.6196804,90022.6207636,1.7890000017359853
0,672,completed,90022.6535631,90022.6547859,90022.6554043,1.841200006310828
1,672,completed,90022.6535663,90022.6548977,90022.6559635,2.3972000053618103
0,673,completed,90022.6882134,90022.6889857,90022.6895648,1.3514000020222738
1,673,completed,90022.6882137,90022.6889861,90022.6900523,1.8385999865131453
0,674,completed,90022.7159606,90022.7166329,90022.7173004,1.3398000010056421
1,674,completed,90022.7159825,90022.7167028,90022.7177919,1.8093999970005825
1,675,completed,90022.7506667,90022.7513811,90022.7519744,1.3077000039629638
0,675,completed,90022.7506771,90022.7513868,90022.752618,1.94089999422431
1,676,completed,90022.785165,90022.7859306,90022.7865673,1.4023000112501904
0,676,completed,90022.7851644,90022.7859282,90022.7870955,1.931099992361851
1,677,completed,90022.8198827,90022.820572,90022.8211774,1.2946999922860414
0,677,completed,90022.8198475,90022.820539,90022.8217309,1.8834000075003132
1,678,completed,90022.8546032,90022.8554229,90022.8560704,1.4671999961137772
0,678,completed,90022.8545893,90022.8554072,90022.856592,2.002699999138713
1,679,completed,90022.8826837,90022.8834684,90022.88412,1.436300008208491
0,679,completed,90022.8826922,90022.8834706,90022.8846151,1.9229000026825815
0,680,completed,90022.9173592,90022.9181197,90022.9187577,1.3984999968670309
1,680,completed,90022.9173645,90022.918117,90022.9192689,1.9044000073336065
1,681,completed,90022.951769,90022.9525788,90022.9532514,1.4823999954387546
0,681,completed,90022.9517688,90022.9525769,90022.9537558,1.9869999960064888
1,682,completed,90022.9867977,90022.9875894,90022.988167,1.369300007354468
0,682,completed,90022.9868126,90022.9876014,90022.9886702,1.8576000002212822
0,683,completed,90023.0214625,90023.0221586,90023.022717,1.254500006325543
1,683,completed,90023.0214627,90023.0221592,90023.0232563,1.7936000076588243
1,684,completed,90023.0492885,90023.0499783,90023.0505402,1.2516999995568767
0,684,completed,90023.0492725,90023.0499814,90023.0510367,1.7642000020714477
0,685,completed,90023.0841034,90023.0848365,90023.0854877,1.3842999906046316
1,685,completed,90023.0841066,90023.0848762,90023.0859849,1.8782999977702275
0,686,completed,90023.1187227,90023.11934,90023.1200034,1.280700002098456
1,686,completed,90023.1187243,90023.1194714,90023.1204998,1.7755000008037314
1,687,completed,90023.1533886,90023.154113,90023.1547594,1.370800004224293
0,687,completed,90023.1534038,90023.1541277,90023.1552824,1.8786000000545755
1,688,completed,90023.1813019,90023.1820065,90023.1826224,1.3204999995650724
0,688,completed,90023.1812747,90023.182036,90023.1831525,1.877800008514896
0,689,completed,90023.2244625,90023.2252719,90023.2258474,1.3848999951733276
1,689,completed,90023.2244504,90023.2252613,90023.22634,1.8895999965025112
0,690,completed,90023.2559944,90023.2566257,90023.2572469,1.2525000056484714
1,690,completed,90023.2560141,90023.2566523,90023.2578654,1.8512999959057197
0,691,completed,90023.2851775,90023.2859123,90023.2866025,1.424999994924292
1,691,completed,90023.2851783,90023.285999,90023.2871479,1.9696000090334564
1,692,completed,90023.3161391,90023.3168265,90023.3174227,1.2835999950766563
0,692,completed,90023.3162026,90023.3169107,90023.3179975,1.7948999884538352
0,693,completed,90023.354705,90023.3554567,90023.3560726,1.3675999944098294
1,693,completed,90023.3547176,90023.355462,90023.3565866,1.8689999997150153
0,694,completed,90023.3826716,90023.3834892,90023.384158,1.4863999967928976
1,694,completed,90023.3826731,90023.3835464,90023.3846553,1.9822000031126663
0,695,completed,90023.4171749,90023.4179236,90023.4190226,1.8477000121492893
1,695,completed,90023.4172157,90023.4180259,90023.4195145,2.2987999982433394
1,696,completed,90023.4519375,90023.4527659,90023.4533362,1.3986999983899295
0,696,completed,90023.4519087,90023.4527654,90023.4538181,1.9094000017503276
1,697,completed,90023.4866411,90023.4877472,90023.4884542,1.8131000106222928
0,697,completed,90023.4866723,90023.4878601,90023.4889489,2.2766000038245693
1,698,completed,90023.5213211,90023.5221311,90023.5228157,1.4946000010240823
0,698,completed,90023.5213208,90023.5221293,90023.5233203,1.9994999893242493
1,699,completed,90023.5491847,90023.5498996,90023.550503,1.3183000119170174
0,699,completed,90023.5492036,90023.5499243,90023.5509953,1.791699993191287
0,700,completed,90023.5839905,90023.584923,90023.5855526,1.5620999911334366
1,700,completed,90023.5839905,90023.5849135,90023.5860533,2.062799991108477
1,701,completed,90023.6186927,90023.620252,90023.6208821,2.189400009228848
0,701,completed,90023.618671,90023.6201904,90023.6214085,2.7374999917810783
0,702,completed,90023.6533496,90023.6540667,90023.6547173,1.3676999951712787
1,702,completed,90023.6533296,90023.6540518,90023.6552885,1.9589000003179535
0,703,completed,90023.6881265,90023.6895956,90023.6902475,2.1209999977145344
1,703,completed,90023.6881798,90023.6898723,90023.6907636,2.583800000138581
0,704,completed,90023.7157941,90023.7166886,90023.717276,1.4818999916315079
1,704,completed,90023.7158141,90023.7167003,90023.7178022,1.9881000043824315
1,705,completed,90023.7506728,90023.7520628,90023.7526147,1.9419000018388033
0,705,completed,90023.7506664,90023.7519509,90023.7531147,2.4483000015607104
0,706,completed,90023.7853505,90023.7867286,90023.7873178,1.967300006072037
1,706,completed,90023.7853362,90023.7867144,90023.7878326,2.4964000040199608
0,707,completed,90023.8200822,90023.8208625,90023.8215283,1.4460999955190346
1,707,completed,90023.8201052,90023.8209652,90023.8220425,1.9373000104678795
1,708,completed,90023.8546721,90023.8555185,90023.8561179,1.4457999932346866
0,708,completed,90023.854672,90023.8555185,90023.856712,2.039999992121011
0,709,completed,90023.8824424,90023.8832272,90023.8840389,1.5964999911375344
1,709,completed,90023.8824635,90023.8832473,90023.8845458,2.0822999940719455
1,710,completed,90023.9171905,90023.9180339,90023.9190211,1.8305999983567744
0,710,completed,90023.917171,90023.9179949,90023.9195165,2.3455000045942143
0,711,completed,90023.9519552,90023.9533015,90023.9538872,1.931999999214895
1,711,completed,90023.9519555,90023.9533495,90023.9543613,2.405799998086877
0,712,completed,90023.9866071,90023.9877637,90023.9884343,1.8272000015713274
1,712,completed,90023.9866488,90023.9878539,90023.9889137,2.2649000020464882
0,713,completed,90024.0213681,90024.0224899,90024.0230955,1.727399998344481
1,713,completed,90024.0213682,90024.0225533,90024.023632,2.2637999936705455
1,714,completed,90024.049132,90024.0504116,90024.0509777,1.8456999969203025
0,714,completed,90024.0491188,90024.0504099,90024.0514789,2.3600999993504956
0,715,completed,90024.084018,90024.0849132,90024.0855695,1.5515000122832134
1,715,completed,90024.084039,90024.084935,90024.0860453,2.006300011998974
1,716,completed,90024.1256358,90024.1263991,90024.1271897,1.553900001454167
0,716,completed,90024.1256517,90024.1264847,90024.1277844,2.1326999994926155
1,717,completed,90024.1533541,90024.1546379,90024.1552007,1.8466000037733465
0,717,completed,90024.1533339,90024.154631,90024.1557105,2.376599994022399
0,718,completed,90024.1811726,90024.182018,90024.1826485,1.4759000041522086
1,718,completed,90024.1811496,90024.1820433,90024.1831337,1.9841000030282885
0,719,completed,90024.2159653,90024.2175544,90024.2181224,2.1570999961113557
1,719,completed,90024.2159654,90024.2175858,90024.2186165,2.6511000032769516
1,720,completed,90024.250602,90024.2513996,90024.2519947,1.392699996358715
0,720,completed,90024.2506057,90024.2513996,90024.2525448,1.939099995070137
1,721,completed,90024.285158,90024.2858905,90024.2865133,1.3553000026149675
0,721,completed,90024.2851653,90024.2858906,90024.2870176,1.852300003520213
0,722,completed,90024.3200185,90024.3211075,90024.3216612,1.6426999936811626
1,722,completed,90024.3200152,90024.3210908,90024.3221618,2.1465999889187515
1,723,completed,90024.3547469,90024.3555915,90024.3563197,1.5727999998489395
0,723,completed,90024.3547211,90024.3556265,90024.3568754,2.1543000038946047
1,724,completed,90024.3824571,90024.3831943,90024.3838894,1.4322999923024327
0,724,completed,90024.38249,90024.3832405,90024.3844623,1.972300000488758
1,725,completed,90024.4171038,90024.4179088,90024.4186337,1.529899993329309
0,725,completed,90024.4171226,90024.4179226,90024.419193,2.070399990770966
0,726,completed,90024.4519075,90024.4527024,90024.4533079,1.400399996782653
1,726,completed,90024.4519076,90024.4527237,90024.4542392,2.331600000616163
1,727,completed,90024.4867068,90024.4874522,90024.4881413,1.4344999945024028
0,727,completed,90024.486711,90024.4874848,90024.4886658,1.9547999982023612
0,728,completed,90024.5212725,90024.5220324,90024.5226457,1.3731999933952466
1,728,completed,90024.5213009,90024.5220703,90024.5231732,1.872299995739013
0,729,completed,90024.54917,90024.5499267,90024.550492,1.3219999964348972
1,729,completed,90024.5492023,90024.5499023,90024.5509945,1.7921999969985336
0,730,completed,90024.5838684,90024.5846334,90024.585254,1.385600000503473
1,730,completed,90024.5838599,90024.5846627,90024.5857799,1.919999995152466
1,731,completed,90024.6186596,90024.6196673,90024.6202685,1.6088999982457608
0,731,completed,90024.6186484,90024.6196842,90024.620763,2.1145999926375225
0,732,completed,90024.6533592,90024.6545793,90024.6551908,1.8315999914193526
1,732,completed,90024.6533856,90024.6546169,90024.65571,2.3244000039994717
0,733,completed,90024.6880487,90024.6888869,90024.6894839,1.4351999998325482
1,733,completed,90024.6880487,90024.6888871,90024.6900339,1.985199996852316
0,734,completed,90024.7158529,90024.7172506,90024.7179979,2.1450000058393925
1,734,completed,90024.715868,90024.7171795,90024.718561,2.693000002182089
1,735,completed,90024.7504375,90024.7511576,90024.7518059,1.368400000501424
0,735,completed,90024.7504325,90024.751162,90024.7523206,1.8880999996326864
1,736,completed,90024.7852588,90024.78667,90024.7872662,2.0074000058230013
0,736,completed,90024.785277,90024.7867004,90024.7877792,2.5022000045282766
1,737,completed,90024.8200739,90024.8216931,90024.82231,2.2361000010278076
0,737,completed,90024.8200403,90024.8216692,90024.8228007,2.760400006081909
1,738,completed,90024.8546439,90024.8553732,90024.8560901,1.446199996280484
0,738,completed,90024.8546389,90024.8554146,90024.8566299,1.9909999973606318
1,739,completed,90024.8826075,90024.8835154,90024.884163,1.5554999990854412
0,739,completed,90024.882635,90024.8835759,90024.8846856,2.0506000000750646
1,740,completed,90024.917222,90024.9180175,90024.9186395,1.4174999960232526
0,740,completed,90024.9172187,90024.9179786,90024.9191573,1.9386000058148056
1,741,completed,90024.9519512,90024.9531459,90024.9537357,1.7844999965745956
0,741,completed,90024.9519491,90024.9531957,90024.9546393,2.690200009965338
0,742,completed,90024.9866316,90024.987463,90024.9882876,1.656000007642433
1,742,completed,90024.9866217,90024.9875678,90024.9887944,2.1726999984821305
0,743,completed,90025.0213889,90025.0221082,90025.022738,1.3490999990608543
1,743,completed,90025.0214149,90025.0221668,90025.0232273,1.8124000052921474
1,744,completed,90025.0561796,90025.0568564,90025.0574698,1.290200001676567
0,744,completed,90025.0561633,90025.0569219,90025.0579831,1.8198000034317374
0,745,completed,90025.0838007,90025.0849865,90025.085659,1.8583000055514276
1,745,completed,90025.0838472,90025.0851318,90025.0861623,2.3150999913923442
1,746,completed,90025.1186957,90025.1197118,90025.1204877,1.791999995475635
0,746,completed,90025.1187173,90025.1197089,90025.1209805,2.2631999891018495
1,747,completed,90025.1602325,90025.1609813,90025.1617681,1.5356000076280907
0,747,completed,90025.1602547,90025.1609827,90025.1622581,2.0034000044688582
0,748,completed,90025.1880222,90025.1894745,90025.1900667,2.0444999972824007
1,748,completed,90025.1880007,90025.1894999,90025.1905579,2.5572000013198704
1,749,completed,90025.2157859,90025.2165232,90025.217167,1.3810999953420833
0,749,completed,90025.215786,90025.2165217,90025.2177011,1.9151000014971942
0,750,completed,90025.2507438,90025.2518974,90025.2525176,1.7738000024110079
1,750,completed,90025.250785,90025.251934,90025.2530319,2.24690001050476
1,751,completed,90025.2924109,90025.293265,90025.2939811,1.570199994603172
0,751,completed,90025.2924174,90025.2933638,90025.2945705,2.1530999947572127
1,752,completed,90025.3199554,90025.32075,90025.3212875,1.332100000581704
0,752,completed,90025.3199641,90025.3207356,90025.3217868,1.822700010961853
0,753,completed,90025.3547298,90025.3560326,90025.3566053,1.8754999910015613
1,753,completed,90025.3547432,90025.3560227,90025.3571123,2.36909999512136
0,754,completed,90025.3825371,90025.38331,90025.3839481,1.4110000047367066
1,754,completed,90025.3825317,90025.3833094,90025.384472,1.9403000042075291
1,755,completed,90025.4172628,90025.4180083,90025.4185905,1.327700010733679
0,755,completed,90025.4172459,90025.4179937,90025.4190904,1.8445000023348257
0,756,completed,90025.4519331,90025.4531931,90025.4537911,1.8579999887151644
1,756,completed,90025.451964,90025.4532062,90025.4543648,2.4007999891182408
1,757,completed,90025.4866063,90025.4879671,90025.4885484,1.942100003361702
0,757,completed,90025.4866062,90025.4879621,90025.4890274,2.4212000134866685
1,758,completed,90025.5144251,90025.5154854,90025.5160627,1.637599998502992
0,758,completed,90025.514414,90025.5154906,90025.516577,2.162999997381121
0,759,completed,90025.549098,90025.5503589,90025.550937,1.8390000041108578
1,759,completed,90025.5490979,90025.5503591,90025.5514329,2.33499999740161
0,760,completed,90025.5839044,90025.5852827,90025.5859351,2.030699994065799
1,760,completed,90025.5839186,90025.585293,90025.5864469,2.5282999995397404
0,761,completed,90025.6255418,90025.6262949,90025.6269143,1.3725000026170164
1,761,completed,90025.6255287,90025.6263548,90025.6274082,1.8795000069076195
1,762,completed,90025.6533273,90025.6545673,90025.6551509,1.8236000032629818
0,762,completed,90025.6533201,90025.6545654,90025.6556632,2.3431000008713454
1,763,completed,90025.6879868,90025.6892627,90025.6898662,1.8794000061461702
0,763,completed,90025.6879931,90025.6892949,90025.6904045,2.4113999970722944
1,764,completed,90025.7159188,90025.7172977,90025.7179458,2.027000009547919
0,764,completed,90025.7159332,90025.7175637,90025.7184918,2.558599997428246
0,765,completed,90025.7505394,90025.7517984,90025.7523909,1.8514999974286184
1,765,completed,90025.7505399,90025.7518339,90025.7529258,2.3859000066295266
1,766,completed,90025.7852862,90025.7860053,90025.7866899,1.4036999928066507
0,766,completed,90025.7852827,90025.7860921,90025.7872463,1.9635999924503267
0,767,completed,90025.8200352,90025.8210909,90025.8217443,1.7091000045184046
1,767,completed,90025.8200337,90025.8211466,90025.8222404,2.206699995440431
1,768,completed,90025.8547003,90025.8554815,90025.856348,1.647700002649799
0,768,completed,90025.8546945,90025.8554826,90025.8568761,2.1816000080434605
0,769,completed,90025.8893962,90025.8901359,90025.8910604,1.6641999973217025
1,769,completed,90025.8894223,90025.8902573,90025.8916224,2.2001000033924356
0,770,completed,90025.9171887,90025.9181355,90025.9190335,1.8448000046191737
1,770,completed,90025.9171922,90025.9182449,90025.9195349,2.342699997825548
1,771,completed,90025.9519019,90025.952787,90025.9533794,1.4775000017834827
0,771,completed,90025.9519019,90025.9527275,90025.953835,1.9330999930389225
1,772,completed,90025.9866601,90025.9875698,90025.9881694,1.5093000110937282
0,772,completed,90025.9866597,90025.9875698,90025.9886607,2.0010000007459894
1,773,completed,90026.0283793,90026.0294714,90026.0300513,1.67199999850709
0,773,completed,90026.0284307,90026.029487,90026.0305409,2.1102000027894974
1,774,completed,90026.0492489,90026.0504372,90026.0511659,1.9170000014128163
0,774,completed,90026.0492142,90026.0504297,90026.0516499,2.4356999929295853
1,775,completed,90026.0925215,90026.0932894,90026.093837,1.315499990596436
0,775,completed,90026.0925185,90026.09327,90026.0944422,1.9237000087741762
1,776,completed,90026.11859,90026.1193926,90026.1199845,1.3944999955128878
0,776,completed,90026.1185969,90026.1193803,90026.1205779,1.9809999939752743
0,777,completed,90026.1532813,90026.1544133,90026.1550418,1.7605000030016527
1,777,completed,90026.1532802,90026.1545887,90026.1555328,2.252599995699711
0,778,completed,90026.1879527,90026.1887876,90026.1894352,1.482499996200204
1,778,completed,90026.1879477,90026.1887651,90026.1899588,2.011099990340881
1,779,completed,90026.2227836,90026.2237884,90026.2246214,1.837800009525381
0,779,completed,90026.2228024,90026.2238563,90026.2251835,2.381099999183789
1,780,completed,90026.2505991,90026.2513761,90026.2520118,1.4126999885775149
0,780,completed,90026.2505883,90026.2514137,90026.2525227,1.934400002937764
0,781,completed,90026.285247,90026.2860839,90026.2867259,1.4788999978918582
1,781,completed,90026.2852826,90026.2860923,90026.2872115,1.928900004713796
1,782,completed,90026.3200129,90026.321043,90026.3216498,1.6368999931728467
0,782,completed,90026.3199881,90026.3210001,90026.3221712,2.18309999036137
1,783,completed,90026.3615805,90026.3623292,90026.3629725,1.3920000055804849
0,783,completed,90026.3615803,90026.362342,90026.3635089,1.928600002429448
1,784,completed,90026.3824585,90026.3833131,90026.3840322,1.5737000067019835
0,784,completed,90026.3824566,90026.3833612,90026.3845877,2.1311000018613413
1,785,completed,90026.4171444,90026.417946,90026.41851,1.365600008284673
0,785,completed,90026.4171439,90026.4179457,90026.4189928,1.8488999921828508
1,786,completed,90026.4520115,90026.4528648,90026.4535126,1.5010999923106283
0,786,completed,90026.4520135,90026.4529537,90026.4540149,2.0013999892398715
1,787,completed,90026.4865958,90026.4880043,90026.4885952,1.9994000031147152
0,787,completed,90026.4866121,90026.4880038,90026.4891577,2.5456000003032386
0,788,completed,90026.5144259,90026.5155669,90026.5163086,1.8827000021701679
1,788,completed,90026.514426,90026.5155662,90026.5168955,2.4695000029169023
1,789,completed,90026.5491732,90026.550361,90026.5510243,1.8511000089347363
0,789,completed,90026.5491592,90026.5503631,90026.551544,2.384799998253584
1,790,completed,90026.5838006,90026.5845354,90026.5851671,1.366500000585802
0,790,completed,90026.5837823,90026.5845409,90026.5856978,1.9154999899910763
1,791,completed,90026.618619,90026.6196094,90026.6202576,1.6386000061174855
0,791,completed,90026.618606,90026.6195922,90026.6207849,2.1789000020362437
1,792,completed,90026.6533594,90026.6542065,90026.654831,1.4716000005137175
0,792,completed,90026.6533591,90026.6542064,90026.6556317,2.2726000024704263
0,793,completed,90026.6879623,90026.6888259,90026.6894317,1.4693999983137473
1,793,completed,90026.6879262,90026.6887886,90026.6899919,2.0656999986385927
1,794,completed,90026.7228167,90026.7244012,90026.7251178,2.301100001204759
0,794,completed,90026.722791,90026.7244251,90026.7257166,2.925600012531504
0,795,completed,90026.7505378,90026.7513431,90026.7521023,1.5644999948563054
1,795,completed,90026.7505773,90026.7513936,90026.7526567,2.0794000010937452
0,796,completed,90026.7853152,90026.7860985,90026.7866761,1.3609000016003847
1,796,completed,90026.7853266,90026.7860844,90026.7871703,1.843699996243231
1,797,completed,90026.8198934,90026.8206349,90026.821236,1.3426000077743083
0,797,completed,90026.8198921,90026.8206104,90026.821753,1.86089999624528
1,798,completed,90026.8547062,90026.8555115,90026.856122,1.415799997630529
0,798,completed,90026.8547012,90026.8555106,90026.856623,1.9217999943066388
1,799,completed,90026.8908026,90026.8914757,90026.8920291,1.2264999968465418
0,799,completed,90026.8908024,90026.8914752,90026.8925099,1.7075000068871304
1,800,completed,90026.917218,90026.9179884,90026.9186049,1.3868999958503991
0,800,completed,90026.9172019,90026.9179885,90026.9191238,1.9219000096200034
1,801,completed,90026.9519286,90026.9527098,90026.9535329,1.604300006874837
0,801,completed,90026.9519019,90026.9527879,90026.9540758,2.1738999930676073
0,802,completed,90026.9865355,90026.9873693,90026.9879871,1.4516000082949176
1,802,completed,90026.9865395,90026.9873617,90026.9884721,1.932600003783591
0,803,completed,90027.0213274,90027.0221787,90027.0227994,1.4720000035595149
1,803,completed,90027.0213277,90027.0222143,90027.0233317,2.003999994485639
0,804,completed,90027.0490486,90027.0495245,90027.0501887,1.1400999937904999
1,804,completed,90027.0562622,90027.0571249,90027.0577201,1.457899998058565
1,805,completed,90027.0839149,90027.0846622,90027.0853137,1.3987999991513789
0,805,completed,90027.0839399,90027.0847879,90027.0858025,1.8626000091899186
1,806,completed,90027.1186608,90027.1196917,90027.1202923,1.6314999957103282
0,806,completed,90027.1186601,90027.1196801,90027.1208805,2.2204000124474987
0,807,completed,90027.1531867,90027.1539514,90027.1546199,1.4331999991554767
1,807,completed,90027.1531878,90027.153989,90027.1551744,1.9866000075126067
0,808,completed,90027.1880604,90027.189441,90027.1901422,2.081799990264699
1,808,completed,90027.1881198,90027.1896857,90027.1906145,2.494699991075322
1,809,completed,90027.215839,90027.2166066,90027.2172585,1.4194999967003241
0,809,completed,90027.2158308,90027.2166254,90027.2179171,2.0862999954260886
1,810,completed,90027.2505769,90027.2520773,90027.2527315,2.1546000061789528
0,810,completed,90027.2505577,90027.2520437,90027.253296,2.738299997872673
0,811,completed,90027.2852731,90027.2861958,90027.2868192,1.5461000002687797
1,811,completed,90027.2852878,90027.2861915,90027.2873131,2.0252999966032803
0,812,completed,90027.3200033,90027.3209348,90027.3216637,1.6603999974904582
1,812,completed,90027.3200076,90027.3209862,90027.3222623,2.254699997138232
1,813,completed,90027.3547646,90027.356496,90027.3572576,2.4930000072345138
0,813,completed,90027.3547641,90027.3566128,90027.3578261,3.061999988858588
1,814,completed,90027.3824865,90027.3832941,90027.3838915,1.4049999881535769
0,814,completed,90027.3824647,90027.383266,90027.3843864,1.9216999935451895
0,815,completed,90027.4172789,90027.4182269,90027.4189213,1.6424000059487298
1,815,completed,90027.4172702,90027.4183179,90027.4194798,2.2095999884186313
1,816,completed,90027.4519203,90027.4526841,90027.4532889,1.3686000020243227
0,816,completed,90027.4519143,90027.4526876,90027.4538263,1.91199999244418
1,817,completed,90027.4865625,90027.4873689,90027.4880025,1.440000007278286
0,817,completed,90027.4865613,90027.4873661,90027.4884824,1.9211000035284087
1,818,completed,90027.5213755,90027.5223997,90027.5230249,1.6494000010425225
0,818,completed,90027.5213751,90027.5223903,90027.5235154,2.140299999155104
1,819,completed,90027.549029,90027.5504992,90027.5512542,2.2252000053413212
0,819,completed,90027.5490504,90027.550545,90027.5517397,2.6892999885603786
1,820,completed,90027.5941934,90027.5949727,90027.5959212,1.7278000013902783
0,820,completed,90027.5941744,90027.5949893,90027.5964601,2.285700000356883
1,821,completed,90027.6185668,90027.619291,90027.6199671,1.400300010573119
0,821,completed,90027.6185678,90027.6192866,90027.6205002,1.9324000022606924
1,822,completed,90027.6533671,90027.6545365,90027.6551588,1.791699993191287
0,822,completed,90027.653367,90027.6545556,90027.6556631,2.2960999922361225
0,823,completed,90027.6880336,90027.688899,90027.6894823,1.448700000764802
1,823,completed,90027.6880344,90027.6888799,90027.6899672,1.9328000053064898
0,824,completed,90027.7158596,90027.7166903,90027.7173672,1.5076000127010047
1,824,completed,90027.7158534,90027.7166921,90027.7178919,2.038499995251186
1,825,completed,90027.7575422,90027.759356,90027.7600589,2.516700013075024
0,825,completed,90027.757559,90027.7594131,90027.7605505,2.991499990457669
0,826,completed,90027.7853193,90027.7861425,90027.7867715,1.4521999983116984
1,826,completed,90027.7853456,90027.7861376,90027.78729,1.9443999917712063
1,827,completed,90027.8200677,90027.8215217,90027.822201,2.1333000040613115
0,827,completed,90027.8200822,90027.8215444,90027.822685,2.6027999992948025
1,828,completed,90027.8477576,90027.8484314,90027.8495051,1.7475000058766454
0,828,completed,90027.8477742,90027.8484707,90027.8500547,2.280500004417263
1,829,completed,90027.8825807,90027.883865,90027.8845137,1.9330000068293884
0,829,completed,90027.8825462,90027.8838633,90027.8850379,2.4917000118875876
1,830,completed,90027.9171529,90027.9178951,90027.9185998,1.4469000016106293
0,830,completed,90027.9171653,90027.9179435,90027.9191301,1.9648000015877187
1,831,completed,90027.9519191,90027.952675,90027.9532955,1.3764000032097101
0,831,completed,90027.9519491,90027.9527442,90027.9538047,1.8555999995442107
0,832,completed,90027.9865249,90027.9878819,90027.9887041,2.1792000043205917
1,832,completed,90027.9865524,90027.9879639,90027.9892532,2.700799988815561
1,833,completed,90028.0143515,90028.0148271,90028.0154222,1.0707000037655234
0,833,completed,90028.0212628,90028.0217463,90028.0223745,1.1116999958176166
1,834,completed,90028.0491083,90028.0502876,90028.0508875,1.7791999998735264
0,834,completed,90028.0491081,90028.0502705,90028.0513894,2.2813000105088577
0,835,completed,90028.0838044,90028.0845401,90028.0852343,1.429900003131479
1,835,completed,90028.0838371,90028.0846377,90028.0857346,1.897499998449348
1,836,completed,90028.1185011,90028.1193237,90028.1199089,1.407799994922243
0,836,completed,90028.1185011,90028.1192792,90028.1204013,1.9001999899046496
0,837,completed,90028.1533208,90028.1548767,90028.1555717,2.2508999973069876
1,837,completed,90028.1533445,90028.1549305,90028.1560657,2.7211999986320734
0,838,completed,90028.1965344,90028.1972007,90028.1977616,1.227199987624772
1,838,completed,90028.1965522,90028.1972746,90028.1982834,1.7311999981757253
1,839,completed,90028.2157725,90028.2164398,90028.2171485,1.3760000001639128
0,839,completed,90028.2157572,90028.2165031,90028.2175758,1.8185999942943454
1,840,completed,90028.2575097,90028.2587198,90028.2593065,1.7968000029213727
0,840,completed,90028.2574909,90028.2586802,90028.2598116,2.3207000049296767
1,841,completed,90028.2852379,90028.2860461,90028.2867209,1.4830000000074506
0,841,completed,90028.2852411,90028.2861454,90028.287217,1.9758999987971038
0,842,completed,90028.3200696,90028.3212808,90028.322027,1.9574000034481287
1,842,completed,90028.3200686,90028.3212784,90028.3225492,2.4806000001262873
0,843,completed,90028.3479115,90028.3486825,90028.3495336,1.622100011445582
1,843,completed,90028.354636,90028.355104,90028.3557024,1.0664000001270324
1,844,completed,90028.3825259,90028.3837777,90028.3843507,1.8247999978484586
0,844,completed,90028.3825057,90028.3837721,90028.3850011,2.4953999964054674
0,845,completed,90028.4171947,90028.4179644,90028.4185989,1.4041999966138974
1,845,completed,90028.4172102,90028.4180079,90028.4191093,1.899099996080622
0,846,completed,90028.4518846,90028.4527702,90028.4536215,1.7368999979225919
1,846,completed,90028.4518845,90028.4527354,90028.4540918,2.207300000009127
1,847,completed,90028.4866471,90028.4874464,90028.488133,1.4859000075375661
0,847,completed,90028.4866747,90028.4875005,90028.4886282,1.9534999883035198
0,848,completed,90028.521388,90028.5221132,90028.5227024,1.3144000113243237
1,848,completed,90028.5214067,90028.5221172,90028.5232274,1.8206999957328662
0,849,completed,90028.5490949,90028.5499417,90028.5505179,1.4230000087991357
1,849,completed,90028.5490958,90028.5499414,90028.5510163,1.9204999989597127
0,850,completed,90028.5838369,90028.5846061,90028.5852609,1.4240000018617138
1,850,completed,90028.5838376,90028.5846284,90028.5857839,1.9462999916868284
0,851,completed,90028.6255456,90028.626407,90028.6271552,1.609599989023991
1,851,completed,90028.6255568,90028.6264146,90028.627703,2.1462000004248694
1,852,completed,90028.6532348,90028.6539204,90028.6546003,1.3654999929713085
0,852,completed,90028.6532346,90028.653998,90028.6551273,1.8926999910036102
0,853,completed,90028.6880172,90028.6888993,90028.6895568,1.5396000089822337
1,853,completed,90028.6880175,90028.688895,90028.6901102,2.0927000005031005
0,854,completed,90028.7157415,90028.7165291,90028.7172233,1.4818000054219738
1,854,completed,90028.7157419,90028.7165291,90028.7178557,2.113800001097843
1,855,completed,90028.7504755,90028.7514406,90028.752135,1.6595000051893294
0,855,completed,90028.7504676,90028.7515006,90028.7526551,2.1875000093132257
1,856,completed,90028.78513,90028.7863994,90028.7870042,1.8741999956546351
0,856,completed,90028.7851557,90028.7864231,90028.78749,2.33430000662338
0,857,completed,90028.8198721,90028.8205678,90028.8212384,1.3663000136148185
1,857,completed,90028.8199116,90028.8206827,90028.8217148,1.8031999934464693
0,858,completed,90028.8546852,90028.8558739,90028.8564401,1.7549000040162355
1,858,completed,90028.8547053,90028.8558834,90028.8569424,2.237100008642301
1,859,completed,90028.8824062,90028.8833334,90028.8839197,1.5134999994188547
0,859,completed,90028.8824059,90028.8833335,90028.8843986,1.9926999957533553
1,860,completed,90028.9172311,90028.918177,90028.9187706,1.5394999936688691
0,860,completed,90028.9172315,90028.9181191,90028.9192595,2.028000002610497
1,861,completed,90028.9589913,90028.9601065,90028.9607269,1.7356000025756657
0,861,completed,90028.9590122,90028.960135,90028.961218,2.205800003139302
1,862,completed,90028.9865423,90028.9872956,90028.9878819,1.3395999994827434
0,862,completed,90028.9865422,90028.9872945,90028.9883595,1.8172999989474192
1,863,completed,90029.0213432,90029.0221224,90029.0227397,1.3964999961899593
0,863,completed,90029.02136,90029.0221235,90029.0232639,1.9039000035263598
1,864,completed,90029.0490901,90029.0499874,90029.0506145,1.524399995105341
0,864,completed,90029.0490921,90029.0499979,90029.0511278,2.035700003034435
1,865,completed,90029.0839389,90029.0852089,90029.0857631,1.8241999932797626
0,865,completed,90029.0839154,90029.0852067,90029.086267,2.351600007386878
0,866,completed,90029.1185288,90029.119294,90029.1199449,1.4160999999148771
1,866,completed,90029.118564,90029.1193805,90029.1204436,1.8795999931171536
0,867,completed,90029.1533203,90029.1549102,90029.1555902,2.2698999964632094
1,867,completed,90029.1532953,90029.1549557,90029.1560725,2.7772000030381605
0,868,completed,90029.1894443,90029.1901849,90029.1908092,1.3648999884026125
1,868,completed,90029.1894468,90029.1902135,90029.1913237,1.876900001661852
1,869,completed,90029.2158265,90029.2174019,90029.2179612,2.134700000169687
0,869,completed,90029.215827,90029.2174253,90029.2184514,2.6243999891448766
0,870,completed,90029.250627,90029.2517822,90029.2523486,1.7215999978361651
1,870,completed,90029.2506282,90029.2517629,90029.2528348,2.206600009230897
1,871,completed,90029.2851726,90029.2859194,90029.2865269,1.3543000095523894
0,871,completed,90029.2851561,90029.2859162,90029.287051,1.8949000077554956
0,872,completed,90029.3200421,90029.3209965,90029.3217462,1.7041000101016834
1,872,completed,90029.3200969,90029.3210917,90029.3222715,2.1745999983977526
1,873,completed,90029.3547588,90029.3563387,90029.3569794,2.2206000139703974
0,873,completed,90029.3547063,90029.3563394,90029.3574899,2.783599993563257
1,874,completed,90029.3893331,90029.3901288,90029.3907097,1.3766000047326088
0,874,completed,90029.3893515,90029.3901259,90029.3912162,1.8647000106284395
1,875,completed,90029.4172734,90029.4186223,90029.4192138,1.9404000049689785
0,875,completed,90029.4172659,90029.4186273,90029.4197677,2.5018000014824793
1,876,completed,90029.4518575,90029.4525772,90029.4532196,1.3620999961858615
0,876,completed,90029.4518805,90029.452661,90029.4536906,1.8101000023307279
1,877,completed,90029.4867612,90029.4880757,90029.4887094,1.9482000061543658
0,877,completed,90029.4867382,90029.48811,90029.4893073,2.56910000462085
0,878,completed,90029.514348,90029.5150991,90029.5158286,1.4805999962845817
1,878,completed,90029.5143322,90029.5150924,90029.5163388,2.0065999997314066
1,879,completed,90029.549153,90029.5496637,90029.5506905,1.5374999929917976
0,879,completed,90029.5560049,90029.5564734,90029.5570736,1.0686999885365367
1,880,completed,90029.5838784,90029.5846911,90029.5853165,1.4381000073626637
0,880,completed,90029.5838788,90029.5847615,90029.5858416,1.9628000009106472
0,881,completed,90029.6197711,90029.6204461,90029.6209973,1.2261999945621938
1,881,completed,90029.6197712,90029.6204475,90029.6214747,1.7035000055329874
0,882,completed,90029.6534224,90029.6551917,90029.6557728,2.350399998249486
1,882,completed,90029.6535147,90029.6552126,90029.656279,2.7643000066746026
1,883,completed,90029.697034,90029.6978541,90029.6984616,1.4276000001700595
0,883,completed,90029.6970377,90029.6978519,90029.6990472,2.009500007261522
0,884,completed,90029.7158541,90029.7165025,90029.7171714,1.317300004302524
1,884,completed,90029.7227208,90029.7234028,90029.7243291,1.60830000822898
1,885,completed,90029.7575707,90029.7586411,90029.7592513,1.6805999912321568
0,885,completed,90029.75757,90029.7586603,90029.7597494,2.179399991291575
0,886,completed,90029.7852203,90029.7864879,90029.7870871,1.8668000120669603
1,886,completed,90029.7852626,90029.7865262,90029.7875857,2.3231000086525455
0,887,completed,90029.8199601,90029.8206622,90029.8212838,1.323700009379536
1,887,completed,90029.8199754,90029.8206893,90029.8218407,1.8653000006452203
1,888,completed,90029.8546362,90029.8554625,90029.8560703,1.4340999914566055
0,888,completed,90029.8546352,90029.8554605,90029.8565495,1.9142999954055995
1,889,completed,90029.8825803,90029.8830485,90029.8836977,1.117399995564483
0,889,completed,90029.8894863,90029.8899488,90029.8905783,1.0919999913312495
1,890,completed,90029.917264,90029.9180662,90029.9187055,1.4414999895961955
0,890,completed,90029.917262,90029.9180492,90029.91919,1.927999997860752
1,891,completed,90029.9519568,90029.952811,90029.9534387,1.481900006183423
0,891,completed,90029.9519559,90029.9528135,90029.9540775,2.1216000022832304
1,892,completed,90029.98665,90029.987516,90029.9882143,1.5642999933334067
0,892,completed,90029.9866496,90029.987511,90029.9893585,2.7088999922852963
1,893,completed,90030.0213187,90030.0220054,90030.0227146,1.3958999916212633
0,893,completed,90030.0213057,90030.0220761,90030.0233256,2.019900013692677
1,894,completed,90030.0491232,90030.049887,90030.0505472,1.4239999873097986
0,894,completed,90030.0490958,90030.0498495,90030.0511225,2.026699992711656
1,895,completed,90030.0838122,90030.0845872,90030.0852144,1.4021999959368259
0,895,completed,90030.0838082,90030.0845882,90030.0857476,1.939399997354485
1,896,completed,90030.1185402,90030.1191915,90030.119896,1.3558000064222142
0,896,completed,90030.1185284,90030.1193374,90030.1204388,1.910400009364821
0,897,completed,90030.1531975,90030.1540997,90030.155436,2.2385000047506765
1,897,completed,90030.1531993,90030.154118,90030.1572667,4.067400004714727
1,898,completed,90030.1878811,90030.1886529,90030.1892379,1.3567999994847924
0,898,completed,90030.187881,90030.1886529,90030.1897622,1.8811999907484278
0,899,completed,90030.2156805,90030.2164932,90030.2171823,1.5017999976407737
1,899,completed,90030.2156814,90030.2164936,90030.217799,2.1176000009290874
