camera,seq,status,capture_s,enqueue_s,finish_s,latency_ms
1,0,completed,89110.0696359,89110.0722686,89110.0902501,20.61419999517966
3,0,completed,89110.0696226,89110.0721565,89110.1076502,38.027600006898865
4,0,stale,89110.0700431,89110.0725344,,
5,0,stale,89110.0700416,89110.0726495,,
0,0,stale,89110.0700773,89110.0726177,,
2,0,stale,89110.0701142,89110.0727005,,
4,1,completed,89110.1008396,89110.1036634,89110.1256038,24.764200003119186
0,1,completed,89110.1008915,89110.1038922,89110.1431524,42.26090000884142
5,1,completed,89110.101179,89110.1038256,89110.1608421,59.66309999348596
2,1,stale,89110.1012265,89110.1041698,,
3,1,stale,89110.1012429,89110.1038418,,
1,1,stale,89110.1011359,89110.1038118,,
2,2,completed,89110.1479471,89110.1506806,89110.178561,30.613899987656623
3,2,completed,89110.1481617,89110.1507243,89110.1971617,48.99999999906868
1,2,stale,89110.1482198,89110.1509231,,
0,2,stale,89110.1480283,89110.1507092,,
4,2,stale,89110.1479791,89110.1506801,,
5,2,stale,89110.1481209,89110.1508388,,
1,3,completed,89110.179315,89110.1819829,89110.2149456,35.63060000305995
5,3,stale,89110.1793333,89110.182484,,
4,3,stale,89110.1793827,89110.1822135,,
2,3,stale,89110.1794608,89110.1821536,,
0,3,stale,89110.1794286,89110.181947,,
3,3,stale,89110.1793507,89110.1825735,,
4,4,completed,89110.2113373,89110.2139871,89110.2327625,21.425200000521727
0,4,completed,89110.2113642,89110.2141031,89110.2500524,38.688200002070516
1,4,stale,89110.2113919,89110.214423,,
3,4,stale,89110.2113197,89110.2144445,,
5,4,stale,89110.2114438,89110.2140008,,
2,4,stale,89110.2114635,89110.2140116,,
5,5,completed,89110.2435726,89110.2463897,89110.2677672,24.1946000023745
2,5,completed,89110.2434747,89110.2466158,89110.28482,41.34530000737868
3,5,stale,89110.243245,89110.2462265,,
0,5,stale,89110.2435387,89110.2464139,,
4,5,stale,89110.2434907,89110.2462358,,
1,5,stale,89110.2432476,89110.2461899,,
3,6,completed,89110.2803115,89110.282687,89110.3029247,22.61319999524858
1,6,completed,89110.2803937,89110.2830625,89110.3202044,39.810700007365085
2,6,stale,89110.2802346,89110.2831649,,
5,6,stale,89110.2804024,89110.2829381,,
4,6,stale,89110.2803256,89110.2829881,,
0,6,stale,89110.2802726,89110.2827689,,
4,7,completed,89110.3051085,89110.30749,89110.3379648,32.85629999299999
3,7,stale,89110.3051735,89110.3075299,,
5,7,stale,89110.3051229,89110.3074783,,
2,7,stale,89110.300911,89110.3031719,,
0,7,stale,89110.3051558,89110.3075072,,
0,8,completed,89110.3353441,89110.3385291,89110.3564591,21.11499999591615
1,7,stale,89110.3050764,89110.3073276,,
5,8,completed,89110.3354162,89110.3380948,89110.3737964,38.38019999966491
2,8,completed,89110.3354,89110.3384227,89110.3911613,55.76129999826662
3,8,stale,89110.3353495,89110.337926,,
4,8,stale,89110.3354385,89110.3382379,,
1,8,stale,89110.3373523,89110.3396213,,
1,9,completed,89110.378884,89110.3814856,89110.4092009,30.316899996250868
4,9,stale,89110.3788275,89110.3813916,,
2,9,stale,89110.3787704,89110.3814338,,
3,9,stale,89110.3787864,89110.3812808,,
5,9,stale,89110.3788728,89110.381525,,
0,9,stale,89110.3787453,89110.3813051,,
3,10,completed,89110.405237,89110.408039,89110.4270493,21.81229999405332
4,10,completed,89110.4052097,89110.4077718,89110.4444026,39.1929000033997
0,10,stale,89110.4052967,89110.4085427,,
1,10,stale,89110.4053087,89110.4079913,,
2,10,stale,89110.4052568,89110.4078796,,
5,10,stale,89110.4052107,89110.4083596,,
0,11,completed,89110.4400057,89110.4429917,89110.4620968,22.091099992394447
2,11,completed,89110.4399632,89110.4431853,89110.4793303,39.36710000562016
1,11,stale,89110.4400563,89110.4431686,,
5,11,stale,89110.4398851,89110.4434659,,
3,11,stale,89110.4398927,89110.443169,,
4,11,stale,89110.4399182,89110.4430106,,
5,12,completed,89110.4767566,89110.4793874,89110.4971097,20.353100000647828
1,12,completed,89110.4767536,89110.4793827,89110.5141579,37.40430000470951
3,12,stale,89110.4768521,89110.4794076,,
4,12,stale,89110.4767937,89110.479475,,
2,12,stale,89110.4768019,89110.4795451,,
0,12,stale,89110.4768317,89110.4793547,,
4,13,completed,89110.5029546,89110.505722,89110.531668,28.713399995467626
3,13,completed,89110.5029122,89110.505641,89110.548849,45.9368000010727
5,13,stale,89110.5028718,89110.5058196,,
1,13,stale,89110.5028771,89110.5055746,,
0,13,stale,89110.5029474,89110.5060342,,
2,13,stale,89110.5028721,89110.506003,,
0,14,completed,89110.5374058,89110.540282,89110.5664322,29.026399992289953
2,14,completed,89110.5373157,89110.5402941,89110.5838459,46.53019999386743
4,14,stale,89110.5373652,89110.5402175,,
3,14,stale,89110.5374401,89110.5407024,,
1,14,stale,89110.5373332,89110.5401788,,
5,14,stale,89110.5373055,89110.540036,,
1,15,completed,89110.5786105,89110.5846699,89110.6027738,24.1632999968715
5,15,completed,89110.5786028,89110.5848686,89110.6203716,41.768800001591444
3,15,stale,89110.5785192,89110.5838794,,
2,15,stale,89110.5785194,89110.5836988,,
4,15,stale,89110.5785576,89110.5826291,,
0,15,stale,89110.5785689,89110.5839906,,
4,16,completed,89110.6104724,89110.6150708,89110.637872,27.399600003263913
3,16,completed,89110.6103525,89110.6149108,89110.6558695,45.516999991377816
0,16,stale,89110.6104707,89110.61599,,
2,16,stale,89110.6103988,89110.6150599,,
1,16,stale,89110.6103752,89110.6152467,,
5,16,stale,89110.6104939,89110.6161758,,
2,17,completed,89110.6370569,89110.6411252,89110.6735731,36.516199994366616
0,17,completed,89110.6369121,89110.6410874,89110.6908433,53.931200003717095
5,17,stale,89110.637023,89110.6412306,,
3,17,stale,89110.6369285,89110.6410284,,
4,17,stale,89110.6370137,89110.6413921,,
1,17,stale,89110.6369609,89110.6411558,,
1,18,completed,89110.6823223,89110.6873265,89110.708554,26.23170000151731
5,18,completed,89110.6822842,89110.6864414,89110.7264112,44.12700000102632
2,18,stale,89110.6823566,89110.6865859,,
0,18,stale,89110.6823894,89110.6866261,,
4,18,stale,89110.6823075,89110.6872054,,
3,18,stale,89110.6824148,89110.6865014,,
3,19,completed,89110.7139934,89110.7190401,89110.7447703,30.776900006458163
4,19,completed,89110.7141131,89110.7190192,89110.7630721,48.959000007016584
2,19,stale,89110.7139334,89110.7187798,,
1,19,stale,89110.7140452,89110.7190886,,
0,19,stale,89110.7139606,89110.7189391,,
5,19,stale,89110.7140096,89110.7190342,,
2,20,completed,89110.745021,89110.7515539,89110.7811865,36.16550000151619
1,20,stale,89110.7449261,89110.7515228,,
3,20,stale,89110.7449145,89110.7523073,,
4,20,stale,89110.7448834,89110.7516386,,
5,20,stale,89110.7449455,89110.7516223,,
0,20,stale,89110.7449667,89110.7515339,,
0,21,completed,89110.7761462,89110.7803043,89110.7988155,22.669300000416115
5,21,completed,89110.7761968,89110.7803205,89110.8161293,39.9325000034878
3,21,stale,89110.7761711,89110.7795804,,
4,21,stale,89110.7762187,89110.779817,,
1,21,stale,89110.7761121,89110.779504,,
2,21,stale,89110.7761181,89110.7798251,,
1,22,completed,89110.8048901,89110.808478,89110.8338943,29.004199997871183
4,22,completed,89110.8047955,89110.8081936,89110.8512837,46.488200008752756
0,22,stale,89110.8049127,89110.8085259,,
5,22,stale,89110.8048564,89110.8090137,,
2,22,stale,89110.8048138,89110.8091431,,
3,22,stale,89110.804821,89110.8082074,,
3,23,completed,89110.8427806,89110.8450924,89110.8690419,26.261300008627586
2,23,completed,89110.835525,89110.8384441,89110.887315,51.78999999770895
1,23,stale,89110.8355055,89110.838245,,
4,23,stale,89110.8427617,89110.8452483,,
0,23,stale,89110.8354474,89110.8380771,,
5,23,stale,89110.8355384,89110.838164,,
0,24,completed,89110.8702515,89110.8750724,89110.9051827,34.93119998893235
5,24,completed,89110.8703679,89110.8758764,89110.9232808,52.9128999914974
1,24,stale,89110.8703089,89110.8748874,,
3,24,stale,89110.8702207,89110.8749294,,
4,24,stale,89110.8702058,89110.8749699,,
2,24,stale,89110.8703439,89110.8757661,,
1,25,completed,89110.9053485,89110.9092413,89110.9410502,35.70169999147765
4,25,stale,89110.9053737,89110.9093981,,
5,25,stale,89110.9054201,89110.9093932,,
4,26,completed,89110.9370305,89110.9409555,89110.958576,21.54549999977462
2,25,stale,89110.9053189,89110.9093827,,
0,25,stale,89110.9052979,89110.9090908,,
3,25,stale,89110.9054345,89110.9093659,,
3,26,completed,89110.9372122,89110.9421122,89110.9763382,39.12599998875521
5,26,stale,89110.9370505,89110.941129,,
1,26,stale,89110.937076,89110.9411801,,
0,26,stale,89110.9371406,89110.9419586,,
2,26,completed,89110.9371904,89110.9415451,89110.9945954,57.40499999956228
0,27,completed,89110.9690501,89110.9723506,89111.0119265,42.87639999529347
1,27,stale,89110.9689983,89110.9722888,,
5,27,stale,89110.9688809,89110.972244,,
5,28,completed,89111.0000217,89111.0026253,89111.0293334,29.311699996469542
4,27,stale,89110.9689399,89110.9720661,,
2,27,stale,89110.9847737,89110.987186,,
3,27,stale,89110.9688509,89110.9719487,,
1,28,completed,89110.9999671,89111.0025967,89111.0470331,47.06599999917671
3,28,completed,89111.0157062,89111.0190218,89111.0657213,50.015099986921996
0,28,stale,89111.0000055,89111.0026054,,
2,28,stale,89111.0156921,89111.0189759,,
4,28,stale,89111.0157605,89111.0183164,,
4,29,completed,89111.0475131,89111.0527457,89111.0833579,35.84480000426993
2,29,completed,89111.0470803,89111.052572,89111.1010478,53.9674999890849
5,29,stale,89111.0475994,89111.0527567,,
3,29,stale,89111.0474611,89111.0520952,,
0,29,stale,89111.0475486,89111.0519269,,
1,29,stale,89111.0474939,89111.0521611,,
0,30,completed,89111.0794417,89111.0860939,89111.1192067,39.76499999407679
3,30,stale,89111.0793809,89111.0861033,,
4,30,stale,89111.079032,89111.0838388,,
1,30,stale,89111.0794092,89111.0862115,,
5,30,stale,89111.0794821,89111.0847523,,
2,30,stale,89111.0793539,89111.0847933,,
3,31,completed,89111.1105335,89111.1150481,89111.1369085,26.37500000128057
1,31,completed,89111.1105895,89111.1151368,89111.1541085,43.519000013475306
5,31,stale,89111.1104596,89111.1156649,,
0,31,stale,89111.1104901,89111.1150466,,
4,31,stale,89111.1105188,89111.115034,,
2,31,stale,89111.1105766,89111.115815,,
5,32,completed,89111.1416903,89111.1437375,89111.171939,30.24870000081137
4,32,completed,89111.141648,89111.1437247,89111.1907196,49.071599991293624
3,32,stale,89111.1415902,89111.1434433,,
2,32,stale,89111.1417777,89111.143777,,
0,32,stale,89111.1416242,89111.1437228,,
1,32,stale,89111.1418527,89111.143903,,
2,33,completed,89111.1721336,89111.1743522,89111.2086407,36.5070999978343
4,33,stale,89111.172334,89111.1745355,,
3,33,stale,89111.1720919,89111.17417,,
5,33,stale,89111.1720743,89111.1741451,,
1,33,stale,89111.1721928,89111.1746008,,
0,33,stale,89111.1723061,89111.1745242,,
0,34,completed,89111.2040906,89111.2059336,89111.2265151,22.424499999033287
3,34,completed,89111.2037874,89111.2057291,89111.242288,38.50059999967925
1,34,stale,89111.2037602,89111.2057525,,
2,34,stale,89111.2039675,89111.2058708,,
5,34,stale,89111.2038131,89111.2058058,,
4,34,stale,89111.2037276,89111.2057091,,
1,35,completed,89111.2349723,89111.2369491,89111.2587022,23.72990000003483
5,35,completed,89111.2352798,89111.2372254,89111.2766299,41.350100000272505
4,35,completed,89111.2352018,89111.2373262,89111.2944509,59.24909999885131
0,35,stale,89111.2350721,89111.2372317,,
2,35,stale,89111.2351181,89111.2371362,,
3,35,stale,89111.2349659,89111.2369537,,
2,36,completed,89111.2817343,89111.2838528,89111.3123029,30.56859999196604
3,36,completed,89111.2818359,89111.283957,89111.3315199,49.684000012348406
4,36,stale,89111.2816923,89111.283982,,
5,36,stale,89111.2819046,89111.2840822,,
1,36,stale,89111.2816503,89111.2837098,,
0,36,stale,89111.2816111,89111.2836998,,
0,37,completed,89111.3137888,89111.3160642,89111.3495835,35.794700001133606
4,37,stale,89111.3134774,89111.3155504,,
3,37,stale,89111.3136604,89111.3159848,,
2,37,stale,89111.3135959,89111.3158779,,
1,37,stale,89111.3135429,89111.3160806,,
5,37,stale,89111.3135022,89111.3160749,,
1,38,completed,89111.3452921,89111.347515,89111.3661766,20.88450000155717
4,38,completed,89111.3451124,89111.3473317,89111.384033,38.92059999634512
2,38,stale,89111.3452319,89111.3474883,,
5,38,stale,89111.3451139,89111.3475308,,
0,38,stale,89111.3451798,89111.3475634,,
3,38,stale,89111.3451515,89111.3474467,,
5,39,completed,89111.3768183,89111.3792226,89111.4018855,25.067199996556155
2,39,completed,89111.3768182,89111.3789625,89111.4198541,43.03589998744428
0,39,stale,89111.3769097,89111.3793157,,
1,39,stale,89111.3768604,89111.3790416,,
4,39,stale,89111.3769985,89111.379258,,
3,39,stale,89111.3770892,89111.3793016,,
3,40,completed,89111.407935,89111.4097754,89111.4378831,29.948100011097267
0,40,completed,89111.4077869,89111.4090183,89111.4544003,46.61340000166092
4,40,stale,89111.4078601,89111.4096508,,
2,40,stale,89111.4077658,89111.4096423,,
5,40,stale,89111.4080116,89111.409841,,
1,40,stale,89111.4077354,89111.4090169,,
1,41,completed,89111.4391975,89111.4410877,89111.4713868,32.18929999275133
4,41,completed,89111.4390719,89111.4404728,89111.4898014,50.729500013403594
2,41,stale,89111.4391329,89111.4406743,,
3,41,stale,89111.4391961,89111.4407519,,
0,41,stale,89111.4391077,89111.4411494,,
5,41,stale,89111.4392523,89111.4407943,,
2,42,completed,89111.4705149,89111.4725907,89111.5078318,37.31690000859089
4,42,stale,89111.4706822,89111.4728696,,
0,42,stale,89111.4706047,89111.4727879,,
3,42,stale,89111.4705061,89111.4727064,,
5,42,stale,89111.4707601,89111.4728827,,
1,42,stale,89111.4705779,89111.4728481,,
5,43,completed,89111.5024347,89111.5042919,89111.5257509,23.316199993132614
3,43,completed,89111.5023937,89111.5042578,89111.5433465,40.95280000183266
0,43,stale,89111.5023438,89111.504174,,
2,43,stale,89111.5023277,89111.5042652,,
1,43,stale,89111.5025425,89111.5043364,,
4,43,stale,89111.5022916,89111.5039962,,
0,44,completed,89111.5337014,89111.5356876,89111.5615383,27.836900000693277
1,44,completed,89111.5336918,89111.5358977,89111.5777222,44.030400007613935
4,44,completed,89111.5337979,89111.5360718,89111.5972299,63.43199999537319
5,44,stale,89111.5337549,89111.5357868,,
2,44,stale,89111.5336923,89111.5357159,,
3,44,stale,89111.5338348,89111.535842,,
2,45,completed,89111.5807286,89111.5835709,89111.615066,34.33739999309182
3,45,stale,89111.580808,89111.5836299,,
1,45,stale,89111.5806829,89111.5832364,,
4,45,stale,89111.5807015,89111.5835608,,
5,45,stale,89111.580754,89111.5835845,,
0,45,stale,89111.580721,89111.5833477,,
5,46,completed,89111.6124989,89111.6143908,89111.6334328,20.933899999363348
3,46,completed,89111.6124074,89111.6143057,89111.6509733,38.56590000214055
1,46,stale,89111.6123623,89111.6142634,,
4,46,stale,89111.6124546,89111.6143634,,
2,46,stale,89111.6123844,89111.6142648,,
0,46,stale,89111.6125625,89111.6144347,,
1,47,completed,89111.644018,89111.6459596,89111.667809,23.79099999961909
0,47,completed,89111.6438914,89111.6460621,89111.6853139,41.422499998589046
4,47,stale,89111.6440765,89111.6460047,,
2,47,stale,89111.6439663,89111.6460179,,
5,47,stale,89111.6439088,89111.646076,,
3,47,stale,89111.6439047,89111.6458036,,
4,48,completed,89111.6758699,89111.6775883,89111.7021793,26.30939999653492
2,48,completed,89111.6760766,89111.6779816,89111.7200016,43.92500000540167
5,48,stale,89111.6759859,89111.6780542,,
1,48,stale,89111.6759473,89111.677934,,
3,48,stale,89111.6760147,89111.6780643,,
0,48,stale,89111.6759159,89111.6777641,,
3,49,completed,89111.7085265,89111.7102341,89111.7380712,29.54469999531284
5,49,completed,89111.7083182,89111.7099998,89111.756643,48.32479999458883
0,49,stale,89111.7083444,89111.7102847,,
2,49,stale,89111.7084327,89111.7101895,,
1,49,stale,89111.7083804,89111.7100723,,
4,49,stale,89111.7084784,89111.7103639,,
0,50,completed,89111.7400061,89111.7419087,89111.7744283,34.422200013068505
5,50,stale,89111.7401129,89111.7419944,,
3,50,stale,89111.7399767,89111.7420631,,
4,50,stale,89111.7400795,89111.7421874,,
2,50,stale,89111.7400313,89111.7419968,,
1,50,stale,89111.7401742,89111.7420485,,
1,51,completed,89111.7715985,89111.7731536,89111.7921326,20.534100010991096
2,51,completed,89111.7715349,89111.7730487,89111.8095249,37.989999997080304
4,51,stale,89111.7712034,89111.7729742,,
3,51,stale,89111.7711199,89111.7727206,,
5,51,stale,89111.7710999,89111.7725244,,
0,51,stale,89111.7715004,89111.7731268,,
4,52,completed,89111.80192,89111.8041236,89111.8279198,25.99979999649804
5,52,completed,89111.8019602,89111.8044053,89111.8457241,43.76390000106767
3,52,completed,89111.8019197,89111.8043394,89111.8634566,61.53690000064671
0,52,stale,89111.8020778,89111.8044421,,
1,52,stale,89111.8020496,89111.8042454,,
2,52,stale,89111.8019198,89111.8043997,,
0,53,completed,89111.8486471,89111.8507227,89111.8804065,31.759399993461557
1,53,completed,89111.84867,89111.8508234,89111.89924,50.56999999214895
3,53,stale,89111.8487187,89111.8508787,,
4,53,stale,89111.8486121,89111.8509357,,
5,53,stale,89111.8488047,89111.8509197,,
2,53,stale,89111.8487616,89111.8510216,,
2,54,completed,89111.8799063,89111.8824664,89111.917203,37.29670000029728
5,54,stale,89111.8799066,89111.882471,,
3,54,stale,89111.8800822,89111.8823699,,
0,54,stale,89111.8799063,89111.8824687,,
1,54,stale,89111.8799337,89111.8824834,,
4,54,stale,89111.8800261,89111.8823402,,
3,55,completed,89111.9119397,89111.9140143,89111.9339115,21.971800000756048
5,55,completed,89111.9117777,89111.9137141,89111.9517204,39.942699993844144
4,55,stale,89111.9118141,89111.9140822,,
0,55,stale,89111.9117975,89111.9140871,,
1,55,stale,89111.9118695,89111.9140964,,
2,55,stale,89111.9117771,89111.9140366,,
4,56,completed,89111.9431397,89111.9453413,89111.9700536,26.91390000109095
1,56,completed,89111.9431186,89111.9455683,89111.9873615,44.24289999587927
5,56,stale,89111.9432025,89111.9454462,,
2,56,stale,89111.9431188,89111.9455706,,
0,56,stale,89111.943168,89111.9454825,,
3,56,stale,89111.9432591,89111.9454978,,
0,57,completed,89111.9740722,89111.976079,89112.0058488,31.77660000801552
2,57,completed,89111.9739035,89111.9759409,89112.0245655,50.662000008742325
3,57,stale,89111.9739886,89111.9761028,,
1,57,stale,89111.9740215,89111.9760551,,
5,57,stale,89111.9739416,89111.975764,,
4,57,stale,89111.9738802,89111.9756651,,
5,58,completed,89112.0050967,89112.0075549,89112.0426636,37.56690000591334
1,58,stale,89112.0048804,89112.0073847,,
3,58,stale,89112.005002,89112.0072755,,
0,58,stale,89112.0048803,89112.0073923,,
4,58,stale,89112.0051282,89112.007556,,
2,58,stale,89112.0051262,89112.0074007,,
3,59,completed,89112.0361846,89112.038168,89112.0606946,24.510000002919696
4,59,completed,89112.0362804,89112.0384315,89112.0787052,42.424799990840256
5,59,stale,89112.036116,89112.038286,,
0,59,stale,89112.0361862,89112.0383927,,
2,59,stale,89112.036226,89112.0384217,,
1,59,stale,89112.0361157,89112.038075,,
1,60,completed,89112.0669277,89112.0692408,89112.0951727,28.245000008610077
2,60,completed,89112.0667649,89112.0691547,89112.1125181,45.75320000003558
0,60,completed,89112.0667931,89112.0688765,89112.1313946,64.60149999475107
3,60,stale,89112.0668631,89112.0691033,,
4,60,stale,89112.066879,89112.0692018,,
5,60,stale,89112.0667858,89112.0688657,,
5,61,completed,89112.1142153,89112.1163492,89112.1499613,35.746000008657575
0,61,stale,89112.1137972,89112.1157151,,
3,61,stale,89112.1141339,89112.1161784,,
2,61,stale,89112.1141728,89112.1163248,,
1,61,stale,89112.1140772,89112.1161243,,
4,61,stale,89112.1140169,89112.1162374,,
3,62,completed,89112.1447924,89112.147248,89112.1680708,23.278400010894984
4,62,completed,89112.1451604,89112.1475086,89112.1858166,40.65619999892078
1,62,stale,89112.1448743,89112.1473283,,
5,62,stale,89112.144771,89112.1469493,,
2,62,stale,89112.144858,89112.1473255,,
0,62,stale,89112.1447711,89112.1470028,,
0,63,completed,89112.1762606,89112.1789044,89112.2039427,27.682100000674836
1,63,completed,89112.1762243,89112.1786446,89112.2203792,44.154899995191954
3,63,stale,89112.1762872,89112.1788953,,
5,63,stale,89112.1761997,89112.1786101,,
4,63,stale,89112.1761955,89112.1786101,,
2,63,stale,89112.1763843,89112.1788392,,
2,64,completed,89112.2080636,89112.2103251,89112.2384713,30.40770000370685
5,64,completed,89112.2079799,89112.2102903,89112.2551062,47.126299992669374
3,64,stale,89112.2079005,89112.2102146,,
0,64,stale,89112.2079323,89112.2100852,,
1,64,stale,89112.2079007,89112.2099763,,
4,64,stale,89112.2079634,89112.2103004,,
4,65,completed,89112.2399367,89112.2421633,89112.2718917,31.954999998561107
3,65,completed,89112.2398497,89112.2420518,89112.2913597,51.51000000478234
0,65,stale,89112.2398579,89112.2420386,,
5,65,stale,89112.2399587,89112.2421727,,
1,65,stale,89112.2399006,89112.2418916,,
2,65,stale,89112.2399898,89112.2421743,,
1,66,completed,89112.2736689,89112.2759683,89112.3098617,36.19280000566505
0,66,completed,89112.2735032,89112.2758251,89112.326295,52.791800000704825
3,66,stale,89112.2736285,89112.2759542,,
2,66,stale,89112.2735306,89112.2760105,,
5,66,stale,89112.2735757,89112.2759659,,
4,66,stale,89112.2735036,89112.2759284,,
2,67,completed,89112.3147714,89112.3172233,89112.3453456,30.57420000550337
1,67,stale,89112.3146896,89112.3172824,,
4,67,stale,89112.3148057,89112.3173781,,
5,67,stale,89112.314664,89112.3173201,,
3,67,stale,89112.3147171,89112.3171873,,
0,67,stale,89112.3146785,89112.3170561,,
5,68,completed,89112.3356213,89112.3381558,89112.3639054,28.284100000746548
3,68,completed,89112.3356423,89112.3382443,89112.3803945,44.75220000313129
0,68,stale,89112.3356484,89112.3382518,,
2,68,stale,89112.335794,89112.3381718,,
1,68,stale,89112.3357244,89112.3381392,,
4,68,stale,89112.3356213,89112.3381234,,
4,69,completed,89112.3710314,89112.3730956,89112.3992031,28.171699988888577
0,69,completed,89112.3707491,89112.3728268,89112.4156098,44.860699999844655
2,69,stale,89112.3707762,89112.3729712,,
1,69,stale,89112.370891,89112.3730687,,
3,69,stale,89112.3707526,89112.3728312,,
5,69,stale,89112.3707791,89112.373061,,
1,70,completed,89112.4031797,89112.4055759,89112.4322651,29.08539999043569
2,70,completed,89112.4031631,89112.4053466,89112.4502214,47.05829999875277
0,70,stale,89112.4032517,89112.405704,,
4,70,stale,89112.4031636,89112.4055977,,
3,70,stale,89112.4031942,89112.4057233,,
5,70,stale,89112.4033452,89112.405906,,
3,71,completed,89112.4395436,89112.4417881,89112.4685714,29.02779998839833
5,71,completed,89112.4395747,89112.4420799,89112.4849477,45.37300000083633
1,71,stale,89112.4396452,89112.4420811,,
2,71,stale,89112.4397067,89112.442026,,
4,71,stale,89112.4396146,89112.4418552,,
0,71,stale,89112.4395442,89112.441781,,
4,72,completed,89112.4741911,89112.4759862,89112.5029493,28.75820000190288
0,72,completed,89112.4743047,89112.4760738,89112.5196996,45.394900007522665
1,72,stale,89112.4741413,89112.4759832,,
3,72,stale,89112.4741146,89112.4759927,,
2,72,stale,89112.4740875,89112.4759537,,
5,72,stale,89112.4742602,89112.4759883,,
2,73,completed,89112.5021317,89112.5041036,89112.5383306,36.1988999939058
1,73,stale,89112.5019272,89112.5039956,,
5,73,stale,89112.5020067,89112.5041156,,
4,73,stale,89112.501977,89112.504095,,
0,73,stale,89112.5021015,89112.5040305,,
3,73,stale,89112.5019272,89112.503991,,
1,74,completed,89112.5366176,89112.5384499,89112.556874,20.256400006473996
5,74,completed,89112.5366081,89112.5384748,89112.5743761,37.76800000923686
3,74,completed,89112.5367572,89112.5387996,89112.5904607,53.70350000157487
0,74,stale,89112.5366606,89112.5387792,,
4,74,stale,89112.5368104,89112.5386723,,
2,74,stale,89112.5367127,89112.538614,,
0,75,completed,89112.5802079,89112.5822092,89112.6068797,26.67180000571534
4,75,completed,89112.580309,89112.5823422,89112.6244203,44.11129999789409
5,75,stale,89112.5802765,89112.5822854,,
3,75,stale,89112.5803531,89112.5823625,,
1,75,stale,89112.5803704,89112.582365,,
2,75,stale,89112.5802665,89112.5823296,,
2,76,completed,89112.6118679,89112.613752,89112.642788,30.920099990908056
5,76,stale,89112.611745,89112.6134308,,
3,76,stale,89112.6117596,89112.6134425,,
1,76,stale,89112.6118056,89112.6135518,,
0,76,stale,89112.61192,89112.6136659,,
4,76,stale,89112.6118412,89112.6137491,,
5,77,completed,89112.6407453,89112.6425222,89112.6610256,20.28029999928549
1,77,completed,89112.6408766,89112.6428074,89112.6784663,37.589700004900806
0,77,stale,89112.6407724,89112.6428662,,
3,77,stale,89112.6409009,89112.6427859,,
4,77,stale,89112.6409975,89112.6429387,,
2,77,stale,89112.6408026,89112.6426696,,
3,78,completed,89112.668573,89112.670225,89112.6948896,26.316599993151613
0,78,completed,89112.6685417,89112.6701985,89112.7109101,42.36839999794029
2,78,stale,89112.6756869,89112.6761272,,
5,78,stale,89112.6686193,89112.6701191,,
1,78,stale,89112.6685349,89112.6701913,,
4,78,stale,89112.6686873,89112.6702839,,
4,79,completed,89112.7048476,89112.7063654,89112.7283835,23.535899992566556
2,79,completed,89112.7043621,89112.7055925,89112.7461193,41.75720000057481
1,79,stale,89112.7047308,89112.706393,,
0,79,stale,89112.704786,89112.7064022,,
5,79,stale,89112.7046818,89112.7062369,,
3,79,stale,89112.7044627,89112.70597,,
5,80,completed,89112.7369016,89112.7391086,89112.7643591,27.457499993033707
1,80,completed,89112.7364703,89112.7387839,89112.7817208,45.250499999383464
0,80,stale,89112.7364856,89112.7388241,,
2,80,stale,89112.7369822,89112.7391537,,
3,80,stale,89112.7369853,89112.7392176,,
4,80,stale,89112.7368426,89112.7393297,,
3,81,completed,89112.7679149,89112.7695546,89112.7988621,30.947199993534014
0,81,completed,89112.767483,89112.768603,89112.8152027,47.71970000001602
5,81,stale,89112.7678024,89112.7694217,,
2,81,stale,89112.7678306,89112.7695118,,
1,81,stale,89112.7677515,89112.7694958,,
4,81,stale,89112.7678605,89112.7696699,,
2,82,completed,89112.8127225,89112.8145062,89112.8327649,20.042399992235005
4,82,completed,89112.8126698,89112.8146871,89112.8503345,37.664700008463115
0,82,stale,89112.8128658,89112.8148053,,
3,82,stale,89112.8127904,89112.8148406,,
5,82,stale,89112.8127039,89112.8144932,,
1,82,stale,89112.8126452,89112.8146214,,
5,83,completed,89112.8442407,89112.8460936,89112.8678822,23.641499996301718
1,83,completed,89112.8442142,89112.8463585,89112.8840078,39.793600008124486
2,83,stale,89112.8441824,89112.8460314,,
0,83,stale,89112.8441363,89112.8459887,,
4,83,stale,89112.8441175,89112.8459552,,
3,83,stale,89112.8441782,89112.8460283,,
0,84,completed,89112.8745622,89112.8768402,89112.9025138,27.951600000960752
3,84,completed,89112.8746614,89112.87711,89112.9185603,43.89889999583829
5,84,stale,89112.8747343,89112.8771354,,
2,84,stale,89112.8745616,89112.8768392,,
1,84,stale,89112.874778,89112.8772335,,
4,84,stale,89112.8745805,89112.8770058,,
4,85,completed,89112.9057231,89112.9074333,89112.9366508,30.927699990570545
2,85,completed,89112.9055779,89112.9072222,89112.9545786,49.00069998984691
1,85,stale,89112.9054732,89112.9072669,,
0,85,stale,89112.9056758,89112.9074094,,
5,85,stale,89112.9053291,89112.9067795,,
3,85,stale,89112.9053797,89112.9070439,,
5,86,completed,89112.9447269,89112.9461612,89112.9732974,28.57050001330208
1,86,completed,89112.9442709,89112.9457217,89112.9897797,45.508800001698546
3,86,stale,89112.944656,89112.9462465,,
4,86,stale,89112.9440305,89112.9451448,,
2,86,stale,89112.9446299,89112.9462384,,
0,86,stale,89112.9440995,89112.9458615,,
3,87,completed,89112.9759859,89112.9776727,89113.0066926,30.706699995789677
0,87,completed,89112.9762441,89112.9780345,89113.0259851,49.740999995265156
5,87,stale,89112.9760719,89112.9778832,,
2,87,stale,89112.9761314,89112.9779522,,
4,87,stale,89112.9759356,89112.9778865,,
1,87,stale,89112.9759906,89112.9779584,,
4,88,completed,89113.0070166,89113.0096665,89113.0426811,35.66450001380872
2,88,stale,89113.0068893,89113.0095787,,
3,88,stale,89113.0068785,89113.0095425,,
1,88,stale,89113.0071904,89113.0097177,,
5,88,stale,89113.0068726,89113.0095375,,
0,88,stale,89113.0070883,89113.0097036,,
2,89,completed,89113.0388879,89113.0413822,89113.059073,20.185100001981482
5,89,completed,89113.0392365,89113.0417213,89113.0763379,37.101399997482076
3,89,stale,89113.0388589,89113.0413519,,
0,89,stale,89113.0392675,89113.0418079,,
1,89,stale,89113.0393301,89113.0416955,,
4,89,stale,89113.0392967,89113.0418062,,
1,90,completed,89113.07116,89113.0730378,89113.0943345,23.17449999100063
3,90,completed,89113.0707276,89113.072584,89113.1107681,40.04049999639392
0,90,stale,89113.0712836,89113.0729982,,
2,90,stale,89113.070709,89113.0725518,,
4,90,stale,89113.0711901,89113.0730439,,
5,90,stale,89113.0712626,89113.0729502,,
0,91,completed,89113.1018225,89113.1033586,89113.1277765,25.95399999700021
4,91,completed,89113.1020524,89113.1040857,89113.1441292,42.076799989445135
2,91,stale,89113.1022774,89113.1040476,,
3,91,stale,89113.102215,89113.1041324,,
5,91,stale,89113.1021079,89113.1041089,,
1,91,stale,89113.1020716,89113.1040893,,
2,92,completed,89113.133359,89113.1353358,89113.161875,28.516000005765818
5,92,completed,89113.1336043,89113.1356537,89113.1783825,44.77819999738131
1,92,completed,89113.1335183,89113.1356593,89113.194841,61.322699999436736
0,92,stale,89113.1491351,89113.1496688,,
4,92,stale,89113.1334086,89113.1355261,,
3,92,stale,89113.1334542,89113.1355983,,
3,93,completed,89113.1804742,89113.182668,89113.2127923,32.318099998519756
4,93,completed,89113.1804034,89113.1823056,89113.2298338,49.4304000021657
5,93,stale,89113.180585,89113.1826146,,
2,93,stale,89113.1806803,89113.1825564,,
0,93,stale,89113.180371,89113.1821592,,
1,93,stale,89113.1805442,89113.1825954,,
0,94,completed,89113.211901,89113.2140719,89113.2468756,34.974599999259226
2,94,completed,89113.2121185,89113.2141336,89113.2645199,52.40139999659732
1,94,stale,89113.2121073,89113.2141756,,
4,94,stale,89113.2119236,89113.2141379,,
5,94,stale,89113.2119705,89113.2141613,,
3,94,stale,89113.2118757,89113.2140264,,
5,95,completed,89113.2490836,89113.2509299,89113.2825057,33.422099993913434
1,95,completed,89113.2487202,89113.2500203,89113.299925,51.204799994593486
2,95,stale,89113.2492748,89113.2509377,,
3,95,stale,89113.2492412,89113.2509419,,
0,95,stale,89113.2491598,89113.2508433,,
4,95,stale,89113.2487378,89113.2502664,,
3,96,completed,89113.2807608,89113.2835338,89113.3166143,35.853499997756444
4,96,stale,89113.2810022,89113.2835214,,
0,96,stale,89113.2810619,89113.2835572,,
1,96,stale,89113.2810971,89113.2833459,,
5,96,stale,89113.2806631,89113.2835349,,
2,96,stale,89113.280618,89113.2828723,,
4,97,completed,89113.3122697,89113.3144232,89113.3330963,20.826599997235462
0,97,completed,89113.3123657,89113.3146954,89113.3492774,36.91170000820421
1,97,stale,89113.3124078,89113.3148586,,
3,97,stale,89113.3122705,89113.3149477,,
2,97,stale,89113.3124908,89113.3150675,,
5,97,stale,89113.3122769,89113.3149573,,
2,98,completed,89113.3422276,89113.3443002,89113.3662862,24.058599999989383
1,98,completed,89113.3422815,89113.3441925,89113.3825807,40.2992000017548
5,98,stale,89113.3422274,89113.344374,,
3,98,stale,89113.3422549,89113.3442559,,
0,98,stale,89113.3423331,89113.3441838,,
4,98,stale,89113.3423576,89113.3442535,,
5,99,completed,89113.372588,89113.3740692,89113.3996314,27.043399997637607
3,99,completed,89113.3728688,89113.3743188,89113.4169556,44.086800000513904
0,99,stale,89113.3726222,89113.3745981,,
4,99,stale,89113.3727445,89113.3747829,,
2,99,stale,89113.3727082,89113.374348,,
1,99,stale,89113.3726276,89113.3746899,,
0,100,completed,89113.404498,89113.4061209,89113.433574,29.075999991619028
4,100,completed,89113.4043397,89113.4061928,89113.4499998,45.660099989618175
1,100,stale,89113.4044637,89113.4063272,,
2,100,stale,89113.404396,89113.4062973,,
3,100,stale,89113.404412,89113.4063148,,
5,100,stale,89113.4043684,89113.4059699,,
2,101,completed,89113.437984,89113.440042,89113.4666737,28.689699989627115
1,101,completed,89113.4379536,89113.4400171,89113.4844723,46.518699993612245
5,101,stale,89113.4381412,89113.4403455,,
4,101,stale,89113.4379108,89113.4399037,,
3,101,stale,89113.4380291,89113.4401492,,
0,101,stale,89113.4381037,89113.4402077,,
5,102,completed,89113.4689612,89113.4712833,89113.5024213,33.46010000677779
3,102,completed,89113.4691039,89113.4713547,89113.5187775,49.673599991365336
1,102,stale,89113.4689977,89113.4714262,,
0,102,stale,89113.4689226,89113.4713665,,
4,102,stale,89113.4690504,89113.4713156,,
2,102,stale,89113.4689308,89113.4711106,,
4,103,completed,89113.5039147,89113.5058744,89113.5357093,31.79459999955725
0,103,completed,89113.5037851,89113.5058871,89113.5550828,51.29770000348799
1,103,stale,89113.5037726,89113.5058844,,
2,103,stale,89113.5040261,89113.506004,,
3,103,stale,89113.5038636,89113.5059238,,
5,103,stale,89113.5037292,89113.5059322,,
2,104,completed,89113.536009,89113.5382234,89113.5718711,35.86209999048151
3,104,stale,89113.5358165,89113.53824,,
1,104,stale,89113.5353209,89113.5371717,,
0,104,stale,89113.5357801,89113.5380291,,
5,104,stale,89113.5358404,89113.5382439,,
4,104,stale,89113.5359793,89113.538154,,
1,105,completed,89113.5676672,89113.5698884,89113.588848,21.180800002184696
3,105,completed,89113.5676081,89113.5697382,89113.6062046,38.596500002313405
5,105,completed,89113.5680694,89113.5701118,89113.6239871,55.91769999591634
0,105,stale,89113.5679591,89113.5700763,,
2,105,stale,89113.5678827,89113.5701674,,
4,105,stale,89113.5680033,89113.570194,,
0,106,completed,89113.6147032,89113.6164764,89113.6423367,27.63349999440834
4,106,completed,89113.6151655,89113.6167057,89113.6585774,43.411899998318404
2,106,stale,89113.6151659,89113.6167062,,
5,106,stale,89113.6145175,89113.6157954,,
3,106,stale,89113.614717,89113.6165423,,
1,106,stale,89113.6147747,89113.6164608,,
2,107,completed,89113.6454748,89113.6472066,89113.6752697,29.7949000087101
5,107,completed,89113.6458525,89113.6480449,89113.6914257,45.5731999973068
4,107,stale,89113.645946,89113.6480738,,
0,107,stale,89113.6461938,89113.6481068,,
3,107,stale,89113.6461123,89113.6481988,,
1,107,stale,89113.6460957,89113.6481985,,
1,108,completed,89113.6780336,89113.6794013,89113.7080997,30.06610000738874
3,108,completed,89113.6781232,89113.6793823,89113.727309,49.18579998775385
4,108,stale,89113.6773416,89113.6779225,,
5,108,stale,89113.6780305,89113.679404,,
2,108,stale,89113.6781681,89113.6794115,,
0,108,stale,89113.67743,89113.6781997,,
4,109,completed,89113.7087356,89113.7106964,89113.7441683,35.4327000095509
3,109,stale,89113.7087668,89113.7109841,,
0,109,stale,89113.7090987,89113.711129,,
2,109,stale,89113.7088493,89113.7110733,,
5,109,stale,89113.708921,89113.7109678,,
1,109,stale,89113.7088161,89113.7110419,,
0,110,completed,89113.7413329,89113.7437956,89113.7605587,19.225800002459437
5,110,completed,89113.7415701,89113.7439463,89113.7763868,34.81670000473969
4,110,stale,89113.7413088,89113.74376,,
1,110,stale,89113.7414501,89113.7439237,,
3,110,stale,89113.7413091,89113.7437795,,
2,110,stale,89113.7413776,89113.7438433,,
2,111,completed,89113.7732767,89113.7755073,89113.7925224,19.245700008468702
3,111,completed,89113.7736436,89113.7754795,89113.8100151,36.37149999849498
0,111,stale,89113.7736609,89113.7754853,,
4,111,stale,89113.7729541,89113.7746519,,
1,111,stale,89113.7734742,89113.7752971,,
5,111,stale,89113.7734487,89113.7755706,,
1,112,completed,89113.804581,89113.8067352,89113.8264887,21.907699992880225
4,112,completed,89113.8044317,89113.806714,89113.8426946,38.26289999415167
0,112,stale,89113.8042747,89113.8063313,,
2,112,stale,89113.8045845,89113.8067923,,
3,112,stale,89113.8045062,89113.8067823,,
5,112,stale,89113.8044544,89113.8067721,,
0,113,completed,89113.8353323,89113.8364084,89113.8592838,23.951499999384396
5,113,completed,89113.8357144,89113.8376977,89113.8753175,39.603099998203106
2,113,completed,89113.8356419,89113.8375654,89113.8915498,55.90789999405388
4,113,stale,89113.8358327,89113.8375611,,
3,113,stale,89113.8356695,89113.8376043,,
1,113,stale,89113.8357355,89113.837481,,
3,114,completed,89113.8826636,89113.8852863,89113.9091478,26.484200003324077
0,114,stale,89113.8828087,89113.8850214,,
2,114,stale,89113.8826636,89113.8852836,,
1,114,stale,89113.8831897,89113.885311,,
5,114,stale,89113.8832223,89113.885451,,
4,114,stale,89113.8831372,89113.8852242,,
1,115,completed,89113.9058643,89113.9075088,89113.9253379,19.473599997581914
4,115,completed,89113.9055598,89113.9076723,89113.9420795,36.51970000646543
0,115,stale,89113.9057799,89113.9074803,,
3,115,stale,89113.9055762,89113.9073008,,
2,115,stale,89113.9056373,89113.9074516,,
5,115,stale,89113.905706,89113.9076629,,
0,116,completed,89113.9396915,89113.9419208,89113.9586673,18.97580000513699
2,116,completed,89113.9399518,89113.9420608,89113.9748552,34.90339999552816
5,116,completed,89113.9398218,89113.942211,89113.992369,52.547200000844896
4,116,stale,89113.9400045,89113.9420316,,
3,116,stale,89113.9397174,89113.9419948,,
1,116,stale,89113.9396957,89113.9417868,,
3,117,completed,89113.9745806,89113.9766422,89114.0106001,36.01949999574572
0,117,stale,89113.9745284,89113.9764229,,
4,117,stale,89113.9744192,89113.9765043,,
5,117,stale,89113.9746808,89113.976922,,
2,117,stale,89113.9744191,89113.9767229,,
1,117,stale,89113.9746544,89113.9768039,,
1,118,completed,89114.0096348,89114.0120304,89114.0284845,18.84970000537578
4,118,completed,89114.0095546,89114.0118343,89114.0451592,35.60460000880994
2,118,stale,89114.0095981,89114.0120196,,
3,118,stale,89114.0094972,89114.0115962,,
0,118,stale,89114.0095253,89114.0116209,,
5,118,stale,89114.0097186,89114.0119072,,
0,119,completed,89114.0367684,89114.0387316,89114.0615787,24.810300004901364
2,119,completed,89114.0365845,89114.0384893,89114.0776587,41.07419999490958
4,119,stale,89114.0366817,89114.0388416,,
5,119,stale,89114.0367074,89114.0388335,,
1,119,stale,89114.0366044,89114.038731,,
3,119,stale,89114.0365763,89114.038418,,
5,120,completed,89114.0722657,89114.0743701,89114.0943962,22.13050000136718
3,120,completed,89114.0724238,89114.0746147,89114.1119273,39.50349999649916
1,120,stale,89114.0722648,89114.0744153,,
2,120,stale,89114.0723124,89114.0741215,,
4,120,stale,89114.0723809,89114.0742344,,
0,120,stale,89114.0723704,89114.0744355,,
1,121,completed,89114.1016919,89114.1030071,89114.1285666,26.87470000819303
4,121,completed,89114.1016519,89114.1031436,89114.1459707,44.31880000629462
0,121,stale,89114.1062427,89114.1070329,,
5,121,stale,89114.1016522,89114.103144,,
2,121,stale,89114.1017137,89114.1030473,,
3,121,stale,89114.1062339,89114.1070426,,
2,122,completed,89114.1425689,89114.1446815,89114.1628743,20.305400001234375
0,122,completed,89114.1426006,89114.1446642,89114.1806208,38.020200008759275
5,122,stale,89114.1426867,89114.1447879,,
3,122,stale,89114.1425847,89114.1447792,,
4,122,stale,89114.142624,89114.1447452,,
1,122,stale,89114.1425686,89114.1446767,,
5,123,completed,89114.169843,89114.1714831,89114.1984863,28.643300000112504
3,123,completed,89114.1698007,89114.1713983,89114.2144392,44.63850001047831
4,123,stale,89114.1699105,89114.1717797,,
1,123,stale,89114.1698347,89114.1719547,,
0,123,stale,89114.1699844,89114.1718309,,
2,123,stale,89114.1698078,89114.1716466,,
4,124,completed,89114.2036992,89114.2055219,89114.2325781,28.878899989649653
1,124,completed,89114.2036499,89114.2056039,89114.2485243,44.87440000229981
3,124,stale,89114.2038287,89114.2057093,,
2,124,stale,89114.2037325,89114.2056788,,
5,124,stale,89114.2037588,89114.2055283,,
0,124,stale,89114.2036499,89114.205594,,
2,125,completed,89114.2383426,89114.2404166,89114.2650378,26.695199994719587
0,125,completed,89114.2384284,89114.2406934,89114.2828705,44.442099999287166
5,125,stale,89114.2386494,89114.2405251,,
3,125,stale,89114.2383708,89114.2403361,,
1,125,stale,89114.2384935,89114.2407033,,
4,125,stale,89114.2385605,89114.2407093,,
5,126,completed,89114.2731689,89114.2750384,89114.3010076,27.83869999984745
3,126,completed,89114.2732835,89114.2751266,89114.3172705,43.98699999728706
2,126,stale,89114.2731692,89114.2750377,,
0,126,stale,89114.2733083,89114.2753775,,
4,126,stale,89114.2733972,89114.2753665,,
1,126,stale,89114.2732508,89114.2753202,,
4,127,completed,89114.3076537,89114.3096545,89114.3350313,27.377599995816126
1,127,completed,89114.3078191,89114.3097129,89114.3512211,43.40200001024641
3,127,stale,89114.307668,89114.3093803,,
5,127,stale,89114.3075841,89114.3092278,,
0,127,stale,89114.3075839,89114.3096078,,
2,127,stale,89114.3077821,89114.3095069,,
2,128,completed,89114.3428103,89114.3449673,89114.3676345,24.8241999943275
0,128,completed,89114.3426441,89114.3448502,89114.385357,42.71290000178851
1,128,stale,89114.3425672,89114.3448107,,
4,128,stale,89114.3427015,89114.3449109,,
3,128,stale,89114.3425238,89114.344673,,
5,128,stale,89114.3425581,89114.3447967,,
5,129,completed,89114.3702304,89114.3723061,89114.4020707,31.84029999829363
3,129,completed,89114.3701802,89114.3722279,89114.4185856,48.405399997136556
4,129,stale,89114.3703844,89114.3721074,,
2,129,stale,89114.3702103,89114.3722982,,
1,129,stale,89114.3702864,89114.3719116,,
0,129,stale,89114.3703139,89114.3719856,,
1,130,completed,89114.4065208,89114.4087721,89114.4352585,28.73770000587683
4,130,completed,89114.4064159,89114.4087621,89114.4541608,47.744900002726354
5,130,stale,89114.4063843,89114.4087104,,
2,130,stale,89114.4063838,89114.4086867,,
3,130,stale,89114.4064382,89114.408856,,
0,130,stale,89114.4065761,89114.4088974,,
0,131,completed,89114.4375443,89114.4403286,89114.4722806,34.73630000371486
2,131,completed,89114.4377614,89114.4402287,89114.4895183,51.75690000760369
3,131,stale,89114.4376001,89114.4402755,,
4,131,stale,89114.4375093,89114.4397502,,
1,131,stale,89114.4375129,89114.4398125,,
5,131,stale,89114.4376248,89114.4402079,,
5,132,completed,89114.4820315,89114.4855435,89114.5067226,24.6910999994725
3,132,completed,89114.4819659,89114.484889,89114.5244202,42.45429999718908
2,132,stale,89114.4819656,89114.4849198,,
1,132,stale,89114.4821894,89114.4853529,,
4,132,stale,89114.4821049,89114.4850647,,
0,132,stale,89114.4820107,89114.4855867,,
4,133,completed,89114.5124076,89114.5155943,89114.5410962,28.688599995803088
1,133,completed,89114.5123338,89114.5154142,89114.5573263,44.99249999935273
2,133,stale,89114.5123604,89114.5152121,,
5,133,stale,89114.5123427,89114.5155339,,
3,133,stale,89114.5125069,89114.5157886,,
0,133,stale,89114.5124653,89114.5156355,,
2,134,completed,89114.5441192,89114.5472734,89114.5744917,30.372499997611158
5,134,stale,89114.5443933,89114.5477058,,
3,134,stale,89114.544119,89114.5476443,,
1,134,stale,89114.5442675,89114.5478523,,
4,134,stale,89114.5441632,89114.5477929,,
0,134,stale,89114.5441808,89114.5477637,,
0,135,completed,89114.5677861,89114.5695393,89114.5913358,23.549699995783158
5,135,completed,89114.5670798,89114.567505,89114.6078703,40.79049998836126
3,135,completed,89114.5676235,89114.5694625,89114.6253839,57.76039999909699
4,135,stale,89114.5676785,89114.5694408,,
2,135,stale,89114.5676094,89114.5694451,,
1,135,stale,89114.5676816,89114.5694184,,
4,136,completed,89114.6063687,89114.6091021,89114.6418259,35.45720000693109
1,136,completed,89114.6064128,89114.6094759,89114.6602483,53.83550000260584
5,136,stale,89114.6064402,89114.6094252,,
2,136,stale,89114.606315,89114.6093222,,
0,136,stale,89114.6063148,89114.6094221,,
3,136,stale,89114.606342,89114.6092606,,
2,137,completed,89114.6397879,89114.6426937,89114.6766278,36.839899999904446
5,137,stale,89114.6397982,89114.6425832,,
1,137,stale,89114.6399673,89114.6428283,,
0,137,stale,89114.6398904,89114.6427945,,
3,137,stale,89114.6399146,89114.6428521,,
4,137,stale,89114.6398209,89114.6425048,,
3,138,completed,89114.6690488,89114.6712989,89114.693872,24.823200001264922
5,138,completed,89114.6688704,89114.6710658,89114.7104257,41.555300005711615
1,138,stale,89114.6689832,89114.6712293,,
2,138,stale,89114.6688458,89114.6710657,,
0,138,stale,89114.6688455,89114.6712389,,
4,138,stale,89114.6689268,89114.6714436,,
0,139,completed,89114.7032955,89114.7058656,89114.7272176,23.92209999379702
4,139,completed,89114.7033424,89114.7058349,89114.7433366,39.99420000764076
3,139,stale,89114.703471,89114.7060134,,
5,139,stale,89114.7035578,89114.7059427,,
1,139,stale,89114.703217,89114.7056373,,
2,139,stale,89114.7032664,89114.7057404,,
1,140,completed,89114.7394594,89114.7422754,89114.759456,19.996599992737174
2,140,completed,89114.7396338,89114.7423388,89114.7758915,36.25770000508055
0,140,stale,89114.739479,89114.7422235,,
3,140,stale,89114.7394464,89114.7421049,,
5,140,stale,89114.7395474,89114.7422262,,
4,140,stale,89114.739446,89114.742281,,
5,141,completed,89114.7687164,89114.7715069,89114.7926915,23.975100004463457
3,141,completed,89114.7686155,89114.7713138,89114.8097648,41.149299999233335
4,141,stale,89114.768642,89114.7715599,,
2,141,stale,89114.7685905,89114.7709752,,
0,141,stale,89114.7685902,89114.7710506,,
1,141,stale,89114.7687967,89114.7712147,,
0,142,completed,89114.8085825,89114.8108552,89114.8278434,19.260899993241765
4,142,completed,89114.8076216,89114.8098311,89114.8455929,37.97130000020843
3,142,stale,89114.8081034,89114.8104839,,
2,142,stale,89114.8077199,89114.8106578,,
1,142,stale,89114.8101682,89114.8112898,,
5,142,stale,89114.8076027,89114.8099803,,
2,143,completed,89114.8371661,89114.8392753,89114.8621428,24.976700005936436
1,143,completed,89114.8370753,89114.8392487,89114.8788063,41.730999990249984
5,143,completed,89114.8369771,89114.8393141,89114.8957019,58.724799993797205
0,143,stale,89114.8369345,89114.8392464,,
4,143,stale,89114.8369344,89114.8390397,,
3,143,stale,89114.8369338,89114.8389445,,
3,144,completed,89114.8768696,89114.8795738,89114.9123249,35.45529999246355
4,144,completed,89114.8768862,89114.8796129,89114.9288645,51.978300005430356
2,144,stale,89114.8771347,89114.8797253,,
5,144,stale,89114.8769257,89114.8797652,,
1,144,stale,89114.8768646,89114.8795737,,
0,144,stale,89114.8769705,89114.8794794,,
0,145,completed,89114.9145292,89114.9168318,89114.9471854,32.65619999729097
1,145,completed,89114.9145114,89114.9168142,89114.9646518,50.140399995143525
4,145,stale,89114.9146104,89114.9167842,,
2,145,stale,89114.9144967,89114.9165029,,
5,145,stale,89114.9144971,89114.9166962,,
3,145,stale,89114.9147145,89114.9168187,,
2,146,completed,89114.9511571,89114.9531455,89114.9816154,30.458299996098503
1,146,stale,89114.9510995,89114.953208,,
4,146,stale,89114.9511132,89114.9529949,,
0,146,stale,89114.9512507,89114.9532327,,
3,146,stale,89114.9514603,89114.9533448,,
5,146,stale,89114.9511416,89114.9531241,,
5,147,completed,89114.9673557,89114.9697135,89114.9984533,31.097599989152513
4,147,completed,89114.9669714,89114.9693455,89115.0145281,47.556699995766394
3,147,completed,89114.9669001,89114.9693875,89115.0315342,64.63409999560099
2,147,stale,89114.9668311,89114.969149,,
1,147,stale,89114.9668423,89114.9692318,,
0,147,stale,89114.9668822,89114.9693882,,
1,148,completed,89115.0159285,89115.0183014,89115.0496715,33.743000007234514
4,148,stale,89115.015982,89115.0184495,,
5,148,stale,89115.0157299,89115.0181334,,
0,148,stale,89115.0160341,89115.018343,,
2,148,stale,89115.0158791,89115.018288,,
3,148,stale,89115.0160567,89115.0183389,,
0,149,completed,89115.039818,89115.0419326,89115.0666202,26.802199994563125
2,149,completed,89115.0400343,89115.0421755,89115.0827709,42.73660000762902
4,149,stale,89115.0398403,89115.041777,,
5,149,stale,89115.0398839,89115.0418788,,
1,149,stale,89115.0399233,89115.0421183,,
3,149,stale,89115.0399879,89115.0421653,,
5,150,completed,89115.0798976,89115.0821729,89115.0989974,19.099800003459677
3,150,completed,89115.0798882,89115.0821913,89115.1171011,37.212900002487004
0,150,stale,89115.0798171,89115.0818724,,
1,150,stale,89115.0798171,89115.0821658,,
4,150,stale,89115.0799538,89115.082022,,
2,150,stale,89115.0798311,89115.0821545,,
4,151,completed,89115.1061893,89115.1086351,89115.1348913,28.701999995973893
1,151,completed,89115.1063226,89115.1084969,89115.1524975,46.17490000964608
0,151,completed,89115.1061714,89115.1083288,89115.1711415,64.9701000074856
3,151,stale,89115.1062079,89115.1086484,,
2,151,stale,89115.106378,89115.1086568,,
5,151,stale,89115.1062651,89115.1088788,,
3,152,stale,89115.1525771,89115.1553743,,
4,152,stale,89115.1526565,89115.1560398,,
1,152,stale,89115.1526053,89115.1558205,,
2,152,stale,89115.1525783,89115.1554681,,
0,152,stale,89115.1528003,89115.1557063,,
5,152,stale,89115.1528624,89115.1557113,,
2,153,completed,89115.1688766,89115.1712592,89115.1884548,19.578199993702583
3,153,completed,89115.1688094,89115.1711178,89115.2063867,37.57729999779258
5,153,stale,89115.1689205,89115.1712964,,
1,153,stale,89115.1688084,89115.1711986,,
4,153,stale,89115.1688171,89115.1711095,,
0,153,stale,89115.1690013,89115.1712892,,
5,154,completed,89115.2036553,89115.2057551,89115.2231189,19.463599994196557
0,154,completed,89115.2035942,89115.2057257,89115.2390834,35.48920000321232
1,154,completed,89115.2034566,89115.205752,89115.2565776,53.12100000446662
4,154,stale,89115.2034315,89115.2057449,,
3,154,stale,89115.2033852,89115.2056764,,
2,154,stale,89115.2033855,89115.2057538,,
4,155,completed,89115.2382208,89115.2409897,89115.2733291,35.108299998682924
3,155,completed,89115.2383859,89115.2410313,89115.290963,52.57710001023952
5,155,stale,89115.238221,89115.2409419,,
0,155,stale,89115.2383265,89115.241071,,
1,155,stale,89115.2382472,89115.2407502,,
2,155,stale,89115.2382909,89115.2412244,,
2,156,completed,89115.2729783,89115.2756551,89115.3079449,34.966600011102855
1,156,completed,89115.2730743,89115.2754714,89115.3257865,52.71220000577159
3,156,stale,89115.2730844,89115.2753952,,
5,156,stale,89115.2730039,89115.2751638,,
0,156,stale,89115.2730455,89115.2753095,,
4,156,stale,89115.2729904,89115.275283,,
5,157,completed,89115.30762,89115.3101439,89115.342255,34.63499998906627
4,157,stale,89115.3077341,89115.3102229,,
2,157,stale,89115.3075688,89115.3102206,,
0,157,stale,89115.3076895,89115.3101527,,
3,157,stale,89115.3075979,89115.3101586,,
1,157,stale,89115.3075686,89115.30983,,
0,158,completed,89115.3355395,89115.3378543,89115.3594446,23.905100009869784
4,158,completed,89115.3355159,89115.3377767,89115.375823,40.30709998914972
3,158,stale,89115.3355794,89115.3378871,,
2,158,stale,89115.3355166,89115.3378756,,
1,158,stale,89115.3356416,89115.3379565,,
5,158,stale,89115.3361403,89115.3381157,,
3,159,completed,89115.3729382,89115.3753713,89115.3928537,19.915500000934117
1,159,completed,89115.3729346,89115.3753871,89115.4090216,36.08700000040699
5,159,stale,89115.3731109,89115.3757313,,
2,159,stale,89115.3730181,89115.3754748,,
0,159,stale,89115.3729672,89115.3755518,,
4,159,stale,89115.3730309,89115.3755055,,
2,160,completed,89115.4062145,89115.4082034,89115.4253124,19.09789998899214
5,160,completed,89115.4061101,89115.408059,89115.4419456,35.835500006214716
1,160,stale,89115.4062824,89115.4085118,,
4,160,stale,89115.406109,89115.4083021,,
0,160,stale,89115.406117,89115.4083077,,
3,160,stale,89115.4061744,89115.4083547,,
4,161,completed,89115.4360579,89115.4379238,89115.4586597,22.601799995754845
0,161,completed,89115.4359643,89115.4379497,89115.4747913,38.826999996672384
3,161,completed,89115.4361115,89115.4381007,89115.4907988,54.6872999984771
2,161,stale,89115.4359724,89115.4381052,,
5,161,stale,89115.4359674,89115.4379904,,
1,161,stale,89115.4360251,89115.4378328,,
1,162,completed,89115.4824238,89115.4846537,89115.5074898,25.06600000197068
3,162,stale,89115.481957,89115.4844146,,
4,162,stale,89115.4824044,89115.484546,,
0,162,stale,89115.4822706,89115.4845238,,
5,162,stale,89115.481986,89115.4845963,,
2,162,stale,89115.4821576,89115.484529,,
5,163,completed,89115.5022801,89115.5046424,89115.5248276,22.547500004293397
2,163,completed,89115.5022694,89115.5046548,89115.5409322,38.66279999783728
0,163,stale,89115.5024511,89115.5045764,,
4,163,stale,89115.5022531,89115.504439,,
3,163,stale,89115.502346,89115.5045186,,
1,163,stale,89115.5022534,89115.5045023,,
3,164,completed,89115.536722,89115.5390928,89115.5573339,20.61189999221824
4,164,completed,89115.5367603,89115.5389881,89115.5736186,36.85829999449197
1,164,stale,89115.5368204,89115.5391104,,
0,164,stale,89115.5366634,89115.5389476,,
2,164,stale,89115.5365822,89115.5388175,,
5,164,stale,89115.5365818,89115.5389124,,
0,165,completed,89115.5695514,89115.5719857,89115.5902925,20.741100001032464
1,165,completed,89115.5696687,89115.5719205,89115.606963,37.29429999657441
2,165,completed,89115.5695467,89115.5720728,89115.622901,53.35429999104235
3,165,stale,89115.5695279,89115.5720099,,
4,165,stale,89115.5695271,89115.5717984,,
5,165,stale,89115.5696014,89115.5720677,,
5,166,completed,89115.6094613,89115.6117679,89115.6398186,30.35729999828618
4,166,completed,89115.6094613,89115.611771,89115.6561814,46.72009999922011
0,166,stale,89115.6095821,89115.6118511,,
3,166,stale,89115.6096059,89115.6117107,,
2,166,stale,89115.6095167,89115.6115938,,
1,166,stale,89115.6095416,89115.6118339,,
3,167,completed,89115.6476651,89115.6498785,89115.6724843,24.81919999991078
5,167,stale,89115.647713,89115.6499455,,
4,167,stale,89115.6476649,89115.6498782,,
1,167,stale,89115.6477326,89115.6499645,,
2,167,stale,89115.6478616,89115.6498951,,
0,167,stale,89115.6478007,89115.6497847,,
2,168,completed,89115.6684928,89115.670488,89115.6888548,20.361999995657243
1,168,completed,89115.6684473,89115.6704396,89115.7054085,36.96119999221992
4,168,stale,89115.6686323,89115.6704184,,
3,168,stale,89115.6686078,89115.6705577,,
5,168,stale,89115.6684539,89115.6701096,,
0,168,stale,89115.6685289,89115.6705387,,
0,169,completed,89115.7033295,89115.7057559,89115.7231289,19.799400004558265
4,169,completed,89115.7034137,89115.7056108,89115.7393631,35.9494000003906
5,169,completed,89115.7035065,89115.7057174,89115.757231,53.72450000140816
2,169,stale,89115.7033813,89115.705417,,
3,169,stale,89115.7035928,89115.7056616,,
1,169,stale,89115.7033305,89115.7054695,,
3,170,completed,89115.7391031,89115.7413181,89115.7738289,34.725799996522255
2,170,stale,89115.7390796,89115.7413034,,
4,170,stale,89115.7391927,89115.7414565,,
1,170,stale,89115.7390356,89115.7413995,,
0,170,stale,89115.7389628,89115.741331,,
5,170,stale,89115.7389676,89115.740893,,
2,171,completed,89115.7709207,89115.7717721,89115.7905319,19.611199997598305
1,171,completed,89115.7712945,89115.7728546,89115.8078602,36.56570000748616
5,171,completed,89115.77135,89115.7729219,89115.8255907,54.240700002992526
3,171,stale,89115.7713531,89115.7729211,,
4,171,stale,89115.7711044,89115.7727183,,
0,171,stale,89115.7712606,89115.772909,,
0,172,completed,89115.8077901,89115.8100816,89115.8419576,34.16749999450985
5,172,stale,89115.8075443,89115.8096379,,
2,172,stale,89115.8012978,89115.8016535,,
3,172,stale,89115.8075868,89115.8098116,,
1,172,stale,89115.8076568,89115.8098502,,
4,172,stale,89115.8077036,89115.8100571,,
4,173,completed,89115.8356222,89115.8377507,89115.8585267,22.904500001459382
3,173,completed,89115.8357433,89115.8377205,89115.8746868,38.94349999609403
2,173,stale,89115.8358485,89115.8376581,,
0,173,stale,89115.8355983,89115.8377697,,
5,173,stale,89115.8357006,89115.8374975,,
1,173,stale,89115.8356092,89115.8377461,,
2,174,completed,89115.8699562,89115.8714153,89115.8911098,21.15359999879729
5,174,completed,89115.870028,89115.8716682,89115.9070918,37.06380000221543
1,174,completed,89115.8701219,89115.871958,89115.9246611,54.539199991268106
3,174,stale,89115.8701753,89115.8718565,,
4,174,stale,89115.8702084,89115.8718636,,
0,174,stale,89115.8699437,89115.8715695,,
0,175,completed,89115.9120103,89115.9144092,89115.9416298,29.61949999735225
3,175,completed,89115.9119182,89115.914023,89115.959017,47.098800001549534
4,175,stale,89115.9121106,89115.9143891,,
1,175,stale,89115.9118293,89115.9142435,,
5,175,stale,89115.9121459,89115.9142284,,
2,175,stale,89115.9118448,89115.9140865,,
4,176,completed,89115.9411288,89115.9428296,89115.9753863,34.25749999587424
3,176,stale,89115.941205,89115.9432755,,
5,176,stale,89115.9416088,89115.9435844,,
1,176,stale,89115.9412696,89115.9432414,,
2,176,stale,89115.9417764,89115.9437501,,
0,176,stale,89115.9415871,89115.9437884,,
2,177,completed,89115.9726479,89115.9752826,89115.9918988,19.250900004408322
5,177,completed,89115.9727056,89115.9752893,89116.0078557,35.15009999682661
1,177,stale,89115.9726256,89115.9752717,,
0,177,stale,89115.9728818,89115.9754033,,
4,177,stale,89115.9724954,89115.9751146,,
3,177,stale,89115.9722586,89115.9743633,,
1,178,completed,89116.0021307,89116.003987,89116.0244878,22.357099995133467
3,178,completed,89116.0023332,89116.0042277,89116.0407149,38.381699996534735
0,178,completed,89116.0020942,89116.0040114,89116.0572167,55.12250000901986
5,178,stale,89116.0021279,89116.0041403,,
4,178,stale,89116.0022127,89116.0040757,,
2,178,stale,89116.0021983,89116.0041868,,
4,179,completed,89116.0391894,89116.041236,89116.0740248,34.835399987059645
5,179,completed,89116.0392411,89116.041338,89116.0910151,51.773999992292374
2,179,stale,89116.0393076,89116.0415231,,
1,179,stale,89116.0394039,89116.0415605,,
3,179,stale,89116.0393625,89116.041634,,
0,179,stale,89116.0392352,89116.0413446,,
2,180,completed,89116.0731092,89116.0750012,89116.1074461,34.336899989284575
0,180,stale,89116.0732232,89116.0753031,,
3,180,stale,89116.0731718,89116.0751754,,
5,180,stale,89116.0733126,89116.0753766,,
4,180,stale,89116.0732871,89116.0753713,,
1,180,stale,89116.07314,89116.0751441,,
0,181,completed,89116.1051342,89116.1067333,89116.1240205,18.886300007579848
1,181,completed,89116.1053518,89116.1072375,89116.1399776,34.625800006324425
4,181,stale,89116.1051984,89116.1071899,,
5,181,stale,89116.1052517,89116.1071992,,
3,181,stale,89116.1053272,89116.1071277,,
2,181,stale,89116.1051685,89116.1071856,,
3,182,completed,89116.1373608,89116.1394804,89116.1560026,18.641799993929453
4,182,completed,89116.1371763,89116.1391971,89116.1719999,34.82359999907203
0,182,stale,89116.1373012,89116.13945,,
1,182,stale,89116.1372258,89116.1393948,,
5,182,stale,89116.1372664,89116.1394306,,
2,182,stale,89116.1371851,89116.1394839,,
5,183,completed,89116.1689216,89116.1711382,89116.1883405,19.41890000307467
2,183,completed,89116.1686404,89116.1710652,89116.2041876,35.54719999374356
1,183,completed,89116.1686744,89116.171079,89116.2206095,51.93509999662638
0,183,stale,89116.1685317,89116.1707185,,
4,183,stale,89116.1685611,89116.1709941,,
3,183,stale,89116.1686172,89116.1709183,,
0,184,completed,89116.2098037,89116.2113279,89116.2374023,27.59860000514891
3,184,completed,89116.209887,89116.2114365,89116.2532225,43.33549999864772
2,184,stale,89116.2096621,89116.2110589,,
4,184,stale,89116.2097193,89116.2113756,,
1,184,stale,89116.2097151,89116.2112598,,
5,184,stale,89116.2012089,89116.201619,,
4,185,completed,89116.2412116,89116.2430118,89116.2701271,28.91549999185372
5,185,completed,89116.241557,89116.2433851,89116.2861791,44.62210000201594
0,185,stale,89116.2413295,89116.2433109,,
3,185,stale,89116.2414078,89116.2434465,,
2,185,stale,89116.2412242,89116.2430726,,
1,185,stale,89116.2412727,89116.2433685,,
2,186,completed,89116.2727049,89116.2746767,89116.3029364,30.23150000080932
1,186,completed,89116.2728076,89116.2747004,89116.3190068,46.199199990951456
5,186,stale,89116.2728437,89116.2746826,,
4,186,stale,89116.2726102,89116.274251,,
0,186,stale,89116.2726707,89116.2745069,,
3,186,stale,89116.2727304,89116.2746824,,
0,187,completed,89116.3055934,89116.3075594,89116.3360718,30.478400003630668
3,187,completed,89116.3054982,89116.3077339,89116.3520117,46.513499997672625
2,187,stale,89116.3053839,89116.3073533,,
1,187,stale,89116.3053834,89116.3073548,,
5,187,stale,89116.305454,89116.3073246,,
4,187,stale,89116.3055395,89116.3074515,,
4,188,completed,89116.3454709,89116.3477035,89116.3687657,23.294799990253523
5,188,completed,89116.345488,89116.3476727,89116.3846936,39.20559999824036
2,188,stale,89116.345627,89116.3474888,,
0,188,stale,89116.3454383,89116.3472952,,
1,188,stale,89116.3456532,89116.3475249,,
3,188,stale,89116.3454366,89116.3472304,,
2,189,completed,89116.3703825,89116.3721729,89116.4014119,31.02940000826493
1,189,completed,89116.3703614,89116.3723138,89116.418793,48.431600007461384
5,189,stale,89116.3706149,89116.372474,,
4,189,stale,89116.3704674,89116.372426,,
3,189,stale,89116.3705861,89116.3724308,,
0,189,stale,89116.3704052,89116.3721924,,
3,190,completed,89116.404922,89116.4069268,89116.4351144,30.192399994120933
0,190,completed,89116.4051287,89116.4070368,89116.4510123,45.88359998888336
4,190,stale,89116.4049299,89116.4069471,,
5,190,stale,89116.4050112,89116.4068428,,
2,190,stale,89116.4049918,89116.4070746,,
1,190,stale,89116.4050865,89116.407104,,
4,191,completed,89116.4410127,89116.4426507,89116.4681214,27.108700000098906
5,191,completed,89116.4415898,89116.4431703,89116.4842192,42.629400006262586
1,191,stale,89116.4415182,89116.4431497,,
0,191,stale,89116.4410901,89116.4428898,,
3,191,stale,89116.4409903,89116.442566,,
2,191,stale,89116.4414041,89116.4431599,,
2,192,completed,89116.4735986,89116.4752069,89116.501355,27.756399998907
1,192,completed,89116.4729306,89116.4749872,89116.5172015,44.27090000535827
4,192,stale,89116.47299,89116.4750218,,
3,192,stale,89116.4730074,89116.4750354,,
5,192,stale,89116.4736114,89116.4751875,,
0,192,stale,89116.472963,89116.4749078,,
3,193,completed,89116.5050881,89116.5069438,89116.5337102,28.622099998756312
0,193,completed,89116.5056655,89116.50728,89116.5496345,43.96900000574533
5,193,stale,89116.5051882,89116.5070235,,
1,193,stale,89116.5056019,89116.5072789,,
4,193,stale,89116.5051327,89116.5069441,,
2,193,stale,89116.5054834,89116.5072663,,
4,194,completed,89116.5367504,89116.5389246,89116.5662966,29.546199992182665
5,194,completed,89116.5366392,89116.5387371,89116.5856842,49.04500000702683
2,194,stale,89116.5368746,89116.5389602,,
1,194,stale,89116.5366391,89116.5387373,,
0,194,stale,89116.5367769,89116.5389306,,
3,194,stale,89116.5366886,89116.538849,,
2,195,completed,89116.5681467,89116.5706659,89116.6029165,34.76980001141783
1,195,completed,89116.568186,89116.570627,89116.6192552,51.069199995254166
4,195,stale,89116.5681629,89116.5706378,,
5,195,stale,89116.5690064,89116.5708471,,
3,195,stale,89116.5682094,89116.5707224,,
0,195,stale,89116.5682441,89116.5707079,,
3,196,completed,89116.615652,89116.6182609,89116.6355246,19.8726000089664
0,196,completed,89116.6155969,89116.6182428,89116.6517475,36.150600004475564
5,196,stale,89116.6157781,89116.6181882,,
2,196,stale,89116.6158284,89116.6183019,,
4,196,stale,89116.6155262,89116.6181456,,
1,196,stale,89116.6154832,89116.6178207,,
4,197,completed,89116.6474854,89116.6497146,89116.6680213,20.53590001014527
5,197,completed,89116.647055,89116.6492214,89116.6848295,37.7745000005234
0,197,stale,89116.647467,89116.6497153,,
1,197,stale,89116.6477239,89116.6497645,,
2,197,stale,89116.6474306,89116.6496201,,
3,197,stale,89116.6470754,89116.6492146,,
1,198,completed,89116.6784792,89116.6794291,89116.7013616,22.88240000780206
2,198,completed,89116.6790562,89116.6804678,89116.7179452,38.889000003109686
4,198,stale,89116.679122,89116.6804716,,
5,198,stale,89116.6789587,89116.6805074,,
3,198,stale,89116.6789371,89116.680503,,
0,198,stale,89116.6783891,89116.6791684,,
3,199,completed,89116.7102262,89116.7119001,89116.7348421,24.615900008939207
0,199,completed,89116.7104945,89116.7119709,89116.7511483,40.653799995197915
5,199,stale,89116.7103583,89116.7119286,,
1,199,stale,89116.7101808,89116.7117959,,
4,199,stale,89116.7101439,89116.7117211,,
2,199,stale,89116.7098028,89116.7105323,,
4,200,completed,89116.7412176,89116.743308,89116.768034,26.81639998627361
5,200,completed,89116.741118,89116.7431396,89116.7842466,43.128599994815886
1,200,stale,89116.7411679,89116.7432804,,
0,200,stale,89116.7412781,89116.7433737,,
3,200,stale,89116.7414789,89116.7434445,,
2,200,stale,89116.7413927,89116.7434687,,
2,201,completed,89116.773313,89116.7751381,89116.8013527,28.039700002409518
1,201,completed,89116.7727468,89116.7743643,89116.8177575,45.01070000696927
4,201,stale,89116.7729909,89116.7748518,,
3,201,stale,89116.7731972,89116.7751116,,
0,201,stale,89116.773141,89116.7748721,,
5,201,stale,89116.7732746,89116.7751436,,
0,202,completed,89116.8043511,89116.806347,89116.8346942,30.343100006575696
3,202,completed,89116.8039986,89116.8061485,89116.8507576,46.7590000043856
2,202,stale,89116.8044641,89116.8065676,,
1,202,stale,89116.8043799,89116.806353,,
4,202,stale,89116.8039756,89116.8056359,,
5,202,stale,89116.8044562,89116.8065666,,
4,203,completed,89116.8360389,89116.8378855,89116.8674301,31.391199998324737
5,203,completed,89116.8361122,89116.8380298,89116.8841437,48.031499987700954
2,203,stale,89116.835894,89116.8374977,,
0,203,stale,89116.835985,89116.8377777,,
1,203,stale,89116.8359281,89116.8377072,,
3,203,stale,89116.8361907,89116.8379361,,
1,204,completed,89116.8831742,89116.8845166,89116.9014349,18.260700002429076
2,204,completed,89116.8673353,89116.8686325,89116.9174789,50.143599990406074
5,204,stale,89116.8835483,89116.884845,,
4,204,stale,89116.8835269,89116.8847491,,
0,204,stale,89116.8831733,89116.884439,,
3,204,stale,89116.8833188,89116.8847265,,
0,205,completed,89116.9154975,89116.9174684,89116.935256,19.758499998715706
3,205,completed,89116.9155333,89116.9175095,89116.9512015,35.6681999983266
5,205,stale,89116.915067,89116.9170751,,
2,205,stale,89116.915621,89116.917409,,
1,205,stale,89116.9151224,89116.9168608,,
4,205,stale,89116.9150589,89116.9170727,,
4,206,completed,89116.9474237,89116.9496135,89116.9674288,20.005099999252707
5,206,completed,89116.9469036,89116.9492493,89116.983681,36.77740000421181
2,206,stale,89116.9469815,89116.949501,,
1,206,stale,89116.9474236,89116.9495836,,
3,206,stale,89116.9469264,89116.9492938,,
0,206,stale,89116.9471476,89116.9495099,,
1,207,completed,89116.9781844,89116.9810468,89117.0004564,22.272000001976267
2,207,completed,89116.9781861,89116.9807668,89117.0162113,38.025200003175996
0,207,stale,89116.9785565,89116.9811484,,
4,207,stale,89116.9781921,89116.9810199,,
3,207,stale,89116.9785829,89116.9810394,,
5,207,stale,89116.9786121,89116.9811679,,
3,208,completed,89117.0095677,89117.0118901,89117.0326218,23.054099990986288
0,208,completed,89117.0095992,89117.0118174,89117.0498713,40.27209999912884
2,208,stale,89117.0096755,89117.0118869,,
1,208,stale,89117.0095545,89117.0120395,,
5,208,stale,89117.009754,89117.0119273,,
4,208,stale,89117.0095133,89117.0118186,,
4,209,completed,89117.0412415,89117.0433657,89117.0677248,26.483299996471033
5,209,completed,89117.0411756,89117.0432787,89117.083662,42.486400008783676
0,209,stale,89117.0412867,89117.0434474,,
3,209,stale,89117.0413857,89117.0434174,,
1,209,stale,89117.041132,89117.0432185,,
2,209,stale,89117.0411535,89117.0431925,,
2,210,completed,89117.0731638,89117.0751899,89117.0999684,26.804599998285994
1,210,completed,89117.0731096,89117.0751474,89117.1162836,43.174000005819835
3,210,stale,89117.0730671,89117.0749662,,
0,210,stale,89117.0729016,89117.0747603,,
5,210,stale,89117.0731852,89117.075117,,
4,210,stale,89117.07293,89117.0751577,,
3,211,completed,89117.103886,89117.1056594,89117.1327893,28.90330000082031
0,211,completed,89117.1038591,89117.1057402,89117.1502284,46.36930000560824
4,211,stale,89117.1039941,89117.1060756,,
1,211,stale,89117.1039155,89117.1058285,,
5,211,stale,89117.1041035,89117.1059606,,
2,211,stale,89117.1039614,89117.1059525,,
5,212,completed,89117.1358211,89117.1379785,89117.1667271,30.905999999959022
4,212,completed,89117.1356934,89117.137753,89117.182893,47.19959999783896
3,212,stale,89117.1357303,89117.1380481,,
1,212,stale,89117.1356317,89117.1378964,,
2,212,stale,89117.1359286,89117.1379932,,
0,212,stale,89117.1356488,89117.1379121,,
1,213,completed,89117.1768023,89117.1787113,89117.199875,23.072700001648627
2,213,completed,89117.1768845,89117.1788773,89117.2157799,38.89539999363478
4,213,stale,89117.1770005,89117.1789186,,
5,213,stale,89117.1769252,89117.178952,,
3,213,stale,89117.176817,89117.1788633,,
0,213,stale,89117.1768347,89117.179032,,
0,214,completed,89117.2039077,89117.2058077,89117.2337528,29.845100012607872
3,214,completed,89117.2038144,89117.2056985,89117.2506537,46.839300004648976
4,214,stale,89117.2038031,89117.2056443,,
5,214,stale,89117.203861,89117.2057063,,
1,214,stale,89117.2039657,89117.2059799,,
2,214,stale,89117.2040326,89117.2059573,,
4,215,completed,89117.2385573,89117.2403867,89117.2671978,28.640499993343838
5,215,completed,89117.2386874,89117.2405585,89117.2831325,44.44510000757873
3,215,stale,89117.2385109,89117.2404199,,
2,215,stale,89117.2386354,89117.2409185,,
1,215,stale,89117.2387852,89117.2406736,,
0,215,stale,89117.2386245,89117.240607,,
2,216,completed,89117.2728557,89117.2747406,89117.3012871,28.43140000186395
1,216,completed,89117.2726922,89117.2747356,89117.3176574,44.965199995203875
0,216,stale,89117.2726922,89117.2747312,,
5,216,stale,89117.2727806,89117.2748148,,
4,216,stale,89117.2729122,89117.2748624,,
3,216,stale,89117.2727362,89117.2745787,,
3,217,completed,89117.3161608,89117.3181102,89117.3343882,18.22740001080092
0,217,completed,89117.3159527,89117.3178253,89117.350396,34.44329999911133
2,217,stale,89117.3163095,89117.3182472,,
5,217,stale,89117.3160156,89117.3179426,,
1,217,stale,89117.3160842,89117.3180557,,
4,217,stale,89117.3159928,89117.3180697,,
5,218,completed,89117.3374494,89117.339736,89117.3666756,29.226200000266545
4,218,completed,89117.3378507,89117.3401542,89117.3827694,44.918700004927814
0,218,stale,89117.3374984,89117.3400509,,
3,218,stale,89117.3376812,89117.3400591,,
1,218,stale,89117.3375705,89117.339985,,
2,218,stale,89117.3374704,89117.3397464,,
1,219,completed,89117.3692452,89117.3710846,89117.4007886,31.543400007649325
2,219,completed,89117.3693944,89117.3711364,89117.4197647,50.370299999485724
0,219,stale,89117.3690263,89117.3708749,,
5,219,stale,89117.3690369,89117.3708469,,
3,219,stale,89117.3691764,89117.370935,,
4,219,stale,89117.3690982,89117.3708697,,
3,220,completed,89117.4009081,89117.4031728,89117.4362834,35.37530000903644
0,220,completed,89117.4008855,89117.4029887,89117.4523561,51.47059999580961
2,220,stale,89117.400858,89117.4029038,,
4,220,stale,89117.400965,89117.4031895,,
1,220,stale,89117.4009227,89117.4029912,,
5,220,stale,89117.4010818,89117.4031127,,
4,221,completed,89117.4480849,89117.4502505,89117.4686991,20.614200009731576
5,221,completed,89117.4483556,89117.4504559,89117.4846017,36.246099989512004
0,221,stale,89117.4481426,89117.4502892,,
1,221,stale,89117.4482643,89117.4502529,,
3,221,stale,89117.4480848,89117.45025,,
2,221,stale,89117.4481624,89117.450149,,
2,222,completed,89117.4804799,89117.4825021,89117.5011504,20.670500001870096
1,222,completed,89117.4803214,89117.4823986,89117.5188114,38.490000006277114
3,222,stale,89117.4804533,89117.4825025,,
5,222,stale,89117.4802189,89117.4822238,,
0,222,stale,89117.4802645,89117.482346,,
4,222,stale,89117.4802423,89117.4823203,,
3,223,completed,89117.5121565,89117.5140442,89117.535303,23.146499996073544
0,223,completed,89117.5119959,89117.51405,89117.5515269,39.53100000217091
5,223,stale,89117.511972,89117.5140531,,
4,223,stale,89117.5122661,89117.5141913,,
1,223,stale,89117.5119408,89117.5136079,,
2,223,stale,89117.5120738,89117.5141099,,
5,224,completed,89117.5430724,89117.5450741,89117.5682726,25.200199990649708
4,224,completed,89117.5431401,89117.5452297,89117.5848485,41.70840000733733
2,224,stale,89117.5431379,89117.5454614,,
3,224,stale,89117.5431395,89117.5454599,,
1,224,stale,89117.5433098,89117.5454075,,
0,224,stale,89117.5433436,89117.5454168,,
1,225,completed,89117.5747984,89117.5766346,89117.6035802,28.781799992430024
2,225,completed,89117.5746869,89117.5765377,89117.6204435,45.75659999682102
5,225,stale,89117.5747045,89117.5767317,,
0,225,stale,89117.5746982,89117.5767317,,
4,225,stale,89117.5748721,89117.5766975,,
3,225,stale,89117.5746865,89117.5764951,,
3,226,completed,89117.6027298,89117.6046799,89117.637021,34.29120000510011
0,226,completed,89117.6026075,89117.6044775,89117.6537317,51.124200006597675
2,226,stale,89117.6029148,89117.6046875,,
5,226,stale,89117.602621,89117.6042221,,
4,226,stale,89117.6026821,89117.6046336,,
1,226,stale,89117.602831,89117.6047248,,
4,227,completed,89117.6439811,89117.6460725,89117.6702269,26.245799992466345
5,227,completed,89117.6438292,89117.6459477,89117.6865395,42.71030001109466
2,227,stale,89117.6438071,89117.6457079,,
3,227,stale,89117.643764,89117.6458574,,
0,227,stale,89117.643897,89117.6459135,,
1,227,stale,89117.6440919,89117.6461239,,
2,228,completed,89117.6779654,89117.6798774,89117.7030458,25.08039999520406
1,228,completed,89117.6779424,89117.6800562,89117.7209752,43.0328000074951
3,228,stale,89117.6780092,89117.6800093,,
0,228,stale,89117.6780527,89117.6800454,,
5,228,stale,89117.6783277,89117.6802162,,
4,228,stale,89117.6780876,89117.6800733,,
3,229,completed,89117.7122097,89117.7145684,89117.7389012,26.691500010201707
1,229,stale,89117.7125138,89117.7149102,,
5,229,stale,89117.7122795,89117.7149034,,
0,229,stale,89117.7123435,89117.7148776,,
2,229,stale,89117.712299,89117.7149181,,
4,229,stale,89117.7127256,89117.71499,,
0,230,completed,89117.7379205,89117.7399666,89117.758331,20.41050000116229
4,230,completed,89117.7381236,89117.7401218,89117.774089,35.96540000580717
5,230,completed,89117.7380328,89117.740001,89117.7898686,51.83579999720678
2,230,stale,89117.7380776,89117.7401146,,
1,230,stale,89117.7379205,89117.7399609,,
3,230,stale,89117.7379596,89117.7398459,,
2,231,completed,89117.7818852,89117.7838138,89117.8063177,24.43249999487307
1,231,completed,89117.781996,89117.7840114,89117.8237873,41.79129999829456
0,231,stale,89117.7819151,89117.7839061,,
4,231,stale,89117.7820768,89117.7840741,,
3,231,stale,89117.7820911,89117.7841409,,
5,231,stale,89117.781907,89117.7839073,,
3,232,completed,89117.8158865,89117.8179138,89117.8407772,24.890700005926192
5,232,completed,89117.8159778,89117.8180261,89117.85687,40.892200006055646
0,232,stale,89117.8160418,89117.8179054,,
1,232,stale,89117.8158487,89117.8175858,,
2,232,stale,89117.8159311,89117.8179627,,
4,232,stale,89117.8158652,89117.8178862,,
0,233,completed,89117.8490989,89117.8514937,89117.8733991,24.300200006109662
4,233,completed,89117.8491461,89117.8518434,89117.889509,40.36290000658482
3,233,stale,89117.8491154,89117.851914,,
1,233,stale,89117.8492254,89117.8517383,,
5,233,stale,89117.8492847,89117.8517837,,
2,233,stale,89117.8493259,89117.8518059,,
1,234,completed,89117.8798913,89117.881879,89117.9059256,26.034299997263588
2,234,completed,89117.880024,89117.8820292,89117.9222166,42.19259999808855
3,234,stale,89117.8798534,89117.8816335,,
0,234,stale,89117.8800187,89117.8820133,,
4,234,stale,89117.8798862,89117.8818684,,
5,234,stale,89117.8801129,89117.881945,,
5,235,completed,89117.911764,89117.9143923,89117.9391735,27.409499991335906
3,235,completed,89117.9115103,89117.9137283,89117.9552644,43.754100013757125
0,235,stale,89117.9116256,89117.9140286,,
2,235,stale,89117.9118581,89117.91421,,
1,235,stale,89117.9116595,89117.9141927,,
4,235,stale,89117.9115723,89117.9141224,,
4,236,completed,89117.9479984,89117.9499578,89117.9717508,23.75239999673795
0,236,completed,89117.9478239,89117.9497461,89117.9876899,39.86599999188911
1,236,stale,89117.9478341,89117.9497638,,
3,236,stale,89117.9478484,89117.9498367,,
2,236,stale,89117.9479526,89117.9499296,,
5,236,stale,89117.9478925,89117.9499269,,
1,237,completed,89117.9788018,89117.9805829,89118.0043408,25.53900000930298
2,237,completed,89117.978701,89117.9807672,89118.0204696,41.768600000068545
0,237,stale,89117.978726,89117.9805984,,
4,237,stale,89117.9786996,89117.9804328,,
5,237,stale,89117.9786464,89117.9808765,,
3,237,stale,89117.9786097,89117.9806799,,
3,238,completed,89118.0104933,89118.0125645,89118.0368494,26.356100002885796
5,238,completed,89118.0104522,89118.0124558,89118.0529638,42.511599996942095
0,238,stale,89118.0105127,89118.01238,,
2,238,stale,89118.0104524,89118.0124566,,
4,238,stale,89118.0105898,89118.0124968,,
1,238,stale,89118.0106035,89118.0124986,,
4,239,completed,89118.0414274,89118.0434265,89118.0695672,28.139799993368797
0,239,completed,89118.0412651,89118.0431385,89118.0854971,44.232000000192784
2,239,stale,89118.0413708,89118.0433797,,
5,239,stale,89118.0412685,89118.0433553,,
3,239,stale,89118.0413186,89118.0433549,,
1,239,stale,89118.0415002,89118.043542,,
1,240,completed,89118.0728776,89118.0750608,89118.1019175,29.039899993222207
2,240,completed,89118.0729627,89118.0748626,89118.1180033,45.04060000181198
3,240,stale,89118.0731835,89118.0750878,,
4,240,stale,89118.072875,89118.0745247,,
5,240,stale,89118.0730688,89118.0750771,,
0,240,stale,89118.0729356,89118.0750044,,
3,241,completed,89118.1040056,89118.1059351,89118.1349436,30.93799999624025
5,241,completed,89118.1042467,89118.1060391,89118.1513358,47.089100000448525
4,241,completed,89118.1040291,89118.1059951,89118.1682756,64.24649999826215
2,241,stale,89118.1040753,89118.106055,,
0,241,stale,89118.1042209,89118.1060956,,
1,241,stale,89118.1039563,89118.105429,,
0,242,completed,89118.1504898,89118.1525652,89118.1847999,34.31010000349488
3,242,stale,89118.1503911,89118.1524513,,
5,242,stale,89118.1505603,89118.1526677,,
4,242,stale,89118.1504129,89118.1525968,,
1,242,stale,89118.1505952,89118.1525798,,
2,242,stale,89118.1503699,89118.1524109,,
1,243,completed,89118.1825187,89118.1848241,89118.2011171,18.59839999815449
2,243,completed,89118.1828426,89118.1848217,89118.2169873,34.14469999552239
3,243,stale,89118.182473,89118.1846187,,
5,243,stale,89118.1824589,89118.1845579,,
0,243,stale,89118.1826594,89118.1847775,,
4,243,stale,89118.1825527,89118.1846662,,
3,244,completed,89118.2132941,89118.2149694,89118.2338472,20.553099995595403
4,244,completed,89118.2132711,89118.2153745,89118.2496321,36.361000005854294
5,244,stale,89118.2133203,89118.2152118,,
2,244,stale,89118.2134751,89118.2153878,,
1,244,stale,89118.2134497,89118.2152851,,
0,244,stale,89118.2133741,89118.2152853,,
5,245,completed,89118.2380729,89118.2398467,89118.2671816,29.108699993230402
0,245,completed,89118.2381558,89118.240229,89118.2833429,45.18709999683779
1,245,completed,89118.238191,89118.2402002,89118.3011622,62.97120000817813
4,245,stale,89118.238282,89118.24033,,
3,245,stale,89118.238393,89118.2402154,,
2,245,stale,89118.2380453,89118.2397839,,
2,246,completed,89118.2836864,89118.285605,89118.317923,34.2365999968024
4,246,stale,89118.2832169,89118.2848481,,
5,246,stale,89118.2836188,89118.2856404,,
3,246,stale,89118.2837026,89118.2856067,,
1,246,stale,89118.2832876,89118.2853845,,
0,246,stale,89118.2830839,89118.2851429,,
3,247,completed,89118.3149819,89118.3166921,89118.3343994,19.417500006966293
4,247,completed,89118.3146973,89118.3163882,89118.3505474,35.850100000971
2,247,stale,89118.3147646,89118.3166919,,
0,247,stale,89118.3151203,89118.3168257,,
1,247,stale,89118.3150086,89118.31671,,
5,247,stale,89118.3149438,89118.3165807,,
0,248,completed,89118.346162,89118.348434,89118.3673551,21.19309999397956
1,248,completed,89118.3461133,89118.3484254,89118.3829999,36.88660000625532
3,248,stale,89118.3461749,89118.3482806,,
5,248,stale,89118.3464764,89118.348586,,
2,248,stale,89118.3462085,89118.3483879,,
4,248,stale,89118.346337,89118.3484944,,
5,249,completed,89118.3783034,89118.3803156,89118.3994744,21.171000000322238
2,249,completed,89118.3782832,89118.3803088,89118.415547,37.263799997163005
3,249,stale,89118.3780066,89118.3797163,,
4,249,stale,89118.3784224,89118.3803496,,
1,249,stale,89118.3784601,89118.380264,,
0,249,stale,89118.3781914,89118.3802295,,
3,250,completed,89118.4091036,89118.4101862,89118.4326588,23.555199994007125
4,250,completed,89118.4092459,89118.4108145,89118.4496218,40.37590000370983
0,250,stale,89118.4096146,89118.4112515,,
2,250,stale,89118.4096171,89118.4112515,,
5,250,stale,89118.409476,89118.4111946,,
1,250,stale,89118.4094958,89118.4112084,,
1,251,completed,89118.440774,89118.4428656,89118.4665441,25.77009999367874
0,251,completed,89118.4403016,89118.4419347,89118.4826978,42.39620000589639
5,251,stale,89118.4406948,89118.4428161,,
4,251,stale,89118.4407458,89118.4427296,,
2,251,stale,89118.440325,89118.4422011,,
3,251,stale,89118.440876,89118.4428104,,
5,252,completed,89118.4720294,89118.4739919,89118.4993805,27.351099997758865
2,252,completed,89118.4725699,89118.4744422,89118.5154459,42.876000006799586
0,252,stale,89118.472508,89118.4744169,,
4,252,stale,89118.4720563,89118.4741065,,
3,252,stale,89118.4726441,89118.4745508,,
1,252,stale,89118.4726122,89118.4745523,,
4,253,completed,89118.5041704,89118.5061947,89118.5320552,27.88480000162963
3,253,completed,89118.5040918,89118.5062517,89118.5478989,43.80709999531973
5,253,stale,89118.5043341,89118.5063102,,
1,253,stale,89118.5040615,89118.5062347,,
0,253,stale,89118.5040098,89118.5061391,,
2,253,stale,89118.5037278,89118.5050511,,
0,254,completed,89118.5350723,89118.5370773,89118.5648679,29.79559999948833
1,254,completed,89118.5346974,89118.5368621,89118.5812727,46.57530000258703
2,254,stale,89118.5350372,89118.5370721,,
4,254,stale,89118.5350381,89118.5370245,,
2,255,completed,89118.5669708,89118.5681949,89118.6001276,33.15679999650456
5,254,stale,89118.534635,89118.5366073,,
3,254,stale,89118.5346329,89118.5364003,,
5,255,completed,89118.5819596,89118.5831696,89118.6163427,34.38310000638012
3,255,completed,89118.5819814,89118.5831699,89118.6344287,52.4472999968566
1,255,stale,89118.5670188,89118.5683944,,
0,255,stale,89118.5670761,89118.5683816,,
4,255,stale,89118.5670037,89118.5683502,,
4,256,completed,89118.6168706,89118.6193699,89118.6506656,33.79499999573454
3,256,stale,89118.6164558,89118.6186328,,
1,256,stale,89118.6164928,89118.6189499,,
2,256,stale,89118.6168248,89118.6193561,,
5,256,stale,89118.6169715,89118.6193136,,
0,256,stale,89118.6166057,89118.6190792,,
0,257,completed,89118.6386109,89118.6406457,89118.667744,29.133100004401058
1,257,completed,89118.6383566,89118.6403405,89118.6837074,45.35080000641756
3,257,stale,89118.6382674,89118.6401663,,
4,257,stale,89118.6384532,89118.6406021,,
2,257,stale,89118.6384163,89118.6404355,,
5,257,stale,89118.6385064,89118.6405295,,
3,258,completed,89118.6695764,89118.6713861,89118.6999584,30.38199999718927
5,258,completed,89118.669861,89118.67179,89118.7160627,46.201699995435774
2,258,completed,89118.6696982,89118.6717408,89118.7327166,63.018400003784336
4,258,stale,89118.6696003,89118.6716378,,
0,258,stale,89118.6696771,89118.6717332,,
1,258,stale,89118.6698628,89118.6717125,,
4,259,completed,89118.7148943,89118.716915,89118.7490922,34.19789999315981
0,259,stale,89118.7150233,89118.7169311,,
3,259,stale,89118.714954,89118.7171245,,
2,259,stale,89118.7151437,89118.7170119,,
5,259,stale,89118.7148948,89118.7168548,,
1,259,stale,89118.7150534,89118.7170584,,
1,260,completed,89118.741095,89118.7427057,89118.7659541,24.859099998138845
0,260,completed,89118.7403927,89118.7424042,89118.7826826,42.28989999683108
5,260,stale,89118.7405038,89118.7425278,,
3,260,stale,89118.7404273,89118.7425321,,
2,260,stale,89118.7405472,89118.742556,,
4,260,stale,89118.7404115,89118.7424097,,
5,261,completed,89118.7706463,89118.7724109,89118.7990933,28.44699998968281
2,261,completed,89118.7709635,89118.7727733,89118.8151011,44.137599994428456
0,261,stale,89118.7708582,89118.7727385,,
4,261,stale,89118.7707422,89118.7727481,,
3,261,stale,89118.770693,89118.7725755,,
1,261,stale,89118.7707099,89118.7726628,,
3,262,completed,89118.80188,89118.8039843,89118.8317684,29.888400007621385
4,262,completed,89118.8019224,89118.8038471,89118.8477144,45.792000004439615
1,262,completed,89118.802089,89118.8042184,89118.8646965,62.60749998909887
2,262,stale,89118.8019934,89118.8041476,,
0,262,stale,89118.8019062,89118.8038018,,
5,262,stale,89118.8021361,89118.8042208,,
0,263,completed,89118.8467957,89118.8492609,89118.8817887,34.99300000839867
2,263,stale,89118.8461817,89118.8482679,,
5,263,stale,89118.8467886,89118.8492734,,
1,263,stale,89118.8462767,89118.8488779,,
4,263,stale,89118.846766,89118.8492696,,
3,263,stale,89118.8467899,89118.8491033,,
2,264,completed,89118.8776599,89118.879551,89118.8986748,21.01490000495687
5,264,completed,89118.8776543,89118.8796204,89118.9150285,37.374200008343905
3,264,stale,89118.8784058,89118.8801482,,
1,264,stale,89118.8782576,89118.880122,,
4,264,stale,89118.87839,89118.8801502,,
0,264,stale,89118.878306,89118.8801279,,
1,265,completed,89118.9097337,89118.9112977,89118.9315044,21.77069999743253
3,265,completed,89118.9095801,89118.9111487,89118.9474667,37.88660001009703
2,265,stale,89118.9095482,89118.9110474,,
4,265,stale,89118.909683,89118.9112892,,
0,265,stale,89118.9098268,89118.9113497,,
5,265,stale,89118.9091495,89118.9097726,,
4,266,completed,89118.940455,89118.9434041,89118.9639002,23.445200000423938
0,266,completed,89118.9406025,89118.9434443,89118.9801685,39.56599999219179
5,266,stale,89118.9407908,89118.9434754,,
1,266,stale,89118.9404838,89118.9432479,,
2,266,stale,89118.9405397,89118.9433243,,
3,266,stale,89118.9404023,89118.9431262,,
5,267,completed,89118.9722004,89118.9746921,89118.9970692,24.868799999239855
2,267,completed,89118.97261,89118.9759026,89119.0130723,40.46230000676587
4,267,stale,89118.9725619,89118.975883,,
0,267,stale,89118.9725971,89118.9759481,,
1,267,stale,89118.972229,89118.9751094,,
3,267,stale,89118.9726973,89118.9759188,,
3,268,completed,89119.0043672,89119.0070951,89119.0295685,25.20129999902565
1,268,completed,89119.0043802,89119.0070945,89119.0455187,41.1385000043083
2,268,stale,89119.0040003,89119.0065978,,
4,268,stale,89119.0038815,89119.0062729,,
0,268,stale,89119.0043119,89119.0069514,,
5,268,stale,89119.0044135,89119.0069991,,
4,269,completed,89119.0356732,89119.037995,89119.0618891,26.215900012175553
0,269,completed,89119.0360249,89119.0382773,89119.0781735,42.14860001229681
2,269,completed,89119.0356261,89119.0378172,89119.0945636,58.937499998137355
5,269,stale,89119.036077,89119.0383891,,
1,269,stale,89119.0364229,89119.0384828,,
3,269,stale,89119.0363361,89119.0384352,,
5,270,completed,89119.0838519,89119.0861896,89119.111301,27.44910000183154
3,270,completed,89119.0839063,89119.0863937,89119.1270143,43.10799999802839
0,270,stale,89119.0839915,89119.0864593,,
1,270,stale,89119.0838219,89119.0862191,,
2,270,stale,89119.0841313,89119.086351,,
4,270,stale,89119.0840884,89119.0864516,,
1,271,completed,89119.1155929,89119.1173721,89119.1435746,27.981700011878274
2,271,completed,89119.1157065,89119.1175459,89119.1601525,44.44599999987986
4,271,stale,89119.1158145,89119.1176295,,
0,271,stale,89119.1156361,89119.1173302,,
5,271,stale,89119.1155788,89119.1176237,,
3,271,stale,89119.1157793,89119.1177551,,
0,272,completed,89119.146822,89119.1487824,89119.1764086,29.586600008769892
4,272,completed,89119.1468578,89119.1487884,89119.1921361,45.27829999278765
3,272,stale,89119.1471236,89119.1490304,,
2,272,stale,89119.146977,89119.1489726,,
5,272,stale,89119.1469377,89119.1489093,,
1,272,stale,89119.1467841,89119.1488004,,
5,273,completed,89119.1800282,89119.1823402,89119.2089204,28.89219998905901
3,273,completed,89119.1798132,89119.1817682,89119.2254801,45.666899997740984
0,273,stale,89119.1801288,89119.1823694,,
1,273,stale,89119.1800788,89119.1823466,,
4,273,stale,89119.1801886,89119.1823838,,
2,273,stale,89119.1800176,89119.1821114,,
1,274,completed,89119.2110568,89119.2127881,89119.2425423,31.4854999887757
2,274,completed,89119.211482,89119.2130297,89119.2601064,48.62440000579227
4,274,stale,89119.2114411,89119.2129938,,
3,274,stale,89119.21107,89119.2124996,,
5,274,stale,89119.2115237,89119.2130424,,
0,274,stale,89119.2110465,89119.2127107,,
0,275,completed,89119.2422205,89119.244549,89119.2766505,34.42999999970198
1,275,stale,89119.2422823,89119.2444614,,
3,275,stale,89119.2419556,89119.2443417,,
5,275,stale,89119.2420245,89119.2444855,,
4,275,stale,89119.2419702,89119.2442055,,
2,275,stale,89119.2420517,89119.244493,,
4,276,completed,89119.2738561,89119.2763516,89119.293522,19.665900006657466
3,276,completed,89119.2737025,89119.2762008,89119.3095516,35.84910000790842
0,276,stale,89119.2735167,89119.2762667,,
2,276,stale,89119.2736301,89119.276314,,
5,276,stale,89119.2735166,89119.276265,,
1,276,stale,89119.2735171,89119.2760349,,
5,277,completed,89119.3054645,89119.3072708,89119.3262214,20.756900004926138
2,277,completed,89119.3053144,89119.3071969,89119.3423405,37.026100006187335
3,277,stale,89119.3053891,89119.3072439,,
4,277,stale,89119.3049597,89119.3068305,,
0,277,stale,89119.3049371,89119.3061393,,
1,277,stale,89119.3052524,89119.3072874,,
1,278,completed,89119.3384471,89119.3410636,89119.3590625,20.615400004317053
0,278,completed,89119.3383734,89119.3408964,89119.3750129,36.639500001911074
5,278,stale,89119.3384279,89119.3410463,,
3,278,stale,89119.3379754,89119.340172,,
4,278,stale,89119.3380223,89119.3407701,,
2,278,stale,89119.3379394,89119.3403309,,
4,279,completed,89119.3694953,89119.3719571,89119.3917679,22.272600006544963
3,279,completed,89119.3695168,89119.3719037,89119.4083194,38.802600000053644
1,279,stale,89119.3697359,89119.3718521,,
5,279,stale,89119.3696748,89119.3718054,,
2,279,stale,89119.3694953,89119.371909,,
0,279,stale,89119.3695364,89119.37198,,
2,280,completed,89119.4018676,89119.4040211,89119.4249632,23.095600001397543
5,280,completed,89119.4017443,89119.4039897,89119.4410363,39.2920000012964
1,280,completed,89119.4017177,89119.4039713,89119.4572903,55.572599987499416
0,280,stale,89119.4015796,89119.4040231,,
4,280,stale,89119.4015806,89119.4037402,,
3,280,stale,89119.4016115,89119.4037317,,
0,281,completed,89119.4481464,89119.4500028,89119.4736547,25.50830000836868
3,281,completed,89119.4483141,89119.450332,89119.4895877,41.27359999984037
5,281,stale,89119.4483312,89119.4503332,,
1,281,stale,89119.4482024,89119.4502741,,
4,281,stale,89119.4482203,89119.4502859,,
2,281,stale,89119.4481807,89119.449975,,
4,282,completed,89119.4794802,89119.4813232,89119.5058339,26.353699999162927
2,282,completed,89119.4795748,89119.4814143,89119.5218042,42.22940000181552
3,282,stale,89119.4795289,89119.4815044,,
0,282,stale,89119.479694,89119.4815492,,
5,282,stale,89119.4794137,89119.4811685,,
1,282,stale,89119.4794381,89119.4812932,,
1,283,completed,89119.5109994,89119.5131066,89119.5380142,27.01480001269374
5,283,completed,89119.5109683,89119.5130224,89119.5541646,43.196300001000054
2,283,stale,89119.5110851,89119.5132042,,
3,283,stale,89119.5108811,89119.5129315,,
4,283,stale,89119.5108953,89119.5129924,,
0,283,stale,89119.5108653,89119.512902,,
3,284,completed,89119.5421189,89119.5442485,89119.5706709,28.551999988849275
0,284,stale,89119.5419805,89119.5444564,,
4,284,stale,89119.5420114,89119.5443789,,
1,284,stale,89119.5419404,89119.544152,,
2,284,stale,89119.5419364,89119.5439648,,
5,284,stale,89119.5419502,89119.544284,,
0,285,completed,89119.5681817,89119.5701124,89119.5873192,19.137499999487773
4,285,completed,89119.5681814,89119.5702742,89119.6032692,35.08780000265688
2,285,completed,89119.5682727,89119.5704959,89119.6194957,51.22300000221003
1,285,stale,89119.5683667,89119.5705033,,
3,285,stale,89119.5682139,89119.5703378,,
5,285,stale,89119.5682379,89119.5704926,,
1,286,completed,89119.6114275,89119.6133095,89119.6360619,24.63440000428818
5,286,completed,89119.6115622,89119.6137237,89119.6542124,42.650199990021065
4,286,stale,89119.611464,89119.6134436,,
2,286,stale,89119.6116304,89119.6136383,,
3,286,stale,89119.611528,89119.6137021,,
0,286,stale,89119.6114886,89119.6134995,,
3,287,completed,89119.6362677,89119.6387481,89119.6707582,34.49049999471754
5,287,stale,89119.636313,89119.6385836,,
2,287,stale,89119.6362113,89119.6384415,,
0,287,stale,89119.6362543,89119.6387422,,
1,287,stale,89119.6363533,89119.63862,,
4,287,stale,89119.6362103,89119.6384238,,
4,288,completed,89119.6684557,89119.6703724,89119.6868765,18.420799999148585
0,288,completed,89119.668522,89119.670398,89119.7026535,34.13149999687448
2,288,completed,89119.6682743,89119.670258,89119.7183638,50.089500000467524
1,288,stale,89119.6682909,89119.6703636,,
3,288,stale,89119.6683807,89119.6704432,,
5,288,stale,89119.6683078,89119.6703707,,
5,289,completed,89119.7135418,89119.7156559,89119.7347717,21.229899997706525
1,289,completed,89119.7135751,89119.7154919,89119.7516306,38.0555000010645
3,289,stale,89119.7136512,89119.7156186,,
0,289,stale,89119.7139874,89119.7158307,,
4,289,stale,89119.7137489,89119.7157037,,
2,289,stale,89119.7135598,89119.7154618,,
3,290,completed,89119.7455131,89119.7479048,89119.7684904,22.97730000282172
2,290,completed,89119.7457458,89119.7480625,89119.7844873,38.74150000046939
1,290,stale,89119.7457827,89119.7480646,,
5,290,stale,89119.7455032,89119.7478897,,
4,290,stale,89119.7456506,89119.7480291,,
0,290,stale,89119.7455972,89119.7479825,,
4,291,completed,89119.7777547,89119.7805168,89119.8019635,24.208799994084984
0,291,completed,89119.778384,89119.7807699,89119.8180448,39.66080000100192
5,291,stale,89119.7781567,89119.7806469,,
2,291,stale,89119.7778635,89119.7806484,,
3,291,stale,89119.7776736,89119.78063,,
1,291,stale,89119.778116,89119.7806444,,
5,292,completed,89119.8074232,89119.8098015,89119.8345131,27.089899987913668
1,292,completed,89119.8077401,89119.8100249,89119.8505317,42.7915999898687
4,292,stale,89119.8077598,89119.80993,,
3,292,stale,89119.8074986,89119.8098659,,
0,292,stale,89119.8074637,89119.8097077,,
2,292,stale,89119.8075818,89119.8098571,,
2,293,completed,89119.8445677,89119.8464971,89119.8668678,22.300099997664802
3,293,completed,89119.8443728,89119.8463695,89119.8830003,38.627500005532056
1,293,stale,89119.8442134,89119.8463371,,
0,293,stale,89119.8442577,89119.8463938,,
4,293,stale,89119.8442959,89119.8462794,,
5,293,stale,89119.8442277,89119.8463098,,
0,294,completed,89119.8750543,89119.8770741,89119.899285,24.23070000077132
4,294,completed,89119.8751278,89119.8771282,89119.9152672,40.13940000731964
2,294,stale,89119.8749762,89119.8768581,,
1,294,stale,89119.8749757,89119.8768631,,
3,294,stale,89119.8750384,89119.8770107,,
5,294,stale,89119.8751534,89119.8771209,,
5,295,completed,89119.9058283,89119.9082461,89119.932155,26.32669999729842
1,295,completed,89119.9056571,89119.90814,89119.948166,42.508900005486794
2,295,stale,89119.9055501,89119.9080283,,
0,295,stale,89119.9058283,89119.9081919,,
3,295,stale,89119.9055365,89119.9081618,,
4,295,stale,89119.9055838,89119.908272,,
2,296,completed,89119.9393078,89119.9413943,89119.9644901,25.18229999986943
3,296,completed,89119.9395421,89119.9415608,89119.9801409,40.598800012958236
4,296,stale,89119.9394067,89119.9416118,,
0,296,stale,89119.9395032,89119.9415334,,
1,296,stale,89119.9393336,89119.9415403,,
5,296,stale,89119.9393336,89119.9415382,,
0,297,completed,89119.9693518,89119.9712305,89119.9968493,27.497500006575137
4,297,completed,89119.9692526,89119.9710659,89120.0127407,43.48809999646619
1,297,stale,89119.9694241,89119.9712573,,
2,297,stale,89119.9693085,89119.9711775,,
3,297,stale,89119.9692482,89119.971069,,
5,297,stale,89119.9693951,89119.9712835,,
5,298,completed,89120.0017074,89120.003385,89120.0290697,27.3622999957297
1,298,completed,89120.001517,89120.0030037,89120.0450219,43.504900007974356
3,298,completed,89120.0015776,89120.0033736,89120.0612191,59.64150000363588
4,298,stale,89120.002873,89120.0036726,,
2,298,stale,89120.0016545,89120.0033013,,
0,298,stale,89120.0015112,89120.003275,,
2,299,completed,89120.0476967,89120.049757,89120.0773542,29.657499995664693
0,299,completed,89120.0481125,89120.0498472,89120.0938382,45.72570000891574
5,299,stale,89120.0476393,89120.0493801,,
1,299,stale,89120.0478279,89120.0497048,,
3,299,stale,89120.0481002,89120.0498466,,
4,299,stale,89120.0476599,89120.0494578,,
4,300,completed,89120.0796428,89120.081227,89120.1107965,31.15369999432005
5,300,completed,89120.0793529,89120.080806,89120.129283,49.93010000907816
2,300,stale,89120.0791529,89120.0803023,,
0,300,stale,89120.07951,89120.0811689,,
3,300,stale,89120.0795648,89120.081206,,
1,300,stale,89120.0795757,89120.0812092,,
1,301,completed,89120.1109682,89120.1137034,89120.1455788,34.61060000699945
5,301,stale,89120.1113523,89120.113723,,
3,301,stale,89120.1111475,89120.1136313,,
4,301,stale,89120.1109682,89120.1137205,,
0,301,stale,89120.1109442,89120.1135354,,
2,301,stale,89120.1109443,89120.1134478,,
3,302,completed,89120.1359419,89120.1380453,89120.1619952,26.053300010971725
2,302,completed,89120.1360375,89120.1382504,89120.1783402,42.302700006985106
0,302,completed,89120.1360262,89120.1381956,89120.1941483,58.12210000294726
4,302,stale,89120.136166,89120.1381966,,
5,302,stale,89120.1359322,89120.1379978,,
1,302,stale,89120.1360624,89120.1382605,,
4,303,completed,89120.1820137,89120.1839664,89120.2106558,28.64209999097511
5,303,completed,89120.1821964,89120.1842159,89120.2274047,45.20829999819398
3,303,stale,89120.1821194,89120.1843354,,
2,303,stale,89120.1822689,89120.1843835,,
1,303,stale,89120.1820905,89120.1842979,,
0,303,stale,89120.1820533,89120.183934,,
1,304,completed,89120.2096966,89120.2117041,89120.2435624,33.865800010971725
0,304,completed,89120.2097541,89120.2118768,89120.2595984,49.844300010590814
3,304,stale,89120.2096056,89120.21146,,
5,304,stale,89120.2097889,89120.2120405,,
4,304,stale,89120.2098538,89120.2119009,,
2,304,stale,89120.209648,89120.2116765,,
3,305,completed,89120.2448106,89120.2469391,89120.2761195,31.308900011936203
0,305,stale,89120.2448868,89120.2470195,,
5,305,stale,89120.2448128,89120.2470826,,
4,305,stale,89120.2448095,89120.2470846,,
1,305,stale,89120.2449188,89120.2472102,,
2,305,stale,89120.2450976,89120.2472387,,
2,306,completed,89120.270045,89120.2720776,89120.2928225,22.777500009397045
4,306,completed,89120.2701514,89120.27212,89120.3101783,40.02690000925213
5,306,stale,89120.2701808,89120.27208,,
1,306,stale,89120.2700283,89120.2720905,,
3,306,stale,89120.2700085,89120.2720334,,
0,306,stale,89120.2699731,89120.271701,,
5,307,completed,89120.3073436,89120.3093858,89120.3266101,19.266500006779097
0,307,completed,89120.3076896,89120.3097027,89120.3426907,35.00109999731649
1,307,completed,89120.3073929,89120.3095623,89120.3589034,51.51050000858959
4,307,stale,89120.3073419,89120.309726,,
3,307,stale,89120.3075221,89120.3097125,,
2,307,stale,89120.3074473,89120.309649,,
3,308,completed,89120.3434267,89120.3455165,89120.3755751,32.148400001460686
5,308,stale,89120.343609,89120.345645,,
1,308,stale,89120.3434511,89120.345551,,
0,308,stale,89120.343556,89120.3456253,,
4,308,stale,89120.3434146,89120.3455606,,
2,308,stale,89120.3435063,89120.3455985,,
2,309,completed,89120.3715039,89120.3738682,89120.3921876,20.683700000518
4,309,completed,89120.3715976,89120.3738858,89120.4080925,36.49490000680089
1,309,completed,89120.3714222,89120.3735516,89120.4243908,52.96860000817105
3,309,stale,89120.3716363,89120.3738895,,
5,309,stale,89120.3713883,89120.3735268,,
0,309,stale,89120.3714002,89120.3737279,,
0,310,completed,89120.4134135,89120.4156804,89120.441061,27.64749999914784
5,310,completed,89120.413423,89120.4156828,89120.4575663,44.14329999417532
4,310,stale,89120.4130577,89120.4153906,,
3,310,stale,89120.4133064,89120.4154391,,
1,310,stale,89120.4129044,89120.4146946,,
2,310,stale,89120.4133599,89120.4155588,,
3,311,completed,89120.4396348,89120.441838,89120.4741858,34.551000004285015
1,311,completed,89120.4397269,89120.441836,89120.4907313,51.004399996600114
0,311,stale,89120.4395136,89120.4417641,,
2,311,stale,89120.4395912,89120.4419553,,
5,311,stale,89120.4394609,89120.4416399,,
4,311,stale,89120.4394911,89120.4416354,,
4,312,completed,89120.4780521,89120.4796608,89120.5078864,29.834299988579005
2,312,completed,89120.4776794,89120.4793052,89120.5246292,46.949799987487495
3,312,stale,89120.4778892,89120.4796658,,
1,312,stale,89120.4779105,89120.4796761,,
0,312,stale,89120.4775422,89120.4787682,,
5,312,stale,89120.4779823,89120.479597,,
5,313,completed,89120.5070283,89120.508988,89120.5417886,34.76030001183972
0,313,stale,89120.5068463,89120.5089243,,
1,313,stale,89120.5068318,89120.5088517,,
3,313,stale,89120.5067805,89120.5087233,,
0,314,completed,89120.5353857,89120.5364205,89120.5592826,23.8969000056386
4,313,stale,89120.5067694,89120.508692,,
2,313,stale,89120.5069781,89120.508978,,
1,314,completed,89120.5362905,89120.5389207,89120.5760822,39.79170000820886
3,314,completed,89120.5390501,89120.5422018,89120.5924731,53.423000004841015
2,314,stale,89120.5503347,89120.5513876,,
5,314,stale,89120.5503349,89120.5513233,,
4,314,stale,89120.5416197,89120.5429024,,
4,315,completed,89120.5827459,89120.5845704,89120.6090108,26.26490000693593
2,315,completed,89120.5821984,89120.5841588,89120.6257349,43.53649998665787
5,315,stale,89120.5822527,89120.5845413,,
0,315,stale,89120.5843559,89120.5850528,,
3,315,stale,89120.5823628,89120.5842834,,
1,315,stale,89120.5821835,89120.5840042,,
5,316,completed,89120.6140326,89120.6158932,89120.642531,28.498400002717972
0,316,stale,89120.6140325,89120.6159741,,
4,316,stale,89120.6140712,89120.6160073,,
2,316,stale,89120.6142008,89120.6162139,,
1,316,stale,89120.6141281,89120.616065,,
3,316,stale,89120.6140927,89120.6159802,,
1,317,completed,89120.638507,89120.6406065,89120.6589716,20.464600005652755
3,317,completed,89120.6384635,89120.6408539,89120.6752314,36.7679000046337
0,317,completed,89120.6384686,89120.6403552,89120.6917322,53.263599998899736
2,317,stale,89120.6384634,89120.6405581,,
4,317,stale,89120.6385977,89120.640548,,
5,317,stale,89120.6385472,89120.6406417,,
4,318,completed,89120.6801874,89120.6820078,89120.7082877,28.100300012738444
1,318,stale,89120.6796733,89120.6816136,,
5,318,stale,89120.6800339,89120.6820123,,
3,318,stale,89120.6797304,89120.6817208,,
2,318,stale,89120.6797828,89120.6818064,,
0,318,stale,89120.679644,89120.6816454,,
2,319,completed,89120.7035039,89120.7055315,89120.724791,21.28709999669809
5,319,completed,89120.7031717,89120.7054138,89120.7409531,37.78139999485575
1,319,completed,89120.703157,89120.7052166,89120.7568793,53.72229999920819
4,319,stale,89120.7032192,89120.7055285,,
3,319,stale,89120.7032606,89120.7055709,,
0,319,stale,89120.703397,89120.7056113,,
0,320,completed,89120.7450962,89120.7469849,89120.7738235,28.727299999445677
1,320,stale,89120.7449646,89120.7470128,,
4,320,stale,89120.7449222,89120.7467687,,
5,320,stale,89120.7450339,89120.7469359,,
3,320,stale,89120.744884,89120.7469123,,
2,320,stale,89120.7448638,89120.7466988,,
3,321,completed,89120.7695108,89120.7715424,89120.7903608,20.850000000791624
4,321,completed,89120.769438,89120.7713795,89120.8066292,37.191199997323565
2,321,completed,89120.7695105,89120.7715285,89120.8233115,53.80100000184029
0,321,stale,89120.7693604,89120.7711188,,
5,321,stale,89120.7695681,89120.7714695,,
1,321,stale,89120.7693943,89120.7712488,,
5,322,completed,89120.8081744,89120.8100204,89120.8395192,31.344800008810125
1,322,completed,89120.8082457,89120.8101283,89120.855452,47.20630000520032
2,322,stale,89120.8081383,89120.8100176,,
4,322,stale,89120.8083588,89120.810136,,
0,322,stale,89120.8080829,89120.8096083,,
3,322,stale,89120.8080948,89120.8099104,,
0,323,completed,89120.8457511,89120.847822,89120.871905,26.15390000573825
1,323,stale,89120.8456691,89120.8477654,,
5,323,stale,89120.8458268,89120.8477687,,
2,323,stale,89120.8456795,89120.8475716,,
4,323,stale,89120.8456522,89120.8475779,,
3,323,stale,89120.8459155,89120.8478208,,
3,324,completed,89120.8700494,89120.8721869,89120.8888388,18.789400011883117
2,324,completed,89120.8698417,89120.8719284,89120.9050715,35.22980000707321
4,324,completed,89120.8698762,89120.872052,89120.9224257,52.549500003806315
5,324,stale,89120.8698418,89120.871968,,
1,324,stale,89120.8698969,89120.8719353,,
0,324,stale,89120.869996,89120.8720997,,
5,325,completed,89120.9059756,89120.9081461,89120.938597,32.621399994241074
1,325,completed,89120.9060671,89120.9082752,89120.9548209,48.753800001577474
3,325,stale,89120.9058639,89120.9078151,,
0,325,stale,89120.9060281,89120.9082654,,
2,325,stale,89120.9061169,89120.908139,,
4,325,stale,89120.9059106,89120.9080305,,
0,326,completed,89120.948788,89120.9514564,89120.97137,22.582000005058944
3,326,completed,89120.9487883,89120.9514453,89120.9874871,38.69880001002457
4,326,stale,89120.9490777,89120.9516711,,
5,326,stale,89120.9488566,89120.9515586,,
1,326,stale,89120.9488986,89120.9513438,,
2,326,stale,89120.9489798,89120.9515044,,
4,327,completed,89120.9740611,89120.9759302,89121.0040352,29.97410000534728
2,327,completed,89120.9741039,89120.9764431,89121.0200589,45.95500000868924
3,327,stale,89120.9743368,89120.9765715,,
5,327,stale,89120.974143,89120.9762212,,
1,327,stale,89120.9741911,89120.9763578,,
0,327,stale,89120.9742829,89120.9764568,,
1,328,completed,89121.0125495,89121.0146357,89121.0364374,23.887900009867735
5,328,completed,89121.012518,89121.0146394,89121.0546875,42.16949999681674
4,328,stale,89121.0124181,89121.0145121,,
2,328,stale,89121.0123202,89121.0143947,,
3,328,stale,89121.0122895,89121.0145355,,
0,328,stale,89121.0123413,89121.0146744,,
0,329,completed,89121.0365306,89121.0391156,89121.0710398,34.50919999158941
3,329,completed,89121.0365872,89121.0390608,89121.0890471,52.459900005487725
2,329,stale,89121.0364641,89121.0390388,,
5,329,stale,89121.0366808,89121.0391124,,
4,329,stale,89121.036457,89121.0387431,,
1,329,stale,89121.0364785,89121.0387886,,
4,330,completed,89121.0716103,89121.0746117,89121.1057665,34.15619999577757
2,330,stale,89121.0715874,89121.0744509,,
0,330,stale,89121.0715585,89121.074522,,
2,331,completed,89121.100857,89121.1015847,89121.1221946,21.337600002880208
1,330,stale,89121.0717177,89121.0746408,,
3,330,stale,89121.0717892,89121.0748338,,
5,330,stale,89121.0716552,89121.0746208,,
1,331,completed,89121.1068183,89121.1078092,89121.1384588,31.64049999031704
0,331,stale,89121.1008584,89121.1015855,,
5,331,stale,89121.1069085,89121.108106,,
4,331,stale,89121.1068668,89121.1082064,,
3,331,stale,89121.1068471,89121.1080573,,
5,332,completed,89121.1374309,89121.139029,89121.1555967,18.165800007409416
0,332,completed,89121.1336828,89121.1340765,89121.1716012,37.91839999030344
3,332,completed,89121.1374912,89121.1391979,89121.1879262,50.43499999737833
4,332,stale,89121.1374515,89121.1391336,,
1,332,stale,89121.137513,89121.1392321,,
2,332,stale,89121.137557,89121.139154,,
4,333,completed,89121.1702191,89121.1721817,89121.2040858,33.866700003272854
2,333,completed,89121.1702729,89121.1723725,89121.2202251,49.95220000273548
1,333,stale,89121.1701522,89121.17217,,
3,333,stale,89121.1703263,89121.1723934,,
0,333,stale,89121.1701521,89121.1721712,,
5,333,stale,89121.1704273,89121.1723347,,
1,334,completed,89121.2101801,89121.2120382,89121.2367708,26.590699999360368
0,334,completed,89121.2101676,89121.2122339,89121.2530619,42.89430000062566
5,334,stale,89121.2102592,89121.2123214,,
3,334,stale,89121.2102831,89121.2122563,,
2,334,stale,89121.2104593,89121.2122903,,
4,334,stale,89121.2102635,89121.2121735,,
5,335,completed,89121.2379284,89121.2397648,89121.2693328,31.404399996972643
3,335,completed,89121.237884,89121.2398688,89121.2853169,47.432899998966604
0,335,stale,89121.238014,89121.2401279,,
4,335,stale,89121.238078,89121.2400977,,
2,335,stale,89121.2379466,89121.2400203,,
1,335,stale,89121.2379808,89121.2400782,,
4,336,completed,89121.2726513,89121.2744589,89121.3018287,29.177400007029064
0,336,stale,89121.2726716,89121.27429,,
2,336,completed,89121.2727743,89121.2746581,89121.3178405,45.06620000756811
1,336,stale,89121.2729278,89121.274689,,
5,336,stale,89121.2726277,89121.2744947,,
3,336,stale,89121.2728099,89121.2745997,,
1,337,completed,89121.3054409,89121.3068283,89121.3349649,29.523999997763894
0,337,completed,89121.3003739,89121.3007253,89121.3515372,51.163299998734146
2,337,stale,89121.3054755,89121.3068674,,
4,337,stale,89121.3055241,89121.3070394,,
5,337,stale,89121.3055595,89121.3071623,,
3,337,stale,89121.3055849,89121.3072236,,
5,338,completed,89121.3374442,89121.3395144,89121.3684849,31.040699992445298
3,338,completed,89121.3376578,89121.3395947,89121.3844563,46.798499999567866
2,338,stale,89121.3373611,89121.3392517,,
4,338,stale,89121.3374103,89121.3394714,,
1,338,stale,89121.3376023,89121.339589,,
0,338,stale,89121.3373308,89121.3390574,,
2,339,completed,89121.3780903,89121.3803674,89121.4009931,22.90280000306666
4,339,completed,89121.3781395,89121.3803794,89121.4169009,38.76140000647865
1,339,stale,89121.3780323,89121.3803923,,
0,339,stale,89121.3780211,89121.3804659,,
5,339,stale,89121.378027,89121.3803166,,
3,339,stale,89121.3782305,89121.3804482,,
0,340,completed,89121.4023017,89121.4041599,89121.4335889,31.287200006772764
1,340,completed,89121.4021724,89121.403919,89121.4501131,47.94069999479689
5,340,stale,89121.4023975,89121.4041895,,
4,340,stale,89121.4022151,89121.4039813,,
3,340,stale,89121.402272,89121.404361,,
2,340,stale,89121.4022263,89121.4042929,,
5,341,completed,89121.439471,89121.4418007,89121.4669295,27.4585000006482
3,341,completed,89121.4394024,89121.441838,89121.4829816,43.579199991654605
1,341,stale,89121.4394425,89121.441852,,
4,341,stale,89121.4395543,89121.4418656,,
2,341,stale,89121.4396103,89121.4420173,,
0,341,stale,89121.4394026,89121.4418369,,
4,342,completed,89121.474061,89121.4764039,89121.4991715,25.110500006121583
2,342,completed,89121.4741711,89121.4764634,89121.5152931,41.122000009636395
3,342,stale,89121.4740609,89121.4763732,,
0,342,stale,89121.4741386,89121.4764478,,
5,342,stale,89121.474208,89121.4763721,,
1,342,stale,89121.4740826,89121.4761897,,
1,343,completed,89121.5019642,89121.5038204,89121.5317526,29.78840000287164
0,343,completed,89121.5017612,89121.5036794,89121.5483577,46.59650000394322
3,343,stale,89121.5018397,89121.5035908,,
5,343,stale,89121.5019409,89121.5038213,,
2,343,stale,89121.5018191,89121.5035923,,
4,343,stale,89121.5017501,89121.5036617,,
3,344,completed,89121.5459858,89121.5480433,89121.5646054,18.619599999510683
5,344,completed,89121.545957,89121.5480126,89121.5812809,35.32390001055319
2,344,stale,89121.5461764,89121.5481107,,
4,344,stale,89121.5460326,89121.5481731,,
0,344,stale,89121.5459143,89121.5478712,,
1,344,stale,89121.5458672,89121.5480538,,
2,345,completed,89121.5797055,89121.5812448,89121.5981543,18.44879999407567
4,345,completed,89121.5796663,89121.5817159,89121.6142322,34.565900001325645
3,345,stale,89121.5797567,89121.5814042,,
5,345,stale,89121.5798653,89121.5816373,,
0,345,stale,89121.5799724,89121.5817279,,
1,345,stale,89121.5798269,89121.5818183,,
0,346,completed,89121.6104419,89121.6122838,89121.6308274,20.385499999974854
1,346,completed,89121.6105091,89121.6123676,89121.6466078,36.098699987633154
5,346,stale,89121.6103233,89121.6122232,,
2,346,stale,89121.6106476,89121.6124277,,
3,346,stale,89121.6103262,89121.6120047,,
4,346,stale,89121.6104015,89121.6123527,,
3,347,completed,89121.6421623,89121.6441612,89121.6629188,20.756499987328425
5,347,completed,89121.6423772,89121.6442643,89121.67891,36.532800004351884
2,347,stale,89121.6421607,89121.6442425,,
4,347,stale,89121.6421717,89121.6443281,,
1,347,stale,89121.6422412,89121.6444466,,
0,347,stale,89121.6423443,89121.644392,,
4,348,completed,89121.6726317,89121.6744814,89121.6955339,22.902199998497963
2,348,completed,89121.6726745,89121.674393,89121.7115974,38.92289999930654
5,348,stale,89121.6725646,89121.6740585,,
1,348,stale,89121.6729212,89121.6746407,,
3,348,stale,89121.6726028,89121.674425,,
0,348,stale,89121.6728029,89121.6746876,,
0,349,completed,89121.7040048,89121.7061752,89121.7280975,24.092699997709133
1,349,completed,89121.7040952,89121.7059966,89121.7439648,39.86960000474937
2,349,stale,89121.7039291,89121.7060555,,
4,349,stale,89121.7041517,89121.7061301,,
3,349,stale,89121.7039287,89121.7060049,,
5,349,stale,89121.7039596,89121.7058378,,
5,350,completed,89121.7377719,89121.7399327,89121.7607346,22.962699993513525
3,350,completed,89121.7376301,89121.739829,89121.7766972,39.067099991370924
2,350,completed,89121.7375927,89121.7395842,89121.7928205,55.22780001047067
1,350,stale,89121.7378749,89121.7399769,,
0,350,stale,89121.7376783,89121.7397115,,
4,350,stale,89121.7375846,89121.7397788,,
4,351,completed,89121.7798158,89121.7817766,89121.8097011,29.885300013120286
0,351,completed,89121.7797538,89121.781786,89121.8274533,47.699499991722405
3,351,stale,89121.7798422,89121.7817947,,
2,351,stale,89121.779638,89121.7814998,,
5,351,stale,89121.7796918,89121.7816878,,
1,351,stale,89121.7796559,89121.7816119,,
1,352,completed,89121.8099931,89121.812238,89121.8445168,34.52370000013616
2,352,completed,89121.8099132,89121.8121207,89121.8606027,50.689499999862164
4,352,stale,89121.8097829,89121.8120942,,
0,352,stale,89121.8098129,89121.8121968,,
3,352,stale,89121.809796,89121.8121001,,
5,352,stale,89121.8097878,89121.8120322,,
5,353,completed,89121.8478546,89121.8500996,89121.8771697,29.315100007806905
3,353,completed,89121.8477552,89121.8500124,89121.8935611,45.805900008417666
0,353,stale,89121.8479752,89121.850017,,
2,353,stale,89121.8479154,89121.8499955,,
4,353,stale,89121.8477811,89121.8496909,,
1,353,stale,89121.8480255,89121.8500787,,
4,354,completed,89121.8791824,89121.8811182,89121.9100108,30.828399991150945
0,354,completed,89121.879152,89121.8808731,89121.9260773,46.92530000465922
2,354,stale,89121.8792008,89121.8809478,,
1,354,stale,89121.8792177,89121.8811796,,
5,354,stale,89121.8793328,89121.8812216,,
3,354,stale,89121.8792945,89121.8812004,,
2,355,completed,89121.9108601,89121.9126506,89121.942769,31.908899996778928
1,355,stale,89121.910878,89121.9126873,,
5,355,stale,89121.9109738,89121.9127913,,
0,355,stale,89121.9108124,89121.9125255,,
4,355,stale,89121.9110292,89121.9129564,,
3,355,stale,89121.9109341,89121.9129585,,
1,356,completed,89121.9412837,89121.9430019,89121.9602014,18.91769999929238
3,356,completed,89121.941715,89121.9438794,89121.9764206,34.70560000278056
4,356,stale,89121.9417672,89121.9438922,,
0,356,stale,89121.9417984,89121.9438928,,
2,356,stale,89121.9416435,89121.9437624,,
5,356,stale,89121.9413093,89121.9433244,,
5,357,completed,89121.97324,89121.9756764,89121.9929909,19.750899999053217
0,357,completed,89121.9726935,89121.9751648,89122.0088705,36.17699998721946
2,357,stale,89121.9731519,89121.9756343,,
1,357,stale,89121.9733297,89121.975676,,
3,357,stale,89121.9731145,89121.9756107,,
4,357,stale,89121.9727224,89121.9752486,,
4,358,completed,89122.0044725,89122.0070026,89122.0255131,21.040599996922538
2,358,completed,89122.0040306,89122.0067917,89122.0415829,37.55229999660514
5,358,stale,89122.004372,89122.0069593,,
3,358,stale,89122.0044213,89122.006997,,
0,358,stale,89122.0044548,89122.0070049,,
1,358,stale,89122.0040541,89122.0069013,,
3,359,completed,89122.0366976,89122.039217,89122.0586831,21.9855000032112
1,359,completed,89122.0366147,89122.0393106,89122.0746331,38.01839999505319
0,359,stale,89122.0365974,89122.0393032,,
2,359,stale,89122.0366668,89122.0392034,,
4,359,stale,89122.0367399,89122.0392484,,
5,359,stale,89122.0363267,89122.0383998,,
5,360,completed,89122.0694723,89122.0715334,89122.0909503,21.47799999511335
0,360,completed,89122.068852,89122.0708179,89122.107045,38.193000000319444
4,360,completed,89122.0693102,89122.0715099,89122.1232202,53.9100000023609
2,360,stale,89122.0692557,89122.0714707,,
1,360,stale,89122.0692342,89122.0714275,,
3,360,stale,89122.0693428,89122.0715118,,
2,361,completed,89122.115391,89122.1179955,89122.140021,24.62999999988824
1,361,completed,89122.1158445,89122.1181984,89122.1568412,40.996700001414865
3,361,stale,89122.1158981,89122.1182859,,
4,361,stale,89122.1153909,89122.1179047,,
5,361,stale,89122.1157829,89122.1182708,,
0,361,stale,89122.1159006,89122.1182054,,
3,362,completed,89122.1464018,89122.1489062,89122.17372,27.318200009176508
4,362,completed,89122.1463978,89122.1492694,89122.1897055,43.30770000524353
5,362,stale,89122.1469074,89122.1493283,,
2,362,stale,89122.1463931,89122.149181,,
1,362,stale,89122.1468733,89122.1494071,,
0,362,stale,89122.1468575,89122.1494101,,
0,363,completed,89122.1786394,89122.1805543,89122.2063918,27.752400012104772
5,363,completed,89122.1780282,89122.179943,89122.2222562,44.22799999883864
2,363,stale,89122.1780623,89122.1801547,,
3,363,stale,89122.1785709,89122.1804382,,
1,363,stale,89122.1787123,89122.1804963,,
4,363,stale,89122.1786138,89122.1805506,,
2,364,completed,89122.2105081,89122.2120848,89122.2395743,29.06619998975657
1,364,completed,89122.210479,89122.2120292,89122.2563337,45.85470000165515
5,364,stale,89122.2100466,89122.2110888,,
4,364,stale,89122.2105602,89122.2120501,,
3,364,stale,89122.2105781,89122.2120736,,
0,364,stale,89122.2100234,89122.2110743,,
3,365,completed,89122.2388307,89122.2407738,89122.2731147,34.28400000848342
4,365,completed,89122.2385831,89122.2402349,89122.2889968,50.413699995260686
0,365,stale,89122.2387313,89122.2407366,,
5,365,stale,89122.2386459,89122.2403822,,
1,365,stale,89122.2387909,89122.2408072,,
2,365,stale,89122.2386333,89122.2405937,,
0,366,completed,89122.2795781,89122.2815247,89122.3053675,25.78939999511931
5,366,completed,89122.2795788,89122.2818506,89122.3215351,41.95630000322126
1,366,stale,89122.2797002,89122.2818713,,
2,366,stale,89122.2798137,89122.2818931,,
3,366,stale,89122.2796128,89122.2816264,,
4,366,stale,89122.2799402,89122.2820188,,
2,367,completed,89122.3107387,89122.3127132,89122.3380276,27.288899989798665
1,367,completed,89122.3106163,89122.3126852,89122.3544068,43.79049999988638
5,367,stale,89122.3106671,89122.312548,,
4,367,stale,89122.3108445,89122.3128524,,
0,367,stale,89122.3106164,89122.3127407,,
3,367,stale,89122.3106487,89122.312735,,
3,368,completed,89122.3438552,89122.3459067,89122.3709595,27.104299995698966
4,368,completed,89122.3436094,89122.3457812,89122.3877019,44.09250000026077
5,368,stale,89122.343522,89122.3457355,,
0,368,stale,89122.3434525,89122.3457249,,
1,368,stale,89122.3435009,89122.3457079,,
2,368,stale,89122.3434626,89122.3455849,,
5,369,completed,89122.3698065,89122.371464,89122.4043958,34.58929999032989
0,369,completed,89122.3698333,89122.371789,89122.4203575,50.52419999265112
3,369,stale,89122.369909,89122.3720348,,
4,369,stale,89122.3698469,89122.3716871,,
1,369,stale,89122.3699999,89122.372038,,
2,369,stale,89122.3700747,89122.3720887,,
2,370,completed,89122.4185171,89122.420725,89122.436744,18.226900006993674
1,370,completed,89122.4187105,89122.4206388,89122.4528712,34.16070000093896
4,370,stale,89122.4186089,89122.4206304,,
0,370,stale,89122.4185777,89122.4205829,,
5,370,stale,89122.4185172,89122.4203363,,
3,370,stale,89122.4186407,89122.4206382,,
4,371,completed,89122.4401041,89122.4422967,89122.4696049,29.500800010282546
3,371,completed,89122.440279,89122.4425984,89122.4855572,45.2781999920262
5,371,completed,89122.440318,89122.4425243,89122.5037484,63.43040001229383
1,371,stale,89122.4401944,89122.4424397,,
2,371,stale,89122.4401268,89122.4425674,,
0,371,stale,89122.440148,89122.4424471,,
0,372,completed,89122.4853258,89122.4881276,89122.5201928,34.86700000939891
1,372,stale,89122.4850857,89122.4879127,,
5,372,stale,89122.4850861,89122.4879131,,
4,372,stale,89122.4852169,89122.4879577,,
3,372,stale,89122.4851341,89122.4878,,
2,372,stale,89122.4851836,89122.4881495,,
1,373,completed,89122.5055966,89122.5072605,89122.5368696,31.27299998595845
2,373,completed,89122.5058006,89122.5077168,89122.5531764,47.37580000073649
5,373,stale,89122.5056145,89122.507417,,
0,373,stale,89122.5056837,89122.5072716,,
4,373,stale,89122.5057803,89122.5075915,,
3,373,stale,89122.505641,89122.5076484,,
3,374,completed,89122.5445477,89122.5467435,89122.5694772,24.929499995778315
5,374,completed,89122.5444268,89122.5463287,89122.585458,41.03120000218041
1,374,stale,89122.544427,89122.5465975,,
0,374,stale,89122.5446121,89122.5466005,,
4,374,stale,89122.5444613,89122.5466551,,
2,374,stale,89122.5445133,89122.5466913,,
4,375,completed,89122.5724656,89122.5743542,89122.6021633,29.697700010729022
0,375,completed,89122.5722293,89122.5742526,89122.6179235,45.69420000188984
2,375,stale,89122.5725674,89122.5744296,,
1,375,stale,89122.5722403,89122.5741383,,
3,375,stale,89122.5722848,89122.5740634,,
5,375,stale,89122.5723533,89122.5742413,,
1,376,completed,89122.6070107,89122.6090831,89122.6341191,27.10839999781456
2,376,completed,89122.6069646,89122.6086631,89122.649903,42.93840000173077
0,376,stale,89122.6071763,89122.6090767,,
4,376,stale,89122.6071271,89122.6092043,,
3,376,stale,89122.6070673,89122.6091776,,
5,376,stale,89122.6069924,89122.6091837,,
3,377,completed,89122.6467069,89122.6489047,89122.6664879,19.780999995418824
5,377,completed,89122.646796,89122.6489014,89122.6827036,35.90760000224691
2,377,stale,89122.6466123,89122.6491443,,
0,377,stale,89122.6466081,89122.6486961,,
4,377,stale,89122.6466073,89122.6487519,,
1,377,stale,89122.6466757,89122.6490286,,
0,378,completed,89122.6696888,89122.6716183,89122.6993234,29.634599995915778
4,378,completed,89122.6695337,89122.6716508,89122.7153451,45.811400006641634
3,378,stale,89122.6694245,89122.6715188,,
2,378,stale,89122.6694993,89122.6715193,,
5,378,stale,89122.6694358,89122.6715236,,
1,378,stale,89122.669565,89122.6716503,,
1,379,completed,89122.704057,89122.7062375,89122.7318903,27.83330000238493
2,379,completed,89122.7040551,89122.7059484,89122.7479369,43.88180001114961
3,379,completed,89122.7041056,89122.7060286,89122.7646607,60.55510000442155
0,379,stale,89122.704227,89122.7062213,,
5,379,stale,89122.7042671,89122.7062129,,
4,379,stale,89122.7041556,89122.7062917,,
5,380,completed,89122.7468723,89122.7491922,89122.7809137,34.041399994748645
4,380,stale,89122.7470317,89122.7491679,,
1,380,stale,89122.7470546,89122.7491684,,
2,380,stale,89122.7468594,89122.7491981,,
3,380,stale,89122.7467802,89122.7487683,,
0,380,stale,89122.7467807,89122.7487811,,
0,381,completed,89122.7727562,89122.7748862,89122.7972392,24.48300000105519
4,381,completed,89122.7726269,89122.7744361,89122.8132313,40.60439999739174
1,381,stale,89122.7726495,89122.7747208,,
3,381,stale,89122.7728426,89122.7747854,,
5,381,stale,89122.772722,89122.7748017,,
2,381,stale,89122.7726682,89122.7747456,,
3,382,completed,89122.8040111,89122.8060273,89122.8299461,25.93499999784399
2,382,completed,89122.8040305,89122.8061426,89122.8461597,42.129199995542876
5,382,stale,89122.8041144,89122.8061324,,
4,382,stale,89122.8040509,89122.8060523,,
1,382,stale,89122.8040113,89122.8060276,,
0,382,stale,89122.804179,89122.8063103,,
1,383,completed,89122.8359058,89122.8381205,89122.8633243,27.41849998710677
5,383,completed,89122.8357994,89122.8375852,89122.8792073,43.40789999696426
4,383,stale,89122.8359468,89122.8380966,,
3,383,stale,89122.8358474,89122.8380645,,
2,383,stale,89122.835829,89122.8380821,,
0,383,stale,89122.8359802,89122.8381566,,
4,384,completed,89122.8766798,89122.8787714,89122.8955598,18.880000003264286
0,384,completed,89122.8768676,89122.8790469,89122.9118511,34.98349999426864
2,384,stale,89122.8766732,89122.8789478,,
5,384,stale,89122.8768922,89122.879036,,
3,384,stale,89122.876755,89122.8789466,,
1,384,stale,89122.8767598,89122.8790495,,
3,385,completed,89122.9047711,89122.9072446,89122.9286707,23.8995999970939
2,385,completed,89122.9046666,89122.9070529,89122.9448638,40.19719999632798
5,385,completed,89122.9046946,89122.9070211,89122.9609087,56.21409999730531
1,385,stale,89122.904724,89122.907364,,
4,385,stale,89122.9046383,89122.9073327,,
0,385,stale,89122.9046287,89122.907049,,
1,386,completed,89122.9481394,89122.9504758,89122.9776848,29.545400000642985
0,386,completed,89122.9483668,89122.950534,89122.9950039,46.637099992949516
2,386,stale,89122.9482722,89122.9505604,,
5,386,stale,89122.9481391,89122.9504657,,
3,386,stale,89122.9481269,89122.9503854,,
4,386,stale,89122.9484194,89122.9505451,,
4,387,completed,89122.97689,89122.9792693,89123.0115636,34.67359999194741
2,387,stale,89122.976668,89122.9790548,,
1,387,stale,89122.9767385,89122.9791674,,
0,387,stale,89122.976675,89122.9787688,,
3,387,stale,89122.9767836,89122.9792648,,
5,387,stale,89122.9769723,89122.9791888,,
5,388,completed,89123.0031841,89123.0052077,89123.0282367,25.052600001799874
3,388,completed,89123.0029705,89123.0050396,89123.0442013,41.23079999408219
2,388,completed,89123.002857,89123.0049009,89123.0601494,57.29240000073332
1,388,stale,89123.0028936,89123.0049777,,
0,388,stale,89123.002842,89123.0049892,,
4,388,stale,89123.0031185,89123.0051225,,
0,389,completed,89123.0504658,89123.0528225,89123.0771575,26.69169999717269
1,389,completed,89123.050471,89123.0525297,89123.093048,42.577000000164844
2,389,stale,89123.0505877,89123.052732,,
3,389,stale,89123.0504865,89123.0528367,,
5,389,stale,89123.0506454,89123.0529047,,
4,389,stale,89123.05055,89123.0528506,,
4,390,completed,89123.0827625,89123.0856905,89123.109549,26.786500005982816
2,390,completed,89123.0826488,89123.0853606,89123.1257642,43.11539999616798
0,390,stale,89123.0826241,89123.0854527,,
5,390,stale,89123.0826891,89123.0856416,,
3,390,stale,89123.0827428,89123.0856244,,
1,390,stale,89123.0826243,89123.0856151,,
3,391,completed,89123.1138411,89123.1161489,89123.1427253,28.884200000902638
5,391,completed,89123.1138087,89123.116099,89123.1587413,44.93259999435395
0,391,stale,89123.1139396,89123.1160524,,
1,391,stale,89123.1140356,89123.1161837,,
4,391,stale,89123.1137447,89123.1160309,,
2,391,stale,89123.1137788,89123.1158263,,
0,392,completed,89123.1451224,89123.1478514,89123.1750765,29.954099998576567
1,392,completed,89123.1451754,89123.1478766,89123.1911178,45.942400000058115
2,392,stale,89123.1452117,89123.1480861,,
4,392,stale,89123.1451111,89123.148035,,
5,392,stale,89123.1453358,89123.1480146,,
3,392,stale,89123.1452941,89123.1480473,,
2,393,completed,89123.1763624,89123.1791601,89123.2081798,31.817399998544715
4,393,completed,89123.1763725,89123.1791619,89123.2267546,50.38209998747334
0,393,stale,89123.1767004,89123.1796652,,
3,393,stale,89123.1765935,89123.1796348,,
1,393,stale,89123.1764806,89123.179629,,
5,393,stale,89123.1764034,89123.1796027,,
5,394,completed,89123.2077637,89123.2111595,89123.2432693,35.50559999712277
2,394,stale,89123.2078941,89123.2110832,,
0,394,stale,89123.2076661,89123.2108035,,
3,394,stale,89123.2077149,89123.2109835,,
1,394,stale,89123.2077387,89123.2111182,,
4,394,stale,89123.2076589,89123.210894,,
3,395,completed,89123.2385919,89123.2410302,89123.2600493,21.45740001287777
0,395,completed,89123.2387579,89123.2410668,89123.2762558,37.49789998983033
2,395,stale,89123.2381438,89123.2397066,,
5,395,stale,89123.2384938,89123.2409015,,
4,395,stale,89123.2386504,89123.2410603,,
1,395,stale,89123.2385375,89123.2410599,,
1,396,completed,89123.2690735,89123.2711045,89123.2925616,23.488099992391653
4,396,completed,89123.2691033,89123.2710391,89123.3089641,39.86079999594949
2,396,completed,89123.2688866,89123.2706285,89123.3249629,56.07630001031794
5,396,stale,89123.2688891,89123.2709147,,
3,396,stale,89123.2689512,89123.2710479,,
0,396,stale,89123.2689659,89123.2710656,,
5,397,completed,89123.3163521,89123.3185612,89123.3410873,24.735200000577606
3,397,completed,89123.3164241,89123.3185562,89123.3574407,41.016599992872216
2,397,stale,89123.3163789,89123.318308,,
1,397,stale,89123.3165776,89123.3186497,,
0,397,stale,89123.3165339,89123.3185866,,
4,397,stale,89123.3165257,89123.3186131,,
0,398,completed,89123.3486543,89123.3506386,89123.3756757,27.02139999018982
2,398,completed,89123.3487159,89123.3506647,89123.3913882,42.6722999982303
5,398,stale,89123.3485424,89123.3506461,,
3,398,stale,89123.3485151,89123.3503624,,
4,398,stale,89123.3486919,89123.3507206,,
1,398,stale,89123.3485635,89123.3506348,,
4,399,completed,89123.3801073,89123.3820978,89123.4080105,27.903199996217154
1,399,completed,89123.3802364,89123.382111,89123.4240367,43.80030000174884
5,399,stale,89123.380051,89123.3814764,,
0,399,stale,89123.3803287,89123.3820874,,
2,399,stale,89123.379989,89123.3815252,,
3,399,stale,89123.3800397,89123.3816021,,
3,400,completed,89123.4114383,89123.4136892,89123.440544,29.105699999490753
5,400,completed,89123.4112859,89123.4134021,89123.4568472,45.56129999400582
4,400,stale,89123.4113286,89123.4134682,,
2,400,stale,89123.4114823,89123.4136766,,
0,400,stale,89123.4113511,89123.4136388,,
1,400,stale,89123.4112506,89123.4134671,,
2,401,completed,89123.4422045,89123.444218,89123.4736362,31.4317000011215
0,401,completed,89123.4422684,89123.4443361,89123.4923081,50.03969999961555
4,401,stale,89123.4422756,89123.4442141,,
3,401,stale,89123.4423734,89123.4444182,,
5,401,stale,89123.4423496,89123.444307,,
1,401,stale,89123.4424947,89123.4444499,,
4,402,completed,89123.4738142,89123.4767836,89123.5087578,34.943599996040575
2,402,stale,89123.4738148,89123.4769705,,
3,402,stale,89123.4738176,89123.4769935,,
0,402,stale,89123.4738767,89123.4769136,,
5,402,stale,89123.4738308,89123.4770687,,
1,402,stale,89123.4739306,89123.477065,,
1,403,completed,89123.5054282,89123.5081387,89123.5251075,19.679299992276356
5,403,completed,89123.5054384,89123.5081577,89123.5409062,35.46780000033323
0,403,stale,89123.5054619,89123.5081655,,
2,403,stale,89123.5054013,89123.5078626,,
3,403,stale,89123.505401,89123.508045,,
4,403,stale,89123.5055348,89123.5081898,,
3,404,completed,89123.5366626,89123.5394992,89123.5575282,20.8656000031624
0,404,completed,89123.5365511,89123.539074,89123.5737726,37.22149999521207
2,404,completed,89123.5365433,89123.539054,89123.5901429,53.59959999623243
1,404,stale,89123.5366508,89123.5395752,,
4,404,stale,89123.5365649,89123.539571,,
5,404,stale,89123.5365442,89123.5392675,,
4,405,completed,89123.5840095,89123.5863837,89123.6066992,22.689699995680712
5,405,completed,89123.5838157,89123.5864686,89123.6226124,38.79669999878388
1,405,stale,89123.5839081,89123.5863024,,
3,405,stale,89123.5838063,89123.5864108,,
2,405,stale,89123.5838619,89123.5863283,,
0,405,stale,89123.5838054,89123.586136,,
1,406,completed,89123.6159185,89123.6181919,89123.6389942,23.075699995388277
0,406,completed,89123.6158368,89123.6184003,89123.6550866,39.249800000106916
5,406,stale,89123.6158055,89123.6184352,,
4,406,stale,89123.6157335,89123.6179361,,
3,406,stale,89123.6157433,89123.6183424,,
2,406,stale,89123.6157262,89123.6183728,,
2,407,completed,89123.6478768,89123.6495828,89123.6715901,23.71330000460148
3,407,completed,89123.647727,89123.6495341,89123.6876764,39.949400001205504
4,407,stale,89123.6476926,89123.6492884,,
5,407,stale,89123.6473502,89123.6484678,,
1,407,stale,89123.6477064,89123.6493293,,
0,407,stale,89123.6478231,89123.6494214,,
4,408,completed,89123.6789963,89123.6805202,89123.704107,25.110699993092567
5,408,completed,89123.6791033,89123.6808912,89123.7200958,40.992499998537824
1,408,stale,89123.6792088,89123.6808908,,
0,408,stale,89123.6792477,89123.6809659,,
3,408,stale,89123.6791118,89123.6808967,,
2,408,stale,89123.6790535,89123.6810246,,
1,409,completed,89123.7106122,89123.7125135,89123.7370281,26.415900007123128
0,409,completed,89123.71083,89123.7126765,89123.7532146,42.38460000487976
4,409,stale,89123.710757,89123.7126259,,
5,409,stale,89123.7106829,89123.712813,,
2,409,stale,89123.7105959,89123.7127854,,
3,409,stale,89123.7105652,89123.7127062,,
3,410,completed,89123.7425963,89123.7448486,89123.7698258,27.229500003159046
2,410,completed,89123.7425728,89123.7448407,89123.7859059,43.333100009476766
4,410,stale,89123.7428154,89123.7446883,,
0,410,stale,89123.7426585,89123.7444553,,
1,410,stale,89123.742735,89123.7446831,,
5,410,stale,89123.7425599,89123.7447684,,
4,411,completed,89123.7735728,89123.7750918,89123.8026705,29.097699996782467
5,411,completed,89123.7737326,89123.7756201,89123.8189276,45.194999998784624
3,411,stale,89123.7737599,89123.7754834,,
1,411,stale,89123.7738246,89123.7755101,,
0,411,stale,89123.7736111,89123.7751455,,
2,411,stale,89123.7736807,89123.775423,,
0,412,completed,89123.8051509,89123.8070876,89123.8353485,30.197599990060553
1,412,completed,89123.8050423,89123.8068769,89123.853378,48.33570000482723
5,412,stale,89123.805102,89123.8070253,,
2,412,stale,89123.8051853,89123.8070822,,
4,412,stale,89123.8050515,89123.8070911,,
3,412,stale,89123.8049416,89123.8066804,,
2,413,completed,89123.8356193,89123.8377192,89123.8700854,34.4660999980988
3,413,completed,89123.8356643,89123.8378808,89123.8873113,51.64700000023004
0,413,stale,89123.8354642,89123.8372171,,
4,413,stale,89123.8356024,89123.8378038,,
5,413,stale,89123.8354755,89123.8373485,,
1,413,stale,89123.8355417,89123.8378252,,
5,414,completed,89123.8828964,89123.8848458,89123.903751,20.854600006714463
4,414,completed,89123.8829562,89123.8847875,89123.9200844,37.128199997823685
1,414,stale,89123.8828478,89123.8848316,,
2,414,stale,89123.8821981,89123.8844905,,
0,414,stale,89123.8823167,89123.8843104,,
3,414,stale,89123.8822347,89123.8846086,,
0,415,completed,89123.9137003,89123.9158593,89123.9364926,22.79229999112431
1,415,completed,89123.9135523,89123.915741,89123.9522151,38.66279999783728
2,415,stale,89123.9138192,89123.9158751,,
5,415,stale,89123.9131697,89123.9152181,,
3,415,stale,89123.9137265,89123.9158636,,
4,415,stale,89123.9136462,89123.9158564,,
2,416,completed,89123.9446601,89123.9465631,89123.9688045,24.14439999847673
3,416,completed,89123.9448833,89123.9469705,89123.9847072,39.823899991461076
0,416,stale,89123.9450696,89123.9473618,,
1,416,stale,89123.9451144,89123.9473538,,
4,416,stale,89123.9452554,89123.9472024,,
5,416,stale,89123.9447076,89123.9468096,,
5,417,completed,89123.9767397,89123.9787353,89124.0020379,25.298200009274296
4,417,completed,89123.9766227,89123.978535,89124.0183835,41.76080001343507
2,417,stale,89123.9761653,89123.9783227,,
3,417,stale,89123.9763233,89123.9782696,,
0,417,stale,89123.9761534,89123.9781776,,
1,417,stale,89123.97665,89123.978537,,
1,418,completed,89124.0083254,89124.0110126,89124.034818,26.492599994526245
0,418,completed,89124.0082511,89124.0110282,89124.0506099,42.35880001215264
5,418,stale,89124.007949,89124.0102782,,
2,418,stale,89124.0084382,89124.0109085,,
4,418,stale,89124.0083314,89124.0110131,,
3,418,stale,89124.0084024,89124.0108993,,
3,419,completed,89124.038794,89124.0409236,89124.0676456,28.851600000052713
2,419,completed,89124.0385753,89124.040854,89124.0836728,45.0974999985192
1,419,stale,89124.0385288,89124.0406288,,
0,419,stale,89124.0386603,89124.0408429,,
5,419,stale,89124.0384835,89124.0405601,,
4,419,stale,89124.038552,89124.0408428,,
5,420,completed,89124.0699384,89124.072034,89124.1000237,30.085299993515946
4,420,completed,89124.0700355,89124.0721473,89124.1165364,46.500900003593415
2,420,stale,89124.0699002,89124.0721412,,
3,420,stale,89124.0701828,89124.0722049,,
1,420,completed,89124.069824,89124.0717815,89124.1333824,63.558399997418746
0,420,stale,89124.0698532,89124.0718815,,
0,421,completed,89124.1166897,89124.1177845,89124.1498629,33.17320000496693
1,421,stale,89124.1167411,89124.1177249,,
3,421,stale,89124.1016197,89124.1031545,,
4,421,stale,89124.1016919,89124.1031572,,
5,421,stale,89124.1166774,89124.1177694,,
2,421,stale,89124.1015991,89124.1031641,,
2,422,completed,89124.1480764,89124.1501498,89124.1662548,18.178400001488626
3,422,completed,89124.1479335,89124.1500233,89124.1826062,34.672699999646284
4,422,stale,89124.1477731,89124.1499839,,
5,422,stale,89124.1477982,89124.15011,,
0,422,stale,89124.1477878,89124.1499853,,
1,422,stale,89124.1478627,89124.1499329,,
4,423,completed,89124.1797432,89124.1819139,89124.1990776,19.33439999993425
1,423,completed,89124.1798404,89124.1821914,89124.2149749,35.13449999445584
2,423,stale,89124.1799112,89124.1822026,,
3,423,stale,89124.1797702,89124.1821347,,
5,423,stale,89124.1799672,89124.1820972,,
0,423,stale,89124.1797521,89124.1821044,,
5,424,completed,89124.2120809,89124.2139395,89124.2315053,19.424400001298636
0,424,completed,89124.2119965,89124.2139338,89124.2475384,35.54189999704249
2,424,stale,89124.211595,89124.2131941,,
3,424,stale,89124.2116398,89124.2133882,,
4,424,stale,89124.2116092,89124.2134293,,
1,424,stale,89124.2120268,89124.2140036,,
3,425,completed,89124.243211,89124.2451758,89124.26397,20.75900000636466
2,425,completed,89124.2431931,89124.2450711,89124.279778,36.58489999361336
1,425,stale,89124.2436227,89124.2454237,,
0,425,stale,89124.2438151,89124.2455013,,
5,425,stale,89124.2438147,89124.2455499,,
4,425,stale,89124.2432963,89124.2452313,,
4,426,completed,89124.2743087,89124.2766273,89124.296293,21.984300008625723
1,426,completed,89124.2742747,89124.2764376,89124.3123084,38.033699995139614
3,426,stale,89124.2746721,89124.2766805,,
2,426,stale,89124.2743595,89124.2765965,,
5,426,stale,89124.2742474,89124.2765163,,
0,426,stale,89124.2742201,89124.276354,,
0,427,completed,89124.3060245,89124.3080801,89124.3290304,23.005900002317503
5,427,completed,89124.3059254,89124.3080146,89124.3450355,39.110099998652004
4,427,stale,89124.3057829,89124.308075,,
1,427,stale,89124.3057542,89124.3080648,,
3,427,stale,89124.305695,89124.307725,,
2,427,stale,89124.3056941,89124.3077612,,
2,428,completed,89124.3366729,89124.3392132,89124.3617031,25.030200005858205
3,428,completed,89124.3367526,89124.3391494,89124.3777542,41.00160000962205
4,428,stale,89124.3365662,89124.3389243,,
1,428,stale,89124.3368015,89124.3390203,,
0,428,stale,89124.3365944,89124.3390564,,
4,429,completed,89124.3681155,89124.369344,89124.3949007,26.78520001063589
5,428,stale,89124.3365867,89124.3386833,,
1,429,completed,89124.3681459,89124.3694081,89124.4109402,42.79429999587592
5,429,completed,89124.3835983,89124.3841395,89124.4270093,43.41099999146536
3,429,stale,89124.3682472,89124.3699226,,
2,429,stale,89124.3681904,89124.3698711,,
0,429,stale,89124.3683081,89124.3696273,,
0,430,completed,89124.4145732,89124.4172118,89124.4436071,29.033899991190992
2,430,completed,89124.414588,89124.4171566,89124.4597203,45.13230000156909
3,430,stale,89124.4146772,89124.4172272,,
4,430,stale,89124.4147687,89124.4171538,,
1,430,stale,89124.414653,89124.4172172,,
5,430,stale,89124.4145506,89124.416883,,
3,431,completed,89124.4457658,89124.4481726,89124.4762333,30.467499993392266
5,431,completed,89124.4459096,89124.4482939,89124.4945068,48.597199987852946
0,431,stale,89124.4458037,89124.4482261,,
2,431,stale,89124.4458672,89124.4481317,,
1,431,stale,89124.4457858,89124.44819,,
4,431,stale,89124.4460075,89124.4482291,,
4,432,completed,89124.4774317,89124.4798185,89124.5112896,33.85790000902489
0,432,stale,89124.4769901,89124.4796025,,
5,432,stale,89124.4769196,89124.4796862,,
1,432,stale,89124.4773474,89124.4797822,,
3,432,stale,89124.4770379,89124.479891,,
2,432,stale,89124.4769466,89124.4796787,,
1,433,completed,89124.5082566,89124.5108009,89124.5277997,19.54309998836834
0,433,completed,89124.5083095,89124.5107091,89124.5440088,35.6993000023067
4,433,stale,89124.5084226,89124.5109401,,
5,433,stale,89124.5082449,89124.5108049,,
2,433,stale,89124.5082444,89124.5108117,,
3,433,stale,89124.5083771,89124.5107359,,
2,434,completed,89124.5398472,89124.5421904,89124.5602788,20.431600001757033
5,434,completed,89124.539532,89124.5419085,89124.5763054,36.77340000285767
1,434,stale,89124.5396197,89124.541939,,
3,434,stale,89124.539776,89124.542243,,
0,434,stale,89124.5396731,89124.5419963,,
4,434,stale,89124.5395797,89124.5418671,,
3,435,completed,89124.571426,89124.5734983,89124.5929482,21.522200011531822
4,435,completed,89124.5715763,89124.5735311,89124.6091031,37.52679999161046
5,435,stale,89124.5716234,89124.5735366,,
1,435,stale,89124.5712925,89124.5733906,,
0,435,stale,89124.5713363,89124.5734424,,
2,435,stale,89124.571269,89124.5733604,,
1,436,completed,89124.602541,89124.6050169,89124.625547,23.006000003078952
0,436,completed,89124.6025926,89124.6052056,89124.6413156,38.72300000512041
2,436,completed,89124.6034438,89124.6052721,89124.6574702,54.0264000010211
3,436,stale,89124.6033535,89124.6052558,,
4,436,stale,89124.6025257,89124.6050673,,
5,436,stale,89124.6024852,89124.6048497,,
5,437,completed,89124.650246,89124.6521159,89124.6743347,24.08869999635499
4,437,completed,89124.6499745,89124.6520814,89124.6900935,40.118999997503124
3,437,stale,89124.6497831,89124.6513778,,
2,437,stale,89124.6500854,89124.6520592,,
1,437,stale,89124.6501705,89124.6521684,,
0,437,stale,89124.6500235,89124.6520092,,
3,438,completed,89124.6813564,89124.6825764,89124.7065734,25.217000002157874
0,438,completed,89124.6817892,89124.6835898,89124.722519,40.72980000637472
1,438,stale,89124.6816708,89124.6835672,,
2,438,stale,89124.6817619,89124.6834868,,
4,438,stale,89124.6815526,89124.6833453,,
5,438,stale,89124.6817201,89124.6834701,,
2,439,completed,89124.7133306,89124.7152842,89124.7388862,25.55559999018442
1,439,completed,89124.7130432,89124.7149311,89124.7547796,41.73640000226442
3,439,stale,89124.7134299,89124.7154358,,
5,439,stale,89124.7133669,89124.7154181,,
0,439,stale,89124.7129217,89124.7138695,,
4,439,stale,89124.7133941,89124.7153175,,
4,440,completed,89124.7448087,89124.7470721,89124.7710554,26.24669999931939
5,440,completed,89124.7447516,89124.7469754,89124.7869204,42.16880000603851
2,440,stale,89124.7446571,89124.7470042,,
0,440,stale,89124.7449577,89124.7470354,,
1,440,stale,89124.7446359,89124.7467652,,
3,440,stale,89124.7446925,89124.7469,,
0,441,completed,89124.7766318,89124.7787866,89124.8038772,27.245399993262254
3,441,completed,89124.7767458,89124.7788266,89124.8198985,43.15270000370219
1,441,stale,89124.776789,89124.7788055,,
2,441,stale,89124.7766318,89124.7785757,,
5,441,stale,89124.7766968,89124.778554,,
4,441,stale,89124.7768856,89124.7787377,,
1,442,completed,89124.8075695,89124.8087278,89124.8363973,28.827799993450753
2,442,completed,89124.8079914,89124.8095136,89124.852483,44.49159999785479
4,442,stale,89124.8080899,89124.8096632,,
3,442,stale,89124.8075977,89124.8090023,,
0,442,stale,89124.8081565,89124.8096184,,
5,442,stale,89124.807955,89124.8096268,,
5,443,completed,89124.839665,89124.8412844,89124.8690416,29.376599995885044
4,443,completed,89124.8392135,89124.8402445,89124.8848257,45.61220000323374
2,443,stale,89124.8390027,89124.8395159,,
3,443,stale,89124.8398169,89124.8412631,,
0,443,stale,89124.8396805,89124.8412821,,
1,443,stale,89124.8397513,89124.8412252,,
3,444,completed,89124.8702871,89124.8714887,89124.9023298,32.042699996964075
0,444,completed,89124.8707961,89124.8723844,89124.9200114,49.21529999410268
4,444,stale,89124.8709125,89124.8724453,,
1,444,stale,89124.8709874,89124.8723838,,
2,444,stale,89124.8702716,89124.8712405,,
5,444,stale,89124.8708206,89124.872274,,
2,445,completed,89124.9025048,89124.9044964,89124.9364614,33.95659998932388
4,445,stale,89124.901998,89124.904136,,
0,445,stale,89124.9019289,89124.9034897,,
3,445,stale,89124.9019253,89124.9038978,,
1,445,completed,89124.9024194,89124.9042901,89124.9525537,50.13430000690278
5,445,stale,89124.9024945,89124.9044897,,
5,446,completed,89124.9496529,89124.9514426,89124.9685966,18.943699993542396
4,446,completed,89124.9334847,89124.9351986,89124.9845004,51.0156999953324
1,446,stale,89124.9496298,89124.9512311,,
0,446,stale,89124.9338632,89124.935468,,
2,446,stale,89124.9498762,89124.9515195,,
3,446,stale,89124.9336212,89124.9354948,,
0,447,completed,89124.9815097,89124.9838601,89125.0006681,19.158399998559617
3,447,completed,89124.9813635,89124.9838596,89125.0168679,35.504400002537295
5,447,stale,89124.9812581,89124.9835902,,
2,447,stale,89124.9813067,89124.9838629,,
1,447,stale,89124.9812141,89124.9834925,,
4,447,stale,89124.9816509,89124.9837999,,
1,448,completed,89125.0127351,89125.0147146,89125.0334825,20.747400005348027
2,448,completed,89125.0129045,89125.0147255,89125.0495551,36.65059999912046
5,448,stale,89125.0124064,89125.0139431,,
3,448,stale,89125.0126678,89125.0144792,,
4,448,stale,89125.0127822,89125.0148532,,
0,448,stale,89125.0128089,89125.0148751,,
5,449,completed,89125.0382482,89125.0407312,89125.06637,28.12180000182707
4,449,completed,89125.0384386,89125.0408946,89125.0823784,43.93980000168085
2,449,stale,89125.038267,89125.0406902,,
0,449,stale,89125.0383248,89125.0410584,,
3,449,stale,89125.0385159,89125.0409035,,
1,449,stale,89125.0385313,89125.0409257,,
3,450,completed,89125.0790034,89125.0815881,89125.0988876,19.884200009983033
0,450,completed,89125.0790761,89125.0815996,89125.1150991,36.02300000784453
1,450,stale,89125.0791602,89125.0815939,,
4,450,stale,89125.0789986,89125.0816176,,
2,450,stale,89125.0790209,89125.0814135,,
5,450,stale,89125.0791222,89125.0815788,,
2,451,completed,89125.1027683,89125.1047146,89125.1314558,28.68750000197906
1,451,completed,89125.1026063,89125.1046509,89125.1480024,45.39610000210814
3,451,stale,89125.1026488,89125.1047177,,
0,451,stale,89125.1026037,89125.1047607,,
4,451,stale,89125.1027076,89125.1046253,,
5,451,stale,89125.1028404,89125.1048363,,
5,452,completed,89125.1443876,89125.1465904,89125.1646477,20.26010000554379
4,452,completed,89125.1443084,89125.146562,89125.1808458,36.53739999572281
0,452,stale,89125.144137,89125.1465039,,
3,452,stale,89125.1442004,89125.146534,,
2,452,stale,89125.144168,89125.1465089,,
1,452,stale,89125.1441438,89125.1463592,,
3,453,completed,89125.1762021,89125.1781077,89125.1973558,21.15369999955874
0,453,completed,89125.176078,89125.1779567,89125.2133583,37.28029999183491
5,453,stale,89125.1763859,89125.1782319,,
2,453,stale,89125.1761468,89125.1781729,,
1,453,stale,89125.1761305,89125.1781715,,
4,453,stale,89125.1762708,89125.1782936,,
1,454,completed,89125.2041645,89125.2065999,89125.2297991,25.63459999510087
2,454,completed,89125.2040265,89125.2063033,89125.2459797,41.95320000872016
4,454,stale,89125.2041025,89125.2065867,,
3,454,stale,89125.204411,89125.2065846,,
0,454,stale,89125.2043275,89125.2065949,,
5,454,stale,89125.2039546,89125.2062617,,
5,455,completed,89125.2377251,89125.2407195,89125.2628212,25.096099998336285
4,455,completed,89125.2374298,89125.2406331,89125.278607,41.17719999339897
3,455,completed,89125.2376686,89125.240652,89125.2945555,56.88689999806229
1,455,stale,89125.2374497,89125.2404817,,
0,455,stale,89125.2374299,89125.2407233,,
2,455,stale,89125.2375186,89125.2407379,,
0,456,completed,89125.2813029,89125.2832964,89125.3110868,29.78389999771025
1,456,completed,89125.2810236,89125.2828435,89125.3273895,46.36590000882279
2,456,stale,89125.2812634,89125.2832977,,
5,456,stale,89125.2811916,89125.2832614,,
4,456,stale,89125.281129,89125.2830514,,
3,456,stale,89125.2810789,89125.2831515,,
2,457,completed,89125.3148374,89125.3170183,89125.3444239,29.586499993456528
3,457,stale,89125.315397,89125.3174875,,
4,457,stale,89125.315012,89125.3173623,,
0,457,stale,89125.3149419,89125.3172725,,
5,457,stale,89125.3150425,89125.3172977,,
1,457,stale,89125.3148371,89125.3169938,,
4,458,completed,89125.3396035,89125.3421009,89125.3612092,21.605699992505834
3,458,completed,89125.3397431,89125.3422062,89125.3770487,37.30559999530669
1,458,stale,89125.3396026,89125.3423251,,
2,458,stale,89125.3396028,89125.342515,,
5,458,stale,89125.339675,89125.3423762,,
0,458,stale,89125.3396464,89125.3423113,,
5,459,completed,89125.3704155,89125.3725165,89125.3938033,23.387799999909475
1,459,completed,89125.3702789,89125.372441,89125.4103679,40.08900000189897
3,459,stale,89125.3702994,89125.3724134,,
0,459,stale,89125.3704881,89125.3724922,,
2,459,stale,89125.3702795,89125.3723565,,
4,459,stale,89125.3703304,89125.372379,,
0,460,completed,89125.4083689,89125.4104028,89125.4265643,18.195399999967776
2,460,completed,89125.4084431,89125.4103049,89125.4424697,34.02660001302138
3,460,stale,89125.4083144,89125.4102471,,
5,460,stale,89125.4085516,89125.4104162,,
4,460,stale,89125.4083844,89125.4104533,,
1,460,stale,89125.408325,89125.410033,,
4,461,completed,89125.4397626,89125.4420802,89125.4589767,19.214100000681356
3,461,completed,89125.4396222,89125.441852,89125.474955,35.33279999101069
1,461,completed,89125.4396425,89125.4418634,89125.4927305,53.0880000005709
5,461,stale,89125.4398446,89125.4420308,,
0,461,stale,89125.4397139,89125.4419741,,
2,461,stale,89125.4396218,89125.4419639,,
5,462,completed,89125.4743388,89125.4769073,89125.5094584,35.11959999741521
4,462,stale,89125.4744754,89125.4771148,,
1,462,stale,89125.4746434,89125.4772311,,
2,462,stale,89125.4747046,89125.4771885,,
0,462,completed,89125.4744105,89125.4770693,89125.5258069,51.39639999833889
3,462,stale,89125.4743511,89125.476724,,
2,463,completed,89125.5021567,89125.5031887,89125.5417812,39.6245000010822
5,463,stale,89125.5161968,89125.5178571,,
0,463,stale,89125.5162729,89125.5178989,,
1,463,stale,89125.5021663,89125.5031896,,
4,463,stale,89125.502125,89125.5029956,,
3,463,stale,89125.5162512,89125.5179173,,
3,464,completed,89125.5368582,89125.5393183,89125.5585562,21.698000011383556
4,464,completed,89125.5369286,89125.5392768,89125.5747448,37.81619999790564
1,464,completed,89125.5369042,89125.5391606,89125.5908941,53.98989999957848
2,464,stale,89125.5369665,89125.5392774,,
0,464,stale,89125.5368183,89125.5390225,,
5,464,stale,89125.5368303,89125.5390225,,
5,465,completed,89125.579014,89125.5810592,89125.6077702,28.756200001225807
0,465,completed,89125.5789847,89125.5809808,89125.624443,45.45829999551643
4,465,stale,89125.5790929,89125.5810414,,
3,465,stale,89125.5788941,89125.5807067,,
1,465,stale,89125.5789397,89125.5810252,,
2,465,stale,89125.5788983,89125.5809801,,
2,466,completed,89125.6064899,89125.6085645,89125.6411652,34.675299990340136
3,466,completed,89125.6062856,89125.6082837,89125.6596072,53.32159998943098
0,466,stale,89125.6063794,89125.6084985,,
5,466,stale,89125.60626,89125.608251,,
1,466,stale,89125.6064362,89125.6085089,,
4,466,stale,89125.6063158,89125.6083987,,
1,467,completed,89125.6411636,89125.6437451,89125.6762032,35.03959999943618
4,467,stale,89125.6412897,89125.6438308,,
3,467,stale,89125.641202,89125.6437801,,
5,467,stale,89125.6410772,89125.643509,,
0,467,stale,89125.6410895,89125.6435299,,
2,467,stale,89125.6410773,89125.6435276,,
4,468,completed,89125.6688387,89125.669931,89125.6929372,24.09849999821745
5,468,completed,89125.6707631,89125.671635,89125.7089873,38.22419999050908
1,468,stale,89125.6687986,89125.6698927,,
2,468,stale,89125.670794,89125.6718432,,
0,468,stale,89125.6708004,89125.6718255,,
3,468,stale,89125.6688639,89125.6699367,,
0,469,completed,89125.7035641,89125.7063889,89125.725244,21.679900004528463
2,469,completed,89125.7036794,89125.7062995,89125.7411826,37.503200001083314
4,469,stale,89125.7035394,89125.7064133,,
3,469,stale,89125.7035119,89125.7064173,,
5,469,stale,89125.7036199,89125.7062601,,
1,469,stale,89125.7035116,89125.7063218,,
3,470,completed,89125.7384136,89125.7407525,89125.7578067,19.393099995795637
1,470,completed,89125.7384644,89125.7408458,89125.7743711,35.906699995393865
5,470,completed,89125.7384092,89125.7408384,89125.7910969,52.68769999383949
2,470,stale,89125.7382629,89125.7406755,,
0,470,stale,89125.7382626,89125.7406885,,
4,470,stale,89125.7382856,89125.7404536,,
4,471,completed,89125.773094,89125.7752841,89125.8075238,34.42979999817908
0,471,completed,89125.7732777,89125.7752468,89125.8260814,52.80369998945389
5,471,stale,89125.7729893,89125.7750985,,
1,471,stale,89125.7729517,89125.7750344,,
3,471,stale,89125.7729314,89125.7750509,,
2,471,stale,89125.7730267,89125.7751589,,
2,472,completed,89125.8077031,89125.8108902,89125.842217,34.5138999982737
1,472,stale,89125.8078224,89125.8109137,,
5,472,stale,89125.8076043,89125.8104407,,
4,472,stale,89125.8079178,89125.8109621,,
3,472,stale,89125.8077673,89125.8109398,,
0,472,stale,89125.8076472,89125.8106566,,
3,473,completed,89125.8356961,89125.8375861,89125.8587045,23.00840000680182
1,473,completed,89125.8353926,89125.8372233,89125.8747462,39.353600004687905
5,473,stale,89125.8354651,89125.8373621,,
4,473,stale,89125.8354329,89125.83751,,
2,473,stale,89125.8356407,89125.8376277,,
0,473,stale,89125.8355332,89125.8376254,,
5,474,completed,89125.8701416,89125.8725696,89125.8911281,20.986500006983988
0,474,completed,89125.8701046,89125.8726946,89125.9072456,37.140999993425794
1,474,stale,89125.8704472,89125.8727128,,
3,474,stale,89125.8700458,89125.8726132,,
4,474,stale,89125.8702235,89125.8726698,,
2,474,stale,89125.8700462,89125.8726188,,
4,475,completed,89125.9051908,89125.9074307,89125.9242711,19.08030000049621
2,475,completed,89125.905244,89125.907447,89125.9404069,35.162900006980635
3,475,completed,89125.9052671,89125.9073404,89125.956452,51.184900003136136
0,475,stale,89125.905139,89125.90735,,
5,475,stale,89125.9051305,89125.9071473,,
1,475,stale,89125.9051596,89125.9073462,,
1,476,completed,89125.9465258,89125.948626,89125.9726403,26.114499996765517
5,476,completed,89125.9465663,89125.9486338,89125.9890807,42.51440000371076
4,476,stale,89125.9464891,89125.9484155,,
3,476,stale,89125.9466161,89125.9486528,,
2,476,stale,89125.9464397,89125.9487187,,
0,476,stale,89125.9464439,89125.948368,,
0,477,completed,89125.9744039,89125.9766338,89126.0055471,31.143199987127446
4,477,stale,89125.9744043,89125.9763071,,
5,477,stale,89125.9746105,89125.9766564,,
2,477,stale,89125.9744216,89125.9766334,,
1,477,stale,89125.974563,89125.9766072,,
3,477,stale,89125.9744964,89125.9766034,,
4,478,completed,89126.0021128,89126.0039544,89126.0222246,20.111800011363812
3,478,completed,89126.0023407,89126.0043237,89126.03872,36.37929999968037
1,478,stale,89126.0022405,89126.0043264,,
5,478,stale,89126.0021638,89126.0040471,,
0,478,stale,89126.0021359,89126.0042229,,
2,478,stale,89126.0022074,89126.0043046,,
2,479,completed,89126.0367799,89126.0389383,89126.0557257,18.94580000953283
1,479,completed,89126.0367774,89126.0387347,89126.0719336,35.156199999619275
5,479,completed,89126.0368638,89126.038838,89126.0887715,51.90769999171607
0,479,stale,89126.0369352,89126.0389168,,
4,479,stale,89126.036961,89126.0389666,,
3,479,stale,89126.0367524,89126.0389655,,
0,480,completed,89126.0785514,89126.0809464,89126.1053807,26.829299997189082
4,480,completed,89126.0787384,89126.0811116,89126.122017,43.278600001940504
3,480,stale,89126.0788011,89126.0811788,,
2,480,stale,89126.0786585,89126.0810805,,
5,480,stale,89126.0785305,89126.0808029,,
1,480,stale,89126.0785672,89126.0810258,,
3,481,completed,89126.10618,89126.1080132,89126.1386938,32.513800004380755
5,481,completed,89126.1063255,89126.1082606,89126.154755,48.42949999147095
0,481,stale,89126.1063963,89126.1083895,,
2,481,stale,89126.1062359,89126.1081471,,
1,481,stale,89126.106215,89126.1084205,,
4,481,stale,89126.106349,89126.1084165,,
1,482,completed,89126.141124,89126.1433782,89126.1712012,30.077200004598126
3,482,stale,89126.1410717,89126.1432629,,
0,482,stale,89126.1410621,89126.1433295,,
5,482,stale,89126.1409895,89126.1431984,,
2,482,stale,89126.1411281,89126.1433331,,
2,483,completed,89126.1684732,89126.1699317,89126.1874065,18.933300001663156
4,482,stale,89126.1409894,89126.1434254,,
0,483,completed,89126.16858,89126.1699369,89126.2034681,34.888099995441735
4,483,completed,89126.1835216,89126.1843973,89126.2219676,38.44599999138154
5,483,stale,89126.1684918,89126.1699721,,
1,483,stale,89126.1835029,89126.1843846,,
3,483,stale,89126.1684358,89126.1696697,,
3,484,completed,89126.2034544,89126.2064508,89126.2387611,35.306699995999224
5,484,completed,89126.2033641,89126.20617,89126.255909,52.544899997883476
1,484,stale,89126.2034963,89126.2064598,,
2,484,stale,89126.2033493,89126.2062435,,
0,484,stale,89126.2033478,89126.2062778,,
4,484,stale,89126.2037142,89126.2064079,,
1,485,completed,89126.2382517,89126.2399329,89126.2722617,34.01000000303611
2,485,completed,89126.2383236,89126.2406075,89126.2884748,50.15120000462048
4,485,stale,89126.2384465,89126.240729,,
5,485,stale,89126.238409,89126.2406526,,
0,485,stale,89126.2385677,89126.2406211,,
3,485,stale,89126.2382991,89126.2404886,,
0,486,completed,89126.2732212,89126.2752092,89126.305343,32.121800002641976
4,486,completed,89126.2730461,89126.2748686,89126.3220259,48.979799990775064
3,486,stale,89126.2731029,89126.2751898,,
1,486,stale,89126.2729913,89126.2747009,,
2,486,stale,89126.2732457,89126.2752189,,
5,486,stale,89126.2731522,89126.2751989,,
3,487,completed,89126.3075753,89126.3091467,89126.3383816,30.806299997493625
4,487,stale,89126.3078395,89126.309734,,
1,487,stale,89126.3076525,89126.3096294,,
2,487,stale,89126.3076798,89126.309655,,
5,487,stale,89126.3078008,89126.3097208,,
5,488,completed,89126.3353924,89126.3375137,89126.3549696,19.577200000640005
0,487,stale,89126.3076238,89126.3093616,,
1,488,completed,89126.3353112,89126.3373373,89126.3711667,35.855499998433515
2,488,completed,89126.3352977,89126.3373783,89126.3885319,53.23419999331236
0,488,stale,89126.3493418,89126.3500577,,
3,488,stale,89126.3493663,89126.350109,,
4,488,stale,89126.3353327,89126.3373337,,
0,489,completed,89126.3704602,89126.3725641,89126.4053881,34.92789999290835
4,489,completed,89126.3705124,89126.3727832,89126.4231431,52.63069999637082
5,489,stale,89126.3703993,89126.3726623,,
3,489,stale,89126.3703992,89126.37265,,
2,489,stale,89126.3704119,89126.3724641,,
1,489,stale,89126.3705409,89126.3727908,,
3,490,completed,89126.4049324,89126.4070815,89126.4405879,35.65550000348594
2,490,completed,89126.4050014,89126.4071258,89126.458046,53.04460000479594
4,490,stale,89126.4048971,89126.4066255,,
5,490,stale,89126.4049473,89126.4070909,,
0,490,stale,89126.4050471,89126.4071738,,
1,490,stale,89126.4051627,89126.4071286,,
5,491,completed,89126.4400304,89126.4426229,89126.4751007,35.07030000037048
1,491,completed,89126.4400066,89126.4425993,89126.4930807,53.074100011144765
2,491,stale,89126.4397755,89126.4426201,,
0,491,stale,89126.4397511,89126.4425999,,
4,491,stale,89126.4398335,89126.4425994,,
3,491,stale,89126.4398877,89126.4426352,,
4,492,completed,89126.4744645,89126.4770389,89126.5102295,35.76499999326188
5,492,stale,89126.4743869,89126.4769153,,
3,492,stale,89126.4747964,89126.4771859,,
2,492,stale,89126.474342,89126.4766621,,
1,492,stale,89126.4746032,89126.477151,,
0,492,stale,89126.4743728,89126.4769106,,
0,493,completed,89126.502317,89126.50415,89126.5269056,24.588599990238436
3,493,completed,89126.5022731,89126.5041626,89126.5426856,40.41249999136198
1,493,stale,89126.5023519,89126.5042071,,
2,493,stale,89126.5024121,89126.5042057,,
5,493,stale,89126.5024712,89126.5042025,,
4,493,stale,89126.50916,89126.5095758,,
2,494,completed,89126.536942,89126.5398081,89126.5595084,22.566399988136254
5,494,completed,89126.5369275,89126.5398169,89126.575279,38.35149999940768
0,494,stale,89126.5371777,89126.539903,,
3,494,stale,89126.5369095,89126.5395276,,
1,494,stale,89126.5369845,89126.5397259,,
4,494,stale,89126.5371858,89126.539868,,
1,495,completed,89126.5717163,89126.573683,89126.5919121,20.195800010696985
4,495,completed,89126.5716603,89126.5736793,89126.6083113,36.651000002166256
3,495,stale,89126.5717898,89126.5736031,,
0,495,stale,89126.5715917,89126.5734705,,
2,495,stale,89126.5715362,89126.5733651,,
5,495,stale,89126.5715479,89126.5733638,,
3,496,completed,89126.60639,89126.6084174,89126.6252548,18.86480000393931
0,496,completed,89126.6065034,89126.6087572,89126.6415946,35.091199999442324
2,496,completed,89126.6064753,89126.6087093,89126.6596226,53.147300001000986
4,496,stale,89126.6063516,89126.6085161,,
1,496,stale,89126.606357,89126.6087528,,
5,496,stale,89126.6064118,89126.6087542,,
5,497,completed,89126.6412152,89126.6441997,89126.6764486,35.233400005381554
1,497,stale,89126.6411751,89126.6440287,,
0,497,stale,89126.6412385,89126.6441809,,
3,497,stale,89126.6412928,89126.6440506,,
4,497,stale,89126.6411804,89126.6438428,,
2,497,stale,89126.6411747,89126.6438725,,
4,498,completed,89126.6689515,89126.6712405,89126.6932667,24.315199989359826
1,498,completed,89126.6689519,89126.6710546,89126.7092032,40.25129998626653
2,498,completed,89126.6691798,89126.6712835,89126.7252534,56.07360000431072
3,498,stale,89126.6690389,89126.6712277,,
0,498,stale,89126.6691221,89126.6711833,,
5,498,stale,89126.6689681,89126.6711155,,
3,499,completed,89126.710473,89126.7122486,89126.7416565,31.183500002953224
0,499,stale,89126.7104565,89126.7121714,,
2,499,stale,89126.7106733,89126.7125633,,
1,499,stale,89126.7105101,89126.7125399,,
4,499,stale,89126.7107614,89126.7126558,,
5,499,stale,89126.7105731,89126.7124716,,
0,500,completed,89126.7382311,89126.7401173,89126.7578546,19.623500003945082
5,500,completed,89126.7383075,89126.740458,89126.7744729,36.165400000754744
1,500,completed,89126.7382064,89126.7403476,89126.7911843,52.977900006226264
3,500,stale,89126.7382064,89126.7403443,,
4,500,stale,89126.7382708,89126.7404406,,
2,500,stale,89126.7383948,89126.7403458,,
2,501,completed,89126.7732394,89126.7756925,89126.8082056,34.96619999350514
4,501,completed,89126.7733656,89126.7756578,89126.8265412,53.17559999821242
3,501,stale,89126.7731549,89126.7755574,,
1,501,stale,89126.773145,89126.775553,,
5,501,stale,89126.7732854,89126.7757217,,
0,501,stale,89126.773145,89126.7752575,,
3,502,completed,89126.8078135,89126.8104418,89126.8434464,35.63290000602137
5,502,stale,89126.8080698,89126.810821,,
2,502,stale,89126.8077725,89126.8104836,,
1,502,stale,89126.8077939,89126.8107369,,
4,502,stale,89126.8078805,89126.8107044,,
0,502,stale,89126.8080036,89126.8110204,,
0,503,completed,89126.8355113,89126.8387768,89126.8597978,24.28650000365451
1,503,completed,89126.835657,89126.8387748,89126.8757384,40.08140000223648
2,503,stale,89126.8357631,89126.838717,,
3,503,stale,89126.8355901,89126.8387585,,
5,503,stale,89126.835483,89126.8383989,,
4,503,stale,89126.8354829,89126.8387114,,
5,504,completed,89126.8702558,89126.8730376,89126.8922489,21.99310000287369
2,504,completed,89126.8699035,89126.8727219,89126.9080015,38.098000004538335
1,504,stale,89126.870077,89126.8730571,,
4,504,stale,89126.8699131,89126.8731145,,
3,504,stale,89126.870009,89126.8729232,,
0,504,stale,89126.8698852,89126.8727975,,
4,505,completed,89126.9052691,89126.9071823,89126.9244344,19.165300007443875
3,505,completed,89126.905144,89126.9073461,89126.9417059,36.561899993103
0,505,completed,89126.9052135,89126.9073541,89126.9580585,52.844999998342246
2,505,stale,89126.9052566,89126.9073539,,
5,505,stale,89126.9051102,89126.9073184,,
1,505,stale,89126.9050882,89126.9069493,,
1,506,completed,89126.9398674,89126.942447,89126.9743785,34.51110000605695
5,506,completed,89126.9397139,89126.9423058,89126.9925023,52.78839998936746
3,506,stale,89126.939616,89126.9420302,,
4,506,stale,89126.9397906,89126.9423949,,
0,506,stale,89126.9396995,89126.9423372,,
2,506,stale,89126.9396578,89126.9422212,,
2,507,completed,89126.9746183,89126.9771082,89127.0090421,34.42380001069978
3,507,completed,89126.9745148,89126.9768238,89127.0274605,52.945700008422136
4,507,stale,89126.9745105,89126.9769838,,
0,507,stale,89126.9745258,89126.9770448,,
5,507,stale,89126.9745908,89126.976899,,
1,507,stale,89126.974786,89126.977067,,
0,508,completed,89127.0090922,89127.0116958,89127.044201,35.10880000249017
2,508,stale,89127.0091929,89127.0118359,,
1,508,stale,89127.0093457,89127.0118349,,
5,508,stale,89127.0093343,89127.0118331,,
3,508,stale,89127.0091235,89127.0116333,,
4,508,stale,89127.0091388,89127.0117154,,
4,509,completed,89127.0370151,89127.0397704,89127.0606432,23.62810001068283
5,509,completed,89127.0368503,89127.0396185,89127.0769594,40.109099994879216
0,509,stale,89127.037061,89127.0397778,,
3,509,stale,89127.036933,89127.0397498,,
2,509,stale,89127.0368508,89127.0396215,,
1,509,stale,89127.0368951,89127.0397451,,
1,510,completed,89127.0716588,89127.0737547,89127.0932715,21.612699987599626
3,510,completed,89127.0718071,89127.0737485,89127.1092854,37.47830000065733
0,510,stale,89127.0715826,89127.0735165,,
5,510,stale,89127.0715548,89127.0736249,,
4,510,stale,89127.0716157,89127.0735652,,
2,510,stale,89127.0717507,89127.0737454,,
2,511,completed,89127.1064637,89127.1089216,89127.1257599,19.296200000098906
0,511,completed,89127.1063582,89127.1083905,89127.1420461,35.68789998826105
4,511,completed,89127.1064403,89127.1088994,89127.159279,52.83869999402668
3,511,stale,89127.1065599,89127.1089558,,
1,511,stale,89127.1066187,89127.108901,,
5,511,stale,89127.1063991,89127.1088198,,
5,512,completed,89127.141061,89127.1436859,89127.1757256,34.66459999617655
2,512,stale,89127.1413074,89127.143755,,
1,512,stale,89127.1413312,89127.143644,,
4,512,stale,89127.1411619,89127.1437267,,
3,512,stale,89127.1410443,89127.1432505,,
0,512,stale,89127.1411352,89127.1437198,,
1,513,completed,89127.1690836,89127.1713224,89127.1924398,23.35619999212213
3,513,completed,89127.1691561,89127.1714501,89127.2082824,39.12629999103956
5,513,stale,89127.1690014,89127.1711551,,
2,513,stale,89127.1689884,89127.1712226,,
0,513,stale,89127.1693531,89127.171475,,
4,513,stale,89127.1692086,89127.1713931,,
4,514,completed,89127.2038269,89127.2061786,89127.2248416,21.014699988882057
0,514,completed,89127.2035963,89127.2061001,89127.2412935,37.69720000855159
3,514,stale,89127.203619,89127.2060666,,
2,514,stale,89127.2035506,89127.2060679,,
5,514,stale,89127.2035429,89127.2058611,,
1,514,stale,89127.2036762,89127.2061567,,
2,515,completed,89127.2383539,89127.2403573,89127.2575999,19.245999996201135
5,515,completed,89127.2385571,89127.2404722,89127.2740789,35.52179998951033
3,515,completed,89127.2382751,89127.2401339,89127.291781,53.50590001035016
0,515,stale,89127.2385055,89127.2404559,,
4,515,stale,89127.2384147,89127.2402676,,
1,515,stale,89127.2384404,89127.2404999,,
1,516,completed,89127.2733954,89127.2760663,89127.3087324,35.33699999388773
5,516,stale,89127.2732291,89127.2757109,,
3,516,stale,89127.2733514,89127.2758696,,
0,516,stale,89127.2732018,89127.2756577,,
4,516,stale,89127.2732669,89127.2759626,,
2,516,stale,89127.2732026,89127.2757439,,
4,517,completed,89127.301005,89127.3034269,89127.3254608,24.455799997667782
0,517,completed,89127.3011135,89127.3034102,89127.3411802,40.06670000671875
3,517,stale,89127.3008533,89127.3030958,,
2,517,stale,89127.3008806,89127.3034508,,
1,517,stale,89127.3009422,89127.3033378,,
5,517,stale,89127.3008998,89127.3031877,,
5,518,completed,89127.3359204,89127.3383825,89127.3582184,22.29799999622628
2,518,completed,89127.3356083,89127.3381417,89127.3742817,38.673400005791336
3,518,completed,89127.335607,89127.3380523,89127.3905275,54.9204999988433
1,518,stale,89127.3356645,89127.3383384,,
4,518,stale,89127.33564,89127.3383155,,
0,518,stale,89127.3358379,89127.3384881,,
1,519,completed,89127.377201,89127.3787651,89127.4077084,30.507400006172247
5,519,stale,89127.3772697,89127.3790628,,
3,519,stale,89127.3774802,89127.3792676,,
0,519,stale,89127.377246,89127.3793374,,
2,519,stale,89127.3773441,89127.3793252,,
4,519,stale,89127.3773279,89127.3793184,,
4,520,completed,89127.4053229,89127.4072369,89127.42418,18.85710000351537
0,520,completed,89127.4050717,89127.4071735,89127.4402344,35.16269999090582
5,520,stale,89127.4049883,89127.407182,,
3,520,stale,89127.4049787,89127.4071855,,
2,520,stale,89127.4049777,89127.4070826,,
1,520,stale,89127.4052272,89127.407269,,
5,521,completed,89127.4397317,89127.4417658,89127.4592515,19.519800000125542
3,521,completed,89127.4397398,89127.442178,89127.4753847,35.64489999553189
2,521,completed,89127.43975,89127.4421836,89127.4915452,51.795199993648566
1,521,stale,89127.4398091,89127.4421651,,
4,521,stale,89127.4399539,89127.4423134,,
0,521,stale,89127.4398856,89127.4421891,,
1,522,completed,89127.4814265,89127.4832788,89127.5078256,26.39909999561496
3,522,stale,89127.4815891,89127.4835592,,
2,522,stale,89127.4814077,89127.483476,,
5,522,stale,89127.4816681,89127.4836731,,
0,522,stale,89127.4815278,89127.4836164,,
4,522,stale,89127.4814439,89127.4835478,,
0,523,completed,89127.5023686,89127.5043184,89127.5243028,21.934199990937486
4,523,completed,89127.5022355,89127.5043383,89127.5407614,38.52590000315104
2,523,completed,89127.5021591,89127.5042587,89127.5569154,54.756300000008196
1,523,stale,89127.5021322,89127.5042307,,
3,523,stale,89127.5021772,89127.5042839,,
5,523,stale,89127.5023243,89127.5043173,,
3,524,completed,89127.5441886,89127.5464264,89127.5735136,29.324999995878898
4,524,stale,89127.5438574,89127.5463818,,
1,524,stale,89127.5439097,89127.5461655,,
5,524,stale,89127.5439401,89127.5464283,,
2,524,stale,89127.5438715,89127.5462743,,
0,524,stale,89127.544036,89127.5463756,,
5,525,completed,89127.5717001,89127.5740755,89127.5906507,18.950600002426654
1,525,completed,89127.5717317,89127.5739864,89127.6067931,35.061400005361065
2,525,completed,89127.5717925,89127.5741665,89127.6250761,53.283599991118535
3,525,stale,89127.5718226,89127.5741777,,
0,525,stale,89127.5719912,89127.574205,,
4,525,stale,89127.5716839,89127.5739702,,
0,526,completed,89127.606839,89127.6093694,89127.641532,34.69299999414943
4,526,completed,89127.6066096,89127.6094196,89127.6580821,51.47249999572523
1,526,stale,89127.6064387,89127.6091452,,
3,526,stale,89127.6065584,89127.609331,,
5,526,stale,89127.6065242,89127.6092568,,
2,526,stale,89127.6064644,89127.6092606,,
3,527,completed,89127.6480889,89127.6508715,89127.6749582,26.869300010730512
2,527,stale,89127.6481774,89127.650929,,
5,527,stale,89127.6478954,89127.6508666,,
1,527,stale,89127.6478874,89127.6507085,,
0,527,stale,89127.6480225,89127.6508473,,
4,527,stale,89127.6479788,89127.6508482,,
1,528,completed,89127.6690616,89127.671357,89127.6920244,22.96280000882689
5,528,completed,89127.6688418,89127.6711745,89127.7081016,39.25980000349227
0,528,stale,89127.6688734,89127.6713839,,
2,528,stale,89127.6688256,89127.6711137,,
3,528,stale,89127.6688963,89127.6714584,,
4,528,stale,89127.6690976,89127.6713532,,
2,529,completed,89127.7035672,89127.7059236,89127.7245696,21.002399997087196
4,529,completed,89127.70369,89127.7060807,89127.741706,38.01600000588223
0,529,stale,89127.7034951,89127.7055878,,
1,529,stale,89127.7036307,89127.7061283,,
3,529,stale,89127.703536,89127.7059743,,
5,529,stale,89127.7034893,89127.7055946,,
0,530,completed,89127.7384923,89127.7406523,89127.7581573,19.664999999804422
3,530,completed,89127.7383628,89127.740774,89127.7743162,35.95340000174474
5,530,completed,89127.7384053,89127.7408313,89127.7912402,52.83489999419544
4,530,stale,89127.7383388,89127.7410208,,
1,530,stale,89127.7383384,89127.7407831,,
2,530,stale,89127.7384561,89127.7406209,,
1,531,completed,89127.7731032,89127.7754521,89127.8080419,34.9387000023853
2,531,completed,89127.7732583,89127.7755117,89127.8241813,50.92300000251271
4,531,stale,89127.7729552,89127.7753889,,
5,531,stale,89127.7730293,89127.7753885,,
0,531,stale,89127.7729742,89127.7754015,,
3,531,stale,89127.7729644,89127.775208,,
4,532,completed,89127.8147663,89127.8172339,89127.8408501,26.083799995831214
5,532,stale,89127.8150496,89127.8174874,,
2,532,stale,89127.8147809,89127.8174553,,
0,532,stale,89127.8148151,89127.8175498,,
3,532,stale,89127.8148741,89127.8175483,,
1,532,stale,89127.8149782,89127.8175724,,
3,533,completed,89127.8354748,89127.8373826,89127.8575932,22.118399996543303
5,533,completed,89127.835372,89127.837004,89127.8735033,38.13129999616649
4,533,stale,89127.8426097,89127.8431529,,
0,533,stale,89127.8355675,89127.8373468,,
2,533,stale,89127.8354051,89127.8371695,,
1,533,stale,89127.8354344,89127.837357,,
0,534,completed,89127.8703143,89127.8724049,89127.8899781,19.66379999066703
2,534,completed,89127.8703606,89127.8724745,89127.9064077,36.04709998762701
1,534,completed,89127.8705018,89127.8725742,89127.9229674,52.465599990682676
5,534,stale,89127.8702935,89127.8725121,,
4,534,stale,89127.8702299,89127.8723378,,
3,534,stale,89127.8702385,89127.8722007,,
4,535,completed,89127.9051832,89127.9072658,89127.939104,33.92080000776332
3,535,completed,89127.905328,89127.9073665,89127.9551767,49.84870000043884
1,535,stale,89127.9050511,89127.9071775,,
5,535,stale,89127.9049955,89127.9070728,,
0,535,stale,89127.9050869,89127.9072045,,
2,535,stale,89127.9050017,89127.9071664,,
5,536,completed,89127.9411586,89127.9432768,89127.9721333,30.974699999205768
0,536,completed,89127.9412043,89127.9433532,89127.9879209,46.716600001673214
3,536,stale,89127.9414158,89127.9434614,,
4,536,stale,89127.9412592,89127.9433515,,
2,536,stale,89127.9413324,89127.9435255,,
1,536,stale,89127.9411514,89127.9431642,,
1,537,completed,89127.9744226,89127.9765611,89128.0046013,30.17869999166578
0,537,stale,89127.9745232,89127.9766296,,
3,537,stale,89127.9743564,89127.9763838,,
4,537,stale,89127.9745583,89127.9764991,,
2,537,stale,89127.9744078,89127.9765677,,
5,537,stale,89127.9743826,89127.9761702,,
2,538,completed,89128.0021125,89128.0045953,89128.0210322,18.919699999969453
4,538,completed,89128.0020927,89128.0045303,89128.0372108,35.11810000054538
3,538,completed,89128.0022107,89128.0043279,89128.0548975,52.68680000153836
1,538,stale,89128.0021626,89128.0046894,,
5,538,stale,89128.0022452,89128.004634,,
0,538,stale,89128.0020927,89128.0040803,,
5,539,completed,89128.0369605,89128.0390403,89128.0714397,34.479199995985255
0,539,completed,89128.0369044,89128.0391293,89128.0899222,53.01780000445433
4,539,stale,89128.0370017,89128.0390617,,
2,539,stale,89128.0368128,89128.0388192,,
1,539,stale,89128.0367729,89128.0385798,,
3,539,stale,89128.0368646,89128.0391295,,
1,540,completed,89128.0717,89128.0744156,89128.1067572,35.057200002484024
2,540,completed,89128.0716595,89128.074326,89128.1246833,53.023800006485544
0,540,stale,89128.0719203,89128.0744711,,
4,540,stale,89128.0716283,89128.0743264,,
5,540,stale,89128.0717767,89128.0743979,,
3,540,stale,89128.0718644,89128.0744611,,
4,541,completed,89128.1065742,89128.1092761,89128.1414644,34.890199996880256
3,541,completed,89128.1066951,89128.1094442,89128.1591711,52.47599999711383
0,541,stale,89128.1063389,89128.1089126,,
5,541,stale,89128.106381,89128.109365,,
1,541,stale,89128.1063585,89128.1093913,,
2,541,stale,89128.1065206,89128.1094246,,
5,542,completed,89128.1410323,89128.1433669,89128.176138,35.105699993437156
2,542,stale,89128.1412741,89128.1435169,,
3,542,stale,89128.1409706,89128.1428116,,
1,542,stale,89128.141175,89128.1435123,,
4,542,stale,89128.1411188,89128.14347,,
0,542,stale,89128.1410152,89128.1433441,,
0,543,completed,89128.1690626,89128.1716169,89128.1926396,23.576999999932013
1,543,completed,89128.169239,89128.1716293,89128.2083992,39.160200001788326
2,543,stale,89128.1690143,89128.1711428,,
3,543,stale,89128.1693383,89128.1714804,,
4,543,stale,89128.1690876,89128.1716128,,
5,543,stale,89128.1692008,89128.1716217,,
2,544,completed,89128.203488,89128.2055912,89128.2247716,21.283599999151193
3,544,completed,89128.2036999,89128.2056722,89128.2408068,37.106899995706044
5,544,stale,89128.2035644,89128.2056798,,
0,544,stale,89128.2034876,89128.2055907,,
1,544,stale,89128.2037293,89128.2057409,,
4,544,stale,89128.2035846,89128.2056948,,
4,545,completed,89128.2381927,89128.2411109,89128.2571004,18.90770001045894
5,545,completed,89128.2381919,89128.2404941,89128.2730649,34.87299999687821
0,545,completed,89128.2383674,89128.2408584,89128.2912551,52.88770000333898
1,545,stale,89128.238294,89128.240936,,
3,545,stale,89128.2382286,89128.2409075,,
2,545,stale,89128.2383249,89128.240924,,
1,546,completed,89128.2732048,89128.2756235,89128.3075327,34.32789999351371
0,546,stale,89128.2731807,89128.2761796,,
3,546,completed,89128.2732888,89128.2759591,89128.3252409,51.95209999510553
2,546,stale,89128.273326,89128.2760152,,
4,546,stale,89128.2733094,89128.2759701,,
5,546,stale,89128.2734592,89128.2759652,,
2,547,completed,89128.3076316,89128.3093466,89128.3415846,33.953000005567446
3,547,stale,89128.3078024,89128.3097351,,
4,547,stale,89128.3077192,89128.3095992,,
0,547,stale,89128.3007476,89128.301162,,
5,547,stale,89128.3076301,89128.309627,,
1,547,stale,89128.307692,89128.3095918,,
5,548,completed,89128.335589,89128.3380373,89128.3586774,23.08840000478085
4,548,completed,89128.3355603,89128.3378868,89128.3746395,39.07920001074672
1,548,stale,89128.3358147,89128.3382106,,
3,548,stale,89128.3356382,89128.3379397,,
2,548,stale,89128.3424698,89128.3434516,,
0,548,stale,89128.3356957,89128.3379807,,
0,549,completed,89128.3703385,89128.3728247,89128.3914382,21.099699995829724
1,549,completed,89128.3704145,89128.372781,89128.4075011,37.086600001202896
3,549,stale,89128.3704589,89128.3729019,,
2,549,stale,89128.3703385,89128.3729046,,
5,549,stale,89128.3704908,89128.3729332,,
4,549,stale,89128.3703657,89128.3727916,,
3,550,completed,89128.4050154,89128.4072054,89128.4239564,18.941000002087094
2,550,completed,89128.4050161,89128.4072035,89128.440091,35.074899991741404
4,550,completed,89128.405103,89128.4074936,89128.4583657,53.26270000659861
1,550,stale,89128.4051616,89128.4074952,,
5,550,stale,89128.4050802,89128.4073223,,
0,550,stale,89128.4050407,89128.4071575,,
5,551,completed,89128.4399123,89128.4426189,89128.4752767,35.364399998798035
0,551,completed,89128.4398048,89128.4428082,89128.4922915,52.486700005829334
4,551,stale,89128.4397289,89128.442724,,
1,551,stale,89128.4397222,89128.4424528,,
3,551,stale,89128.4397853,89128.4427196,,
2,551,stale,89128.4397224,89128.4426343,,
1,552,completed,89128.474285,89128.4762951,89128.5089881,34.70309999829624
5,552,stale,89128.4742963,89128.4763243,,
2,552,stale,89128.4743728,89128.4764125,,
4,552,stale,89128.4742784,89128.4763171,,
0,552,stale,89128.4745208,89128.4766035,,
3,552,stale,89128.4744546,89128.4764368,,
2,553,completed,89128.5023265,89128.5043715,89128.5253254,22.998899992671795
3,553,completed,89128.5023506,89128.5041218,89128.5413142,38.9636000036262
4,553,stale,89128.502414,89128.5044724,,
5,553,stale,89128.5024967,89128.5043603,,
0,553,stale,89128.5023857,89128.5045513,,
1,553,stale,89128.5024373,89128.5044325,,
4,554,completed,89128.5370848,89128.5394627,89128.5588907,21.805900003528222
5,554,completed,89128.5370375,89128.5397219,89128.5751085,38.07099998812191
1,554,stale,89128.5370374,89128.5397282,,
3,554,stale,89128.537188,89128.5397391,,
2,554,stale,89128.5372086,89128.5398582,,
0,554,stale,89128.5371238,89128.5397407,,
0,555,completed,89128.571736,89128.5738251,89128.5914714,19.735399997443892
1,555,completed,89128.5716029,89128.5736429,89128.6076509,36.04799999448005
3,555,completed,89128.5717144,89128.5737201,89128.6235912,51.876800003810786
4,555,stale,89128.5716708,89128.5735227,,
2,555,stale,89128.5718101,89128.5737837,,
5,555,stale,89128.5716031,89128.5736939,,
2,556,completed,89128.6135677,89128.6151981,89128.6399399,26.372199994511902
4,556,stale,89128.6132972,89128.6147327,,
4,557,completed,89128.6340311,89128.6344128,89128.656194,22.162900000694208
1,556,stale,89128.6132441,89128.6143872,,
3,556,stale,89128.613373,89128.6153123,,
5,556,stale,89128.613335,89128.6153119,,
0,556,stale,89128.6134192,89128.6153067,,
5,557,completed,89128.6412694,89128.6431203,89128.6725769,31.307500001275912
3,557,stale,89128.6413025,89128.6431077,,
2,557,stale,89128.6411663,89128.6430034,,
0,557,stale,89128.6412118,89128.6431482,,
1,557,stale,89128.6411136,89128.6429968,,
1,558,completed,89128.6690275,89128.6713949,89128.6886925,19.664999999804422
0,558,completed,89128.6689315,89128.6713586,89128.705374,36.44250000070315
5,558,stale,89128.668908,89128.6713478,,
2,558,stale,89128.6690697,89128.671311,,
3,558,stale,89128.6688362,89128.6709907,,
4,558,stale,89128.6688577,89128.6715874,,
3,559,completed,89128.7035647,89128.7056829,89128.7224131,18.84839999547694
2,559,completed,89128.7035205,89128.7055656,89128.738636,35.115499995299615
5,559,completed,89128.7034831,89128.705224,89128.7562017,52.71859999629669
0,559,stale,89128.7036235,89128.7056797,,
4,559,stale,89128.7037752,89128.7057477,,
1,559,stale,89128.7036587,89128.7055784,,
4,560,completed,89128.7383856,89128.740613,89128.7724242,34.03860000253189
1,560,completed,89128.7385971,89128.740731,89128.7885214,49.92429999401793
3,560,stale,89128.7383602,89128.7406013,,
0,560,stale,89128.7382493,89128.7400326,,
2,560,stale,89128.7385582,89128.7407247,,
5,560,stale,89128.738276,89128.7401905,,
0,561,completed,89128.77998,89128.7820057,89128.8048123,24.832299997797236
5,561,completed,89128.7799979,89128.7820709,89128.8209411,40.943200001493096
1,561,stale,89128.7801196,89128.7820167,,
3,561,stale,89128.7799361,89128.7816077,,
4,561,stale,89128.7800874,89128.7819972,,
2,561,stale,89128.7800521,89128.7819932,,
3,562,completed,89128.8077507,89128.8097946,89128.8375356,29.784900005324744
1,562,stale,89128.8077138,89128.8094807,,
4,562,stale,89128.8078063,89128.8097979,,
2,562,stale,89128.8079506,89128.8098598,,
5,562,stale,89128.8076908,89128.8096487,,
0,562,stale,89128.8078646,89128.8097296,,
2,563,completed,89128.8357809,89128.8375043,89128.8540906,18.309699997189455
4,563,completed,89128.8354607,89128.8374136,89128.870638,35.17730000021402
1,563,completed,89128.8354218,89128.8370027,89128.8882137,52.791900001466274
0,563,stale,89128.8356274,89128.8375377,,
5,563,stale,89128.8356994,89128.8375586,,
3,563,stale,89128.8354904,89128.8377085,,
5,564,completed,89128.8704004,89128.872333,89128.9044442,34.04379999847151
0,564,completed,89128.8701627,89128.8722129,89128.9225978,52.43510000582319
2,564,stale,89128.8701628,89128.872211,,
3,564,stale,89128.8703433,89128.8724019,,
4,564,stale,89128.870286,89128.872412,,
1,564,stale,89128.8702279,89128.8721202,,
3,565,completed,89128.9051766,89128.9076871,89128.9391414,33.96479999355506
1,565,completed,89128.905354,89128.9076545,89128.9551337,49.779699998907745
4,565,stale,89128.9051748,89128.9077208,,
0,565,stale,89128.9052666,89128.9076064,,
2,565,stale,89128.9052801,89128.9076248,,
5,565,stale,89128.9052015,89128.9076577,,
2,566,completed,89128.9467647,89128.9492135,89128.9713841,24.619400006486103
3,566,stale,89128.946741,89128.9491709,,
0,566,stale,89128.9468219,89128.9490776,,
4,566,stale,89128.9467363,89128.9490397,,
1,566,stale,89128.9470208,89128.9491627,,
4,567,completed,89128.9677251,89128.9694295,89128.9880606,20.33549999759998
5,566,stale,89128.9469302,89128.9493779,,
0,567,completed,89128.9676624,89128.9692684,89129.0043797,36.717299997690134
3,567,stale,89128.9676347,89128.9692446,,
1,567,stale,89128.9677001,89128.969424,,
2,567,stale,89128.967611,89128.9691225,,
5,567,stale,89128.9742166,89128.9746199,,
5,568,completed,89129.0022644,89129.0043319,89129.0209139,18.649500008905306
1,568,completed,89129.0020371,89129.0042962,89129.0368352,34.79809999407735
3,568,completed,89129.0022027,89129.0042772,89129.0553242,53.12150000827387
2,568,stale,89129.0020372,89129.0043207,,
0,568,stale,89129.0023705,89129.0043535,,
4,568,stale,89129.0020735,89129.0041126,,
2,569,completed,89129.0370872,89129.0393615,89129.0715064,34.419199990225025
4,569,completed,89129.0372603,89129.0395368,89129.0895752,52.314900007331744
3,569,stale,89129.0373088,89129.0395701,,
5,569,stale,89129.0371114,89129.0395544,,
0,569,stale,89129.0370336,89129.0395703,,
1,569,stale,89129.0369893,89129.0391816,,
0,570,completed,89129.0718063,89129.0740813,89129.1061572,34.35090000857599
1,570,completed,89129.0718667,89129.0741054,89129.1238667,51.99999999604188
2,570,stale,89129.0716663,89129.0739331,,
3,570,stale,89129.0717121,89129.0740385,,
4,570,stale,89129.0716351,89129.0734829,,
5,570,stale,89129.0716894,89129.0740606,,
5,571,completed,89129.1061416,89129.1084583,89129.1405194,34.377799995127134
3,571,completed,89129.1059497,89129.1082387,89129.1569151,50.96540000522509
4,571,stale,89129.1060195,89129.1084195,,
0,571,stale,89129.105989,89129.1083702,,
2,571,stale,89129.1059307,89129.1081456,,
1,571,stale,89129.1062605,89129.1085216,,
4,572,completed,89129.147969,89129.1500501,89129.1736515,25.682499996037222
5,572,stale,89129.1479999,89129.1502374,,
1,572,stale,89129.1480274,89129.1502457,,
2,572,stale,89129.1481796,89129.1502239,,
3,572,stale,89129.1481464,89129.1502083,,
0,572,stale,89129.1479746,89129.1500444,,
2,573,completed,89129.1686523,89129.1705286,89129.1903412,21.688900000299327
0,573,completed,89129.1688836,89129.1707705,89129.2061229,37.239299999782816
5,573,stale,89129.1686681,89129.1703041,,
1,573,stale,89129.1687831,89129.1705952,,
4,573,stale,89129.168988,89129.1707665,,
3,573,stale,89129.1687368,89129.170658,,
1,574,completed,89129.203704,89129.2056634,89129.2224132,18.709199997829273
3,574,completed,89129.2038329,89129.2058826,89129.238724,34.891099989181384
5,574,completed,89129.2035377,89129.2056048,89129.2568786,53.340900005423464
2,574,stale,89129.2035726,89129.2054829,,
0,574,stale,89129.2035299,89129.2053782,,
4,574,stale,89129.2036615,89129.2056575,,
4,575,completed,89129.2383757,89129.2412731,89129.2732917,34.91599998960737
2,575,completed,89129.2382702,89129.2412106,89129.2907543,52.48410000058357
1,575,stale,89129.2382555,89129.2412198,,
0,575,stale,89129.2383376,89129.2412304,,
5,575,stale,89129.2384842,89129.2412181,,
3,575,stale,89129.2382452,89129.2410104,,
0,576,completed,89129.2729005,89129.2753697,89129.3076401,34.73959999973886
3,576,completed,89129.2729645,89129.2755933,89129.3260166,53.05209998914506
4,576,stale,89129.2730975,89129.2754471,,
5,576,stale,89129.2730195,89129.2753967,,
2,576,stale,89129.2728889,89129.2750589,,
1,576,stale,89129.2728882,89129.2753766,,
1,577,completed,89129.3079025,89129.3106752,89129.3423517,34.4492000003811
0,577,stale,89129.3079908,89129.3105883,,
2,577,stale,89129.3078606,89129.3105635,,
5,577,stale,89129.3077861,89129.3103898,,
4,577,stale,89129.307821,89129.3102602,,
3,577,stale,89129.3077864,89129.3103252,,
5,578,completed,89129.3355693,89129.337917,89129.3596997,24.130399993737228
2,578,completed,89129.3355533,89129.3377051,89129.3759812,40.427900006761774
3,578,stale,89129.3355118,89129.3380112,,
1,578,stale,89129.3356799,89129.3378688,,
4,578,stale,89129.335512,89129.3380039,,
0,578,stale,89129.3356494,89129.3377249,,
4,579,completed,89129.3703315,89129.3726733,89129.3924655,22.133999998914078
3,579,completed,89129.3702747,89129.3724379,89129.4087501,38.47539999696892
5,579,stale,89129.3702744,89129.3725644,,
1,579,stale,89129.3702856,89129.3726088,,
2,579,stale,89129.3703525,89129.3727378,,
0,579,stale,89129.3704018,89129.3727088,,
0,580,completed,89129.4056571,89129.4077624,89129.4257363,20.079200010513887
1,580,completed,89129.4055635,89129.4077203,89129.4421232,36.55970000545494
5,580,stale,89129.4052982,89129.4077023,,
3,580,stale,89129.4057441,89129.4077892,,
2,580,stale,89129.4052915,89129.4077254,,
4,580,stale,89129.4052911,89129.4073584,,
5,581,completed,89129.4396581,89129.4417477,89129.4588192,19.161099990014918
2,581,completed,89129.4397817,89129.4419584,89129.4748033,35.02160000789445
3,581,stale,89129.4397497,89129.4419552,,
4,581,stale,89129.4398652,89129.442059,,
1,581,stale,89129.4396719,89129.4420446,,
0,581,stale,89129.4396524,89129.4420163,,
4,582,completed,89129.4744481,89129.4766603,89129.4934413,18.993200006661937
3,582,completed,89129.474502,89129.4766443,89129.509469,34.96699999959674
5,582,stale,89129.4745326,89129.4766823,,
1,582,stale,89129.4743718,89129.4765901,,
0,582,stale,89129.4743709,89129.4765486,,
2,582,stale,89129.4744131,89129.4765166,,
0,583,completed,89129.502256,89129.5044336,89129.5258917,23.635699995793402
1,583,completed,89129.502126,89129.5042109,89129.5419704,39.84439998748712
4,583,stale,89129.5022975,89129.5045244,,
2,583,stale,89129.502168,89129.5044492,,
3,583,stale,89129.5020984,89129.5043326,,
5,583,stale,89129.5020904,89129.5040314,,
2,584,completed,89129.5368081,89129.5386868,89129.5584777,21.669599998858757
5,584,completed,89129.5370219,89129.5389395,89129.5746128,37.59089999948628
4,584,stale,89129.5368077,89129.5387486,,
3,584,stale,89129.5369573,89129.5389346,,
0,584,stale,89129.5368664,89129.5387588,,
1,584,stale,89129.5369013,89129.5389247,,
3,585,completed,89129.5719221,89129.5740601,89129.5908896,18.967500000144355
4,585,completed,89129.5717559,89129.5738613,89129.6067243,34.96839999570511
0,585,completed,89129.5718648,89129.5740391,89129.6244836,52.61879999306984
1,585,stale,89129.5720219,89129.5741099,,
2,585,stale,89129.571769,89129.5738304,,
5,585,stale,89129.5718276,89129.5740163,,
1,586,completed,89129.6064679,89129.6086675,89129.6408976,34.42969999741763
2,586,completed,89129.6063777,89129.6087696,89129.6596348,53.25710000761319
5,586,stale,89129.606357,89129.6087489,,
3,586,stale,89129.6066012,89129.6087785,,
0,586,stale,89129.6065267,89129.6088081,,
4,586,stale,89129.6063095,89129.6080918,,
5,587,completed,89129.6410472,89129.6433122,89129.6761236,35.076400003163144
4,587,stale,89129.6410673,89129.6437917,,
1,587,stale,89129.6414308,89129.6437505,,
0,587,stale,89129.641162,89129.6437896,,
2,587,stale,89129.641102,89129.6435425,,
3,587,stale,89129.6412396,89129.6437554,,
4,588,completed,89129.6688923,89129.6708233,89129.6928758,23.983499995665625
3,588,completed,89129.6690182,89129.67097,89129.7086768,39.65859999880195
1,588,stale,89129.6688757,89129.6708101,,
0,588,stale,89129.6688788,89129.6708073,,
2,588,stale,89129.6690973,89129.6709921,,
5,588,stale,89129.6691505,89129.671007,,
0,589,completed,89129.7037427,89129.7059412,89129.7251311,21.38839999679476
2,589,completed,89129.7035323,89129.7059313,89129.7412803,37.74800000246614
1,589,stale,89129.7035895,89129.7058061,,
5,589,stale,89129.7035315,89129.7060032,,
4,589,stale,89129.7036593,89129.706054,,
3,589,stale,89129.703539,89129.7059365,,
1,590,completed,89129.7381392,89129.7399307,89129.757735,19.595800011302345
5,590,completed,89129.7382146,89129.7403672,89129.7738141,35.59949999907985
3,590,completed,89129.7383362,89129.7403846,89129.7907717,52.435500008868985
4,590,stale,89129.7381863,89129.7403562,,
0,590,stale,89129.7384022,89129.7403252,,
2,590,stale,89129.7381411,89129.7403594,,
4,591,completed,89129.7728244,89129.7748844,89129.8072252,34.4007999956375
0,591,completed,89129.7728238,89129.7749198,89129.8236813,50.85749999852851
2,591,stale,89129.772968,89129.7749983,,
3,591,stale,89129.7728764,89129.7750226,,
5,591,stale,89129.7728353,89129.7748748,,
1,591,stale,89129.7730529,89129.7750211,,
2,592,completed,89129.8093014,89129.8110524,89129.8400087,30.707300000358373
3,592,stale,89129.8094819,89129.8113825,,
1,592,stale,89129.809439,89129.8114193,,
5,592,stale,89129.8094181,89129.8114008,,
4,592,stale,89129.8093521,89129.8113257,,
0,592,stale,89129.8093361,89129.8112259,,
5,593,completed,89129.8359313,89129.8378352,89129.8566248,20.69350000238046
1,593,completed,89129.8356497,89129.8376434,89129.8726469,36.99719998985529
2,593,stale,89129.8355819,89129.8377054,,
0,593,stale,89129.8356891,89129.83801,,
3,593,stale,89129.8355604,89129.8375186,,
4,593,stale,89129.8358725,89129.837822,,
3,594,completed,89129.8702963,89129.8725969,89129.8890491,18.75280000967905
0,594,completed,89129.8702577,89129.8724917,89129.9057656,35.50790000008419
4,594,completed,89129.8704715,89129.8726237,89129.922455,51.983500001369976
1,594,stale,89129.8703289,89129.872616,,
5,594,stale,89129.8704988,89129.8725724,,
2,594,stale,89129.8702099,89129.8719855,,
2,595,completed,89129.9049498,89129.9071598,89129.93879,33.84020000521559
5,595,completed,89129.9048395,89129.9067309,89129.9565658,51.72630000743084
3,595,stale,89129.9048999,89129.9071571,,
4,595,stale,89129.9048352,89129.906828,,
0,595,stale,89129.905058,89129.9070436,,
1,595,stale,89129.9047936,89129.9065871,,
1,596,completed,89129.9400022,89129.9426252,89129.973161,33.15879999718163
4,596,stale,89129.9401777,89129.9425304,,
5,596,stale,89129.9399143,89129.9424872,,
2,596,stale,89129.9398914,89129.9423963,,
3,596,stale,89129.9398778,89129.9423333,,
0,596,stale,89129.9400937,89129.9426394,,
4,597,completed,89129.9673479,89129.9698243,89129.9897969,22.448999996413477
0,597,completed,89129.9673477,89129.9698131,89130.0062116,38.8639000011608
1,597,stale,89129.9673478,89129.9698159,,
5,597,stale,89129.9675303,89129.96981,,
2,597,stale,89129.9674583,89129.9697332,,
3,597,stale,89129.9673956,89129.9698554,,
3,598,completed,89130.002496,89130.0047885,89130.0228634,20.36739999311976
2,598,completed,89130.0027051,89130.0046889,89130.03908,36.37489999528043
5,598,stale,89130.0026241,89130.0045837,,
0,598,stale,89130.002571,89130.0045713,,
1,598,stale,89130.0023848,89130.0040956,,
4,598,stale,89130.0025201,89130.004529,,
5,599,completed,89130.0368336,89130.0389443,89130.0556976,18.863999997847714
1,599,completed,89130.0369242,89130.0390607,89130.0720105,35.08629999123514
0,599,completed,89130.0370382,89130.0390237,89130.0893604,52.322200004709885
4,599,stale,89130.0369607,89130.0390697,,
2,599,stale,89130.0368903,89130.0388721,,
3,599,stale,89130.0368335,89130.0389479,,
4,600,completed,89130.0715272,89130.0735043,89130.105816,34.28880000137724
2,600,completed,89130.0715189,89130.0735832,89130.1221578,50.638899992918596
3,600,stale,89130.0716005,89130.0737678,,
5,600,stale,89130.0715745,89130.0738874,,
0,600,stale,89130.0716818,89130.0739597,,
1,600,stale,89130.0718338,89130.0739344,,
3,601,completed,89130.1134033,89130.1154582,89130.1387588,25.35550000902731
5,601,completed,89130.113324,89130.1155542,89130.1548028,41.478799990727566
1,601,stale,89130.1133073,89130.1155389,,
4,601,stale,89130.1133032,89130.1153359,,
0,601,stale,89130.1135165,89130.1155517,,
2,601,stale,89130.1135667,89130.1155872,,
1,602,completed,89130.1409722,89130.1426313,89130.1714169,30.444700008956715
3,602,stale,89130.1410834,89130.1432017,,
2,602,stale,89130.1411998,89130.1432046,,
0,602,stale,89130.1411754,89130.1431959,,
5,602,stale,89130.141012,89130.1427939,,
4,602,stale,89130.1410582,89130.1431396,,
0,603,completed,89130.1691804,89130.1715747,89130.1881164,18.935999993118457
4,603,completed,89130.1691617,89130.1716154,89130.2042865,35.12479999335483
2,603,completed,89130.1691502,89130.1715371,89130.2209834,51.83319999196101
1,603,stale,89130.1826103,89130.1830534,,
5,603,stale,89130.1692782,89130.171589,,
3,603,stale,89130.1691492,89130.1715023,,
5,604,completed,89130.2035202,89130.2056021,89130.2375143,33.99409999838099
3,604,completed,89130.2035951,89130.2056762,89130.2550808,51.485699994373135
2,604,stale,89130.2034152,89130.2055429,,
1,604,stale,89130.2033579,89130.2053305,,
0,604,stale,89130.2035649,89130.2059427,,
4,604,stale,89130.2033881,89130.2054444,,
1,605,completed,89130.2384168,89130.2406509,89130.2716242,33.20740000344813
2,605,completed,89130.2383191,89130.2406854,89130.2882202,49.90110000653658
3,605,stale,89130.2384467,89130.2407961,,
0,605,stale,89130.2383165,89130.2406976,,
5,605,stale,89130.2383641,89130.2407161,,
4,605,stale,89130.2384944,89130.240818,,
4,606,completed,89130.2732465,89130.2752918,89130.3048879,31.641399997170083
0,606,completed,89130.2731378,89130.2751777,89130.3210334,47.8956000006292
5,606,stale,89130.2731223,89130.2751674,,
3,606,stale,89130.2730922,89130.2747596,,
2,606,stale,89130.2731944,89130.2752426,,
1,606,stale,89130.2733566,89130.2752131,,
5,607,completed,89130.307614,89130.3094469,89130.3374326,29.818599999998696
2,607,stale,89130.3075957,89130.3096156,,
4,607,stale,89130.3077446,89130.309759,,
3,607,stale,89130.3075792,89130.309443,,
0,607,stale,89130.3076837,89130.3097572,,
1,607,stale,89130.3079041,89130.3097824,,
3,608,completed,89130.3355808,89130.3378839,89130.354331,18.750199989881366
1,608,completed,89130.3355306,89130.3378738,89130.3709986,35.468000001856126
2,608,completed,89130.3356546,89130.337694,89130.3884253,52.77070000011008
4,608,stale,89130.3355302,89130.3378692,,
0,608,stale,89130.3355612,89130.3378826,,
5,608,stale,89130.3356267,89130.3380187,,
0,609,completed,89130.3703858,89130.3726626,89130.4047731,34.38730000925716
4,609,completed,89130.3701817,89130.372689,89130.4225454,52.363700000569224
1,609,stale,89130.3701816,89130.3726697,,
3,609,stale,89130.3702902,89130.3725445,,
5,609,stale,89130.3704453,89130.3728423,,
2,609,stale,89130.3702229,89130.3726108,,
5,610,completed,89130.4050321,89130.4074077,89130.4390549,34.02279999863822
3,610,completed,89130.4048965,89130.4069668,89130.4551397,50.24320000666194
4,610,stale,89130.4049242,89130.4070665,,
1,610,stale,89130.4049438,89130.4070049,,
2,610,stale,89130.4051909,89130.4074523,,
0,610,stale,89130.4050745,89130.4072465,,
2,611,completed,89130.4466429,89130.4487297,89130.4715611,24.91819999704603
5,611,stale,89130.4466601,89130.4488664,,
3,611,stale,89130.446676,89130.4488816,,
4,611,stale,89130.4467943,89130.4488767,,
1,611,stale,89130.4467304,89130.4488891,,
0,611,stale,89130.4466428,89130.4488722,,
1,612,completed,89130.4674515,89130.4693419,89130.4880698,20.618300011847168
4,612,completed,89130.4674014,89130.469336,89130.5043017,36.90029999415856
5,612,stale,89130.4673738,89130.4691696,,
3,612,stale,89130.4673413,89130.4691754,,
2,612,stale,89130.4676308,89130.469466,,
0,612,stale,89130.4675184,89130.4694683,,
0,613,completed,89130.5021456,89130.5042188,89130.5213993,19.25370001117699
5,613,completed,89130.5020953,89130.5041255,89130.5371973,35.10199999436736
3,613,completed,89130.5022592,89130.5041764,89130.5531237,50.8644999936223
1,613,stale,89130.501991,89130.5037154,,
2,613,stale,89130.5022125,89130.5041626,,
4,613,stale,89130.5020353,89130.5041417,,
2,614,completed,89130.5467063,89130.5487668,89130.5693415,22.635200002696365
1,614,completed,89130.546615,89130.5486388,89130.5853189,38.70390000520274
3,614,stale,89130.5468053,89130.5488271,,
4,614,stale,89130.5470844,89130.5489319,,
0,614,stale,89130.5466587,89130.5486951,,
5,614,stale,89130.5466204,89130.5487806,,
4,615,completed,89130.5714629,89130.5732662,89130.6016792,30.216300001484342
0,615,completed,89130.5716722,89130.5735301,89130.6174055,45.73329999402631
3,615,stale,89130.5714793,89130.5732535,,
5,615,stale,89130.5715258,89130.5735787,,
2,615,stale,89130.5716065,89130.5734861,,
1,615,stale,89130.571711,89130.57361,,
5,616,completed,89130.6062027,89130.6080012,89130.6342914,28.088699997169897
3,616,completed,89130.6061796,89130.6077322,89130.6503932,44.21360000560526
2,616,stale,89130.6062948,89130.6081489,,
1,616,stale,89130.6062687,89130.6083014,,
0,616,stale,89130.6064187,89130.608142,,
4,616,stale,89130.6064071,89130.6083323,,
2,617,completed,89130.6409758,89130.6430866,89130.6666477,25.671900002635084
1,617,completed,89130.6409314,89130.6430544,89130.6829154,41.983999995863996
3,617,stale,89130.6408995,89130.6429101,,
0,617,stale,89130.6411274,89130.6430933,,
4,617,stale,89130.6409465,89130.6431138,,
5,617,stale,89130.6410714,89130.6431193,,
0,618,completed,89130.6688281,89130.6706443,89130.6993343,30.50620001158677
4,618,completed,89130.6689896,89130.6708039,89130.7157406,46.75100000167731
5,618,stale,89130.6690785,89130.6709007,,
1,618,stale,89130.668919,89130.6708723,,
3,618,stale,89130.6687963,89130.6705722,,
2,618,stale,89130.668781,89130.6705009,,
3,619,completed,89130.7105565,89130.7124991,89130.732197,21.640500010107644
5,619,completed,89130.7104164,89130.7122341,89130.7482524,37.83599998860154
2,619,stale,89130.7105019,89130.7125736,,
0,619,stale,89130.710451,89130.7126445,,
1,619,stale,89130.7104023,89130.7123681,,
4,619,stale,89130.7106332,89130.7125803,,
2,620,completed,89130.7384828,89130.7406802,89130.7650108,26.52799998759292
1,620,completed,89130.7386017,89130.7407326,89130.7808166,42.21490000782069
4,620,stale,89130.738508,89130.7406971,,
0,620,stale,89130.7384641,89130.7407045,,
5,620,stale,89130.7387286,89130.7406841,,
3,620,stale,89130.7387405,89130.7406781,,
4,621,completed,89130.7660873,89130.7673274,89130.7971837,31.096399994567037
0,621,completed,89130.7660397,89130.7674081,89130.8130278,46.9881000026362
2,621,stale,89130.7660204,89130.7673968,,
1,621,stale,89130.7659802,89130.7671043,,
5,621,stale,89130.7730404,89130.7737422,,
3,621,stale,89130.7730544,89130.773751,,
5,622,completed,89130.8076255,89130.8083068,89130.8297536,22.128099997644313
3,622,completed,89130.8075914,89130.8083,89130.8459405,38.349100010236725
2,622,stale,89130.8007705,89130.8021016,,
1,622,stale,89130.8007579,89130.8021333,,
0,622,stale,89130.8006599,89130.8019599,,
4,622,stale,89130.8006943,89130.8019751,,
1,623,completed,89130.8355288,89130.8377168,89130.8623768,26.847999994060956
2,623,completed,89130.8354978,89130.8373539,89130.8790765,43.57870000239927
0,623,stale,89130.8357958,89130.8377701,,
3,623,stale,89130.8356064,89130.8375636,,
4,623,stale,89130.8357208,89130.8377594,,
5,623,stale,89130.8355542,89130.8376924,,
4,624,completed,89130.8703272,89130.8721733,89130.8957081,25.380899998708628
0,624,completed,89130.8701058,89130.8717944,89130.9122843,42.178499992587604
5,624,stale,89130.8701948,89130.8722041,,
1,624,stale,89130.8701341,89130.8721804,,
2,624,stale,89130.8702761,89130.8722623,,
3,624,stale,89130.8701067,89130.8721229,,
3,625,completed,89130.9051885,89130.9072474,89130.9287209,23.532400009571575
5,625,completed,89130.9050136,89130.9068452,89130.94488,39.86639999493491
1,625,stale,89130.9050527,89130.9071474,,
4,625,stale,89130.905006,89130.9070803,,
0,625,stale,89130.9050745,89130.9070426,,
2,625,stale,89130.9052811,89130.9072494,,
2,626,completed,89130.9346146,89130.9368685,89130.9613354,26.72080000047572
1,626,completed,89130.934401,89130.9365022,89130.9771933,42.792299995198846
0,626,stale,89130.9344583,89130.936833,,
5,626,stale,89130.9344325,89130.9368309,,
4,626,stale,89130.9344012,89130.9367354,,
3,626,stale,89130.9345874,89130.9368242,,
0,627,completed,89130.9743332,89130.9763646,89130.9936182,19.284999987576157
4,627,completed,89130.9744417,89130.9764768,89131.0093861,34.94440000213217
3,627,stale,89130.9743788,89130.9764604,,
5,627,stale,89130.9745191,89130.9764148,,
2,627,stale,89130.9742701,89130.9761099,,
5,628,completed,89131.0020339,89131.003661,89131.0263644,24.330499989446253
1,627,stale,89130.9742538,89130.9760263,,
3,628,completed,89131.0020227,89131.0037314,89131.0423812,40.35849998763297
1,628,stale,89131.0159175,89131.0164177,,
0,628,stale,89131.0020973,89131.0038647,,
4,628,stale,89131.0021636,89131.004034,,
2,628,stale,89131.0021203,89131.0039807,,
1,629,completed,89131.0367949,89131.0385101,89131.0589828,22.18789998732973
2,629,completed,89131.0371607,89131.038961,89131.0749225,37.761800005682744
4,629,stale,89131.0370299,89131.0389291,,
5,629,stale,89131.0368015,89131.0385207,,
0,629,stale,89131.0370601,89131.0388526,,
3,629,stale,89131.0368869,89131.0387389,,
0,630,completed,89131.0716522,89131.0738038,89131.0913999,19.74770000379067
4,630,completed,89131.0717,89131.0736405,89131.1076341,35.93410000030417
5,630,completed,89131.0716295,89131.0737728,89131.1240606,52.431100004469045
1,630,stale,89131.0719273,89131.0738198,,
3,630,stale,89131.0716519,89131.0737916,,
2,630,stale,89131.0717963,89131.0739328,,
3,631,completed,89131.106317,89131.1083173,89131.1402743,33.95730000920594
1,631,completed,89131.1063166,89131.10825,89131.1568417,50.525099999504164
4,631,stale,89131.1064053,89131.1084626,,
5,631,stale,89131.106437,89131.1085258,,
0,631,stale,89131.1063629,89131.1085576,,
2,631,stale,89131.106348,89131.1084825,,
2,632,completed,89131.1411771,89131.1432811,89131.1735633,32.38620000774972
4,632,completed,89131.1410229,89131.1429534,89131.1898476,48.82470000302419
0,632,stale,89131.1410449,89131.1431708,,
1,632,stale,89131.1412017,89131.1431765,,
3,632,stale,89131.1412968,89131.1433021,,
5,632,stale,89131.1410702,89131.1431864,,
5,633,completed,89131.1758595,89131.1778771,89131.2066205,30.76100000180304
2,633,stale,89131.1759537,89131.1778711,,
0,633,stale,89131.1757028,89131.177585,,
1,633,stale,89131.1758055,89131.1777816,,
4,633,stale,89131.1757405,89131.1774157,,
3,633,stale,89131.1760239,89131.1778154,,
0,634,completed,89131.2035899,89131.205527,89131.2229063,19.316399993840605
1,634,completed,89131.2037145,89131.205678,89131.2390793,35.36479998729192
3,634,completed,89131.2036306,89131.2057084,89131.2559822,52.35160001029726
2,634,stale,89131.2035269,89131.2053128,,
5,634,stale,89131.2035388,89131.2053968,,
4,634,stale,89131.2036212,89131.2056721,,
4,635,completed,89131.2384201,89131.2408021,89131.2723821,33.96200000133831
2,635,completed,89131.2382079,89131.2401835,89131.2887635,50.55559999891557
3,635,stale,89131.2381617,89131.2403751,,
1,635,stale,89131.2381723,89131.240338,,
0,635,stale,89131.2382693,89131.2405049,,
5,635,stale,89131.2384847,89131.2404995,,
5,636,completed,89131.2796839,89131.2816078,89131.3054457,25.761800003238022
4,636,stale,89131.2794546,89131.2812754,,
0,636,stale,89131.279689,89131.2815995,,
3,636,stale,89131.2795033,89131.2813906,,
2,636,stale,89131.2795644,89131.281685,,
1,636,stale,89131.2794495,89131.281513,,
1,637,completed,89131.3007945,89131.302839,89131.3218122,21.017699997173622
3,637,completed,89131.300913,89131.3027569,89131.3376076,36.69459999946412
0,637,completed,89131.3007166,89131.3027613,89131.3538611,53.14449999423232
5,637,stale,89131.3008713,89131.3028627,,
2,637,stale,89131.3006696,89131.3027128,,
4,637,stale,89131.3006702,89131.3024051,,
4,638,completed,89131.3442424,89131.3465799,89131.3705882,26.345800011768006
2,638,completed,89131.3441425,89131.3464098,89131.3882176,44.07509999873582
1,638,stale,89131.3442818,89131.3465688,,
5,638,stale,89131.344165,89131.3464835,,
0,638,stale,89131.344142,89131.3464919,,
3,638,stale,89131.3442038,89131.3465637,,
5,639,completed,89131.3702376,89131.3727031,89131.4047117,34.474100000807084
1,639,completed,89131.3701658,89131.3725353,89131.4230024,52.83659999258816
0,639,stale,89131.3701902,89131.3728716,,
4,639,stale,89131.3705146,89131.3729334,,
3,639,stale,89131.3703581,89131.3728703,,
2,639,stale,89131.3702938,89131.3727838,,
0,640,completed,89131.4048444,89131.406981,89131.4400538,35.20940001180861
3,640,completed,89131.4048871,89131.4072408,89131.4574935,52.60640000051353
2,640,stale,89131.4050445,89131.4073026,,
1,640,stale,89131.4048633,89131.4072246,,
4,640,stale,89131.4048453,89131.4070619,,
5,640,stale,89131.404976,89131.4073326,,
2,641,completed,89131.4395457,89131.4415476,89131.4742551,34.709399988059886
4,641,completed,89131.4396051,89131.4419046,89131.4925331,52.92800000461284
0,641,stale,89131.4396191,89131.4419373,,
3,641,stale,89131.4397435,89131.442011,,
1,641,stale,89131.4397823,89131.4418999,,
5,641,stale,89131.4395638,89131.4418628,,
1,642,completed,89131.4744869,89131.4768527,89131.508953,34.4660999980988
4,642,stale,89131.4747932,89131.4771543,,
3,642,stale,89131.4744345,89131.4770006,,
2,642,stale,89131.4745368,89131.4771746,,
0,642,stale,89131.4745835,89131.4769627,,
5,642,stale,89131.4747489,89131.4772394,,
5,643,completed,89131.5020341,89131.5042384,89131.5252518,23.21769999980461
0,643,completed,89131.5021135,89131.5042554,89131.5420655,39.95200000645127
4,643,stale,89131.5019883,89131.5039013,,
3,643,stale,89131.5019601,89131.5041457,,
1,643,stale,89131.5021814,89131.5042828,,
2,643,stale,89131.5020422,89131.5042382,,
3,644,completed,89131.5370187,89131.5391539,89131.5585538,21.53510000789538
4,644,completed,89131.5371359,89131.5391516,89131.5747111,37.57519999635406
0,644,stale,89131.5370095,89131.5391787,,
1,644,stale,89131.5371848,89131.5392711,,
2,644,stale,89131.5372962,89131.539295,,
5,644,stale,89131.5373045,89131.5392013,,
2,645,completed,89131.5716331,89131.5740456,89131.5908834,19.250299999839626
1,645,completed,89131.571755,89131.573932,89131.6076199,35.86489999725018
4,645,stale,89131.5716796,89131.5739146,,
3,645,stale,89131.5715271,89131.5737039,,
0,645,stale,89131.5715419,89131.5737065,,
5,645,stale,89131.572019,89131.5740679,,
0,646,completed,89131.6063166,89131.6083754,89131.624612,18.29540000471752
5,646,completed,89131.6064379,89131.6083909,89131.6405146,34.076700001605786
3,646,completed,89131.6062771,89131.6083072,89131.6568107,50.5336000060197
4,646,stale,89131.6062174,89131.6081485,,
2,646,stale,89131.6061843,89131.6080391,,
1,646,stale,89131.6061967,89131.6081885,,
4,647,completed,89131.6479168,89131.6498745,89131.6730924,25.175600007059984
5,647,stale,89131.6478773,89131.6500477,,
2,647,stale,89131.6478773,89131.6500946,,
3,647,stale,89131.6479604,89131.6499066,,
2,648,completed,89131.6685973,89131.6699681,89131.6894158,20.818500008317642
0,647,stale,89131.648035,89131.6501208,,
1,647,stale,89131.6479997,89131.6501342,,
1,648,completed,89131.6756225,89131.6762459,89131.7056554,30.03290000197012
3,648,stale,89131.6687101,89131.6700791,,
4,648,stale,89131.6686396,89131.6699386,,
5,648,stale,89131.6686248,89131.669928,,
0,648,stale,89131.6756464,89131.6762617,,
3,649,completed,89131.7036806,89131.705764,89131.722219,18.538400006946176
5,649,completed,89131.7037533,89131.7058068,89131.7386,34.846700000343844
0,649,completed,89131.7036666,89131.7056555,89131.7564439,52.77729999215808
4,649,stale,89131.7036169,89131.7057578,,
1,649,stale,89131.703617,89131.7057231,,
2,649,stale,89131.7037799,89131.7057936,,
4,650,completed,89131.7382896,89131.7407191,89131.77276,34.47040000173729
1,650,completed,89131.7384203,89131.7407814,89131.7905524,52.1320999978343
3,650,stale,89131.738267,89131.7406995,,
5,650,stale,89131.7384897,89131.7408015,,
0,650,stale,89131.7382222,89131.7403595,,
2,650,stale,89131.7385506,89131.7409525,,
2,651,completed,89131.7730315,89131.7753735,89131.8075351,34.50360000715591
0,651,completed,89131.7731048,89131.7752923,89131.8256009,52.496100004645996
1,651,stale,89131.7728859,89131.775189,,
4,651,stale,89131.7729392,89131.7752913,,
5,651,stale,89131.772907,89131.7751619,,
3,651,stale,89131.7728734,89131.7751672,,
3,652,completed,89131.8078724,89131.8100961,89131.8418533,33.98089999973308
2,652,stale,89131.8079554,89131.8100542,,
1,652,stale,89131.8076835,89131.809766,,
5,652,stale,89131.8076703,89131.809793,,
0,652,stale,89131.8077987,89131.8101844,,
4,652,stale,89131.8077133,89131.8097858,,
5,653,completed,89131.8354803,89131.8374704,89131.858559,23.07870000367984
1,653,completed,89131.8353812,89131.8373692,89131.8747106,39.32939999504015
0,653,stale,89131.8356442,89131.8375099,,
2,653,stale,89131.8354323,89131.8372939,,
3,653,stale,89131.8355099,89131.8373717,,
4,653,stale,89131.8353812,89131.8373661,,
4,654,completed,89131.8703682,89131.8724851,89131.8912564,20.888200000626966
2,654,completed,89131.8702091,89131.8722038,89131.9072902,37.08110000297893
5,654,stale,89131.8701579,89131.8720365,,
0,654,stale,89131.8701148,89131.8718813,,
1,654,stale,89131.8704507,89131.8722567,,
3,654,stale,89131.8701557,89131.8722205,,
0,655,completed,89131.9049918,89131.9068971,89131.9236815,18.68970000941772
3,655,completed,89131.9053188,89131.9071928,89131.9399792,34.66040000785142
5,655,completed,89131.9050174,89131.9069066,89131.9575503,52.53289999382105
1,655,stale,89131.905006,89131.9070864,,
4,655,stale,89131.9050654,89131.907049,,
2,655,stale,89131.9051404,89131.9070953,,
1,656,completed,89131.9396231,89131.9420042,89131.973754,34.1309000068577
4,656,completed,89131.9397595,89131.9420147,89131.9897275,49.96799999207724
2,656,stale,89131.9395615,89131.9418489,,
0,656,stale,89131.939637,89131.9419737,,
5,656,stale,89131.9397246,89131.9418719,,
3,656,stale,89131.9395615,89131.9418346,,
2,657,completed,89131.9811781,89131.9828967,89132.0064142,25.236100002075545
0,657,stale,89131.9812001,89131.9832604,,
5,657,stale,89131.981276,89131.9832545,,
1,657,stale,89131.9814248,89131.9833032,,
3,657,stale,89131.9813526,89131.9833241,,
4,657,stale,89131.9812141,89131.9832886,,
5,658,completed,89132.0021289,89132.0042,89132.023192,21.063099993625656
3,658,completed,89132.0023029,89132.0043106,89132.0393423,37.03940000559669
0,658,stale,89132.0020432,89132.0039488,,
2,658,stale,89132.0022129,89132.004298,,
4,658,stale,89132.0020562,89132.0042979,,
1,658,stale,89132.0020612,89132.0042941,,
0,659,completed,89132.036742,89132.0385397,89132.0562342,19.492200008244254
4,659,completed,89132.0369246,89132.038989,89132.0724106,35.485999993397854
1,659,completed,89132.036962,89132.0390023,89132.0893479,52.385899994987994
5,659,stale,89132.0368303,89132.0389206,,
2,659,stale,89132.0368055,89132.0389292,,
3,659,stale,89132.0367612,89132.0386493,,
2,660,completed,89132.0717039,89132.0738862,89132.1057182,34.01429999212269
3,660,completed,89132.0718733,89132.0739028,89132.1216615,49.78820000542328
5,660,stale,89132.0715942,89132.073705,,
1,660,stale,89132.0717893,89132.0737913,,
4,660,stale,89132.0715534,89132.0733813,,
0,660,stale,89132.0716353,89132.0735766,,
5,661,completed,89132.1132973,89132.1151585,89132.1381398,24.842499988153577
4,661,completed,89132.113362,89132.1155259,89132.1539674,40.605399990454316
3,661,stale,89132.1133152,89132.115397,,
1,661,stale,89132.1134479,89132.1155378,,
2,661,stale,89132.1135499,89132.1154497,,
0,661,stale,89132.1134093,89132.1155259,,
0,662,completed,89132.1410557,89132.1430337,89132.1704005,29.344800001126714
1,662,completed,89132.1409784,89132.1429062,89132.1863596,45.38120000506751
4,662,stale,89132.1410327,89132.1429715,,
2,662,stale,89132.1411108,89132.143034,,
5,662,stale,89132.1340139,89132.1344388,,
3,662,stale,89132.1409802,89132.1426806,,
3,663,completed,89132.1759214,89132.1779533,89132.2027012,26.779799998621456
2,663,completed,89132.1757433,89132.177669,89132.2186271,42.88379999343306
1,663,stale,89132.1758012,89132.1777355,,
0,663,stale,89132.175779,89132.1779054,,
4,663,stale,89132.175734,89132.1775609,,
5,663,stale,89132.1760538,89132.1778987,,
5,664,completed,89132.2037779,89132.2057996,89132.2349468,31.168900008196943
4,664,completed,89132.2037254,89132.2057703,89132.2510776,47.35219999565743
2,664,stale,89132.2035908,89132.205706,,
1,664,stale,89132.2035646,89132.205298,,
0,664,stale,89132.2036082,89132.2057052,,
3,664,stale,89132.2036817,89132.2056341,,
1,665,completed,89132.2383029,89132.240323,89132.2678943,29.591400001663715
0,665,completed,89132.2384443,89132.24041,89132.2839878,45.54349998943508
4,665,stale,89132.2382608,89132.2400009,,
3,665,stale,89132.2383371,89132.2404031,,
2,665,stale,89132.2382591,89132.2401428,,
5,665,stale,89132.2384694,89132.2403269,,
3,666,completed,89132.2729105,89132.2747022,89132.3005902,27.679699996951967
2,666,completed,89132.2731756,89132.2750609,89132.3167158,43.54020000027958
4,666,stale,89132.2729169,89132.2747168,,
1,666,stale,89132.2729978,89132.2748732,,
5,666,stale,89132.2730404,89132.2751285,,
0,666,stale,89132.273115,89132.2751147,,
4,667,completed,89132.3077035,89132.3094696,89132.3334429,25.73939999274444
5,667,completed,89132.307767,89132.3097634,89132.3496415,41.87449999153614
1,667,stale,89132.3077322,89132.3096724,,
0,667,stale,89132.307855,89132.3097875,,
2,667,stale,89132.3079352,89132.3098945,,
3,667,stale,89132.3078119,89132.3098695,,
1,668,completed,89132.3354125,89132.3373469,89132.3662001,30.78760000062175
0,668,completed,89132.3354229,89132.337394,89132.3820988,46.675899997353554
4,668,stale,89132.3353381,89132.3373356,,
5,668,stale,89132.3353448,89132.3372695,,
3,668,stale,89132.3355486,89132.3375105,,
2,668,stale,89132.3355724,89132.3375145,,
3,669,completed,89132.3772422,89132.379081,89132.3988609,21.61869998963084
2,669,completed,89132.3773382,89132.3792011,89132.4150242,37.68599999602884
0,669,stale,89132.3771502,89132.3791502,,
4,669,stale,89132.3770581,89132.3789493,,
1,669,stale,89132.3770216,89132.3788662,,
5,669,stale,89132.37704,89132.3789031,,
5,670,completed,89132.4053474,89132.4072983,89132.4317426,26.395200009574182
4,670,completed,89132.4051155,89132.4071993,89132.4481353,43.019799995818175
1,670,stale,89132.4052657,89132.4072738,,
3,670,stale,89132.4050272,89132.4067862,,
0,670,stale,89132.4051611,89132.4071068,,
2,670,stale,89132.4050413,89132.4070455,,
1,671,completed,89132.4396163,89132.4414848,89132.4643065,24.690199992619455
0,671,completed,89132.4397973,89132.4417673,89132.4806047,40.80740000063088
3,671,completed,89132.4396544,89132.4417101,89132.4976381,57.98369999683928
5,671,stale,89132.4396756,89132.4416598,,
4,671,stale,89132.4397478,89132.441736,,
2,671,stale,89132.4398593,89132.44185,,
2,672,completed,89132.4815341,89132.4836599,89132.5141139,32.579799997620285
3,672,stale,89132.4813033,89132.4834989,,
1,672,stale,89132.4813135,89132.4834693,,
5,672,stale,89132.4813944,89132.4834955,,
0,672,stale,89132.4813596,89132.4835058,,
4,672,stale,89132.4814605,89132.4836413,,
5,673,completed,89132.5021054,89132.504263,89132.5307078,28.60240000882186
4,673,completed,89132.5022436,89132.5042988,89132.5469726,44.72900000109803
2,673,stale,89132.5021485,89132.5041738,,
0,673,stale,89132.5023165,89132.5042687,,
3,673,stale,89132.5020479,89132.5038957,,
1,673,stale,89132.5020767,89132.5040556,,
3,674,completed,89132.5369692,89132.5391162,89132.5638794,26.910200002021156
1,674,completed,89132.536961,89132.5390861,89132.5803075,43.346499995095655
4,674,stale,89132.5368164,89132.538951,,
0,674,stale,89132.5367912,89132.5388226,,
2,674,stale,89132.5368563,89132.5388781,,
5,674,stale,89132.537108,89132.5390587,,
0,675,completed,89132.5718424,89132.5737947,89132.5968596,25.017200008733198
2,675,completed,89132.5716105,89132.5739198,89132.6130212,41.410699996049516
3,675,stale,89132.5716105,89132.5741438,,
1,675,stale,89132.5717088,89132.5738355,,
5,675,stale,89132.57178,89132.5739924,,
4,675,stale,89132.5716725,89132.5736011,,
4,676,completed,89132.6065652,89132.6084702,89132.6294033,22.838100005174056
5,676,completed,89132.6064672,89132.6084578,89132.645376,38.90879999380559
2,676,stale,89132.6064194,89132.6084394,,
1,676,stale,89132.6063345,89132.608348,,
3,676,stale,89132.606314,89132.6081137,,
0,676,stale,89132.6063239,89132.6083428,,
1,677,completed,89132.6408428,89132.6427425,89132.6620689,21.22609999787528
3,677,completed,89132.6411068,89132.6430228,89132.6780688,36.96199999831151
4,677,stale,89132.641034,89132.6430893,,
2,677,stale,89132.6408434,89132.6426151,,
5,677,stale,89132.6409066,89132.6430454,,
0,677,stale,89132.6409309,89132.6430586,,
0,678,completed,89132.6688061,89132.6708237,89132.6944354,25.6292999983998
2,678,completed,89132.6687523,89132.6707475,89132.710298,41.545700005372055
4,678,stale,89132.6687538,89132.6704408,,
5,678,stale,89132.6688953,89132.670828,,
3,678,stale,89132.6689935,89132.6710199,,
1,678,stale,89132.6690361,89132.6709088,,
5,679,completed,89132.7033976,89132.7053095,89132.7265642,23.16660000360571
4,679,completed,89132.7034064,89132.7051111,89132.7424147,39.008299994748086
1,679,stale,89132.7037565,89132.705558,,
0,679,stale,89132.703512,89132.7054881,,
3,679,stale,89132.7036354,89132.7054577,,
2,679,stale,89132.7035502,89132.7055232,,
1,680,completed,89132.7382842,89132.7402249,89132.7589335,20.649300000513904
3,680,completed,89132.7383473,89132.7403682,89132.7753183,36.97100000863429
2,680,stale,89132.7385079,89132.7405058,,
0,680,stale,89132.7384188,89132.7403272,,
4,680,stale,89132.7382267,89132.7400366,,
5,680,stale,89132.7382564,89132.7403193,,
0,681,completed,89132.7729828,89132.7750365,89132.7916786,18.69579999765847
2,681,completed,89132.7730142,89132.7749245,89132.8074978,34.483600000385195
4,681,completed,89132.7728785,89132.7750017,89132.8251957,52.31719999574125
3,681,stale,89132.772898,89132.7750322,,
5,681,stale,89132.7731136,89132.7750754,,
1,681,stale,89132.7728571,89132.7747883,,
5,682,completed,89132.807876,89132.8099497,89132.8415431,33.66709999681916
0,682,stale,89132.8076138,89132.8098002,,
2,682,stale,89132.8077182,89132.809927,,
3,682,stale,89132.807614,89132.8098098,,
1,682,stale,89132.8076667,89132.8099653,,
4,682,stale,89132.8077752,89132.8100931,,
1,683,completed,89132.8355251,89132.837476,89132.8585421,23.016999999526888
3,683,completed,89132.8353955,89132.8374059,89132.8744031,39.00759998941794
0,683,stale,89132.8353808,89132.837391,,
2,683,stale,89132.8355598,89132.8374157,,
4,683,stale,89132.8356756,89132.8375164,,
5,683,stale,89132.8353529,89132.8369864,,
0,684,completed,89132.8700252,89132.871619,89132.8913048,21.27959999779705
2,684,completed,89132.8700667,89132.8718161,89132.9074423,37.37560000445228
4,684,completed,89132.8701062,89132.8720715,89132.9233708,53.264599991962314
1,684,stale,89132.8700904,89132.872033,,
3,684,stale,89132.8702314,89132.8721206,,
5,684,stale,89132.8702081,89132.8721096,,
5,685,completed,89132.9119468,89132.9139238,89132.9401352,28.188399999635294
1,685,completed,89132.9118452,89132.9138483,89132.9576558,45.81060000055004
3,685,stale,89132.9120071,89132.9138403,,
0,685,stale,89132.9117829,89132.9135431,,
4,685,stale,89132.911828,89132.9137853,,
2,685,stale,89132.9118779,89132.9138546,,
3,686,completed,89132.9396562,89132.9414985,89132.9742887,34.63249999913387
0,686,completed,89132.9397372,89132.9417936,89132.9921681,52.430900002946146
1,686,stale,89132.9400301,89132.9420645,,
4,686,stale,89132.9396961,89132.942002,,
2,686,stale,89132.9397504,89132.942058,,
5,686,stale,89132.9398441,89132.9419891,,
2,687,completed,89132.97448,89132.9769195,89133.0084983,34.01829999347683
4,687,completed,89132.9744329,89132.9767679,89133.0257212,51.28830000467133
5,687,stale,89132.9746357,89132.9769663,,
0,687,stale,89132.9745886,89132.9769684,,
1,687,stale,89132.9743881,89132.976649,,
3,687,stale,89132.9743813,89132.9766404,,
5,688,completed,89133.0092634,89133.0114478,89133.0422256,32.962199999019504
4,688,stale,89133.0093937,89133.0116078,,
3,688,stale,89133.0094502,89133.011674,,
0,688,stale,89133.0092576,89133.0115706,,
2,688,stale,89133.0093269,89133.0115351,,
1,688,stale,89133.0092548,89133.0115711,,
1,689,completed,89133.0370211,89133.0389234,89133.0590025,21.981400001095608
3,689,completed,89133.036795,89133.0388681,89133.0752863,38.491299987072125
0,689,completed,89133.0368082,89133.0388834,89133.0912953,54.48709998745471
2,689,stale,89133.0369929,89133.0388779,,
4,689,stale,89133.0368139,89133.0388866,,
5,689,stale,89133.0368804,89133.0389669,,
2,690,completed,89133.0787628,89133.0809111,89133.1076518,28.889000008348376
4,690,completed,89133.0786408,89133.0809709,89133.123756,45.11520000232849
1,690,stale,89133.0787185,89133.0807604,,
0,690,stale,89133.0789079,89133.0810645,,
5,690,stale,89133.0788578,89133.0810573,,
3,690,stale,89133.078663,89133.0810381,,
5,691,completed,89133.1134325,89133.1153398,89133.1402044,26.77189999667462
1,691,completed,89133.1133781,89133.1152477,89133.1566741,43.29600000346545
0,691,stale,89133.1132966,89133.1152946,,
2,691,stale,89133.1133483,89133.1152243,,
3,691,stale,89133.113498,89133.1155107,,
4,691,stale,89133.1132882,89133.1151454,,
3,692,completed,89133.1412495,89133.1432149,89133.1733174,32.06789999967441
4,692,stale,89133.1413744,89133.143244,,
1,692,stale,89133.1410615,89133.1428452,,
0,692,stale,89133.1411901,89133.1430422,,
2,692,stale,89133.1411131,89133.1431429,,
5,692,stale,89133.1410772,89133.1430482,,
0,693,completed,89133.1687185,89133.1707625,89133.1898404,21.121899990248494
4,693,completed,89133.1687435,89133.1706232,89133.2056262,36.88269999111071
1,693,stale,89133.1686809,89133.1707283,,
5,693,stale,89133.1688105,89133.1708664,,
3,693,stale,89133.1686965,89133.1705327,,
2,693,stale,89133.1690131,89133.1708727,,
2,694,completed,89133.2038832,89133.2057628,89133.222479,18.59580000746064
1,694,completed,89133.2035134,89133.2052483,89133.2386458,35.132399993017316
5,694,completed,89133.2036644,89133.2056164,89133.2544325,50.76810000173282
0,694,stale,89133.203561,89133.2056959,,
3,694,stale,89133.2035493,89133.2056873,,
4,694,stale,89133.2038118,89133.2057414,,
3,695,completed,89133.2454097,89133.2477648,89133.2707282,25.318500003777444
0,695,completed,89133.2453796,89133.2476431,89133.2867772,41.39759999816306
4,695,stale,89133.2454853,89133.2477984,,
2,695,stale,89133.245525,89133.2477998,,
5,695,stale,89133.2453809,89133.2477576,,
1,695,stale,89133.2455977,89133.2476745,,
4,696,completed,89133.2729362,89133.2748241,89133.3031797,30.24350000487175
1,696,completed,89133.273174,89133.2750605,89133.3192778,46.10379999212455
5,696,stale,89133.27308,89133.2749939,,
3,696,stale,89133.2729217,89133.2749724,,
2,696,stale,89133.2729908,89133.2748948,,
0,696,stale,89133.2728653,89133.274577,,
5,697,completed,89133.3077466,89133.3094994,89133.3363364,28.589800000190735
2,697,completed,89133.3079714,89133.3098938,89133.3534485,45.47709999314975
3,697,stale,89133.3079524,89133.3098911,,
0,697,stale,89133.3078162,89133.309941,,
1,697,stale,89133.307777,89133.3096909,,
4,697,stale,89133.3078382,89133.309943,,
0,698,completed,89133.3353858,89133.3375051,89133.3700419,34.656099989661016
3,698,completed,89133.3354002,89133.3372735,89133.3881646,52.76439999579452
2,698,stale,89133.3354276,89133.3376341,,
5,698,stale,89133.3355836,89133.3375933,,
4,698,stale,89133.3354131,89133.3377825,,
1,698,stale,89133.3355534,89133.3376924,,
1,699,completed,89133.3705319,89133.3727791,89133.404666,34.13410000212025
4,699,completed,89133.3703763,89133.3726289,89133.4229125,52.53620000439696
3,699,stale,89133.3701939,89133.3725154,,
5,699,stale,89133.3702249,89133.3725576,,
2,699,stale,89133.3702605,89133.3724747,,
0,699,stale,89133.370208,89133.3725631,,
5,700,completed,89133.4048021,89133.4071981,89133.4397968,34.994699992239475
2,700,completed,89133.4048308,89133.4071706,89133.4573094,52.478599987807684
4,700,stale,89133.4049523,89133.4071877,,
3,700,stale,89133.4048697,89133.4071728,,
1,700,stale,89133.4048026,89133.4069635,,
0,700,stale,89133.4048963,89133.4073105,,
3,701,completed,89133.4393994,89133.4415907,89133.4737095,34.31010000349488
0,701,completed,89133.4396497,89133.4419381,89133.4917597,52.11000000417698
4,701,stale,89133.439397,89133.4415972,,
1,701,stale,89133.4394709,89133.4417266,,
2,701,stale,89133.4395779,89133.4422146,,
5,701,stale,89133.4395597,89133.4419455,,
1,702,completed,89133.474353,89133.476653,89133.5084757,34.122700002626516
4,702,stale,89133.4742958,89133.4764424,,
0,702,stale,89133.4744104,89133.4766325,,
4,703,completed,89133.5019416,89133.5026619,89133.5246924,22.75079999526497
3,702,stale,89133.4743231,89133.476737,,
5,702,stale,89133.47444,89133.4767994,,
2,702,stale,89133.4745347,89133.4767233,,
5,703,completed,89133.5159131,89133.5173742,89133.5406987,24.785600005998276
2,703,stale,89133.5159876,89133.5174029,,
3,703,stale,89133.5158984,89133.5172123,,
0,703,stale,89133.5019417,89133.5026622,,
1,703,stale,89133.5158687,89133.5173336,,
2,704,completed,89133.5368516,89133.5389235,89133.5570763,20.2246999979252
0,704,completed,89133.5369277,89133.5392071,89133.5736462,36.718500006827526
3,704,stale,89133.5368552,89133.5391724,,
4,704,stale,89133.5369905,89133.5390994,,
1,704,stale,89133.5370908,89133.5392476,,
5,704,stale,89133.5368952,89133.5390175,,
3,705,completed,89133.5715409,89133.5733605,89133.5903608,18.819899996742606
1,705,completed,89133.5715743,89133.5736102,89133.6068975,35.32319999067113
5,705,completed,89133.5718696,89133.573781,89133.6241579,52.28830000851303
2,705,stale,89133.571708,89133.573631,,
4,705,stale,89133.5716509,89133.5736159,,
0,705,stale,89133.5715877,89133.5735094,,
4,706,completed,89133.6060991,89133.6084485,89133.6404585,34.35940000053961
0,706,completed,89133.606173,89133.6085362,89133.6566383,50.46530000981875
2,706,stale,89133.6060272,89133.6082892,,
3,706,stale,89133.6060718,89133.6088285,,
5,706,stale,89133.6062126,89133.6085978,,
1,706,stale,89133.6060271,89133.6082964,,
2,707,completed,89133.6479604,89133.6499705,89133.6729835,25.023099995451048
4,707,stale,89133.6480082,89133.6500763,,
0,707,stale,89133.6479875,89133.6501307,,
1,707,stale,89133.6481435,89133.6503683,,
5,707,stale,89133.6481104,89133.6502112,,
3,707,stale,89133.6479589,89133.6500064,,
1,708,completed,89133.6688442,89133.6707073,89133.6898949,21.050700001069345
5,708,completed,89133.6686538,89133.6707561,89133.7059878,37.333999993279576
3,708,completed,89133.6688008,89133.670834,89133.7221243,53.3234999893466
4,708,stale,89133.6687484,89133.670675,,
0,708,stale,89133.6686786,89133.6706868,,
2,708,stale,89133.6686327,89133.6703747,,
4,709,completed,89133.703611,89133.7061939,89133.7386268,35.01579999283422
0,709,completed,89133.7036762,89133.7065715,89133.7558945,52.218299999367446
1,709,stale,89133.7036429,89133.7065612,,
3,709,stale,89133.703611,89133.7063056,,
2,709,stale,89133.7038221,89133.7066006,,
5,709,stale,89133.7037157,89133.706405,,
2,710,completed,89133.7381967,89133.7405547,89133.7727201,34.52339999785181
3,710,completed,89133.7383845,89133.7405086,89133.7907453,52.36079999303911
5,710,stale,89133.7383034,89133.7406192,,
0,710,stale,89133.7381315,89133.7403729,,
1,710,stale,89133.7381122,89133.7400163,,
4,710,stale,89133.7381719,89133.7405047,,
5,711,completed,89133.7728106,89133.7749691,89133.8070844,34.27380000357516
1,711,completed,89133.7728154,89133.7751343,89133.8234951,50.679699997999705
4,711,stale,89133.7730863,89133.7753191,,
2,711,stale,89133.7728971,89133.7751657,,
0,711,stale,89133.7728192,89133.7751369,,
3,711,stale,89133.7729593,89133.775382,,
0,712,completed,89133.8145041,89133.8163915,89133.8402963,25.792200001887977
2,712,stale,89133.814522,89133.8163493,,
3,712,stale,89133.8145813,89133.8166259,,
4,712,stale,89133.814468,89133.8162609,,
1,712,stale,89133.8148321,89133.8166706,,
5,712,stale,89133.814621,89133.81666,,
4,713,completed,89133.8354434,89133.8374097,89133.8570023,21.558899999945424
2,713,completed,89133.835286,89133.8373176,89133.8727802,37.49420000531245
5,713,stale,89133.8353312,89133.8374184,,
0,713,stale,89133.8352859,89133.8373075,,
3,713,stale,89133.8354781,89133.8374031,,
1,713,stale,89133.8353492,89133.8374463,,
3,714,completed,89133.8702998,89133.8721713,89133.8892027,18.9029000030132
1,714,completed,89133.8701809,89133.8721615,89133.9053212,35.14029999496415
5,714,completed,89133.8701149,89133.8716476,89133.9232544,53.1394999998156
0,714,stale,89133.8701622,89133.8720105,,
2,714,stale,89133.8704136,89133.8721294,,
4,714,stale,89133.87027,89133.8722431,,
0,715,completed,89133.9048423,89133.9075062,89133.9399856,35.1432999887038
2,715,completed,89133.9048691,89133.9075393,89133.9574982,52.62909999873955
4,715,stale,89133.9051632,89133.9076283,,
5,715,stale,89133.9048108,89133.9072466,,
3,715,stale,89133.9050026,89133.907596,,
1,715,stale,89133.9049586,89133.9078602,,
4,716,completed,89133.939634,89133.9417671,89133.9738566,34.22260000661481
5,716,completed,89133.939799,89133.9418967,89133.9900707,50.27170000539627
1,716,stale,89133.9398704,89133.9422309,,
2,716,stale,89133.9395803,89133.941629,,
3,716,stale,89133.939663,89133.9419483,,
0,716,stale,89133.9396988,89133.9419612,,
3,717,completed,89133.9768491,89133.9787472,89134.0064474,29.598299995996058
5,717,stale,89133.9769022,89133.9787956,,
1,717,stale,89133.9767593,89133.9784395,,
4,717,stale,89133.9767301,89133.9786054,,
2,717,stale,89133.9769108,89133.9786526,,
0,717,stale,89133.9767601,89133.9787827,,
1,718,completed,89134.0022723,89134.0046183,89134.0232504,20.978100001229905
2,718,completed,89134.0022096,89134.0047366,89134.0392986,37.08899999037385
0,718,completed,89134.0023918,89134.004742,89134.0552329,52.84110001230147
5,718,stale,89134.0022271,89134.0044604,,
4,718,stale,89134.0025114,89134.0047092,,
3,718,stale,89134.0023427,89134.0046589,,
4,719,completed,89134.0438572,89134.0458469,89134.0719377,28.080500007490627
5,719,completed,89134.0438067,89134.0457569,89134.0892561,45.4493999859551
2,719,stale,89134.0438962,89134.0459987,,
3,719,stale,89134.0440457,89134.0459836,,
0,719,stale,89134.0439322,89134.0459728,,
1,719,stale,89134.0437758,89134.0456446,,
3,720,completed,89134.071549,89134.0737526,89134.1061349,34.585899993544444
1,720,completed,89134.0717827,89134.0741418,89134.124252,52.46929998975247
2,720,stale,89134.0715956,89134.0737335,,
5,720,stale,89134.0714864,89134.0732985,,
4,720,stale,89134.0715251,89134.0737253,,
0,720,stale,89134.0717131,89134.0738459,,
0,721,completed,89134.1065294,89134.1088537,89134.1408525,34.32310000061989
2,721,completed,89134.1062792,89134.1083952,89134.1586384,52.359199995407835
3,721,stale,89134.1062998,89134.1084482,,
4,721,stale,89134.1063342,89134.1086096,,
1,721,stale,89134.1064767,89134.1088459,,
5,721,stale,89134.1063584,89134.1087139,,
5,722,completed,89134.1410761,89134.1434926,89134.174845,33.76890000072308
0,722,stale,89134.1409798,89134.143161,,
3,722,stale,89134.140943,89134.1431406,,
4,722,stale,89134.1410002,89134.1433101,,
2,722,stale,89134.1412065,89134.1434125,,
1,722,stale,89134.1411181,89134.1434931,,
4,723,completed,89134.169015,89134.1711528,89134.191705,22.68999999796506
3,723,completed,89134.1689976,89134.1710634,89134.2078843,38.88670000014827
1,723,completed,89134.1691775,89134.171384,89134.2240952,54.91769999207463
2,723,stale,89134.1690811,89134.1711435,,
5,723,stale,89134.1692297,89134.1711968,,
0,723,stale,89134.1689889,89134.1711468,,
0,724,completed,89134.2108394,89134.21266,89134.2407626,29.92320001067128
1,724,stale,89134.2105407,89134.2121732,,
3,724,stale,89134.2105878,89134.2125114,,
2,724,stale,89134.2106233,89134.2125865,,
4,724,stale,89134.2107183,89134.2125532,,
5,724,stale,89134.2106497,89134.2126183,,
2,725,completed,89134.2382241,89134.2401614,89134.2571855,18.96139999735169
5,725,completed,89134.2383781,89134.2402462,89134.2734456,35.06750000815373
1,725,completed,89134.2381202,89134.2400019,89134.2911616,53.04140000953339
4,725,stale,89134.2381681,89134.2402307,,
3,725,stale,89134.2381269,89134.2399983,,
0,725,stale,89134.2382883,89134.2402786,,
3,726,completed,89134.2731585,89134.2755078,89134.3082489,35.09039999335073
4,726,completed,89134.2730471,89134.2752636,89134.3260954,53.048300003865734
5,726,stale,89134.2732041,89134.2757521,,
2,726,stale,89134.2734012,89134.2758315,,
0,726,stale,89134.2730769,89134.2756342,,
1,726,stale,89134.2733526,89134.2758199,,
0,727,completed,89134.3080329,89134.3104063,89134.3427791,34.74620000633877
1,727,stale,89134.3080863,89134.3104639,,
2,727,stale,89134.3078566,89134.3102758,,
5,727,stale,89134.3077555,89134.3100834,,
3,727,stale,89134.3077975,89134.3104169,,
4,727,stale,89134.307907,89134.3105002,,
5,728,completed,89134.3356262,89134.3377243,89134.359656,24.029799998970702
1,728,completed,89134.3356619,89134.3375866,89134.3753851,39.7231999959331
3,728,stale,89134.3357711,89134.3377423,,
4,728,stale,89134.3358154,89134.3377658,,
0,728,stale,89134.3356765,89134.3376619,,
2,728,stale,89134.3358467,89134.3376948,,
2,729,completed,89134.3703041,89134.372259,89134.3917829,21.478800001204945
3,729,completed,89134.3701013,89134.3719961,89134.4078032,37.70190000068396
0,729,stale,89134.3701549,89134.3722571,,
1,729,stale,89134.3703201,89134.3721911,,
5,729,stale,89134.3701337,89134.3722222,,
4,729,stale,89134.3700864,89134.371874,,
4,730,completed,89134.4051357,89134.4069736,89134.4240593,18.923600000562146
0,730,completed,89134.4048459,89134.4066775,89134.440111,35.265099999378435
1,730,completed,89134.4049423,89134.4069289,89134.4576025,52.66020000271965
3,730,stale,89134.4047941,89134.4066781,,
5,730,stale,89134.4050887,89134.4069183,,
2,730,stale,89134.4048313,89134.4066978,,
5,731,completed,89134.4397719,89134.4420634,89134.4743295,34.55759999633301
3,731,completed,89134.4397232,89134.441828,89134.4924498,52.726599999004975
4,731,stale,89134.4399337,89134.4421307,,
0,731,stale,89134.4398237,89134.4420928,,
2,731,stale,89134.4399676,89134.4420007,,
1,731,stale,89134.4397428,89134.4419873,,
2,732,completed,89134.4742151,89134.4771091,89134.5094101,35.19500000402331
3,732,stale,89134.4741521,89134.4767474,,
5,732,stale,89134.4740966,89134.4769575,,
0,732,stale,89134.4744287,89134.4770913,,
4,732,stale,89134.4740953,89134.4766503,,
1,732,stale,89134.4743578,89134.4773023,,
1,733,completed,89134.5023391,89134.5044358,89134.5263946,24.055500005488284
0,733,completed,89134.5021678,89134.5041157,89134.5421429,39.97509999317117
4,733,stale,89134.502168,89134.5043476,,
2,733,stale,89134.50222,89134.5044044,,
5,733,stale,89134.5022463,89134.5043404,,
3,733,stale,89134.5021903,89134.5043548,,
4,734,completed,89134.5367393,89134.5385529,89134.5584746,21.73529998981394
3,734,completed,89134.5369667,89134.5389762,89134.5745753,37.60859998874366
5,734,stale,89134.5370223,89134.5388465,,
1,734,stale,89134.53674,89134.5385529,,
2,734,stale,89134.5368021,89134.5386903,,
0,734,stale,89134.5370741,89134.538949,,
5,735,completed,89134.5720177,89134.5740572,89134.5909568,18.93910000217147
2,735,completed,89134.5718305,89134.5741271,89134.6076604,35.82989999267738
1,735,completed,89134.5717646,89134.5741184,89134.6243167,52.55210000905208
4,735,stale,89134.5717633,89134.5740964,,
3,735,stale,89134.571767,89134.5739352,,
0,735,stale,89134.5718843,89134.5742079,,
0,736,completed,89134.6065866,89134.6086535,89134.6408169,34.23030000703875
3,736,completed,89134.606293,89134.6086518,89134.6589175,52.62449999281671
1,736,stale,89134.6062927,89134.6085393,,
5,736,stale,89134.6064221,89134.6087289,,
4,736,stale,89134.6063155,89134.6086405,,
2,736,stale,89134.6063839,89134.6084456,,
4,737,completed,89134.6412159,89134.6433539,89134.6756218,34.40589999081567
2,737,stale,89134.6410725,89134.6433411,,
3,737,stale,89134.640963,89134.6431424,,
0,737,stale,89134.6411309,89134.6433609,,
5,737,stale,89134.6409895,89134.6431583,,
1,737,stale,89134.6409364,89134.6428402,,
2,738,completed,89134.6689155,89134.671142,89134.6920198,23.10429999488406
1,738,completed,89134.6691667,89134.6713685,89134.7080604,38.89369999524206
3,738,stale,89134.6690185,89134.6711943,,
0,738,stale,89134.6689451,89134.6711963,,
5,738,stale,89134.669101,89134.6712313,,
4,738,stale,89134.6688448,89134.6707527,,
5,739,completed,89134.703463,89134.7056091,89134.7247704,21.307400005753152
3,739,completed,89134.7036438,89134.7056001,89134.740839,37.19519999867771
1,739,stale,89134.703422,89134.7051399,,
4,739,stale,89134.703552,89134.7056481,,
0,739,stale,89134.7037418,89134.7056343,,
2,739,stale,89134.7034765,89134.705398,,
0,740,completed,89134.7383059,89134.7404803,89134.7571502,18.84430000791326
4,740,completed,89134.7385189,89134.740456,89134.7739233,35.40439999778755
1,740,completed,89134.7384292,89134.7403908,89134.7907532,52.32399998931214
2,740,stale,89134.7383249,89134.7405426,,
3,740,stale,89134.7385016,89134.7405169,,
5,740,stale,89134.7383058,89134.7407103,,
2,741,completed,89134.7730538,89134.775437,89134.8069624,33.90860000217799
3,741,completed,89134.7731644,89134.7755337,89134.8240966,50.93219999980647
0,741,stale,89134.7730153,89134.7753494,,
1,741,stale,89134.7729334,89134.7753146,,
5,741,stale,89134.7732158,89134.775704,,
4,741,stale,89134.7729443,89134.7751003,,
5,742,completed,89134.8078365,89134.8098921,89134.8408517,33.01520000968594
3,742,stale,89134.8078705,89134.8099531,,
4,742,stale,89134.8077431,89134.8098986,,
1,742,stale,89134.8076709,89134.809628,,
2,742,stale,89134.8076204,89134.8097841,,
0,742,stale,89134.8076276,89134.809617,,
4,743,completed,89134.8354761,89134.8375556,89134.8576988,22.22270000493154
1,743,completed,89134.8355739,89134.8375761,89134.8739543,38.38040000118781
5,743,stale,89134.8355379,89134.8375944,,
3,743,stale,89134.8353821,89134.8372878,,
2,743,stale,89134.8356747,89134.8376075,,
0,743,stale,89134.8353935,89134.8372517,,
0,744,completed,89134.870233,89134.8725574,89134.8902789,20.045900004333816
2,744,completed,89134.8701268,89134.8724195,89134.9063432,36.216399996192195
4,744,stale,89134.8704201,89134.8724407,,
3,744,stale,89134.8701453,89134.8723524,,
1,744,stale,89134.8701304,89134.8723492,,
5,744,stale,89134.8701685,89134.8722756,,
3,745,completed,89134.9049876,89134.9069595,89134.9233667,18.37909998721443
5,745,completed,89134.9050708,89134.9070631,89134.9401568,35.086000003502704
1,745,completed,89134.9049313,89134.9069668,89134.9576785,52.74719999579247
0,745,stale,89134.9051414,89134.9069881,,
2,745,stale,89134.9048961,89134.9067481,,
4,745,stale,89134.9048614,89134.9065615,,
4,746,completed,89134.9397508,89134.941922,89134.9741881,34.43729999708012
2,746,completed,89134.9397865,89134.9419327,89134.9925256,52.739099992322735
1,746,stale,89134.9396561,89134.9418357,,
0,746,stale,89134.9396731,89134.9418613,,
3,746,stale,89134.9398892,89134.9418604,,
5,746,stale,89134.9396465,89134.9415031,,
0,747,completed,89134.9744853,89134.9769056,89135.0089842,34.49890000047162
1,747,stale,89134.9744086,89134.976824,,
5,747,stale,89134.9744479,89134.9770088,,
2,747,stale,89134.974357,89134.976976,,
4,747,stale,89134.974356,89134.9770937,,
3,747,stale,89134.9745602,89134.9769198,,
5,748,completed,89135.0022246,89135.004688,89135.0256622,23.43760000076145
1,748,completed,89135.0022061,89135.0046891,89135.0416551,39.448999988962896
4,748,stale,89135.002272,89135.0047535,,
3,748,stale,89135.0023842,89135.0048044,,
0,748,stale,89135.0021871,89135.0044209,,
2,748,stale,89135.0023587,89135.0046658,,
3,749,completed,89135.0370881,89135.0390267,89135.0581163,21.028200004366226
2,749,completed,89135.0368689,89135.039192,89135.0743836,37.5147000013385
5,749,stale,89135.0368871,89135.0390345,,
0,749,stale,89135.0369414,89135.0390654,,
1,749,stale,89135.0370315,89135.0390695,,
4,749,stale,89135.0368036,89135.0387496,,
4,750,completed,89135.07187,89135.0740152,89135.0906178,18.747800000710413
0,750,completed,89135.0718242,89135.0739209,89135.1074781,35.653900005854666
5,750,completed,89135.0717854,89135.0738719,89135.1241505,52.365100011229515
1,750,stale,89135.0717433,89135.0739549,,
2,750,stale,89135.0717277,89135.0737584,,
3,750,stale,89135.0720061,89135.0740322,,
1,751,completed,89135.1134703,89135.115828,89135.1413083,27.837999994517304
2,751,completed,89135.1134268,89135.1158919,89135.1588113,45.38450000109151
4,751,stale,89135.113603,89135.1158594,,
3,751,stale,89135.1137691,89135.1159563,,
0,751,stale,89135.1133557,89135.1155972,,
5,751,stale,89135.1133972,89135.1157249,,
3,752,completed,89135.1409478,89135.1430029,89135.1750967,34.14889999839943
4,752,stale,89135.1408711,89135.1426801,,
0,752,stale,89135.1409062,89135.1431343,,
2,752,stale,89135.1411436,89135.1432892,,
1,752,stale,89135.1410053,89135.1432401,,
5,752,stale,89135.1410872,89135.1435167,,
0,753,completed,89135.1687994,89135.1707166,89135.1918146,23.015200000372715
5,753,completed,89135.1686675,89135.1707633,89135.2078464,39.1788999986602
4,753,stale,89135.1686164,89135.1706951,,
1,753,stale,89135.1686841,89135.1707724,,
3,753,stale,89135.1687561,89135.1707097,,
2,753,stale,89135.1686164,89135.1707071,,
4,754,completed,89135.2035152,89135.2057043,89135.2242459,20.73069999460131
1,754,completed,89135.2036594,89135.2060522,89135.240225,36.56560000672471
3,754,stale,89135.2039013,89135.2061145,,
2,754,stale,89135.2038574,89135.2061072,,
0,754,stale,89135.2035556,89135.2057309,,
5,754,stale,89135.2036166,89135.2060312,,
2,755,completed,89135.2382555,89135.2403961,89135.2570486,18.793100010952912
3,755,completed,89135.2382787,89135.2404237,89135.2738166,35.537900010240264
0,755,completed,89135.2382438,89135.2404226,89135.2907435,52.499699988402426
1,755,stale,89135.2383176,89135.240467,,
5,755,stale,89135.2384235,89135.2405152,,
4,755,stale,89135.2385001,89135.2405035,,
5,756,completed,89135.2729487,89135.2751647,89135.3070938,34.145099998568185
1,756,completed,89135.2730236,89135.2751192,89135.3236228,50.59919999621343
0,756,stale,89135.2728643,89135.2747551,,
4,756,stale,89135.2731071,89135.275403,,
3,756,stale,89135.2728437,89135.2746634,,
2,756,stale,89135.2729255,89135.2751537,,
4,757,completed,89135.3145287,89135.3164661,89135.3399378,25.409100009710528
2,757,stale,89135.3144601,89135.3164965,,
1,757,stale,89135.3146821,89135.3165926,,
3,757,stale,89135.3145608,89135.316484,,
3,758,completed,89135.33538,89135.3368757,89135.3562438,20.86379998945631
5,757,stale,89135.3144186,89135.3162315,,
0,757,stale,89135.3144193,89135.3162953,,
0,758,completed,89135.3422719,89135.3429566,89135.3724692,30.19730000232812
4,758,stale,89135.3353803,89135.336861,,
5,758,stale,89135.342254,89135.3429216,,
1,758,stale,89135.3354457,89135.3368333,,
2,758,stale,89135.3354232,89135.336782,,
2,759,completed,89135.3700371,89135.3721977,89135.3885452,18.508099994505756
5,759,completed,89135.3702451,89135.3722528,89135.4046293,34.384200000204146
1,759,completed,89135.3700961,89135.3722554,89135.4225927,52.49659999390133
0,759,stale,89135.3702161,89135.37221,,
4,759,stale,89135.3700376,89135.3721992,,
3,759,stale,89135.3701195,89135.3722712,,
4,760,completed,89135.4050458,89135.4073154,89135.4388591,33.813300004112534
0,760,completed,89135.4047874,89135.4070308,89135.4570579,52.27050000394229
5,760,stale,89135.4048287,89135.4071303,,
2,760,stale,89135.4048039,89135.4070291,,
3,760,stale,89135.4048813,89135.4073744,,
1,760,stale,89135.4049144,89135.4073515,,
3,761,completed,89135.4398304,89135.4421299,89135.4733982,33.56779999739956
2,761,completed,89135.4397331,89135.4421035,89135.4896105,49.87740000069607
5,761,stale,89135.4397576,89135.4420186,,
4,761,stale,89135.4396715,89135.4420873,,
1,761,stale,89135.4399712,89135.4421614,,
0,761,stale,89135.4397026,89135.44196,,
5,762,completed,89135.481368,89135.4834551,89135.5059154,24.54740001121536
1,762,completed,89135.4814196,89135.4837303,89135.5220092,40.58960000111256
0,762,stale,89135.4816266,89135.4837476,,
2,762,stale,89135.4816631,89135.4837462,,
4,762,stale,89135.4814892,89135.4837232,,
3,762,stale,89135.4813878,89135.4834202,,
0,763,completed,89135.5089561,89135.5105838,89135.5390944,30.138299989630468
4,763,stale,89135.50912,89135.511104,,
1,763,stale,89135.5090721,89135.5110729,,
2,763,stale,89135.5090126,89135.5108609,,
3,763,stale,89135.5091379,89135.5111007,,
5,763,stale,89135.5089746,89135.5109369,,
4,764,completed,89135.5367067,89135.5387123,89135.5556226,18.91590000013821
3,764,completed,89135.5368523,89135.5388696,89135.5719383,35.08599998895079
2,764,completed,89135.5367325,89135.5387344,89135.5893092,52.57670000719372
5,764,stale,89135.5369496,89135.5388835,,
0,764,stale,89135.5367664,89135.5387002,,
1,764,stale,89135.5366932,89135.5385988,,
5,765,completed,89135.5717334,89135.5737537,89135.6057546,34.021200001006946
1,765,completed,89135.571633,89135.5737963,89135.6225202,50.887200006400235
3,765,stale,89135.571837,89135.5738874,,
4,765,stale,89135.5715331,89135.5735342,,
2,765,stale,89135.5715136,89135.5736395,,
0,765,stale,89135.5715488,89135.5737026,,
0,766,completed,89135.6132778,89135.6155642,89135.6399216,26.64379999623634
3,766,stale,89135.6132102,89135.6155209,,
1,766,stale,89135.6132017,89135.6154996,,
2,766,stale,89135.6133734,89135.6155175,,
5,766,stale,89135.6132557,89135.6154992,,
4,766,stale,89135.6134391,89135.6155369,,
4,767,completed,89135.6341304,89135.6360136,89135.6567399,22.6095000107307
2,767,completed,89135.6340272,89135.6359613,89135.6728582,38.83100001257844
1,767,stale,89135.6339989,89135.6359473,,
0,767,stale,89135.6339127,89135.6355965,,
3,767,stale,89135.6339258,89135.6356397,,
5,767,stale,89135.634174,89135.636024,,
3,768,completed,89135.6689788,89135.6709229,89135.6894811,20.50230000168085
5,768,completed,89135.6690199,89135.6711693,89135.7059745,36.95460000017192
1,768,stale,89135.6687779,89135.6706429,,
4,768,stale,89135.6688197,89135.6707742,,
2,768,stale,89135.668816,89135.6707867,,
0,768,stale,89135.6689067,89135.6708534,,
1,769,completed,89135.7034184,89135.7054976,89135.7224608,19.042400002945215
0,769,completed,89135.7036223,89135.7056682,89135.7391021,35.47979998984374
4,769,completed,89135.7034185,89135.7055121,89135.7560386,52.620100002968684
3,769,stale,89135.703587,89135.7056552,,
5,769,stale,89135.7035053,89135.7054339,,
2,769,stale,89135.7034837,89135.7054266,,
2,770,completed,89135.7383656,89135.7405022,89135.7727687,34.40309999859892
5,770,completed,89135.73847,89135.7404342,89135.7907547,52.28470001020469
1,770,stale,89135.7382098,89135.7402525,,
0,770,stale,89135.7381852,89135.7404417,,
4,770,stale,89135.7381253,89135.7400215,,
3,770,stale,89135.7381252,89135.7400151,,
3,771,completed,89135.7730436,89135.7754321,89135.8070756,34.03199999593198
4,771,completed,89135.7729106,89135.7752576,89135.823137,50.22639999515377
2,771,stale,89135.7732208,89135.7754729,,
1,771,stale,89135.7729219,89135.7750177,,
0,771,stale,89135.7728889,89135.774997,,
5,771,stale,89135.7729925,89135.7754509,,
1,772,completed,89135.8145506,89135.8167085,89135.8396154,25.064799992833287
4,772,stale,89135.8145559,89135.8167078,,
5,772,stale,89135.8147754,89135.8168442,,
3,772,stale,89135.8145375,89135.8164754,,
0,772,stale,89135.8147103,89135.8168258,,
2,772,stale,89135.8146238,89135.8166317,,
0,773,completed,89135.835547,89135.8375766,89135.8560965,20.549500011838973
5,773,completed,89135.8354859,89135.8373762,89135.8721733,36.687400002847426
3,773,stale,89135.835652,89135.8375799,,
4,773,stale,89135.835462,89135.8372711,,
2,773,stale,89135.8355611,89135.8376547,,
1,773,stale,89135.8356952,89135.837563,,
2,774,completed,89135.870123,89135.8721789,89135.8883672,18.244199993205257
3,774,completed,89135.8699991,89135.87182,89135.9043058,34.30669999215752
4,774,completed,89135.8700264,89135.8720037,89135.9208765,50.850099985837005
5,774,stale,89135.8701801,89135.8720538,,
0,774,stale,89135.8700805,89135.8721025,,
1,774,stale,89135.8702737,89135.8721906,,
1,775,completed,89135.9120904,89135.9139906,89135.9373438,25.253400002839044
5,775,completed,89135.9118175,89135.9136931,89135.9537868,41.969300000346266
0,775,stale,89135.911805,89135.9137128,,
3,775,stale,89135.9117858,89135.9135793,,
4,775,stale,89135.9118924,89135.9138176,,
2,775,stale,89135.9120642,89135.9139833,,
0,776,completed,89135.9394827,89135.9411256,89135.9701162,30.63349999138154
3,776,completed,89135.9397517,89135.9416403,89135.986038,46.28629999933764
5,776,stale,89135.9395354,89135.9416135,,
1,776,stale,89135.9396744,89135.9417,,
2,776,stale,89135.9396237,89135.9417129,,
4,776,stale,89135.9395175,89135.9416061,,
4,777,completed,89135.9815714,89135.9838251,89136.0025229,20.951500002411194
2,777,completed,89135.9815091,89135.9837873,89136.0204117,38.902599990251474
5,777,stale,89135.9813276,89135.983504,,
0,777,stale,89135.9813897,89135.9837308,,
1,777,stale,89135.9814258,89135.9837371,,
3,777,stale,89135.9812853,89135.9833653,,
5,778,completed,89136.0024405,89136.0049543,89136.0375304,35.0899000040954
1,778,completed,89136.0023387,89136.0050608,89136.0543417,52.003000004333444
4,778,stale,89136.0022207,89136.0048975,,
0,778,stale,89136.0025541,89136.0049626,,
3,778,stale,89136.0022606,89136.0049639,,
2,778,stale,89136.002246,89136.0049245,,
3,779,completed,89136.0368422,89136.0388682,89136.0714422,34.599999999045394
0,779,completed,89136.0367666,89136.0387576,89136.089474,52.707399998325855
5,779,stale,89136.0366694,89136.0386341,,
4,779,stale,89136.0366615,89136.0385991,,
2,779,stale,89136.0368794,89136.0388812,,
1,779,stale,89136.0366845,89136.0386934,,
2,780,completed,89136.0717877,89136.0742559,89136.1061845,34.396799994283356
3,780,stale,89136.0716781,89136.0741173,,
4,780,completed,89136.0716464,89136.0740318,89136.123817,52.17059999995399
0,780,stale,89136.0718413,89136.0742728,,
1,780,stale,89136.0717147,89136.0743442,,
5,780,stale,89136.0716409,89136.0738673,,
5,781,completed,89136.1064826,89136.1083957,89136.1414456,34.96300001279451
1,781,completed,89136.1063313,89136.1082409,89136.159002,52.67069999536034
2,781,stale,89136.1063776,89136.1083185,,
4,781,stale,89136.1064269,89136.1083452,,
3,781,stale,89136.0991887,89136.0996727,,
0,781,stale,89136.1063015,89136.1081459,,
3,782,completed,89136.1410664,89136.1432489,89136.1755086,34.442200005287305
2,782,stale,89136.1409569,89136.14281,,
1,782,stale,89136.1411133,89136.1432632,,
5,782,stale,89136.1409619,89136.1431106,,
4,782,stale,89136.1410111,89136.1430338,,
0,782,stale,89136.1412915,89136.1433043,,
0,783,completed,89136.1687322,89136.171064,89136.191935,23.202799988212064
4,783,completed,89136.1689431,89136.1708138,89136.2081161,39.172999997390434
5,783,stale,89136.1688768,89136.1708271,,
2,783,stale,89136.1687794,89136.1707543,,
3,783,stale,89136.168729,89136.1705342,,
1,783,stale,89136.1687931,89136.170809,,
2,784,completed,89136.2034524,89136.2052911,89136.2246487,21.196299989242107
5,784,completed,89136.2033938,89136.2050299,89136.2407767,37.38290000183042
3,784,stale,89136.2034787,89136.2053392,,
1,784,stale,89136.2037289,89136.2054934,,
4,784,stale,89136.2036065,89136.2055457,,
0,784,stale,89136.2035472,89136.2055323,,
1,785,completed,89136.238434,89136.2404562,89136.2570045,18.570500003988855
3,785,completed,89136.2383216,89136.2404638,89136.2732008,34.87920000043232
0,785,completed,89136.2384639,89136.2405809,89136.2893108,50.84690000512637
5,785,stale,89136.2384976,89136.2404863,,
4,785,stale,89136.238559,89136.2405935,,
2,785,stale,89136.2383227,89136.2404078,,
4,786,completed,89136.2798308,89136.2818378,89136.3055759,25.745099992491305
2,786,stale,89136.2798925,89136.2819299,,
5,786,stale,89136.2798255,89136.2818158,,
1,786,stale,89136.2799985,89136.2820733,,
3,786,stale,89136.2800814,89136.2820302,,
0,786,stale,89136.2798731,89136.2818442,,
5,787,completed,89136.3008399,89136.3026439,89136.3218266,20.986700008506887
2,787,completed,89136.3006583,89136.3025628,89136.3378469,37.18860000662971
0,787,completed,89136.3006838,89136.3029058,89136.3539613,53.27750000287779
3,787,stale,89136.3006708,89136.3029131,,
4,787,stale,89136.3008853,89136.302688,,
1,787,stale,89136.3007897,89136.3027176,,
3,788,completed,89136.3436036,89136.3454934,89136.3705664,26.96279999508988
1,788,completed,89136.3436558,89136.3459351,89136.3880911,44.43530000571627
2,788,stale,89136.3438191,89136.3456647,,
0,788,stale,89136.3436226,89136.3458108,,
4,788,stale,89136.343685,89136.3456074,,
5,788,stale,89136.3439613,89136.3457691,,
4,789,completed,89136.3700756,89136.3723716,89136.4047537,34.6780999971088
2,789,completed,89136.3700518,89136.3721385,89136.423112,53.06020000716671
0,789,stale,89136.3702176,89136.3723721,,
1,789,stale,89136.3701349,89136.3724014,,
3,789,stale,89136.3700629,89136.3723218,,
5,789,stale,89136.3703348,89136.3724395,,
5,790,completed,89136.4050819,89136.407424,89136.4393756,34.29370000958443
0,790,completed,89136.404922,89136.4070092,89136.4555497,50.62769999494776
4,790,stale,89136.4050415,89136.4073709,,
3,790,stale,89136.4049777,89136.4072931,,
1,790,stale,89136.4048722,89136.4071579,,
2,790,stale,89136.4048594,89136.4069646,,
3,791,completed,89136.4465656,89136.4486133,89136.4721182,25.552600010996684
1,791,completed,89136.4465963,89136.4486234,89136.4883855,41.78919999685604
2,791,stale,89136.4468067,89136.449309,,
0,791,stale,89136.4467107,89136.4487698,,
5,791,stale,89136.446628,89136.4486418,,
4,791,stale,89136.4465642,89136.4485236,,
2,792,completed,89136.47429,89136.4759848,89136.5046285,30.338500000652857
0,792,stale,89136.4743685,89136.4763763,,
5,792,stale,89136.4745187,89136.4764187,,
3,792,stale,89136.4744128,89136.4764075,,
1,792,stale,89136.474325,89136.4762699,,
4,792,stale,89136.4744469,89136.4764633,,
4,793,completed,89136.502053,89136.5040494,89136.5210409,18.987899995408952
5,793,completed,89136.5020841,89136.5039656,89136.5371597,35.075600011623465
0,793,completed,89136.5019242,89136.5038636,89136.5549808,53.05660000885837
1,793,stale,89136.5020271,89136.5040532,,
3,793,stale,89136.5019186,89136.5040081,,
2,793,stale,89136.5020141,89136.5038612,,
1,794,completed,89136.536865,89136.5390894,89136.5718412,34.9761999968905
3,794,completed,89136.5368327,89136.5390564,89136.589112,52.279299998190254
0,794,stale,89136.537122,89136.5394139,,
2,794,stale,89136.5369948,89136.5392207,,
4,794,stale,89136.5368808,89136.5391207,,
5,794,stale,89136.5369592,89136.5393497,,
2,795,completed,89136.5714418,89136.5736943,89136.605641,34.19920000305865
4,795,completed,89136.5716567,89136.5738104,89136.6219327,50.275999994482845
5,795,stale,89136.5715847,89136.5738195,,
3,795,stale,89136.5714715,89136.5737257,,
1,795,stale,89136.5714151,89136.5733432,,
0,795,stale,89136.5713906,89136.5732241,,
5,796,completed,89136.6130904,89136.6148402,89136.6383321,25.241700001060963
0,796,completed,89136.6134319,89136.615229,89136.6550348,41.60290000436362
4,796,stale,89136.6131208,89136.6148644,,
1,796,stale,89136.6133068,89136.6151905,,
3,796,stale,89136.613077,89136.6149342,,
2,796,stale,89136.6132099,89136.6151399,,
1,797,completed,89136.6408758,89136.6428864,89136.671504,30.62819999468047
4,797,stale,89136.6408283,89136.6428254,,
3,797,stale,89136.6415668,89136.6432497,,
0,797,stale,89136.6415091,89136.6432483,,
2,797,stale,89136.6416676,89136.6432857,,
5,797,stale,89136.6408484,89136.64295,,
3,798,completed,89136.668529,89136.6703519,89136.6876505,19.1214999940712
4,798,completed,89136.6685725,89136.6702948,89136.7042485,35.67599999951199
2,798,completed,89136.6687109,89136.6705678,89136.7211392,52.42829999770038
5,798,stale,89136.6688369,89136.6706594,,
0,798,stale,89136.6685607,89136.6704721,,
1,798,stale,89136.6686592,89136.6706153,,
5,799,completed,89136.7033395,89136.7054257,89136.7375681,34.22859999409411
0,799,completed,89136.7033546,89136.7054579,89136.7534786,50.12400000123307
1,799,stale,89136.703458,89136.7054746,,
2,799,stale,89136.7033199,89136.7050075,,
3,799,stale,89136.7035224,89136.7054622,,
4,799,stale,89136.7035751,89136.7055786,,
1,800,completed,89136.7449634,89136.746409,89136.7700714,25.108000001637265
2,800,completed,89136.7453029,89136.7469723,89136.7861808,40.8778999990318
4,800,stale,89136.7449967,89136.7470969,,
5,800,stale,89136.7451522,89136.7470386,,
3,800,stale,89136.7450355,89136.7471161,,
0,800,stale,89136.7452176,89136.7470787,,
3,801,completed,89136.7728358,89136.7748319,89136.8028911,30.05529999791179
4,801,completed,89136.7727687,89136.774553,89136.818594,45.82529999606777
1,801,stale,89136.7727986,89136.7746731,,
5,801,stale,89136.7727404,89136.774627,,
2,801,stale,89136.7729363,89136.7747693,,
0,801,stale,89136.772988,89136.7748414,,
5,802,completed,89136.8075292,89136.8092615,89136.8348154,27.286199998343363
0,802,completed,89136.8076848,89136.809638,89136.8507039,43.01909999048803
3,802,stale,89136.8076316,89136.8096479,,
1,802,stale,89136.8075085,89136.8091437,,
2,802,stale,89136.8075989,89136.809455,,
4,802,stale,89136.8077518,89136.8096175,,
1,803,completed,89136.8422564,89136.8443483,89136.8674923,25.235900000552647
2,803,completed,89136.8424401,89136.8443678,89136.8833942,40.9541000117315
0,803,stale,89136.842246,89136.8441788,,
4,803,stale,89136.842397,89136.8443813,,
3,803,stale,89136.8423053,89136.8443689,,
5,803,stale,89136.8422383,89136.8443924,,
3,804,completed,89136.8701717,89136.8720345,89136.9000082,29.83650000533089
4,804,completed,89136.8701295,89136.8720174,89136.9158743,45.74479999428149
5,804,stale,89136.8700331,89136.8720702,,
2,804,stale,89136.8700545,89136.8720571,,
0,804,stale,89136.8699856,89136.8719543,,
1,804,stale,89136.8699876,89136.8719521,,
0,805,completed,89136.9049721,89136.9069006,89136.9320179,27.045800001360476
5,805,completed,89136.9047552,89136.9065152,89136.9482046,43.449400007375516
1,805,stale,89136.9049912,89136.9068989,,
3,805,stale,89136.9048733,89136.9067366,,
2,805,stale,89136.9048172,89136.9066797,,
4,805,stale,89136.9047362,89136.9065484,,
1,806,completed,89136.9355538,89136.9371973,89136.9648193,29.26550000847783
2,806,completed,89136.9354136,89136.9374137,89136.980677,45.26339999574702
3,806,stale,89136.9354732,89136.9371796,,
4,806,stale,89136.9355153,89136.9374152,,
5,806,stale,89136.9354372,89136.9374337,,
0,806,stale,89136.9356251,89136.9374129,,
4,807,completed,89136.9742802,89136.9763153,89136.9971233,22.843099999590777
3,807,completed,89136.9742147,89136.9759948,89137.0129361,38.72139999293722
1,807,stale,89136.974359,89136.976365,,
0,807,stale,89136.974304,89136.976351,,
5,807,stale,89136.9744679,89136.9764039,,
2,807,stale,89136.9742511,89136.9761125,,
0,808,completed,89137.0021668,89137.0042141,89137.0292349,27.068099996540695
5,808,completed,89137.0020524,89137.0042739,89137.0451796,43.12719999870751
2,808,stale,89137.0021799,89137.0042703,,
4,808,stale,89137.0020733,89137.0042865,,
1,808,stale,89137.0020539,89137.003912,,
3,808,stale,89137.0022291,89137.0042819,,
2,809,completed,89137.0368122,89137.038896,89137.0617715,24.959299989859574
1,809,completed,89137.0369362,89137.0389517,89137.0776449,40.70869999122806
3,809,stale,89137.0367545,89137.0389555,,
5,809,stale,89137.0367152,89137.0387024,,
4,809,stale,89137.0366984,89137.0389083,,
0,809,stale,89137.0368951,89137.0389397,,
3,810,completed,89137.071406,89137.0734094,89137.0941745,22.768499999074265
4,810,completed,89137.0715625,89137.073547,89137.1100737,38.51119999308139
5,810,stale,89137.0714057,89137.0735414,,
0,810,stale,89137.0714157,89137.0735508,,
2,810,stale,89137.071508,89137.0735955,,
1,810,stale,89137.0716515,89137.0735946,,
5,811,completed,89137.1061338,89137.1077478,89137.126503,20.36920000682585
0,811,completed,89137.1062149,89137.1080452,89137.1428395,36.62459999031853
1,811,stale,89137.1064535,89137.1082912,,
4,811,stale,89137.1062698,89137.1082853,,
3,811,stale,89137.1061604,89137.1080451,,
2,811,stale,89137.1063312,89137.1082604,,
2,812,completed,89137.1410497,89137.1431465,89137.1596938,18.644099996890873
1,812,completed,89137.1408508,89137.1428211,89137.1759599,35.10910000477452
0,812,stale,89137.1408742,89137.1430537,,
5,812,stale,89137.1408955,89137.1430671,,
3,812,stale,89137.1411316,89137.1430713,,
4,812,stale,89137.140967,89137.1429643,,
3,813,completed,89137.1687964,89137.1706486,89137.192319,23.5225999931572
4,813,completed,89137.16887,89137.170765,89137.2081654,39.29540001263376
2,813,stale,89137.168939,89137.1707208,,
0,813,stale,89137.1686948,89137.1704748,,
5,813,stale,89137.1687216,89137.1705182,,
1,813,stale,89137.1687535,89137.1706688,,
5,814,completed,89137.2034577,89137.2053926,89137.2245892,21.13150000513997
0,814,completed,89137.203509,89137.2053636,89137.2407275,37.21850000147242
1,814,stale,89137.2036031,89137.2054867,,
3,814,stale,89137.2034097,89137.205445,,
2,814,stale,89137.2033768,89137.2051175,,
4,814,stale,89137.2033529,89137.2052937,,
2,815,completed,89137.2383824,89137.2402874,89137.2572221,18.839700001990423
1,815,completed,89137.2381494,89137.2399915,89137.2737279,35.57849999924656
4,815,completed,89137.2383364,89137.2403213,89137.2905978,52.261400007409975
3,815,stale,89137.2381818,89137.2402377,,
5,815,stale,89137.2381223,89137.2401454,,
0,815,stale,89137.2382189,89137.2403064,,
3,816,completed,89137.2728223,89137.2746907,89137.3071544,34.33209999639075
5,816,completed,89137.2728448,89137.2748021,89137.3237835,50.93870000564493
4,816,stale,89137.2730176,89137.2750813,,
1,816,stale,89137.2730687,89137.275102,,
2,816,stale,89137.2728979,89137.2747274,,
0,816,stale,89137.2729344,89137.2751458,,
0,817,completed,89137.3081309,89137.3101481,89137.340184,32.05310000339523
4,817,stale,89137.3079118,89137.3099097,,
2,817,stale,89137.3080795,89137.3101577,,
5,817,stale,89137.3079538,89137.3098762,,
1,817,stale,89137.3079125,89137.3100348,,
3,817,stale,89137.3079946,89137.3100817,,
2,818,completed,89137.3352381,89137.337202,89137.3565513,21.313200006261468
1,818,completed,89137.3353636,89137.3373724,89137.3726759,37.31230000266805
5,818,stale,89137.3354184,89137.3372998,,
0,818,stale,89137.3352852,89137.3373305,,
3,818,stale,89137.3353261,89137.3373782,,
4,818,completed,89137.3352677,89137.3370709,89137.388767,53.49930000375025
5,819,completed,89137.3699663,89137.3716533,89137.4052031,35.236800002167
3,819,completed,89137.3701675,89137.3718777,89137.4226527,52.485199994407594
2,819,stale,89137.3699495,89137.371745,,
4,819,stale,89137.3700402,89137.3737715,,
1,819,stale,89137.3699999,89137.3717617,,
0,819,stale,89137.3700938,89137.3718883,,
0,820,completed,89137.4050472,89137.4072841,89137.4389816,33.93440000945702
1,820,completed,89137.4047635,89137.4071365,89137.4553438,50.580299997818656
4,820,stale,89137.4049183,89137.4071487,,
2,820,stale,89137.4047145,89137.4069905,,
3,820,stale,89137.404704,89137.4068564,,
5,820,stale,89137.4047837,89137.4071386,,
2,821,completed,89137.4465362,89137.4486019,89137.4716153,25.079099999857135
4,821,completed,89137.4465275,89137.4486027,89137.4875501,41.022600009455346
1,821,stale,89137.446814,89137.4490024,,
0,821,stale,89137.446546,89137.4486225,,
5,821,stale,89137.4467264,89137.4488979,,
3,821,stale,89137.4466161,89137.4488421,,
3,822,completed,89137.4742877,89137.4763131,89137.5042775,29.989800008479506
4,822,stale,89137.4741588,89137.4760565,,
5,822,stale,89137.4743818,89137.4763336,,
0,822,stale,89137.4742453,89137.4763138,,
2,822,stale,89137.4741583,89137.4762174,,
1,822,stale,89137.4742092,89137.4760938,,
5,823,completed,89137.5019589,89137.5040344,89137.5207963,18.837399999029003
0,823,completed,89137.5019836,89137.5040708,89137.5371106,35.1269999955548
1,823,completed,89137.5019284,89137.5040121,89137.5549654,53.03700000513345
4,823,stale,89137.5019282,89137.5040123,,
3,823,stale,89137.5022019,89137.5040843,,
2,823,stale,89137.5020906,89137.504026,,
4,824,completed,89137.5367346,89137.5391819,89137.5713529,34.618300007423386
2,824,completed,89137.5366838,89137.5393531,89137.5895351,52.85130000265781
3,824,stale,89137.5368393,89137.5392272,,
1,824,stale,89137.5366696,89137.5392456,,
5,824,stale,89137.5366763,89137.5389533,,
0,824,stale,89137.5367752,89137.5391626,,
3,825,completed,89137.5715411,89137.5739345,89137.6060057,34.46460000122897
5,825,completed,89137.5716725,89137.5741363,89137.6239862,52.31369999819435
4,825,stale,89137.5716442,89137.5739467,,
2,825,stale,89137.571541,89137.5739324,,
1,825,stale,89137.5715695,89137.5740191,,
0,825,stale,89137.5716262,89137.5741085,,
0,826,completed,89137.6062857,89137.6087161,89137.6403611,34.075399991706945
1,826,completed,89137.6061532,89137.6085996,89137.6563024,50.149200003943406
5,826,stale,89137.6063863,89137.6086939,,
3,826,stale,89137.606221,89137.6087008,,
2,826,stale,89137.6061509,89137.6086162,,
4,826,stale,89137.6061329,89137.6085992,,
4,827,completed,89137.6480073,89137.6504581,89137.6733972,25.389899994479492
0,827,stale,89137.6481555,89137.6504422,,
3,827,stale,89137.6479528,89137.6502011,,
5,827,stale,89137.6478986,89137.6500406,,
2,827,stale,89137.6479791,89137.6503918,,
1,827,stale,89137.6478795,89137.6503324,,
2,828,completed,89137.6686886,89137.6707295,89137.6898003,21.111699999892153
3,828,completed,89137.6687077,89137.6707423,89137.7060102,37.302500000805594
5,828,completed,89137.6687969,89137.6707629,89137.7219894,53.19249999593012
4,828,stale,89137.6686422,89137.6704587,,
0,828,stale,89137.6686266,89137.6703852,,
1,828,stale,89137.6688484,89137.6708152,,
1,829,completed,89137.7105671,89137.7127186,89137.7386551,28.08799999183975
0,829,completed,89137.7106427,89137.7126076,89137.7558537,45.211000004201196
5,829,stale,89137.7105002,89137.7126602,,
3,829,stale,89137.7104819,89137.7124025,,
4,829,stale,89137.710593,89137.7125651,,
2,829,stale,89137.7105234,89137.7127038,,
4,830,completed,89137.7382395,89137.740605,89137.7721548,33.915299994987436
3,830,completed,89137.7381709,89137.7405044,89137.788828,50.65710000053514
1,830,stale,89137.7383523,89137.7405508,,
2,830,stale,89137.7382767,89137.7406419,,
0,830,stale,89137.7381509,89137.7404858,,
5,830,stale,89137.7381509,89137.7401854,,
5,831,completed,89137.7732872,89137.7752117,89137.805531,32.24380000028759
2,831,completed,89137.7729978,89137.7749001,89137.8217495,48.75170000013895
4,831,stale,89137.7730662,89137.7750272,,
1,831,stale,89137.7729698,89137.7748453,,
0,831,stale,89137.7732068,89137.7751023,,
3,831,stale,89137.7731752,89137.7751908,,
0,832,completed,89137.8076342,89137.8097004,89137.8381898,30.55559999484103
4,832,stale,89137.8075868,89137.8093517,,
5,832,stale,89137.80766,89137.8097291,,
1,832,stale,89137.8075748,89137.8093094,,
3,832,stale,89137.8077671,89137.8096731,,
2,832,stale,89137.8077997,89137.8096719,,
1,833,completed,89137.8353661,89137.8375227,89137.8543719,19.005800000741147
4,833,completed,89137.8353418,89137.837159,89137.8703226,34.98080000281334
3,833,completed,89137.8356389,89137.8375613,89137.8865181,50.87920000369195
0,833,stale,89137.8354159,89137.8374274,,
5,833,stale,89137.8355375,89137.8375131,,
2,833,stale,89137.8354504,89137.8375921,,
2,834,completed,89137.8733751,89137.875459,89137.9030233,29.64819999760948
5,834,completed,89137.8733107,89137.8753783,89137.9190981,45.787399998516776
0,834,stale,89137.8733371,89137.8751534,,
4,834,stale,89137.8734348,89137.8753856,,
3,834,stale,89137.873504,89137.875445,,
1,834,stale,89137.8734046,89137.8753943,,
0,835,completed,89137.911808,89137.9137522,89137.9357213,23.913299999549054
1,835,completed,89137.9118656,89137.9139637,89137.9537781,41.912499989848584
5,835,stale,89137.9117454,89137.91357,,
2,835,stale,89137.9117627,89137.9136153,,
3,835,stale,89137.9119069,89137.9139636,,
4,835,stale,89137.9120024,89137.9139054,,
4,836,completed,89137.9360784,89137.9383367,89137.9703598,34.28140000323765
3,836,stale,89137.935902,89137.9383167,,
5,836,stale,89137.9359714,89137.9381552,,
1,836,stale,89137.9358366,89137.9378504,,
0,836,stale,89137.9358339,89137.9380012,,
2,836,stale,89137.9358746,89137.9382851,,
3,837,completed,89137.9672523,89137.9693857,89137.9868259,19.57360000233166
2,837,completed,89137.9673803,89137.9694554,89138.002843,35.46269999060314
5,837,completed,89137.9674233,89137.9693878,89138.0197949,52.37160000251606
4,837,stale,89137.9672294,89137.9690745,,
0,837,stale,89137.9673318,89137.9694287,,
1,837,stale,89137.9672621,89137.9693815,,
1,838,completed,89138.0020158,89138.0042529,89138.0361967,34.18090000923257
0,838,completed,89138.0019527,89138.0041761,89138.0520591,50.106399998185225
5,838,stale,89138.0020872,89138.0042305,,
2,838,stale,89138.002047,89138.0041379,,
3,838,stale,89138.0022159,89138.0043482,,
4,838,stale,89138.0019527,89138.0041691,,
4,839,completed,89138.039045,89138.0409668,89138.0686043,29.559300004621036
2,839,completed,89138.0388679,89138.040974,89138.0848027,45.934800000395626
5,839,stale,89138.0389098,89138.0409041,,
0,839,stale,89138.0389913,89138.0408954,,
1,839,stale,89138.0388911,89138.0405502,,
3,839,stale,89138.038844,89138.0409737,,
5,840,completed,89138.0713861,89138.0734301,89138.1013695,29.983400003402494
3,840,completed,89138.0715361,89138.0736891,89138.1170858,45.54969999298919
2,840,stale,89138.071593,89138.0736996,,
0,840,stale,89138.0714201,89138.0736443,,
4,840,stale,89138.0715035,89138.0736928,,
1,840,stale,89138.0714052,89138.0737247,,
1,841,completed,89138.1064251,89138.1085032,89138.1337857,27.360599997336976
0,841,completed,89138.1065509,89138.1084354,89138.1499667,43.4157999989111
2,841,stale,89138.1063871,89138.1083189,,
3,841,stale,89138.1063251,89138.1081412,,
4,841,stale,89138.106343,89138.1083911,,
5,841,stale,89138.1064991,89138.1084174,,
2,842,completed,89138.1408801,89138.1429252,89138.166181,25.300899986177683
4,842,completed,89138.1410773,89138.1430672,89138.1828314,41.75410000607371
0,842,stale,89138.1408881,89138.1429318,,
3,842,stale,89138.1410229,89138.1430468,,
1,842,stale,89138.1408207,89138.1427046,,
5,842,stale,89138.1409654,89138.1430415,,
3,843,completed,89138.1689186,89138.1708985,89138.1992772,30.358599993633106
5,843,completed,89138.1687907,89138.1708362,89138.2151887,46.39800000586547
0,843,stale,89138.1687373,89138.1706341,,
1,843,stale,89138.1688875,89138.1708925,,
2,843,stale,89138.1687732,89138.1708272,,
4,843,stale,89138.1687373,89138.1706813,,
1,844,completed,89138.2035167,89138.2057746,89138.2320168,28.500100001110695
0,844,completed,89138.2036096,89138.2058476,89138.2481987,44.589100012672134
3,844,stale,89138.2037861,89138.2059045,,
4,844,stale,89138.2036683,89138.2058891,,
2,844,stale,89138.2035598,89138.2058023,,
5,844,stale,89138.2035042,89138.2058198,,
4,845,completed,89138.2381114,89138.2399421,89138.2648229,26.711500002420507
2,845,completed,89138.2381403,89138.240118,89138.2807483,42.608000003383495
5,845,stale,89138.2382141,89138.240179,,
1,845,stale,89138.2383151,89138.2402665,,
3,845,stale,89138.2380868,89138.2397828,,
0,845,stale,89138.2381739,89138.2401145,,
5,846,completed,89138.2728271,89138.2745561,89138.2970221,24.195000005420297
3,846,completed,89138.2729538,89138.2749835,89138.3130026,40.04880000138655
2,846,stale,89138.2728554,89138.2748407,,
1,846,stale,89138.2728448,89138.2749746,,
4,846,stale,89138.2730881,89138.2749699,,
0,846,stale,89138.2729988,89138.2750053,,
0,847,completed,89138.3080098,89138.3099002,89138.3292506,21.24079999339301
1,847,completed,89138.3077236,89138.3099052,89138.3453772,37.65360001125373
5,847,stale,89138.3079092,89138.309878,,
2,847,stale,89138.3077596,89138.3096941,,
3,847,stale,89138.3077165,89138.309631,,
4,847,stale,89138.307806,89138.3099104,,
2,848,completed,89138.3355408,89138.3374347,89138.3616833,26.142499991692603
4,848,completed,89138.335676,89138.3376789,89138.3774924,41.81640000024345
0,848,stale,89138.3355283,89138.337454,,
1,848,stale,89138.3357531,89138.3376812,,
5,848,stale,89138.3356284,89138.3375173,,
3,848,stale,89138.3355753,89138.3376093,,
3,849,completed,89138.3703256,89138.3728524,89138.3938033,23.477700000512414
5,849,completed,89138.3701693,89138.3722597,89138.409961,39.79169999365695
2,849,stale,89138.3702712,89138.3722969,,
1,849,stale,89138.3701939,89138.3721669,,
0,849,stale,89138.3701419,89138.3721809,,
4,849,stale,89138.3703922,89138.3727828,,
0,850,completed,89138.4050161,89138.4068415,89138.4264286,21.412499991129152
1,850,completed,89138.4049261,89138.4067104,89138.4423802,37.45409999100957
5,850,stale,89138.4048052,89138.406717,,
4,850,stale,89138.4050568,89138.4068246,,
2,850,stale,89138.404818,89138.4067269,,
3,850,stale,89138.4047511,89138.4062652,,
2,851,completed,89138.4398063,89138.4418731,89138.4585258,18.71950000349898
4,851,completed,89138.4396495,89138.4417708,89138.4751469,35.4974000074435
3,851,completed,89138.4397848,89138.4418986,89138.4911985,51.41370001365431
5,851,stale,89138.439675,89138.4417823,,
1,851,stale,89138.4397071,89138.4418183,,
0,851,stale,89138.4396451,89138.4416999,,
5,852,completed,89138.4812247,89138.4828146,89138.5078376,26.612900008331053
3,852,stale,89138.4815148,89138.4833031,,
2,852,stale,89138.4812559,89138.4829415,,
0,852,stale,89138.4814083,89138.4832858,,
4,852,stale,89138.4813523,89138.4832984,,
1,852,stale,89138.4813161,89138.4831945,,
0,853,completed,89138.5022536,89138.5041566,89138.5246561,22.4024999915855
1,853,completed,89138.5021624,89138.5042906,89138.5408442,38.68180001154542
2,853,stale,89138.5020913,89138.5041531,,
3,853,stale,89138.5023075,89138.5041751,,
4,853,stale,89138.5021054,89138.5041756,,
5,853,stale,89138.5020788,89138.5041481,,
2,854,completed,89138.5369016,89138.5389537,89138.5570619,20.160300002316944
3,854,completed,89138.536794,89138.5389497,89138.5735427,36.74870000395458
4,854,stale,89138.5368687,89138.5389871,,
0,854,stale,89138.5369767,89138.539123,,
5,854,stale,89138.5369942,89138.5391209,,
1,854,stale,89138.5368721,89138.538829,,
4,855,completed,89138.5717157,89138.573865,89138.5902622,18.546499995863996
5,855,completed,89138.5718563,89138.5740176,89138.6060752,34.21890000754502
1,855,completed,89138.5718098,89138.5740229,89138.6246571,52.84729998675175
0,855,stale,89138.5716713,89138.5738181,,
3,855,stale,89138.5716195,89138.5737677,,
2,855,stale,89138.5716498,89138.5738792,,
0,856,completed,89138.6063374,89138.608838,89138.6413619,35.02450000087265
3,856,completed,89138.6062888,89138.6088446,89138.6589766,52.68779999460094
5,856,stale,89138.6065503,89138.6089818,,
4,856,stale,89138.6064693,89138.608939,,
2,856,stale,89138.6062981,89138.6089286,,
1,856,stale,89138.6063832,89138.608834,,
2,857,completed,89138.6411039,89138.6435001,89138.6756143,34.510400000726804
3,857,stale,89138.6410341,89138.6432449,,
5,857,stale,89138.6409541,89138.643183,,
4,857,stale,89138.6410112,89138.6434142,,
0,857,stale,89138.6409891,89138.6434127,,
1,857,completed,89138.6411988,89138.6435228,89138.6930425,51.843699999153614
4,858,completed,89138.6687404,89138.6705177,89138.7089132,40.17279999970924
5,858,completed,89138.6688035,89138.6704344,89138.7250289,56.225399996037595
3,858,stale,89138.6687114,89138.670441,,
1,858,stale,89138.6842985,89138.6846776,,
0,858,stale,89138.6686769,89138.6703786,,
2,858,stale,89138.6688535,89138.6705348,,
3,859,completed,89138.7103839,89138.7122986,89138.7411036,30.719699992914684
5,859,stale,89138.7103541,89138.7123158,,
0,859,stale,89138.7105871,89138.7124815,,
4,859,stale,89138.7103091,89138.7120191,,
2,859,stale,89138.7105835,89138.7123914,,
1,859,stale,89138.7104402,89138.7124363,,
0,860,completed,89138.7381675,89138.7402072,89138.7577295,19.561999986763112
2,860,completed,89138.7383398,89138.7403631,89138.7743122,35.97240000090096
1,860,completed,89138.7382131,89138.7403062,89138.7909235,52.710399992065504
3,860,stale,89138.7383353,89138.7402313,,
4,860,stale,89138.7382502,89138.7403181,,
5,860,stale,89138.7381304,89138.7402104,,
4,861,completed,89138.773016,89138.7752382,89138.8075058,34.48979998938739
5,861,completed,89138.7730399,89138.7753655,89138.8255731,52.533199996105395
2,861,stale,89138.773318,89138.7753903,,
3,861,stale,89138.7731823,89138.7751968,,
1,861,stale,89138.7729762,89138.774947,,
0,861,stale,89138.7732368,89138.7754469,,
3,862,completed,89138.8076274,89138.810075,89138.842129,34.50159999192692
5,862,stale,89138.8076444,89138.8100996,,
0,862,stale,89138.8077567,89138.8101535,,
4,862,stale,89138.8077917,89138.8100285,,
2,862,stale,89138.8076135,89138.809667,,
1,862,stale,89138.8076311,89138.8100881,,
1,863,completed,89138.8354637,89138.8379634,89138.8585734,23.109699992346577
2,863,completed,89138.8356859,89138.8380261,89138.8744948,38.80889998981729
4,863,stale,89138.83572,89138.8380345,,
0,863,stale,89138.8355483,89138.8379917,,
3,863,stale,89138.8356528,89138.8379309,,
5,863,stale,89138.8354937,89138.8377654,,
0,864,completed,89138.8700429,89138.8721024,89138.891157,21.11410000361502
5,864,completed,89138.8701413,89138.872136,89138.906969,36.827700008871034
4,864,completed,89138.8700085,89138.8717047,89138.9230418,53.03329999151174
2,864,stale,89138.8702244,89138.8720611,,
3,864,stale,89138.8701031,89138.8721397,,
1,864,stale,89138.8700241,89138.8720454,,
3,865,completed,89138.9120986,89138.9142308,89138.9398244,27.725799998734146
2,865,completed,89138.9118831,89138.9140339,89138.9574938,45.61070000636391
4,865,stale,89138.9119862,89138.9142292,,
1,865,stale,89138.9120111,89138.914336,,
5,865,stale,89138.9120123,89138.9143432,,
0,865,stale,89138.911986,89138.9144972,,
1,866,completed,89138.9394932,89138.9419543,89138.9741026,34.609399997862056
4,866,completed,89138.939432,89138.9418123,89138.9922719,52.839900003164075
0,866,stale,89138.9395673,89138.9421009,,
2,866,stale,89138.9398992,89138.9422943,,
5,866,stale,89138.9394518,89138.9419945,,
3,866,stale,89138.9395373,89138.942083,,
5,867,completed,89138.9743519,89138.9767937,89139.0089279,34.575999990920536
2,867,stale,89138.974324,89138.9766258,,
1,867,stale,89138.9743021,89138.9766785,,
0,867,stale,89138.9742261,89138.9765076,,
3,867,stale,89138.9747174,89138.9769603,,
4,867,stale,89138.9742252,89138.97631,,
0,868,completed,89139.0023053,89139.0039997,89139.0258144,23.509099992224947
3,868,completed,89139.0023676,89139.0041297,89139.041747,39.37939999741502
4,868,stale,89139.0024043,89139.0041508,,
5,868,stale,89139.0020014,89139.0038706,,
1,868,stale,89139.0020178,89139.0038813,,
2,868,stale,89139.0020137,89139.0036865,,
2,869,completed,89139.037049,89139.0391175,89139.057999,20.949999990989454
4,869,completed,89139.0367418,89139.038685,89139.0745341,37.79230000509415
0,869,stale,89139.0367902,89139.0387887,,
1,869,stale,89139.0369377,89139.0390948,,
5,869,stale,89139.0369061,89139.0390733,,
3,869,stale,89139.03683,89139.0389453,,
1,870,completed,89139.0715324,89139.0735756,89139.0910314,19.499000001815148
5,870,completed,89139.0716799,89139.0737598,89139.1071546,35.474700009217486
0,870,completed,89139.0714965,89139.0734118,89139.1243053,52.80880001373589
4,870,stale,89139.0718689,89139.073993,,
2,870,stale,89139.0715878,89139.0738265,,
3,870,stale,89139.0716476,89139.0738115,,
3,871,completed,89139.1063549,89139.1085738,89139.1404754,34.120500000426546
2,871,completed,89139.106253,89139.108495,89139.1573467,51.093699992634356
1,871,stale,89139.1062119,89139.1083283,,
5,871,stale,89139.1064248,89139.1084362,,
4,871,stale,89139.1061884,89139.107984,,
0,871,stale,89139.1063127,89139.1085218,,
4,872,completed,89139.1479039,89139.1499472,89139.1738389,25.93499999784399
2,872,stale,89139.148023,89139.1500987,,
0,872,stale,89139.1478082,89139.1499823,,
3,872,stale,89139.14774,89139.1499955,,
1,872,stale,89139.1476991,89139.1496167,,
5,872,stale,89139.147719,89139.149903,,
1,873,completed,89139.1688206,89139.1710798,89139.1902969,21.476299996720627
5,873,completed,89139.1691189,89139.1711558,89139.2066454,37.52650000387803
3,873,stale,89139.168977,89139.1710947,,
0,873,stale,89139.1688447,89139.1710906,,
2,873,stale,89139.1687948,89139.1707264,,
4,873,stale,89139.1690296,89139.1710559,,
0,874,completed,89139.2032793,89139.2051221,89139.2228597,19.58040001045447
3,874,completed,89139.2031723,89139.204927,89139.2390733,35.90100001019891
2,874,completed,89139.203326,89139.2053542,89139.2561634,52.83739999867976
5,874,stale,89139.2031801,89139.2051861,,
1,874,stale,89139.2032072,89139.205349,,
4,874,stale,89139.2038682,89139.2056962,,
4,875,completed,89139.2383192,89139.240729,89139.2723558,34.03660000185482
5,875,completed,89139.2381332,89139.2403812,89139.288626,50.49280000093859
1,875,stale,89139.2380981,89139.2406573,,
2,875,stale,89139.2380981,89139.2406539,,
0,875,stale,89139.2382112,89139.240985,,
3,875,stale,89139.2385129,89139.2407535,,
1,876,completed,89139.2744924,89139.2764876,89139.3052114,30.719000002136454
2,876,completed,89139.2744555,89139.2764752,89139.3213074,46.851899998728186
5,876,stale,89139.2745547,89139.2766537,,
0,876,stale,89139.2744393,89139.2764537,,
4,876,stale,89139.274658,89139.2766036,,
3,876,stale,89139.2744194,89139.2765531,,
3,877,completed,89139.3077351,89139.3096729,89139.3380185,30.283400003099814
2,877,stale,89139.3076665,89139.3096501,,
0,877,stale,89139.3075784,89139.3094468,,
5,877,stale,89139.307509,89139.3093003,,
1,877,stale,89139.3075388,89139.3095515,,
4,877,stale,89139.307606,89139.3095329,,
0,878,completed,89139.3356505,89139.3378907,89139.3543302,18.679700006032363
4,878,completed,89139.3356064,89139.3379743,89139.3709118,35.3054000006523
5,878,completed,89139.3357437,89139.3378417,89139.3887235,52.979800006141886
3,878,stale,89139.3354287,89139.3376587,,
2,878,stale,89139.335432,89139.3377312,,
1,878,stale,89139.3354762,89139.3379289,,
1,879,completed,89139.3702992,89139.3730571,89139.4053267,35.0274999946123
2,879,completed,89139.3703311,89139.3730745,89139.4227902,52.45909999939613
0,879,stale,89139.3702459,89139.3729903,,
5,879,stale,89139.3704228,89139.3730536,,
4,879,stale,89139.3702458,89139.3730431,,
3,879,stale,89139.370307,89139.3730829,,
3,880,completed,89139.404998,89139.4072297,89139.4394042,34.40620000765193
0,880,completed,89139.4048521,89139.4069054,89139.4578887,53.03660000208765
5,880,stale,89139.4048521,89139.4071062,,
1,880,stale,89139.4050665,89139.4071557,,
2,880,stale,89139.4049515,89139.4071031,,
4,880,stale,89139.4048653,89139.4071316,,
5,881,completed,89139.4392492,89139.4421557,89139.4747091,35.45989999838639
4,881,completed,89139.439279,89139.4422624,89139.4924834,53.2043999992311
3,881,stale,89139.4395154,89139.4421861,,
2,881,stale,89139.4392414,89139.4422011,,
1,881,stale,89139.4393871,89139.4421315,,
0,881,stale,89139.4398872,89139.4424002,,
2,882,completed,89139.4745049,89139.4768296,89139.5089311,34.42619999987073
5,882,stale,89139.4743287,89139.4766216,,
1,882,stale,89139.4744661,89139.4769954,,
4,882,stale,89139.4743109,89139.4767232,,
0,882,stale,89139.4743721,89139.4770017,,
3,882,stale,89139.4743027,89139.4767785,,
1,883,completed,89139.5021698,89139.504454,89139.5258874,23.717599993688054
3,883,completed,89139.502325,89139.5045346,89139.5415988,39.273800008231774
5,883,stale,89139.5022334,89139.5043872,,
2,883,stale,89139.502095,89139.5044718,,
0,883,stale,89139.5021166,89139.504518,,
4,883,stale,89139.5020963,89139.5044536,,
0,884,completed,89139.5368909,89139.5391932,89139.5579176,21.0267000074964
5,884,completed,89139.5368583,89139.5390161,89139.5738745,37.016200003563426
2,884,stale,89139.5367867,89139.5389867,,
3,884,stale,89139.5367812,89139.5389376,,
1,884,stale,89139.5369844,89139.5390689,,
4,884,stale,89139.5368872,89139.5392569,,
4,885,completed,89139.5715414,89139.5737823,89139.5900951,18.553699992480688
2,885,completed,89139.5715394,89139.5733799,89139.6061768,34.63740000734106
3,885,stale,89139.5715564,89139.5737441,,
3,886,completed,89139.5992526,89139.599913,89139.6241862,24.933599997893907
1,885,stale,89139.5716388,89139.573778,,
0,885,stale,89139.5717868,89139.5737734,,
5,885,stale,89139.5716781,89139.5738015,,
1,886,completed,89139.6064014,89139.6084403,89139.6408207,34.41930000553839
0,886,completed,89139.6063836,89139.608484,89139.6590123,52.628700010245666
2,886,stale,89139.5992535,89139.6000053,,
5,886,stale,89139.6065754,89139.6085806,,
4,886,stale,89139.6063909,89139.6084401,,
5,887,completed,89139.6409795,89139.6435796,89139.6750847,34.105199985788204
4,887,stale,89139.6410268,89139.6436911,,
3,887,stale,89139.6410924,89139.6437736,,
0,887,stale,89139.6409944,89139.6437772,,
2,887,stale,89139.6411477,89139.643488,,
1,887,stale,89139.6411204,89139.6437695,,
2,888,completed,89139.6687314,89139.6707421,89139.691559,22.82759999798145
4,888,completed,89139.6686128,89139.6707458,89139.7078922,39.279399992665276
3,888,stale,89139.668823,89139.6707865,,
5,888,stale,89139.6686761,89139.6705506,,
0,888,stale,89139.668613,89139.6707561,,
1,888,stale,89139.6687721,89139.6707701,,
3,889,completed,89139.7033824,89139.7053666,89139.7245163,21.133900008862838
1,889,completed,89139.703685,89139.7055663,89139.7405148,36.82979999575764
0,889,stale,89139.7034839,89139.7055476,,
4,889,stale,89139.7034211,89139.7053683,,
2,889,stale,89139.7034348,89139.7054666,,
5,889,stale,89139.7035374,89139.705554,,
0,890,completed,89139.7382736,89139.7403137,89139.7570243,18.750699993688613
5,890,completed,89139.7383928,89139.7406552,89139.7731439,34.75109999999404
4,890,completed,89139.7383062,89139.7403993,89139.7891899,50.88369999430142
2,890,stale,89139.7384377,89139.7406579,,
3,890,stale,89139.7383318,89139.7404327,,
1,890,stale,89139.7382738,89139.7403421,,
2,891,completed,89139.7798631,89139.7817934,89139.8058202,25.95709999150131
5,891,stale,89139.7798047,89139.7819471,,
4,891,stale,89139.7797685,89139.7814935,,
1,891,completed,89139.7797855,89139.7819581,89139.8222814,42.49590000836179
3,891,stale,89139.7799098,89139.7820085,,
0,891,stale,89139.7799497,89139.7820237,,
3,892,completed,89139.8076091,89139.808578,89139.838398,30.788900010520592
2,892,stale,89139.8007624,89139.801979,,
1,892,stale,89139.80758,89139.8085945,,
5,892,stale,89139.800791,89139.8020594,,
4,892,stale,89139.8007883,89139.8021347,,
0,892,stale,89139.8075969,89139.808642,,
4,893,completed,89139.8354532,89139.8378871,89139.8550695,19.61630000732839
5,893,completed,89139.8353312,89139.8377933,89139.8709782,35.64699999697041
0,893,completed,89139.8355526,89139.8379344,89139.8884627,52.910099999280646
2,893,stale,89139.8353956,89139.8376773,,
1,893,stale,89139.8353311,89139.8377949,,
3,893,stale,89139.8353796,89139.8378609,,
2,894,completed,89139.8701626,89139.8727074,89139.9052218,35.059200003161095
1,894,completed,89139.8701877,89139.8727401,89139.9225504,52.362700007506646
5,894,stale,89139.8701306,89139.8726128,,
0,894,stale,89139.8701306,89139.8726229,,
3,894,stale,89139.8703164,89139.8727531,,
4,894,stale,89139.8703515,89139.8728942,,
3,895,completed,89139.9049021,89139.9071685,89139.9389761,34.074000010150485
5,895,completed,89139.9047695,89139.9067666,89139.9549332,50.16369999793824
0,895,stale,89139.9047695,89139.9068761,,
1,895,stale,89139.9048332,89139.9071039,,
4,895,stale,89139.9050248,89139.9072266,,
2,895,stale,89139.9048726,89139.9071551,,
0,896,completed,89139.9466245,89139.9486781,89139.9712595,24.635000008856878
4,896,completed,89139.9466884,89139.9487393,89139.9872688,40.580400003818795
5,896,stale,89139.9466094,89139.9485206,,
2,896,stale,89139.9467155,89139.9487815,,
3,896,stale,89139.9467769,89139.9486808,,
1,896,stale,89139.9466146,89139.9486736,,
2,897,completed,89139.9743734,89139.9762534,89140.0042187,29.84530001413077
1,897,completed,89139.9744629,89139.9763621,89140.0201514,45.68849998759106
0,897,stale,89139.9741962,89139.9757537,,
3,897,stale,89139.97432,89139.9762958,,
5,897,stale,89139.9742314,89139.9762064,,
4,897,stale,89139.9742541,89139.9762409,,
5,898,completed,89140.0092591,89140.0110733,89140.0371636,27.904500006115995
3,898,completed,89140.0091305,89140.0110431,89140.0548409,45.71040000882931
0,898,stale,89140.0090461,89140.010853,,
4,898,stale,89140.0091045,89140.0113175,,
1,898,stale,89140.0090758,89140.0109419,,
2,898,stale,89140.0090679,89140.0111648,,
0,899,completed_after_window,89140.0367983,89140.0388893,89140.0716097,34.8113999934867
4,899,shutdown_backlog,89140.0367696,89140.0388726,,
1,899,shutdown_backlog,89140.0369205,89140.0390975,,
2,899,shutdown_backlog,89140.0369892,89140.0390733,,
5,899,shutdown_backlog,89140.0368166,89140.0388787,,
3,899,shutdown_backlog,89140.0368698,89140.0390865,,
