camera,seq,status,capture_s,enqueue_s,finish_s,latency_ms
3,0,completed,89758.2827523,89758.2852547,89758.2894043,6.651999996392988
0,0,completed,89758.2827554,89758.2851644,89758.2914867,8.731300011277199
2,0,completed,89758.2828277,89758.2854189,89758.2933501,10.52239999989979
1,0,completed,89758.2827496,89758.2855856,89758.2952845,12.534900000900961
3,1,completed,89758.3156571,89758.318191,89758.320193,4.53590000688564
2,1,completed,89758.3155893,89758.3183352,89758.3221873,6.598000007215887
0,1,completed,89758.3156019,89758.3183458,89758.3243001,8.698199992068112
1,1,completed,89758.315617,89758.3186019,89758.3262852,10.668200004147366
3,2,completed,89758.3503013,89758.3529936,89758.3549463,4.644999993615784
2,2,completed,89758.3505395,89758.3530011,89758.3567309,6.191400010720827
0,2,completed,89758.3505254,89758.3532243,89758.3587602,8.234799999627285
1,2,completed,89758.3503158,89758.3532101,89758.3605863,10.27050000266172
3,3,completed,89758.3923794,89758.3951098,89758.3969872,4.607800001394935
0,3,completed,89758.3924038,89758.3950649,89758.399047,6.643200002145022
1,3,completed,89758.3924255,89758.3952957,89758.40112,8.694499992998317
2,3,completed,89758.3923517,89758.3956172,89758.4030008,10.649100004229695
2,4,completed,89758.4293939,89758.4316688,89758.4336763,4.282399997464381
0,4,completed,89758.429414,89758.4317835,89758.4359551,6.541099995956756
1,4,completed,89758.429393,89758.4317551,89758.4378188,8.425799998803996
3,4,completed,89758.4294925,89758.4318618,89758.4395662,10.073700002976693
3,5,completed,89758.4544638,89758.4569665,89758.4588416,4.3778000108432025
2,5,completed,89758.454457,89758.4572364,89758.4605721,6.1150999972596765
0,5,completed,89758.4544793,89758.4572829,89758.4628409,8.361600004718639
1,5,completed,89758.4545114,89758.4573588,89758.4646921,10.180699988268316
3,6,completed,89758.482444,89758.4850973,89758.4870035,4.559500011964701
0,6,completed,89758.4822767,89758.4851541,89758.4888164,6.539699999848381
1,6,completed,89758.4822816,89758.4851201,89758.4909814,8.699800004251301
2,6,completed,89758.4822211,89758.4851186,89758.4929752,10.754100003396161
2,7,completed,89758.5171807,89758.5195639,89758.5216518,4.4710999936796725
3,7,completed,89758.5169528,89758.519564,89758.523557,6.604199996218085
0,7,completed,89758.5172133,89758.519651,89758.5259621,8.74879999901168
1,7,completed,89758.5169381,89758.5198027,89758.5278441,10.905999995884486
3,8,completed,89758.5517031,89758.5541986,89758.5562958,4.592699988279492
1,8,completed,89758.5517031,89758.5541806,89758.558057,6.35389999661129
2,8,completed,89758.551652,89758.5542066,89758.559949,8.297000007587485
0,8,completed,89758.5516688,89758.5546913,89758.5617635,10.094699988258071
1,9,completed,89758.5863871,89758.5890957,89758.591012,4.6249000006355345
2,9,completed,89758.5863925,89758.5890606,89758.5928616,6.469100000686012
3,9,completed,89758.586423,89758.5890606,89758.5954068,8.98379999853205
0,9,completed,89758.5864501,89758.5891229,89758.5972845,10.834400003659539
3,10,completed,89758.6141981,89758.6170263,89758.6189167,4.718600001069717
1,10,completed,89758.6142718,89758.6170611,89758.6207087,6.436899988329969
2,10,completed,89758.6142235,89758.6170443,89758.6226579,8.434400006080978
0,10,completed,89758.6141979,89758.6171008,89758.6245101,10.312200000043958
1,11,completed,89758.6491227,89758.6519811,89758.6537993,4.676600001403131
3,11,completed,89758.6491953,89758.6519762,89758.6555914,6.39610001235269
2,11,completed,89758.6491405,89758.6519577,89758.6575974,8.456900002784096
0,11,completed,89758.6491227,89758.652031,89758.6594,10.27730001078453
2,12,completed,89758.6836357,89758.6861867,89758.6880482,4.412499998579733
0,12,completed,89758.6836039,89758.6862456,89758.6898723,6.268400000408292
1,12,completed,89758.683554,89758.6863505,89758.6917281,8.174100003088824
3,12,completed,89758.6835561,89758.6863778,89758.6936128,10.056699989945628
0,13,completed,89758.7186019,89758.7209704,89758.7228342,4.2323000088799745
1,13,completed,89758.7185775,89758.7209763,89758.7247329,6.1553999985335395
3,13,completed,89758.7183469,89758.7210807,89758.7268233,8.476400005747564
2,13,completed,89758.718347,89758.7211559,89758.7286413,10.294299994711764
1,14,completed,89758.752983,89758.7554133,89758.7574012,4.4181999983266
3,14,completed,89758.7530338,89758.7554271,89758.7593672,6.333399986033328
2,14,completed,89758.7530174,89758.7554538,89758.7613967,8.379300008527935
0,14,completed,89758.7529622,89758.7557638,89758.7631985,10.23630000418052
1,15,completed,89758.781102,89758.783822,89758.7857407,4.638700003852136
2,15,completed,89758.781035,89758.7838207,89758.7883776,7.342599987168796
0,15,completed,89758.7810358,89758.7838877,89758.7904302,9.394399996381253
3,15,completed,89758.7810674,89758.7841213,89758.7923988,11.33139999001287
3,16,completed,89758.8155199,89758.8181844,89758.8202003,4.680400001234375
1,16,completed,89758.8155757,89758.8182758,89758.8220952,6.519499991554767
2,16,completed,89758.8156524,89758.8183671,89758.8241657,8.51330001023598
0,16,completed,89758.8155069,89758.8183549,89758.8260099,10.50299999769777
2,17,completed,89758.8502544,89758.8528744,89758.8548164,4.562000001897104
0,17,completed,89758.8505409,89758.8531326,89758.856784,6.2430999969365075
1,17,completed,89758.8505154,89758.8532296,89758.8588717,8.356299993465655
3,17,completed,89758.8504599,89758.8532356,89758.8608302,10.370300005888566
0,18,completed,89758.8920103,89758.8945504,89758.8966008,4.590500000631437
3,18,completed,89758.8920417,89758.894604,89758.8985127,6.471000000601634
2,18,completed,89758.8920842,89758.894708,89758.9008958,8.811600011540577
1,18,completed,89758.8919864,89758.895095,89758.9027492,10.762799996882677
3,19,completed,89758.9198734,89758.9223321,89758.9241599,4.2864999995799735
2,19,completed,89758.9198134,89758.9223301,89758.9260625,6.249099998967722
0,19,completed,89758.9198026,89758.9226251,89758.9281249,8.32230001105927
1,19,completed,89758.9198363,89758.9227514,89758.9300715,10.235199995804578
1,20,completed,89758.9474362,89758.9499866,89758.951907,4.4707999913953245
3,20,completed,89758.9474887,89758.9500457,89758.9538723,6.383600004483014
0,20,completed,89758.9476291,89758.9500704,89758.9558986,8.26950000191573
2,20,completed,89758.9475158,89758.9501861,89758.9577774,10.261600007652305
2,21,completed,89758.9822222,89758.9847805,89758.9867338,4.511600011028349
3,21,completed,89758.9822625,89758.9849938,89758.9885371,6.274600003962405
1,21,completed,89758.9822219,89758.9849836,89758.9905561,8.334199999808334
0,21,completed,89758.9822821,89758.9850628,89758.9924509,10.168799999519251
2,22,completed,89759.0169319,89759.0200608,89759.0220096,5.077699999674223
0,22,completed,89759.0169595,89759.0200679,89759.0240862,7.126700002118014
1,22,completed,89759.0169321,89759.0204089,89759.0260134,9.081299998797476
3,22,completed,89759.0169729,89759.0205065,89759.0280006,11.027699991245754
3,23,completed,89759.0516522,89759.0552506,89759.0571653,5.513099997187965
0,23,completed,89759.0517477,89759.0552412,89759.0594404,7.692700004554354
2,23,completed,89759.0517044,89759.0552998,89759.0614496,9.74520000454504
1,23,completed,89759.0519069,89759.0554432,89759.0633749,11.467999996966682
1,24,completed,89759.0864768,89759.0905153,89759.0930005,6.523699994431809
3,24,completed,89759.0865452,89759.0905149,89759.095231,8.6857999995118
0,24,completed,89759.0864932,89759.0907637,89759.0971425,10.649300005752593
2,24,completed,89759.0865371,89759.0912396,89759.0991756,12.638500003959052
0,25,completed,89759.1141313,89759.1169114,89759.1188175,4.686200001742691
1,25,completed,89759.1211017,89759.1249229,89759.126843,5.7413000031374395
3,25,completed,89759.1210464,89759.1249975,89759.1291626,8.116199998767115
2,25,completed,89759.1210298,89759.1250334,89759.1312709,10.241100011626258
2,26,completed,89759.1489041,89759.151996,89759.1539989,5.094799998914823
0,26,completed,89759.1488973,89759.152013,89759.1561161,7.218800004920922
3,26,completed,89759.1490285,89759.1521032,89759.1582721,9.243599997716956
1,26,completed,89759.1489414,89759.1524116,89759.1602112,11.26980000117328
0,27,completed,89759.1836077,89759.1869515,89759.1891574,5.549699999392033
3,27,completed,89759.1836471,89759.1869729,89759.1917154,8.068299997830763
1,27,completed,89759.1836079,89759.1873967,89759.1937634,10.155500000109896
2,27,completed,89759.1836176,89759.1874434,89759.1957323,12.114699988160282
2,28,completed,89759.2185938,89759.2216137,89759.2235144,4.920599996694364
3,28,completed,89759.2184768,89759.2216255,89759.2254208,6.943999993382022
1,28,completed,89759.2186066,89759.2216856,89759.2273014,8.694799995282665
0,28,completed,89759.2184586,89759.2217818,89759.229112,10.653400007868186
0,29,completed,89759.2532839,89759.2567905,89759.2588476,5.563699989579618
1,29,completed,89759.2533867,89759.2567977,89759.2610594,7.6726999977836385
3,29,completed,89759.253387,89759.2569577,89759.2629533,9.566299995640293
2,29,completed,89759.253337,89759.257439,89759.2648139,11.476899991976097
3,30,completed,89759.2810727,89759.2842021,89759.2862913,5.218599995714612
0,30,completed,89759.2808432,89759.2842768,89759.2891054,8.26220000453759
2,30,completed,89759.2808379,89759.2842806,89759.291051,10.213099987595342
1,30,completed,89759.2811054,89759.2846823,89759.2933696,12.264199991477653
1,31,completed,89759.3156181,89759.318767,89759.3211841,5.566000007092953
2,31,completed,89759.3155745,89759.3188926,89759.3236274,8.052899996982887
3,31,completed,89759.3156282,89759.3194509,89759.3259013,10.273100007907487
0,31,completed,89759.3158083,89759.3195688,89759.3280164,12.208100000862032
0,32,completed,89759.350311,89759.3522257,89759.3530271,2.716100003453903
3,32,completed,89759.3503679,89759.3523608,89759.3536364,3.2685000041965395
1,32,completed,89759.3503176,89759.3522394,89759.3541645,3.8468999991891906
2,32,completed,89759.3503974,89759.3523601,89759.3546741,4.276699997717515
3,33,completed,89759.3850358,89759.3867042,89759.3874643,2.428499996312894
1,33,completed,89759.3850459,89759.3866648,89759.3881506,3.104700008407235
2,33,completed,89759.385044,89759.3867264,89759.388829,3.7850000080652535
0,33,completed,89759.3851074,89759.3867741,89759.389448,4.3406000040704384
3,34,completed,89759.4129176,89759.4152783,89759.416227,3.3093999954871833
1,34,completed,89759.4129169,89759.4152677,89759.4169432,4.026300011901185
2,34,completed,89759.4129663,89759.4153709,89759.4175316,4.565299997921102
0,34,completed,89759.4130019,89759.4153697,89759.4182,5.198099999688566
0,35,completed,89759.4475686,89759.4494821,89759.4502853,2.716700008022599
1,35,completed,89759.4475698,89759.4494627,89759.4508843,3.314499990665354
3,35,completed,89759.4476863,89759.4495847,89759.4514813,3.794999996898696
2,35,completed,89759.4476165,89759.4495334,89759.4520872,4.47070000518579
0,36,completed,89759.4824815,89759.4845069,89759.4853111,2.8295999945839867
3,36,completed,89759.4824711,89759.4844564,89759.4859509,3.4797999978763983
2,36,completed,89759.4824188,89759.4845376,89759.4866365,4.217699999571778
1,36,completed,89759.4824147,89759.4846052,89759.4871974,4.782699994393624
1,37,completed,89759.5171107,89759.5189329,89759.5197466,2.635899989400059
2,37,completed,89759.5171106,89759.5189506,89759.5203875,3.2768999953987077
0,37,completed,89759.5172255,89759.5190603,89759.5209109,3.6853999918093905
3,37,completed,89759.5172547,89759.5190532,89759.5214819,4.227199999149889
3,38,completed,89759.5517904,89759.5535541,89759.5542997,2.5093000003835186
2,38,completed,89759.5518281,89759.5535505,89759.5548883,3.0602000042563304
1,38,completed,89759.551766,89759.5535142,89759.5554191,3.6530999932438135
0,38,completed,89759.5517556,89759.5535036,89759.5560197,4.264100003638305
1,39,completed,89759.5795299,89759.5812534,89759.5821616,2.6317000010749325
0,39,completed,89759.5795725,89759.5813047,89759.582773,3.2004999957280234
3,39,completed,89759.5794844,89759.5813839,89759.5834202,3.9357999921776354
2,39,completed,89759.5794842,89759.581371,89759.5840454,4.561199995805509
1,40,completed,89759.6211359,89759.6227704,89759.6234889,2.3530000034952536
0,40,completed,89759.6211481,89759.6228097,89759.624061,2.9128999885870144
3,40,completed,89759.6211233,89759.6227926,89759.6246033,3.479999999399297
2,40,completed,89759.6212036,89759.6228463,89759.6251635,3.9598999865120277
3,41,completed,89759.6489377,89759.6505435,89759.6513701,2.4323999969055876
1,41,completed,89759.6489382,89759.6505997,89759.6519637,3.0255000019678846
0,41,completed,89759.6490125,89759.6506539,89759.6524595,3.4469999955035746
2,41,completed,89759.6489964,89759.6506633,89759.6529491,3.9526999898953363
3,42,completed,89759.6836118,89759.6852969,89759.6859915,2.379699988523498
2,42,completed,89759.683623,89759.6852728,89759.6864915,2.8684999997494742
0,42,completed,89759.6837111,89759.6853285,89759.6869806,3.2694999972591177
1,42,completed,89759.6836524,89759.6853309,89759.6874535,3.8010999996913597
3,43,completed,89759.7183098,89759.7197254,89759.7204578,2.147999999579042
0,43,completed,89759.7182646,89759.7196832,89759.7209902,2.7256000030320138
1,43,completed,89759.7182618,89759.7198137,89759.7214578,3.196000005118549
2,43,completed,89759.7183582,89759.7198727,89759.7219173,3.559100005077198
3,44,completed,89759.7530017,89759.7546718,89759.7554193,2.4176000006264076
1,44,completed,89759.7529861,89759.7546564,89759.75596,2.973900001961738
2,44,completed,89759.7530463,89759.7547385,89759.7564251,3.378800000064075
0,44,completed,89759.753062,89759.7547556,89759.756867,3.8050000002840534
2,45,completed,89759.7876602,89759.7893943,89759.7903044,2.644199994392693
3,45,completed,89759.7876706,89759.7893938,89759.7908953,3.22470000537578
1,45,completed,89759.7877401,89759.7894711,89759.7914528,3.7126999959582463
0,45,completed,89759.7877007,89759.7894786,89759.7919881,4.287399991881102
0,46,completed,89759.8156873,89759.8174753,89759.8182618,2.5745000020833686
2,46,completed,89759.8157516,89759.8175063,89759.8188556,3.1039999885251746
1,46,completed,89759.8156873,89759.8174636,89759.8194812,3.7939000030746683
3,46,completed,89759.8157178,89759.8174601,89759.820057,4.339200007962063
2,47,completed,89759.8502062,89759.8517154,89759.8524029,2.1966999920550734
0,47,completed,89759.8502693,89759.8518099,89759.8529464,2.677099997526966
3,47,completed,89759.8502223,89759.851749,89759.8534419,3.2196000101976097
1,47,completed,89759.8502993,89759.8517987,89759.8539557,3.6564000038197264
0,48,completed,89759.88516,89759.8869666,89759.8879359,2.775899993139319
3,48,completed,89759.8851339,89759.8869616,89759.8885843,3.450400006840937
1,48,completed,89759.8851093,89759.8868641,89759.88917,4.0606999973533675
2,48,completed,89759.8851093,89759.8869324,89759.8897086,4.5993000094313174
3,49,completed,89759.9127949,89759.9140476,89759.9149573,2.16240000736434
2,49,completed,89759.9127879,89759.9140687,89759.9154833,2.6954000059049577
0,49,completed,89759.9132756,89759.9145636,89759.9159614,2.685799991013482
1,49,completed,89759.9132733,89759.9146038,89759.9164221,3.1487999949604273
2,50,completed,89759.9474606,89759.9484361,89759.9490577,1.5970999957062304
3,50,completed,89759.9474323,89759.9484392,89759.9496004,2.1680999925592914
1,50,completed,89759.9543609,89759.9552058,89759.9558583,1.4974000077927485
0,50,completed,89759.9543663,89759.9552058,89759.9563866,2.020300002186559
3,51,completed,89759.9822385,89759.9836366,89759.9845881,2.3495999921578914
0,51,completed,89759.9824931,89759.9840794,89759.9850994,2.606299996841699
2,51,completed,89759.982539,89759.9841164,89759.9855762,3.0371999891940504
1,51,completed,89759.9824446,89759.9840183,89759.9860496,3.6050000053364784
2,52,completed,89760.0170725,89760.0190705,89760.019992,2.919499995186925
3,52,completed,89760.0171408,89760.01921,89760.0205765,3.435699996771291
1,52,completed,89760.0171082,89760.0192253,89760.0211443,4.036099999211729
0,52,completed,89760.0175429,89760.0193467,89760.0216839,4.141000012168661
2,53,completed,89760.051702,89760.0533196,89760.0540655,2.3634999961359426
1,53,completed,89760.05174,89760.0534408,89760.0545871,2.847100011422299
0,53,completed,89760.0517162,89760.0534298,89760.0550578,3.341599993291311
3,53,completed,89760.0521187,89760.0535629,89760.0555176,3.3989000075962394
1,54,completed,89760.0864415,89760.0877485,89760.0888408,2.399300006800331
0,54,completed,89760.0867005,89760.0881735,89760.0893823,2.681799989659339
3,54,completed,89760.086674,89760.0882712,89760.089868,3.193999989889562
2,54,completed,89760.0867486,89760.0883572,89760.0903718,3.6231999984011054
3,55,completed,89760.121044,89760.1224999,89760.1233098,2.265799994347617
2,55,completed,89760.1210361,89760.1227567,89760.1238248,2.788700003293343
0,55,completed,89760.1210682,89760.1227487,89760.1243249,3.256700001657009
1,55,completed,89760.1214289,89760.1228679,89760.1248162,3.3872999920276925
1,56,completed,89760.1489552,89760.1505892,89760.1513307,2.3755000001983717
0,56,completed,89760.1489821,89760.1506398,89760.1518629,2.8808000060962513
3,56,completed,89760.1489085,89760.1506338,89760.1523439,3.435399994486943
2,56,completed,89760.1494557,89760.1508465,89760.1528095,3.3537999988766387
1,57,completed,89760.1835726,89760.1854561,89760.1861038,2.531200007069856
0,57,completed,89760.1836194,89760.1854133,89760.1866155,2.996099996380508
3,57,completed,89760.1835933,89760.1854214,89760.1870933,3.500000006170012
2,57,completed,89760.184067,89760.1856726,89760.1875709,3.5039000067627057
2,58,completed,89760.2183377,89760.2197839,89760.2205093,2.1715999901061878
1,58,completed,89760.2182641,89760.2198427,89760.2210462,2.7820999966934323
0,58,completed,89760.2182638,89760.2197786,89760.2215181,3.2543000124860555
3,58,completed,89760.2187481,89760.220021,89760.222001,3.2529000018257648
2,59,completed,89760.2530006,89760.2545311,89760.2552342,2.2335999965434894
0,59,completed,89760.2530188,89760.2545721,89760.2557476,2.728799998294562
3,59,completed,89760.2530502,89760.2545712,89760.2562208,3.1706000008853152
1,59,completed,89760.2532701,89760.2547757,89760.2566665,3.3964000031119213
2,60,completed,89760.2808812,89760.2824242,89760.2831928,2.311599993845448
0,60,completed,89760.2808242,89760.2824419,89760.2837428,2.918600002885796
1,60,completed,89760.2808245,89760.2825374,89760.284236,3.4115000016754493
3,60,completed,89760.2808254,89760.2825445,89760.2846987,3.8732999964850023
2,61,completed,89760.3155717,89760.316902,89760.3179455,2.373800001805648
3,61,completed,89760.3158295,89760.3173301,89760.3184864,2.6569000037852675
0,61,completed,89760.3158673,89760.3174297,89760.3191051,3.2378000032622367
1,61,completed,89760.3159181,89760.3174349,89760.3195706,3.6525000032270327
3,62,completed,89760.350302,89760.3517997,89760.3526543,2.3522999981651083
2,62,completed,89760.350281,89760.3518338,89760.3531835,2.9024999967077747
0,62,completed,89760.3502814,89760.3518319,89760.3536812,3.3997999998973683
1,62,completed,89760.3506541,89760.3520583,89760.3542111,3.5570000036386773
1,63,completed,89760.3866987,89760.3881578,89760.3890003,2.3016000050120056
0,63,completed,89760.3866987,89760.3881206,89760.3896113,2.9126000008545816
2,63,completed,89760.3867702,89760.3882339,89760.3901862,3.416000006836839
3,63,completed,89760.3867127,89760.3881781,89760.3907733,4.060599996591918
3,64,completed,89760.4197924,89760.4214435,89760.4222226,2.4301999947056174
2,64,completed,89760.4198965,89760.4215759,89760.4228369,2.940400008810684
1,64,completed,89760.4198629,89760.4215452,89760.4234058,3.5428999981377274
0,64,completed,89760.4198079,89760.4214469,89760.4239636,4.155699993134476
3,65,completed,89760.4544928,89760.456369,89760.4572917,2.798900008201599
1,65,completed,89760.4545151,89760.4563226,89760.4578723,3.3571999956620857
2,65,completed,89760.4544882,89760.4563542,89760.4584252,3.9370000013150275
0,65,completed,89760.4545712,89760.4564329,89760.4589596,4.388400004245341
1,66,completed,89760.4822409,89760.4839806,89760.4849664,2.7255000022705644
0,66,completed,89760.4822634,89760.4839878,89760.4855382,3.274799993960187
2,66,completed,89760.4823069,89760.4841497,89760.4860418,3.7349000049289316
3,66,completed,89760.4822933,89760.4842105,89760.486518,4.224700009217486
2,67,completed,89760.5169854,89760.5184338,89760.5192804,2.294999998412095
3,67,completed,89760.5169658,89760.5183968,89760.5198469,2.8811000083805993
1,67,completed,89760.5173185,89760.5187185,89760.5203313,3.01279999257531
0,67,completed,89760.5173491,89760.5187308,89760.5208305,3.4813999955076724
3,68,completed,89760.5517275,89760.5533344,89760.5540392,2.3116999946068972
2,68,completed,89760.5517277,89760.5533335,89760.5546948,2.9670999938389286
0,68,completed,89760.5518611,89760.5533817,89760.5553667,3.5056000051554292
1,68,completed,89760.5519246,89760.5534408,89760.5559323,4.007700001238845
0,69,completed,89760.5795891,89760.5814586,89760.5823452,2.756100002443418
2,69,completed,89760.5795628,89760.5814773,89760.5829362,3.3733999880496413
3,69,completed,89760.5796262,89760.5815454,89760.5834585,3.832300004432909
1,69,completed,89760.5795687,89760.5816238,89760.5840284,4.459699994185939
1,70,completed,89760.6141491,89760.6155498,89760.6163713,2.2221999970497563
2,70,completed,89760.6142604,89760.6156921,89760.6169579,2.6974999927915633
0,70,completed,89760.6141991,89760.6156582,89760.6174741,3.2749999954830855
3,70,completed,89760.6142223,89760.6156894,89760.6180053,3.7829999928362668
3,71,completed,89760.6559037,89760.6576407,89760.6586199,2.7162000042153522
2,71,completed,89760.6559604,89760.6577447,89760.6592224,3.2619999983580783
0,71,completed,89760.6559852,89760.6577596,89760.6597896,3.8043999957153574
1,71,completed,89760.6558973,89760.6577235,89760.6602914,4.394099989440292
1,72,completed,89760.6837183,89760.6852065,89760.6860259,2.307599992491305
0,72,completed,89760.6837057,89760.6852179,89760.6866522,2.946500011603348
2,72,completed,89760.6836825,89760.6852389,89760.6872237,3.541199999745004
3,72,completed,89760.6840413,89760.6854422,89760.6877315,3.690199999255128
2,73,completed,89760.7184205,89760.7201138,89760.72087,2.4495000106981024
1,73,completed,89760.71841,89760.7201133,89760.7214439,3.0338999931700528
0,73,completed,89760.7184544,89760.7201194,89760.7219859,3.5314999986439943
3,73,completed,89760.718507,89760.7202016,89760.7224939,3.9869000029284507
3,74,completed,89760.753206,89760.7547528,89760.7554978,2.2918000031495467
0,74,completed,89760.7531473,89760.7547311,89760.7562401,3.0928000051062554
2,74,completed,89760.7531253,89760.7548078,89760.7569568,3.8314999983413145
1,74,completed,89760.7531524,89760.7547867,89760.7577647,4.612300006556325
2,75,completed,89760.7808916,89760.7820971,89760.7831863,2.294699996127747
3,75,completed,89760.7810745,89760.7823164,89760.783957,2.882500004488975
0,75,completed,89760.7808741,89760.7825526,89760.7846149,3.7407999916467816
1,75,completed,89760.7808673,89760.78263,89760.7852877,4.42040000052657
0,76,completed,89760.8156342,89760.8170025,89760.8181373,2.5030999968294054
1,76,completed,89760.8156343,89760.8170449,89760.8188696,3.2352999987779185
3,76,completed,89760.815784,89760.817561,89760.8196124,3.8283999892883003
2,76,completed,89760.8157111,89760.8175701,89760.8203416,4.630499999620952
0,77,completed,89760.8534557,89760.8551226,89760.8563319,2.8762000001734123
2,77,completed,89760.8535158,89760.8551948,89760.8578258,4.310000003897585
1,77,completed,89760.8535036,89760.8552583,89760.8590066,5.503000007593073
3,77,completed,89760.8537597,89760.85534,89760.8598822,6.122500009951182
2,78,completed,89760.8851443,89760.8869805,89760.8878819,2.7375999925425276
1,78,completed,89760.8851203,89760.8870027,89760.8887641,3.6438000097405165
0,78,completed,89760.8851176,89760.8870603,89760.8895072,4.389599998830818
3,78,completed,89760.8852096,89760.8870809,89760.8903024,5.092799998237751
1,79,completed,89760.9197867,89760.9215479,89760.922559,2.7722999948309734
3,79,completed,89760.9198095,89760.9215722,89760.92351,3.7004999903729185
0,79,completed,89760.9197782,89760.9217713,89760.9243763,4.598100000293925
2,79,completed,89760.9199029,89760.9218058,89760.9252559,5.353000000468455
2,80,completed,89760.9545847,89760.9563363,89760.9574961,2.911400006269105
1,80,completed,89760.9546423,89760.9563472,89760.9584635,3.821200007223524
3,80,completed,89760.9546046,89760.9563187,89760.9593219,4.717299991170876
0,80,completed,89760.9545846,89760.9563371,89760.9600413,5.456700004287995
3,81,completed,89760.982407,89760.9842176,89760.9851037,2.696700001251884
1,81,completed,89760.9823554,89760.9842004,89760.985808,3.452599994488992
2,81,completed,89760.9825321,89760.9842381,89760.9864936,3.961499998695217
0,81,completed,89760.9823557,89760.9841238,89760.9872087,4.852999991271645
1,82,completed,89761.0171732,89761.0189403,89761.0200635,2.890299991122447
0,82,completed,89761.0170468,89761.0188786,89761.0210247,3.9779000071575865
3,82,completed,89761.017135,89761.0190381,89761.0218633,4.728300002170727
2,82,completed,89761.0170789,89761.0192097,89761.0226003,5.521400002180599
0,83,completed,89761.0517256,89761.0533524,89761.0542083,2.482700001564808
3,83,completed,89761.0516939,89761.0533834,89761.0548907,3.1968000112101436
2,83,completed,89761.0516914,89761.0533533,89761.055537,3.845599989290349
1,83,completed,89761.0517629,89761.0534044,89761.056153,4.390100002638064
3,84,completed,89761.0864508,89761.0879918,89761.0888898,2.439000003505498
2,84,completed,89761.0864775,89761.0880258,89761.0895582,3.080700000282377
0,84,completed,89761.0864876,89761.0880505,89761.0901625,3.6748999991687015
1,84,completed,89761.0864329,89761.0881053,89761.090763,4.330099996877834
1,85,completed,89761.1211356,89761.1226444,89761.123653,2.517400003853254
3,85,completed,89761.1212106,89761.1227117,89761.1243486,3.1380000000353903
2,85,completed,89761.1211161,89761.1227254,89761.1250457,3.9296000031754375
0,85,completed,89761.1211993,89761.1227172,89761.1257273,4.527999990386888
3,86,completed,89761.148952,89761.1505107,89761.1514708,2.5187999999616295
0,86,completed,89761.1489905,89761.1505687,89761.1522064,3.2158999965758994
2,86,completed,89761.1490298,89761.1505992,89761.1528633,3.833499999018386
1,86,completed,89761.1489528,89761.1506192,89761.1536264,4.673600007663481
0,87,completed,89761.1835976,89761.1851432,89761.1859778,2.38020000688266
2,87,completed,89761.1835876,89761.1850683,89761.1866449,3.057299996726215
1,87,completed,89761.183615,89761.1851367,89761.1872647,3.6496999964583665
3,87,completed,89761.1838364,89761.185224,89761.187886,4.0496000001439825
1,88,completed,89761.218387,89761.2198848,89761.2208508,2.463800003170036
2,88,completed,89761.2183739,89761.2198831,89761.2215845,3.2105999998748302
3,88,completed,89761.2184514,89761.2200476,89761.2224601,4.008700008853339
0,88,completed,89761.2184411,89761.2200756,89761.2232601,4.818999994313344
0,89,completed,89761.2530479,89761.2554101,89761.2565218,3.473899996606633
1,89,completed,89761.2530642,89761.2555157,89761.2572804,4.216199988150038
2,89,completed,89761.2531071,89761.2555445,89761.2580487,4.941599996527657
3,89,completed,89761.2530401,89761.2555034,89761.2587291,5.688999997801147
2,90,completed,89761.2809233,89761.2827853,89761.2835957,2.672400005394593
0,90,completed,89761.280895,89761.2827776,89761.2843521,3.4570999996503815
3,90,completed,89761.2809307,89761.2827593,89761.2849724,4.041699998197146
1,90,completed,89761.2808797,89761.2828589,89761.2856268,4.74709999980405
2,91,completed,89761.3156481,89761.3175865,89761.3186082,2.960099998745136
0,91,completed,89761.3156873,89761.317629,89761.3194569,3.7696000072173774
3,91,completed,89761.3156693,89761.3177675,89761.3200869,4.417599993757904
1,91,completed,89761.3160527,89761.317964,89761.3208026,4.749900006572716
2,92,completed,89761.3502394,89761.3521023,89761.3529648,2.725400001509115
1,92,completed,89761.3502217,89761.3521366,89761.3536275,3.4057999873766676
0,92,completed,89761.3503255,89761.3522148,89761.3542613,3.9358000067295507
3,92,completed,89761.3502915,89761.3522225,89761.3548847,4.593200006638654
3,93,completed,89761.381934,89761.3839064,89761.3847705,2.83649998891633
1,93,completed,89761.3819466,89761.3838664,89761.3854938,3.5472000017762184
0,93,completed,89761.381987,89761.3838782,89761.38617,4.182999997283332
2,93,completed,89761.3819369,89761.3839476,89761.3868483,4.911399999400601
3,94,completed,89761.4197124,89761.4213683,89761.4223234,2.610999988974072
1,94,completed,89761.4197246,89761.4213634,89761.423132,3.407399999559857
2,94,completed,89761.4197339,89761.4214581,89761.4238607,4.1268000059062615
0,94,completed,89761.4197055,89761.4214288,89761.4245605,4.855000006500632
1,95,completed,89761.4474838,89761.4489092,89761.4499406,2.456799993524328
3,95,completed,89761.4475642,89761.4491416,89761.4506695,3.105299998424016
2,95,completed,89761.4475249,89761.4491829,89761.4513241,3.7991999997757375
0,95,completed,89761.4475079,89761.4491704,89761.4520339,4.526000004261732
0,96,completed,89761.4822773,89761.484331,89761.4860383,3.7609999999403954
2,96,completed,89761.4822785,89761.4844914,89761.4871606,4.8820999945746735
3,96,completed,89761.4824656,89761.4845276,89761.4880561,5.590500004473142
1,96,completed,89761.4824788,89761.4846864,89761.4889205,6.441700010327622
2,97,completed,89761.5170559,89761.5187773,89761.5197492,2.693300004466437
0,97,completed,89761.5170562,89761.5188755,89761.5204157,3.3594999986235052
3,97,completed,89761.517097,89761.5188696,89761.5211027,4.005700000561774
1,97,completed,89761.517117,89761.5189687,89761.5218538,4.736800008686259
1,98,completed,89761.5517513,89761.5534606,89761.5545701,2.8187999996589497
3,98,completed,89761.5517428,89761.5535648,89761.5553004,3.557599993655458
0,98,completed,89761.5517845,89761.5535311,89761.5562292,4.444699996383861
2,98,completed,89761.5518143,89761.5535446,89761.556977,5.16270000662189
3,99,completed,89761.5863741,89761.5880387,89761.5889426,2.568500000052154
0,99,completed,89761.5863893,89761.588,89761.5897411,3.351799998199567
2,99,completed,89761.5863742,89761.5880533,89761.5903957,4.021500004455447
1,99,completed,89761.5864217,89761.5880482,89761.5911571,4.735399998025969
0,100,completed,89761.6141929,89761.6148831,89761.6157762,1.5832999924896285
3,100,completed,89761.6211509,89761.6226676,89761.6237428,2.591900003608316
2,100,completed,89761.6211509,89761.6226744,89761.6245193,3.3684000081848353
1,100,completed,89761.6211746,89761.6227221,89761.6252615,4.086899993126281
2,101,completed,89761.6489276,89761.6503013,89761.6513619,2.43429999682121
3,101,completed,89761.6488948,89761.650329,89761.6521636,3.2687999919289723
1,101,completed,89761.6489433,89761.6505788,89761.6529894,4.046100002597086
0,101,completed,89761.6489623,89761.6505818,89761.6537245,4.762200012919493
1,102,completed,89761.6836765,89761.6854466,89761.6865029,2.8263999993214384
0,102,completed,89761.6836497,89761.6854096,89761.6874424,3.7926999939372763
3,102,completed,89761.6836087,89761.6854043,89761.6882236,4.614899997250177
2,102,completed,89761.6836241,89761.6854134,89761.6889099,5.285799998091534
1,103,completed,89761.7182748,89761.7196581,89761.7206999,2.425099999527447
0,103,completed,89761.7182798,89761.7197758,89761.7213477,3.0679000046802685
3,103,completed,89761.718346,89761.7201531,89761.721967,3.6210000107530504
2,103,completed,89761.7183736,89761.7201901,89761.722581,4.207399993902072
3,104,completed,89761.7461311,89761.7472222,89761.7481234,1.9923000072594732
2,104,completed,89761.7461301,89761.7472232,89761.7488877,2.7575999993132427
1,104,completed,89761.753028,89761.7541714,89761.7554253,2.3972999915713444
0,104,completed,89761.7529993,89761.7542425,89761.7561941,3.194799995981157
0,105,completed,89761.7808041,89761.7817177,89761.7825962,1.7921000107889995
1,105,completed,89761.7807846,89761.7816922,89761.7832873,2.502699993783608
2,105,completed,89761.7877839,89761.7886613,89761.7895667,1.782799998181872
3,105,completed,89761.7877807,89761.7887547,89761.7902733,2.492599989636801
0,106,completed,89761.8158397,89761.817751,89761.8190559,3.2162000134121627
1,106,completed,89761.8159357,89761.8178763,89761.8199765,4.040800005896017
2,106,completed,89761.8159535,89761.8180415,89761.8208981,4.944600004819222
3,106,completed,89761.8163906,89761.8181157,89761.8216406,5.2500000019790605
3,107,completed,89761.8506382,89761.8527179,89761.8538502,3.2119999959832057
0,107,completed,89761.8505052,89761.8525844,89761.8546506,4.145400002016686
1,107,completed,89761.8504835,89761.852793,89761.8553584,4.874899997957982
2,107,completed,89761.850772,89761.8529868,89761.8560433,5.2712999895447865
0,108,completed,89761.8851322,89761.8870795,89761.888071,2.9387999966274947
1,108,completed,89761.8851326,89761.8871344,89761.8888245,3.6918999976478517
2,108,completed,89761.8851779,89761.8871734,89761.8895787,4.400799996801652
3,108,completed,89761.8853991,89761.8872144,89761.8903948,4.995699986466207
0,109,completed,89761.9198836,89761.9216512,89761.9231026,3.2190000056289136
3,109,completed,89761.9203941,89761.9221884,89761.9239649,3.570799992303364
1,109,completed,89761.9206766,89761.9223651,89761.9247837,4.107100001419894
2,109,completed,89761.9207124,89761.9223907,89761.9256626,4.950200003804639
2,110,completed,89761.9476035,89761.9491924,89761.9502501,2.646599998115562
3,110,completed,89761.9475708,89761.9492003,89761.9510704,3.4996000031242147
1,110,completed,89761.947565,89761.9493243,89761.9521144,4.549400007817894
0,110,completed,89761.9618084,89761.9627512,89761.9637839,1.9755000103032216
1,111,completed,89761.9823313,89761.9840955,89761.98518,2.848700009053573
3,111,completed,89761.9823578,89761.9842219,89761.9858947,3.536899996106513
0,111,completed,89761.9822918,89761.9843288,89761.9866744,4.382600003737025
2,111,completed,89761.9822946,89761.9843858,89761.9874201,5.125499999849126
0,112,completed,89762.0171756,89762.0191431,89762.020023,2.8473999991547316
2,112,completed,89762.0171357,89762.019076,89762.0207564,3.620699993916787
1,112,completed,89762.0171432,89762.019112,89762.0214154,4.272199992556125
3,112,completed,89762.0172329,89762.0192355,89762.0220613,4.828399993130006
0,113,completed,89762.0518091,89762.0537201,89762.0548009,2.991800007293932
1,113,completed,89762.0518164,89762.0537948,89762.0555206,3.704200003994629
2,113,completed,89762.0518895,89762.053791,89762.0562478,4.358300007879734
3,113,completed,89762.0518705,89762.0538517,89762.0569003,5.029799998737872
3,114,completed,89762.0864764,89762.0884946,89762.0893761,2.8997000044910237
1,114,completed,89762.0864787,89762.0884796,89762.0901378,3.659099995275028
0,114,completed,89762.0864657,89762.0884797,89762.0908319,4.3661999952746555
2,114,completed,89762.0864651,89762.0884772,89762.0915721,5.107000004500151
0,115,completed,89762.1143394,89762.1162886,89762.1176146,3.2752000115578994
2,115,completed,89762.1143442,89762.116352,89762.1184793,4.13509999634698
1,115,completed,89762.114379,89762.116356,89762.1193459,4.966899999999441
3,115,completed,89762.1143753,89762.1163402,89762.1201677,5.7923999993363395
1,116,completed,89762.1494628,89762.1518272,89762.1533605,3.897700007655658
3,116,completed,89762.1496008,89762.1520264,89762.1542059,4.605100009939633
0,116,completed,89762.1496275,89762.1519549,89762.1549761,5.34860001062043
2,116,completed,89762.1494669,89762.15202,89762.1557859,6.31900000735186
1,117,completed,89762.1838714,89762.1858987,89762.1869959,3.1244999991031364
0,117,completed,89762.1838556,89762.1861074,89762.1878044,3.948800003854558
2,117,completed,89762.1837946,89762.1861024,89762.1885228,4.728200001409277
3,117,completed,89762.1837942,89762.1861854,89762.1893462,5.552000002353452
2,118,completed,89762.2186564,89762.2205493,89762.2214741,2.817700005834922
0,118,completed,89762.2185973,89762.2204516,89762.2221977,3.6003999994136393
1,118,completed,89762.2186198,89762.2206161,89762.2228988,4.279000000678934
3,118,completed,89762.218524,89762.2206154,89762.2235669,5.042899996624328
2,119,completed,89762.2463442,89762.248507,89762.2496976,3.3533999958308414
1,119,completed,89762.2462809,89762.2484673,89762.2507026,4.421699995873496
3,119,completed,89762.2462814,89762.2485885,89762.2514758,5.194400000618771
0,119,completed,89762.2463281,89762.2485267,89762.2522388,5.910700012464076
1,120,completed,89762.2810393,89762.2830773,89762.2840482,3.0089000065345317
3,120,completed,89762.2810345,89762.2830773,89762.2848214,3.7868999934289604
0,120,completed,89762.2811387,89762.2831893,89762.2855048,4.366100009065121
2,120,completed,89762.2810995,89762.2831849,89762.2862103,5.11079998977948
0,121,completed,89762.3155665,89762.3173214,89762.3181658,2.599300001747906
2,121,completed,89762.3155634,89762.3173305,89762.3194743,3.9109000063035637
3,121,completed,89762.3156358,89762.3172354,89762.3201379,4.502099996898323
1,121,completed,89762.3155879,89762.3173958,89762.3207973,5.209399998420849
2,122,completed,89762.3503288,89762.3520589,89762.3529002,2.5713999930303544
1,122,completed,89762.3502617,89762.3520836,89762.3535919,3.330199993797578
3,122,completed,89762.3502457,89762.3520234,89762.3542785,4.032800003187731
0,122,completed,89762.3503027,89762.3520442,89762.3549803,4.677600009017624
2,123,completed,89762.3854633,89762.3876132,89762.3885673,3.10400000307709
3,123,completed,89762.38517,89762.3875685,89762.3895445,4.37450000026729
1,123,completed,89762.3851699,89762.3875676,89762.3903395,5.169600000954233
0,123,completed,89762.3853327,89762.3875426,89762.3911399,5.807200010167435
1,124,completed,89762.412842,89762.414763,89762.4159249,3.082899987930432
0,124,completed,89762.4129343,89762.4149074,89762.4168055,3.8712000095983967
2,124,completed,89762.4128501,89762.4149212,89762.4176929,4.842800000915304
3,124,completed,89762.4129241,89762.4150084,89762.4185905,5.66640000033658
3,125,completed,89762.4475948,89762.4484403,89762.4494398,1.8449999915901572
2,125,completed,89762.4545249,89762.4562987,89762.457233,2.708100000745617
1,125,completed,89762.4544993,89762.4562501,89762.4581349,3.6355999909574166
0,125,completed,89762.4545329,89762.4562484,89762.4589227,4.389800000353716
3,126,completed,89762.4828354,89762.4851053,89762.4870941,4.258699991623871
0,126,completed,89762.4826161,89762.4851933,89762.4883711,5.755000005592592
1,126,completed,89762.482951,89762.4853232,89762.4894288,6.477800008724444
2,126,completed,89762.4825819,89762.4852309,89762.4905573,7.975400003488176
3,127,completed,89762.5239698,89762.5259797,89762.5270557,3.085900010773912
0,127,completed,89762.5239563,89762.525977,89762.5279873,4.030999989481643
2,127,completed,89762.5239603,89762.5259117,89762.5287611,4.800800001248717
1,127,completed,89762.5239604,89762.5259244,89762.5295223,5.56190000497736
0,128,completed,89762.5517046,89762.5534575,89762.5544075,2.702900004805997
3,128,completed,89762.5517044,89762.5534747,89762.5551032,3.398799992282875
2,128,completed,89762.5517381,89762.5535871,89762.5557675,4.029400006402284
1,128,completed,89762.5517874,89762.5535355,89762.556422,4.634599987184629
2,129,completed,89762.5863046,89762.5877126,89762.5886154,2.3108000023057684
1,129,completed,89762.586306,89762.5877239,89762.5893219,3.0159000016283244
3,129,completed,89762.5863538,89762.5878429,89762.5899764,3.6226000083843246
0,129,completed,89762.5863298,89762.5878632,89762.5905957,4.265900002792478
0,130,completed,89762.6142434,89762.6158314,89762.6168237,2.5802999880397692
1,130,completed,89762.6141894,89762.6159547,89762.6175504,3.36099999549333
2,130,completed,89762.6141791,89762.6158415,89762.6182262,4.047099995659664
3,130,completed,89762.6141948,89762.6159226,89762.618937,4.742200006148778
1,131,completed,89762.6490071,89762.6506784,89762.6516891,2.682000005734153
3,131,completed,89762.6489352,89762.6506737,89762.6525072,3.571999986888841
2,131,completed,89762.6489499,89762.6507759,89762.6532881,4.33820000034757
0,131,completed,89762.6489351,89762.6508219,89762.6540452,5.11009999900125
3,132,completed,89762.6837748,89762.6855783,89762.6866267,2.8519000043161213
1,132,completed,89762.6837997,89762.6856703,89762.6873775,3.577800001949072
0,132,completed,89762.6837745,89762.6856014,89762.6880066,4.232100007357076
2,132,completed,89762.6838617,89762.6856781,89762.6886396,4.777900001499802
0,133,completed,89762.718301,89762.7200502,89762.7211185,2.8175000043120235
1,133,completed,89762.7183902,89762.7201869,89762.7219107,3.5205000021960586
3,133,completed,89762.7183042,89762.7202581,89762.7226218,4.317600003560074
2,133,completed,89762.7183315,89762.7202957,89762.7234143,5.082799994852394
2,134,completed,89762.7531102,89762.7549953,89762.7562565,3.146299990476109
1,134,completed,89762.753128,89762.7550501,89762.7571824,4.05440000758972
3,134,completed,89762.7532336,89762.7551623,89762.7579867,4.753100001835264
0,134,completed,89762.7531729,89762.7552443,89762.7587708,5.597900002612732
3,135,completed,89762.7877489,89762.7895653,89762.7905657,2.816799998981878
0,135,completed,89762.7877407,89762.7895562,89762.7913284,3.587699990021065
2,135,completed,89762.7878267,89762.7898152,89762.7922488,4.422099998919293
1,135,completed,89762.7877192,89762.7898092,89762.7930604,5.341199997928925
0,136,completed,89762.8155553,89762.8171974,89762.8180278,2.472500011208467
2,136,completed,89762.8155855,89762.8172216,89762.8185724,2.9869000136386603
1,136,completed,89762.8155301,89762.8172006,89762.8195477,4.0176000038627535
3,136,completed,89762.815532,89762.8171237,89762.8201722,4.640200000721961
3,137,completed,89762.8502529,89762.8519492,89762.8528082,2.555300001404248
2,137,completed,89762.8502525,89762.8520839,89762.8533657,3.1132000003708526
0,137,completed,89762.8503148,89762.8521087,89762.8538897,3.5748999944189563
1,137,completed,89762.8502668,89762.8521869,89762.8543815,4.114700001082383
0,138,completed,89762.8849257,89762.8867516,89762.8876801,2.7544000040506944
2,138,completed,89762.8849306,89762.8867183,89762.888301,3.3703999943099916
3,138,completed,89762.8849585,89762.8868727,89762.8888389,3.8804000068921596
1,138,completed,89762.884975,89762.8868631,89762.889327,4.3520000035641715
3,139,completed,89762.9196092,89762.9212473,89762.9218924,2.2831999958725646
1,139,completed,89762.919617,89762.9212107,89762.9223838,2.7667999966070056
2,139,completed,89762.9196384,89762.9213027,89762.922833,3.1946000090101734
0,139,completed,89762.9196897,89762.9212765,89762.9232767,3.58700001379475
3,140,completed,89762.9474414,89762.9490165,89762.9497487,2.307300004758872
0,140,completed,89762.9474803,89762.9490062,89762.9502641,2.783799995086156
1,140,completed,89762.9474539,89762.9491666,89762.950729,3.27510001079645
2,140,completed,89762.9474408,89762.949154,89762.9511728,3.7320000119507313
3,141,completed,89762.9821797,89762.9838718,89762.984682,2.5022999907378107
2,141,completed,89762.9821959,89762.9840187,89762.9852509,3.0550000083167106
1,141,completed,89762.9821765,89762.9839695,89762.9857629,3.586400009226054
0,141,completed,89762.982196,89762.984034,89762.9862401,4.044100001920015
2,142,completed,89763.0168527,89763.0181358,89763.018891,2.0382999937282875
3,142,completed,89763.0169091,89763.018267,89763.0194227,2.5136000040220097
0,142,completed,89763.0168748,89763.0182968,89763.0199039,3.0291000002762303
1,142,completed,89763.0169478,89763.0184331,89763.0203864,3.4386000043014064
2,143,completed,89763.0517173,89763.0538786,89763.0548649,3.1476000003749505
1,143,completed,89763.0517431,89763.0539258,89763.0555109,3.7677999935112894
0,143,completed,89763.0517733,89763.0539685,89763.0561731,4.399800003739074
3,143,completed,89763.0517099,89763.0540827,89763.0568335,5.123599999933504
0,144,completed,89763.079488,89763.0812501,89763.0822349,2.74689999059774
2,144,completed,89763.0795008,89763.0814748,89763.0827988,3.2979999959934503
1,144,completed,89763.0794713,89763.0814597,89763.083319,3.84769999072887
3,144,completed,89763.0795462,89763.0815109,89763.0838259,4.2797000060090795
1,145,completed,89763.1141263,89763.1157446,89763.116454,2.3277000000234693
0,145,completed,89763.1142055,89763.1157661,89763.1169719,2.7664000081131235
3,145,completed,89763.1141498,89763.1159399,89763.1174524,3.302599987364374
2,145,completed,89763.1141283,89763.1159195,89763.1179133,3.7849999935133383
2,146,completed,89763.1488316,89763.1503341,89763.1509831,2.1514999971259385
3,146,completed,89763.1489252,89763.1504193,89763.151636,2.7107999922009185
0,146,completed,89763.148856,89763.150378,89763.1520891,3.2330999965779483
1,146,completed,89763.1488486,89763.150307,89763.152544,3.695399995194748
2,147,completed,89763.1835202,89763.1848751,89763.1855706,2.050400013104081
0,147,completed,89763.183561,89763.1849769,89763.1860581,2.497099994798191
1,147,completed,89763.1835364,89763.1850345,89763.1865224,2.9860000067856163
3,147,completed,89763.1835921,89763.1850836,89763.1869751,3.3830000029411167
0,148,completed,89763.2183372,89763.2199364,89763.2206066,2.269400007207878
3,148,completed,89763.2181821,89763.2199105,89763.2213111,3.129000004264526
2,148,completed,89763.2181805,89763.2199149,89763.2219022,3.7217000062810257
1,148,completed,89763.2182417,89763.2198111,89763.2224364,4.194699999061413
2,149,completed,89763.2528808,89763.2541782,89763.2549587,2.077899989672005
0,149,completed,89763.252936,89763.2543548,89763.2555309,2.594899997347966
1,149,completed,89763.252871,89763.2543595,89763.2560086,3.137599996989593
3,149,completed,89763.2529564,89763.2545393,89763.2564646,3.5081999958492815
1,150,completed,89763.2808013,89763.2820939,89763.28287,2.0686999923782423
3,150,completed,89763.2807862,89763.2821096,89763.2835478,2.7616000006673858
0,150,completed,89763.2808113,89763.2821376,89763.2840694,3.2580999977653846
2,150,completed,89763.2876475,89763.288263,89763.289021,1.3735000102315098
3,151,completed,89763.3155096,89763.3169995,89763.3177238,2.2142000088933855
2,151,completed,89763.3154938,89763.3170658,89763.3182479,2.7541000017663464
1,151,completed,89763.3155442,89763.3170585,89763.3187254,3.1811999942874536
0,151,completed,89763.3155812,89763.3171136,89763.319676,4.094799995073117
3,152,completed,89763.3501713,89763.3515895,89763.3522929,2.1216000022832304
2,152,completed,89763.3501413,89763.3516609,89763.3528507,2.709399996092543
0,152,completed,89763.3501822,89763.3516837,89763.3533443,3.1621000089216977
1,152,completed,89763.3502199,89763.3516742,89763.3538153,3.595399990445003
2,153,completed,89763.3814314,89763.3831081,89763.3836732,2.241800000774674
0,153,completed,89763.3813781,89763.383085,89763.3841836,2.8055000002495944
3,153,completed,89763.3814727,89763.383123,89763.3846724,3.199700004188344
1,153,completed,89763.3813828,89763.3830941,89763.3851701,3.787299996474758
2,154,completed,89763.419813,89763.4214902,89763.4221991,2.38609999360051
3,154,completed,89763.419748,89763.4215459,89763.4228031,3.0550999945262447
0,154,completed,89763.4197715,89763.4214513,89763.4233854,3.613900000345893
1,154,completed,89763.4197544,89763.4214847,89763.4239084,4.153999994741753
3,155,completed,89763.4544074,89763.4559847,89763.4566853,2.2778999991714954
1,155,completed,89763.4544586,89763.4560212,89763.4571179,2.6593000075081363
2,155,completed,89763.4544073,89763.4560993,89763.4575713,3.1639999942854047
0,155,completed,89763.4544267,89763.4561387,89763.4580818,3.655099993920885
3,156,completed,89763.4823251,89763.4836748,89763.4845285,2.2033999994164333
1,156,completed,89763.4824193,89763.4839743,89763.4850431,2.623799999128096
2,156,completed,89763.4823583,89763.4840239,89763.4855575,3.199200000381097
0,156,completed,89763.4824192,89763.4839934,89763.4860399,3.6207000084687024
0,157,completed,89763.5168601,89763.5184377,89763.519159,2.2988999990047887
3,157,completed,89763.5169094,89763.5184812,89763.5197194,2.810000005410984
1,157,completed,89763.5169615,89763.5185263,89763.5202051,3.2435999892186373
2,157,completed,89763.5168607,89763.5185598,89763.520686,3.8253000093391165
3,158,completed,89763.5515622,89763.5529802,89763.5536977,2.1355000062612817
2,158,completed,89763.5515361,89763.5530868,89763.5542277,2.6916000060737133
1,158,completed,89763.5515938,89763.5530553,89763.5547074,3.11360000341665
0,158,completed,89763.5516187,89763.5531818,89763.5551865,3.5677999985637143
1,159,completed,89763.58641,89763.588007,89763.5887996,2.3895999911474064
2,159,completed,89763.5863842,89763.5880578,89763.58936,2.97580000187736
0,159,completed,89763.5863867,89763.5881255,89763.5898618,3.475100005744025
3,159,completed,89763.5863853,89763.5881641,89763.5903613,3.975999992690049
2,160,completed,89763.6210833,89763.6226547,89763.6233904,2.3071000032359734
1,160,completed,89763.6210498,89763.6226827,89763.6239065,2.856699997209944
3,160,completed,89763.6210872,89763.6227402,89763.6244518,3.364600008353591
0,160,completed,89763.6211447,89763.6227085,89763.6249647,3.819999998086132
1,161,completed,89763.6558163,89763.6571241,89763.6581877,2.3713999980827793
3,161,completed,89763.65607,89763.6575492,89763.6587049,2.634899996337481
2,161,completed,89763.6561407,89763.6576589,89763.6591904,3.049699997063726
0,161,completed,89763.6561089,89763.6576756,89763.6597114,3.60250000085216
0,162,completed,89763.6921459,89763.693635,89763.694317,2.1711000008508563
3,162,completed,89763.6921738,89763.693666,89763.6949041,2.730300009716302
1,162,completed,89763.6921227,89763.6936502,89763.6953992,3.2765000069048256
2,162,completed,89763.6921224,89763.6937254,89763.6960137,3.891300002578646
0,163,completed,89763.7185099,89763.7197417,89763.7206407,2.1307999995769933
1,163,completed,89763.7183002,89763.7200334,89763.7212791,2.9789000109303743
3,163,completed,89763.7184767,89763.720116,89763.7218258,3.3491000067442656
2,163,completed,89763.7185077,89763.7202783,89763.7223693,3.8615999947069213
3,164,completed,89763.7599725,89763.7616683,89763.7626262,2.653699993970804
1,164,completed,89763.7600103,89763.7616687,89763.763435,3.424700000323355
2,164,completed,89763.7599849,89763.7616902,89763.7640786,4.09370000124909
0,164,completed,89763.7599637,89763.7619693,89763.7647615,4.797800007509068
1,165,completed,89763.7809588,89763.7827875,89763.7836007,2.6419000059831887
3,165,completed,89763.7809969,89763.7828648,89763.7842384,3.2415000023320317
0,165,completed,89763.7810312,89763.7828558,89763.7848689,3.8377000018954277
2,165,completed,89763.7809901,89763.7827856,89763.7855274,4.537300002994016
3,166,completed,89763.8228468,89763.8246436,89763.8257285,2.88169999839738
2,166,completed,89763.822919,89763.8249203,89763.8264949,3.5759000020334497
0,166,completed,89763.8228716,89763.8246884,89763.8272187,4.347099995356984
1,166,completed,89763.8228945,89763.8249991,89763.8279082,5.01369999255985
1,167,completed,89763.850351,89763.8522854,89763.8533027,2.9516999929910526
0,167,completed,89763.8503966,89763.8522596,89763.8541071,3.7105000083101913
3,167,completed,89763.8505923,89763.8523389,89763.8548517,4.259399996954016
2,167,completed,89763.8503819,89763.8522907,89763.855544,5.162100002053194
0,168,completed,89763.8851755,89763.8869953,89763.8879029,2.7273999876342714
3,168,completed,89763.8851137,89763.8870771,89763.8887002,3.586499995435588
2,168,completed,89763.8852038,89763.8871,89763.8894746,4.270799996447749
1,168,completed,89763.885236,89763.8871207,89763.890277,5.040999996708706
3,169,completed,89763.9197809,89763.9216392,89763.9227626,2.9817000031471252
2,169,completed,89763.9198772,89763.9217283,89763.9234854,3.6082000005990267
1,169,completed,89763.9198049,89763.9215803,89763.9241486,4.343699998571537
0,169,completed,89763.919846,89763.9217304,89763.9248432,4.997199997887947
0,170,completed,89763.9476129,89763.9493392,89763.9505688,2.9559000104200095
2,170,completed,89763.9477574,89763.9496231,89763.9514009,3.6434999929042533
1,170,completed,89763.9482218,89763.9497234,89763.9521153,3.893499990226701
3,170,completed,89763.9478049,89763.9497081,89763.952895,5.0900999922305346
3,171,completed,89763.9824524,89763.9846033,89763.9856154,3.1630000012228265
2,171,completed,89763.9825401,89763.9846787,89763.9865068,3.966700009186752
0,171,completed,89763.9824367,89763.9846317,89763.9872996,4.862900008447468
1,171,completed,89763.9824365,89763.9846395,89763.9880622,5.625700010568835
0,172,completed,89764.0175525,89764.0192596,89764.0200766,2.524100011214614
1,172,completed,89764.0175387,89764.0192677,89764.0208604,3.3217000018339604
2,172,completed,89764.0176391,89764.0192964,89764.0216131,3.974000006564893
3,172,completed,89764.017737,89764.0193493,89764.0223581,4.62110000080429
3,173,completed,89764.0476801,89764.0491373,89764.050136,2.455900001223199
1,173,completed,89764.0476735,89764.0491518,89764.0508758,3.2023000094341114
2,173,completed,89764.0477323,89764.0493268,89764.0516832,3.9509000052930787
0,173,completed,89764.0477394,89764.0493686,89764.0526253,4.885899994405918
0,174,completed,89764.079711,89764.0803549,89764.0812477,1.5367000014521182
3,174,completed,89764.08654,89764.0880333,89764.0890031,2.4630999978398904
1,174,completed,89764.0865162,89764.0879973,89764.089764,3.2478000066475943
2,174,completed,89764.0865284,89764.0880706,89764.0905469,4.018499996163882
1,175,completed,89764.1144485,89764.1164148,89764.1173137,2.8652000037254766
3,175,completed,89764.1143882,89764.1164317,89764.1180884,3.7002000026404858
0,175,completed,89764.1143274,89764.1163577,89764.1187845,4.457099988940172
2,175,completed,89764.1146337,89764.1165208,89764.1195646,4.930900002364069
2,176,completed,89764.1491003,89764.1510293,89764.1520322,2.9319000022951514
1,176,completed,89764.1491216,89764.1510909,89764.1527845,3.6628999951062724
3,176,completed,89764.1491,89764.151109,89764.1535024,4.402400008984841
0,176,completed,89764.1491781,89764.1512043,89764.1541801,5.002000005333684
3,177,completed,89764.1837927,89764.1857437,89764.1867057,2.913000003900379
0,177,completed,89764.1838097,89764.185711,89764.1874389,3.62920000043232
1,177,completed,89764.1837928,89764.1857042,89764.188275,4.4821999908890575
2,177,completed,89764.1838671,89764.1857784,89764.1890394,5.172299992409535
1,178,completed,89764.2254055,89764.2274206,89764.2283335,2.9280000017024577
0,178,completed,89764.2255366,89764.2274496,89764.229083,3.5463999956846237
3,178,completed,89764.2254117,89764.2273347,89764.2297559,4.344200002378784
2,178,completed,89764.2254043,89764.2274589,89764.2304719,5.0675999955274165
1,179,completed,89764.2531916,89764.2549365,89764.2560034,2.811800004565157
0,179,completed,89764.2533967,89764.2551289,89764.2567884,3.391699996427633
3,179,completed,89764.2535432,89764.2552216,89764.2576238,4.080600003362633
2,179,completed,89764.253477,89764.255206,89764.2583513,4.874299993389286
1,180,completed,89764.2809754,89764.2830648,89764.2838891,2.913699994678609
3,180,completed,89764.2809675,89764.2830319,89764.2846167,3.64919999265112
0,180,completed,89764.2810432,89764.28304,89764.2853438,4.300600005080923
2,180,completed,89764.2810025,89764.2830544,89764.2860293,5.026799990446307
2,181,completed,89764.3158467,89764.3176894,89764.3188226,2.9759000026388094
0,181,completed,89764.3157807,89764.3176445,89764.3196372,3.8564999995287508
3,181,completed,89764.3157731,89764.3177846,89764.3206231,4.849999997531995
1,181,completed,89764.3157513,89764.3178076,89764.3215853,5.833999995957129
0,182,completed,89764.3504647,89764.3524475,89764.3534669,3.002199999173172
3,182,completed,89764.3504579,89764.3523997,89764.3542836,3.8256999978329986
1,182,completed,89764.350582,89764.3525453,89764.3550527,4.47070000518579
2,182,completed,89764.3504648,89764.3525371,89764.3558781,5.413300008513033
0,183,completed,89764.3850992,89764.3871208,89764.3880711,2.9719000012846664
1,183,completed,89764.3850423,89764.3871094,89764.3889885,3.9461999986087903
3,183,completed,89764.3852272,89764.3872059,89764.3899811,4.753900007926859
2,183,completed,89764.3850595,89764.3872154,89764.3908684,5.808900008560158
3,184,completed,89764.4200542,89764.4218515,89764.4228217,2.767500001937151
1,184,completed,89764.4200658,89764.4218445,89764.4235357,3.46989999525249
2,184,completed,89764.4201203,89764.4220736,89764.4242317,4.111400005058385
0,184,completed,89764.4200927,89764.4220777,89764.4250185,4.9257999926339835
0,185,completed,89764.4476702,89764.4494435,89764.4505324,2.862200009985827
3,185,completed,89764.4476538,89764.4494717,89764.4513674,3.7136000028112903
1,185,completed,89764.4476149,89764.4497329,89764.4520954,4.480500007048249
2,185,completed,89764.4480907,89764.4499439,89764.4528949,4.804199998034164
3,186,completed,89764.4822678,89764.4840673,89764.4850102,2.7423999999882653
0,186,completed,89764.482267,89764.4841243,89764.4858142,3.5472000017762184
2,186,completed,89764.4822813,89764.484227,89764.4865588,4.277499989257194
1,186,completed,89764.4823146,89764.4842333,89764.4872608,4.946200002450496
1,187,completed,89764.5170899,89764.5190777,89764.5200775,2.9876000044168904
2,187,completed,89764.5170606,89764.5190457,89764.5210354,3.9747999981045723
0,187,completed,89764.5170637,89764.5190917,89764.5218454,4.781700001331046
3,187,completed,89764.517131,89764.5191292,89764.5227018,5.570799999986775
2,188,completed,89764.5517648,89764.5538216,89764.554851,3.086199998506345
3,188,completed,89764.5518119,89764.5539413,89764.5557844,3.9724999951431528
1,188,completed,89764.5517645,89764.5539317,89764.556682,4.917499987641349
0,188,completed,89764.5517583,89764.554024,89764.5575651,5.806799992569722
2,189,completed,89764.5864758,89764.5881768,89764.5892209,2.745100005995482
0,189,completed,89764.586392,89764.5883077,89764.5899955,3.6035000084666535
3,189,completed,89764.5864223,89764.5881406,89764.5907715,4.3492000113474205
1,189,completed,89764.5863923,89764.5883711,89764.591488,5.095700005767867
0,190,completed,89764.6212885,89764.6234052,89764.6243511,3.0626000079791993
1,190,completed,89764.6213105,89764.6235159,89764.6252813,3.9707999967504293
2,190,completed,89764.6212884,89764.6234279,89764.626117,4.82860000920482
3,190,completed,89764.6213463,89764.6235113,89764.6269298,5.583499994827434
1,191,completed,89764.6490445,89764.6509195,89764.6519541,2.909600007114932
3,191,completed,89764.6491011,89764.6510289,89764.6527206,3.6194999993313104
2,191,completed,89764.6491625,89764.6510169,89764.6534828,4.320299995015375
0,191,completed,89764.6491931,89764.6510886,89764.6542052,5.012099994928576
3,192,completed,89764.6907277,89764.6925888,89764.6935737,2.846000003046356
2,192,completed,89764.6907421,89764.6925892,89764.694391,3.648899990366772
0,192,completed,89764.6907277,89764.6926179,89764.6950636,4.33589999738615
1,192,completed,89764.6907983,89764.6926129,89764.6957512,4.952899995259941
0,193,completed,89764.7184344,89764.7202982,89764.7213582,2.923799998825416
2,193,completed,89764.718402,89764.7203466,89764.7221061,3.7041000032331795
1,193,completed,89764.718437,89764.720366,89764.7227856,4.348599992226809
3,193,completed,89764.7184051,89764.7204413,89764.7235124,5.107300006784499
3,194,completed,89764.7531878,89764.755037,89764.7560147,2.826900003128685
2,194,completed,89764.7532037,89764.7551433,89764.7567145,3.510800001095049
1,194,completed,89764.7531865,89764.7551256,89764.7573704,4.183899989584461
0,194,completed,89764.7534743,89764.7552437,89764.7580779,4.603599998517893
1,195,completed,89764.7878496,89764.7895538,89764.7906667,2.817100001266226
0,195,completed,89764.7878483,89764.7895359,89764.7914746,3.6263000074541196
3,195,completed,89764.7879012,89764.789663,89764.7922115,4.310299991630018
2,195,completed,89764.7879356,89764.7897601,89764.7930435,5.1078999968012795
2,196,completed,89764.8157191,89764.8174963,89764.8184522,2.733099987381138
1,196,completed,89764.8157329,89764.8175078,89764.8191343,3.4014000120805576
3,196,completed,89764.81579,89764.8175823,89764.8197474,3.95740001113154
0,196,completed,89764.8157188,89764.8175596,89764.8203762,4.65740000072401
3,197,completed,89764.8503855,89764.8518153,89764.8532026,2.817100001266226
2,197,completed,89764.8511113,89764.8526256,89764.8538046,2.693300004466437
0,197,completed,89764.8511691,89764.852697,89764.8545065,3.3374000049661845
1,197,completed,89764.8512175,89764.8527686,89764.855146,3.9284999947994947
3,198,completed,89764.8850543,89764.8869998,89764.8878545,2.8002000035485253
1,198,completed,89764.8850757,89764.8869757,89764.8884771,3.4013999975286424
2,198,completed,89764.8850944,89764.8871141,89764.8892004,4.105999993043952
0,198,completed,89764.8850459,89764.8871604,89764.8897895,4.743600002257153
0,199,completed,89764.9267619,89764.9285167,89764.929673,2.9111000039847568
2,199,completed,89764.9267623,89764.9285243,89764.9304311,3.6687999963760376
1,199,completed,89764.9268334,89764.9285743,89764.9310559,4.222500007017516
3,199,completed,89764.926783,89764.9285651,89764.931753,4.96999999450054
1,200,completed,89764.947536,89764.9491961,89764.9500389,2.5028999953065068
2,200,completed,89764.9476119,89764.9492425,89764.9507413,3.129399992758408
0,200,completed,89764.9475498,89764.9492141,89764.9514043,3.8544999988516793
3,200,completed,89764.9475279,89764.9491961,89764.9520393,4.5113999949535355
0,201,completed,89764.9891486,89764.9902461,89764.9916219,2.4733000027481467
2,201,completed,89764.9894824,89764.991031,89764.9923351,2.852700010407716
1,201,completed,89764.9894229,89764.9910928,89764.9929289,3.5059999936493114
3,201,completed,89764.9895035,89764.9911317,89764.9934399,3.9364000112982467
3,202,completed,89765.0169547,89765.0185456,89765.0192877,2.3329999967245385
2,202,completed,89765.0170185,89765.0185732,89765.0198926,2.8740999987348914
1,202,completed,89765.0170015,89765.0185966,89765.020488,3.486499990685843
0,202,completed,89765.0169442,89765.0185276,89765.0210487,4.104499996174127
1,203,completed,89765.0516353,89765.0530433,89765.053908,2.2727000032318756
0,203,completed,89765.0516709,89765.0531142,89765.054504,2.8331000066827983
2,203,completed,89765.0515932,89765.0531861,89765.055065,3.471799995168112
3,203,completed,89765.0515932,89765.0533591,89765.0555684,3.9752000011503696
3,204,completed,89765.093298,89765.0949886,89765.0957479,2.4498999991919845
0,204,completed,89765.0933556,89765.0950466,89765.096364,3.008400002727285
1,204,completed,89765.0933198,89765.0951647,89765.0970658,3.7460000021383166
2,204,completed,89765.0933956,89765.095202,89765.0976728,4.277200001524761
3,205,completed,89765.1141906,89765.1157458,89765.1165488,2.3581999994348735
1,205,completed,89765.1141694,89765.1159526,89765.1170854,2.9159999976400286
0,205,completed,89765.1141694,89765.1159541,89765.1175638,3.3944000024348497
2,205,completed,89765.1143785,89765.11603,89765.1180339,3.655399996205233
0,206,completed,89765.1487957,89765.1504877,89765.1512853,2.4895999958971515
1,206,completed,89765.1488896,89765.1506123,89765.1518412,2.9516000067815185
2,206,completed,89765.1488323,89765.1506815,89765.1523131,3.4808000054908916
3,206,completed,89765.1488123,89765.1506693,89765.1527772,3.964899995480664
2,207,completed,89765.1836234,89765.1851565,89765.1859044,2.2810000082245097
3,207,completed,89765.1835939,89765.1852045,89765.1864094,2.815500003634952
0,207,completed,89765.1835934,89765.1852462,89765.1868687,3.2752999977674335
1,207,completed,89765.1842626,89765.1854581,89765.1873584,3.095799998845905
2,208,completed,89765.2182943,89765.2198312,89765.2206583,2.3639999999431893
1,208,completed,89765.2183184,89765.2198563,89765.2212701,2.9516999929910526
3,208,completed,89765.2184162,89765.2199746,89765.2218235,3.4072999987984076
0,208,completed,89765.2183808,89765.2199711,89765.2223516,3.9707999967504293
2,209,completed,89765.2599525,89765.2615838,89765.2623157,2.36320000840351
3,209,completed,89765.2599779,89765.2616255,89765.2629026,2.92470000567846
0,209,completed,89765.2599508,89765.2616715,89765.2634172,3.4663999977055937
1,209,completed,89765.2599889,89765.2617455,89765.2638859,3.8970000023255125
1,210,completed,89765.2808574,89765.2824945,89765.2832435,2.3861000081524253
2,210,completed,89765.2808776,89765.282432,89765.283854,2.976399991894141
3,210,completed,89765.2808988,89765.2824904,89765.2843595,3.460699997958727
0,210,completed,89765.2808978,89765.2826349,89765.2848353,3.937500005122274
2,211,completed,89765.315523,89765.3172187,89765.3179878,2.464799996232614
0,211,completed,89765.3155347,89765.3171811,89765.3185204,2.9857000045012683
3,211,completed,89765.3155237,89765.3173611,89765.3190387,3.515000003972091
1,211,completed,89765.3155617,89765.3174278,89765.3195558,3.994099999545142
1,212,completed,89765.3502519,89765.351756,89765.3524712,2.219300004071556
2,212,completed,89765.3502317,89765.3517638,89765.3529988,2.7670999988913536
0,212,completed,89765.3503073,89765.3518637,89765.3535195,3.2121999975061044
3,212,completed,89765.350333,89765.3519076,89765.3540178,3.6848000017926097
0,213,completed,89765.3852649,89765.3872016,89765.3881583,2.893400000175461
3,213,completed,89765.3852631,89765.387266,89765.3887504,3.4872999967774376
1,213,completed,89765.3856285,89765.3874824,89765.3893476,3.719100001035258
2,213,completed,89765.3855133,89765.3875867,89765.3898964,4.383099992992356
0,214,completed,89765.4197859,89765.4217201,89765.4224992,2.7132999966852367
2,214,completed,89765.4198033,89765.4217905,89765.4230698,3.266500003519468
1,214,completed,89765.4197867,89765.4217324,89765.4236237,3.8369999965652823
3,214,completed,89765.4199954,89765.4218516,89765.4241516,4.156199996941723
0,215,completed,89765.4476828,89765.4493602,89765.4503185,2.6357000024290755
3,215,completed,89765.4476888,89765.4494273,89765.4510228,3.3339999936288223
2,215,completed,89765.4476987,89765.4495225,89765.4515617,3.863000005367212
1,215,completed,89765.4479683,89765.449726,89765.4521159,4.147600004216656
1,216,completed,89765.4825108,89765.4843646,89765.4852801,2.769300001091324
2,216,completed,89765.4825107,89765.4844724,89765.4858864,3.3756999910110608
3,216,completed,89765.4825625,89765.4844366,89765.4864418,3.879300013068132
0,216,completed,89765.4825114,89765.4843521,89765.4870076,4.496199995628558
3,217,completed,89765.5204122,89765.5220449,89765.5237458,3.33360000513494
2,217,completed,89765.5203786,89765.5224998,89765.5249198,4.541199989034794
1,217,completed,89765.5226503,89765.5239524,89765.5269979,4.347599999164231
0,217,completed,89765.5209466,89765.5263833,89765.5278805,6.93390000378713
0,218,completed,89765.5532334,89765.5542753,89765.5558887,2.655299991602078
2,218,completed,89765.5537084,89765.5548123,89765.556757,3.0486000032396987
3,218,completed,89765.5538959,89765.5555461,89765.5576542,3.7583000084850937
1,218,completed,89765.5545898,89765.5556818,89765.5591475,4.557699998258613
1,219,completed,89765.5961197,89765.5981307,89765.599903,3.7832999951206148
3,219,completed,89765.5961344,89765.598041,89765.601711,5.576600000495091
0,219,completed,89765.5961194,89765.5981139,89765.6032643,7.144900009734556
2,219,completed,89765.5944886,89765.5986951,89765.6042456,9.756999992532656
3,220,completed,89765.6143063,89765.616379,89765.6174393,3.132999991066754
0,220,completed,89765.6143295,89765.616374,89765.6181146,3.785100008826703
1,220,completed,89765.6143068,89765.6163939,89765.6188372,4.5304000086616725
2,220,completed,89765.6147431,89765.6165749,89765.6195633,4.820200003450736
2,221,completed,89765.6489549,89765.6505683,89765.6514502,2.4953000101959333
1,221,completed,89765.6489556,89765.6506315,89765.6520417,3.0860999977448955
3,221,completed,89765.6489985,89765.6506194,89765.6526324,3.6339000071166083
0,221,completed,89765.649029,89765.650691,89765.6532653,4.2363000102341175
0,222,completed,89765.683728,89765.6854062,89765.6863184,2.590399992186576
3,222,completed,89765.6836933,89765.6855204,89765.6869959,3.3026000019162893
2,222,completed,89765.68377,89765.6855365,89765.6875808,3.8108000007923692
1,222,completed,89765.6836928,89765.6855951,89765.6881377,4.444899997906759
3,223,completed,89765.7183896,89765.7201229,89765.720984,2.594399993540719
2,223,completed,89765.7183722,89765.7200506,89765.7216029,3.2306999928550795
0,223,completed,89765.7184304,89765.7201819,89765.7221619,3.7315000081434846
1,223,completed,89765.7188167,89765.7203621,89765.7228354,4.018699997686781
0,224,completed,89765.7462913,89765.7480076,89765.7489478,2.65650000073947
2,224,completed,89765.74627,89765.7480224,89765.7495623,3.2922999962465838
1,224,completed,89765.7465074,89765.7482063,89765.7501211,3.6136999988229945
3,224,completed,89765.7465935,89765.7482384,89765.7506701,4.07660000200849
1,225,completed,89765.7810446,89765.7829314,89765.7837287,2.684100007172674
2,225,completed,89765.7810441,89765.7829798,89765.7843122,3.268100001150742
3,225,completed,89765.7810538,89765.7830268,89765.7848295,3.775699995458126
0,225,completed,89765.7810826,89765.7829188,89765.7853269,4.244299998390488
2,226,completed,89765.8157077,89765.8172984,89765.8183132,2.605499990750104
3,226,completed,89765.8158987,89765.8176982,89765.8188655,2.9667999915545806
1,226,completed,89765.815978,89765.8177485,89765.8194087,3.4307000023545697
0,226,completed,89765.8159403,89765.8178215,89765.8199307,3.990400000475347
3,227,completed,89765.8502139,89765.8518385,89765.8526133,2.3993999930098653
0,227,completed,89765.8502486,89765.8518322,89765.8531354,2.8867999935755506
2,227,completed,89765.8501757,89765.8518158,89765.8536056,3.429899996262975
1,227,completed,89765.8506039,89765.8520371,89765.8540542,3.4502999915275723
2,228,completed,89765.884906,89765.88661,89765.8871882,2.2821999882580712
0,228,completed,89765.8848632,89765.8865884,89765.8877124,2.8491999983089045
3,228,completed,89765.8848904,89765.886601,89765.8881965,3.3060999994631857
1,228,completed,89765.8848633,89765.8865838,89765.8886617,3.798399993684143
2,229,completed,89765.9127142,89765.9140334,89765.9149097,2.1954999974695966
3,229,completed,89765.9127128,89765.9141701,89765.9154611,2.7483000012580305
0,229,completed,89765.9130184,89765.9141816,89765.9159429,2.9245000041555613
1,229,completed,89765.9195779,89765.9200951,89765.920773,1.1951000051340088
1,230,completed,89765.947454,89765.9490538,89765.9497406,2.286600007209927
0,230,completed,89765.9474452,89765.9490458,89765.9502663,2.821100002620369
2,230,completed,89765.9474862,89765.949073,89765.950749,3.2627999898977578
3,230,completed,89765.9478071,89765.9491689,89765.9512117,3.4045999927911907
2,231,completed,89765.9822348,89765.9839082,89765.9846189,2.3840999929234385
3,231,completed,89765.9824042,89765.9839966,89765.9851331,2.7288999990560114
0,231,completed,89765.9823019,89765.9840258,89765.985587,3.2850999996298924
1,231,completed,89765.9822747,89765.9840373,89765.9860862,3.8115000061225146
0,232,completed,89766.0169816,89766.0186835,89766.0194257,2.4440999986836687
2,232,completed,89766.0169807,89766.0187413,89766.019964,2.9833000007783994
1,232,completed,89766.017022,89766.0188083,89766.0204723,3.4503000060794875
3,232,completed,89766.0170364,89766.0188623,89766.0209603,3.923900003428571
1,233,completed,89766.0516507,89766.0533594,89766.0541318,2.481100003933534
3,233,completed,89766.0516694,89766.0535127,89766.0546821,3.012700006365776
0,233,completed,89766.051705,89766.0535525,89766.0551804,3.475399993476458
2,233,completed,89766.0516502,89766.0535692,89766.0556665,4.016300008515827
1,234,completed,89766.0794758,89766.0812342,89766.0818186,2.3427999985869974
3,234,completed,89766.0794406,89766.0812082,89766.0823164,2.875799997127615
2,234,completed,89766.0794298,89766.0812333,89766.0828061,3.376300010131672
0,234,completed,89766.0794295,89766.0811996,89766.0833058,3.876300004776567
1,235,completed,89766.1141058,89766.1157078,89766.1164774,2.371599999605678
0,235,completed,89766.1141754,89766.1157354,89766.1169969,2.8215000056661665
2,235,completed,89766.1140954,89766.1158493,89766.1174818,3.3863999997265637
3,235,completed,89766.1141233,89766.1158787,89766.1179453,3.8219999987632036
1,236,completed,89766.1487906,89766.1504772,89766.1511713,2.3807000106899068
2,236,completed,89766.1488491,89766.1505849,89766.1516739,2.824800001690164
0,236,completed,89766.1487826,89766.1505844,89766.1521606,3.3780000085243955
3,236,completed,89766.148794,89766.1506118,89766.1526443,3.850300010526553
1,237,completed,89766.1835547,89766.1852101,89766.1859087,2.354000011109747
2,237,completed,89766.1835046,89766.1852017,89766.1864434,2.9387999966274947
3,237,completed,89766.1834963,89766.1851788,89766.1869783,3.4820000000763685
0,237,completed,89766.1835231,89766.1852036,89766.1874559,3.9327999984379858
1,238,completed,89766.2182249,89766.2198179,89766.2206451,2.42019999132026
3,238,completed,89766.218301,89766.2198831,89766.2211985,2.8975000022910535
2,238,completed,89766.2182337,89766.2199721,89766.2216652,3.4315000084461644
0,238,completed,89766.2182498,89766.2199732,89766.2221552,3.9053999935276806
2,239,completed,89766.2530251,89766.2544651,89766.2553245,2.2994000028120354
3,239,completed,89766.2529834,89766.2546802,89766.2559057,2.922300001955591
0,239,completed,89766.2530467,89766.2547114,89766.2564575,3.410799996345304
1,239,completed,89766.2532947,89766.2547494,89766.2569951,3.7004000041633844
1,240,completed,89766.2877754,89766.2892806,89766.2899745,2.1991000103298575
0,240,completed,89766.2877433,89766.2893876,89766.2904883,2.745000005234033
2,240,completed,89766.2878353,89766.2894165,89766.2909758,3.1405000045197085
3,240,completed,89766.2877955,89766.2894401,89766.2914754,3.6798999935854226
3,241,completed,89766.3224309,89766.3240821,89766.3250013,2.5703999999677762
0,241,completed,89766.3225421,89766.3241863,89766.3256149,3.0727999983355403
2,241,completed,89766.3224262,89766.3242001,89766.3261512,3.7250000023050234
1,241,completed,89766.3225294,89766.3241967,89766.3266844,4.155000002356246
1,242,completed,89766.350267,89766.3518212,89766.352844,2.5769999920157716
2,242,completed,89766.3502738,89766.3518989,89766.3533962,3.1223999976646155
3,242,completed,89766.3503003,89766.3519493,89766.3539332,3.632899999502115
0,242,completed,89766.3503605,89766.3525695,89766.3545476,4.187099999398924
2,243,completed,89766.3849276,89766.3864622,89766.3873266,2.399000004515983
3,243,completed,89766.3849353,89766.3864457,89766.3879327,2.9974000062793493
0,243,completed,89766.3849773,89766.3867312,89766.3884201,3.442800007178448
1,243,completed,89766.3855809,89766.3869098,89766.3890132,3.432299999985844
0,244,completed,89766.4196994,89766.4213392,89766.4220856,2.3862000089138746
3,244,completed,89766.4196994,89766.4213187,89766.4226277,2.9283000039868057
2,244,completed,89766.4197313,89766.4214648,89766.4232181,3.486799992970191
1,244,completed,89766.4197826,89766.4215404,89766.4237964,4.013800004031509
0,245,completed,89766.4477704,89766.4495236,89766.4504603,2.6898999931290746
1,245,completed,89766.4477116,89766.4496625,89766.4510642,3.3525999897392467
3,245,completed,89766.4478591,89766.4496807,89766.4515869,3.7278000090736896
2,245,completed,89766.4477753,89766.4497596,89766.452138,4.362699997727759
2,246,completed,89766.4892203,89766.490883,89766.4917675,2.547199997934513
1,246,completed,89766.4892204,89766.4909244,89766.4923827,3.162299995892681
3,246,completed,89766.4892613,89766.4909647,89766.492996,3.734700003406033
0,246,completed,89766.4892843,89766.4909911,89766.4935236,4.239300003973767
1,247,completed,89766.517036,89766.5187296,89766.5197278,2.6917999930446967
3,247,completed,89766.5170612,89766.5188204,89766.5204133,3.352100000483915
0,247,completed,89766.5170837,89766.5188293,89766.5210123,3.928599995560944
2,247,completed,89766.5173896,89766.5189456,89766.5216011,4.211499996017665
2,248,completed,89766.5518719,89766.5535998,89766.5545985,2.726600010646507
1,248,completed,89766.5517334,89766.5535428,89766.5553919,3.658499990706332
3,248,completed,89766.5517769,89766.5535835,89766.556087,4.310100004659034
0,248,completed,89766.5517485,89766.5536109,89766.5567701,5.021599994506687
1,249,completed,89766.5865157,89766.5884173,89766.589397,2.881300009903498
3,249,completed,89766.5865682,89766.5884842,89766.5900684,3.5001999931409955
0,249,completed,89766.5865324,89766.5884645,89766.5907055,4.173099994659424
2,249,completed,89766.5865157,89766.5884339,89766.5913564,4.840699999476783
0,250,completed,89766.6143008,89766.616124,89766.6170367,2.735899994149804
2,250,completed,89766.6143013,89766.6161832,89766.6176842,3.3829000021796674
3,250,completed,89766.6143399,89766.616245,89766.6183343,3.99440000182949
1,250,completed,89766.6144121,89766.6162623,89766.6189382,4.526100005023181
1,251,completed,89766.6489642,89766.6506399,89766.6514708,2.506600008928217
3,251,completed,89766.6489843,89766.6506498,89766.6520199,3.0355999915627763
2,251,completed,89766.649,89766.6508082,89766.6525355,3.5354999999981374
0,251,completed,89766.6490152,89766.6508376,89766.6530169,4.001699999207631
2,252,completed,89766.6838026,89766.6852543,89766.6859943,2.191699997638352
3,252,completed,89766.6838704,89766.6853402,89766.6865484,2.67800000438001
0,252,completed,89766.6837556,89766.6853551,89766.6870742,3.3186000073328614
1,252,completed,89766.6837703,89766.6853259,89766.6875799,3.809599991654977
1,253,completed,89766.7182988,89766.7202288,89766.7212679,2.969099994516
0,253,completed,89766.7183007,89766.7203288,89766.7220214,3.7206999986665323
2,253,completed,89766.7183139,89766.720418,89766.7226743,4.360400009318255
3,253,completed,89766.7185878,89766.7205108,89766.7233065,4.7187000018311664
2,254,completed,89766.7530262,89766.7542937,89766.7550825,2.0563000143738464
1,254,completed,89766.7529414,89766.7542734,89766.7557166,2.775200002361089
0,254,completed,89766.752953,89766.7542705,89766.7563043,3.3512999943923205
3,254,completed,89766.7535314,89766.7546968,89766.7568699,3.338499998790212
2,255,completed,89766.7808262,89766.7827465,89766.7834513,2.625099994475022
1,255,completed,89766.7809156,89766.7826958,89766.7840128,3.0971999949542806
3,255,completed,89766.7808266,89766.7827506,89766.7845223,3.695699997479096
0,255,completed,89766.7808795,89766.7828099,89766.7850257,4.146199993556365
1,256,completed,89766.8154382,89766.8168311,89766.8175906,2.1523999894270673
3,256,completed,89766.8154062,89766.8169907,89766.8180997,2.6935000059893355
0,256,completed,89766.8154883,89766.8169779,89766.8186511,3.162799999699928
2,256,completed,89766.8154061,89766.8170891,89766.8191887,3.7826000043423846
1,257,completed,89766.8504023,89766.8523937,89766.8532011,2.79880000744015
3,257,completed,89766.8504212,89766.8523539,89766.8537877,3.366500008269213
0,257,completed,89766.850403,89766.8524947,89766.8543828,3.9797999925212935
2,257,completed,89766.8506112,89766.8525248,89766.8549709,4.3597000039881095
1,258,completed,89766.8849267,89766.8866853,89766.8875752,2.648499998031184
3,258,completed,89766.885019,89766.8868102,89766.8881874,3.1684000132372603
2,258,completed,89766.8849435,89766.8868555,89766.8887401,3.79659999452997
0,258,completed,89766.8849663,89766.8868707,89766.8892664,4.300100001273677
3,259,completed,89766.919588,89766.9210995,89766.9218238,2.2357999987434596
2,259,completed,89766.9196825,89766.9212061,89766.9223558,2.6732999976957217
1,259,completed,89766.9196107,89766.9211934,89766.9228352,3.2245000038528815
0,259,completed,89766.9196758,89766.9212571,89766.9233926,3.7167999980738387
1,260,completed,89766.9474185,89766.9484668,89766.9494711,2.052600000752136
0,260,completed,89766.9476542,89766.9490792,89766.9502111,2.5568999990355223
2,260,completed,89766.9477128,89766.9490807,89766.9507763,3.063500000280328
3,260,completed,89766.947687,89766.94915,89766.9512953,3.608299986808561
2,261,completed,89766.9821731,89766.9838162,89766.9846727,2.499599999282509
3,261,completed,89766.9821778,89766.9838189,89766.985231,3.0531999946106225
1,261,completed,89766.982199,89766.9838892,89766.9857267,3.52769999881275
0,261,completed,89766.9822116,89766.9839535,89766.9863361,4.124500002944842
1,262,completed,89767.0169501,89767.0189634,89767.0197808,2.830699988408014
2,262,completed,89767.0169233,89767.0189615,89767.0203808,3.4574999881442636
0,262,completed,89767.0169238,89767.0189648,89767.0210063,4.0825000032782555
3,262,completed,89767.0169641,89767.0189713,89767.0216236,4.659500002162531
3,263,completed,89767.0516666,89767.0534746,89767.054471,2.8043999918736517
2,263,completed,89767.0517307,89767.0536014,89767.0550982,3.3675000013317913
1,263,completed,89767.051666,89767.0537314,89767.0556719,4.0059000020846725
0,263,completed,89767.0516944,89767.0537187,89767.0562966,4.602200002409518
0,264,completed,89767.0867695,89767.0883054,89767.0890484,2.2788999922340736
1,264,completed,89767.0867978,89767.0884105,89767.0895561,2.758300004643388
3,264,completed,89767.0867407,89767.0885424,89767.0900362,3.295499991509132
2,264,completed,89767.08674,89767.0885328,89767.0904997,3.759700004593469
1,265,completed,89767.1140648,89767.1158091,89767.1164915,2.426699997158721
2,265,completed,89767.1140804,89767.1157865,89767.117023,2.942599996458739
0,265,completed,89767.1140992,89767.115864,89767.1174969,3.3976999984588474
3,265,completed,89767.1141644,89767.1158682,89767.1179581,3.7937000015517697
3,266,completed,89767.1488643,89767.1506883,89767.1513935,2.529199991840869
0,266,completed,89767.148811,89767.1508319,89767.1518983,3.0872999923303723
2,266,completed,89767.148811,89767.1508162,89767.1523552,3.5441999934846535
1,266,completed,89767.149253,89767.1508529,89767.1528072,3.554199996870011
2,267,completed,89767.1835519,89767.1853303,89767.1860396,2.4876999959815294
1,267,completed,89767.1835529,89767.1853146,89767.1866265,3.073600004427135
0,267,completed,89767.1835905,89767.1853831,89767.1871237,3.533199997036718
3,267,completed,89767.1836257,89767.1854065,89767.1876871,4.061400002683513
1,268,completed,89767.2183671,89767.2203315,89767.2209543,2.587200011475943
3,268,completed,89767.2183021,89767.2202852,89767.2214865,3.184400004101917
2,268,completed,89767.2183885,89767.2203059,89767.221964,3.5754999989876524
0,268,completed,89767.2183244,89767.2203316,89767.2224024,4.077999998116866
1,269,completed,89767.2529267,89767.254457,89767.2555065,2.5797999987844378
0,269,completed,89767.2529411,89767.2545858,89767.2562597,3.3186000073328614
3,269,completed,89767.2532777,89767.2548424,89767.2569182,3.6404999991646037
2,269,completed,89767.253427,89767.2549112,89767.2574976,4.070599999977276
1,270,completed,89767.2808685,89767.2816368,89767.2824059,1.5373999922303483
3,270,completed,89767.2877112,89767.2888437,89767.2899642,2.2529999987455085
2,270,completed,89767.2880422,89767.2892884,89767.2906354,2.5931999989552423
0,270,completed,89767.2880152,89767.2892678,89767.2912082,3.192999996826984
3,271,completed,89767.3155292,89767.3172552,89767.3179321,2.402900005108677
1,271,completed,89767.3155165,89767.3171977,89767.3184758,2.9592999926535413
0,271,completed,89767.3155675,89767.3172947,89767.318999,3.431499993894249
2,271,completed,89767.3156061,89767.3172979,89767.3194819,3.8758000009693205
3,272,completed,89767.3504887,89767.3527328,89767.3534386,2.9498999938368797
2,272,completed,89767.3504927,89767.3527307,89767.3540466,3.553899994585663
0,272,completed,89767.3504904,89767.3527298,89767.3546634,4.1729999938979745
1,272,completed,89767.3507717,89767.3527658,89767.3552848,4.513099993346259
3,273,completed,89767.3920596,89767.3939597,89767.3950819,3.0223000067053363
1,273,completed,89767.3924888,89767.3944463,89767.3956478,3.1589999998686835
0,273,completed,89767.3927951,89767.3945151,89767.3963051,3.5100000095553696
2,273,completed,89767.3920595,89767.3945473,89767.3969801,4.920600011246279
2,274,completed,89767.4128156,89767.4143058,89767.4153261,2.5105000095209107
3,274,completed,89767.4128159,89767.4144093,89767.4159897,3.173800010699779
0,274,completed,89767.4133106,89767.4147157,89767.4165886,3.2780000037746504
1,274,completed,89767.4136295,89767.4148765,89767.4172266,3.5970999888377264
0,275,completed,89767.4545515,89767.4564037,89767.4571869,2.6354000001447275
1,275,completed,89767.4545597,89767.456457,89767.4580642,3.5044999967794865
3,275,completed,89767.4545867,89767.4564848,89767.4587129,4.1262000013375655
2,275,completed,89767.4546615,89767.4564905,89767.4592429,4.581400004099123
1,276,completed,89767.4824047,89767.4841869,89767.4850486,2.6439000066602603
3,276,completed,89767.4823681,89767.4841715,89767.4858458,3.4776999964378774
0,276,completed,89767.4824251,89767.4842367,89767.4864181,3.9930000057211146
2,276,completed,89767.4823523,89767.4842254,89767.4870004,4.648100002668798
3,277,completed,89767.5171196,89767.5189293,89767.5198892,2.769600003375672
2,277,completed,89767.5170698,89767.5188591,89767.5208917,3.8218999980017543
0,277,completed,89767.5170749,89767.5189353,89767.5218507,4.775800000061281
1,277,completed,89767.5170707,89767.5191061,89767.522468,5.397299988544546
2,278,completed,89767.5517057,89767.5531553,89767.5542601,2.5544000091031194
3,278,completed,89767.5520413,89767.5536669,89767.5549213,2.8800000000046566
1,278,completed,89767.5519563,89767.5535933,89767.5555351,3.57879999501165
0,278,completed,89767.5519964,89767.5537177,89767.5561724,4.176000002189539
2,279,completed,89767.5864591,89767.5880572,89767.5889546,2.4954999971669167
0,279,completed,89767.5864509,89767.5882191,89767.5894834,3.0325000116135925
3,279,completed,89767.5866699,89767.5883054,89767.589985,3.31509999523405
1,279,completed,89767.586641,89767.5883052,89767.5904744,3.8333999982569367
0,280,completed,89767.6142182,89767.6157523,89767.616442,2.2237999946810305
1,280,completed,89767.6141756,89767.6157229,89767.6169643,2.788700003293343
2,280,completed,89767.6141603,89767.6159088,89767.617435,3.2746999931987375
3,280,completed,89767.614183,89767.6158827,89767.6179405,3.757500002393499
1,281,completed,89767.6488463,89767.6502685,89767.6511816,2.335299999685958
0,281,completed,89767.6488892,89767.6504014,89767.6518491,2.9598999972222373
3,281,completed,89767.6489237,89767.6505089,89767.6523812,3.4574999881442636
2,281,completed,89767.649108,89767.6506246,89767.6528879,3.7798999983351678
1,282,completed,89767.6836294,89767.6852787,89767.6859616,2.332200005184859
2,282,completed,89767.6836239,89767.6852723,89767.6865452,2.921300008893013
0,282,completed,89767.6837007,89767.6853484,89767.6870397,3.3390000025974587
3,282,completed,89767.6836667,89767.6853246,89767.68751,3.843300000880845
3,283,completed,89767.71823,89767.7196763,89767.7205312,2.301200001966208
0,283,completed,89767.7182497,89767.7198326,89767.7210467,2.7969999937340617
2,283,completed,89767.7185463,89767.719993,89767.7215401,2.9937999934190884
1,283,completed,89767.7185325,89767.7200367,89767.722009,3.4765000018524006
2,284,completed,89767.7460862,89767.7470184,89767.7477163,1.6300999996019527
1,284,completed,89767.7462527,89767.7471264,89767.7482466,1.9938999903388321
3,284,completed,89767.7529755,89767.7540747,89767.7548498,1.8742999964160845
0,284,completed,89767.7530071,89767.7541442,89767.755443,2.435900009004399
3,285,completed,89767.7807852,89767.7825138,89767.783413,2.627800000482239
0,285,completed,89767.7808563,89767.7826132,89767.7840518,3.195500001311302
2,285,completed,89767.7807711,89767.7826748,89767.7846416,3.870499989716336
1,285,completed,89767.7807994,89767.7826789,89767.7852354,4.4360000028973445
0,286,completed,89767.8156046,89767.8172897,89767.818217,2.6123999996343628
1,286,completed,89767.8156049,89767.81733,89767.8188592,3.2542999979341403
2,286,completed,89767.815906,89767.8175421,89767.8194654,3.559399992809631
3,286,completed,89767.8159275,89767.8176161,89767.8200558,4.128299988224171
0,287,completed,89767.8502911,89767.8526189,89767.8535018,3.2107000006362796
3,287,completed,89767.850319,89767.8526627,89767.8545568,4.237799992552027
2,287,completed,89767.8502936,89767.852658,89767.8550692,4.775599998538382
1,287,completed,89767.8506685,89767.8529272,89767.8555495,4.881000000750646
1,288,completed,89767.8850085,89767.8871617,89767.8878895,2.8809999930672348
0,288,completed,89767.8850454,89767.8872139,89767.8884715,3.4260999964317307
2,288,completed,89767.8850093,89767.8872563,89767.8890243,4.015000013168901
3,288,completed,89767.8850201,89767.8872551,89767.8895603,4.540199995972216
0,289,completed,89767.9198056,89767.9218749,89767.922657,2.8514000005088747
3,289,completed,89767.9197098,89767.9217989,89767.9232433,3.533499999321066
2,289,completed,89767.9197635,89767.9218556,89767.9237844,4.020899999886751
1,289,completed,89767.9197289,89767.9219756,89767.9243382,4.60929999826476
1,290,completed,89767.9475782,89767.9499543,89767.9506885,3.1103000073926523
2,290,completed,89767.9476223,89767.949921,89767.9513727,3.750400006538257
0,290,completed,89767.9476063,89767.9499751,89767.9520337,4.4273999956203625
3,290,completed,89767.9476509,89767.9499326,89767.9527335,5.08260000788141
3,291,completed,89767.9821732,89767.9840268,89767.9848289,2.6556999946478754
2,291,completed,89767.9821567,89767.9841858,89767.9854564,3.299699994386174
0,291,completed,89767.9821563,89767.9842494,89767.9860523,3.895999994711019
1,291,completed,89767.9825435,89767.9842707,89767.9866294,4.0859000000637025
1,292,completed,89768.0169839,89768.0187329,89768.0196748,2.690900000743568
3,292,completed,89768.0173237,89768.019147,89768.0202363,2.9126000008545816
2,292,completed,89768.0172706,89768.0191921,89768.0207068,3.4362000005785376
0,292,completed,89768.0172086,89768.0192039,89768.0212396,4.031000004033558
0,293,completed,89768.0518935,89768.053707,89768.0547141,2.8205999988131225
2,293,completed,89768.0518084,89768.0538243,89768.0555476,3.7391999940155074
1,293,completed,89768.0518532,89768.0537286,89768.0562779,4.424700004165061
3,293,completed,89768.0518086,89768.0538451,89768.0568937,5.085100012365729
2,294,completed,89768.0863905,89768.0881479,89768.0889999,2.609400005894713
1,294,completed,89768.086386,89768.088146,89768.0896278,3.2418000046163797
0,294,completed,89768.0864573,89768.0882305,89768.0901843,3.727000002982095
3,294,completed,89768.086494,89768.0882262,89768.0907835,4.289499993319623
3,295,completed,89768.114297,89768.1161502,89768.1169875,2.690500012249686
2,295,completed,89768.1142768,89768.116138,89768.117609,3.3321999944746494
0,295,completed,89768.1142887,89768.1162559,89768.1182289,3.940199996577576
1,295,completed,89768.1147146,89768.1163865,89768.1187525,4.037899998365901
2,296,completed,89768.1487588,89768.1501897,89768.1510995,2.3406999971484765
1,296,completed,89768.1487955,89768.1502693,89768.151692,2.89649999467656
0,296,completed,89768.1488172,89768.1504443,89768.1522845,3.4673000045586377
3,296,completed,89768.1488372,89768.1504445,89768.1527867,3.949499994632788
3,297,completed,89768.1834716,89768.1850562,89768.1857385,2.2669000027235597
0,297,completed,89768.1835059,89768.1850901,89768.1863884,2.882500004488975
2,297,completed,89768.1835428,89768.1850587,89768.1869368,3.3939999993890524
1,297,completed,89768.1835546,89768.1851014,89768.1874459,3.891300002578646
3,298,completed,89768.2184084,89768.220421,89768.2211347,2.726299993810244
1,298,completed,89768.2184041,89768.2204194,89768.2216949,3.290799999376759
2,298,completed,89768.2184367,89768.2204138,89768.2222055,3.7688000011257827
0,298,completed,89768.2184772,89768.2204835,89768.2227046,4.227400000672787
0,299,completed,89768.2529839,89768.2548219,89768.2555338,2.5498999893898144
1,299,completed,89768.2529848,89768.254818,89768.2560858,3.10100000933744
3,299,completed,89768.2530436,89768.2547959,89768.256586,3.542400008882396
2,299,completed,89768.2534668,89768.2550765,89768.2570701,3.6032999923918396
1,300,completed,89768.2875981,89768.2894127,89768.2902053,2.607200003694743
3,300,completed,89768.2876558,89768.2895657,89768.2907307,3.074899999774061
2,300,completed,89768.2875799,89768.2895803,89768.2912542,3.6742999946000054
0,300,completed,89768.2876169,89768.2896624,89768.2917448,4.127899999730289
3,301,completed,89768.3153945,89768.3169209,89768.3177341,2.339600003324449
1,301,completed,89768.3154614,89768.3171246,89768.3183792,2.9178000113461167
0,301,completed,89768.3154574,89768.3170842,89768.3189627,3.5053000028710812
2,301,completed,89768.3155324,89768.3171504,89768.3194936,3.9612000109627843
3,302,completed,89768.3501851,89768.3519201,89768.352551,2.3658999998588115
0,302,completed,89768.3501872,89768.3518611,89768.3530559,2.868700001272373
1,302,completed,89768.3502157,89768.3519494,89768.3535182,3.30250000115484
2,302,completed,89768.3502265,89768.3520294,89768.3540234,3.796899996814318
2,303,completed,89768.3849763,89768.3868552,89768.3874236,2.447299993946217
3,303,completed,89768.3850336,89768.3868378,89768.3879456,2.9119999962858856
1,303,completed,89768.3849761,89768.3868242,89768.3884575,3.4813999955076724
0,303,completed,89768.3850613,89768.3868665,89768.3889717,3.910400002496317
1,304,completed,89768.4127016,89768.4142128,89768.4150702,2.3686000058660284
3,304,completed,89768.412643,89768.4144301,89768.4155976,2.954600000521168
0,304,completed,89768.4126841,89768.4144091,89768.4160944,3.4103000070899725
2,304,completed,89768.4126429,89768.4143945,89768.4166213,3.978399996412918
1,305,completed,89768.4474012,89768.4489436,89768.4496792,2.2779999999329448
0,305,completed,89768.4474627,89768.4490528,89768.4502669,2.8042000049026683
2,305,completed,89768.447492,89768.4491094,89768.4509256,3.43359999533277
3,305,completed,89768.4473826,89768.449112,89768.4516004,4.217800000333227
2,306,completed,89768.4821812,89768.4838846,89768.4847532,2.5719999975990504
3,306,completed,89768.4822004,89768.4839592,89768.4852863,3.085899996221997
0,306,completed,89768.4824403,89768.4841922,89768.4857508,3.310500003863126
1,306,completed,89768.4824804,89768.4842319,89768.4862597,3.779300008318387
0,307,completed,89768.5169672,89768.5187282,89768.5196497,2.6824999949894845
3,307,completed,89768.5169665,89768.5186738,89768.5201919,3.2253999961540103
1,307,completed,89768.5169882,89768.5187691,89768.5206919,3.703700000187382
2,307,completed,89768.5174599,89768.5190248,89768.5212039,3.744000001461245
3,308,completed,89768.5516782,89768.5531824,89768.5539241,2.2458999883383512
0,308,completed,89768.5516957,89768.5532211,89768.5544906,2.794899992295541
1,308,completed,89768.5516622,89768.5531644,89768.554978,3.315800000564195
2,308,completed,89768.5517711,89768.5533335,89768.5554527,3.6816000065300614
1,309,completed,89768.5864302,89768.5881866,89768.5892649,2.8347000043140724
3,309,completed,89768.5867154,89768.5885538,89768.589833,3.117600004770793
2,309,completed,89768.5867562,89768.5885824,89768.5903623,3.606099999160506
0,309,completed,89768.5867896,89768.5886036,89768.5908637,4.074099997524172
3,310,completed,89768.6210141,89768.6227307,89768.6236533,2.639199999975972
1,310,completed,89768.6210141,89768.6228854,89768.6242521,3.23799999023322
2,310,completed,89768.6213317,89768.6229835,89768.6248385,3.5068000142928213
0,310,completed,89768.6214677,89768.6230954,89768.6255265,4.058800011989661
1,311,completed,89768.6490762,89768.6511403,89768.6520771,3.0009000038262457
2,311,completed,89768.6493101,89768.6513246,89768.6528019,3.4918000019388273
3,311,completed,89768.6492007,89768.6513615,89768.6534013,4.200600000331178
0,311,completed,89768.6492256,89768.6514288,89768.6539866,4.760999989230186
1,312,completed,89768.6837328,89768.6856746,89768.686607,2.8741999994963408
0,312,completed,89768.6837519,89768.6856681,89768.6873532,3.6013000062666833
3,312,completed,89768.6837628,89768.6857171,89768.6880302,4.267399999662302
2,312,completed,89768.6837928,89768.6857723,89768.6887085,4.915700003039092
2,313,completed,89768.7182563,89768.7198883,89768.7206747,2.4184000067180023
3,313,completed,89768.7182933,89768.7199748,89768.7213333,3.0399999959627166
1,313,completed,89768.7182812,89768.7199923,89768.7219534,3.6722000077134
0,313,completed,89768.718332,89768.7200274,89768.7225084,4.1763999906834215
0,314,completed,89768.7459688,89768.7468206,89768.747634,1.665200004936196
1,314,completed,89768.7459519,89768.7468122,89768.7481794,2.2275000083027408
3,314,completed,89768.7529771,89768.7538426,89768.754666,1.6888999962247908
2,314,completed,89768.7532181,89768.7540386,89768.7552557,2.0376000029500574
1,315,completed,89768.7808439,89768.7818595,89768.7826688,1.8249000131618232
0,315,completed,89768.7808434,89768.7818437,89768.7832474,2.4039999989327043
3,315,completed,89768.7877048,89768.788648,89768.7894037,1.6988999996101484
2,315,completed,89768.7876794,89768.7886395,89768.7900467,2.367299995967187
0,316,completed,89768.8155374,89768.8167834,89768.8179236,2.3861999943619594
1,316,completed,89768.8158031,89768.8172453,89768.8185529,2.7497999981278554
3,316,completed,89768.8157835,89768.8173517,89768.8190629,3.279399999883026
2,316,completed,89768.8158444,89768.8173212,89768.8195342,3.689799996209331
3,317,completed,89768.8503647,89768.8519788,89768.8531683,2.8036000003339723
2,317,completed,89768.8505089,89768.8522243,89768.8538981,3.38920000649523
1,317,completed,89768.8506128,89768.8525021,89768.8545976,3.98480000148993
0,317,completed,89768.8504028,89768.8526442,89768.8562156,5.812799994600937
0,318,completed,89768.8850101,89768.8866232,89768.8874294,2.419299999019131
3,318,completed,89768.885001,89768.8866225,89768.887991,2.989999993587844
2,318,completed,89768.8849412,89768.8867161,89768.8886112,3.6700000055134296
1,318,completed,89768.8849416,89768.8867215,89768.889143,4.201399991870858
2,319,completed,89768.9126185,89768.9137555,89768.9145226,1.9040999904973432
3,319,completed,89768.9126315,89768.9137765,89768.9150802,2.4486999900545925
1,319,completed,89768.9126586,89768.9137954,89768.9155948,2.936199991381727
0,319,completed,89768.9196112,89768.9201796,89768.9209558,1.3445999938994646
0,320,completed,89768.9474755,89768.9481376,89768.94893,1.454500001273118
3,320,completed,89768.9545368,89768.9556358,89768.9564189,1.8820999976014718
2,320,completed,89768.9545365,89768.9556506,89768.9569783,2.4418000102741644
1,320,completed,89768.9544923,89768.9556681,89768.9575477,3.0553999968105927
2,321,completed,89768.9821561,89768.9836265,89768.9844783,2.3222000017995015
3,321,completed,89768.9821271,89768.9837091,89768.9850418,2.9147000022931024
1,321,completed,89768.9821739,89768.9838638,89768.9855179,3.34399999701418
0,321,completed,89768.9823868,89768.9838699,89768.985997,3.610200001276098
0,322,completed,89769.0168122,89769.0183476,89769.0190882,2.2759999992558733
1,322,completed,89769.0169183,89769.0184252,89769.0196309,2.7126000059070066
3,322,completed,89769.0168587,89769.0183917,89769.0201698,3.311100008431822
2,322,completed,89769.01682,89769.0184882,89769.0206562,3.8361999904736876
2,323,completed,89769.0516245,89769.0530519,89769.0540496,2.425099999527447
1,323,completed,89769.0516254,89769.0530523,89769.0547319,3.106500007561408
3,323,completed,89769.0520093,89769.053402,89769.0554168,3.4075000003213063
0,323,completed,89769.0520607,89769.0534543,89769.0560611,4.000399989308789
0,324,completed,89769.0932696,89769.0948028,89769.095731,2.461399999447167
1,324,completed,89769.0932397,89769.0947977,89769.0964146,3.1749000045238063
2,324,completed,89769.0933196,89769.0949628,89769.0970767,3.7570999993477017
3,324,completed,89769.0936128,89769.0951298,89769.0976998,4.08699999388773
3,325,completed,89769.1141234,89769.1157378,89769.1166233,2.499900001566857
1,325,completed,89769.1141571,89769.1158416,89769.1173219,3.1648000003769994
2,325,completed,89769.1141849,89769.1159245,89769.1179285,3.7435999984154478
0,325,completed,89769.114194,89769.1159193,89769.1185052,4.311199998483062
1,326,completed,89769.1487992,89769.1501493,89769.1510976,2.298399995197542
3,326,completed,89769.1488542,89769.1503733,89769.1516462,2.7919999993173406
0,326,completed,89769.1488118,89769.1503787,89769.1521539,3.3420999970985577
2,326,completed,89769.1487991,89769.150441,89769.1526306,3.8314999983413145
3,327,completed,89769.1835744,89769.1850577,89769.1859562,2.3818000045139343
0,327,completed,89769.1835743,89769.1851953,89769.1865726,2.998299998580478
1,327,completed,89769.1836118,89769.1852071,89769.1871716,3.5597999958554283
2,327,completed,89769.1837423,89769.1853028,89769.1877379,3.995600010966882
3,328,completed,89769.2183006,89769.2197953,89769.2209102,2.6096000074176118
0,328,completed,89769.2186275,89769.2202275,89769.2217699,3.1424000044353306
2,328,completed,89769.2186749,89769.2202264,89769.2223991,3.724200010765344
1,328,completed,89769.2187423,89769.2203822,89769.2230012,4.258900007698685
1,329,completed,89769.2529181,89769.254465,89769.2552471,2.3289999953703955
0,329,completed,89769.2529397,89769.2544961,89769.2559892,3.0494999955408275
3,329,completed,89769.2529764,89769.254473,89769.256517,3.540599995176308
2,329,completed,89769.2529198,89769.254522,89769.2570797,4.159899996011518
2,330,completed,89769.2807307,89769.2821431,89769.2829692,2.2384999901987612
3,330,completed,89769.280747,89769.2822039,89769.2836098,2.8628000000026077
1,330,completed,89769.2807681,89769.2822812,89769.2841663,3.398200002266094
0,330,completed,89769.2808213,89769.2822864,89769.2848403,4.018999999971129
1,331,completed,89769.3154957,89769.3168524,89769.3177692,2.2735000093234703
0,331,completed,89769.315531,89769.3169442,89769.3184285,2.8975000022910535
2,331,completed,89769.3154771,89769.3171032,89769.3190395,3.562400001101196
3,331,completed,89769.3157737,89769.317186,89769.319623,3.8493000029120594
2,332,completed,89769.3502984,89769.3520034,89769.3528127,2.514300009352155
1,332,completed,89769.3503686,89769.3520112,89769.3535298,3.1612000020686537
3,332,completed,89769.3502958,89769.3519998,89769.3541965,3.9007000013953075
0,332,completed,89769.3503174,89769.3519929,89769.3548913,4.573899990646169
2,333,completed,89769.385003,89769.38635,89769.3876767,2.673700000741519
3,333,completed,89769.3854028,89769.3870256,89769.3883652,2.9623999871546403
0,333,completed,89769.3854432,89769.3870402,89769.3891163,3.6731000000145286
1,333,completed,89769.3854145,89769.3870456,89769.389754,4.339500010246411
2,334,completed,89769.419736,89769.4213583,89769.4224412,2.7052000077674165
3,334,completed,89769.4197088,89769.4215536,89769.4231606,3.4518000029493123
0,334,completed,89769.4197035,89769.4215464,89769.4238026,4.099099998711608
1,334,completed,89769.4197113,89769.4215211,89769.4244063,4.694999995990656
3,335,completed,89769.4476586,89769.4493385,89769.4508196,3.161000000545755
0,335,completed,89769.4476998,89769.4494231,89769.4515788,3.878999996231869
1,335,completed,89769.4476593,89769.4494981,89769.4522527,4.593399993609637
2,335,completed,89769.44773,89769.4495216,89769.4528848,5.154800004675053
0,336,completed,89769.4822438,89769.4839961,89769.4848542,2.6103999989572912
1,336,completed,89769.4822406,89769.4839877,89769.485661,3.420399996684864
3,336,completed,89769.4822407,89769.4840861,89769.486339,4.098299992620014
2,336,completed,89769.4823567,89769.4840918,89769.4869416,4.5849000016460195
2,337,completed,89769.5173816,89769.519181,89769.5205741,3.1924999930197373
1,337,completed,89769.5173932,89769.5191244,89769.5216318,4.238599998643622
0,337,completed,89769.5171292,89769.5195796,89769.5224498,5.320600001141429
3,337,completed,89769.517418,89769.5195285,89769.523159,5.7410000008530915
2,338,completed,89769.5516844,89769.5532078,89769.5544986,2.814200008288026
0,338,completed,89769.551705,89769.5532758,89769.5552497,3.5446999972919
3,338,completed,89769.5520191,89769.5535967,89769.5558964,3.8772999978391454
1,338,completed,89769.5522996,89769.5539904,89769.5565672,4.267599986633286
3,339,completed,89769.5864306,89769.5882201,89769.5891449,2.71430000429973
0,339,completed,89769.5864296,89769.5882201,89769.589864,3.4343999868724495
2,339,completed,89769.5865506,89769.5883285,89769.5905923,4.041699998197146
1,339,completed,89769.5865023,89769.5883407,89769.5912458,4.743500001495704
2,340,completed,89769.6142822,89769.6161467,89769.6170323,2.7501000004122034
3,340,completed,89769.6142421,89769.6161934,89769.6177452,3.503100000671111
0,340,completed,89769.6142416,89769.616107,89769.6184635,4.22190000244882
1,340,completed,89769.6144417,89769.6162547,89769.619163,4.721299992525019
3,341,completed,89769.6489094,89769.6506358,89769.6515211,2.6116999943042174
1,341,completed,89769.6489098,89769.6507181,89769.6522214,3.3115999976871535
2,341,completed,89769.6489828,89769.6507223,89769.6528282,3.8454000023193657
0,341,completed,89769.6490589,89769.6508627,89769.6534478,4.388899993500672
2,342,completed,89769.6836185,89769.6854094,89769.6864463,2.827799995429814
3,342,completed,89769.6836421,89769.6854551,89769.6872471,3.604999990784563
1,342,completed,89769.6836736,89769.6855373,89769.6880157,4.342100000940263
0,342,completed,89769.6840088,89769.6857501,89769.6886897,4.680899990489706
1,343,completed,89769.718439,89769.7202694,89769.7211619,2.722899997024797
3,343,completed,89769.7184243,89769.7202938,89769.7218104,3.386100011994131
0,343,completed,89769.7184587,89769.7202404,89769.7224216,3.962900009355508
2,343,completed,89769.718637,89769.7204312,89769.7230703,4.433299996890128
0,344,completed,89769.7531344,89769.7546207,89769.7556265,2.4921000003814697
2,344,completed,89769.7531069,89769.7546538,89769.7564453,3.3383999980287626
3,344,completed,89769.7531438,89769.7547017,89769.7571704,4.026599999633618
1,344,completed,89769.75323,89769.7565969,89769.7577664,4.536399996140972
2,345,completed,89769.7808871,89769.7826139,89769.7836769,2.7897999971173704
3,345,completed,89769.7809385,89769.7827404,89769.7844268,3.488300004391931
1,345,completed,89769.780905,89769.7825938,89769.7851701,4.265099996700883
0,345,completed,89769.7812993,89769.7829123,89769.7858224,4.523099996731617
1,346,completed,89769.8155905,89769.8174358,89769.8183913,2.800799993565306
2,346,completed,89769.8155765,89769.8174337,89769.8191031,3.5266000049887225
3,346,completed,89769.8156979,89769.817523,89769.8196963,3.998399988631718
0,346,completed,89769.8155764,89769.8175067,89769.8203695,4.793100000824779
0,347,completed,89769.8503131,89769.8518189,89769.8530157,2.702600002521649
3,347,completed,89769.8505972,89769.8522659,89769.8537572,3.160000007483177
2,347,completed,89769.8506281,89769.8523041,89769.8545153,3.8872000004630536
1,347,completed,89769.8506911,89769.852335,89769.8551435,4.452399996807799
1,348,completed,89769.8850932,89769.8869159,89769.8877356,2.64239999523852
3,348,completed,89769.8850722,89769.8869555,89769.8884354,3.3631999976933002
0,348,completed,89769.8851391,89769.8869531,89769.8890865,3.947399993194267
2,348,completed,89769.8850946,89769.8870655,89769.8896803,4.585699993185699
1,349,completed,89769.9197269,89769.9213296,89769.922256,2.529100005631335
3,349,completed,89769.9197337,89769.9213454,89769.9229183,3.184600005624816
0,349,completed,89769.9200606,89769.9215936,89769.9235276,3.4670000022742897
2,349,completed,89769.9202023,89769.9216853,89769.9241265,3.924200005712919
1,350,completed,89769.9477768,89769.948754,89769.949874,2.097199991112575
2,350,completed,89769.9546256,89769.9562315,89769.9573931,2.767500001937151
3,350,completed,89769.9545699,89769.9562092,89769.9582328,3.6628999951062724
0,350,completed,89769.9545616,89769.9562176,89769.9590471,4.48550000146497
1,351,completed,89769.9822806,89769.9841697,89769.9852695,2.9888999997638166
0,351,completed,89769.9823199,89769.9843023,89769.9860952,3.775300006964244
2,351,completed,89769.9823953,89769.9843266,89769.9868232,4.427899999427609
3,351,completed,89769.9823332,89769.9842903,89769.987548,5.214800010435283
0,352,completed,89770.0170103,89770.0183818,89770.0194891,2.4788000009721145
1,352,completed,89770.0172893,89770.018822,89770.0200639,2.774599997792393
3,352,completed,89770.017247,89770.0189193,89770.0207038,3.4567999973660335
2,352,completed,89770.0173076,89770.0188997,89770.0212813,3.9736999897286296
0,353,completed,89770.0586024,89770.0599553,89770.0613677,2.7652999997371808
2,353,completed,89770.0585868,89770.0602291,89770.0621824,3.5955999919679016
1,353,completed,89770.0589737,89770.0604606,89770.0628511,3.8773999986005947
3,353,completed,89770.0586585,89770.0605245,89770.0636259,4.967400003806688
1,354,completed,89770.0794966,89770.0804654,89770.0814564,1.9598000071709976
3,354,completed,89770.0795004,89770.0804793,89770.0821542,2.6538000092841685
2,354,completed,89770.0863095,89770.0871266,89770.0879534,1.6439000028185546
0,354,completed,89770.0863286,89770.0872703,89770.0885301,2.201499999500811
2,355,completed,89770.1141287,89770.1149882,89770.115789,1.6602999967290089
0,355,completed,89770.1144059,89770.1152633,89770.1163574,1.9514999876264483
3,355,completed,89770.1210729,89770.1220611,89770.1230184,1.945500000147149
1,355,completed,89770.1210728,89770.1221125,89770.1237609,2.6880999939749017
1,356,completed,89770.1488157,89770.1501275,89770.151479,2.663299994310364
3,356,completed,89770.149081,89770.1507424,89770.1521165,3.035500005353242
2,356,completed,89770.1491418,89770.150729,89770.1527776,3.6358000070322305
0,356,completed,89770.1491697,89770.1509076,89770.1533861,4.216400004224852
1,357,completed,89770.1839277,89770.1854942,89770.1863242,2.396500000031665
3,357,completed,89770.1839588,89770.1855713,89770.1870293,3.0704999953741208
2,357,completed,89770.1838889,89770.1856094,89770.1876712,3.7822999875061214
0,357,completed,89770.1840044,89770.1856356,89770.1883065,4.302100001950748
2,358,completed,89770.2252896,89770.2269595,89770.2280396,2.749999999650754
1,358,completed,89770.2252735,89770.2271632,89770.228782,3.508500012685545
0,358,completed,89770.2253483,89770.2271693,89770.2293913,4.043000008095987
3,358,completed,89770.2254389,89770.2272671,89770.2299674,4.528499994194135
0,359,completed,89770.2530229,89770.2549493,89770.2558234,2.8005000058328733
3,359,completed,89770.2531024,89770.2549447,89770.2565852,3.482799991616048
1,359,completed,89770.2530116,89770.2549505,89770.2572327,4.221099996357225
2,359,completed,89770.2529977,89770.2549437,89770.2578657,4.868000003625639
0,360,completed,89770.2877783,89770.2893839,89770.2902841,2.5058000028366223
1,360,completed,89770.2878741,89770.2895282,89770.2909766,3.1024999916553497
2,360,completed,89770.2877614,89770.2894961,89770.2916563,3.8949000008869916
3,360,completed,89770.2878028,89770.2895566,89770.2922372,4.43440000526607
0,361,completed,89770.3155316,89770.3169646,89770.3178342,2.3025999980745837
2,361,completed,89770.3155157,89770.3170597,89770.3184437,2.9280000017024577
3,361,completed,89770.3155804,89770.3171517,89770.3189959,3.4155000030295923
1,361,completed,89770.3155557,89770.3171855,89770.3195114,3.955699998186901
1,362,completed,89770.3503098,89770.3520703,89770.3528816,2.571800010628067
0,362,completed,89770.3502621,89770.3520858,89770.3535117,3.249600005801767
3,362,completed,89770.3503535,89770.3520917,89770.3541368,3.7832999951206148
2,362,completed,89770.3502619,89770.3519889,89770.3546843,4.422399986651726
3,363,completed,89770.3849587,89770.3864306,89770.3872798,2.3210999934235588
2,363,completed,89770.3850104,89770.386539,89770.3878099,2.79949999821838
0,363,completed,89770.3849905,89770.3865155,89770.3884369,3.446400005486794
1,363,completed,89770.3854423,89770.3867872,89770.3889154,3.4731000050669536
1,364,completed,89770.412659,89770.4131784,89770.413865,1.2060000008204952
0,364,completed,89770.4196522,89770.4208077,89770.4218279,2.1757000067736953
3,364,completed,89770.4196261,89770.4209128,89770.4223946,2.768499994999729
2,364,completed,89770.4196261,89770.4209127,89770.4229226,3.2964999991236255
1,365,completed,89770.4474863,89770.448097,89770.448952,1.4656999992439523
2,365,completed,89770.4544588,89770.4555755,89770.4566341,2.175300003727898
0,365,completed,89770.4547713,89770.455988,89770.4573777,2.606399997603148
3,365,completed,89770.4548522,89770.456049,89770.4579817,3.1295000080717728
3,366,completed,89770.4821398,89770.4835783,89770.4846702,2.5304000009782612
1,366,completed,89770.4821207,89770.4835901,89770.4853587,3.23799999023322
0,366,completed,89770.4825523,89770.4840529,89770.4860859,3.533600000082515
2,366,completed,89770.4825281,89770.4840541,89770.4866496,4.121500009205192
1,367,completed,89770.5169375,89770.5186837,89770.5200011,3.0636000010417774
2,367,completed,89770.5170387,89770.5189952,89770.5209144,3.875700000207871
3,367,completed,89770.516967,89770.5190208,89770.5216457,4.678700002841651
0,367,completed,89770.5170594,89770.5190847,89770.5225372,5.477800004882738
2,368,completed,89770.5515637,89770.5533578,89770.5544161,2.852399993571453
0,368,completed,89770.5516161,89770.5533884,89770.5551862,3.570100001525134
3,368,completed,89770.5515714,89770.5534324,89770.5557469,4.175499998382293
1,368,completed,89770.5516815,89770.5534885,89770.5563553,4.673799994634464
2,369,completed,89770.5793814,89770.5799461,89770.5807352,1.3537999911932275
3,369,completed,89770.5863282,89770.5875529,89770.5884722,2.143999998224899
0,369,completed,89770.5863508,89770.5875576,89770.5891003,2.7494999958435073
1,369,completed,89770.5866917,89770.5878301,89770.58968,2.988300009747036
3,370,completed,89770.6140931,89770.6154844,89770.6162913,2.1982000034768134
0,370,completed,89770.6140662,89770.6154233,89770.6168707,2.8045000071870163
2,370,completed,89770.614173,89770.6156422,89770.6174344,3.2614000083412975
1,370,completed,89770.6144488,89770.61576,89770.6179761,3.5272999957669526
2,371,completed,89770.6489282,89770.6504423,89770.6513794,2.451200009090826
3,371,completed,89770.6489752,89770.6505697,89770.6520304,3.055199995287694
0,371,completed,89770.6490024,89770.6505572,89770.6525647,3.5623000003397465
1,371,completed,89770.6492024,89770.650713,89770.6531304,3.927999990992248
3,372,completed,89770.6834818,89770.6851919,89770.6859304,2.448599989293143
0,372,completed,89770.6834832,89770.6851004,89770.6865642,3.081000002566725
2,372,completed,89770.6835787,89770.6852962,89770.6871882,3.609499995945953
1,372,completed,89770.6835553,89770.68529,89770.6877577,4.202399999485351
0,373,completed,89770.7182603,89770.7194607,89770.720682,2.421700002742
1,373,completed,89770.7186071,89770.7200851,89770.7212317,2.6245999906677753
3,373,completed,89770.718632,89770.7201166,89770.7217125,3.0804999987594783
2,373,completed,89770.7185551,89770.7201728,89770.7222377,3.6825999995926395
2,374,completed,89770.7532036,89770.7548434,89770.7560687,2.865099988412112
3,374,completed,89770.7533397,89770.7549483,89770.7568227,3.483000007690862
1,374,completed,89770.7535677,89770.7551374,89770.7575518,3.9840999961597845
0,374,completed,89770.7530546,89770.7557979,89770.7581828,5.128199991304427
0,375,completed,89770.7807481,89770.7814135,89770.7823801,1.631999999517575
2,375,completed,89770.7877727,89770.7890748,89770.789946,2.1733000030508265
3,375,completed,89770.787806,89770.7891705,89770.7905744,2.768400008790195
1,375,completed,89770.7877495,89770.7891664,89770.7912385,3.488999995170161
3,376,completed,89770.8155706,89770.8175077,89770.818476,2.9054000042378902
1,376,completed,89770.8155924,89770.8174839,89770.8192091,3.616699992562644
2,376,completed,89770.8156149,89770.817623,89770.8200046,4.389699999592267
0,376,completed,89770.8156197,89770.8175993,89770.8207072,5.087499986984767
2,377,completed,89770.8501908,89770.8519355,89770.8527096,2.5187999999616295
0,377,completed,89770.8501989,89770.8519623,89770.8533597,3.1607999990228564
3,377,completed,89770.8503109,89770.851951,89770.8539876,3.6766999983228743
1,377,completed,89770.8501909,89770.8519305,89770.8545937,4.4027999974787235
1,378,completed,89770.8850534,89770.8866303,89770.8875367,2.483300006133504
2,378,completed,89770.8851288,89770.886777,89770.8881942,3.0654000001959503
0,378,completed,89770.8850535,89770.8868152,89770.888783,3.729500007466413
3,378,completed,89770.8850644,89770.8868434,89770.8893773,4.312899996875785
0,379,completed,89770.9197719,89770.9213618,89770.922065,2.293100013048388
3,379,completed,89770.9196984,89770.9213458,89770.9226656,2.967199994600378
2,379,completed,89770.919725,89770.9214569,89770.9231966,3.4715999936452135
1,379,completed,89770.9197076,89770.9214483,89770.9237149,4.007299998193048
0,380,completed,89770.9475068,89770.9491,89770.9498139,2.3071000032359734
3,380,completed,89770.9474856,89770.9490647,89770.9504937,3.008100000442937
2,380,completed,89770.9475022,89770.9491563,89770.9511068,3.604600002290681
1,380,completed,89770.9476337,89770.9492013,89770.951747,4.113300004974008
1,381,completed,89770.98225,89770.9838178,89770.9846938,2.4437999963993207
2,381,completed,89770.9822432,89770.9839615,89770.985299,3.0558000144083053
3,381,completed,89770.9823329,89770.9840148,89770.985922,3.5891000006813556
0,381,completed,89770.9823143,89770.9840145,89770.9865138,4.199500006507151
2,382,completed,89771.0168578,89771.0182119,89771.0190704,2.212599996710196
0,382,completed,89771.0168399,89771.0181696,89771.0197483,2.90839999797754
3,382,completed,89771.0168846,89771.0183629,89771.0203491,3.4644999977899715
1,382,completed,89771.0171336,89771.0185045,89771.0208774,3.7437999999383464
3,383,completed,89771.0515923,89771.0529023,89771.0540064,2.414099988527596
1,383,completed,89771.051583,89771.0529665,89771.0546455,3.06250000721775
2,383,completed,89771.0519039,89771.0532487,89771.0552855,3.381599992280826
0,383,completed,89771.0519587,89771.0532993,89771.0558019,3.8432000001193956
3,384,completed,89771.0863911,89771.0881409,89771.0890196,2.628499991260469
2,384,completed,89771.0863411,89771.0882182,89771.0896726,3.3315000036964193
0,384,completed,89771.0863401,89771.088118,89771.0902954,3.955300009693019
1,384,completed,89771.0863693,89771.0881901,89771.0908964,4.52709999808576
1,385,completed,89771.1141094,89771.1157606,89771.1165555,2.44609999936074
2,385,completed,89771.1141259,89771.1157337,89771.1172253,3.0993999971542507
3,385,completed,89771.1141794,89771.1158389,89771.1178422,3.662799994344823
0,385,completed,89771.1141566,89771.1158395,89771.1184441,4.287499992642552
0,386,completed,89771.1488779,89771.150635,89771.1513283,2.450399988447316
2,386,completed,89771.1489541,89771.1505601,89771.1519572,3.0030999914743006
3,386,completed,89771.1488902,89771.1506073,89771.1525211,3.6308999988250434
1,386,completed,89771.1489311,89771.1505853,89771.1530621,4.130999994231388
3,387,completed,89771.1835039,89771.1850087,89771.1859479,2.4439999979222193
1,387,completed,89771.1835606,89771.1850637,89771.1865737,3.0131000094115734
2,387,completed,89771.1834949,89771.1851686,89771.1870825,3.5875999892596155
0,387,completed,89771.1835161,89771.1852066,89771.1875627,4.046599991852418
2,388,completed,89771.2183222,89771.2199963,89771.2207492,2.426999999443069
0,388,completed,89771.2183056,89771.2200138,89771.2213121,3.0064999882597476
3,388,completed,89771.2183755,89771.2200591,89771.2218517,3.4761999995680526
1,388,completed,89771.218403,89771.2200942,89771.2223958,3.9927999896463007
2,389,completed,89771.2460567,89771.2478021,89771.2485358,2.4791000032564625
3,389,completed,89771.2461391,89771.2478277,89771.2491637,3.024600009666756
1,389,completed,89771.2461001,89771.2477951,89771.2497354,3.6352999886730686
0,389,completed,89771.2460629,89771.2477488,89771.2502427,4.179800002020784
1,390,completed,89771.280746,89771.2825108,89771.283237,2.490999992005527
2,390,completed,89771.2808051,89771.2825271,89771.2837899,2.9847999976482242
0,390,completed,89771.280805,89771.282546,89771.2842845,3.4794999955920503
3,390,completed,89771.280746,89771.2825115,89771.2847657,4.019699990749359
2,391,completed,89771.3155106,89771.3171365,89771.3178856,2.374999996391125
1,391,completed,89771.3154933,89771.3170617,89771.3184897,2.996399998664856
0,391,completed,89771.3155155,89771.3172494,89771.3190374,3.521899998304434
3,391,completed,89771.3157597,89771.3172578,89771.3195786,3.8189000042621046
0,392,completed,89771.350423,89771.3521844,89771.3529651,2.5421000027563423
1,392,completed,89771.3503892,89771.3522359,89771.353518,3.1288000027416274
3,392,completed,89771.3503712,89771.3522314,89771.3541023,3.7311000050976872
2,392,completed,89771.3504259,89771.3522368,89771.3547592,4.3332999921403825
2,393,completed,89771.3849618,89771.3864868,89771.3874036,2.4418000102741644
1,393,completed,89771.3849734,89771.3866305,89771.3880505,3.0771000019740313
3,393,completed,89771.3852957,89771.3868317,89771.3886376,3.341899995575659
0,393,completed,89771.3852512,89771.3868887,89771.3892249,3.973700004280545
3,394,completed,89771.4127012,89771.4136636,89771.4145511,1.8498999997973442
0,394,completed,89771.4127396,89771.4138968,89771.4151226,2.382999999099411
2,394,completed,89771.4195648,89771.4205109,89771.4212209,1.6560999938519672
1,394,completed,89771.4195633,89771.4205198,89771.4217696,2.2062999923946336
2,395,completed,89771.4613651,89771.462984,89771.4637497,2.3845999967306852
3,395,completed,89771.4613393,89771.4629824,89771.4642836,2.9442999948514625
0,395,completed,89771.4614108,89771.4630972,89771.4647958,3.385000003618188
1,395,completed,89771.461343,89771.4630972,89771.465298,3.954999992856756
2,396,completed,89771.4822103,89771.4833728,89771.4845844,2.374099989538081
0,396,completed,89771.4825489,89771.4839464,89771.4852216,2.6726999931270257
1,396,completed,89771.4825177,89771.4841173,89771.4857406,3.222899991669692
3,396,completed,89771.4826012,89771.484119,89771.4862969,3.695699997479096
2,397,completed,89771.5168404,89771.5185549,89771.519341,2.5006000068970025
0,397,completed,89771.5168399,89771.5185341,89771.519972,3.132099998765625
3,397,completed,89771.5168714,89771.5186471,89771.5205724,3.7009999941801652
1,397,completed,89771.5169106,89771.5186773,89771.5211418,4.231200000504032
2,398,completed,89771.5515972,89771.5532769,89771.554048,2.4508000060450286
0,398,completed,89771.55163,89771.553307,89771.5547033,3.073300002142787
3,398,completed,89771.5516116,89771.5532799,89771.5552858,3.674199993838556
1,398,completed,89771.5516701,89771.5533786,89771.5558524,4.182299991953187
2,399,completed,89771.5864315,89771.5879029,89771.5888723,2.440799988107756
1,399,completed,89771.5866898,89771.5882887,89771.5894716,2.7818000089609995
3,399,completed,89771.5867413,89771.5883338,89771.5900312,3.28990000707563
0,399,completed,89771.5867909,89771.5883539,89771.5905938,3.8029000133974478
1,400,completed,89771.6141393,89771.6157647,89771.6167272,2.587900002254173
3,400,completed,89771.6141391,89771.6159844,89771.6173169,3.1777999975020066
2,400,completed,89771.614139,89771.615966,89771.617877,3.7379999994300306
0,400,completed,89771.6144236,89771.6160028,89771.6185436,4.119999997783452
1,401,completed,89771.6487909,89771.6500491,89771.6512006,2.409699998679571
2,401,completed,89771.6491229,89771.6507159,89771.6517926,2.669699999387376
3,401,completed,89771.6491658,89771.6507303,89771.6523527,3.18689999403432
0,401,completed,89771.649067,89771.6505995,89771.6530717,4.00469999294728
2,402,completed,89771.6835606,89771.6850731,89771.6858361,2.275500010000542
0,402,completed,89771.6836062,89771.6851111,89771.686609,3.002800003741868
1,402,completed,89771.6835605,89771.6851036,89771.6871473,3.5868000122718513
3,402,completed,89771.6839124,89771.6854198,89771.687688,3.775600009248592
2,403,completed,89771.7251235,89771.7266564,89771.7274871,2.363599996897392
3,403,completed,89771.7252017,89771.7267621,89771.7280469,2.8451999969547614
1,403,completed,89771.7251363,89771.7268526,89771.7285997,3.463400003965944
0,403,completed,89771.7251238,89771.7268257,89771.7291121,3.988299999036826
2,404,completed,89771.7528774,89771.7545564,89771.7552211,2.3437000054400414
3,404,completed,89771.7528775,89771.7545882,89771.7557725,2.8949999978067353
0,404,completed,89771.7529295,89771.7546045,89771.7562468,3.31729999743402
1,404,completed,89771.7529293,89771.7545705,89771.7568168,3.8875000027474016
0,405,completed,89771.7876365,89771.7891084,89771.7898979,2.261400004499592
2,405,completed,89771.7877007,89771.7892082,89771.790467,2.766299992799759
1,405,completed,89771.7876481,89771.7892835,89771.7910011,3.3530000073369592
3,405,completed,89771.7876228,89771.7892772,89771.7915712,3.9484000008087605
1,406,completed,89771.8154833,89771.8169501,89771.8179248,2.441499993437901
0,406,completed,89771.8154976,89771.8170617,89771.8185826,3.085000003920868
2,406,completed,89771.8158057,89771.8172853,89771.8192003,3.3946000039577484
3,406,completed,89771.8157257,89771.8172554,89771.8197353,4.0096000011544675
0,407,completed,89771.8528276,89771.8541423,89771.8548452,2.0175999961793423
3,407,completed,89771.8528749,89771.8542333,89771.8554543,2.5794000102905557
2,407,completed,89771.8528024,89771.8542215,89771.8560059,3.2035000040195882
1,407,completed,89771.8528911,89771.8543213,89771.8565582,3.667099997983314
1,408,completed,89771.8794906,89771.8799802,89771.8808102,1.3196000072639436
0,408,completed,89771.8849207,89771.8860447,89771.8867976,1.876900001661852
2,408,completed,89771.8848748,89771.8861417,89771.8873759,2.501099996152334
3,408,completed,89771.884875,89771.8861839,89771.8879349,3.0599000019719824
3,409,completed,89771.9195787,89771.9212714,89771.9220778,2.4990999954752624
0,409,completed,89771.9196473,89771.921332,89771.9227036,3.0562999891117215
1,409,completed,89771.9195987,89771.9214422,89771.923284,3.6853000055998564
2,409,completed,89771.9195798,89771.921439,89771.9238137,4.233900006511249
0,410,completed,89771.9474518,89771.949069,89771.9499541,2.5022999907378107
2,410,completed,89771.9474899,89771.9492166,89771.950606,3.116099993349053
3,410,completed,89771.9475299,89771.949232,89771.9511466,3.616699992562644
1,410,completed,89771.9474441,89771.949186,89771.9516587,4.214599990518764
2,411,completed,89771.9820789,89771.9836922,89771.9844396,2.3607000039191917
3,411,completed,89771.9820875,89771.9836737,89771.9850487,2.9611999925691634
0,411,completed,89771.9821274,89771.9837552,89771.985585,3.457600003457628
1,411,completed,89771.9821594,89771.9837396,89771.9861296,3.9702000067336485
2,412,completed,89772.0168637,89772.0182534,89772.0190335,2.169799990952015
0,412,completed,89772.0169332,89772.0184154,89772.0196904,2.7572000108193606
3,412,completed,89772.0168945,89772.0184548,89772.0202086,3.3141000021714717
1,412,completed,89772.0168787,89772.0184775,89772.0207797,3.9010000036796555
3,413,completed,89772.0516237,89772.0532528,89772.0540051,2.381400001468137
2,413,completed,89772.0515868,89772.0532204,89772.0545944,3.0076000111876056
0,413,completed,89772.0515791,89772.0532223,89772.0551461,3.5669999924721196
1,413,completed,89772.0516932,89772.0532965,89772.0556939,4.000699991593137
2,414,completed,89772.0862855,89772.0878291,89772.0886057,2.32020000112243
3,414,completed,89772.0863214,89772.0879014,89772.0891809,2.85950000397861
0,414,completed,89772.0863348,89772.0879859,89772.0896825,3.347699996083975
1,414,completed,89772.0862521,89772.088027,89772.0901451,3.8930000009713694
0,415,completed,89772.1140092,89772.1155321,89772.1162907,2.281499997479841
3,415,completed,89772.1140098,89772.1156819,89772.1168944,2.8845999913755804
2,415,completed,89772.1140438,89772.1157091,89772.1174342,3.3904000010807067
1,415,completed,89772.1141129,89772.115689,89772.11793,3.8170999905560166
3,416,completed,89772.1488247,89772.1502789,89772.1511378,2.313100005267188
0,416,completed,89772.1488122,89772.1502946,89772.1518072,2.9950000025564805
1,416,completed,89772.1489227,89772.1504278,89772.152374,3.4512999991420656
2,416,completed,89772.1488924,89772.1504207,89772.1528849,3.992500001913868
0,417,completed,89772.1834789,89772.1849271,89772.1856984,2.2195000055944547
2,417,completed,89772.1835132,89772.1849537,89772.1862541,2.7409000031184405
3,417,completed,89772.183458,89772.1848717,89772.1867374,3.279399999883026
1,417,completed,89772.1839739,89772.1851267,89772.1872523,3.2784000068204477
0,418,completed,89772.2181682,89772.2196589,89772.220492,2.3237999994307756
2,418,completed,89772.2181694,89772.2197962,89772.2210643,2.894899997045286
1,418,completed,89772.2182739,89772.2197996,89772.2216019,3.328000006149523
3,418,completed,89772.2182105,89772.2198813,89772.2220929,3.882400007569231
3,419,completed,89772.2529811,89772.2544372,89772.2553602,2.3790999985067174
0,419,completed,89772.2529908,89772.2544948,89772.2559379,2.9471000016201288
2,419,completed,89772.2530407,89772.2546204,89772.256503,3.4622999955900013
1,419,completed,89772.2533451,89772.2548242,89772.2570408,3.695699997479096
0,420,completed,89772.2807472,89772.282112,89772.2830414,2.2942000068724155
1,420,completed,89772.2806894,89772.2822148,89772.2835912,2.9018000059295446
2,420,completed,89772.2807905,89772.2824302,89772.2841243,3.333800006657839
3,420,completed,89772.2811333,89772.2824454,89772.2846914,3.5580999974627048
1,421,completed,89772.3155509,89772.3173902,89772.3184187,2.867799994419329
3,421,completed,89772.3155277,89772.3174585,89772.3190076,3.4798999986378476
0,421,completed,89772.3156319,89772.3176236,89772.3196866,4.054700009874068
2,421,completed,89772.3155411,89772.3175885,89772.3203112,4.7701000003144145
2,422,completed,89772.3501986,89772.3516249,89772.3524058,2.2071999992476776
3,422,completed,89772.3501996,89772.3515943,89772.3530144,2.8147999983048066
0,422,completed,89772.3502662,89772.3517449,89772.3536257,3.3594999986235052
1,422,completed,89772.3503123,89772.3517722,89772.3542315,3.9191999967442825
2,423,completed,89772.3849524,89772.3867149,89772.3876858,2.733400004217401
1,423,completed,89772.3849292,89772.3866768,89772.3883874,3.458200008026324
3,423,completed,89772.3850018,89772.3867534,89772.3892027,4.200900002615526
0,423,completed,89772.385266,89772.3868646,89772.3898023,4.536299995379522
0,424,completed,89772.4138525,89772.4151456,89772.4160414,2.1889000054216012
3,424,completed,89772.4138327,89772.4152594,89772.4167153,2.882600005250424
2,424,completed,89772.4139428,89772.4154167,89772.4173268,3.383999996003695
1,424,completed,89772.4139093,89772.4154758,89772.4178278,3.9185000059660524
2,425,completed,89772.4473779,89772.4487167,89772.4495253,2.1474000095622614
3,425,completed,89772.4473846,89772.4488809,89772.4501509,2.766299992799759
0,425,completed,89772.4474666,89772.4489805,89772.4507159,3.249300003517419
1,425,completed,89772.4474878,89772.4489591,89772.4512413,3.753500001039356
2,426,completed,89772.4820876,89772.4835164,89772.4842895,2.2019000025466084
1,426,completed,89772.4821037,89772.4835175,89772.4849253,2.821600006427616
0,426,completed,89772.4821727,89772.4836448,89772.4854696,3.296900002169423
3,426,completed,89772.4821868,89772.4836578,89772.4859888,3.8020000065444037
1,427,completed,89772.5167369,89772.5181199,89772.5189477,2.2107999975560233
0,427,completed,89772.5168692,89772.5183466,89772.519543,2.6738000015029684
2,427,completed,89772.5167851,89772.5183054,89772.5200922,3.307099992525764
3,427,completed,89772.5168147,89772.5183684,89772.5206336,3.8189000042621046
1,428,completed,89772.551461,89772.5527519,89772.5535872,2.1262000082060695
0,428,completed,89772.5514672,89772.5528829,89772.5541812,2.714000002015382
3,428,completed,89772.5515042,89772.5529082,89772.5547486,3.244399995310232
2,428,completed,89772.5520194,89772.5531035,89772.5552935,3.2741000031819567
3,429,completed,89772.5863806,89772.5878528,89772.5889838,2.6032000023406
0,429,completed,89772.5866996,89772.5883295,89772.5896287,2.9291000100784004
1,429,completed,89772.5866372,89772.5883658,89772.5901698,3.532599992468022
2,429,completed,89772.5866165,89772.5883743,89772.590703,4.086499990080483
3,430,completed,89772.6139592,89772.6144484,89772.6151582,1.1990000057267025
2,430,completed,89772.6152674,89772.6162713,89772.6168818,1.6143999964697286
1,430,completed,89772.615246,89772.6162534,89772.6174442,2.1982000034768134
0,430,completed,89772.6152986,89772.6162426,89772.6179393,2.640700011397712
1,431,completed,89772.6488259,89772.6504596,89772.6512813,2.4553999974159524
0,431,completed,89772.6489016,89772.6505589,89772.6520287,3.127100004348904
2,431,completed,89772.6488389,89772.6506746,89772.6526271,3.788200003327802
3,431,completed,89772.6488342,89772.650669,89772.6532156,4.381400009151548
3,432,completed,89772.683482,89772.6849522,89772.685704,2.222000010078773
2,432,completed,89772.6834583,89772.6849183,89772.686353,2.8946999955223873
0,432,completed,89772.6834898,89772.6850982,89772.6869112,3.4214000042993575
1,432,completed,89772.6835128,89772.6850978,89772.6874202,3.9074000087566674
2,433,completed,89772.7183811,89772.7199034,89772.7206459,2.264800001285039
1,433,completed,89772.7183902,89772.7200219,89772.7212425,2.8523000073619187
3,433,completed,89772.7184482,89772.7200549,89772.7217864,3.338199996505864
0,433,completed,89772.7185329,89772.7200524,89772.7224086,3.875700000207871
3,434,completed,89772.7529688,89772.7543606,89772.7551985,2.2296999959507957
0,434,completed,89772.7529448,89772.7543333,89772.7558945,2.9497000068658963
2,434,completed,89772.7533365,89772.754658,89772.7564999,3.163400004268624
1,434,completed,89772.7533012,89772.7546511,89772.7571117,3.8104999985080212
0,435,completed,89772.7807218,89772.7812965,89772.783196,2.4742000096011907
3,435,completed,89772.7817757,89772.7829713,89772.7837862,2.0105000003241003
1,435,completed,89772.7818297,89772.7831175,89772.7843651,2.5353999953949824
2,435,completed,89772.7818372,89772.7831097,89772.7849265,3.089299993007444
1,436,completed,89772.8154991,89772.8170559,89772.8177314,2.2323000011965632
0,436,completed,89772.8154873,89772.8170301,89772.8185152,3.0278999911388382
3,436,completed,89772.8154591,89772.8169705,89772.8190535,3.5943999973824248
2,436,completed,89772.8154751,89772.8170267,89772.8195532,4.078099998878315
3,437,completed,89772.8570125,89772.8585405,89772.8594204,2.407899999525398
2,437,completed,89772.8570488,89772.85869,89772.8600224,2.97359999967739
1,437,completed,89772.8570878,89772.858655,89772.8605778,3.4900000027846545
0,437,completed,89772.8573772,89772.8588972,89772.8613742,3.9970000070752576
1,438,completed,89772.8849792,89772.8864644,89772.8874299,2.4507000052835792
2,438,completed,89772.884898,89772.8865824,89772.8889124,4.01439999404829
0,438,completed,89772.884898,89772.8865784,89772.8894794,4.581399989547208
3,438,completed,89772.8852772,89772.8867217,89772.8901024,4.825199997867458
2,439,completed,89772.9196057,89772.9210699,89772.9217682,2.1625000081257895
0,439,completed,89772.9196476,89772.9210304,89772.922452,2.8043999918736517
3,439,completed,89772.9196017,89772.9211098,89772.9230375,3.4357999975327402
1,439,completed,89772.9198446,89772.9211631,89772.9236142,3.7696000072173774
2,440,completed,89772.9474259,89772.9489401,89772.9498692,2.443300007143989
0,440,completed,89772.9475195,89772.9490798,89772.9505342,3.0147000070428476
3,440,completed,89772.9474253,89772.9491666,89772.9511312,3.7059000023873523
1,440,completed,89772.9474111,89772.9491808,89772.9517027,4.291599994758144
0,441,completed,89772.9820638,89772.9833872,89772.9842613,2.197499998146668
1,441,completed,89772.982118,89772.983509,89772.9848487,2.7306999982101843
3,441,completed,89772.9821001,89772.9834752,89772.9854379,3.337800008011982
2,441,completed,89772.9825127,89772.9838088,89772.9859706,3.457900005741976
3,442,completed,89773.0176635,89773.0191737,89773.0198568,2.1933000098215416
2,442,completed,89773.0176934,89773.0191683,89773.0203981,2.7046999894082546
0,442,completed,89773.017754,89773.0191619,89773.0209258,3.171799995470792
1,442,completed,89773.0177079,89773.0192504,89773.0214094,3.701499997987412
2,443,completed,89773.0515517,89773.0529772,89773.053823,2.271299992571585
0,443,completed,89773.0515685,89773.0530966,89773.0543643,2.795799999148585
1,443,completed,89773.0515745,89773.0530965,89773.0548348,3.260299999965355
3,443,completed,89773.0518891,89773.0533263,89773.0553285,3.439400010393001
0,444,completed,89773.0813716,89773.0820471,89773.082622,1.2504000042099506
2,444,completed,89773.0813717,89773.0820458,89773.0831313,1.7595999961486086
3,444,completed,89773.0862222,89773.0870546,89773.0878884,1.666199997998774
1,444,completed,89773.0861997,89773.0872491,89773.088543,2.343300002394244
1,445,completed,89773.1140753,89773.1155257,89773.1163036,2.22829999984242
0,445,completed,89773.1140339,89773.1154568,89773.1168545,2.8205999988131225
2,445,completed,89773.1140162,89773.1156533,89773.1173849,3.3687000104691833
3,445,completed,89773.1140434,89773.1156384,89773.1179133,3.8698999996995553
2,446,completed,89773.1487835,89773.1503837,89773.1512348,2.45129999530036
1,446,completed,89773.1488142,89773.1504254,89773.1518694,3.055199995287694
0,446,completed,89773.1487698,89773.1503687,89773.1524942,3.7243999977363274
3,446,completed,89773.1488505,89773.1504413,89773.1530909,4.240399997797795
2,447,completed,89773.1834983,89773.185033,89773.1858033,2.3050000017974526
0,447,completed,89773.1835177,89773.1850387,89773.1864781,2.960400001029484
3,447,completed,89773.1835545,89773.1851785,89773.1870643,3.5097999934805557
1,447,completed,89773.1835667,89773.1852169,89773.1876104,4.043699998874217
0,448,completed,89773.2182055,89773.2196482,89773.220466,2.260499997646548
1,448,completed,89773.2181873,89773.2196708,89773.2210061,2.8187999996589497
3,448,completed,89773.2181492,89773.2197796,89773.221553,3.4038000012515113
2,448,completed,89773.2181487,89773.2197971,89773.2220662,3.917499998351559
2,449,completed,89773.2485209,89773.2498813,89773.2504897,1.9688000029418617
0,449,completed,89773.2485619,89773.2499164,89773.2510258,2.46389998937957
1,449,completed,89773.2485964,89773.249971,89773.2515415,2.9451000009430572
3,449,completed,89773.2485126,89773.249876,89773.2520319,3.519300007610582
1,450,completed,89773.2808017,89773.2826458,89773.2835522,2.7504999889060855
2,450,completed,89773.2808678,89773.2827336,89773.2842961,3.428299998631701
3,450,completed,89773.2808059,89773.282646,89773.2849284,4.1225000022677705
0,450,completed,89773.2808938,89773.282749,89773.2855368,4.6430000074906275
3,451,completed,89773.3155544,89773.3171247,89773.3179839,2.429499989375472
1,451,completed,89773.3156548,89773.3172586,89773.3186349,2.980100005515851
2,451,completed,89773.3155551,89773.3172788,89773.3191424,3.5873000015271828
0,451,completed,89773.3156002,89773.3172821,89773.3196449,4.044699991936795
0,452,completed,89773.3502177,89773.3514948,89773.3525317,2.3139999975683168
1,452,completed,89773.3504482,89773.3519503,89773.353246,2.7977999998256564
3,452,completed,89773.3505047,89773.3520525,89773.3539332,3.4284999856026843
2,452,completed,89773.3504822,89773.3521692,89773.354832,4.349800001364201
2,453,completed,89773.3849533,89773.3864896,89773.3872234,2.270099997986108
1,453,completed,89773.3849081,89773.3864945,89773.387865,2.9569000034825876
3,453,completed,89773.3849726,89773.3864772,89773.3899661,4.993499998818152
0,453,completed,89773.3848948,89773.386531,89773.3908353,5.940500006545335
3,454,completed,89773.4176897,89773.419124,89773.4201623,2.4725999974180013
2,454,completed,89773.4176681,89773.4191637,89773.421097,3.428900003200397
1,454,completed,89773.4176606,89773.4192698,89773.4220107,4.350100003648549
0,454,completed,89773.4177327,89773.4194219,89773.422805,5.07229998765979
3,455,completed,89773.4476105,89773.4493024,89773.4501885,2.577999999630265
1,455,completed,89773.447546,89773.4492614,89773.4509942,3.4482000046409667
2,455,completed,89773.4475436,89773.4492725,89773.4516643,4.120699988561682
0,455,completed,89773.447634,89773.4493428,89773.4524494,4.815400010556914
3,456,completed,89773.4821402,89773.4838024,89773.4848187,2.6785000081872568
1,456,completed,89773.4821462,89773.4838911,89773.4855169,3.3706999965943396
2,456,completed,89773.4821761,89773.4839216,89773.4862297,4.0536000014981255
0,456,completed,89773.4827556,89773.4841866,89773.4868483,4.092700008186512
0,457,completed,89773.5169023,89773.5184238,89773.5193222,2.419899989035912
3,457,completed,89773.5168779,89773.5184254,89773.5200651,3.1872000108705834
2,457,completed,89773.5168654,89773.51845,89773.5206411,3.775699995458126
1,457,completed,89773.5171304,89773.518652,89773.5212153,4.084900007001124
3,458,completed,89773.5515386,89773.5530662,89773.5540709,2.5323000008938834
2,458,completed,89773.5515558,89773.5532595,89773.5547678,3.2119999959832057
0,458,completed,89773.5515562,89773.5532954,89773.5554372,3.8810000114608556
1,458,completed,89773.5515806,89773.5532497,89773.5560125,4.431900000781752
3,459,completed,89773.5819159,89773.5832799,89773.5839016,1.9857000006595626
0,459,completed,89773.5818842,89773.5833458,89773.5845244,2.64019999303855
2,459,completed,89773.5819411,89773.5833306,89773.5850789,3.1377999985124916
1,459,completed,89773.5818842,89773.5833412,89773.5855449,3.660699992906302
2,460,completed,89773.6139923,89773.6154361,89773.6162833,2.290999997057952
1,460,completed,89773.6139843,89773.6154378,89773.6169738,2.9895000043325126
0,460,completed,89773.6140972,89773.6155238,89773.6175475,3.4503000060794875
3,460,completed,89773.6140319,89773.6155048,89773.6181236,4.091700000572018
1,461,completed,89773.6488476,89773.6503471,89773.6511459,2.298300008988008
0,461,completed,89773.6487789,89773.6502553,89773.6518586,3.079700007219799
3,461,completed,89773.6488059,89773.6503603,89773.6524717,3.665800002636388
2,461,completed,89773.6489668,89773.6504925,89773.653055,4.088200003025122
0,462,completed,89773.6835112,89773.6850553,89773.6859956,2.4843999999575317
3,462,completed,89773.6835427,89773.685084,89773.6866788,3.136100000119768
1,462,completed,89773.6835686,89773.6851648,89773.6872965,3.7278999952832237
2,462,completed,89773.6838642,89773.6853078,89773.6878713,4.0071000112220645
2,463,completed,89773.718211,89773.7197091,89773.7205847,2.373700001044199
3,463,completed,89773.7182967,89773.719845,89773.7212457,2.949000001535751
0,463,completed,89773.7182392,89773.7198394,89773.7218197,3.5805000079562888
1,463,completed,89773.7182621,89773.7198176,89773.7224094,4.147300001932308
3,464,completed,89773.7484069,89773.749838,89773.7504648,2.0578999974532053
2,464,completed,89773.7484123,89773.7498346,89773.7510524,2.6400999922771007
1,464,completed,89773.7484772,89773.749848,89773.751617,3.139799999189563
0,464,completed,89773.7484133,89773.7497901,89773.7522226,3.8093000039225444
3,465,completed,89773.7807347,89773.782243,89773.7830454,2.310700001544319
2,465,completed,89773.7807845,89773.7822467,89773.7836794,2.894899997045286
0,465,completed,89773.7808396,89773.782357,89773.7842471,3.4075000003213063
1,465,completed,89773.7807349,89773.7823348,89773.7847669,4.031999997096136
3,466,completed,89773.8153771,89773.8169164,89773.8176396,2.2624999983236194
1,466,completed,89773.8154174,89773.8168641,89773.8182733,2.8559000056702644
2,466,completed,89773.8154661,89773.8169476,89773.8188202,3.3541000011609867
0,466,completed,89773.8154906,89773.8169772,89773.8193393,3.8486999983433634
0,467,completed,89773.850199,89773.8516467,89773.8524439,2.2449000098276883
1,467,completed,89773.8503315,89773.8518113,89773.8531337,2.802200004225597
2,467,completed,89773.850241,89773.8518293,89773.8537421,3.5010999999940395
3,467,completed,89773.8502461,89773.8518069,89773.8543439,4.097800003364682
0,468,completed,89773.8848559,89773.8861061,89773.8870428,2.1868999901926145
1,468,completed,89773.8848428,89773.8861047,89773.8877017,2.858899999409914
3,468,completed,89773.8849375,89773.8862388,89773.8882285,3.2910000008996576
2,468,completed,89773.8853823,89773.8865524,89773.8894686,4.0863000031095
3,469,completed,89773.9151643,89773.9165124,89773.9171036,1.939300011144951
0,469,completed,89773.9150906,89773.9165089,89773.9176703,2.5796999980229884
1,469,completed,89773.9150904,89773.9165163,89773.918235,3.144600006635301
2,469,completed,89773.9151531,89773.916508,89773.9187567,3.603600009228103
2,470,completed,89773.9482985,89773.9495993,89773.9503305,2.031999989412725
1,470,completed,89773.9483393,89773.9496992,89773.9509658,2.6265000051353127
0,470,completed,89773.9483307,89773.9496973,89773.9516393,3.3085999893955886
3,470,completed,89773.948366,89773.9497966,89773.9521537,3.787699999520555
2,471,completed,89773.9820655,89773.9835246,89773.984357,2.2915000008651987
3,471,completed,89773.9821588,89773.983669,89773.9850056,2.8467999945860356
1,471,completed,89773.9820442,89773.9836639,89773.9856234,3.5791999980574474
0,471,completed,89773.9820916,89773.9836997,89773.9863051,4.213499996694736
3,472,completed,89774.0168446,89774.0183005,89774.0191215,2.276899991557002
1,472,completed,89774.016843,89774.0182916,89774.0197104,2.8673999913735315
0,472,completed,89774.0167913,89774.0182017,89774.0204202,3.628899998147972
2,472,completed,89774.0171868,89774.0185199,89774.0209347,3.747900002053939
0,473,completed,89774.0527664,89774.0542795,89774.0550634,2.2969999990891665
1,473,completed,89774.0528327,89774.0542488,89774.0556664,2.833699996699579
3,473,completed,89774.0527568,89774.0542742,89774.0561972,3.4404000034555793
2,473,completed,89774.0527355,89774.0542193,89774.0567211,3.9856000075815246
1,474,completed,89774.086282,89774.0874643,89774.088534,2.251999991131015
3,474,completed,89774.0863137,89774.0876462,89774.0892038,2.8901000041514635
2,474,completed,89774.0867807,89774.0880435,89774.0897836,3.002899989951402
0,474,completed,89774.0868115,89774.0880201,89774.0905365,3.7250000023050234
2,475,completed,89774.114147,89774.1153297,89774.1160689,1.9218999950680882
3,475,completed,89774.1140497,89774.1153651,89774.1167448,2.6951000036206096
0,475,completed,89774.1140493,89774.1153527,89774.1175042,3.4548999974504113
1,475,completed,89774.120958,89774.1215154,89774.1224129,1.4549000043189153
2,476,completed,89774.1487465,89774.1504002,89774.1511798,2.4333000037586316
3,476,completed,89774.1487684,89774.1503786,89774.1518318,3.0633999995188788
0,476,completed,89774.1487483,89774.1504492,89774.1525186,3.770300012547523
1,476,completed,89774.1488511,89774.15052,89774.1530895,4.238399997120723
1,477,completed,89774.1835016,89774.1850164,89774.1861859,2.6843000086955726
3,477,completed,89774.1834951,89774.1852268,89774.1868978,3.4026999928755686
0,477,completed,89774.1835962,89774.1853103,89774.1876098,4.0136000025086105
2,477,completed,89774.1835333,89774.1853044,89774.1881964,4.663100000470877
2,478,completed,89774.2181962,89774.2196613,89774.2204831,2.2868999949423596
3,478,completed,89774.2181387,89774.2196559,89774.2210872,2.9484999977285042
1,478,completed,89774.2181655,89774.2197507,89774.2216475,3.4820000000763685
0,478,completed,89774.2182009,89774.2198198,89774.2221808,3.979900007834658
3,479,completed,89774.2528537,89774.2543034,89774.2550233,2.1695999894291162
2,479,completed,89774.2529436,89774.2543874,89774.2556058,2.6622000004863366
0,479,completed,89774.2529226,89774.2543853,89774.2561777,3.2550999894738197
1,479,completed,89774.2528556,89774.2543259,89774.2567101,3.8544999988516793
0,480,completed,89774.2806516,89774.2817648,89774.2826749,2.023299995926209
1,480,completed,89774.2806257,89774.2818347,89774.283427,2.8012999973725528
3,480,completed,89774.2806261,89774.281936,89774.2840331,3.407000011065975
2,480,completed,89774.2823297,89774.2828453,89774.2846143,2.2846000065328553
2,481,completed,89774.3153853,89774.3167965,89774.3176135,2.228199999080971
0,481,completed,89774.3154343,89774.3168962,89774.3182335,2.799199995934032
3,481,completed,89774.3155007,89774.3169656,89774.31872,3.2192999933613464
1,481,completed,89774.3154599,89774.3169775,89774.3192071,3.7471999967237934
3,482,completed,89774.3501035,89774.3515366,89774.3523252,2.221700007794425
0,482,completed,89774.3501404,89774.3516092,89774.3529914,2.8509999974630773
2,482,completed,89774.3500611,89774.3514953,89774.353674,3.6128999927314
1,482,completed,89774.3501276,89774.3516238,89774.354285,4.1573999915272
1,483,completed,89774.3834902,89774.3847531,89774.3857079,2.217700006440282
2,483,completed,89774.3835091,89774.3849755,89774.3863518,2.8427000070223585
3,483,completed,89774.383569,89774.384986,89774.3869447,3.375700005562976
0,483,completed,89774.3835284,89774.3849839,89774.3874983,3.9699000044493005
1,484,completed,89774.4134885,89774.4139311,89774.4147282,1.2397000100463629
3,484,completed,89774.4195163,89774.4205708,89774.4213743,1.8580000032670796
2,484,completed,89774.4195432,89774.4206061,89774.4219828,2.439600008074194
0,484,completed,89774.4195478,89774.4206497,89774.4225194,2.9715999990003183
0,485,completed,89774.4482297,89774.449636,89774.4502478,2.018099999986589
2,485,completed,89774.448268,89774.4495954,89774.4507821,2.5141000078292564
3,485,completed,89774.4483657,89774.4496623,89774.4513002,2.934500007540919
1,485,completed,89774.4482054,89774.4496157,89774.4518876,3.682199996546842
3,486,completed,89774.4820036,89774.4835595,89774.4842356,2.2319999989122152
2,486,completed,89774.4819892,89774.4835396,89774.4848467,2.8575000033015385
1,486,completed,89774.4819793,89774.4835728,89774.4854054,3.4260999964317307
0,486,completed,89774.482058,89774.4834348,89774.4859495,3.8915000041015446
0,487,completed,89774.5167393,89774.5180429,89774.5189443,2.2049999970477074
1,487,completed,89774.5168013,89774.5182691,89774.519591,2.7897000109078363
2,487,completed,89774.5167242,89774.5183614,89774.5201276,3.403399998205714
3,487,completed,89774.5171824,89774.5183964,89774.5206788,3.4964000078616664
3,488,completed,89774.5515968,89774.5529174,89774.553784,2.1872000070288777
0,488,completed,89774.551687,89774.553104,89774.5544111,2.724100006162189
2,488,completed,89774.5516319,89774.5531308,89774.5550241,3.3922000002348796
1,488,completed,89774.5516558,89774.5531422,89774.5555505,3.894699999364093
1,489,completed,89774.5819367,89774.5831367,89774.5838073,1.8706000118982047
3,489,completed,89774.5820047,89774.5831967,89774.5843357,2.330999996047467
2,489,completed,89774.5819465,89774.5832651,89774.5848443,2.8978000045754015
0,489,completed,89774.5819808,89774.5832703,89774.5853708,3.3900000125868246
0,490,completed,89774.6151499,89774.6164898,89774.6170596,1.9097000040346757
3,490,completed,89774.6151194,89774.616428,89774.6176472,2.5277999957324937
2,490,completed,89774.6150887,89774.6165116,89774.6181939,3.1051999976625666
1,490,completed,89774.615125,89774.6165855,89774.6188163,3.691300007631071
2,491,completed,89774.6488016,89774.6502613,89774.6509865,2.184900004067458
3,491,completed,89774.6488023,89774.6503242,89774.6515659,2.7636000013444573
0,491,completed,89774.6488676,89774.6503908,89774.6520897,3.2221000001300126
1,491,completed,89774.6488951,89774.6504136,89774.6526248,3.7296999944373965
3,492,completed,89774.6835297,89774.685347,89774.6862706,2.7408999885665253
1,492,completed,89774.6834937,89774.685241,89774.6870223,3.528600005665794
0,492,completed,89774.6836006,89774.685332,89774.6876699,4.06930000463035
2,492,completed,89774.6835521,89774.6852843,89774.6882809,4.728799991426058
2,493,completed,89774.7181881,89774.7197697,89774.7206887,2.5006000068970025
3,493,completed,89774.7182232,89774.7198117,89774.7214826,3.2593999931123108
1,493,completed,89774.7181888,89774.7197668,89774.7221914,4.00259999150876
0,493,completed,89774.7182647,89774.7198305,89774.7229043,4.639599996153265
3,494,completed,89774.7469979,89774.748496,89774.7491642,2.1662999934051186
1,494,completed,89774.7470747,89774.7485068,89774.7498045,2.7297999913571402
0,494,completed,89774.7469877,89774.7484906,89774.7503782,3.390500001842156
2,494,completed,89774.7469772,89774.7484685,89774.7509514,3.9741999935358763
1,495,completed,89774.7806979,89774.7818931,89774.782939,2.2410999954445288
2,495,completed,89774.7807156,89774.78207,89774.7836563,2.940699996543117
0,495,completed,89774.780994,89774.7824165,89774.7842596,3.265599996666424
3,495,completed,89774.7810394,89774.7824921,89774.7848514,3.8120000099297613
1,496,completed,89774.815449,89774.8169029,89774.8177423,2.2933000000193715
0,496,completed,89774.8154392,89774.8169237,89774.8184022,2.9630000062752515
2,496,completed,89774.81557,89774.817028,89774.8190127,3.4426999918650836
3,496,completed,89774.8157116,89774.8171437,89774.8195786,3.867000006721355
3,497,completed,89774.8500693,89774.8515565,89774.8522381,2.168799997889437
1,497,completed,89774.8500808,89774.8515718,89774.8528287,2.747899998212233
0,497,completed,89774.8501135,89774.851601,89774.8534058,3.2922999962465838
2,497,completed,89774.8501476,89774.8516437,89774.8538986,3.751000011106953
0,498,completed,89774.8849006,89774.8860475,89774.8872123,2.3117000091588125
1,498,completed,89774.8850402,89774.8864168,89774.8879618,2.921600011177361
3,498,completed,89774.8849885,89774.886693,89774.8886751,3.6866000009467825
2,498,completed,89774.8849115,89774.8866902,89774.8893413,4.429799999343231
1,499,completed,89774.9135647,89774.9143659,89774.9150867,1.5220000059343874
0,499,completed,89774.9135742,89774.9143888,89774.9157254,2.1511999948415905
3,499,completed,89774.919593,89774.9204296,89774.921163,1.5700000076321885
2,499,completed,89774.9195982,89774.9204794,89774.921762,2.1638000034727156
3,500,completed,89774.9473496,89774.9482221,89774.9493343,1.9847000075969845
2,500,completed,89774.9473848,89774.9482901,89774.9502497,2.8649000014411286
1,500,completed,89774.9488905,89774.9497621,89774.9507686,1.8780999962473288
0,500,completed,89774.9489121,89774.949848,89774.9513032,2.3911000025691465
1,501,completed,89774.9821604,89774.9837513,89774.9844243,2.263899994431995
3,501,completed,89774.9821165,89774.983515,89774.985063,2.9464999970514327
0,501,completed,89774.9821894,89774.9837397,89774.9856206,3.431199991609901
2,501,completed,89774.9821501,89774.9837284,89774.986186,4.03589999768883
1,502,completed,89775.0168468,89775.0182605,89775.0191216,2.274799990118481
0,502,completed,89775.0168434,89775.018282,89775.0198388,2.995400005602278
2,502,completed,89775.0169147,89775.0183985,89775.020459,3.544300008798018
3,502,completed,89775.0169262,89775.0184817,89775.0210484,4.1221999999834225
1,503,completed,89775.0514922,89775.0528381,89775.0538588,2.366600005188957
0,503,completed,89775.0515489,89775.0529797,89775.0545172,2.9683000029763207
3,503,completed,89775.0515094,89775.0530257,89775.0550988,3.5894000029657036
2,503,completed,89775.0519187,89775.0533428,89775.0556468,3.7280999968061224
1,504,completed,89775.0862345,89775.0881029,89775.0890811,2.846599993063137
3,504,completed,89775.0862222,89775.0881671,89775.0898424,3.6202000046614558
0,504,completed,89775.0862217,89775.0881205,89775.0905463,4.324599998653866
2,504,completed,89775.0871914,89775.0884819,89775.0912419,4.050499992445111
3,505,completed,89775.1140635,89775.1150995,89775.1161205,2.0569999906001613
1,505,completed,89775.1139952,89775.1150321,89775.1168326,2.8374000103212893
0,505,completed,89775.1143074,89775.1152693,89775.1174983,3.190899995388463
2,505,completed,89775.1156227,89775.1162332,89775.118171,2.5482999917585403
3,506,completed,89775.1489161,89775.1503552,89775.1510344,2.1182999917073175
0,506,completed,89775.1488524,89775.1503193,89775.1516378,2.78539999271743
2,506,completed,89775.1488247,89775.1503799,89775.1521457,3.3210000110557303
1,506,completed,89775.1488506,89775.1504354,89775.1526418,3.7911999970674515
3,507,completed,89775.1835039,89775.1850243,89775.1859238,2.419900003587827
0,507,completed,89775.1835324,89775.1851655,89775.1866157,3.0833000055281445
1,507,completed,89775.1835616,89775.1851612,89775.1872094,3.6477999965427443
2,507,completed,89775.1836314,89775.1852071,89775.1877596,4.128200002014637
1,508,completed,89775.2182377,89775.2199302,89775.2207081,2.470399995218031
2,508,completed,89775.2182701,89775.2199561,89775.2213968,3.1267000013031065
3,508,completed,89775.2182689,89775.2199444,89775.2220539,3.7849999935133383
0,508,completed,89775.2183263,89775.2200067,89775.2225824,4.256100000930019
3,509,completed,89775.2486715,89775.2501264,89775.2508499,2.178399998228997
0,509,completed,89775.2486981,89775.250171,89775.2514603,2.762200005236082
1,509,completed,89775.2486815,89775.2502562,89775.2520518,3.3702999935485423
2,509,completed,89775.2487197,89775.2502869,89775.2527073,3.987599993706681
0,510,completed,89775.2876339,89775.2892646,89775.2904433,2.809399986290373
1,510,completed,89775.2876194,89775.2892498,89775.2911201,3.500699996948242
3,510,completed,89775.2876993,89775.2893411,89775.2917295,4.030199997941963
2,510,completed,89775.2876987,89775.289351,89775.2923319,4.633199991076253
3,511,completed,89775.315489,89775.3170246,89775.3180615,2.572500001406297
1,511,completed,89775.3154767,89775.3170005,89775.3186943,3.217600009520538
0,511,completed,89775.315515,89775.3170575,89775.319367,3.8520000089192763
2,511,completed,89775.3160602,89775.3175021,89775.3199059,3.8457000046037138
2,512,completed,89775.3501993,89775.3516201,89775.3525296,2.330300005269237
1,512,completed,89775.3502835,89775.3517506,89775.3533537,3.070200007641688
0,512,completed,89775.3502167,89775.351846,89775.3539298,3.7130999990040436
3,512,completed,89775.3502648,89775.3518459,89775.3545059,4.24110000312794
1,513,completed,89775.3833134,89775.3846828,89775.3856465,2.333099997485988
2,513,completed,89775.3833133,89775.3846837,89775.3862638,2.9504999984055758
3,513,completed,89775.3833724,89775.3847527,89775.3868184,3.4460000024409965
0,513,completed,89775.3834113,89775.3849976,89775.3873475,3.936199995223433
1,514,completed,89775.4130049,89775.4148674,89775.4160036,2.9987000016262755
2,514,completed,89775.4130096,89775.4148601,89775.4166997,3.690099998493679
0,514,completed,89775.4130323,89775.414918,89775.4174437,4.411400004755706
3,514,completed,89775.4133636,89775.4152712,89775.4181111,4.747500002849847
3,515,completed,89775.4545062,89775.4556027,89775.4572625,2.7563000039663166
1,515,completed,89775.4544533,89775.4560653,89775.4579076,3.4542999928817153
0,515,completed,89775.4553948,89775.4568049,89775.4586699,3.27510001079645
2,515,completed,89775.4557828,89775.457046,89775.4593093,3.526500004227273
2,516,completed,89775.4821285,89775.4839475,89775.4848368,2.7082999877166003
1,516,completed,89775.4821285,89775.4839541,89775.4855752,3.4466999932192266
3,516,completed,89775.4821285,89775.4839554,89775.4862141,4.0855999977793545
0,516,completed,89775.4824086,89775.4840959,89775.4868175,4.408900000271387
2,517,completed,89775.5168649,89775.5186122,89775.5194608,2.595900004962459
0,517,completed,89775.5168644,89775.5185836,89775.5202436,3.3792000031098723
1,517,completed,89775.5168993,89775.5186813,89775.5210434,4.14410000666976
3,517,completed,89775.5170421,89775.5187538,89775.5216818,4.63970001146663
3,518,completed,89775.5518203,89775.5538607,89775.5548733,3.053000007639639
2,518,completed,89775.5518334,89775.5538118,89775.5558106,3.977200001827441
0,518,completed,89775.5518249,89775.5538181,89775.5566457,4.820799993467517
1,518,completed,89775.5518813,89775.5538267,89775.5576732,5.791900010081008
2,519,completed,89775.5795366,89775.5814999,89775.5823273,2.7907000039704144
1,519,completed,89775.5794901,89775.5814142,89775.5832471,3.7569999985862523
3,519,completed,89775.5794678,89775.581451,89775.5838283,4.360500010079704
0,519,completed,89775.5795171,89775.5815557,89775.5843774,4.8602999886497855
3,520,completed,89775.621033,89775.6227437,89775.6235605,2.5274999934481457
2,520,completed,89775.6210179,89775.6227559,89775.6241286,3.1106999958865345
0,520,completed,89775.6210537,89775.6227552,89775.6246587,3.6050000053364784
1,520,completed,89775.6210214,89775.6228225,89775.6253602,4.338800004916266
2,521,completed,89775.6487852,89775.6502955,89775.6512413,2.4561000027460977
0,521,completed,89775.6488687,89775.6505839,89775.651957,3.0882999999448657
3,521,completed,89775.6489491,89775.6506061,89775.6526022,3.6531000077957287
1,521,completed,89775.648868,89775.650614,89775.6533756,4.507599995122291
2,522,completed,89775.6835025,89775.6852267,89775.685978,2.4754999903962016
3,522,completed,89775.6835827,89775.6852554,89775.6865865,3.003799996804446
1,522,completed,89775.6835092,89775.685166,89775.6872976,3.7884000048507005
0,522,completed,89775.6835452,89775.6852928,89775.6878527,4.307499999413267
3,523,completed,89775.725233,89775.7270603,89775.7281115,2.8784999885829166
2,523,completed,89775.7251951,89775.7272041,89775.72889,3.6948999913875014
0,523,completed,89775.7252034,89775.727279,89775.7294911,4.287700008717366
1,523,completed,89775.7251735,89775.7273635,89775.7301712,4.997700001695193
3,524,completed,89775.7529005,89775.754415,89775.7551985,2.29800000670366
2,524,completed,89775.7529626,89775.7545061,89775.7556996,2.737000002525747
1,524,completed,89775.7529451,89775.7546055,89775.756416,3.4709000028669834
0,524,completed,89775.7529004,89775.7546473,89775.7570461,4.145700004301034
3,525,completed,89775.7806202,89775.7820766,89775.7829699,2.3496999929193407
2,525,completed,89775.7806671,89775.7823557,89775.7835046,2.8374999965308234
1,525,completed,89775.7806496,89775.7823272,89775.7841694,3.5197999968659133
0,525,completed,89775.78062,89775.7823579,89775.7846625,4.042499989736825
0,526,completed,89775.8153917,89775.8169783,89775.8177148,2.3230999941006303
2,526,completed,89775.8153967,89775.8169905,89775.8183765,2.979800003231503
3,526,completed,89775.8154789,89775.8170356,89775.8189389,3.460000007180497
1,526,completed,89775.8154116,89775.8169743,89775.8195773,4.165700011071749
3,527,completed,89775.8500894,89775.8514591,89775.8523996,2.3101999977370724
1,527,completed,89775.8501159,89775.8516661,89775.8530889,2.972999995108694
2,527,completed,89775.8501477,89775.8517752,89775.8536134,3.4657000069273636
0,527,completed,89775.8501737,89775.8517659,89775.8541361,3.962399990996346
2,528,completed,89775.8848403,89775.8864597,89775.8872425,2.4021999997785315
0,528,completed,89775.8848583,89775.8864035,89775.8880472,3.1888999947113916
1,528,completed,89775.8848314,89775.886558,89775.8888578,4.026399998110719
3,528,completed,89775.8848952,89775.8866204,89775.8894483,4.553100006887689
3,529,completed,89775.9195715,89775.9213347,89775.9222175,2.646000008098781
1,529,completed,89775.9196838,89775.9214118,89775.9231806,3.4967999963555485
2,529,completed,89775.9196112,89775.9213267,89775.9237952,4.18399999034591
0,529,completed,89775.9197749,89775.9215587,89775.9243968,4.62189999234397
2,530,completed,89775.9542619,89775.9562295,89775.9570134,2.751499996520579
3,530,completed,89775.9543434,89775.9562333,89775.9577914,3.448000003118068
1,530,completed,89775.9542542,89775.9561915,89775.9586293,4.375100004835986
0,530,completed,89775.9542958,89775.9561964,89775.9592898,4.994000002625398
1,531,completed,89775.9820694,89775.9837493,89775.984906,2.8366000042296946
3,531,completed,89775.9821321,89775.9839262,89775.9857708,3.638700000010431
0,531,completed,89775.9820961,89775.9839118,89775.9864755,4.379400008474477
2,531,completed,89775.9821619,89775.9839151,89775.9871616,4.999700002372265
2,532,completed,89776.0237862,89776.0255706,89776.0266855,2.899299986893311
3,532,completed,89776.0238587,89776.0257454,89776.0273839,3.525199994328432
0,532,completed,89776.0239146,89776.0257825,89776.0280918,4.177200011326931
1,532,completed,89776.0237516,89776.025821,89776.0287936,5.041999989771284
2,533,completed,89776.0516443,89776.0535422,89776.0545043,2.8600000077858567
1,533,completed,89776.0516451,89776.053553,89776.0551573,3.5121999972034246
0,533,completed,89776.0517224,89776.053682,89776.0557974,4.074999989825301
3,533,completed,89776.0519454,89776.0537197,89776.0564399,4.494499997235835
2,534,completed,89776.0863765,89776.0879851,89776.0887668,2.390300011029467
1,534,completed,89776.0863308,89776.0879865,89776.0894343,3.103499999269843
3,534,completed,89776.0863311,89776.0879627,89776.0900141,3.683000002638437
0,534,completed,89776.0863945,89776.0880493,89776.0905896,4.1951000021072105
3,535,completed,89776.1140803,89776.1156438,89776.1164492,2.368899993598461
1,535,completed,89776.1140677,89776.1156112,89776.1170732,3.0055000097490847
0,535,completed,89776.1141433,89776.1156855,89776.1176694,3.526100001181476
2,535,completed,89776.1141058,89776.115767,89776.1183461,4.240299997036345
0,536,completed,89776.1487984,89776.1504175,89776.1513191,2.5206999998772517
2,536,completed,89776.1488306,89776.1505672,89776.151976,3.1453999981749803
3,536,completed,89776.1488519,89776.150485,89776.152597,3.7450999952852726
1,536,completed,89776.1487921,89776.1505636,89776.1531833,4.391200011014007
2,537,completed,89776.1903899,89776.1918122,89776.1927434,2.353499992750585
0,537,completed,89776.1904487,89776.1920032,89776.1933449,2.8962000069441274
1,537,completed,89776.1904387,89776.1920028,89776.1938931,3.45440000819508
3,537,completed,89776.1905364,89776.1920462,89776.1944502,3.913799999281764
2,538,completed,89776.2181846,89776.2198061,89776.2205634,2.3787999962223694
1,538,completed,89776.2181851,89776.2198057,89776.221158,2.9728999943472445
0,538,completed,89776.2182387,89776.2197124,89776.2217732,3.534499992383644
3,538,completed,89776.2182747,89776.2199133,89776.2223552,4.080500002601184
1,539,completed,89776.2529716,89776.254633,89776.2554816,2.510000005713664
2,539,completed,89776.2529313,89776.2546324,89776.2561167,3.1853999971644953
3,539,completed,89776.252938,89776.2547442,89776.2566784,3.740399988600984
0,539,completed,89776.2530154,89776.2548301,89776.2572562,4.240800000843592
0,540,completed,89776.2876318,89776.2892558,89776.2899043,2.272500001708977
2,540,completed,89776.2875954,89776.289213,89776.2904755,2.880100000766106
1,540,completed,89776.287637,89776.289233,89776.2910292,3.3922000002348796
3,540,completed,89776.2875956,89776.2892403,89776.2916151,4.0194999892264605
0,541,completed,89776.3154118,89776.3170623,89776.3182348,2.8230000025359914
3,541,completed,89776.3154316,89776.3171765,89776.3190071,3.5754999989876524
1,541,completed,89776.3155459,89776.3172171,89776.3198641,4.31820000812877
2,541,completed,89776.3154514,89776.3172267,89776.3205307,5.0792999973054975
2,542,completed,89776.3502338,89776.3521912,89776.3533494,3.1156000040937215
0,542,completed,89776.3502332,89776.3522445,89776.3541123,3.879099996993318
1,542,completed,89776.350234,89776.3521158,89776.3548848,4.650800008676015
3,542,completed,89776.3504154,89776.3522136,89776.3556674,5.252000002656132
2,543,completed,89776.3849741,89776.3866292,89776.3876981,2.7240000054007396
0,543,completed,89776.3849746,89776.3867963,89776.3883942,3.4195999905932695
1,543,completed,89776.3851143,89776.3868116,89776.3890378,3.9235000003827736
3,543,completed,89776.3854514,89776.3869757,89776.3896587,4.207300007692538
3,544,completed,89776.4197376,89776.4214629,89776.4224261,2.6885000115726143
0,544,completed,89776.4198687,89776.4215423,89776.4233184,3.4497000015107915
1,544,completed,89776.4198059,89776.4214669,89776.4240059,4.199999995762482
2,544,completed,89776.4198763,89776.4215979,89776.4246031,4.726799990748987
0,545,completed,89776.4475132,89776.4492675,89776.4503219,2.808700010064058
1,545,completed,89776.4476736,89776.4494924,89776.4511473,3.4736999950837344
3,545,completed,89776.4476488,89776.4494637,89776.4519341,4.285300004994497
2,545,completed,89776.4476094,89776.4494693,89776.4528232,5.21380000282079
2,546,completed,89776.4827033,89776.4835901,89776.4854644,2.761099996860139
0,546,completed,89776.4828405,89776.4837395,89776.4865439,3.703399997903034
3,546,completed,89776.4838242,89776.4855073,89776.4872837,3.4595000033732504
1,546,completed,89776.4846367,89776.4860871,89776.4880789,3.442200002609752
2,547,completed,89776.5237855,89776.5256732,89776.5266608,2.8752999933203682
1,547,completed,89776.5237858,89776.5257411,89776.5273614,3.5755999997491017
0,547,completed,89776.5238386,89776.525783,89776.5280303,4.1917000053217635
3,547,completed,89776.5238135,89776.5257931,89776.5286989,4.885400005150586
3,548,completed,89776.5521644,89776.5536829,89776.5563614,4.197000002022833
0,548,completed,89776.552192,89776.5549192,89776.557874,5.682000002707355
1,548,completed,89776.5536609,89776.5556438,89776.5599167,6.255800006329082
2,548,completed,89776.5537323,89776.5556965,89776.5622006,8.468300002277829
0,549,completed,89776.5863253,89776.5881445,89776.5889915,2.6662000018404797
1,549,completed,89776.5863256,89776.5880834,89776.5896559,3.3302999945590273
2,549,completed,89776.5866532,89776.5883071,89776.5903986,3.745400012121536
3,549,completed,89776.5866108,89776.5883184,89776.5910883,4.477499998756684
2,550,completed,89776.6279983,89776.6297343,89776.6309938,2.995500006363727
0,550,completed,89776.6279979,89776.6297855,89776.6317144,3.716500010341406
1,550,completed,89776.6280716,89776.6298844,89776.6324087,4.337099991971627
3,550,completed,89776.6285685,89776.630133,89776.6331015,4.532999999355525
1,551,completed,89776.6489126,89776.6505994,89776.6515232,2.61060000048019
3,551,completed,89776.648921,89776.6507404,89776.6522997,3.3786999993026257
0,551,completed,89776.6490989,89776.650817,89776.6529058,3.8069000001996756
2,551,completed,89776.6491799,89776.6507564,89776.6536097,4.429799999343231
1,552,completed,89776.6835185,89776.6850195,89776.6859546,2.436100010527298
2,552,completed,89776.6835395,89776.6852696,89776.6867343,3.194800010533072
3,552,completed,89776.683595,89776.6852522,89776.6872694,3.67440000991337
0,552,completed,89776.6835819,89776.6852623,89776.6877741,4.19220000912901
1,553,completed,89776.7181471,89776.7196412,89776.7204869,2.3398000048473477
2,553,completed,89776.7181846,89776.7197521,89776.7212032,3.018599993083626
0,553,completed,89776.7182003,89776.7198078,89776.7217264,3.526100001181476
3,553,completed,89776.7181475,89776.7198611,89776.7222285,4.081000006408431
0,554,completed,89776.7528461,89776.7543617,89776.7552267,2.380599995376542
2,554,completed,89776.7529064,89776.754484,89776.7560637,3.15730000147596
3,554,completed,89776.7528571,89776.7545709,89776.7566625,3.8054000033298507
1,554,completed,89776.7529519,89776.7545705,89776.7572575,4.305599999497645
1,555,completed,89776.7875947,89776.7890293,89776.7898994,2.3046999995131046
2,555,completed,89776.7876509,89776.7892536,89776.7904987,2.8477999876486138
0,555,completed,89776.7876329,89776.7892446,89776.7910763,3.443399997195229
3,555,completed,89776.7875941,89776.7893051,89776.7916373,4.043200009618886
1,556,completed,89776.8154454,89776.8169272,89776.8181132,2.667799999471754
2,556,completed,89776.8154392,89776.8169032,89776.8187009,3.2616999960737303
0,556,completed,89776.815481,89776.8170126,89776.8192338,3.7527999957092106
3,556,completed,89776.8154902,89776.8172982,89776.8197238,4.233600004226901
2,557,completed,89776.8501526,89776.8516478,89776.8525586,2.405999999609776
3,557,completed,89776.8501428,89776.8517108,89776.8532417,3.098899993347004
0,557,completed,89776.8502228,89776.8517389,89776.8537626,3.5398000036366284
1,557,completed,89776.8501953,89776.8517632,89776.8542444,4.049100010888651
1,558,completed,89776.8848517,89776.8863259,89776.887024,2.172299995436333
2,558,completed,89776.8848043,89776.8863367,89776.887593,2.788700003293343
3,558,completed,89776.8848038,89776.8863195,89776.8881181,3.3143000036943704
0,558,completed,89776.8848707,89776.8863535,89776.8886779,3.8072000024840236
1,559,completed,89776.9196047,89776.9211278,89776.9219888,2.3840999929234385
2,559,completed,89776.9196414,89776.9212733,89776.9226897,3.0483000009553507
3,559,completed,89776.9196573,89776.9212695,89776.9233228,3.66550000035204
0,559,completed,89776.9196062,89776.9213242,89776.9239091,4.302900008042343
3,560,completed,89776.9612464,89776.9627568,89776.9637553,2.5089000118896365
1,560,completed,89776.9612501,89776.9629192,89776.9643418,3.091700011282228
2,560,completed,89776.9613291,89776.9629627,89776.9648744,3.5453000018605962
0,560,completed,89776.9612876,89776.9630109,89776.965351,4.063400003360584
1,561,completed,89776.9823474,89776.9839012,89776.9849646,2.6171999925281852
2,561,completed,89776.9823618,89776.98416,89776.9856482,3.286400009528734
0,561,completed,89776.9825799,89776.9842341,89776.9862839,3.70400000247173
3,561,completed,89776.9828133,89776.9843481,89776.9868419,4.028600000310689
3,562,completed,89777.0168389,89777.0186253,89777.0194329,2.593999990494922
0,562,completed,89777.0168427,89777.0186674,89777.0200586,3.2158999965758994
1,562,completed,89777.0168229,89777.018661,89777.0206098,3.7869000079808757
2,562,completed,89777.016849,89777.0186457,89777.0211255,4.276499996194616
0,563,completed,89777.0515396,89777.0530896,89777.0538515,2.311899996129796
1,563,completed,89777.0514987,89777.0530448,89777.0544453,2.946599997812882
3,563,completed,89777.0515169,89777.053043,89777.055065,3.548099994077347
2,563,completed,89777.0515764,89777.0531338,89777.055599,4.022599998279475
3,564,completed,89777.0864091,89777.0880004,89777.0887898,2.3806999961379915
1,564,completed,89777.0864592,89777.0880432,89777.0894739,3.0147000070428476
2,564,completed,89777.0863798,89777.0879884,89777.0900847,3.704899994772859
0,564,completed,89777.086392,89777.0881461,89777.0906585,4.266500007361174
3,565,completed,89777.1141558,89777.1147903,89777.1156369,1.4811000000918284
2,565,completed,89777.1209519,89777.1220941,89777.1230357,2.0838000054936856
0,565,completed,89777.1209622,89777.1222801,89777.1237388,2.7765999984694645
1,565,completed,89777.1209498,89777.1222922,89777.1245539,3.6040999984834343
2,566,completed,89777.1488008,89777.1506203,89777.1513915,2.590699994470924
1,566,completed,89777.1488417,89777.1506592,89777.1521915,3.349800012074411
3,566,completed,89777.1487642,89777.1505764,89777.1528164,4.05220000538975
0,566,completed,89777.1487638,89777.1505711,89777.1534009,4.637100006220862
3,567,completed,89777.1835431,89777.1852945,89777.1862283,2.685199986444786
1,567,completed,89777.1835078,89777.185291,89777.1871231,3.6152999964542687
2,567,completed,89777.1835867,89777.1853497,89777.1878316,4.244899988407269
0,567,completed,89777.1834991,89777.185278,89777.1884991,4.999999990104698
2,568,completed,89777.2182906,89777.2199582,89777.220864,2.573400008259341
0,568,completed,89777.2183568,89777.220074,89777.2216675,3.3106999908341095
1,568,completed,89777.2182797,89777.2200973,89777.2226094,4.329700008383952
3,568,completed,89777.2183083,89777.220146,89777.2233584,5.050100007792935
3,569,completed,89777.2531376,89777.254783,89777.2558919,2.754300003289245
1,569,completed,89777.2532394,89777.2549416,89777.2567243,3.4848999930545688
0,569,completed,89777.2533248,89777.2550473,89777.2574143,4.089499998372048
2,569,completed,89777.253819,89777.2552821,89777.2580776,4.258599990862422
0,570,completed,89777.2877021,89777.289429,89777.2902663,2.564199996413663
2,570,completed,89777.2876299,89777.2893481,89777.2909484,3.318499992019497
3,570,completed,89777.2876647,89777.2894046,89777.2916191,3.954400002839975
1,570,completed,89777.287629,89777.289352,89777.2924656,4.836599997361191
2,571,completed,89777.315486,89777.3170507,89777.3178903,2.404299986665137
1,571,completed,89777.3154358,89777.3170755,89777.3186571,3.221299994038418
0,571,completed,89777.3154611,89777.3170259,89777.3192728,3.811699993093498
3,571,completed,89777.3154989,89777.3171611,89777.3198793,4.380400001537055
3,572,completed,89777.3502083,89777.3519397,89777.352736,2.5276999949710444
2,572,completed,89777.3502053,89777.3519599,89777.3533763,3.1710000039311126
1,572,completed,89777.3502204,89777.3520331,89777.3542873,4.066900000907481
0,572,completed,89777.3502154,89777.3520608,89777.3550125,4.797100002178922
2,573,completed,89777.384949,89777.3865597,89777.3874692,2.520199996070005
3,573,completed,89777.3850173,89777.3866945,89777.3881559,3.1386000046040863
0,573,completed,89777.3849362,89777.3867429,89777.3887919,3.855699993437156
1,573,completed,89777.3849503,89777.3867597,89777.3895807,4.630399998859502
3,574,completed,89777.4196136,89777.4214542,89777.4226325,3.0189000099198893
1,574,completed,89777.4196795,89777.4215987,89777.4237305,4.050999996252358
2,574,completed,89777.4195979,89777.4215755,89777.4244946,4.896699989330955
0,574,completed,89777.4197784,89777.4217611,89777.4251433,5.364900003769435
3,575,completed,89777.4474836,89777.4481684,89777.4490601,1.5764999989187345
1,575,completed,89777.454389,89777.4558634,89777.4570496,2.6605999883031473
2,575,completed,89777.4543615,89777.4558948,89777.4576497,3.2881999941309914
0,575,completed,89777.4543672,89777.4558816,89777.4582821,3.9148999931057915
0,576,completed,89777.482226,89777.4841012,89777.4851327,2.9067000141367316
3,576,completed,89777.4822244,89777.4841954,89777.4858974,3.6729999992530793
1,576,completed,89777.4822635,89777.4841757,89777.4865901,4.326599999330938
2,576,completed,89777.4822141,89777.4841715,89777.4875453,5.331199994543567
0,577,completed,89777.5238714,89777.5255659,89777.5266027,2.7313000027788803
1,577,completed,89777.5238434,89777.5255385,89777.5275471,3.703700000187382
2,577,completed,89777.5238838,89777.5257521,89777.5282564,4.372600000351667
3,577,completed,89777.5238942,89777.5257482,89777.5288758,4.981599995517172
2,578,completed,89777.5515996,89777.5536321,89777.5548292,3.229599999031052
0,578,completed,89777.5516431,89777.5536989,89777.5556525,4.009399999631569
3,578,completed,89777.5516405,89777.5537022,89777.5565245,4.884000009042211
1,578,completed,89777.5516876,89777.5537536,89777.5573248,5.637199996272102
1,579,completed,89777.5862682,89777.5880388,89777.5889052,2.6369999977760017
3,579,completed,89777.5862938,89777.5880204,89777.5895854,3.2915999909164384
2,579,completed,89777.5862868,89777.5880956,89777.5903058,4.018999999971129
0,579,completed,89777.5863362,89777.5881354,89777.5909233,4.58710000384599
3,580,completed,89777.6140416,89777.6152491,89777.6160185,1.9769000064115971
1,580,completed,89777.614045,89777.6152414,89777.6166228,2.5777999981073663
2,580,completed,89777.6140808,89777.6153105,89777.6171905,3.109699988272041
0,580,completed,89777.6278828,89777.6284604,89777.6293091,1.4262999902712181
3,581,completed,89777.655794,89777.65756,89777.6584447,2.6507000002311543
1,581,completed,89777.6558083,89777.6576122,89777.6591497,3.3414000063203275
2,581,completed,89777.6557763,89777.6575601,89777.6597462,3.9699000044493005
0,581,completed,89777.6558225,89777.6576458,89777.6602809,4.458399998839013
2,582,completed,89777.6835753,89777.6851883,89777.6859266,2.351299990550615
1,582,completed,89777.6835402,89777.6851983,89777.6865153,2.9750999965472147
3,582,completed,89777.6834942,89777.6851437,89777.6871021,3.6078999983146787
0,582,completed,89777.6835067,89777.6851655,89777.6876384,4.131699999561533
2,583,completed,89777.7182108,89777.7196703,89777.7206507,2.439899995806627
3,583,completed,89777.7182828,89777.7198637,89777.7212099,2.927100009401329
1,583,completed,89777.7182024,89777.7198786,89777.7218485,3.646099998150021
0,583,completed,89777.7182288,89777.7199161,89777.7224254,4.196599998977035
3,584,completed,89777.7528866,89777.7544507,89777.7552258,2.3392000002786517
1,584,completed,89777.7528472,89777.7543796,89777.7558817,3.034499997738749
0,584,completed,89777.7528547,89777.7545405,89777.7564587,3.603999997721985
2,584,completed,89777.7528977,89777.7546163,89777.7569596,4.061899991938844
1,585,completed,89777.7807213,89777.7823224,89777.7831871,2.465799989295192
0,585,completed,89777.780727,89777.7823726,89777.7838011,3.0740999936824664
3,585,completed,89777.7807476,89777.7824199,89777.7843466,3.599000003305264
2,585,completed,89777.7807867,89777.7824334,89777.784968,4.181300013442524
0,586,completed,89777.8155032,89777.8172602,89777.8183968,2.8935999871464446
3,586,completed,89777.8154758,89777.8173304,89777.8190797,3.6038999969605356
2,586,completed,89777.8155324,89777.817415,89777.8197225,4.190100007690489
1,586,completed,89777.8155468,89777.8174246,89777.8203232,4.776399990078062
2,587,completed,89777.8502262,89777.8516882,89777.8528399,2.613700009533204
1,587,completed,89777.8501891,89777.8520324,89777.8533982,3.20909998845309
0,587,completed,89777.8502697,89777.8520588,89777.8539,3.6303000088082626
3,587,completed,89777.8501838,89777.8521213,89777.8543867,4.202900003292598
2,588,completed,89777.8849248,89777.8865292,89777.8873304,2.4055999965639785
0,588,completed,89777.884842,89777.8864894,89777.8878676,3.025600002729334
1,588,completed,89777.8848923,89777.8865231,89777.888421,3.528699991875328
3,588,completed,89777.8848414,89777.8865036,89777.8890221,4.180700008873828
1,589,completed,89777.9195586,89777.9211415,89777.9220548,2.496200002497062
0,589,completed,89777.9196084,89777.9211689,89777.922691,3.082600000197999
2,589,completed,89777.9195684,89777.921288,89777.9234279,3.8594999932684004
3,589,completed,89777.9196226,89777.9213417,89777.9240299,4.407299988088198
2,590,completed,89777.9543374,89777.9558948,89777.9568472,2.50979998963885
0,590,completed,89777.9543526,89777.9559018,89777.9574168,3.0641999910585582
3,590,completed,89777.9543378,89777.9560403,89777.9579013,3.5635000094771385
1,590,completed,89777.9544005,89777.9560804,89777.9584089,4.008399992017075
0,591,completed,89777.982059,89777.9837864,89777.9845159,2.456899994285777
1,591,completed,89777.982059,89777.9837337,89777.9851772,3.118199994787574
3,591,completed,89777.9821183,89777.9837764,89777.9857926,3.6742999946000054
2,591,completed,89777.9821181,89777.9838614,89777.9865436,4.42549999570474
2,592,completed,89778.0168146,89778.0184706,89778.0196615,2.846899995347485
1,592,completed,89778.0168818,89778.0186736,89778.0202919,3.410100005567074
0,592,completed,89778.0168556,89778.0186752,89778.0209312,4.075599994393997
3,592,completed,89778.0168139,89778.0187163,89778.0215418,4.727899999124929
0,593,completed,89778.0515084,89778.0530458,89778.0539216,2.413199996226467
3,593,completed,89778.0515411,89778.0531586,89778.0545258,2.98470001143869
2,593,completed,89778.051507,89778.0532575,89778.0552827,3.7757000100100413
1,593,completed,89778.0515631,89778.0532774,89778.05592,4.356899997219443
1,594,completed,89778.0862071,89778.0876713,89778.0885368,2.329700000700541
3,594,completed,89778.0861783,89778.0877145,89778.0892249,3.046600002562627
2,594,completed,89778.0862338,89778.0878679,89778.0898962,3.662400005850941
0,594,completed,89778.0862556,89778.0879846,89778.0904383,4.182699994998984
1,595,completed,89778.1210182,89778.1225823,89778.1233902,2.37199998809956
0,595,completed,89778.1209667,89778.1227727,89778.1239786,3.0119000002741814
3,595,completed,89778.1210678,89778.122768,89778.1245168,3.448999996180646
2,595,completed,89778.1209667,89778.1227629,89778.1251722,4.205500008538365
0,596,completed,89778.1487915,89778.1503821,89778.1511683,2.376799995545298
3,596,completed,89778.1488021,89778.1505278,89778.1517164,2.914299999247305
1,596,completed,89778.1488909,89778.1505187,89778.1522354,3.3445000008214265
2,596,completed,89778.148794,89778.1505478,89778.1529483,4.154300011578016
2,597,completed,89778.1833977,89778.1850182,89778.18606,2.662300001247786
1,597,completed,89778.1834312,89778.1850507,89778.1867021,3.2709000079194084
3,597,completed,89778.183477,89778.1851059,89778.1873183,3.8413000002037734
0,597,completed,89778.1834321,89778.1850182,89778.187929,4.4969000009587035
1,598,completed,89778.2182062,89778.2196947,89778.2204138,2.2075999877415597
3,598,completed,89778.2182164,89778.219659,89778.2210645,2.848100004484877
0,598,completed,89778.218258,89778.2196945,89778.2216551,3.3971000084420666
2,598,completed,89778.2181851,89778.2196748,89778.2223344,4.149299988057464
0,599,completed,89778.2529049,89778.2546092,89778.2556267,2.7218000032007694
1,599,completed,89778.2529006,89778.2545903,89778.2563443,3.443699999479577
3,599,completed,89778.2530034,89778.2547503,89778.2570034,4.000000000814907
2,599,completed,89778.2529722,89778.2549094,89778.2579208,4.94859999162145
3,600,completed,89778.2807657,89778.282297,89778.2832087,2.443000004859641
2,600,completed,89778.2807835,89778.2824381,89778.2840524,3.268900007242337
0,600,completed,89778.2808104,89778.28263,89778.284681,3.8706000050297007
1,600,completed,89778.2808182,89778.2826282,89778.2852569,4.438699994352646
3,601,completed,89778.3153632,89778.3170369,89778.3179301,2.56690000242088
1,601,completed,89778.3153968,89778.317111,89778.3185267,3.129899996565655
0,601,completed,89778.3154207,89778.317243,89778.3191538,3.7330999912228435
2,601,completed,89778.3154463,89778.3172861,89778.3199212,4.474900008062832
2,602,completed,89778.3512898,89778.3522364,89778.3544946,3.2047999993665144
1,602,completed,89778.3520578,89778.3536057,89778.3553689,3.311099993879907
3,602,completed,89778.3525883,89778.3536553,89778.3561922,3.6038999969605356
0,602,completed,89778.3517052,89778.3539262,89778.3573634,5.6582000106573105
2,603,completed,89778.3849105,89778.3867644,89778.3880927,3.182200001901947
1,603,completed,89778.3849024,89778.3868275,89778.3889072,4.004800008260645
0,603,completed,89778.3849409,89778.386762,89778.3896223,4.681400008848868
3,603,completed,89778.3849921,89778.3868581,89778.3902176,5.225500004598871
1,604,completed,89778.4265087,89778.4285762,89778.4299808,3.4721000120043755
0,604,completed,89778.4265087,89778.4286093,89778.4308368,4.328100010752678
3,604,completed,89778.4265088,89778.4286561,89778.4315703,5.061500007286668
2,604,completed,89778.4270677,89778.4289879,89778.4324371,5.3693999943789095
3,605,completed,89778.44731,89778.4485037,89778.4495366,2.2266000014496967
1,605,completed,89778.447356,89778.4486599,89778.4502459,2.889900002628565
0,605,completed,89778.4473946,89778.448711,89778.4509071,3.5124999994877726
2,605,completed,89778.4541932,89778.4548706,89778.4559236,1.7304000066360459
2,606,completed,89778.4820594,89778.4837931,89778.4847172,2.6577999960863963
3,606,completed,89778.4820594,89778.4837775,89778.4853325,3.2730999955674633
1,606,completed,89778.482064,89778.4838485,89778.4859506,3.886600010446273
0,606,completed,89778.4821478,89778.4838954,89778.486524,4.376200013211928
3,607,completed,89778.5168382,89778.5184567,89778.5193591,2.5209000014001504
1,607,completed,89778.5168189,89778.5184167,89778.5199841,3.1652000034227967
2,607,completed,89778.5168021,89778.5184905,89778.5207476,3.94550000783056
0,607,completed,89778.516894,89778.5184803,89778.5212854,4.3913999979849905
3,608,completed,89778.5514387,89778.5529148,89778.5540559,2.6171999925281852
2,608,completed,89778.5514615,89778.5530202,89778.554696,3.234500007238239
0,608,completed,89778.5514854,89778.5531792,89778.555232,3.7465999921550974
1,608,completed,89778.5515108,89778.553236,89778.5557774,4.266600008122623
0,609,completed,89778.5862566,89778.5877172,89778.5885254,2.268800002639182
1,609,completed,89778.5861894,89778.5876741,89778.5892705,3.0811000033281744
2,609,completed,89778.5862186,89778.5878005,89778.5898829,3.664300005766563
3,609,completed,89778.5861988,89778.5877812,89778.5906564,4.457600007299334
2,610,completed,89778.6140229,89778.6156387,89778.6164347,2.4118000001180917
3,610,completed,89778.6140958,89778.6157261,89778.6172262,3.1304000003729016
1,610,completed,89778.6140175,89778.6156982,89778.6178105,3.7929999962216243
0,610,completed,89778.6140504,89778.6156574,89778.6183821,4.331699994509108
2,611,completed,89778.6487786,89778.6505519,89778.6515667,2.788099998724647
3,611,completed,89778.6487898,89778.6504919,89778.6523406,3.550800000084564
1,611,completed,89778.6489136,89778.6506864,89778.652964,4.050399991683662
0,611,completed,89778.6490898,89778.6507308,89778.6535159,4.426100000273436
2,612,completed,89778.6834305,89778.6850861,89778.6859153,2.484800003003329
0,612,completed,89778.6834328,89778.6850678,89778.6865952,3.1623999966541305
1,612,completed,89778.6835049,89778.6851665,89778.6871816,3.6767000128747895
3,612,completed,89778.6834916,89778.6851732,89778.6879777,4.486100006033666
3,613,completed,89778.7183047,89778.7197701,89778.7208525,2.547800002503209
1,613,completed,89778.7182732,89778.7199001,89778.7214345,3.161300002830103
2,613,completed,89778.718265,89778.7197868,89778.7220298,3.7647999997716397
0,613,completed,89778.7183664,89778.7200629,89778.7225778,4.211399995256215
3,614,completed,89778.7530314,89778.7546936,89778.7557411,2.709699998376891
2,614,completed,89778.7530091,89778.7546741,89778.7565206,3.5115000064251944
1,614,completed,89778.7530087,89778.7547445,89778.7572366,4.227899989928119
0,614,completed,89778.7531037,89778.7547784,89778.7578755,4.771799998707138
2,615,completed,89778.7807196,89778.7823627,89778.7833079,2.5882999907480553
3,615,completed,89778.7807709,89778.7824469,89778.7839967,3.2257999991998076
0,615,completed,89778.7807769,89778.7824972,89778.7846296,3.8526999996975064
1,615,completed,89778.7808041,89778.7825213,89778.7851427,4.338600003393367
3,616,completed,89778.8154264,89778.8169245,89778.8179248,2.498399990145117
0,616,completed,89778.8154443,89778.8170565,89778.8186015,3.1572000007145107
2,616,completed,89778.8154882,89778.8171429,89778.8192287,3.740500003914349
1,616,completed,89778.8155045,89778.8171101,89778.8198693,4.36479999916628
0,617,completed,89778.8502092,89778.8520739,89778.8531535,2.9442999948514625
2,617,completed,89778.8502408,89778.852027,89778.8541278,3.886999998940155
3,617,completed,89778.8502866,89778.8521469,89778.8548024,4.515799999353476
1,617,completed,89778.8502094,89778.8521291,89778.8554093,5.199899998842739
3,618,completed,89778.8850389,89778.8868936,89778.8878,2.761099996860139
2,618,completed,89778.885094,89778.886972,89778.8885196,3.4256000071763992
0,618,completed,89778.8850646,89778.8868893,89778.8891096,4.044999994221143
1,618,completed,89778.8850388,89778.8869498,89778.889705,4.666199994971976
2,619,completed,89778.919594,89778.921253,89778.9222401,2.646099994308315
3,619,completed,89778.9196053,89778.9212104,89778.9228491,3.243799990741536
0,619,completed,89778.9196901,89778.9213764,89778.9235446,3.8544999988516793
1,619,completed,89778.919701,89778.9215235,89778.9241107,4.409699991811067
1,620,completed,89778.9473432,89778.9489881,89778.9498701,2.526900003431365
0,620,completed,89778.9473835,89778.9489193,89778.9504962,3.112700011115521
2,620,completed,89778.9473996,89778.9490327,89778.9510818,3.682199996546842
3,620,completed,89778.9474212,89778.9491406,89778.9516487,4.2274999868823215
3,621,completed,89778.9820984,89778.9836264,89778.9845764,2.478000009432435
2,621,completed,89778.9820624,89778.9835573,89778.9852344,3.1719999969936907
0,621,completed,89778.9821347,89778.9837208,89778.9857941,3.659399997559376
1,621,completed,89778.9821477,89778.9837313,89778.9863468,4.1991000034613535
2,622,completed,89779.0167425,89779.0183885,89779.0192575,2.515000000130385
0,622,completed,89779.0168017,89779.0184627,89779.0199526,3.1509000109508634
3,622,completed,89779.0167529,89779.0184609,89779.0205246,3.771699994103983
1,622,completed,89779.0168041,89779.0185067,89779.020994,4.189900006167591
2,623,completed,89779.0515803,89779.0531808,89779.0543815,2.8011999966111034
1,623,completed,89779.0516043,89779.0532975,89779.0550859,3.4816000115824863
0,623,completed,89779.0516374,89779.0534081,89779.0557015,4.0640999941388145
3,623,completed,89779.0516277,89779.0534494,89779.0563241,4.696400006650947
0,624,completed,89779.079321,89779.0802411,89779.0811131,1.7920999962370843
3,624,completed,89779.0793215,89779.0802895,89779.0819704,2.6489000010769814
1,624,completed,89779.0862246,89779.0870742,89779.0879613,1.7366999963996932
2,624,completed,89779.0862275,89779.0871245,89779.0886695,2.441999997245148
0,625,completed,89779.1141043,89779.1159489,89779.1169894,2.8851000097347423
3,625,completed,89779.1141011,89779.1158987,89779.117642,3.540899997460656
2,625,completed,89779.114258,89779.1161588,89779.1182462,3.988199998275377
1,625,completed,89779.1143564,89779.1161703,89779.1187907,4.434300004504621
1,626,completed,89779.1487794,89779.1505458,89779.1520326,3.253200004110113
2,626,completed,89779.1488443,89779.1506262,89779.1528464,4.002100002253428
3,626,completed,89779.1487644,89779.1509906,89779.1534976,4.7331999958259985
0,626,completed,89779.1491226,89779.1510605,89779.1541218,4.999199998565018
3,627,completed,89779.183545,89779.1851558,89779.1860058,2.460799994878471
0,627,completed,89779.1836005,89779.1851841,89779.1866062,3.0057000112719834
2,627,completed,89779.1835583,89779.1851166,89779.1871214,3.563099991879426
1,627,completed,89779.1835443,89779.1853781,89779.187607,4.062699998030439
1,628,completed,89779.2182271,89779.2201113,89779.2210312,2.8040999895893037
0,628,completed,89779.2182271,89779.2200573,89779.2216627,3.4355999960098416
3,628,completed,89779.2182518,89779.2200615,89779.2222402,3.9883999997982755
2,628,completed,89779.2185949,89779.2202448,89779.2228428,4.247899996698834
1,629,completed,89779.2460326,89779.2477293,89779.2489213,2.888699993491173
0,629,completed,89779.2461066,89779.2478285,89779.2496468,3.5402000066824257
2,629,completed,89779.2460467,89779.247812,89779.2503422,4.295499995350838
3,629,completed,89779.2460948,89779.2479325,89779.2510394,4.944600004819222
1,630,completed,89779.2807995,89779.2824847,89779.2836472,2.8477000014390796
0,630,completed,89779.2808436,89779.2825047,89779.2844518,3.6082000005990267
3,630,completed,89779.2807991,89779.2826661,89779.2851192,4.320099993492477
2,630,completed,89779.2810633,89779.2827232,89779.2857598,4.696499992860481
0,631,completed,89779.315442,89779.3170911,89779.3179831,2.541099995141849
2,631,completed,89779.3155366,89779.3172196,89779.3185988,3.062200004933402
3,631,completed,89779.3154448,89779.3172368,89779.3191436,3.6988000065321103
1,631,completed,89779.3154716,89779.3173014,89779.319675,4.2034000070998445
1,632,completed,89779.3501822,89779.3518507,89779.3528032,2.621000006911345
0,632,completed,89779.3501654,89779.3519326,89779.3534345,3.2690999942133203
2,632,completed,89779.35018,89779.3518598,89779.3540599,3.879900003084913
3,632,completed,89779.3502662,89779.3519678,89779.3547102,4.444000005605631
3,633,completed,89779.3849406,89779.3867263,89779.3876315,2.690900000743568
1,633,completed,89779.3850043,89779.3868462,89779.388259,3.2547000009799376
0,633,completed,89779.3849287,89779.3867884,89779.3889037,3.974999999627471
2,633,completed,89779.3850148,89779.3868464,89779.3895537,4.53890000062529
3,634,completed,89779.4196263,89779.4213599,89779.4221469,2.5205999991158023
0,634,completed,89779.4196868,89779.4213408,89779.4228095,3.1226999999489635
2,634,completed,89779.4196128,89779.4213151,89779.4233756,3.762799999094568
1,634,completed,89779.4197056,89779.4214972,89779.4239168,4.211200008285232
3,635,completed,89779.4473958,89779.4490614,89779.4499144,2.518599998438731
1,635,completed,89779.4473965,89779.4491543,89779.4506387,3.242199993110262
0,635,completed,89779.4474398,89779.4491797,89779.4513885,3.9487000030931085
2,635,completed,89779.4474815,89779.4491991,89779.4520971,4.615600002580322
3,636,completed,89779.4820945,89779.4833953,89779.484465,2.3705000057816505
0,636,completed,89779.48216,89779.4837847,89779.4851515,2.991500005009584
2,636,completed,89779.4821111,89779.4839223,89779.4857286,3.617499998654239
1,636,completed,89779.4820853,89779.4839313,89779.4863128,4.227500001434237
1,637,completed,89779.5170513,89779.5188357,89779.5198434,2.79210000007879
3,637,completed,89779.5169717,89779.5187613,89779.5208723,3.900600000633858
2,637,completed,89779.5171027,89779.5188927,89779.5215364,4.433699999935925
0,637,completed,89779.5173453,89779.5189962,89779.522245,4.89969999762252
1,638,completed,89779.552318,89779.5539612,89779.5547559,2.4378999951295555
0,638,completed,89779.5523383,89779.554066,89779.5553415,3.003200006787665
2,638,completed,89779.552246,89779.5540355,89779.5559623,3.716299994266592
3,638,completed,89779.5522793,89779.5540306,89779.5568235,4.544199997326359
0,639,completed,89779.586393,89779.5882278,89779.5890649,2.671900001587346
1,639,completed,89779.5864931,89779.5882739,89779.5897615,3.26840000343509
3,639,completed,89779.5863786,89779.588216,89779.5905933,4.214700005832128
2,639,completed,89779.5863725,89779.588217,89779.591325,4.9525000067660585
0,640,completed,89779.61409,89779.6159905,89779.6169608,2.8708000027108938
2,640,completed,89779.6141921,89779.6160467,89779.6178125,3.6204000061843544
3,640,completed,89779.6140923,89779.6160028,89779.6185063,4.413999995449558
1,640,completed,89779.6141595,89779.6160269,89779.619108,4.9485000054119155
2,641,completed,89779.6488362,89779.6508215,89779.651628,2.791800012346357
3,641,completed,89779.648958,89779.6507875,89779.6523322,3.374199994141236
0,641,completed,89779.6488356,89779.6508095,89779.6530142,4.178599992883392
1,641,completed,89779.6489923,89779.6508015,89779.6536771,4.6847999910824
2,642,completed,89779.6834896,89779.685269,89779.6863635,2.873900011763908
0,642,completed,89779.6835394,89779.6853991,89779.6873246,3.785200009588152
1,642,completed,89779.6835772,89779.6854096,89779.6879313,4.354099990450777
3,642,completed,89779.6835211,89779.6856045,89779.6886662,5.1451000035740435
0,643,completed,89779.7182064,89779.7199955,89779.7212562,3.0498000123770908
3,643,completed,89779.7182384,89779.7200973,89779.7220362,3.797799989115447
2,643,completed,89779.7182126,89779.7201248,89779.7227149,4.502299998421222
1,643,completed,89779.7182632,89779.7201484,89779.7233767,5.113499995786697
3,644,completed,89779.7529511,89779.7547709,89779.7557131,2.762000003713183
1,644,completed,89779.7529302,89779.75476,89779.7563428,3.412599995499477
2,644,completed,89779.7529602,89779.7549122,89779.7569344,3.9741999935358763
0,644,completed,89779.7529784,89779.7549788,89779.7576331,4.654699994716793
3,645,completed,89779.7808654,89779.7827102,89779.7836391,2.773700005491264
1,645,completed,89779.780794,89779.7826406,89779.7843727,3.5786999942502007
2,645,completed,89779.7807868,89779.7825932,89779.7851144,4.327600006945431
0,645,completed,89779.780824,89779.78264,89779.7857879,4.963899991707876
3,646,completed,89779.8154761,89779.8172139,89779.8183746,2.8984999953536317
2,646,completed,89779.8155036,89779.8173258,89779.8192833,3.7797000113641843
0,646,completed,89779.8155536,89779.8173373,89779.8199815,4.427899999427609
1,646,completed,89779.8154914,89779.817315,89779.8206388,5.147399991983548
2,647,completed,89779.8501634,89779.8518025,89779.852725,2.5616000057198107
1,647,completed,89779.850144,89779.8517621,89779.8533733,3.229299996746704
0,647,completed,89779.8501437,89779.8519377,89779.853997,3.8533000042662024
3,647,completed,89779.8501851,89779.8520082,89779.8546979,4.512799991061911
3,648,completed,89779.8848775,89779.886688,89779.8878366,2.959100005682558
2,648,completed,89779.884883,89779.8866777,89779.8884696,3.5865999961970374
1,648,completed,89779.8849665,89779.8867397,89779.8890965,4.13000000116881
0,648,completed,89779.8849095,89779.886731,89779.8897023,4.792799998540431
2,649,completed,89779.9197419,89779.921807,89779.9227417,2.999799995450303
0,649,completed,89779.9197342,89779.92184,89779.9236924,3.9582000026712194
3,649,completed,89779.9197335,89779.9218243,89779.9246972,4.963699990184978
1,649,completed,89779.919965,89779.9219351,89779.9253779,5.412900005467236
1,650,completed,89779.9473723,89779.9493385,89779.9501845,2.8122000076109543
0,650,completed,89779.947373,89779.9493165,89779.9510295,3.6564999900292605
3,650,completed,89779.9474036,89779.9495134,89779.9519051,4.501499992329627
2,650,completed,89779.9473959,89779.9495281,89779.9525267,5.130799996550195
2,651,completed,89779.9820342,89779.9834844,89779.9842352,2.2009999956935644
0,651,completed,89779.9819967,89779.9835596,89779.9848144,2.817700005834922
3,651,completed,89779.9820878,89779.9835539,89779.9855011,3.413300000829622
1,651,completed,89779.9819965,89779.9835978,89779.9859763,3.9797999925212935
1,652,completed,89780.0167357,89780.0182779,89780.0193421,2.606399997603148
2,652,completed,89780.0167416,89780.0184528,89780.0199048,3.163200002745725
3,652,completed,89780.0167496,89780.0184239,89780.0205864,3.8367999950423837
0,652,completed,89780.0167629,89780.0184693,89780.0211174,4.3544999934965745
2,653,completed,89780.0514984,89780.0532738,89780.0541983,2.699899996514432
1,653,completed,89780.0515161,89780.0532676,89780.0547529,3.2368000101996586
3,653,completed,89780.0514947,89780.0532633,89780.0554723,3.9775999903213233
0,653,completed,89780.051567,89780.0533325,89780.0560851,4.518100002314895
2,654,completed,89780.0812406,89780.0825628,89780.0833036,2.062999992631376
1,654,completed,89780.0813345,89780.0827213,89780.0839535,2.618999991682358
3,654,completed,89780.0812491,89780.0827535,89780.0847119,3.462799999397248
0,654,completed,89780.0812587,89780.0828385,89780.0852869,4.028199997264892
0,655,completed,89780.1277116,89780.129079,89780.1297715,2.059899998130277
3,655,completed,89780.1277231,89780.1291508,89780.130531,2.8079000039724633
2,655,completed,89780.1276925,89780.1291351,89780.1311609,3.468399998382665
1,655,completed,89780.1277815,89780.1291768,89780.13173,3.9484999870182946
3,656,completed,89780.1487194,89780.1502268,89780.1512189,2.499500013072975
1,656,completed,89780.1487194,89780.1503956,89780.1517953,3.0759000073885545
0,656,completed,89780.1487837,89780.1503272,89780.1524094,3.6257000028854236
2,656,completed,89780.1487372,89780.1504699,89780.1529784,4.241200003889389
2,657,completed,89780.183469,89780.1850071,89780.1857474,2.278400002978742
3,657,completed,89780.1834149,89780.184982,89780.1864973,3.0823999986751005
0,657,completed,89780.1834767,89780.185007,89780.1870489,3.5722000029636547
1,657,completed,89780.1833998,89780.1849824,89780.1876139,4.214100001263432
2,658,completed,89780.2181873,89780.2197444,89780.2206061,2.4188000097637996
0,658,completed,89780.2182205,89780.2198754,89780.2212261,3.005599995958619
1,658,completed,89780.2181671,89780.2198718,89780.2217951,3.628000005846843
3,658,completed,89780.2182593,89780.2199589,89780.2224896,4.230299993650988
1,659,completed,89780.252851,89780.2543566,89780.2550597,2.2086999961175025
0,659,completed,89780.2528793,89780.2543942,89780.2556132,2.733900008024648
2,659,completed,89780.2528528,89780.2543561,89780.2561008,3.248000008170493
3,659,completed,89780.2529495,89780.2544622,89780.2567204,3.7708999880123883
3,660,completed,89780.2877579,89780.2895377,89780.2906247,2.8668000013567507
2,660,completed,89780.2877576,89780.28965,89780.2914304,3.6727999977301806
1,660,completed,89780.2878067,89780.289691,89780.292114,4.307299997890368
0,660,completed,89780.2877571,89780.2897734,89780.2927907,5.033599998569116
0,661,completed,89780.3154638,89780.3171862,89780.3180377,2.5738999975146726
1,661,completed,89780.3155035,89780.3172385,89780.3187001,3.196600009687245
3,661,completed,89780.315425,89780.317195,89780.3195463,4.121300007682294
2,661,completed,89780.3154258,89780.3173265,89780.3202527,4.826899996260181
0,662,completed,89780.350177,89780.3515988,89780.3525241,2.3471000022254884
2,662,completed,89780.3502478,89780.3517476,89780.3531921,2.9442999948514625
1,662,completed,89780.3501692,89780.3517149,89780.3538387,3.669500001706183
3,662,completed,89780.3502072,89780.3518978,89780.3545529,4.345699999248609
1,663,completed,89780.3918087,89780.3933253,89780.3941395,2.3307999945245683
2,663,completed,89780.3917872,89780.3933417,89780.3948032,3.0160000023897737
3,663,completed,89780.3918257,89780.3934247,89780.3955267,3.7009999941801652
0,663,completed,89780.3918691,89780.3934387,89780.3960978,4.228699996019714
0,664,completed,89780.4195924,89780.4209904,89780.4217517,2.159300012863241
1,664,completed,89780.4195218,89780.4209508,89780.422331,2.8091999993193895
2,664,completed,89780.4195466,89780.4211095,89780.4228393,3.292699999292381
3,664,completed,89780.4195359,89780.4212108,89780.4234397,3.9037999958964065
0,665,completed,89780.4473371,89780.448525,89780.4493014,1.964299997780472
3,665,completed,89780.4473447,89780.4486453,89780.4508658,3.5210999922128394
2,665,completed,89780.4473847,89780.4486665,89780.4513922,4.007499999715947
1,665,completed,89780.4541653,89780.4546775,89780.4553934,1.228099994477816
0,666,completed,89780.4821183,89780.483658,89780.4843909,2.2726000024704263
2,666,completed,89780.4821035,89780.4836945,89780.484993,2.8894999995827675
1,666,completed,89780.4821472,89780.4837036,89780.4855176,3.3703999943099916
3,666,completed,89780.4821698,89780.4837894,89780.4861623,3.992500001913868
2,667,completed,89780.5167703,89780.5183993,89780.5191367,2.366399989114143
3,667,completed,89780.5167387,89780.5183848,89780.5199766,3.237900004023686
1,667,completed,89780.5168074,89780.5184582,89780.520608,3.8006000104360282
0,667,completed,89780.516831,89780.5184626,89780.5212043,4.373300005681813
0,668,completed,89780.5515473,89780.5531089,89780.553889,2.34170000476297
3,668,completed,89780.5515118,89780.5531096,89780.5546666,3.154799996991642
2,668,completed,89780.5515183,89780.5530926,89780.5552008,3.68249999883119
1,668,completed,89780.5516172,89780.5531959,89780.5556996,4.082399987964891
2,669,completed,89780.5861703,89780.587689,89780.588436,2.265700008138083
3,669,completed,89780.5861892,89780.5877001,89780.5890508,2.861600005417131
1,669,completed,89780.5862344,89780.5877479,89780.5896017,3.3672999998088926
0,669,completed,89780.5862429,89780.587731,89780.5901563,3.9133999962359667
0,670,completed,89780.6140124,89780.6154877,89780.6163027,2.290300006279722
3,670,completed,89780.6140448,89780.6155591,89780.6168406,2.7958000137005
2,670,completed,89780.6139683,89780.6156655,89780.6173473,3.3790000015869737
1,670,completed,89780.6139685,89780.6157202,89780.6178122,3.8437000039266422
1,671,completed,89780.6487307,89780.6502841,89780.6511209,2.3901999957161024
3,671,completed,89780.6487308,89780.6503907,89780.6517216,2.9907999996794388
2,671,completed,89780.6487884,89780.6504612,89780.6522335,3.4451000101398677
0,671,completed,89780.6487684,89780.6504618,89780.6527299,3.961499998695217
3,672,completed,89780.6834251,89780.6850011,89780.6857113,2.2862000041641295
0,672,completed,89780.6833992,89780.6849077,89780.6864441,3.0449000041699037
2,672,completed,89780.6834565,89780.6850783,89780.6870403,3.5838000039802864
1,672,completed,89780.6835052,89780.685105,89780.6875657,4.060500010382384
0,673,completed,89780.718097,89780.7197226,89780.7205711,2.474099994287826
2,673,completed,89780.7180586,89780.7196944,89780.7211922,3.13359999563545
3,673,completed,89780.7180588,89780.7197077,89780.7217404,3.681599991978146
1,673,completed,89780.7180898,89780.7196959,89780.7222739,4.184100005659275
0,674,completed,89780.7529155,89780.7546577,89780.7554929,2.577400009613484
3,674,completed,89780.752916,89780.7546658,89780.7561105,3.194500008248724
1,674,completed,89780.7529565,89780.7545496,89780.7566915,3.735000005690381
2,674,completed,89780.7530148,89780.7547102,89780.757268,4.253200007951818
3,675,completed,89780.7806972,89780.7824139,89780.7832735,2.5763000012375414
1,675,completed,89780.7807162,89780.7824643,89780.783851,3.134800004772842
0,675,completed,89780.7807594,89780.7824959,89780.7844303,3.6708999978145584
2,675,completed,89780.7806828,89780.782415,89780.785055,4.37219999730587
3,676,completed,89780.8155946,89780.8173025,89780.8181893,2.594699995825067
2,676,completed,89780.8156555,89780.8173127,89780.8190272,3.371700004208833
0,676,completed,89780.8156431,89780.8173243,89780.8197799,4.136800009291619
1,676,completed,89780.8155945,89780.8173036,89780.8204176,4.823099996428937
3,677,completed,89780.8502344,89780.851735,89780.8527475,2.513100000214763
2,677,completed,89780.8502721,89780.8519823,89780.8535217,3.249600005801767
1,677,completed,89780.8503075,89780.8519666,89780.854119,3.8114999915705994
0,677,completed,89780.8503496,89780.8520826,89780.8547158,4.3661999952746555
1,678,completed,89780.8848362,89780.8864541,89780.887379,2.5428000080864877
3,678,completed,89780.8848946,89780.8866183,89780.8879383,3.0436999950325117
2,678,completed,89780.884836,89780.886595,89780.8884219,3.5859000054188073
0,678,completed,89780.8848702,89780.8866217,89780.8890347,4.164500001934357
3,679,completed,89780.9197355,89780.9215334,89780.9227325,2.9969999886816368
1,679,completed,89780.9196855,89780.9215639,89780.9235728,3.887300001224503
2,679,completed,89780.9196764,89780.9214898,89780.9243762,4.699800003436394
0,679,completed,89780.919913,89780.9217111,89780.9249879,5.074899992905557
2,680,completed,89780.9543674,89780.9559384,89780.9571687,2.8012999973725528
1,680,completed,89780.9544291,89780.9560247,89780.957874,3.4448999940650538
3,680,completed,89780.9545179,89780.9561353,89780.9585723,4.05440000758972
0,680,completed,89780.9543779,89780.9562851,89780.9591869,4.809000005479902
0,681,completed,89780.9821152,89780.9838779,89780.9847388,2.6236000121571124
1,681,completed,89780.9821591,89780.9839206,89780.9853981,3.2389999978477135
2,681,completed,89780.9821075,89780.9838735,89780.9859526,3.8450999854831025
3,681,completed,89780.9822411,89780.98396,89780.9865649,4.323799992562272
1,682,completed,89781.0167618,89781.0184037,89781.0192212,2.4593999987700954
3,682,completed,89781.016771,89781.0184322,89781.0198325,3.0614999996032566
0,682,completed,89781.0168097,89781.0184847,89781.0204808,3.671099999337457
2,682,completed,89781.0168215,89781.0185728,89781.0210273,4.205799996270798
0,683,completed,89781.05142,89781.0529073,89781.0536622,2.2422000038204715
2,683,completed,89781.0514331,89781.0530241,89781.0543864,2.953300005174242
3,683,completed,89781.0514149,89781.0529667,89781.0549406,3.5257000126875937
1,683,completed,89781.0514883,89781.0529925,89781.0554161,3.9278000040212646
1,684,completed,89781.0862676,89781.0880895,89781.0888953,2.6276999997207895
2,684,completed,89781.0863185,89781.0879617,89781.0895788,3.260299999965355
3,684,completed,89781.0862676,89781.0881184,89781.0901981,3.9305000100284815
0,684,completed,89781.0863382,89781.088157,89781.0907384,4.400200006784871
3,685,completed,89781.1140232,89781.11558,89781.116387,2.3637999984202906
2,685,completed,89781.1139783,89781.1156285,89781.1170402,3.061900002649054
0,685,completed,89781.114054,89781.1157038,89781.1189464,4.892400000244379
1,685,completed,89781.1140743,89781.1156426,89781.1199343,5.860000004759058
1,686,completed,89781.1486498,89781.1500566,89781.1508807,2.2309000050881878
3,686,completed,89781.1487024,89781.1501569,89781.1516965,2.9941000102553517
0,686,completed,89781.1486835,89781.1503447,89781.152239,3.5555000067688525
2,686,completed,89781.1486948,89781.1503395,89781.152806,4.111200003535487
2,687,completed,89781.1833918,89781.1848823,89781.1856792,2.2873999987496063
0,687,completed,89781.1834054,89781.1849125,89781.1864829,3.0774999904679134
3,687,completed,89781.183455,89781.1850001,89781.1870026,3.5475999902701005
1,687,completed,89781.183472,89781.1850019,89781.1875308,4.058799997437745
1,688,completed,89781.2181373,89781.2196538,89781.2205448,2.4074999964796007
0,688,completed,89781.2181729,89781.2197223,89781.221134,2.9611000063596293
3,688,completed,89781.2180917,89781.2197148,89781.2217119,3.6202000046614558
2,688,completed,89781.2180914,89781.2197379,89781.2222986,4.207199992379174
2,689,completed,89781.2528475,89781.2546868,89781.2555049,2.657399993040599
3,689,completed,89781.2529496,89781.2546977,89781.2561666,3.216999990399927
0,689,completed,89781.2528473,89781.2545702,89781.2567649,3.9175999991130084
1,689,completed,89781.2528684,89781.2547173,89781.2573315,4.463100005523302
0,690,completed,89781.2806845,89781.2815363,89781.2823616,1.6770999936852604
2,690,completed,89781.2806851,89781.2815516,89781.283206,2.520899986848235
1,690,completed,89781.2875543,89781.2885477,89781.2894175,1.8631999992066994
3,690,completed,89781.2875456,89781.2885885,89781.2901165,2.5708999892231077
3,691,completed,89781.3155207,89781.3169124,89781.3180055,2.484800003003329
2,691,completed,89781.3156204,89781.317166,89781.3185955,2.9750999965472147
0,691,completed,89781.3156486,89781.3172314,89781.3191741,3.525500011164695
1,691,completed,89781.3156906,89781.31728,89781.3197398,4.0492000116501
3,692,completed,89781.350066,89781.3514934,89781.3523223,2.256299994769506
1,692,completed,89781.3501261,89781.3516096,89781.3529427,2.8165999974589795
2,692,completed,89781.3500591,89781.3516644,89781.3534898,3.4307000023545697
0,692,completed,89781.3501836,89781.3517168,89781.3540288,3.845199986244552
2,693,completed,89781.3848345,89781.3864782,89781.3874801,2.6456000050529838
0,693,completed,89781.3849507,89781.386659,89781.3882128,3.2620999991195276
1,693,completed,89781.3849038,89781.3866806,89781.3888544,3.9505999884568155
3,693,completed,89781.3848345,89781.3867045,89781.3895199,4.685399995651096
1,694,completed,89781.4196044,89781.4214749,89781.4224686,2.864199996110983
2,694,completed,89781.4197605,89781.4216696,89781.4231546,3.3941000001505017
0,694,completed,89781.4196036,89781.4216654,89781.423859,4.255399995599873
3,694,completed,89781.4199072,89781.4217542,89781.4245192,4.611999989720061
3,695,completed,89781.4543524,89781.4558647,89781.4566574,2.3050000017974526
2,695,completed,89781.4542839,89781.4559858,89781.4579366,3.652699990198016
1,695,completed,89781.4542841,89781.4559384,89781.4585115,4.227400000672787
0,695,completed,89781.4543791,89781.4559389,89781.4590552,4.676099997595884
0,696,completed,89781.4820395,89781.4837005,89781.4844605,2.4209999974118546
1,696,completed,89781.4820428,89781.4837005,89781.4852701,3.2273000106215477
3,696,completed,89781.4820599,89781.4836859,89781.4858214,3.761500003747642
2,696,completed,89781.4821525,89781.4838044,89781.4863534,4.200900002615526
2,697,completed,89781.5167643,89781.5184475,89781.5191197,2.3553999926662073
3,697,completed,89781.5167834,89781.5184603,89781.5197336,2.9501999961212277
0,697,completed,89781.5167683,89781.5184612,89781.5203504,3.5820999910356477
1,697,completed,89781.5168308,89781.5185114,89781.5209189,4.088100002263673
0,698,completed,89781.551463,89781.5530147,89781.553907,2.4439999979222193
3,698,completed,89781.5514373,89781.5530972,89781.5546096,3.1722999992780387
2,698,completed,89781.5515162,89781.5530906,89781.5552409,3.7247000000206754
1,698,completed,89781.5514687,89781.5531359,89781.5557956,4.326900001615286
2,699,completed,89781.5861625,89781.5877796,89781.5884942,2.3317000013776124
3,699,completed,89781.5862346,89781.5878393,89781.5891893,2.954699986730702
1,699,completed,89781.5861869,89781.5878344,89781.5898103,3.6234000144759193
0,699,completed,89781.5862007,89781.587803,89781.5904001,4.1994000057457015
2,700,completed,89781.6208473,89781.6223127,89781.6232861,2.4388000019825995
1,700,completed,89781.6209259,89781.6224486,89781.6238131,2.887199996621348
3,700,completed,89781.6208475,89781.622512,89781.6243659,3.518400000757538
0,700,completed,89781.6208902,89781.6225447,89781.6249733,4.083099993295036
1,701,completed,89781.6487178,89781.6502017,89781.6512789,2.561100001912564
0,701,completed,89781.6488651,89781.6504711,89781.651904,3.038900002138689
2,701,completed,89781.6488999,89781.6506898,89781.652443,3.543099999660626
3,701,completed,89781.6489362,89781.6506835,89781.6529418,4.005599999800324
2,702,completed,89781.683352,89781.6848654,89781.6856633,2.311300006113015
1,702,completed,89781.683429,89781.6849522,89781.6862844,2.8554000018630177
0,702,completed,89781.6834015,89781.6849566,89781.6868109,3.4094000002369285
3,702,completed,89781.6833867,89781.6849251,89781.6873898,4.0031000098679215
1,703,completed,89781.7181664,89781.719672,89781.7205971,2.430699998512864
3,703,completed,89781.7181181,89781.7197481,89781.7211688,3.0506999901263043
2,703,completed,89781.7181181,89781.7197477,89781.7216895,3.57139999687206
0,703,completed,89781.7181916,89781.7198196,89781.7222694,4.077799996593967
2,704,completed,89781.7528568,89781.7545327,89781.7553158,2.458999995724298
3,704,completed,89781.752881,89781.7545242,89781.7559478,3.066800010856241
0,704,completed,89781.7528483,89781.7544826,89781.7565285,3.6801999958697706
1,704,completed,89781.752884,89781.7545517,89781.7570953,4.211299994494766
3,705,completed,89781.7805968,89781.782275,89781.7830634,2.4665999953867868
2,705,completed,89781.780595,89781.7823362,89781.7837138,3.11879999935627
0,705,completed,89781.7806203,89781.7823378,89781.7843279,3.707600000780076
1,705,completed,89781.7806738,89781.7822776,89781.7849206,4.246799988322891
3,706,completed,89781.8153809,89781.8168546,89781.8176857,2.304800000274554
0,706,completed,89781.8153936,89781.8168419,89781.8185992,3.205600005458109
1,706,completed,89781.8154202,89781.8170726,89781.8191158,3.6955999967176467
2,706,completed,89781.815441,89781.8170836,89781.8196517,4.210700004477985
2,707,completed,89781.8500888,89781.8518154,89781.8525047,2.415900002233684
0,707,completed,89781.8500802,89781.8516314,89781.8531866,3.1063999922480434
3,707,completed,89781.850159,89781.8518811,89781.8536833,3.524300002027303
1,707,completed,89781.8501105,89781.85186,89781.8541949,4.084400003193878
0,708,completed,89781.8847644,89781.8863777,89781.8872643,2.499900001566857
1,708,completed,89781.884732,89781.8863586,89781.8878159,3.0838999955449253
2,708,completed,89781.8847286,89781.8864904,89781.888446,3.7174000026425347
3,708,completed,89781.8847893,89781.8865179,89781.8890436,4.254299987223931
2,709,completed,89781.9264901,89781.9281567,89781.928995,2.5048999959835783
0,709,completed,89781.9265118,89781.9281256,89781.9298256,3.3137999998871237
1,709,completed,89781.9265548,89781.9282028,89781.9305464,3.991600009612739
3,709,completed,89781.9265309,89781.9281887,89781.9311927,4.661799990572035
1,710,completed,89781.9474172,89781.9489176,89781.9498505,2.4332999892067164
3,710,completed,89781.9474498,89781.9490712,89781.9505148,3.064999997150153
0,710,completed,89781.9475324,89781.9491018,89781.951054,3.5216000105720013
2,710,completed,89781.9474439,89781.9490571,89781.9516436,4.199699993478134
2,711,completed,89781.9820111,89781.9835321,89781.984378,2.3668999929213896
1,711,completed,89781.9820539,89781.9836659,89781.9849931,2.939199999673292
3,711,completed,89781.9820764,89781.9837548,89781.9855973,3.5208999906899408
0,711,completed,89781.9820025,89781.9837369,89781.9861605,4.158000010647811
2,712,completed,89782.0167189,89782.0181495,89782.0192241,2.5051999982679263
1,712,completed,89782.0167496,89782.0182832,89782.019824,3.0743999959668145
3,712,completed,89782.0167925,89782.0182588,89782.0204134,3.620899995439686
0,712,completed,89782.0167352,89782.0184249,89782.0209886,4.253399994922802
3,713,completed,89782.051552,89782.0528546,89782.0537226,2.1705999970436096
1,713,completed,89782.0514582,89782.0528034,89782.054279,2.820800000336021
0,713,completed,89782.0514692,89782.0531071,89782.0547817,3.3125000045401976
2,713,completed,89782.0514903,89782.0531698,89782.0553419,3.851600005873479
0,714,completed,89782.0861557,89782.0878062,89782.0886167,2.4609999964013696
2,714,completed,89782.0862427,89782.0878646,89782.0892397,2.997000003233552
3,714,completed,89782.0861767,89782.0878169,89782.0898289,3.6522000009426847
1,714,completed,89782.0862241,89782.0878735,89782.0903706,4.146499995840713
1,715,completed,89782.1139856,89782.1156173,89782.11645,2.464400007738732
0,715,completed,89782.1140552,89782.1157177,89782.1170177,2.962500002468005
2,715,completed,89782.1139852,89782.1157723,89782.1175195,3.5342999908607453
3,715,completed,89782.1139953,89782.1158124,89782.1180481,4.052800009958446
1,716,completed,89782.1486873,89782.1502757,89782.1510006,2.3133000067900866
2,716,completed,89782.1487148,89782.1502814,89782.1515527,2.8378999995766208
3,716,completed,89782.1486782,89782.1502403,89782.1520399,3.3617000008234754
0,716,completed,89782.1487483,89782.1503318,89782.1525066,3.7583000084850937
3,717,completed,89782.1834513,89782.185059,89782.1859652,2.5138999917544425
1,717,completed,89782.183508,89782.1851471,89782.1866149,3.10689999605529
0,717,completed,89782.1834637,89782.1852624,89782.1872212,3.757500002393499
2,717,completed,89782.1834509,89782.1852629,89782.1877916,4.3406999902799726
3,718,completed,89782.2181494,89782.2196489,89782.2204233,2.2738999978173524
0,718,completed,89782.2182303,89782.2197179,89782.2210052,2.774900000076741
2,718,completed,89782.2181492,89782.21976,89782.2215188,3.369600002770312
1,718,completed,89782.218177,89782.2198087,89782.2221065,3.929500002413988
3,719,completed,89782.2528264,89782.2542451,89782.2553014,2.47500000114087
2,719,completed,89782.2528431,89782.2544792,89782.2559271,3.08400001085829
0,719,completed,89782.2528586,89782.2545109,89782.2565604,3.70180000027176
1,719,completed,89782.2528835,89782.254509,89782.2571579,4.27440000930801
1,720,completed,89782.2806535,89782.2824774,89782.2833887,2.735200003371574
0,720,completed,89782.280664,89782.2824836,89782.2840142,3.350200000568293
3,720,completed,89782.2806808,89782.2825541,89782.284623,3.9421999972546473
2,720,completed,89782.2807505,89782.2826814,89782.2852348,4.484300006879494
0,721,completed,89782.3153881,89782.3170998,89782.3180583,2.6702000031946227
3,721,completed,89782.3154564,89782.3171186,89782.318819,3.3625999931246042
1,721,completed,89782.3153914,89782.3172083,89782.3194627,4.071300005307421
2,721,completed,89782.3156152,89782.3172511,89782.3200571,4.44190000416711
1,722,completed,89782.350117,89782.3516941,89782.3525094,2.392400012467988
3,722,completed,89782.3501257,89782.3516831,89782.3530732,2.947500004665926
0,722,completed,89782.3501422,89782.3517521,89782.353583,3.4408000065013766
2,722,completed,89782.3502063,89782.3517803,89782.3540592,3.852900001220405
2,723,completed,89782.3848344,89782.386412,89782.3871463,2.311899996129796
1,723,completed,89782.3848379,89782.386356,89782.3878046,2.9667000053450465
0,723,completed,89782.3849147,89782.3865474,89782.3883677,3.452999997534789
3,723,completed,89782.3848592,89782.3866064,89782.3889493,4.090100002940744
2,724,completed,89782.419528,89782.4212786,89782.4223082,2.78019999677781
3,724,completed,89782.4194948,89782.4212395,89782.4228907,3.39590001385659
0,724,completed,89782.4194941,89782.4212417,89782.423432,3.9378999936161563
1,724,completed,89782.4195488,89782.421275,89782.4240643,4.515499997069128
0,725,completed,89782.4542036,89782.4558306,89782.456642,2.438399998936802
1,725,completed,89782.4542862,89782.4558836,89782.457252,2.9657999984920025
2,725,completed,89782.4542167,89782.455766,89782.4577246,3.5078999935649335
3,725,completed,89782.454294,89782.455882,89782.4582498,3.9557999989483505
0,726,completed,89782.4836379,89782.4850516,89782.4857671,2.129200001945719
1,726,completed,89782.4836101,89782.4850552,89782.486353,2.742900003795512
2,726,completed,89782.483689,89782.4851147,89782.4868638,3.174800003762357
3,726,completed,89782.4836108,89782.4850607,89782.4874684,3.8575999933527783
2,727,completed,89782.5166785,89782.5182259,89782.5189939,2.3153999936766922
1,727,completed,89782.5166911,89782.5181864,89782.5195826,2.891500000259839
3,727,completed,89782.5167599,89782.5183165,89782.5200998,3.3398999948985875
0,727,completed,89782.5167441,89782.518303,89782.5206305,3.886400008923374
0,728,completed,89782.5515185,89782.5531186,89782.553911,2.392499998677522
3,728,completed,89782.5514996,89782.5531012,89782.5546284,3.1288000027416274
2,728,completed,89782.5514499,89782.5531872,89782.5552492,3.799300000537187
1,728,completed,89782.5514831,89782.5532364,89782.5558662,4.383099992992356
1,729,completed,89782.5862504,89782.5878202,89782.5885989,2.348499998333864
0,729,completed,89782.5862693,89782.5878011,89782.5892212,2.9519000090658665
3,729,completed,89782.5863221,89782.587879,89782.5898077,3.485599998384714
2,729,completed,89782.5862927,89782.5878759,89782.5903525,4.059800005052239
2,730,completed,89782.6139378,89782.6155772,89782.6164509,2.513100000214763
1,730,completed,89782.6139835,89782.6156443,89782.6171222,3.1386999908136204
0,730,completed,89782.6139458,89782.6156871,89782.6177088,3.763000000617467
3,730,completed,89782.6139991,89782.6157482,89782.618302,4.302900008042343
3,731,completed,89782.6486556,89782.6503149,89782.6509702,2.314600002137013
0,731,completed,89782.6486558,89782.6503409,89782.6515373,2.8814999968744814
1,731,completed,89782.648748,89782.6502646,89782.6520284,3.280399992945604
2,731,completed,89782.6487166,89782.6502687,89782.6525008,3.784200001973659
2,732,completed,89782.6834305,89782.6848674,89782.6857151,2.2846000065328553
0,732,completed,89782.683418,89782.6848282,89782.686316,2.8980000060983
3,732,completed,89782.683472,89782.6850334,89782.6868028,3.330799998366274
1,732,completed,89782.6834982,89782.6850948,89782.6872685,3.7702999979956076
0,733,completed,89782.7181692,89782.7198614,89782.7206817,2.512499995646067
2,733,completed,89782.7181687,89782.7198686,89782.7213308,3.1621000089216977
3,733,completed,89782.7181995,89782.7199781,89782.7218974,3.6978999996790662
1,733,completed,89782.718212,89782.7199851,89782.7224472,4.23519998730626
0,734,completed,89782.7528112,89782.7542873,89782.7550725,2.2613000037381425
3,734,completed,89782.752877,89782.7543221,89782.7557141,2.837099993485026
1,734,completed,89782.7527869,89782.7543999,89782.7563301,3.5432000004220754
2,734,completed,89782.7528558,89782.7544815,89782.7568966,4.040799991344102
1,735,completed,89782.780604,89782.7821234,89782.7862473,5.643299999064766
3,735,completed,89782.7805928,89782.7823785,89782.7870905,6.497700000181794
2,735,completed,89782.7806989,89782.7824033,89782.7879289,7.230000002891757
0,735,completed,89782.780627,89782.7824685,89782.7886821,8.055099999182858
2,736,completed,89782.815385,89782.8169988,89782.8177256,2.3406000109389424
3,736,completed,89782.8153869,89782.8169681,89782.818241,2.8541000065160915
1,736,completed,89782.815453,89782.8170697,89782.818726,3.272999994806014
0,736,completed,89782.8154682,89782.8171292,89782.8192115,3.7432999961310998
3,737,completed,89782.8501345,89782.851726,89782.8524271,2.2926000092411414
1,737,completed,89782.8500851,89782.8516856,89782.8530587,2.97359999967739
2,737,completed,89782.8501798,89782.8517319,89782.8536684,3.488599992124364
0,737,completed,89782.8500854,89782.8516854,89782.8541868,4.101400001673028
0,738,completed,89782.8847841,89782.8864007,89782.8872313,2.447200007736683
1,738,completed,89782.8847842,89782.886481,89782.8878528,3.068600010010414
2,738,completed,89782.8848341,89782.8865634,89782.8884416,3.6074999952688813
3,738,completed,89782.8848146,89782.8865475,89782.8890321,4.217500012600794
3,739,completed,89782.9194922,89782.9209669,89782.9217689,2.2767000045860186
1,739,completed,89782.919526,89782.9210388,89782.9224072,2.8812000091420487
0,739,completed,89782.9195393,89782.9211541,89782.9229301,3.390800004126504
2,739,completed,89782.9194819,89782.9211431,89782.9234228,3.940900001907721
3,740,completed,89782.9473695,89782.9486491,89782.949654,2.2844999912194908
2,740,completed,89782.9473791,89782.9486253,89782.950247,2.867899995180778
1,740,completed,89782.9474314,89782.9487084,89782.9508013,3.36990000505466
0,740,completed,89782.9541835,89782.9547904,89782.955591,1.4075000071898103
2,741,completed,89782.982167,89782.9837094,89782.9843923,2.2253000061027706
3,741,completed,89782.9821475,89782.9837347,89782.98547,3.32249999337364
1,741,completed,89782.9821001,89782.9836118,89782.9859616,3.861500008497387
0,741,completed,89782.9820989,89782.98369,89782.986563,4.46409999858588
1,742,completed,89783.0167178,89783.0182215,89783.0190769,2.3591000062879175
2,742,completed,89783.0167189,89783.0182508,89783.019714,2.9950999887660146
0,742,completed,89783.0167826,89783.0183742,89783.0204239,3.6413000052561983
3,742,completed,89783.0167465,89783.0184751,89783.0209286,4.182100004982203
1,743,completed,89783.0514209,89783.052923,89783.053816,2.3951000039232895
2,743,completed,89783.0515099,89783.0530814,89783.0543848,2.874899990274571
3,743,completed,89783.0514354,89783.0531916,89783.0548867,3.4512999991420656
0,743,completed,89783.0514516,89783.0531678,89783.0554917,4.040100000565872
3,744,completed,89783.086165,89783.0877383,89783.0888026,2.6376000023446977
0,744,completed,89783.0862742,89783.0879362,89783.0893802,3.1060000037541613
2,744,completed,89783.0861635,89783.0879978,89783.0899723,3.8088000001152977
1,744,completed,89783.0862065,89783.0880138,89783.0905167,4.310200005420484
0,745,completed,89783.1208484,89783.1222534,89783.1231645,2.3160999990068376
3,745,completed,89783.1209541,89783.1224662,89783.123727,2.7728999993996695
2,745,completed,89783.1208754,89783.1225675,89783.1242851,3.4097000025212765
1,745,completed,89783.1208804,89783.1225654,89783.1248426,3.962199989473447
1,746,completed,89783.1487589,89783.1502863,89783.1513396,2.5806999910855666
0,746,completed,89783.1487684,89783.1504943,89783.1519173,3.1488999957218766
2,746,completed,89783.1488256,89783.1505942,89783.1524273,3.6016999947605655
3,746,completed,89783.1488208,89783.1506237,89783.1529008,4.0800000133458525
0,747,completed,89783.183452,89783.1850301,89783.1859826,2.53060000250116
1,747,completed,89783.1834352,89783.1850306,89783.1866485,3.213300005882047
3,747,completed,89783.1835167,89783.1851313,89783.1872802,3.7635000044247136
2,747,completed,89783.1834349,89783.1851522,89783.1878896,4.454699999769218
2,748,completed,89783.2181137,89783.2197554,89783.2205286,2.4148999946191907
1,748,completed,89783.2180593,89783.2197221,89783.2211761,3.1168000132311136
3,748,completed,89783.2181302,89783.219777,89783.221734,3.6038000107510015
0,748,completed,89783.2180608,89783.2197308,89783.2222382,4.177399998297915
3,749,completed,89783.2528678,89783.2544217,89783.2552437,2.375900003244169
1,749,completed,89783.2528676,89783.2544434,89783.2558358,2.9682000022148713
0,749,completed,89783.2529037,89783.2545484,89783.2564291,3.5253999958513305
2,749,completed,89783.2529204,89783.2545578,89783.257022,4.1016000031959265
1,750,completed,89783.2805652,89783.2814817,89783.282195,1.62980001186952
3,750,completed,89783.280565,89783.2815052,89783.2828057,2.2407000069506466
0,750,completed,89783.28756,89783.2885231,89783.2893156,1.7556000093463808
2,750,completed,89783.2875603,89783.2885307,89783.2899142,2.3538999957963824
1,751,completed,89783.315414,89783.3170594,89783.3178107,2.3967000015545636
0,751,completed,89783.3154291,89783.3171081,89783.3184669,3.0378000083146617
3,751,completed,89783.3153985,89783.3170405,89783.3190125,3.6140000011073425
2,751,completed,89783.3155052,89783.3171516,89783.3195249,4.019700005301274
2,752,completed,89783.3500464,89783.35165,89783.3526673,2.6209000061498955
1,752,completed,89783.3500491,89783.35169,89783.3532456,3.1964999943738803
3,752,completed,89783.3501086,89783.3517575,89783.3537963,3.68769999477081
0,752,completed,89783.3501543,89783.3517694,89783.3543845,4.230199992889538
1,753,completed,89783.3847953,89783.3863088,89783.3871238,2.328500006115064
2,753,completed,89783.3848336,89783.3863577,89783.3877009,2.8673000051639974
0,753,completed,89783.3847464,89783.3864316,89783.3882639,3.5174999939044937
3,753,completed,89783.3847466,89783.3864226,89783.3888144,4.0677999932086095
0,754,completed,89783.4195232,89783.4212107,89783.4222459,2.7226999955018982
1,754,completed,89783.4195932,89783.421344,89783.4229026,3.3093999954871833
2,754,completed,89783.4195254,89783.4214445,89783.4234457,3.9203000051202253
3,754,completed,89783.4195388,89783.4214443,89783.424043,4.504200012888759
1,755,completed,89783.4542488,89783.4560154,89783.4569564,2.70759999693837
3,755,completed,89783.4542269,89783.4559749,89783.457558,3.331100000650622
0,755,completed,89783.4542722,89783.456033,89783.458187,3.914799992344342
2,755,completed,89783.454321,89783.4560934,89783.4587516,4.430600005434826
2,756,completed,89783.4820427,89783.4836486,89783.4844974,2.4547000066377223
1,756,completed,89783.482116,89783.4837192,89783.485846,3.7299999967217445
0,756,completed,89783.4820635,89783.4838129,89783.4864819,4.418399999849498
3,756,completed,89783.4821787,89783.4838167,89783.4871133,4.934600001433864
2,757,completed,89783.5168201,89783.5186474,89783.5195683,2.748200000496581
3,757,completed,89783.516796,89783.5185464,89783.5202793,3.48330000997521
1,757,completed,89783.5168394,89783.5187704,89783.5208737,4.034300000057556
0,757,completed,89783.5168487,89783.5188155,89783.521511,4.662299994379282
1,758,completed,89783.5514819,89783.553016,89783.553657,2.1751000022049993
2,758,completed,89783.5514062,89783.5529989,89783.5542308,2.8246000001672655
3,758,completed,89783.5513893,89783.5529987,89783.5547284,3.339100003358908
0,758,completed,89783.5514201,89783.5529668,89783.5552146,3.794499993091449
0,759,completed,89783.586248,89783.5884899,89783.589709,3.461000000243075
1,759,completed,89783.5862556,89783.588591,89783.5907667,4.5110999926691875
3,759,completed,89783.5862519,89783.5885588,89783.5915894,5.337500013411045
2,759,completed,89783.5862521,89783.5885644,89783.5923488,6.096700002672151
0,760,completed,89783.6139621,89783.6154933,89783.6166401,2.677999989828095
1,760,completed,89783.6139472,89783.6156298,89783.617413,3.4657999931368977
2,760,completed,89783.6141743,89783.6157763,89783.618074,3.899699993780814
3,760,completed,89783.6147092,89783.6160269,89783.6186654,3.956200001994148
2,761,completed,89783.6486626,89783.6502992,89783.651019,2.3564000002807006
1,761,completed,89783.6486172,89783.6502482,89783.6516146,2.9974000062793493
3,761,completed,89783.6486888,89783.6503456,89783.6522176,3.5287999926367775
0,761,completed,89783.6486285,89783.6502719,89783.6528017,4.173199995420873
1,762,completed,89783.6834666,89783.6850945,89783.6859916,2.5249999889638275
0,762,completed,89783.6834922,89783.685111,89783.6866077,3.115500003332272
2,762,completed,89783.6835134,89783.6852731,89783.6871937,3.68029999663122
3,762,completed,89783.6835792,89783.6853465,89783.6878136,4.23439999576658
3,763,completed,89783.7181236,89783.7197799,89783.7206805,2.5568999990355223
1,763,completed,89783.7181789,89783.7198205,89783.721305,3.1260999967344105
0,763,completed,89783.7181329,89783.7198713,89783.7218711,3.7382000009529293
2,763,completed,89783.7181137,89783.7201357,89783.722402,4.288299998734146
3,764,completed,89783.7528214,89783.7543744,89783.7551996,2.3781999916536734
0,764,completed,89783.7528726,89783.7545076,89783.7557777,2.9051000019535422
2,764,completed,89783.7527809,89783.7544986,89783.7563364,3.5554999922169372
1,764,completed,89783.7527809,89783.7544869,89783.7569835,4.20260000100825
2,765,completed,89783.7806195,89783.782322,89783.7831732,2.553700003772974
0,765,completed,89783.7806823,89783.7823687,89783.7839363,3.2539999956497923
1,765,completed,89783.7807028,89783.7824152,89783.7845768,3.8740000018151477
3,765,completed,89783.7806375,89783.7823713,89783.7851742,4.536700012977235
1,766,completed,89783.815426,89783.8169465,89783.8177402,2.3141999990912154
2,766,completed,89783.8154016,89783.8170388,89783.8183324,2.9307999939192086
0,766,completed,89783.8154101,89783.8170848,89783.818914,3.5039000067627057
3,766,completed,89783.8154881,89783.8170957,89783.8194561,3.9680000045336783
1,767,completed,89783.8500768,89783.8515902,89783.8523624,2.2855999995954335
0,767,completed,89783.8501027,89783.8516711,89783.8531054,3.0027000029804185
2,767,completed,89783.8501279,89783.851697,89783.853611,3.483099993900396
3,767,completed,89783.8500745,89783.8516752,89783.8541258,4.051299998536706
3,768,completed,89783.8849294,89783.8865068,89783.8871474,2.21800000872463
2,768,completed,89783.884936,89783.8864887,89783.8877119,2.775899993139319
0,768,completed,89783.8848986,89783.8865084,89783.8882291,3.330500010633841
1,768,completed,89783.8848984,89783.8864691,89783.8887458,3.847399988444522
3,769,completed,89783.9224753,89783.9238277,89783.924475,1.9997000053990632
2,769,completed,89783.9224045,89783.92378,89783.9251334,2.7288999990560114
0,769,completed,89783.9224108,89783.9237945,89783.9256701,3.2592999923508614
1,769,completed,89783.9224447,89783.923829,89783.9262871,3.842399994027801
1,770,completed,89783.9542267,89783.9558919,89783.9565709,2.344199994695373
0,770,completed,89783.9542587,89783.9558391,89783.9571736,2.914900003816001
2,770,completed,89783.9542924,89783.9559287,89783.9577159,3.4235000057378784
3,770,completed,89783.9542221,89783.9558343,89783.9582579,4.035799996927381
3,771,completed,89783.9820884,89783.9836778,89783.9844348,2.3464000114472583
1,771,completed,89783.9821152,89783.9836788,89783.9851184,3.003200006787665
2,771,completed,89783.98204,89783.9837771,89783.9864234,4.383399995276704
0,771,completed,89783.98204,89783.9837706,89783.9869779,4.937899997457862
0,772,completed,89784.016714,89784.0180947,89784.0188899,2.175900008296594
2,772,completed,89784.0167889,89784.0182398,89784.019422,2.633099997183308
1,772,completed,89784.0167039,89784.0182359,89784.019898,3.1941000052029267
3,772,completed,89784.0167377,89784.0183139,89784.020381,3.6432999913813546
3,773,completed,89784.0514348,89784.0528504,89784.053684,2.249199998914264
0,773,completed,89784.0514874,89784.0529233,89784.0542311,2.7437000098871067
2,773,completed,89784.0514308,89784.0530545,89784.054772,3.341200004797429
1,773,completed,89784.0514603,89784.0530551,89784.0553141,3.853799993521534
0,774,completed,89784.0862053,89784.0876365,89784.0884914,2.28610000340268
1,774,completed,89784.0861686,89784.0875676,89784.0890636,2.8949999978067353
2,774,completed,89784.0861637,89784.0877919,89784.0896789,3.5151999909430742
3,774,completed,89784.0862489,89784.0879145,89784.0902013,3.9524000021629035
2,775,completed,89784.113954,89784.1151468,89784.116162,2.2080000053392723
0,775,completed,89784.1139775,89784.1152816,89784.1167491,2.771599989500828
3,775,completed,89784.1139692,89784.11526,89784.117355,3.3857999951578677
1,775,completed,89784.1208442,89784.1214364,89784.1222056,1.3613999908557162
3,776,completed,89784.1486721,89784.1500806,89784.150994,2.3218999995151535
0,776,completed,89784.1486815,89784.1503876,89784.1517634,3.081900009419769
1,776,completed,89784.1486976,89784.1504115,89784.1523071,3.609499995945953
2,776,completed,89784.148748,89784.1504106,89784.1527955,4.047499998705462
2,777,completed,89784.1833318,89784.1847152,89784.1855987,2.2669000027235597
3,777,completed,89784.1834161,89784.1848868,89784.1863291,2.913000003900379
0,777,completed,89784.183401,89784.1849595,89784.1870329,3.6318999918876216
1,777,completed,89784.1834258,89784.1850206,89784.187592,4.1662000003270805
3,778,completed,89784.2181677,89784.2197512,89784.2204697,2.3019999935058877
1,778,completed,89784.2181503,89784.2197506,89784.2210862,2.9359000036492944
0,778,completed,89784.2181831,89784.2198149,89784.2216846,3.5014999884879217
2,778,completed,89784.2182388,89784.2197922,89784.2222076,3.968800010625273
3,779,completed,89784.2528464,89784.2543523,89784.2551023,2.255899991723709
1,779,completed,89784.2527886,89784.2544035,89784.2556813,2.892699994845316
2,779,completed,89784.2527885,89784.2544569,89784.256238,3.449499999987893
0,779,completed,89784.2528721,89784.2544115,89784.2567603,3.888200008077547
2,780,completed,89784.2875824,89784.2895111,89784.2902496,2.667200009454973
3,780,completed,89784.2875705,89784.289451,89784.2909803,3.4097999887308106
0,780,completed,89784.2876126,89784.2894961,89784.291603,3.990400000475347
1,780,completed,89784.2875539,89784.2894984,89784.2921981,4.644200002076104
3,781,completed,89784.3153967,89784.3169975,89784.3177046,2.307900009327568
2,781,completed,89784.3153682,89784.3169358,89784.3183062,2.9380000050878152
0,781,completed,89784.3154413,89784.3170717,89784.318884,3.4426999918650836
1,781,completed,89784.3154278,89784.3170679,89784.3194592,4.031400007079355
1,782,completed,89784.3500556,89784.351518,89784.3522944,2.2387999924831092
0,782,completed,89784.3500556,89784.3515103,89784.3529669,2.91129999095574
2,782,completed,89784.3501285,89784.3516297,89784.3535058,3.37730000319425
3,782,completed,89784.3501151,89784.3516191,89784.3540314,3.9163000037660822
2,783,completed,89784.384834,89784.3864755,89784.3872291,2.3951000039232895
3,783,completed,89784.3848683,89784.3864762,89784.387889,3.020700009074062
1,783,completed,89784.3847822,89784.3863742,89784.3884411,3.6589000083040446
0,783,completed,89784.3847826,89784.3865426,89784.3889711,4.1884999955073
1,784,completed,89784.4195452,89784.4210543,89784.4220101,2.4648999969940633
2,784,completed,89784.419558,89784.4212547,89784.4226209,3.0629000102635473
3,784,completed,89784.4196292,89784.4212475,89784.4231637,3.534500006935559
0,784,completed,89784.4195776,89784.4213239,89784.4236697,4.092100003617816
2,785,completed,89784.4542499,89784.4558975,89784.4565875,2.3376000026473776
3,785,completed,89784.4542729,89784.4558971,89784.4572098,2.9369000112637877
0,785,completed,89784.4543187,89784.4559359,89784.457814,3.4952999994857237
1,785,completed,89784.4543073,89784.4559208,89784.4583936,4.0863000031095
2,786,completed,89784.4888822,89784.4903738,89784.4914417,2.5594999897293746
0,786,completed,89784.4889323,89784.490382,89784.4920095,3.0772000027354807
3,786,completed,89784.488883,89784.4904475,89784.4925134,3.6303999950177968
1,786,completed,89784.4889408,89784.4905902,89784.4930901,4.14930000260938
3,787,completed,89784.5167694,89784.5182914,89784.5190927,2.323299995623529
0,787,completed,89784.5168458,89784.5184616,89784.5196329,2.7871000056620687
1,787,completed,89784.5167686,89784.5184823,89784.5201339,3.365299999131821
2,787,completed,89784.5168003,89784.5184508,89784.5206156,3.815300005953759
1,788,completed,89784.5514901,89784.5530337,89784.5539543,2.464200006215833
3,788,completed,89784.5515229,89784.5530808,89784.5545977,3.074799999012612
0,788,completed,89784.5515607,89784.5531585,89784.5551815,3.6208000092301518
2,788,completed,89784.5515774,89784.5531937,89784.5557469,4.169500010902993
2,789,completed,89784.5861478,89784.5877407,89784.588611,2.4631999986013398
0,789,completed,89784.58614,89784.5877358,89784.5892661,3.1260999967344105
1,789,completed,89784.5862041,89784.5879468,89784.5899207,3.716600011102855
3,789,completed,89784.5861908,89784.5879361,89784.5905836,4.392800008645281
3,790,completed,89784.6140388,89784.6157896,89784.6165708,2.5319999986095354
2,790,completed,89784.6140153,89784.6157776,89784.6171409,3.125599992927164
0,790,completed,89784.6140661,89784.61577,89784.6176013,3.5351999977137893
1,790,completed,89784.6141071,89784.6158672,89784.618144,4.036899990751408
0,791,completed,89784.6486464,89784.6501159,89784.6509001,2.2536999895237386
3,791,completed,89784.6487044,89784.6502009,89784.6514982,2.7937999984715134
2,791,completed,89784.6486578,89784.6503359,89784.6520197,3.361900002346374
1,791,completed,89784.6486472,89784.6503495,89784.652537,3.889800005708821
1,792,completed,89784.6833535,89784.6848618,89784.6857196,2.36610000138171
0,792,completed,89784.6834465,89784.6849329,89784.6863326,2.8861000027973205
2,792,completed,89784.6833415,89784.685032,89784.6868264,3.4848999930545688
3,792,completed,89784.6833766,89784.6850607,89784.6873128,3.936199995223433
2,793,completed,89784.7182115,89784.7198367,89784.7206631,2.451599997584708
1,793,completed,89784.7181592,89784.7198518,89784.7212218,3.0626000079791993
3,793,completed,89784.7181824,89784.7199051,89784.7217331,3.5506999993231148
0,793,completed,89784.7181728,89784.7199427,89784.7222714,4.098599994904362
3,794,completed,89784.7528606,89784.754374,89784.7552468,2.3862000089138746
1,794,completed,89784.7528443,89784.7543043,89784.75592,3.0756999913137406
0,794,completed,89784.7529073,89784.7544768,89784.7564789,3.5715999983949587
2,794,completed,89784.7529466,89784.7544812,89784.756973,4.026399998110719
1,795,completed,89784.7805595,89784.7822785,89784.7829599,2.4004000006243587
2,795,completed,89784.7806067,89784.7822233,89784.7835391,2.932399991550483
3,795,completed,89784.7806272,89784.7823096,89784.7840467,3.4195000043837354
0,795,completed,89784.7805595,89784.782296,89784.7845648,4.005299997515976
1,796,completed,89784.8153532,89784.8167798,89784.8177015,2.3482999968109652
3,796,completed,89784.8153662,89784.8169887,89784.8182776,2.911400006269105
0,796,completed,89784.8153515,89784.8169954,89784.8188299,3.4784000017680228
2,796,completed,89784.8153767,89784.8171092,89784.8193411,3.9643999916734174
2,797,completed,89784.8501015,89784.8515887,89784.8523451,2.243599999928847
1,797,completed,89784.850132,89784.851604,89784.8528998,2.7677999896695837
3,797,completed,89784.8500634,89784.8516551,89784.8534013,3.337900008773431
0,797,completed,89784.8500634,89784.8517375,89784.8539141,3.850699999020435
3,798,completed,89784.8947564,89784.8961765,89784.8968618,2.105400009895675
2,798,completed,89784.8947176,89784.8962298,89784.8975084,2.7908000047318637
1,798,completed,89784.8947174,89784.8961949,89784.8980586,3.3411999902455136
0,798,completed,89784.8948216,89784.8962324,89784.8987101,3.8884999958099797
3,799,completed,89784.9194348,89784.9210611,89784.9218393,2.404500002739951
0,799,completed,89784.9194861,89784.9211107,89784.92243,2.9439000063575804
2,799,completed,89784.9194345,89784.9212255,89784.9229423,3.5078000073553994
1,799,completed,89784.9194471,89784.9211898,89784.9234621,4.015000013168901
3,800,completed,89784.9543163,89784.9561106,89784.9570714,2.7550999948289245
0,800,completed,89784.9542765,89784.9560485,89784.9577591,3.4826000046450645
1,800,completed,89784.9542705,89784.9561498,89784.9583772,4.106699998374097
2,800,completed,89784.9543859,89784.9562358,89784.9590238,4.637899997760542
3,801,completed,89784.9820237,89784.9836697,89784.9844387,2.4150000099325553
1,801,completed,89784.9819794,89784.9836436,89784.9850932,3.1137999903876334
0,801,completed,89784.9819566,89784.9836383,89784.9856688,3.712200006702915
2,801,completed,89784.9820562,89784.9836996,89784.986181,4.12480000522919
2,802,completed,89785.0168064,89785.0183197,89785.0190527,2.2462999913841486
0,802,completed,89785.0168886,89785.0184128,89785.0195318,2.643200001330115
3,802,completed,89785.0168205,89785.0184144,89785.0200682,3.247700005886145
1,802,completed,89785.0167949,89785.0184485,89785.0206159,3.8209999911487103
1,803,completed,89785.0514362,89785.0530276,89785.0540131,2.5769000058062375
2,803,completed,89785.0514627,89785.0532142,89785.0546241,3.1614000035915524
3,803,completed,89785.0515069,89785.0531686,89785.0551944,3.6875000077998266
0,803,completed,89785.0514502,89785.0532022,89785.0557071,4.256899992469698
3,804,completed,89785.086125,89785.0875398,89785.0883421,2.217100001871586
1,804,completed,89785.0861055,89785.0875913,89785.0890753,2.9697999998461455
2,804,completed,89785.0862151,89785.0876759,89785.0895689,3.3537999988766387
0,804,completed,89785.0861571,89785.0876755,89785.0900983,3.941200004192069
0,805,completed,89785.1209051,89785.1223432,89785.1232046,2.2994999890215695
1,805,completed,89785.120926,89785.1225627,89785.1237768,2.8507999959401786
2,805,completed,89785.1209461,89785.1226163,89785.1243529,3.406800009543076
3,805,completed,89785.1209453,89785.1226004,89785.124925,3.979699991759844
1,806,completed,89785.1486829,89785.1502197,89785.1511278,2.444899990223348
3,806,completed,89785.1486345,89785.150304,89785.1517721,3.137599996989593
2,806,completed,89785.1486702,89785.1502128,89785.1523516,3.6814000050071627
0,806,completed,89785.1487008,89785.150393,89785.1529072,4.206400000839494
0,807,completed,89785.1833812,89785.1847415,89785.185794,2.412800007732585
1,807,completed,89785.1834095,89785.1848057,89785.1864379,3.028400009498
2,807,completed,89785.1834764,89785.1850436,89785.1869556,3.4792000078596175
3,807,completed,89785.1834741,89785.1850319,89785.1874367,3.9625999925192446
3,808,completed,89785.2180613,89785.2196893,89785.2205051,2.443800010951236
1,808,completed,89785.218092,89785.2196651,89785.221136,3.0439999973168597
0,808,completed,89785.218134,89785.2197019,89785.2216333,3.4993000008398667
2,808,completed,89785.2180604,89785.2195841,89785.2221626,4.102199993212707
0,809,completed,89785.25288,89785.2545883,89785.2554523,2.5722999998833984
1,809,completed,89785.2529423,89785.2547282,89785.2560202,3.077900008065626
3,809,completed,89785.2529217,89785.2547784,89785.2565254,3.603699995437637
2,809,completed,89785.252862,89785.2548079,89785.2569965,4.1345000063301995
1,810,completed,89785.280551,89785.2822107,89785.2829139,2.3628999915672466
2,810,completed,89785.2805889,89785.2822097,89785.283479,2.8901000041514635
0,810,completed,89785.2805644,89785.2822307,89785.284129,3.564600003301166
3,810,completed,89785.2805441,89785.2821983,89785.2846834,4.139299999224022
3,811,completed,89785.3154072,89785.3168992,89785.3177291,2.3218999995151535
1,811,completed,89785.3154072,89785.3169496,89785.318306,2.8987999976379797
2,811,completed,89785.3154864,89785.3170584,89785.3189027,3.416300009121187
0,811,completed,89785.3154573,89785.3171573,89785.3196085,4.1511999879730865
1,812,completed,89785.3501057,89785.3516385,89785.3525796,2.4739000073168427
0,812,completed,89785.3501463,89785.3517257,89785.353815,3.6686999956145883
3,812,completed,89785.3500907,89785.3517869,89785.3544835,4.392800008645281
2,812,completed,89785.350163,89785.3518472,89785.3551249,4.96190000558272
2,813,completed,89785.3932432,89785.3946644,89785.3953535,2.1103000035509467
3,813,completed,89785.3932659,89785.3947365,89785.3960261,2.7602000045590103
1,813,completed,89785.393237,89785.39476,89785.3966215,3.3844999998109415
0,813,completed,89785.393357,89785.3948176,89785.3973502,3.9932000072440132
0,814,completed,89785.4194363,89785.4209656,89785.4218771,2.440800002659671
1,814,completed,89785.4194369,89785.4210428,89785.4224777,3.0408000020543113
3,814,completed,89785.4194853,89785.4210382,89785.4230216,3.536300006089732
2,814,completed,89785.4194898,89785.421136,89785.4236086,4.1188000031979755
0,815,completed,89785.4543037,89785.4560454,89785.4573171,3.013399997144006
3,815,completed,89785.4543529,89785.4561282,89785.4581699,3.8170000043464825
2,815,completed,89785.4543056,89785.4561783,89785.4588053,4.49970000772737
1,815,completed,89785.4543734,89785.4562438,89785.459389,5.015599992475472
0,816,completed,89785.4820312,89785.4835125,89785.4844975,2.466300007654354
3,816,completed,89785.4819709,89785.4836837,89785.4850612,3.090300000621937
2,816,completed,89785.482052,89785.4836447,89785.4855801,3.528099987306632
1,816,completed,89785.4819711,89785.4836705,89785.486077,4.105899992282502
2,817,completed,89785.5167017,89785.518198,89785.5190185,2.3167999897850677
1,817,completed,89785.5167344,89785.5183841,89785.5195724,2.83800000033807
0,817,completed,89785.5166753,89785.5183561,89785.5201788,3.5035000037169084
3,817,completed,89785.5168053,89785.5183353,89785.5207358,3.9305000100284815
2,818,completed,89785.5514432,89785.5531228,89785.5541203,2.677099997526966
0,818,completed,89785.5514666,89785.553271,89785.554864,3.3974000107264146
1,818,completed,89785.5514413,89785.5532966,89785.5554311,3.989799995906651
3,818,completed,89785.5515247,89785.5533162,89785.5559911,4.466400001547299
0,819,completed,89785.5861407,89785.5876487,89785.588399,2.2582999954465777
1,819,completed,89785.5861291,89785.5877598,89785.5889923,2.863200003048405
3,819,completed,89785.5862094,89785.587766,89785.5894648,3.2553999917581677
2,819,completed,89785.5861677,89785.587749,89785.5899505,3.782799991313368
1,820,completed,89785.6209102,89785.6225174,89785.6234053,2.4950999941211194
0,820,completed,89785.6209332,89785.6226563,89785.6240435,3.1103000073926523
2,820,completed,89785.621012,89785.6226097,89785.6245742,3.562199999578297
3,820,completed,89785.6210406,89785.6227318,89785.625107,4.066399997100234
2,821,completed,89785.6487292,89785.6502588,89785.6510245,2.295300000696443
0,821,completed,89785.6487298,89785.6502594,89785.6515869,2.857100000255741
1,821,completed,89785.6488244,89785.6503566,89785.6520949,3.270499990321696
3,821,completed,89785.6487883,89785.6503936,89785.6525925,3.804200008744374
3,822,completed,89785.6834726,89785.6850833,89785.6859088,2.436200011288747
0,822,completed,89785.6834982,89785.6851433,89785.6865972,3.0989999941084534
2,822,completed,89785.6835409,89785.6851893,89785.6872414,3.7004999903729185
1,822,completed,89785.6834869,89785.6852609,89785.6878283,4.341399995610118
1,823,completed,89785.7181304,89785.7197957,89785.72055,2.419600001303479
2,823,completed,89785.7181309,89785.7198621,89785.7210874,2.9565000004367903
3,823,completed,89785.718194,89785.7198904,89785.7216037,3.4097000025212765
0,823,completed,89785.7181735,89785.7199072,89785.7221907,4.017200000816956
1,824,completed,89785.7528613,89785.7544641,89785.7552059,2.3445999977411702
2,824,completed,89785.7528113,89785.7545413,89785.7558083,2.997000003233552
3,824,completed,89785.7528117,89785.7545757,89785.7563534,3.5416999890003353
0,824,completed,89785.7529095,89785.754534,89785.756881,3.9714999875286594
3,825,completed,89785.7806328,89785.782066,89785.782832,2.1991999965393916
1,825,completed,89785.7806162,89785.7821317,89785.7834115,2.795299995341338
2,825,completed,89785.7805768,89785.7822242,89785.7839724,3.3955999970203266
0,825,completed,89785.7805767,89785.7822219,89785.7845499,3.973200000473298
3,826,completed,89785.8153226,89785.8172881,89785.8180812,2.758600006927736
0,826,completed,89785.8153625,89785.8172624,89785.8187186,3.3561000018380582
1,826,completed,89785.8153235,89785.8173083,89785.8192237,3.900199997588061
2,826,completed,89785.8153365,89785.8173058,89785.8198305,4.493999993428588
3,827,completed,89785.85004,89785.8515301,89785.8525749,2.5348999915877357
0,827,completed,89785.8501265,89785.8517307,89785.8532664,3.1398999999510124
1,827,completed,89785.8500802,89785.8517076,89785.853873,3.7927999946987256
2,827,completed,89785.8501053,89785.8517079,89785.8544378,4.332499986048788
0,828,completed,89785.8848064,89785.8862171,89785.8871033,2.296899998327717
1,828,completed,89785.8848338,89785.8862991,89785.8877071,2.873300007195212
2,828,completed,89785.8848722,89785.8864166,89785.8882215,3.3493000082671642
3,828,completed,89785.8848513,89785.8865397,89785.8887227,3.87139999656938
2,829,completed,89785.9194057,89785.9208495,89785.921634,2.22829999984242
1,829,completed,89785.9194606,89785.9209496,89785.922215,2.7544000040506944
3,829,completed,89785.9195037,89785.9209952,89785.9228167,3.312999993795529
0,829,completed,89785.9194411,89785.9209194,89785.9234019,3.9607999933650717
1,830,completed,89785.9472776,89785.9487322,89785.949576,2.298399995197542
3,830,completed,89785.9472875,89785.9488528,89785.9502245,2.936999997473322
2,830,completed,89785.9473288,89785.9488565,89785.9507639,3.435099992202595
0,830,completed,89785.947338,89785.949003,89785.9513668,4.028800001833588
2,831,completed,89785.982051,89785.9836132,89785.9843735,2.3225000040838495
3,831,completed,89785.9820742,89785.9835923,89785.9849755,2.901300002122298
0,831,completed,89785.9820518,89785.9835764,89785.9855133,3.4614999894984066
1,831,completed,89785.9821299,89785.9836231,89785.9860108,3.880899996147491
1,832,completed,89786.016731,89786.0184451,89786.0192718,2.540800007409416
0,832,completed,89786.016728,89786.018548,89786.0198351,3.1070999975781888
3,832,completed,89786.0167617,89786.018534,89786.0204136,3.6518999986583367
2,832,completed,89786.0167954,89786.0185553,89786.0209402,4.14479999744799
2,833,completed,89786.0514951,89786.0531561,89786.0539591,2.4640000046929345
3,833,completed,89786.0515297,89786.0532309,89786.0545026,2.9729000088991597
0,833,completed,89786.0514481,89786.053294,89786.0549936,3.545500003383495
1,833,completed,89786.0514483,89786.0532866,89786.0554898,4.041499996674247
3,834,completed,89786.0861512,89786.087622,89786.0884173,2.266099996631965
2,834,completed,89786.0862082,89786.0876782,89786.0889821,2.773900007014163
0,834,completed,89786.0861728,89786.087849,89786.0895415,3.368699995917268
1,834,completed,89786.0861387,89786.0878128,89786.0900985,3.9598000003024936
3,835,completed,89786.1139714,89786.1156334,89786.1163583,2.3868999996921048
0,835,completed,89786.1139717,89786.1156808,89786.1168827,2.910999988671392
1,835,completed,89786.1140344,89786.1157143,89786.1173809,3.346500001498498
2,835,completed,89786.114011,89786.1157306,89786.1178426,3.831599999102764
0,836,completed,89786.1487739,89786.1504447,89786.1514063,2.632400006405078
1,836,completed,89786.1487215,89786.1503735,89786.1520941,3.372600011061877
2,836,completed,89786.1487243,89786.1503726,89786.1526303,3.9059999980963767
3,836,completed,89786.1487253,89786.1505306,89786.1532924,4.56710001162719
3,837,completed,89786.1833945,89786.1849644,89786.1856942,2.2997000050963834
2,837,completed,89786.1833824,89786.1849729,89786.1862439,2.8614999901037663
0,837,completed,89786.1834273,89786.1849652,89786.1867437,3.3164000051328912
1,837,completed,89786.1834734,89786.1850421,89786.1872479,3.7745000008726493
2,838,completed,89786.2181086,89786.2195498,89786.2204056,2.2969999990891665
0,838,completed,89786.2182037,89786.2197024,89786.2209959,2.7922000008402392
1,838,completed,89786.2181315,89786.2197241,89786.2215217,3.390199999557808
3,838,completed,89786.2181408,89786.2197753,89786.2220972,3.9564000035170466
3,839,completed,89786.2528526,89786.2543624,89786.2551637,2.3111000045901164
2,839,completed,89786.2529349,89786.2544573,89786.2558544,2.91950000973884
1,839,completed,89786.2528633,89786.2544921,89786.2564753,3.612000000430271
0,839,completed,89786.2528704,89786.2545172,89786.2570223,4.151899993303232
1,840,completed,89786.2806517,89786.2823795,89786.2831186,2.4668999976711348
0,840,completed,89786.2806328,89786.2823363,89786.2836941,3.061299998080358
3,840,completed,89786.2806745,89786.2824151,89786.2841975,3.523000006680377
2,840,completed,89786.2806479,89786.282375,89786.2847358,4.087900000740774
0,841,completed,89786.3153568,89786.3168926,89786.317758,2.4012000067159534
2,841,completed,89786.3153566,89786.3170641,89786.3184115,3.0549000075552613
3,841,completed,89786.3154608,89786.3170183,89786.3189902,3.5293999972054735
1,841,completed,89786.31538,89786.3171032,89786.3195625,4.182499993476085
0,842,completed,89786.3501696,89786.3520044,89786.3528218,2.652199997100979
3,842,completed,89786.3501471,89786.352001,89786.3534097,3.262599988374859
2,842,completed,89786.3501903,89786.3520308,89786.354047,3.8567000010516495
1,842,completed,89786.3501295,89786.3519989,89786.3545487,4.419199991389178
0,843,completed,89786.3987069,89786.4002424,89786.4013414,2.6344999932916835
2,843,completed,89786.3986287,89786.4003081,89786.4020054,3.376699998625554
3,843,completed,89786.3986766,89786.4002723,89786.4025563,3.8797000015620142
1,843,completed,89786.3986697,89786.4003877,89786.403044,4.374300013296306
2,844,completed,89786.419512,89786.4209976,89786.4219745,2.4625000078231096
3,844,completed,89786.4195118,89786.421062,89786.4226113,3.0994999979157
1,844,completed,89786.4195584,89786.4212189,89786.4232448,3.686399999423884
0,844,completed,89786.4195774,89786.4212419,89786.4239811,4.403700004331768
0,845,completed,89786.4472732,89786.4489383,89786.4496631,2.3898999934317544
1,845,completed,89786.4472486,89786.4489685,89786.4501859,2.93729999975767
2,845,completed,89786.4473624,89786.4489902,89786.450677,3.3146000059787184
3,845,completed,89786.447285,89786.4490429,89786.4511889,3.903899996657856
2,846,completed,89786.4820316,89786.4836916,89786.4846154,2.583800000138581
1,846,completed,89786.4820163,89786.4837784,89786.4852328,3.2165000011445954
0,846,completed,89786.4820445,89786.4838661,89786.4858331,3.788600006373599
3,846,completed,89786.4821246,89786.4838519,89786.4863654,4.240799986291677
0,847,completed,89786.5236225,89786.5250847,89786.5261247,2.5022000045282766
3,847,completed,89786.5236114,89786.5251355,89786.5269156,3.3041999995475635
1,847,completed,89786.5236874,89786.5253605,89786.5274561,3.7687000003643334
2,847,completed,89786.523662,89786.5253631,89786.5279766,4.314599995268509
3,848,completed,89786.5513674,89786.552982,89786.5537505,2.3830999998608604
0,848,completed,89786.5513915,89786.5530665,89786.5543563,2.964799990877509
1,848,completed,89786.5514287,89786.5530593,89786.5548645,3.4357999975327402
2,848,completed,89786.5514512,89786.5530571,89786.5554775,4.026300011901185
1,849,completed,89786.586151,89786.5874929,89786.5882723,2.1212999999988824
2,849,completed,89786.5861354,89786.5874594,89786.5890862,2.9508000006899238
0,849,completed,89786.5862061,89786.5876703,89786.5897672,3.5611000057542697
3,849,completed,89786.5861894,89786.5876865,89786.5903161,4.126700005144812
0,850,completed,89786.6139612,89786.6148948,89786.6158813,1.9200999959139153
3,850,completed,89786.6139832,89786.6149514,89786.6164554,2.472199994372204
1,850,completed,89786.6208646,89786.6217234,89786.6224454,1.5808000025572255
2,850,completed,89786.6208455,89786.6217499,89786.6230814,2.235899999504909
1,851,completed,89786.6487145,89786.6502637,89786.6510191,2.304599998751655
3,851,completed,89786.64871,89786.6502871,89786.6515524,2.8424000047380105
0,851,completed,89786.6487091,89786.6502376,89786.6521834,3.4742999996524304
2,851,completed,89786.6487299,89786.6504056,89786.6526927,3.9627999940421432
0,852,completed,89786.6834777,89786.6851125,89786.6863503,2.8726000018650666
1,852,completed,89786.683438,89786.6851824,89786.6869457,3.50770000659395
2,852,completed,89786.6834445,89786.6851242,89786.6874567,4.012200006400235
3,852,completed,89786.6835136,89786.685229,89786.688057,4.54340000578668
3,853,completed,89786.7180883,89786.7198069,89786.7206603,2.5719999975990504
2,853,completed,89786.71809,89786.7198132,89786.7213545,3.2645000028423965
1,853,completed,89786.7181423,89786.7198804,89786.7218999,3.7576000031549484
0,853,completed,89786.7181985,89786.7199572,89786.7225305,4.331999996793456
2,854,completed,89786.7527518,89786.7545008,89786.7553682,2.616400000988506
0,854,completed,89786.7527262,89786.754466,89786.7559254,3.199200000381097
3,854,completed,89786.7527267,89786.7544988,89786.7565449,3.8181999989319593
1,854,completed,89786.7528028,89786.7545759,89786.757146,4.343200009316206
2,855,completed,89786.7805891,89786.7818426,89786.7825275,1.938400004291907
0,855,completed,89786.7805759,89786.7818405,89786.7830792,2.503299998352304
3,855,completed,89786.780599,89786.7818328,89786.7835845,2.9854999884264544
1,855,completed,89786.787436,89786.7879895,89786.7886961,1.2601000053109601
3,856,completed,89786.815314,89786.8168886,89786.8176856,2.371599999605678
1,856,completed,89786.8153698,89786.8169424,89786.8184178,3.0479999986710027
2,856,completed,89786.8152945,89786.8170181,89786.8189587,3.6641999904531986
0,856,completed,89786.8153273,89786.8170752,89786.8195178,4.190499996184371
2,857,completed,89786.8500175,89786.8515,89786.8523959,2.3784000077284873
3,857,completed,89786.8500206,89786.8517077,89786.8530843,3.0637000018032268
0,857,completed,89786.8500805,89786.8516689,89786.8536591,3.5786000080406666
1,857,completed,89786.8499995,89786.8517129,89786.8543854,4.385899999761023
1,858,completed,89786.8847456,89786.8861277,89786.8869781,2.232500002719462
2,858,completed,89786.8847646,89786.8862067,89786.8875467,2.7820999966934323
3,858,completed,89786.8847941,89786.8863418,89786.8880468,3.252700000302866
0,858,completed,89786.8848468,89786.8864116,89786.8885766,3.729799995198846
3,859,completed,89786.9194776,89786.9208865,89786.9218047,2.3271000100066885
2,859,completed,89786.919443,89786.9210481,89786.9224516,3.0085999896982685
0,859,completed,89786.9194744,89786.9210645,89786.9230035,3.5290999949211255
1,859,completed,89786.9194692,89786.9211119,89786.9235138,4.044599991175346
1,860,completed,89786.9541625,89786.9557029,89786.9566289,2.4664000084158033
0,860,completed,89786.9541571,89786.9557887,89786.957269,3.1119000050239265
3,860,completed,89786.9542004,89786.9558735,89786.9578824,3.6820000095758587
2,860,completed,89786.9542651,89786.9559193,89786.9584686,4.203500007861294
3,861,completed,89786.9888655,89786.9903111,89786.9912524,2.3868999996921048
2,861,completed,89786.9888798,89786.9903235,89786.9918937,3.013900000951253
1,861,completed,89786.9889394,89786.9904863,89786.9924624,3.5229999921284616
0,861,completed,89786.9888996,89786.9905383,89786.9929888,4.089200010639615
2,862,completed,89787.0167232,89787.0181572,89787.0190008,2.2776000114390627
1,862,completed,89787.016711,89787.0183784,89787.0196519,2.9408999980660155
3,862,completed,89787.0167774,89787.0183366,89787.0202596,3.482200001599267
0,862,completed,89787.0167394,89787.0184193,89787.0208299,4.090499991434626
3,863,completed,89787.0513696,89787.0527539,89787.0535672,2.1975999989081174
0,863,completed,89787.0513861,89787.0529329,89787.0542302,2.8440999885788187
2,863,completed,89787.0514464,89787.0529366,89787.054799,3.352600004291162
1,863,completed,89787.0513493,89787.052903,89787.0553578,4.008499992778525
3,864,completed,89787.0861677,89787.087877,89787.0886841,2.5163999962387607
1,864,completed,89787.0861126,89787.0878392,89787.0893239,3.2113000052049756
0,864,completed,89787.0861432,89787.0878855,89787.0899132,3.7700000102631748
2,864,completed,89787.0861129,89787.0879361,89787.0904722,4.359300000942312
3,865,completed,89787.1139982,89787.115854,89787.1166918,2.6935999921988696
1,865,completed,89787.1139626,89787.1158982,89787.1172845,3.321900003356859
2,865,completed,89787.1139824,89787.1160283,89787.1178229,3.840500008664094
0,865,completed,89787.1139623,89787.116031,89787.1183199,4.3575999879976735
3,866,completed,89787.1555886,89787.1570536,89787.1580026,2.414000002318062
1,866,completed,89787.15564,89787.157129,89787.1586528,3.0128000071272254
0,866,completed,89787.1555448,89787.1572237,89787.1591933,3.6485000018728897
2,866,completed,89787.155545,89787.1572104,89787.1597367,4.1917000053217635
0,867,completed,89787.1833291,89787.1846444,89787.1854491,2.1200000046519563
1,867,completed,89787.18333,89787.1847124,89787.1859933,2.663299994310364
3,867,completed,89787.1833876,89787.1848943,89787.1864952,3.1076000013854355
2,867,completed,89787.1833631,89787.1849457,89787.1870463,3.6831999896094203
1,868,completed,89787.2182282,89787.2198784,89787.2206484,2.420200005872175
0,868,completed,89787.218139,89787.2198097,89787.2213136,3.1746000022394583
3,868,completed,89787.2181923,89787.2198636,89787.2218861,3.693799997563474
2,868,completed,89787.2181259,89787.2198231,89787.2224258,4.299899999750778
3,869,completed,89787.2527213,89787.2542047,89787.2550326,2.311300006113015
0,869,completed,89787.252793,89787.2542708,89787.255822,3.028999999514781
1,869,completed,89787.2527225,89787.2542186,89787.256385,3.6625000066123903
2,869,completed,89787.2527723,89787.254366,89787.2569155,4.143199999816716
2,870,completed,89787.2806385,89787.2811341,89787.2818113,1.1727999954018742
3,870,completed,89787.2874631,89787.2885644,89787.2892751,1.81200000224635
1,870,completed,89787.287463,89787.2885937,89787.289861,2.39799999690149
0,870,completed,89787.2875017,89787.288628,89787.2903515,2.8498000028776005
2,871,completed,89787.3153004,89787.3167126,89787.317499,2.1985999919706956
0,871,completed,89787.3154062,89787.3168314,89787.3181915,2.785300006507896
3,871,completed,89787.3153014,89787.3169018,89787.3186722,3.370799997355789
1,871,completed,89787.3153355,89787.316925,89787.3191309,3.795399999944493
1,872,completed,89787.3499897,89787.3516304,89787.3524068,2.417099996819161
2,872,completed,89787.3500305,89787.351623,89787.3530057,2.975199997308664
3,872,completed,89787.3500732,89787.351636,89787.35362,3.546799998730421
0,872,completed,89787.3499928,89787.3516068,89787.3543053,4.312500008381903
3,873,completed,89787.3920546,89787.3937742,89787.3951015,3.046900004846975
0,873,completed,89787.3920651,89787.3938541,89787.395799,3.7339000118663535
2,873,completed,89787.3920913,89787.3938663,89787.3963833,4.291999997803941
1,873,completed,89787.3923209,89787.3939655,89787.3971067,4.785799988894723
1,874,completed,89787.4195458,89787.4210596,89787.4219115,2.365699998335913
2,874,completed,89787.4195884,89787.4211026,89787.4227304,3.1420000013895333
0,874,completed,89787.4195965,89787.4211613,89787.4234678,3.871300010359846
3,874,completed,89787.4196324,89787.4212611,89787.4240317,4.399299999931827
0,875,completed,89787.4476666,89787.4494018,89787.4503526,2.686000007088296
2,875,completed,89787.4476694,89787.4494014,89787.4510425,3.3731000003172085
3,875,completed,89787.4477645,89787.4497102,89787.4516896,3.9250999980140477
1,875,completed,89787.4485615,89787.449911,89787.4523205,3.758999999263324
2,876,completed,89787.4819652,89787.4836003,89787.4842941,2.328899994608946
3,876,completed,89787.4819775,89787.4835756,89787.4848564,2.878899991628714
1,876,completed,89787.4820083,89787.4836617,89787.4853573,3.349000005982816
0,876,completed,89787.4820648,89787.4836759,89787.4858589,3.794100004597567
2,877,completed,89787.5167197,89787.5183232,89787.5190926,2.3729000095045194
1,877,completed,89787.5167588,89787.5183865,89787.5196689,2.9100999963702634
3,877,completed,89787.5167768,89787.518361,89787.5202736,3.4968000109074637
0,877,completed,89787.5167179,89787.5183778,89787.5208807,4.1628000035416335
3,878,completed,89787.55146,89787.5532545,89787.5540615,2.6015000039478764
1,878,completed,89787.5514978,89787.5533075,89787.5547705,3.272700007073581
0,878,completed,89787.5515183,89787.5532895,89787.5554028,3.884500009007752
2,878,completed,89787.5515249,89787.5533545,89787.5560634,4.538499997579493
1,879,completed,89787.58617,89787.5876368,89787.5884664,2.2964000090723857
2,879,completed,89787.5861564,89787.587603,89787.5891148,2.9584000003524125
3,879,completed,89787.5861994,89787.587835,89787.5896789,3.4794999955920503
0,879,completed,89787.5862145,89787.5878427,89787.5901977,3.9832000038586557
0,880,completed,89787.6140993,89787.6158791,89787.6166039,2.5045999936992303
3,880,completed,89787.6140954,89787.6159092,89787.6172765,3.1810999935260043
1,880,completed,89787.6140569,89787.6158522,89787.6179748,3.9179000013973564
2,880,completed,89787.6140503,89787.6158448,89787.6186062,4.55589999910444
2,881,completed,89787.6486318,89787.6504705,89787.6512996,2.667799999471754
3,881,completed,89787.6486752,89787.6503945,89787.6518936,3.2184000010602176
1,881,completed,89787.6486196,89787.6505642,89787.6524729,3.853299989714287
0,881,completed,89787.6486055,89787.6505847,89787.6530875,4.482000003918074
1,882,completed,89787.6834192,89787.6850563,89787.6859201,2.5009000091813505
2,882,completed,89787.6834197,89787.6850633,89787.686603,3.1832999957259744
3,882,completed,89787.6836186,89787.6852,89787.6872223,3.603699995437637
0,882,completed,89787.6835104,89787.685195,89787.6878546,4.344199987826869
1,883,completed,89787.7181802,89787.7198448,89787.7206856,2.505399999790825
2,883,completed,89787.718153,89787.7198456,89787.7212542,3.101200010860339
0,883,completed,89787.7181018,89787.7199288,89787.7218065,3.7047000078018755
3,883,completed,89787.7181017,89787.7199661,89787.7222917,4.19000000692904
0,884,completed,89787.7527791,89787.7543836,89787.7552385,2.4593999987700954
3,884,completed,89787.7528016,89787.7544479,89787.7559141,3.1124999950407073
1,884,completed,89787.7528209,89787.7544664,89787.7565193,3.698400003486313
2,884,completed,89787.752885,89787.7545595,89787.7571137,4.228700010571629
3,885,completed,89787.78073,89787.7823017,89787.7831562,2.4262000079033896
1,885,completed,89787.7806667,89787.7822878,89787.78377,3.1032999977469444
0,885,completed,89787.7809674,89787.7825006,89787.7842929,3.3255000016652048
2,885,completed,89787.7808388,89787.7824621,89787.784783,3.944199997931719
3,886,completed,89787.8153805,89787.8171007,89787.81807,2.6894999900832772
0,886,completed,89787.8154553,89787.8172157,89787.8190987,3.643399992142804
1,886,completed,89787.8153772,89787.8171539,89787.8196628,4.285600007278845
2,886,completed,89787.8153881,89787.8171579,89787.8201972,4.809099991689436
2,887,completed,89787.8500275,89787.8514396,89787.8524515,2.4240000057034194
0,887,completed,89787.8500456,89787.8515131,89787.8534884,3.442799992626533
3,887,completed,89787.850103,89787.8517182,89787.8540854,3.982399997767061
1,887,completed,89787.8501393,89787.8517527,89787.8546506,4.511299994192086
0,888,completed,89787.8848463,89787.8864664,89787.8876659,2.819599991198629
1,888,completed,89787.8847608,89787.8863792,89787.8883493,3.5884999961126596
3,888,completed,89787.8847772,89787.8864807,89787.8888837,4.106499996851198
2,888,completed,89787.8847905,89787.8866152,89787.8894749,4.684400002588518
3,889,completed,89787.9194609,89787.9209596,89787.9216742,2.2133000020403415
2,889,completed,89787.9194352,89787.920949,89787.9223066,2.8713999927276745
0,889,completed,89787.9194697,89787.9210151,89787.9230447,3.5749999951804057
1,889,completed,89787.9195056,89787.9210362,89787.9236669,4.161299992119893
2,890,completed,89787.9472534,89787.9486512,89787.9495746,2.3212000087369233
3,890,completed,89787.9473763,89787.9488446,89787.9502517,2.8753999940818176
0,890,completed,89787.9472648,89787.9488277,89787.9509843,3.7195000040810555
1,890,completed,89787.9472707,89787.9487964,89787.9515254,4.254700004821643
2,891,completed,89787.9820197,89787.9838114,89787.9849841,2.964400002383627
0,891,completed,89787.9820547,89787.9839225,89787.9859081,3.853400005027652
3,891,completed,89787.9819925,89787.9838935,89787.986491,4.498499998589978
1,891,completed,89787.9821369,89787.9839802,89787.9871547,5.017799994675443
2,892,completed,89788.0249673,89788.0260726,89788.0272721,2.3047999857226387
0,892,completed,89788.0249571,89788.0262414,89788.0281224,3.165300004184246
3,892,completed,89788.0253962,89788.0265726,89788.028732,3.3358000073349103
1,892,completed,89788.0253919,89788.026567,89788.0292999,3.907999998773448
1,893,completed,89788.0514281,89788.0531805,89788.0539291,2.5009999953908846
2,893,completed,89788.0514956,89788.0531333,89788.0544826,2.9869999998481944
3,893,completed,89788.0514286,89788.0532036,89788.0550297,3.6011000047437847
0,893,completed,89788.051502,89788.0531942,89788.0557235,4.221499999403022
2,894,completed,89788.0860328,89788.0875456,89788.0884549,2.4221000057877973
3,894,completed,89788.0860331,89788.0875256,89788.0890179,2.9847999976482242
1,894,completed,89788.0860862,89788.0876605,89788.0895192,3.4330000053159893
0,894,completed,89788.0860657,89788.087636,89788.090171,4.105300002265722
3,895,completed,89788.1208753,89788.1224109,89788.1232195,2.344200009247288
1,895,completed,89788.1208407,89788.1223189,89788.1238628,3.0221000051824376
2,895,completed,89788.1208401,89788.1225228,89788.1244771,3.6370000016177073
0,895,completed,89788.1208842,89788.1225785,89788.1251134,4.22919999982696
1,896,completed,89788.1485992,89788.1500782,89788.1510205,2.4212999996962026
2,896,completed,89788.1486242,89788.1501956,89788.1516959,3.071700004511513
0,896,completed,89788.148643,89788.1502432,89788.1523554,3.7124000082258135
3,896,completed,89788.1485995,89788.1504255,89788.1532803,4.680800004280172
0,897,completed,89788.1833588,89788.1848579,89788.1857311,2.3723000049358234
2,897,completed,89788.1833477,89788.1849955,89788.1864283,3.0805999995209277
3,897,completed,89788.1834553,89788.1850098,89788.187036,3.5807000094791874
1,897,completed,89788.1833911,89788.1850558,89788.1876112,4.220100003294647
0,898,completed,89788.218081,89788.2196361,89788.2204239,2.3428999993484467
1,898,completed,89788.2180649,89788.2196086,89788.2209745,2.909600007114932
2,898,completed,89788.2181134,89788.2197965,89788.221567,3.453600002103485
3,898,completed,89788.2181265,89788.2198144,89788.2221381,4.011600001831539
2,899,completed,89788.2527746,89788.2543313,89788.2553854,2.6108000020030886
1,899,completed,89788.2527747,89788.254314,89788.2559976,3.2229000062216073
0,899,completed,89788.2528287,89788.2544191,89788.2565778,3.7490999966394156
3,899,completed,89788.2528159,89788.2544156,89788.2571526,4.3366999889258295
